BAM 5.2 *RELAX01-V03* VH5204_G_15.lis
-------------------------------------

Versuchsbezeichnung                 				RELAX-Versuch
Versuchs-Datum                      				04.04.2023
Projekt                             				VH5204
Werkstoff                           				CuNi6Sn4
Bearbeiter                          				NN
Prüfmaschine                        				M33
Probenbezeichnung                   				G_15
Probenform                          				ZUG 005.004
Probenquerschnitt                   			mm²	19,695
Prüftemperatur                      			°C	100
Prüfgeschwindigkeit 1               			%/s	0,025
Anfangsmesslänge                    			mm	25
Steigung des elastischen Teils (mE)    			GPa	59,6
Dehngrenze (Rp0,2)                  			MPa	206
Anfangsdehnung                      			%	1,01
Anfangsspannung                     			MPa	249
Belastungszeit t                    			s	86400
Restspannung                        			MPa	235
-



-
[Daten]
Zeit	Weg	Kraft	Dehnung	Spannung
sec	mm	kN	%	MPa
-38,49023438	0	0,249955414	0,0186231439316902	12,69131322
-38,31835938	0,006616116	0,300080017	0,0229124129316902	15,23635527
-38,11328125	0,012904406	0,350448334	0,0284695369316902	17,79377171
-37,93066406	0,019282103	0,400627655	0,0325001939316902	20,34159203
-37,76464844	0,025242567	0,450683197	0,0368368069316902	22,88312755
-37,58398438	0,031262636	0,500897797	0,0416000199316902	25,4327391
-37,40527344	0,036984682	0,55091394	0,0459940349316902	27,9722742
-37,22460938	0,042676926	0,600980652	0,0503716579316902	30,51437684
-37,046875	0,048488379	0,65123175	0,0549430789316902	33,06584161
-36,8828125	0,053852797	0,701341064	0,0590458109316902	35,61010736
-36,70800781	0,059217215	0,751423828	0,0636822339316902	38,15302504
-36,52734375	0,064611435	0,801565796	0,0679533609316902	40,69894876
-36,35449219	0,069916248	0,85191571	0,0724930349316902	43,25543084
-36,18066406	0,075012445	0,902124817	0,0769751119316902	45,80476349
-36,00488281	0,08007884	0,952168213	0,0811045209316902	48,3456823
-35,83300781	0,085115433	1,002241638	0,0853345939316902	50,88812583
-35,66503906	0,090122223	1,05232605	0,0896817399316902	53,43112718
-35,49804688	0,095129013	1,102577759	0,0939825119316902	55,98262294
-35,33203125	0,099778175	1,152686646	0,0982325209316902	58,526867
-35,15527344	0,104606152	1,202797485	0,10237884393169	61,07121022
-34,99316406	0,109314919	1,252927734	0,10652060493169	63,61653894
-34,83105469	0,114023685	1,303146851	0,11068991493169	66,16637982
-34,65039063	0,118881464	1,353272827	0,11516172993169	68,7114916
-34,47558594	0,123620033	1,403286621	0,11944299593169	71,25090739
-34,30859375	0,128090382	1,453504639	0,12385394993169	73,80069249
-34,13476563	0,132799149	1,503714966	0,12821101393169	76,35008712
-33,96777344	0,137358904	1,553969604	0,13225081193169	78,90173163
-33,80078125	0,141888857	1,604038452	0,13643467393169	81,44394273
-33,63378906	0,146389008	1,654398071	0,14069928193169	84,00091756
-33,45703125	0,151067972	1,704662109	0,14512362293169	86,55303932
-33,29296875	0,155389309	1,754714233	0,14917712293169	89,09440129
-33,12011719	0,15988946	1,805056885	0,15362288393169	91,65051459
-32,94335938	0,164568424	1,855344971	0,15812634093169	94,20385736
-32,77148438	0,168889761	1,905461914	0,16234130893169	96,74851049
-32,60058594	0,173181295	1,955642822	0,16653193493169	99,29641139
-32,42578125	0,177651644	2,005935913	0,17106347093169	101,8500083
-32,25097656	0,182121992	2,056345215	0,17534483093169	104,4095057
-32,08007813	0,18632412	2,106499023	0,17961833193169	106,9560306
-31,90820313	0,190645456	2,156746338	0,18386972693169	109,5073033
-31,74023438	0,194877386	2,20682251	0,18816091193169	112,0498863
-31,5625	0,199109316	2,25705542	0,19246492593169	114,6004275
-31,39355469	0,20340085	2,307324707	0,19672560993169	117,1528158
-31,2265625	0,207722187	2,357548096	0,20099135893169	119,7028736
-31,05761719	0,211924314	2,40762915	0,20505304293169	122,2457045
-30,890625	0,216126442	2,457709717	0,20941262193169	124,7885106
-30,71972656	0,220417976	2,507825928	0,21367544893169	127,3331266
-30,54394531	0,224590302	2,558047363	0,21806661093169	129,8830852
-30,359375	0,228881836	2,608081787	0,22282953493169	132,4235485
-30,16601563	0,23329258	2,658118896	0,22764812793169	134,9641481
-29,9765625	0,237554312	2,708232178	0,23225768493169	137,5086153
-29,78125	0,241965055	2,758274658	0,23723499893169	140,0494876
-29,578125	0,246435404	2,808524414	0,24248388693169	142,6008842
-29,36328125	0,250995159	2,85879248	0,24774846693169	145,1532105
-29,13867188	0,255793333	2,908907959	0,25354983793169	147,6977892
-28,85742188	0,260919333	2,95894043	0,26052283693169	150,2381533
-28,7421875	0,262975693	2,980187256	0,26340860993169	151,3169462
-28,57324219	0,266104937	3,009013184	0,26787788693169	152,7805628
-28,25390625	0,271350145	3,059115967	0,27588591093169	155,3244969
-27,87695313	0,277221203	3,109369873	0,28501636393169	157,8761042
-27,47851563	0,283241272	3,159591309	0,29535520893169	160,4260629
-27,07226563	0,289201736	3,209649658	0,30570017693169	162,967741
-26,61816406	0,295490026	3,259689453	0,31681055293169	165,5084769
-26,15136719	0,30195713	3,309785156	0,32866796593169	168,0520516
-25,66796875	0,308483839	3,359869629	0,34062693893169	170,5950561
-25,18847656	0,31504035	3,409905273	0,35277164193169	173,1355813
-24,67089844	0,321805477	3,460051025	0,36561534793169	175,6816972
-24,1328125	0,328749418	3,510056396	0,37919016593169	178,2206853
-23,63671875	0,33557415	3,560076904	0,39150101693169	180,760442
-23,08496094	0,342905521	3,610082031	0,40531767593169	183,2994177
-22,50097656	0,350385904	3,660299316	0,41981138393169	185,8491656
-21,93359375	0,357568264	3,710302979	0,43407971093169	188,3880669
-21,33691406	0,365078449	3,760356445	0,44892657593169	190,9294971
-20,77832031	0,37252903	3,810552246	0,46291261993169	193,4781542
-20,1328125	0,380724669	3,860640381	0,47916512993169	196,0213445
-19,50488281	0,388622284	3,910706543	0,49486550593169	198,5634193
-18,83789063	0,396877527	3,960783691	0,51154693693169	201,1060519
-18,7421875	0,398099422	3,967842773	0,51384292593169	201,4644719
-18,17578125	0,405102968	4,010785156	0,52799814493169	203,6448416
-17,453125	0,413835049	4,060896973	0,54609201893169	206,1892345
-16,76855469	0,422358513	4,110918945	0,56323552593169	208,7290655
-16	0,431478024	4,160986816	0,58241122493169	211,271227
-15,20703125	0,441074371	4,21107373	0,60229617193169	213,8143554
-14,43261719	0,450521708	4,261135742	0,62174330493169	216,3562195
-13,60449219	0,460207462	4,311157715	0,64236069193169	218,8960505
-12,70117188	0,470727682	4,361166016	0,66497399493169	221,4351874
-11,84472656	0,481039286	4,411186523	0,68643702293169	223,9749441
-10,88671875	0,491946936	4,461192871	0,71029257093169	226,5139818
-9,901367188	0,503242016	4,511304199	0,73500242193169	229,0583498
-8,895507813	0,514656305	4,561344727	0,76024577993169	231,599123
-8,7421875	0,516325235	4,567858887	0,76397158293169	231,9298749
-7,78515625	0,527083874	4,611449219	0,78777269493169	234,1431439
-6,668945313	0,539541245	4,661568848	0,81587013893169	236,6879334
-5,497070313	0,552803278	4,711749512	0,84516926693169	239,2358219
-4,237304688	0,56669116	4,761818359	0,87664107893169	241,778033
-2,890625	0,581353903	4,811897461	0,91034554993169	244,3207647
-1,501953125	0,59658289	4,862153809	0,94498134293169	246,872496
0	0,612735748	4,912303711	0,98253478393169	249,4188226
1,2578125	0,621050596	4,898916504	1,00792720093169	248,7390964
2,263671875	0,619769096	4,862179199	1,00788193793169	246,8737852
6,774414063	0,618010759	4,812107422	1,00782894593169	244,3314253
11,2578125	0,617265701	4,79424707	1,00770815393169	243,4245783
21,2578125	0,617772341	4,787006348	1,00779132093169	243,0569357
31,2578125	0,617831945	4,780065918	1,00788398693169	242,7045401
41,2578125	0,617027283	4,76975	1,00787839893169	242,1807565
41,69433594	0,616461039	4,762081543	1,00772184393169	241,7913959
51,2578125	0,617027283	4,765437988	1,00773683793169	241,9618171
61,2578125	0,617176294	4,762271484	1,00772752493169	241,8010401
71,2578125	0,616759062	4,756202637	1,00775751393169	241,4928985
81,2578125	0,616431236	4,753151855	1,00775043593169	241,3379972
91,2578125	0,616669655	4,752287598	1,00773013293169	241,2941151
101,2578125	0,616043806	4,745220215	1,00788212493169	240,9352737
111,2578125	0,616461039	4,747217773	1,00794619993169	241,0366983
121,2578125	0,616192818	4,743945313	1,00779811893169	240,8705414
131,2578125	0,616252422	4,745449707	1,00762545193169	240,946926
141,2578125	0,616461039	4,746358398	1,00775490593169	240,9930642
151,2578125	0,616133213	4,743762207	1,00773693093169	240,8612443
161,2578125	0,616371632	4,742623535	1,00786871393169	240,8034291
171,2578125	0,616371632	4,744430176	1,00770358993169	240,89516
181,2578125	0,616192818	4,739668945	1,00767090093169	240,6534118
191,2578125	0,616252422	4,741978027	1,00770424193169	240,7706538
201,2578125	0,616192818	4,742431152	1,00770535993169	240,7936609
211,2578125	0,616371632	4,742708008	1,00789227593169	240,8077181
221,2578125	0,616371632	4,741646973	1,00779504593169	240,7538448
231,2578125	0,616520643	4,743176758	1,00773721093169	240,8315185
241,2578125	0,615864992	4,738068359	1,00777725793169	240,5721432
251,2578125	0,615686178	4,734735352	1,00786163493169	240,402912
261,2578125	0,616133213	4,736089355	1,00774372993169	240,4716606
271,2578125	0,615715981	4,734634766	1,00776170493169	240,3978048
281,2578125	0,615388155	4,730844238	1,00774372993169	240,2053434
291,2578125	0,615626574	4,734104004	1,00771253093169	240,3708557
301,2578125	0,616014004	4,738720703	1,00779988893169	240,6052655
311,2578125	0,615388155	4,731970703	1,00773180893169	240,2625389
321,2578125	0,616014004	4,735244141	1,00777185593169	240,4287454
331,2578125	0,615298748	4,727898438	1,00783239193169	240,0557724
341,2578125	0,615358353	4,726965332	1,00777641893169	240,0083946
351,2578125	0,61544776	4,729173828	1,00785073893169	240,1205295
361,2578125	0,614851713	4,719628906	1,00765972493169	239,6358927
371,2578125	0,615268946	4,726342773	1,00771439293169	239,9767846
381,2578125	0,615537167	4,728360352	1,00777949293169	240,0792258
391,2578125	0,615924597	4,730401367	1,00767574393169	240,1828569
401,2578125	0,615954399	4,729207031	1,00793232293169	240,1222153
411,2578125	0,615775585	4,728364258	1,00798550093169	240,0794241
421,2578125	0,615179539	4,722045898	1,00777558093169	239,7586138
431,2578125	0,615119934	4,722655762	1,00788864393169	239,7895792
441,2578125	0,61583519	4,727963867	1,00788994793169	240,0590946
451,2578125	0,615209341	4,720639648	1,00754964193169	239,6872124
452,625	0,614196062	4,712066895	1,00767490493169	239,2519368
461,2578125	0,614702702	4,714071777	1,00783220593169	239,3537333
471,2578125	0,614762306	4,716396973	1,00773721093169	239,4717935
481,2578125	0,615298748	4,722666504	1,00789479093169	239,7901246
491,2578125	0,615268946	4,720217285	1,00775779293169	239,6657672
501,2578125	0,615388155	4,722132324	1,00758046893169	239,763002
511,2578125	0,616133213	4,72924707	1,00783481293169	240,1242483
521,2578125	0,615596771	4,727483887	1,00764398493169	240,0347239
531,2578125	0,616580248	4,734958496	1,00794591993169	240,414242
541,2578125	0,616669655	4,735302734	1,00803877293169	240,4317205
551,2578125	0,616282225	4,73197168	1,00775807193169	240,2625885
561,2578125	0,616133213	4,731098145	1,00783406793169	240,2182353
571,2578125	0,61661005	4,735274902	1,00791872593169	240,4303073
581,2578125	0,615954399	4,728950195	1,00790764293169	240,1091747
591,2578125	0,615596771	4,726828125	1,00768412493169	240,001428
601,2578125	0,616014004	4,730032227	1,00773124993169	240,1641141
611,2578125	0,615298748	4,723381836	1,00776608193169	239,8264451
621,2578125	0,616014004	4,728200195	1,00784310193169	240,0710939
631,2578125	0,615090132	4,718969727	1,00773562793169	239,6024233
641,2578125	0,615924597	4,727008301	1,00775406793169	240,0105763
651,2578125	0,615686178	4,726802734	1,00782773493169	240,0001388
661,2578125	0,614613295	4,71673877	1,00781693193169	239,489148
671,2578125	0,615179539	4,72139502	1,00778414893169	239,7255659
681,2578125	0,615715981	4,72771875	1,00780277593169	240,0466489
691,2578125	0,615090132	4,719480469	1,00770340393169	239,6283559
701,2578125	0,616192818	4,729564941	1,00771094793169	240,140388
711,2578125	0,615864992	4,727983887	1,00763364793169	240,060111
721,2578125	0,615358353	4,724416992	1,00774279893169	239,8790044
731,2578125	0,61544776	4,720535156	1,00771849093169	239,6819069
741,2578125	0,614702702	4,71534668	1,00776421893169	239,4184656
751,2578125	0,614881516	4,715996094	1,00781544193169	239,4514391
761,2578125	0,61494112	4,715962891	1,00756705793169	239,4497533
771,2578125	0,615388155	4,720939453	1,00778768793169	239,7024348
781,2578125	0,615507364	4,722257324	1,00784738593169	239,7693488
791,2578125	0,615209341	4,720269531	1,00773367193169	239,66842
801,2578125	0,615388155	4,721383301	1,00781097193169	239,7249708
811,2578125	0,61455369	4,714354004	1,00781292693169	239,3680632
821,2578125	0,615686178	4,72210791	1,00767900293169	239,7617624
831,2578125	0,61455369	4,712321289	1,00773823493169	239,2648535
841,2578125	0,615388155	4,722666992	1,00790484893169	239,7901494
851,2578125	0,615119934	4,719032715	1,00777651293169	239,6056215
861,2578125	0,614851713	4,716092285	1,00772445193169	239,4563232
871,2578125	0,61544776	4,720620605	1,00765795493169	239,6862455
881,2578125	0,615596771	4,723241699	1,00778312493169	239,8193297
891,2578125	0,61544776	4,722584961	1,00771197193169	239,7859843
901,2578125	0,615358353	4,722654297	1,00797423193169	239,7895048
911,2578125	0,615030527	4,71812793	1,00770535993169	239,5596816
921,2578125	0,615715981	4,723155762	1,00779653593169	239,8149663
931,2578125	0,615358353	4,720663574	1,00771197193169	239,6884272
941,2578125	0,615119934	4,717404297	1,00765851393169	239,5229397
951,2578125	0,614345074	4,713308105	1,00778051693169	239,3149584
961,2578125	0,615268946	4,719979004	1,00773115693169	239,6536686
971,2578125	0,615119934	4,720862793	1,00782810793169	239,6985424
981,2578125	0,615179539	4,719126465	1,00775071493169	239,6103816
991,2578125	0,61404705	4,709304688	1,00778331093169	239,1116876
1001,257813	0,614613295	4,71412207	1,00769287993169	239,3562869
1011,257813	0,615030527	4,716709961	1,00786517493169	239,4876852
1021,257813	0,615298748	4,719376953	1,00781069193169	239,6230999
1031,257813	0,614196062	4,710246094	1,00767537093169	239,1594869
1041,257813	0,615030527	4,718262207	1,00782196093169	239,5664995
1051,257813	0,615030527	4,716524414	1,00779932993169	239,4782642
1061,257813	0,614881516	4,716238281	1,00792096093169	239,463736
1071,257813	0,614762306	4,714422363	1,00773963193169	239,3715341
1081,257813	0,614464283	4,711931152	1,00771886393169	239,2450445
1091,257813	0,614613295	4,715116699	1,00779942293169	239,4067885
1101,257813	0,614851713	4,718296875	1,00780510393169	239,5682597
1111,257813	0,614434481	4,713180176	1,00791397593169	239,3084628
1121,257813	0,614792109	4,716276855	1,00777446393169	239,4656946
1131,257813	0,614970922	4,717730469	1,00788231093169	239,5395008
1141,257813	0,614970922	4,71817627	1,00780230993169	239,5621361
1151,257813	0,614881516	4,718882324	1,00804138093169	239,5979855
1161,257813	0,61404705	4,710884766	1,00775639593169	239,191915
1171,257813	0,613808632	4,709389648	1,00783192593169	239,1160014
1181,257813	0,614374876	4,710755859	1,00757599893169	239,1853699
1191,257813	0,614106655	4,70828125	1,00783136793169	239,0597233
1201,257813	0,613123178	4,698165039	1,00773627893169	238,5460797
1211,257813	0,613868237	4,705737305	1,00776682693169	238,9305562
1221,257813	0,614434481	4,710334961	1,00765497493169	239,163999
1231,257813	0,614374876	4,710537598	1,00780808393169	239,1742878
1241,257813	0,613957644	4,706067383	1,00770498693169	238,9473157
1251,257813	0,613629818	4,702080566	1,00792803893169	238,7448879
1261,257813	0,613301992	4,697560059	1,00795188093169	238,5153622
1271,257813	0,613451004	4,699063965	1,00807993793169	238,591722
1281,257813	0,613451004	4,696060547	1,00775201893169	238,4392255
1291,257813	0,613898039	4,701980957	1,00777306693169	238,7398303
1301,257813	0,613301992	4,69565332	1,00774279893169	238,4185489
1311,257813	0,613451004	4,697838867	1,00769464893169	238,5295185
1321,257813	0,613570213	4,701250977	1,00755932793169	238,702766
1331,257813	0,613808632	4,702758789	1,00764966593169	238,7793241
1341,257813	0,613570213	4,698362793	1,00786126293169	238,5561205
1351,257813	0,613480806	4,697859375	1,00775965593169	238,5305598
1361,257813	0,612527132	4,691215332	1,00765115693169	238,1932131
1371,257813	0,61327219	4,696068359	1,00768356693169	238,4396222
1381,257813	0,612705946	4,690480469	1,00766829293169	238,1559009
1391,257813	0,613689423	4,700062988	1,00777502193169	238,6424467
1401,257813	0,614196062	4,705319824	1,00776328793169	238,9093589
1411,257813	0,614970922	4,714361328	1,00794526793169	239,368435
1421,257813	0,614285469	4,708920898	1,00773544093169	239,092201
1431,257813	0,61455369	4,713410645	1,00773981893169	239,3201647
1441,257813	0,614970922	4,71740332	1,00795653693169	239,5228901
1451,257813	0,614345074	4,711083496	1,00790205493169	239,2020054
1461,257813	0,614196062	4,71235498	1,00774726893169	239,2665641
1471,257813	0,613719225	4,706887207	1,00781516193169	238,9889417
1481,257813	0,614464283	4,712288574	1,00768887493169	239,2631924
1491,257813	0,614196062	4,710630371	1,00788463893169	239,1789983
1501,257813	0,613808632	4,703407227	1,00765469593169	238,8122481
1511,257813	0,614136457	4,707558594	1,00754377493169	239,0230309
1521,257813	0,614285469	4,708309082	1,00781087793169	239,0611364
1531,257813	0,614017248	4,708388672	1,00792226493169	239,0651776
1541,257813	0,615119934	4,715250977	1,00761306593169	239,4136063
1551,257813	0,614345074	4,71001416	1,00779951593169	239,1477106
1561,257813	0,614374876	4,710162598	1,00792161293169	239,1552474
1571,257813	0,614106655	4,706063965	1,00777837493169	238,9471422
1581,257813	0,613957644	4,706619629	1,00785735093169	238,9753556
1591,257813	0,613898039	4,705501953	1,00774084293169	238,9186064
1601,257813	0,614464283	4,70891748	1,00769474193169	239,0920274
1611,257813	0,614225864	4,708772461	1,00786740993169	239,0846642
1621,257813	0,615209341	4,716010254	1,00768952693169	239,4521581
1631,257813	0,61404705	4,706867676	1,00789795693169	238,98795
1641,257813	0,613868237	4,704952148	1,00779187893169	238,8906905
1651,257813	0,614464283	4,70940625	1,00760151693169	239,1168444
1661,257813	0,614851713	4,712456543	1,00779793293169	239,2717209
1671,257813	0,614970922	4,714840332	1,00775406793169	239,3927561
1681,257813	0,614345074	4,707674316	1,00775145993169	239,0289066
1691,257813	0,614106655	4,704562988	1,00776989993169	238,8709311
1701,257813	0,614374876	4,707100586	1,00773842193169	238,9997759
1711,257813	0,614434481	4,709098633	1,00785437093169	239,1012253
1721,257813	0,614106655	4,706119629	1,00766419493169	238,9499685
1731,257813	0,61455369	4,71101123	1,00769353193169	239,1983361
1741,257813	0,614434481	4,711040039	1,00768198293169	239,1997989
1751,257813	0,615090132	4,716112793	1,00775667493169	239,4573645
1761,257813	0,615268946	4,718307129	1,00750624293169	239,5687803
1771,257813	0,614136457	4,707738281	1,00768840893169	239,0321544
1781,257813	0,614881516	4,713628906	1,00771346193169	239,3312468
1791,257813	0,614881516	4,713244141	1,00778508093169	239,3117106
1801,257813	0,614881516	4,713086426	1,00774903893169	239,3037028
1811,257813	0,614434481	4,711357422	1,00774959693169	239,2159138
1821,257813	0,615209341	4,716396973	1,00778405593169	239,4717935
1831,257813	0,614851713	4,712668457	1,00783406793169	239,2824807
1841,257813	0,614970922	4,71450293	1,00769977193169	239,3756248
1851,257813	0,615298748	4,717621094	1,00783537193169	239,5339474
1861,257813	0,614464283	4,709952148	1,00775807193169	239,144562
1871,257813	0,614017248	4,70602832	1,00773618593169	238,9453323
1881,257813	0,614345074	4,706415527	1,00786480193169	238,9649925
1891,257813	0,613540411	4,701884277	1,00796696793169	238,7349214
1901,257813	0,614136457	4,703894531	1,00775006293169	238,8369907
1911,257813	0,614374876	4,705663574	1,00765711693169	238,9268126
1921,257813	0,613629818	4,698980469	1,00776431193169	238,5874825
1931,257813	0,614136457	4,706081543	1,00776766493169	238,9480347
1941,257813	0,61455369	4,707064453	1,00762992193169	238,9979413
1951,257813	0,614434481	4,70843457	1,00779811893169	239,067508
1961,257813	0,614851713	4,708937988	1,00785576793169	239,0930687
1971,257813	0,613540411	4,700165039	1,00775704793169	238,6476283
1981,257813	0,61404705	4,70304834	1,00786461593169	238,7940259
1991,257813	0,615298748	4,713580566	1,00762573093169	239,3287924
2001,257813	0,614523888	4,706871094	1,00779243793169	238,9881236
2011,257813	0,614136457	4,704165527	1,00778824693169	238,8507503
2021,257813	0,614434481	4,706571777	1,00759527693169	238,972926
2031,257813	0,614464283	4,707365723	1,00783537193169	239,013238
2041,257813	0,614136457	4,703206055	1,00778983093169	238,8020337
2051,257813	0,615268946	4,712574707	1,00779756093169	239,2777206
2061,257813	0,614851713	4,709038574	1,00779132093169	239,0981759
2071,257813	0,614792109	4,711663574	1,00777548793169	239,2314585
2081,257813	0,614523888	4,706319336	1,00773246093169	238,9601085
2091,257813	0,614970922	4,712124023	1,00774289193169	239,2548374
2101,257813	0,614374876	4,708214355	1,00772026093169	239,0563268
2111,257813	0,614196062	4,702523926	1,00772137793169	238,7673991
2121,257813	0,614702702	4,706830566	1,00768580193169	238,9860658
2131,257813	0,615209341	4,712947754	1,00792906293169	239,2966618
2141,257813	0,61455369	4,705538086	1,00797991293169	238,920441
2151,257813	0,614762306	4,70870166	1,00797423193169	239,0810693
2161,257813	0,613898039	4,699961914	1,00774121493169	238,6373148
2171,257813	0,613570213	4,694401855	1,00774847993169	238,3550066
2181,257813	0,613868237	4,698516113	1,00786955193169	238,5639052
2191,257813	0,614136457	4,700871094	1,00778386993169	238,6834777
2201,257813	0,61377883	4,698541504	1,00782903893169	238,5651944
2211,257813	0,61494112	4,708437012	1,00773013293169	239,067632
2221,257813	0,615537167	4,714810547	1,00793250893169	239,3912438
2231,257813	0,61455369	4,708094238	1,00762172693169	239,0502279
2241,257813	0,615298748	4,713487305	1,00780184493169	239,3240571
2251,257813	0,614464283	4,70742041	1,00784431293169	239,0160147
2261,257813	0,614643097	4,708698242	1,00802312693169	239,0808958
2271,257813	0,615119934	4,709881348	1,00778629193169	239,1409671
2281,257813	0,614196062	4,703140625	1,00777911993169	238,7987116
2291,257813	0,614464283	4,705461426	1,00783434793169	238,9165487
2301,257813	0,614881516	4,708746094	1,00774177393169	239,0833254
2311,257813	0,614225864	4,703766113	1,00767099393169	238,8304703
2321,257813	0,614613295	4,705550781	1,00772426493169	238,9210856
2331,257813	0,615268946	4,710978027	1,00777483593169	239,1966503
2341,257813	0,615775585	4,715495117	1,00780361393169	239,4260024
2351,257813	0,614434481	4,704476074	1,00775360193169	238,8665181
2361,257813	0,614851713	4,707666504	1,00767499793169	239,02851
2371,257813	0,615119934	4,710344238	1,00809204493169	239,1644701
2381,257813	0,615119934	4,708850586	1,00761744293169	239,0886309
2391,257813	0,614881516	4,70653125	1,00764696593169	238,9708682
2401,257813	0,615090132	4,70866748	1,00779206593169	239,0793339
2411,257813	0,615596771	4,71431543	1,00778740893169	239,3661046
2421,257813	0,615209341	4,714623535	1,00779010993169	239,3817484
2431,257813	0,615030527	4,710415527	1,00767434693169	239,1680897
2441,257813	0,614613295	4,705231934	1,00780799093169	238,9048963
2451,257813	0,614196062	4,701312988	1,00764510293169	238,7059146
2461,257813	0,614225864	4,703043945	1,00765469593169	238,7938028
2471,257813	0,615090132	4,708931152	1,00784813093169	239,0927216
2481,257813	0,61544776	4,712598633	1,00783537193169	239,2789354
2491,257813	0,614762306	4,706044922	1,00773255393169	238,9461753
2501,257813	0,614523888	4,705071777	1,00775388093169	238,8967645
2511,257813	0,61494112	4,708625977	1,00792645593169	239,0772265
2521,257813	0,615090132	4,709088379	1,00778060993169	239,1007047
2531,257813	0,614345074	4,702310059	1,00770461493169	238,7565402
2541,257813	0,614881516	4,707820313	1,00768812993169	239,0363195
2551,257813	0,614523888	4,705642578	1,00779457993169	238,9257465
2561,257813	0,614345074	4,704776855	1,00775602393169	238,8817901
2571,257813	0,614792109	4,706049805	1,00783630393169	238,9464232
2581,257813	0,614136457	4,700931641	1,00772882893169	238,6865519
2591,257813	0,61455369	4,70507959	1,00782931893169	238,8971612
2601,257813	0,613719225	4,697799805	1,00780212393169	238,5275351
2611,257813	0,614643097	4,705824219	1,00783453393169	238,9349692
2621,257813	0,614643097	4,706581055	1,00785958693169	238,973397
2631,257813	0,614851713	4,706773438	1,00784291593169	238,9831651
2641,257813	0,614374876	4,703424316	1,00795504693169	238,8131158
2651,257813	0,613212585	4,692427246	1,00777865493169	238,2547472
2661,257813	0,614017248	4,695877441	1,00787634993169	238,4299285
2671,257813	0,614434481	4,703418945	1,00772845593169	238,8128431
2681,257813	0,615388155	4,712057129	1,00780603593169	239,2514409
2691,257813	0,614106655	4,699821289	1,00781572093169	238,6301746
2701,257813	0,614464283	4,702584961	1,00781553493169	238,7704981
2711,257813	0,61455369	4,703275879	1,00776896893169	238,805579
2721,257813	0,614136457	4,699725586	1,00781851493169	238,6253154
2731,257813	0,614285469	4,699770508	1,00769576693169	238,6275962
2741,257813	0,614285469	4,702192383	1,00800319693169	238,7505653
2751,257813	0,614345074	4,702428711	1,00771877093169	238,7625647
2761,257813	0,614702702	4,706456543	1,00800133393169	238,967075
2771,257813	0,615209341	4,709674316	1,00783341593169	239,1304553
2781,257813	0,614643097	4,705553223	1,00787998293169	238,9212096
2791,257813	0,614136457	4,700838379	1,00773059793169	238,6818166
2801,257813	0,613957644	4,69863916	1,00778973693169	238,5701528
2811,257813	0,614792109	4,70605957	1,00778833993169	238,946919
2821,257813	0,614613295	4,704098145	1,00777111093169	238,847329
2831,257813	0,613868237	4,698447754	1,00799025093169	238,5604343
2841,257813	0,615090132	4,708320801	1,00790158893169	239,0617314
2851,257813	0,614017248	4,700585938	1,00771923593169	238,6689991
2861,257813	0,614881516	4,707774414	1,00787076193169	239,033989
2871,257813	0,614434481	4,703602539	1,00762452093169	238,822165
2881,257813	0,614434481	4,704270508	1,00782438293169	238,8560806
2891,257813	0,614881516	4,707762695	1,00770554593169	239,033394
2901,257813	0,613957644	4,700147949	1,00773404393169	238,6467606
2911,257813	0,614464283	4,703929688	1,00784002893169	238,8387757
2921,257813	0,614792109	4,708999512	1,00781227493169	239,0961925
2931,257813	0,615298748	4,712918945	1,00767313593169	239,2951991
2941,257813	0,614434481	4,704994141	1,00777185593169	238,8928226
2951,257813	0,615358353	4,712472168	1,00778740893169	239,2725142
2961,257813	0,614851713	4,707165039	1,00779020293169	239,0030484
2971,257813	0,614792109	4,707087402	1,00778498793169	238,9991065
2981,257813	0,614225864	4,701666504	1,00793325393169	238,7238641
2991,257813	0,613957644	4,698772461	1,00781311393169	238,5769211
3001,257813	0,614196062	4,702176758	1,00770992293169	238,7497719
3011,257813	0,614285469	4,703986328	1,00766074893169	238,8416516
3021,257813	0,61544776	4,712345703	1,00778452193169	239,2660931
3031,257813	0,613957644	4,698936035	1,00773180893169	238,5852265
3041,257813	0,614345074	4,703471191	1,00777846793169	238,8154959
3051,257813	0,614374876	4,702535645	1,00771839793169	238,7679941
3061,257813	0,614285469	4,70430957	1,00764771093169	238,858064
3071,257813	0,614881516	4,70773877	1,00800822593169	239,0321792
3081,257813	0,615388155	4,71119873	1,00768533593169	239,2078563
3091,257813	0,615090132	4,709174805	1,00776552293169	239,1050929
3101,257813	0,615179539	4,710046387	1,00790279993169	239,1493469
3111,257813	0,614702702	4,706705566	1,00777949293169	238,979719
3121,257813	0,615388155	4,711720215	1,00789758493169	239,2343343
3131,257813	0,614970922	4,707544434	1,00775006293169	239,0223119
3141,257813	0,614792109	4,706662598	1,00774447493169	238,9775373
3151,257813	0,614345074	4,701439941	1,00785977293169	238,7123606
3161,257813	0,615209341	4,708224609	1,00782931893169	239,0568474
3171,257813	0,61404705	4,69711084	1,00790466293169	238,4925534
3181,257813	0,614702702	4,703307129	1,00791267193169	238,8071657
3191,257813	0,614374876	4,7015	1,00787532593169	238,71541
3201,257813	0,614374876	4,701936035	1,00793669993169	238,7375494
3211,257813	0,615388155	4,709856445	1,00792598993169	239,1397027
3221,257813	0,614762306	4,703714844	1,00770573193169	238,8278672
3231,257813	0,615298748	4,709801758	1,00799332493169	239,136926
3241,257813	0,615358353	4,709045898	1,00777027293169	239,0985478
3251,257813	0,613808632	4,694655762	1,00782792193169	238,3678985
3261,257813	0,614881516	4,703444824	1,00768636093169	238,8141571
3271,257813	0,615030527	4,707022949	1,00769921293169	238,9958339
3281,257813	0,614643097	4,703181641	1,00774875893169	238,8007941
3291,257813	0,615030527	4,707902832	1,00767574393169	239,0405094
3301,257813	0,615119934	4,708648438	1,00773059793169	239,078367
3311,257813	0,615268946	4,709858398	1,00783052893169	239,1398019
3321,257813	0,616282225	4,71928125	1,00780044793169	239,6182407
3331,257813	0,614613295	4,703064453	1,00772240293169	238,794844
3341,257813	0,615090132	4,707192871	1,00780873593169	239,0044616
3351,257813	0,614851713	4,703571777	1,00773944593169	238,8206031
3361,257813	0,614285469	4,698978027	1,00756808293169	238,5873586
3371,257813	0,615268946	4,71011084	1,00765413693169	239,1526194
3381,257813	0,614643097	4,703447266	1,00782820093169	238,8142811
3391,257813	0,615209341	4,707059082	1,00774130893169	238,9976685
3401,257813	0,615537167	4,708952148	1,00775322993169	239,0937877
3411,257813	0,614762306	4,703371582	1,00779746693169	238,8104383
3421,257813	0,615626574	4,710924805	1,00772845593169	239,1939479
3431,257813	0,615090132	4,708275879	1,00791146093169	239,0594506
3441,257813	0,615209341	4,70609375	1,00773516193169	238,9486545
3451,257813	0,615626574	4,712756348	1,00784999393169	239,2869433
3461,257813	0,615358353	4,708571777	1,00797153193169	239,0744746
3471,257813	0,615090132	4,707521973	1,00780892293169	239,0211715
3481,257813	0,615388155	4,707786621	1,00774847993169	239,0346088
3491,257813	0,615358353	4,706254883	1,00781786293169	238,9568359
3501,257813	0,615537167	4,708597168	1,00776608193169	239,0757638
3511,257813	0,615298748	4,706618164	1,00781087793169	238,9752812
3521,257813	0,615358353	4,707911133	1,00797292893169	239,0409308
3531,257813	0,615686178	4,710416016	1,00795411593169	239,1681145
3541,257813	0,61494112	4,703476563	1,00757665093169	238,8157686
3551,257813	0,615954399	4,712384277	1,00780100593169	239,2680517
3561,257813	0,614970922	4,702977051	1,00764994593169	238,7904062
3571,257813	0,615864992	4,712436035	1,00781171693169	239,2706796
3581,257813	0,615626574	4,70915625	1,00789730493169	239,1041508
3591,257813	0,615298748	4,706765625	1,00781348593169	238,9827685
3601,257813	0,615119934	4,702765137	1,00779839893169	238,7796464
3611,257813	0,615954399	4,712061035	1,00784049393169	239,2516393
3621,257813	0,615596771	4,708352539	1,00777502193169	239,0633429
3631,257813	0,61544776	4,706675293	1,00779690893169	238,9781819
3641,257813	0,61544776	4,705466309	1,00761893293169	238,9167966
3651,257813	0,615537167	4,709684082	1,00782754893169	239,1309511
3661,257813	0,615388155	4,707348145	1,00779830593169	239,0123455
3671,257813	0,616133213	4,716763184	1,00784533693169	239,4903876
3681,257813	0,614792109	4,703477539	1,00792608293169	238,8158182
3691,257813	0,61544776	4,705362305	1,00771755993169	238,9115159
3701,257813	0,616371632	4,716849121	1,00764752393169	239,494751
3711,257813	0,616520643	4,718695313	1,00784002893169	239,5884901
3721,257813	0,615209341	4,707647461	1,00781879493169	239,0275431
3731,257813	0,615924597	4,713131836	1,00778871293169	239,3060084
3741,257813	0,615864992	4,712654785	1,00765869993169	239,2817865
3751,257813	0,615954399	4,710902344	1,00779905093169	239,1928075
3761,257813	0,616192818	4,714641113	1,00783034293169	239,3826409
3771,257813	0,616192818	4,716898438	1,00780193793169	239,497255
3781,257813	0,616282225	4,71540918	1,00764743093169	239,421639
3791,257813	0,616371632	4,715658691	1,00799183393169	239,4343078
3801,257813	0,616014004	4,71273877	1,00782307893169	239,2860508
3811,257813	0,614970922	4,701918945	1,00774819993169	238,7366817
3821,257813	0,615358353	4,7053125	1,00782447593169	238,9089871
3831,257813	0,615507364	4,707586426	1,00775732693169	239,0244441
3841,257813	0,615358353	4,707662109	1,00779271793169	239,0282868
3851,257813	0,616282225	4,715147461	1,00811970493169	239,4083504
3861,257813	0,61544776	4,70877832	1,00783090193169	239,0849617
3871,257813	0,61699748	4,722840332	1,00796091393169	239,7989506
3881,257813	0,616520643	4,714021484	1,00781972593169	239,3511797
3891,257813	0,616192818	4,714919922	1,00778712993169	239,3967973
3901,257813	0,616282225	4,714017578	1,00790363793169	239,3509814
3911,257813	0,615864992	4,710594727	1,00784552393169	239,1771885
3921,257813	0,616192818	4,712741211	1,00777148293169	239,2861747
3931,257813	0,616461039	4,713656738	1,00786005193169	239,33266
3941,257813	0,616014004	4,711649902	1,00769679093169	239,2307643
3951,257813	0,616371632	4,713846191	1,00779756093169	239,3422793
3961,257813	0,615507364	4,706148438	1,00782354393169	238,9514312
3971,257813	0,615209341	4,701624512	1,00780333493169	238,721732
3981,257813	0,615537167	4,704210938	1,00770759493169	238,853056
3991,257813	0,61544776	4,702520508	1,00778712993169	238,7672256
4001,257813	0,615119934	4,700162598	1,00781711793169	238,6475043
4011,257813	0,616282225	4,711442383	1,00792608293169	239,2202276
4021,256836	0,61583519	4,708189453	1,00775527793169	239,0550624
4031,256836	0,61661005	4,711493164	1,00773804893169	239,222806
4041,256836	0,616133213	4,710550293	1,00788026193169	239,1749324
4051,256836	0,61661005	4,715007813	1,00766233193169	239,4012598
4061,256836	0,616341829	4,713241211	1,00777930693169	239,3115619
4071,256836	0,616461039	4,713490723	1,00784403293169	239,3242307
4081,256836	0,616103411	4,711022461	1,00772119193169	239,1989064
4091,256836	0,616878271	4,716575195	1,00770517293169	239,4808426
4101,256836	0,616282225	4,710809082	1,00779187893169	239,1880722
4111,256836	0,615179539	4,698895996	1,00790959893169	238,5831935
4121,256836	0,615268946	4,699098633	1,00787541893169	238,5934822
4131,256836	0,614970922	4,69679541	1,00780799093169	238,4765377
4141,256836	0,616252422	4,706724121	1,00769939893169	238,9806611
4151,256836	0,616699457	4,713765625	1,00787206593169	239,3381886
4161,256836	0,616014004	4,707871094	1,00772202993169	239,0388979
4171,256836	0,615686178	4,705155762	1,00776673393169	238,9010288
4181,256836	0,61494112	4,695733887	1,00776785093169	238,4226396
4191,256836	0,61544776	4,701091309	1,00780864293169	238,694659
4201,256836	0,61544776	4,699698242	1,00775341593169	238,623927
4211,256836	0,616043806	4,70573584	1,00771644193169	238,9304818
4221,256836	0,616014004	4,70604248	1,00761585893169	238,9460513
4231,256836	0,616580248	4,710151367	1,00781851493169	239,1546772
4241,256836	0,616043806	4,70725293	1,00784002893169	239,007511
4251,256836	0,615090132	4,69823291	1,00781544193169	238,5495258
4261,256836	0,615268946	4,700293945	1,00794452293169	238,6541734
4271,256836	0,616461039	4,710508789	1,00791174093169	239,172825
4281,256836	0,615209341	4,69904248	1,00783322993169	238,5906311
4291,256836	0,61544776	4,700838867	1,00766410193169	238,6818414
4301,256836	0,616461039	4,709900391	1,00792245093169	239,141934
4311,256836	0,616848469	4,713881836	1,00776049393169	239,3440892
4321,256836	0,616133213	4,708628418	1,00784924893169	239,0773505
4331,256836	0,616043806	4,706932129	1,00782335793169	238,9912226
4341,256836	0,616878271	4,714949219	1,00786303193169	239,3982848
4351,256836	0,615924597	4,706008301	1,00761353093169	238,9443159
4361,256836	0,615090132	4,697744141	1,00781898093169	238,5247088
4371,256836	0,615715981	4,703355469	1,00777381193169	238,8096201
4381,256836	0,615715981	4,702789551	1,00773497593169	238,7808861
4391,256836	0,615775585	4,703241699	1,00793390593169	238,8038436
4401,256836	0,616431236	4,706981934	1,00764370593169	238,9937514
4411,256836	0,61583519	4,704773926	1,00777492893169	238,8816413
4421,256836	0,615596771	4,701433594	1,00776477793169	238,7120383
4431,256836	0,616014004	4,705449219	1,00765376393169	238,9159289
4441,256836	0,616788864	4,711963379	1,00777399793169	239,2466808
4451,256836	0,615864992	4,703226563	1,00776701293169	238,803075
4461,256836	0,615388155	4,69851123	1,00780473193169	238,5636573
4471,256836	0,615626574	4,702896484	1,00783350993169	238,7863155
4481,256836	0,615388155	4,699861328	1,00766894493169	238,6322076
4491,256836	0,615507364	4,69894873	1,00783341593169	238,5858711
4501,256836	0,614881516	4,694099121	1,00786917893169	238,3396355
4511,256836	0,615268946	4,695038086	1,00780230993169	238,3873108
4521,256836	0,615388155	4,697010254	1,00766493993169	238,4874463
4531,256836	0,615864992	4,701987305	1,00799267293169	238,7401526
4541,256836	0,615179539	4,696450684	1,00775183293169	238,4590345
4551,256836	0,615626574	4,700228516	1,00778545293169	238,6508513
4561,256836	0,614523888	4,686911133	1,00767183193169	237,9746704
4571,256836	0,615954399	4,703589355	1,00789804993169	238,8214956
4581,256836	0,616669655	4,707913086	1,00771346193169	239,04103
4591,256836	0,61583519	4,701922852	1,00788556993169	238,73688
4601,256836	0,61544776	4,697988281	1,00779225193169	238,5371049
4611,256836	0,615358353	4,698435059	1,00767155293169	238,5597897
4621,256836	0,615358353	4,695862305	1,00788966793169	238,4291599
4631,256836	0,615030527	4,694092773	1,00772929493169	238,3393132
4641,256836	0,615119934	4,695286133	1,00791919093169	238,3999052
4651,256836	0,615954399	4,701548828	1,00776719893169	238,7178892
4661,256836	0,616133213	4,703899414	1,00785101793169	238,8372386
4671,256836	0,615388155	4,697894043	1,00769287993169	238,53232
4681,256836	0,61544776	4,697312012	1,00786740993169	238,5027678
4691,256836	0,616371632	4,706480469	1,00783993593169	238,9682899
4701,256836	0,616848469	4,70907666	1,00770703593169	239,1001097
4711,256836	0,615924597	4,701996582	1,00767360093169	238,7406236
4721,256836	0,61583519	4,701223633	1,00785278793169	238,7013776
4731,256836	0,615626574	4,696723633	1,00772882893169	238,4728933
4741,256836	0,616043806	4,700636719	1,00783090193169	238,6715775
4751,256836	0,616252422	4,704797363	1,00782913193169	238,8828313
4761,256836	0,61583519	4,70059082	1,00770219293169	238,669247
4771,256836	0,615596771	4,697004395	1,00783211293169	238,4871487
4781,256836	0,614702702	4,690020996	1,00780044793169	238,1325715
4791,256836	0,615686178	4,697970703	1,00777008593169	238,5362124
4801,256836	0,615537167	4,69967627	1,00778014493169	238,6228113
4811,256836	0,616043806	4,701864746	1,00770135493169	238,7339297
4821,256836	0,616431236	4,704075684	1,00777315993169	238,8461886
4831,256836	0,61661005	4,706057617	1,00779262393169	238,9468199
4841,256836	0,615268946	4,694953613	1,00786973793169	238,3830217
4851,256836	0,615090132	4,690652344	1,00789022693169	238,1646278
4861,256836	0,615388155	4,693938965	1,00776161093169	238,3315037
4871,256836	0,615298748	4,693931152	1,00779048193169	238,331107
4881,256836	0,61583519	4,700440918	1,00770722193169	238,6616358
4891,256836	0,615209341	4,695237305	1,00789544293169	238,397426
4901,256836	0,615209341	4,692799316	1,00789683893169	238,2736388
4911,256836	0,614792109	4,688686035	1,00768375293169	238,0647898
4921,256836	0,614970922	4,690378906	1,00763886293169	238,1507442
4931,256836	0,615179539	4,692019531	1,00768114493169	238,2340458
4941,256836	0,615119934	4,691390625	1,00783350993169	238,2021135
4951,256836	0,615179539	4,692649902	1,00783648993169	238,2660524
4961,256836	0,615775585	4,696476563	1,00789320693169	238,4603484
4971,256836	0,615030527	4,69128125	1,00763169193169	238,19656
4981,256836	0,614851713	4,691339844	1,00784077393169	238,1995351
4991,256836	0,614851713	4,689177734	1,00786079693169	238,0897555
5001,256836	0,615179539	4,692449219	1,00772277493169	238,2558628
5011,256836	0,615179539	4,692713867	1,00776365993169	238,2693002
5021,256836	0,614881516	4,691116699	1,00786759593169	238,1882051
5031,256836	0,615298748	4,693515625	1,00779066893169	238,3100089
5041,256836	0,616014004	4,697579102	1,00767425293169	238,5163291
5051,256836	0,615209341	4,694296387	1,00775667493169	238,3496515
5061,256836	0,615864992	4,697730469	1,00777399793169	238,5240147
5071,256836	0,614225864	4,684036621	1,00779970293169	237,828719
5081,256836	0,615209341	4,693907715	1,00781730493169	238,329917
5091,256836	0,616103411	4,701025879	1,00772249593169	238,6913368
5101,256836	0,616103411	4,70148584	1,00780948093169	238,714691
5111,256836	0,616520643	4,707540527	1,00785250893169	239,0221136
5121,256836	0,615626574	4,698112305	1,00774326393169	238,5434021
5131,256836	0,616282225	4,704270508	1,00796417393169	238,8560806
5141,256836	0,616103411	4,702810059	1,00778666393169	238,7819273
5151,256836	0,616043806	4,700839355	1,00796333593169	238,6818662
5161,256836	0,61583519	4,697973145	1,00783304393169	238,5363364
5171,256836	0,615686178	4,698878906	1,00759220393169	238,5823258
5181,256836	0,615358353	4,696173828	1,00781050593169	238,4449773
5191,256836	0,615924597	4,701817871	1,00777586093169	238,7315497
5201,256836	0,616282225	4,705283691	1,00775788593169	238,9075243
5211,256836	0,615686178	4,698193848	1,00775350893169	238,5475424
5221,256836	0,615507364	4,695848145	1,00760319293169	238,428441
5231,256836	0,614613295	4,687506836	1,00776980693169	238,0049168
5241,256836	0,614792109	4,69023291	1,00781311393169	238,1433313
5251,256836	0,616192818	4,703127441	1,00774540593169	238,7980422
5261,256836	0,616788864	4,708303223	1,00780175093169	239,0608389
5271,256836	0,616133213	4,70401416	1,00777464993169	238,8430647
5281,256836	0,615268946	4,693495605	1,00779159993169	238,3089924
5291,256836	0,615209341	4,692467773	1,00770573193169	238,2568049
5301,256836	0,615119934	4,692256348	1,00778424293169	238,2460699
5311,256836	0,615507364	4,69515332	1,00783714193169	238,3931617
5321,256836	0,615179539	4,693464844	1,00790848093169	238,3074305
5331,256836	0,616043806	4,700607422	1,00781329993169	238,67009
5341,256836	0,615686178	4,697555664	1,00765637193169	238,5151391
5351,256836	0,615268946	4,69577002	1,00795215993169	238,4244742
5361,256836	0,615268946	4,69413916	1,00771727993169	238,3416685
5371,256836	0,616103411	4,700439941	1,00784217093169	238,6615863
5381,256836	0,615507364	4,69382959	1,00776105293169	238,3259502
5391,256836	0,614792109	4,68777832	1,00774969093169	238,0187012
5401,256836	0,615388155	4,695796387	1,00778470793169	238,425813
5411,256836	0,615715981	4,695683105	1,00777241493169	238,4200612
5421,256836	0,615715981	4,694491699	1,00776189093169	238,3595684
5431,256836	0,615119934	4,692099609	1,00780705993169	238,2381117
5441,256836	0,615388155	4,692550781	1,00782512793169	238,2610196
5451,256836	0,615924597	4,69667334	1,00757450893169	238,4703397
5461,256836	0,615864992	4,700571289	1,00786619893169	238,6682553
5471,256836	0,615954399	4,700333008	1,00777753693169	238,6561568
5481,256836	0,615358353	4,695533203	1,00795551293169	238,41245
5491,256836	0,614762306	4,689407227	1,00762144693169	238,1014078
5501,256836	0,615596771	4,694181152	1,00777222893169	238,3438006
5511,256836	0,615030527	4,692136719	1,00765171493169	238,2399959
5521,256836	0,615626574	4,695699707	1,00758419493169	238,4209041
5531,256836	0,615626574	4,695282715	1,00778694293169	238,3997316
5541,256836	0,615119934	4,692115234	1,00759723293169	238,238905
5551,256836	0,615090132	4,690391602	1,00779988893169	238,1513888
5561,256836	0,615626574	4,695724609	1,00788799193169	238,4221685
5571,256836	0,615507364	4,69532959	1,00773599993169	238,4021117
5581,256836	0,615358353	4,693194336	1,00789441793169	238,2936957
5591,256836	0,61544776	4,696410156	1,00781814293169	238,4569767
5601,256836	0,616014004	4,700413086	1,00768188993169	238,6602227
5611,256836	0,615209341	4,694027344	1,00779150693169	238,3359911
5621,256836	0,615507364	4,695159668	1,00778824693169	238,393484
5631,256836	0,616103411	4,699145508	1,00790717693169	238,5958623
5641,256836	0,61544776	4,695395996	1,00796473293169	238,4054834
5651,256836	0,615119934	4,689730957	1,00778927193169	238,117845
5661,256836	0,615864992	4,699738281	1,00785083193169	238,62596
5671,256836	0,615030527	4,692954102	1,00778871293169	238,2814979
5681,256836	0,614762306	4,690597656	1,00785269493169	238,161851
5691,256836	0,614762306	4,690054688	1,00769893293169	238,1342822
5701,256836	0,615507364	4,694493164	1,00779159993169	238,3596428
5711,256836	0,615388155	4,69726416	1,00799229993169	238,5003382
5721,256836	0,615507364	4,696476074	1,00767639493169	238,4603236
5731,256836	0,615268946	4,693555664	1,00762070193169	238,3120418
5741,256836	0,616014004	4,699728027	1,00779849193169	238,6254393
5751,256836	0,615626574	4,697391113	1,00765665093169	238,5067841
5761,256836	0,616043806	4,701769531	1,00795411593169	238,7290953
5771,256836	0,614970922	4,691209473	1,00789283493169	238,1929156
5781,256836	0,615507364	4,69712793	1,00782549993169	238,4934212
5791,256836	0,61583519	4,698432129	1,00762377593169	238,559641
5801,256836	0,615507364	4,693868652	1,00767443993169	238,3279336
5811,256836	0,61583519	4,697389648	1,00785008693169	238,5067097
5821,256836	0,615179539	4,692103027	1,00797078693169	238,2382852
5831,256836	0,615924597	4,696752441	1,00783453393169	238,474356
5841,256836	0,616103411	4,69938916	1,00779290393169	238,6082336
5851,256836	0,616759062	4,706342285	1,00759406693169	238,9612737
5861,256836	0,61583519	4,701094238	1,00782140193169	238,6948077
5871,256836	0,61661005	4,70698877	1,00781804993169	238,9940985
5881,256836	0,616759062	4,709650391	1,00784738593169	239,1292404
5891,256836	0,616192818	4,703313477	1,00792580393169	238,807488
5901,256836	0,616341829	4,7043125	1,00788314893169	238,8582127
5911,256836	0,61583519	4,70085498	1,00779066893169	238,6826596
5921,256836	0,615954399	4,700661621	1,00786619893169	238,6728419
5931,256836	0,614970922	4,691144531	1,00783807293169	238,1896182
5941,256836	0,615686178	4,695665527	1,00762703493169	238,4191687
5951,256836	0,616371632	4,703005859	1,00786107693169	238,791869
5961,256836	0,615686178	4,69870459	1,00775611693169	238,573475
5971,256836	0,616133213	4,70061377	1,00774680293169	238,6704123
5981,256836	0,615030527	4,691912598	1,00781832893169	238,2286163
5991,256836	0,616043806	4,699477051	1,00758084193169	238,6126962
6001,256836	0,616431236	4,702436523	1,00775602393169	238,7629613
6011,256836	0,616461039	4,70361377	1,00801558293169	238,8227352
6021,256836	0,616133213	4,699896484	1,00786303193169	238,6339926
6031,256836	0,61661005	4,70728125	1,00788501193169	239,008949
6041,256836	0,61661005	4,705916992	1,00794908693169	238,9396797
6051,256836	0,616103411	4,701983887	1,00763774593169	238,739979
6061,256836	0,616520643	4,702855469	1,00781898093169	238,784233
6071,256836	0,616669655	4,705443359	1,00783304393169	238,9156313
6081,256836	0,615924597	4,698984375	1,00772221693169	238,5876809
6091,256836	0,616133213	4,70280127	1,00777492893169	238,7814811
6101,256836	0,61583519	4,697561523	1,00769129693169	238,5154366
6111,256836	0,615030527	4,690453125	1,00774000493169	238,1545126
6121,256836	0,616103411	4,697929199	1,00780091293169	238,5341051
6131,256836	0,616133213	4,699401367	1,00782196093169	238,6088534
6141,256836	0,615775585	4,69761377	1,00784217093169	238,5180893
6151,256836	0,615924597	4,69651123	1,00767490493169	238,4621087
6161,256836	0,615954399	4,698452637	1,00783257793169	238,5606822
6171,256836	0,617206097	4,710533203	1,00783080893169	239,1740646
6181,256836	0,616192818	4,700696777	1,00767890993169	238,6746269
6191,256836	0,616788864	4,70724707	1,00767816493169	239,0072135
6201,256836	0,616341829	4,70219043	1,00780342793169	238,7504661
6211,256836	0,61711669	4,708571777	1,00775248393169	239,0744746
6221,256836	0,615507364	4,695616211	1,00766782693169	238,4166647
6231,256836	0,61661005	4,704355957	1,00789339393169	238,8604192
6241,256836	0,61583519	4,69723877	1,00780426593169	238,499049
6251,256836	0,614643097	4,687987793	1,00777334593169	238,029337
6261,256836	0,615686178	4,695364258	1,00784794493169	238,4038719
6271,256836	0,615388155	4,69375293	1,00768626693169	238,3220579
6281,256836	0,615268946	4,69292334	1,00783984293169	238,279936
6291,256836	0,615626574	4,69447998	1,00773506893169	238,3589734
6301,256836	0,614881516	4,688808105	1,00792012293169	238,0709878
6311,256836	0,614434481	4,683995605	1,00759481193169	237,8266365
6321,256836	0,615388155	4,690888672	1,00782531393169	238,1766272
6331,256836	0,614434481	4,684066895	1,00785539593169	237,8302561
6341,256836	0,61455369	4,682477539	1,00773087793169	237,7495577
6351,256836	0,61494112	4,684760742	1,00790782893169	237,8654858
6361,256836	0,614196062	4,679380859	1,00759592893169	237,5923259
6371,256836	0,615268946	4,691007813	1,00790913293169	238,1826764
6381,256836	0,613570213	4,676657227	1,00780072693169	237,4540354
6391,256836	0,614643097	4,686603516	1,00779839893169	237,9590513
6401,256836	0,613868237	4,679737793	1,00789385893169	237,610449
6411,256836	0,614434481	4,68287207	1,00774037693169	237,7695898
6421,256836	0,613451004	4,674604004	1,00765143593169	237,3497844
6431,256836	0,614106655	4,680388672	1,00776477793169	237,6434969
6441,256836	0,614285469	4,678009766	1,00793604793169	237,5227096
6451,256836	0,614225864	4,680909668	1,00769800193169	237,6699501
6461,256836	0,613957644	4,677556152	1,00769874693169	237,4996777
6471,256836	0,614106655	4,67727832	1,00772286793169	237,485571
6481,256836	0,613301992	4,672176758	1,00782130893169	237,2265427
6491,256836	0,612974167	4,667822266	1,00758158693169	237,0054463
6497,487305	0,61237812	4,66202832	1,00776459193169	236,7112628
6501,256836	0,613451004	4,670286133	1,00760868793169	237,1305475
6511,256836	0,613033772	4,666537598	1,00783667593169	236,9402182
6521,256836	0,612974167	4,665886719	1,00776207693169	236,9071703
6531,256836	0,613063574	4,665980957	1,00781739793169	236,9119552
6541,256836	0,612288713	4,659560059	1,00789721193169	236,5859385
6551,256836	0,612974167	4,66554541	1,00776906193169	236,8898406
6561,256836	0,61327219	4,668936523	1,00764398493169	237,062022
6571,256836	0,613301992	4,669171875	1,00775350893169	237,0739718
6581,256836	0,613301992	4,669857422	1,00794526793169	237,10878
6591,256836	0,612795353	4,66570166	1,00797227693169	236,8977741
6601,256836	0,612139702	4,658127441	1,00780910893169	236,5131983
6611,256836	0,611960888	4,656693848	1,00765730293169	236,4404086
6621,256836	0,611454248	4,652312012	1,00769781593169	236,2179239
6631,256836	0,61199069	4,656222656	1,00787821293169	236,4164842
6641,256836	0,612735748	4,660484863	1,00800515193169	236,6328948
6651,256836	0,611722469	4,65196582	1,00772156493169	236,2003463
6661,256836	0,611454248	4,649551758	1,00770182093169	236,0777739
6671,256836	0,611573458	4,647595215	1,00774345093169	235,9784318
6681,256836	0,611722469	4,650563477	1,00784747893169	236,1291433
6691,256836	0,611335039	4,648688477	1,00781786293169	236,0339414
6701,256836	0,611037016	4,645219727	1,00770126193169	235,8578181
6711,256836	0,611484051	4,649676758	1,00771718693169	236,0841207
6721,256836	0,611126423	4,647660156	1,00778824693169	235,9817292
6731,256836	0,610888004	4,642615723	1,00763169193169	235,7256016
6741,256836	0,611543655	4,647677734	1,00775928293169	235,9826217
6751,256836	0,611156225	4,646067383	1,00773646593169	235,9008572
6761,256836	0,611543655	4,649321289	1,00777073793169	236,0660721
6771,256836	0,611811876	4,653830566	1,00786545393169	236,2950275
6781,256836	0,610977411	4,645477051	1,00760440393169	235,8708835
6791,256836	0,61199069	4,656116699	1,00784757293169	236,4111043
6801,256836	0,610649586	4,64447998	1,00782298593169	235,820258
6811,256836	0,611811876	4,655302734	1,00774810693169	236,3697758
6821,256836	0,611901283	4,656179199	1,00764556893169	236,4142777
6831,256836	0,611484051	4,652587402	1,00782997093169	236,2319067
6841,256836	0,611126423	4,65025293	1,00785651293169	236,1133755
6851,256836	0,610798597	4,644306152	1,00775639593169	235,811432
6861,256836	0,610172749	4,637850098	1,00761129593169	235,4836302
6871,256836	0,61070919	4,642986328	1,00774298493169	235,7444188
6881,256836	0,611126423	4,645679199	1,00775006293169	235,8811475
6891,256836	0,611037016	4,645773438	1,00771625593169	235,8859323
6901,256836	0,610291958	4,635874023	1,00781907393169	235,3832964
6911,256836	0,611156225	4,6455625	1,00778070393169	235,8752221
6921,256836	0,6108284	4,642955566	1,00761846693169	235,7428569
6931,256836	0,611126423	4,646642578	1,00768123793169	235,9300624
6941,256836	0,61070919	4,64218457	1,00768738493169	235,7037101
6951,256836	0,611573458	4,650935059	1,00770023693169	236,1480101
6961,256836	0,611573458	4,651168945	1,00793865593169	236,1598855
6971,256836	0,610888004	4,64576416	1,00761306593169	235,8854613
6981,256836	0,611066818	4,646208008	1,00787541893169	235,9079974
6991,256836	0,611960888	4,65447998	1,00779988893169	236,328001
7001,256836	0,611722469	4,65442627	1,00781152993169	236,3252739
7011,256836	0,611335039	4,648553223	1,00769595293169	236,027074
7021,256836	0,612139702	4,658283203	1,00779411493169	236,521107
7031,256836	0,611722469	4,655194336	1,00790019193169	236,3642719
7041,256836	0,611484051	4,65245166	1,00789097193169	236,2250145
7051,256836	0,611543655	4,654685059	1,00798848193169	236,3384137
7061,256836	0,611782074	4,653321289	1,00790820193169	236,2691693
7071,256836	0,611782074	4,654487305	1,00781637293169	236,3283729
7081,256836	0,612139702	4,658148438	1,00799723593169	236,5142644
7091,256836	0,612616539	4,664703613	1,00806354593169	236,8470989
7101,256836	0,612139702	4,656822266	1,00768626693169	236,4469289
7111,256836	0,611484051	4,654145996	1,00788203093169	236,3110432
7121,256836	0,61237812	4,661013184	1,00788277693169	236,6597199
7131,256836	0,612199306	4,659270508	1,00772081993169	236,5712368
7141,256836	0,611305237	4,650363281	1,00774112193169	236,1189785
7151,256836	0,612080097	4,657554199	1,00780268293169	236,4840924
7161,256836	0,611901283	4,656069336	1,00767276293169	236,4086995
7171,256836	0,612467527	4,661618164	1,00769837493169	236,6904374
7181,256836	0,611484051	4,653825684	1,00779728093169	236,2947796
7191,256836	0,611871481	4,656263184	1,00771681493169	236,4185419
7201,256836	0,611782074	4,655126465	1,00782270593169	236,3608258
7211,256836	0,612318516	4,663152344	1,00769232093169	236,7683343
7221,256836	0,612080097	4,661385254	1,00750624293169	236,6786115
7231,256836	0,612080097	4,661106445	1,00766615093169	236,6644552
7241,256836	0,61121583	4,653213379	1,00780622193169	236,2636902
7251,256836	0,613212585	4,669911621	1,00774307793169	237,1115319
7261,256836	0,612318516	4,662581055	1,00777399793169	236,7393275
7271,256836	0,612646341	4,664902832	1,00822252293169	236,8572141
7281,256836	0,612139702	4,661477051	1,00770275193169	236,6832724
7291,256836	0,612646341	4,664766602	1,00777464993169	236,8502971
7301,256836	0,612080097	4,658235352	1,00790522093169	236,5186774
7311,256836	0,61237812	4,659939941	1,00782792193169	236,6052268
7321,256836	0,612616539	4,662720703	1,00788892293169	236,746418
7331,256836	0,611722469	4,653306152	1,00791425493169	236,2684007
7341,256836	0,61237812	4,660155273	1,00792245093169	236,6161601
7351,256836	0,612527132	4,660307617	1,00777567393169	236,6238953
7361,256836	0,61199069	4,658804199	1,00800273093169	236,5475603
7371,256836	0,61237812	4,661709473	1,00782633793169	236,6950735
7381,256836	0,612407923	4,66379541	1,00776962093169	236,8009855
7391,256836	0,612556934	4,66232666	1,00787532593169	236,7264108
7401,256836	0,612944365	4,665746094	1,00783397493169	236,9000301
7411,256836	0,612556934	4,66476709	1,00781544193169	236,8503219
7421,256836	0,612974167	4,667534668	1,00754656893169	236,9908438
7431,256836	0,613063574	4,669594238	1,00778815393169	237,095417
7441,256836	0,613123178	4,671241211	1,00785753793169	237,1790409
7451,256836	0,613033772	4,67004541	1,00787206593169	237,118325
7461,256836	0,613123178	4,669740723	1,00781469693169	237,1028547
7471,256836	0,613301992	4,672132324	1,00769921293169	237,2242866
7481,256836	0,613033772	4,671811523	1,00787336993169	237,2079981
7491,256836	0,612795353	4,665384277	1,00769874693169	236,8816592
7501,256836	0,612139702	4,66135498	1,00797534993169	236,6770744
7511,256836	0,612407923	4,663345215	1,00773143693169	236,7781272
7521,256836	0,612199306	4,660852051	1,00796696793169	236,6515385
7531,256836	0,612527132	4,665669434	1,00798531493169	236,8961378
7541,256836	0,612825155	4,667535645	1,00765758293169	236,9908934
7551,256836	0,613629818	4,675140625	1,00800114793169	237,377031
7561,256836	0,613301992	4,67198877	1,00773404393169	237,2169977
7571,256836	0,61327219	4,672300293	1,00776989993169	237,2328151
7581,256836	0,612795353	4,668626953	1,00780352093169	237,0463038
7591,256836	0,613152981	4,668229004	1,00784896993169	237,0260982
7601,256836	0,61377883	4,676425781	1,00774065693169	237,4422839
7611,256836	0,613570213	4,673556641	1,00760757093169	237,2966053
7621,256836	0,613212585	4,67188916	1,00770414893169	237,2119401
7631,256836	0,613152981	4,671745117	1,00784440593169	237,2046264
7641,256836	0,613391399	4,673842773	1,00777474293169	237,3111335
7651,256836	0,613361597	4,675216797	1,00796286993169	237,3808985
7661,256836	0,613391399	4,673959473	1,00765860693169	237,3170588
7671,256836	0,614017248	4,678881836	1,00765152893169	237,5669884
7681,256836	0,613868237	4,679365234	1,00772221693169	237,5915326
7691,256836	0,612795353	4,668467285	1,00763578993169	237,0381968
7701,256836	0,613212585	4,672872559	1,00763094693169	237,2618715
7711,256836	0,613152981	4,670861816	1,00762442793169	237,1597774
7721,256836	0,613898039	4,676181641	1,00789423193169	237,4298878
7731,256836	0,613361597	4,671770508	1,00779923693169	237,2059156
7741,256836	0,613301992	4,6709375	1,00772677993169	237,1636202
7751,256836	0,613033772	4,669233398	1,00772677993169	237,0770956
7761,256836	0,612735748	4,666399902	1,00770805993169	236,9332268
7771,256836	0,613123178	4,670254395	1,00774866593169	237,128936
7781,256836	0,613063574	4,670289551	1,00771783893169	237,130721
7791,256836	0,613570213	4,675867676	1,00799090293169	237,4139465
7801,256836	0,613361597	4,673294434	1,00798475593169	237,2832919
7811,256836	0,612556934	4,666796875	1,00784636193169	236,9533828
7821,256836	0,612080097	4,661771973	1,00761679093169	236,6982469
7831,256836	0,612795353	4,666168457	1,00790726993169	236,9214754
7841,256836	0,611960888	4,661480957	1,00775006293169	236,6834708
7851,256836	0,612229109	4,662272461	1,00783146093169	236,7236588
7861,256836	0,612139702	4,662510742	1,00772659393169	236,7357574
7871,256836	0,611662865	4,657478516	1,00778871293169	236,4802496
7881,256836	0,612616539	4,663622559	1,00774382293169	236,7922091
7891,256836	0,612080097	4,661905273	1,00788715393169	236,7050152
7901,256836	0,612646341	4,666182129	1,00781432393169	236,9221695
7911,256836	0,612139702	4,661673828	1,00798130993169	236,6932637
7921,256836	0,612288713	4,659967773	1,00783015693169	236,6066399
7931,256836	0,611543655	4,653896484	1,00791406893169	236,2983744
7941,256836	0,611722469	4,654983398	1,00784701393169	236,3535617
7951,256836	0,611394644	4,653002441	1,00763802493169	236,25298
7961,256836	0,612318516	4,66072168	1,00775732693169	236,644919
7971,256836	0,612080097	4,659744629	1,00791397593169	236,5953099
7981,256836	0,611871481	4,657859375	1,00766140093169	236,4995875
7991,256836	0,612407923	4,662690918	1,00780016793169	236,7449057
8001,256836	0,612050295	4,659459473	1,00776906193169	236,5808313
8011,256836	0,611811876	4,657509766	1,00779793293169	236,4818363
8021,256836	0,611394644	4,653344238	1,00783322993169	236,2703345
8031,256836	0,611394644	4,651961914	1,00788435993169	236,200148
8041,256836	0,611633062	4,654144531	1,00784505793169	236,3109688
8051,256836	0,610798597	4,646787598	1,00776459193169	235,9374256
8061,256836	0,611245632	4,649394531	1,00787793393169	236,0697909
8071,256836	0,610411167	4,642674316	1,00763318193169	235,7285766
8081,256836	0,610172749	4,642151855	1,00770200693169	235,702049
8091,256836	0,611633062	4,653766602	1,00762014393169	236,2917797
8101,256836	0,611245632	4,651143555	1,00779355593169	236,1585963
8111,256836	0,610589981	4,646026367	1,00779783993169	235,8987747
8121,256836	0,610500574	4,645007324	1,00810172993169	235,8470335
8131,256836	0,610977411	4,64962793	1,00787765393169	236,0816415
8141,256836	0,610738993	4,645216309	1,00780817793169	235,8576445
8151,256836	0,610798597	4,646908691	1,00777632593169	235,9435741
8161,256836	0,611335039	4,652067383	1,00757739593169	236,2055031
8171,256836	0,61032176	4,643875488	1,00767415993169	235,7895653
8181,256836	0,610232353	4,644656738	1,00779150693169	235,8292327
8191,256836	0,611305237	4,65259375	1,00787625693169	236,232229
8201,256836	0,610142946	4,643832031	1,00771839793169	235,7873588
8211,256836	0,610977411	4,647567383	1,00774354393169	235,9770187
8221,256836	0,610381365	4,643158203	1,00766307793169	235,7531456
8231,256836	0,610738993	4,644913086	1,00789758493169	235,8422486
8241,256836	0,611066818	4,649762207	1,00784142593169	236,0884594
8251,256836	0,610888004	4,647560059	1,00777446393169	235,9766468
8261,256836	0,61121583	4,649523926	1,00772417193169	236,0763608
8271,256836	0,610470772	4,644161133	1,00781767693169	235,8040687
8281,256836	0,611037016	4,64864502	1,00783779393169	236,0317349
8291,256836	0,61121583	4,650263672	1,00784934193169	236,1139209
8301,256836	0,611454248	4,654000488	1,00768058593169	236,3036552
8311,256836	0,611335039	4,652902832	1,00768021393169	236,2479224
8321,256836	0,611305237	4,653273438	1,00772957393169	236,2667397
8331,256836	0,611633062	4,657458984	1,00772901493169	236,4792579
8341,256836	0,612080097	4,661107422	1,00786005193169	236,6645048
8351,256836	0,611782074	4,658214355	1,00776282193169	236,5176113
8361,256836	0,611633062	4,657366211	1,00779001693169	236,4745474
8371,256836	0,612527132	4,666041016	1,00789115793169	236,9150046
8381,256836	0,612050295	4,661902344	1,00770740793169	236,7048664
8391,256836	0,611901283	4,657709961	1,00779811893169	236,4920011
8401,256836	0,611811876	4,656748535	1,00765674493169	236,4431853
8411,256836	0,611782074	4,656449707	1,00769837493169	236,4280125
8421,256836	0,612318516	4,662901367	1,00774363693169	236,7555911
8431,256836	0,611782074	4,658459961	1,00789097193169	236,5300818
8441,256836	0,611156225	4,65127832	1,00766307793169	236,165439
8451,256836	0,611543655	4,654577637	1,00783565193169	236,3329595
8461,256836	0,611037016	4,650415039	1,00764715193169	236,1216065
8471,256836	0,611960888	4,656474609	1,00781329993169	236,4292769
8481,256836	0,611037016	4,650117676	1,00766018993169	236,106508
8491,256836	0,611245632	4,653584961	1,00782391693169	236,282557
8501,256836	0,611245632	4,65456543	1,00767397393169	236,3323397
8511,256836	0,612199306	4,661852051	1,00775965593169	236,7023128
8521,256836	0,612139702	4,660956543	1,00763550993169	236,656844
8531,256836	0,611871481	4,659328613	1,00778740893169	236,574187
8541,256836	0,612080097	4,66123877	1,00783714193169	236,6711739
8551,256836	0,611335039	4,655677246	1,00783099493169	236,3887914
8561,256836	0,612288713	4,661215332	1,00768105193169	236,6699839
8571,256836	0,611871481	4,659941895	1,00803039093169	236,6053259
8581,256836	0,612616539	4,66601709	1,00784421993169	236,9137898
8591,256836	0,611633062	4,657806152	1,00786768893169	236,4968851
8601,256836	0,611960888	4,659479492	1,00784813093169	236,5818478
8611,256836	0,612318516	4,662922852	1,00765171493169	236,756682
8621,256836	0,612795353	4,669768066	1,00766829293169	237,104243
8631,256836	0,612616539	4,666693359	1,00776384693169	236,9481269
8641,256836	0,612735748	4,667507813	1,00777222893169	236,9894802
8651,256836	0,611811876	4,660044434	1,00771783893169	236,6105323
8661,256836	0,611722469	4,659613281	1,00777595393169	236,5886408
8671,256836	0,611573458	4,658324707	1,00770209993169	236,5232144
8681,256836	0,611573458	4,654084961	1,00778470793169	236,3079442
8691,256836	0,612944365	4,666845703	1,00777446393169	236,9558621
8701,256836	0,612795353	4,666210938	1,00789283493169	236,9236323
8711,256836	0,611901283	4,659075195	1,00778563993169	236,5613199
8721,256836	0,611662865	4,658855469	1,00775378793169	236,5501634
8731,256836	0,612944365	4,670699707	1,00791099593169	237,1515464
8741,256836	0,61288476	4,670497559	1,00788240393169	237,1412825
8751,256836	0,613301992	4,672180664	1,00781786293169	237,226741
8761,256836	0,612288713	4,666255371	1,00793902793169	236,9258884
8771,256836	0,612944365	4,672049316	1,00764892093169	237,2200719
8781,256836	0,612735748	4,669781738	1,00772053993169	237,1049372
8791,256836	0,612825155	4,670723145	1,00768691893169	237,1527365
8801,256836	0,613570213	4,676896484	1,00786712993169	237,4661835
8811,256836	0,611871481	4,661240234	1,00769893293169	236,6712483
8821,256836	0,612705946	4,666776367	1,00765413693169	236,9523416
8831,256836	0,612407923	4,664819824	1,00774419593169	236,8529995
8841,256836	0,61327219	4,672598633	1,00775788593169	237,2479631
8851,256836	0,612467527	4,667255371	1,00783192593169	236,9766627
8861,256836	0,613540411	4,678070313	1,00789283493169	237,5257838
8871,256836	0,613063574	4,670120117	1,00777762993169	237,1221182
8881,256836	0,612229109	4,663137695	1,00780929493169	236,7675905
8891,256836	0,612139702	4,663185059	1,00774158793169	236,7699954
8901,256836	0,612556934	4,668494629	1,00784487193169	237,0395851
8911,256836	0,613033772	4,671691895	1,00760840893169	237,2019241
8921,256836	0,613391399	4,674482422	1,00781432393169	237,3436112
8931,256836	0,612199306	4,666844238	1,00780910893169	236,9557877
8941,256836	0,611633062	4,659515625	1,00772622093169	236,5836824
8951,256836	0,612705946	4,668661621	1,00772351993169	237,048064
8961,256836	0,613451004	4,676742676	1,00776244993169	237,458374
8971,256836	0,612288713	4,66513623	1,00756212193169	236,8690648
8981,256836	0,612556934	4,66834668	1,00775956293169	237,0320731
8991,256836	0,61288476	4,66892041	1,00788203093169	237,0612039
9001,256836	0,612825155	4,66922998	1,00766922393169	237,0769221
9011,256836	0,613301992	4,674481934	1,00782335793169	237,3435864
9021,256836	0,613212585	4,674258789	1,00784356793169	237,3322564
9031,256836	0,614136457	4,683449219	1,00800831893169	237,7988941
9041,256836	0,613123178	4,675056641	1,00782093693169	237,3727667
9051,256836	0,613451004	4,6773125	1,00800366193169	237,4873064
9061,256836	0,61404705	4,683373535	1,00783993593169	237,7950513
9071,256836	0,612467527	4,670707031	1,00775965593169	237,1519183
9081,256836	0,612080097	4,66477832	1,00759574293169	236,8508921
9091,256836	0,613063574	4,672592773	1,00792459293169	237,2476656
9101,256836	0,612735748	4,668187012	1,00766009693169	237,0239661
9111,256836	0,612050295	4,663318848	1,00788370793169	236,7767884
9121,256836	0,613152981	4,674353516	1,00773171593169	237,337066
9131,256836	0,612616539	4,669043457	1,00771234393169	237,0674515
9141,256836	0,613301992	4,675842773	1,00783937693169	237,4126821
9151,256836	0,613063574	4,675775879	1,00782475493169	237,4092855
9161,256836	0,61327219	4,677743164	1,00779588393169	237,5091731
9171,256836	0,613451004	4,67572168	1,00775546493169	237,4065336
9181,256836	0,613212585	4,673257324	1,00806736493169	237,2814077
9191,256836	0,61327219	4,673908203	1,00774354393169	237,3144556
9201,256836	0,61237812	4,666994629	1,00779364893169	236,9634237
9211,256836	0,613123178	4,670551758	1,00769176193169	237,1440344
9221,256836	0,613301992	4,67352002	1,00790401093169	237,2947459
9231,256836	0,613212585	4,670890137	1,00770219293169	237,1612154
9241,256836	0,613033772	4,670415527	1,00763411293169	237,1371174
9251,256836	0,613301992	4,672300293	1,00770973693169	237,2328151
9261,256836	0,613301992	4,675508301	1,00769101693169	237,3956995
9271,256836	0,613570213	4,678893555	1,00781022593169	237,5675834
9281,256836	0,613719225	4,677771973	1,00793064593169	237,5106358
9291,256836	0,613212585	4,673285645	1,00772985293169	237,2828456
9301,256836	0,613570213	4,674944824	1,00771280993169	237,3670893
9311,256836	0,613480806	4,67598291	1,00798130993169	237,4197974
9321,256836	0,613033772	4,671431641	1,00796184593169	237,1887099
9331,256836	0,613212585	4,672418457	1,00779569793169	237,2388148
9341,256836	0,61288476	4,668853516	1,00778992393169	237,0578073
9351,256836	0,613391399	4,672200195	1,00791323093169	237,2277327
9361,256836	0,613033772	4,670580078	1,00777315993169	237,1454724
9371,256836	0,614345074	4,681451172	1,00780026093169	237,6974446
9381,256836	0,613808632	4,679794434	1,00782568593169	237,6133249
9391,256836	0,613898039	4,678339355	1,00765516093169	237,5394443
9401,256836	0,614196062	4,679098633	1,00766894493169	237,5779961
9411,256836	0,61377883	4,676332031	1,00785595393169	237,4375238
9421,256836	0,61377883	4,675081543	1,00793306793169	237,3740311
9431,256836	0,614464283	4,682092773	1,00771504493169	237,7300215
9441,256836	0,613451004	4,673977539	1,00766847893169	237,3179761
9451,256836	0,614345074	4,679728516	1,00763895593169	237,6099779
9461,256836	0,612974167	4,667767578	1,00752905993169	237,0026696
9471,256836	0,612974167	4,66789502	1,00783378893169	237,0091404
9481,256836	0,613957644	4,67695459	1,00788538393169	237,4691338
9491,256836	0,613689423	4,674269043	1,00779346293169	237,332777
9501,256836	0,614106655	4,678713867	1,00779830593169	237,5584599
9511,256836	0,613540411	4,674271973	1,00757748893169	237,3329258
9521,256836	0,613301992	4,672622559	1,00782307893169	237,2491779
9531,256836	0,613361597	4,672293945	1,00780603593169	237,2324928
9541,256836	0,614434481	4,681309082	1,00787243893169	237,6902301
9551,256836	0,613629818	4,675281738	1,00763187793169	237,3841959
9561,256836	0,613957644	4,67753125	1,00781050593169	237,4984133
9571,256836	0,613212585	4,673736816	1,00781329993169	237,3057536
9581,256836	0,613719225	4,675066895	1,00762303093169	237,3732874
9591,256836	0,614523888	4,682049805	1,00771560393169	237,7278398
9601,256836	0,613808632	4,679942871	1,00784794493169	237,6208617
9611,256836	0,613719225	4,675947266	1,00775779293169	237,4179876
9621,256836	0,613301992	4,673848145	1,00773432393169	237,3114062
9631,256836	0,614523888	4,683724121	1,00778126193169	237,812852
9641,256836	0,614196062	4,679965332	1,00773255393169	237,6220021
9651,256836	0,613689423	4,67419043	1,00773385793169	237,3287855
9661,256836	0,614136457	4,67887793	1,00771001593169	237,56679
9671,256836	0,613033772	4,669487793	1,00774503393169	237,0900123
9681,256836	0,61404705	4,677126953	1,00786116993169	237,4778854
9691,256836	0,613957644	4,679069336	1,00787821293169	237,5765086
9701,256836	0,614851713	4,686702148	1,00781329993169	237,9640593
9711,256836	0,613957644	4,67913623	1,00782726993169	237,5799051
9721,256836	0,613152981	4,671163574	1,00781451093169	237,175099
9731,256836	0,614017248	4,678736328	1,00771523193169	237,5596003
9741,256836	0,614017248	4,680655273	1,00781525593169	237,6570334
9751,256836	0,614613295	4,684503418	1,00788836393169	237,8524203
9761,256836	0,614464283	4,682716797	1,00772696593169	237,7617059
9771,256836	0,615119934	4,688592773	1,00781711793169	238,0600545
9781,256836	0,614523888	4,68363916	1,00781674593169	237,8085382
9791,256836	0,614285469	4,682101563	1,00786545393169	237,7304678
9801,256836	0,614434481	4,682191895	1,00779746693169	237,7350543
9811,256836	0,613689423	4,677273438	1,00778126193169	237,4853231
9821,256836	0,615179539	4,68872998	1,00769632593169	238,0670211
9831,256836	0,613898039	4,677538086	1,00768263493169	237,4987604
9841,256836	0,61404705	4,679356934	1,00788398693169	237,5911111
9851,256836	0,614374876	4,68165918	1,00777008593169	237,7080061
9861,256836	0,615090132	4,687186035	1,00757320493169	237,9886283
9871,256836	0,614523888	4,680899414	1,00768850293169	237,6694295
9881,256836	0,613868237	4,675839844	1,00781870193169	237,4125333
9891,256836	0,614464283	4,682067871	1,00786275293169	237,7287571
9901,256836	0,615179539	4,689090332	1,00789506993169	238,0853177
9911,256836	0,615179539	4,686981934	1,00779588393169	237,9782652
9921,256836	0,613391399	4,673360352	1,00779113393169	237,2866388
9931,256836	0,615298748	4,689098145	1,00787197293169	238,0857144
9941,256836	0,614106655	4,676026855	1,00768142493169	237,4220287
9951,256836	0,614762306	4,684137695	1,00783956293169	237,833851
9961,256836	0,615030527	4,687055664	1,00769492893169	237,9820088
9971,256836	0,615090132	4,68735498	1,00769045793169	237,9972064
9981,256836	0,614851713	4,686610352	1,00777427693169	237,9593984
9991,256836	0,614345074	4,682148438	1,00778917893169	237,7328478
10001,25684	0,614643097	4,685663574	1,00793865593169	237,9113264
10011,25684	0,613152981	4,67082666	1,00783118093169	237,1579924
10021,25684	0,613123178	4,669805664	1,00783257793169	237,106152
10031,25684	0,614613295	4,681237305	1,00774372993169	237,6865857
10041,25684	0,613451004	4,672989258	1,00763988793169	237,2677968
10051,25684	0,614464283	4,680052734	1,00768691893169	237,6264399
10061,25684	0,614434481	4,681103027	1,00761194793169	237,6797678
10071,25684	0,614792109	4,685490234	1,00775686193169	237,9025252
10081,25684	0,61404705	4,680119629	1,00790829493169	237,6298365
10091,25684	0,612825155	4,667389648	1,00771895693169	236,9834805
10101,25684	0,612825155	4,664845215	1,00784878293169	236,8542886
10111,25684	0,614285469	4,681187012	1,00787141393169	237,6840321
10121,25684	0,613868237	4,677437012	1,00782931893169	237,4936284
10131,25684	0,614196062	4,679793945	1,00803299893169	237,6133001
10141,25684	0,61377883	4,677535645	1,00788314893169	237,4986364
10151,25684	0,613868237	4,67648877	1,00789236893169	237,4454821
10161,25684	0,613868237	4,677775879	1,00777688493169	237,5108342
10171,25684	0,615030527	4,688455566	1,00791127493169	238,0530879
10181,25684	0,613868237	4,678870117	1,00787560493169	237,5663934
10191,25684	0,613629818	4,675821289	1,00772026093169	237,4115912
10201,25684	0,613123178	4,671746582	1,00784049393169	237,2047008
10211,25684	0,613629818	4,676525879	1,00773786293169	237,4473663
10221,25684	0,612944365	4,667288574	1,00760179593169	236,9783485
10231,25684	0,613301992	4,674729492	1,00777576793169	237,356156
10241,25684	0,612705946	4,66762793	1,00777204193169	236,9955791
10251,25684	0,613719225	4,676269531	1,00777287993169	237,4343504
10261,25684	0,613301992	4,675220215	1,00787299793169	237,3810721
10271,25684	0,613033772	4,67170752	1,00793148493169	237,2027174
10281,25684	0,613301992	4,673085938	1,00778824693169	237,2727056
10291,25684	0,613212585	4,672820313	1,00784170493169	237,2592187
10301,25684	0,612974167	4,672212891	1,00795113593169	237,2283773
10311,25684	0,613570213	4,677554199	1,00785837593169	237,4995785
10321,25684	0,612229109	4,66505957	1,00782279893169	236,8651724
10331,25684	0,612646341	4,663796387	1,00758559093169	236,8010351
10341,25684	0,613361597	4,670373047	1,00776412593169	237,1349605
10351,25684	0,613301992	4,671491699	1,00791416193169	237,1917593
10361,25684	0,613152981	4,669962402	1,00783332293169	237,1141103
10371,25684	0,612616539	4,665723145	1,00757488093169	236,8988649
10381,25684	0,612527132	4,665344238	1,00777474293169	236,8796262
10391,25684	0,613033772	4,669964844	1,00785017993169	237,1142343
10401,25684	0,613480806	4,671928223	1,00780473193169	237,2139235
10411,25684	0,612825155	4,666898438	1,00787355593169	236,9585396
10421,25684	0,613123178	4,670237305	1,00785241493169	237,1280683
10431,25684	0,612467527	4,664781738	1,00778815393169	236,8510657
10441,25684	0,612944365	4,668003418	1,00779988893169	237,0146442
10451,25684	0,612974167	4,66664209	1,00776393993169	236,9455237
10461,25684	0,612288713	4,66176416	1,00773748993169	236,6978502
10471,25684	0,612556934	4,661722656	1,00773273993169	236,6957429
10481,25684	0,61237812	4,660873047	1,00782410293169	236,6526046
10491,25684	0,612616539	4,665298828	1,00796482593169	236,8773205
10501,25684	0,612735748	4,666018555	1,00758158693169	236,9138642
10511,25684	0,612944365	4,66882373	1,00771746693169	237,056295
10521,25684	0,613451004	4,670978027	1,00783155393169	237,165678
10531,25684	0,613301992	4,670767578	1,00785614093169	237,1549925
10541,25684	0,613540411	4,672864258	1,00781311393169	237,26145
10551,25684	0,612944365	4,667456055	1,00769474193169	236,9868522
10561,25684	0,612616539	4,665278809	1,00768375293169	236,8763041
10571,25684	0,61327219	4,670858887	1,00781627993169	237,1596287
10581,25684	0,612735748	4,664997559	1,00783593093169	236,8620238
10591,25684	0,612556934	4,663177734	1,00784934193169	236,7696235
10601,25684	0,613033772	4,666780762	1,00770116893169	236,9525647
10611,25684	0,612407923	4,663268066	1,00782177493169	236,77421
10621,25684	0,613629818	4,671705078	1,00780054093169	237,2025935
10631,25684	0,612735748	4,66603125	1,00788938893169	236,9145088
10641,25684	0,613152981	4,670199707	1,00793511693169	237,1261593
10651,25684	0,613808632	4,674984375	1,00763076093169	237,3690975
10661,25684	0,614136457	4,679274414	1,00780249693169	237,5869213
10671,25684	0,613391399	4,671632324	1,00783155393169	237,1988994
10681,25684	0,613033772	4,669537109	1,00779811893169	237,0925163
10691,25684	0,613123178	4,671203125	1,00781255493169	237,1771071
10701,25684	0,613570213	4,673299316	1,00781851493169	237,2835398
10711,25684	0,614225864	4,679499023	1,00782270593169	237,5983256
10721,25684	0,613719225	4,675366211	1,00782624493169	237,3884849
10731,25684	0,613361597	4,672072754	1,00775611693169	237,2212619
10741,25684	0,612974167	4,667601563	1,00769865393169	236,9942403
10751,25684	0,613540411	4,672522949	1,00781907393169	237,2441203
10761,25684	0,613629818	4,674456543	1,00765059793169	237,3422972
10771,25684	0,613898039	4,675038574	1,00782289193169	237,3718494
10781,25684	0,613808632	4,675618652	1,00764873493169	237,4013025
10791,25684	0,613063574	4,6704375	1,00764333293169	237,1382331
10801,25684	0,613629818	4,675119141	1,00776906193169	237,3759401
10811,25684	0,613898039	4,676068848	1,00768785093169	237,4241608
10821,25684	0,614106655	4,678691406	1,00803039093169	237,5573194
10831,25684	0,613689423	4,67647998	1,00775863093169	237,4450358
10841,25684	0,614017248	4,677987305	1,00782969093169	237,5215692
10851,25684	0,613868237	4,678192383	1,00794377793169	237,5319819
10861,25684	0,61455369	4,683878906	1,00777567393169	237,8207112
10871,25684	0,613540411	4,67492334	1,00780808393169	237,3659985
10881,25684	0,613719225	4,67567041	1,00775546493169	237,4039304
10891,25684	0,613540411	4,672328613	1,00777790993169	237,234253
10901,25684	0,613689423	4,675569824	1,00765069093169	237,3988233
10911,25684	0,613868237	4,676833984	1,00781935293169	237,4630101
10921,25684	0,614702702	4,684240234	1,00790941193169	237,8390573
10931,25684	0,613719225	4,67801416	1,00766028393169	237,5229327
10941,25684	0,61404705	4,678062012	1,00769381093169	237,5253624
10951,25684	0,613570213	4,672597656	1,00771020193169	237,2479135
10961,25684	0,613301992	4,670776855	1,00758987593169	237,1554636
10971,25684	0,613808632	4,674607422	1,00783537193169	237,349958
10981,25684	0,613957644	4,675330078	1,00781655893169	237,3866503
10991,25684	0,613391399	4,670806641	1,00789739793169	237,1569759
11001,25684	0,613451004	4,670005859	1,00782354393169	237,1163168
11011,25684	0,614017248	4,677702148	1,00787094893169	237,5070906
11021,25684	0,613808632	4,673382813	1,00779197293169	237,2877793
11031,25684	0,613570213	4,672901855	1,00768440493169	237,263359
11041,25684	0,613689423	4,673487305	1,00783453393169	237,2930848
11051,25684	0,614345074	4,678411621	1,00795849293169	237,5431135
11061,25684	0,614434481	4,679251465	1,00766829293169	237,585756
11071,25684	0,613808632	4,675541992	1,00773413693169	237,3974101
11081,25684	0,614345074	4,678524902	1,00766922393169	237,5488653
11091,25684	0,614225864	4,676443848	1,00768524293169	237,4432012
11101,25684	0,61377883	4,672916016	1,00775788593169	237,264078
11111,25684	0,614434481	4,679808105	1,00762405493169	237,6140191
11121,25684	0,614017248	4,676571777	1,00778740893169	237,4496967
11131,25684	0,61404705	4,676514648	1,00757990993169	237,4467961
11141,25684	0,613957644	4,676280273	1,00778014493169	237,4348958
11151,25684	0,613868237	4,674314941	1,00778927193169	237,3351075
11161,25684	0,614523888	4,679458008	1,00776040093169	237,5962431
11171,25684	0,614285469	4,678980957	1,00780491793169	237,5720212
11181,25684	0,614434481	4,681676758	1,00786815493169	237,7088986
11191,25684	0,614374876	4,681108398	1,00792207793169	237,6800405
11201,25684	0,614792109	4,688085938	1,00790168193169	238,0343203
11211,25684	0,614643097	4,68676123	1,00790624593169	237,9670592
11221,25684	0,614434481	4,67971875	1,00780435893169	237,6094821
11231,25684	0,613540411	4,673858887	1,00781385893169	237,3119516
11241,25684	0,614702702	4,683740723	1,00794629293169	237,813695
11251,25684	0,614017248	4,676494629	1,00775071493169	237,4457796
11261,25684	0,613540411	4,672312012	1,00763998093169	237,2334101
11271,25684	0,613898039	4,675759766	1,00774093593169	237,4084674
11281,25684	0,614225864	4,676976563	1,00755457793169	237,4702494
11291,25684	0,61455369	4,682873047	1,00782950493169	237,7696393
11301,25684	0,615179539	4,687139648	1,00786498793169	237,9862731
11311,25684	0,614702702	4,682641602	1,00775341593169	237,7578879
11321,25684	0,614762306	4,684200195	1,00809912293169	237,8370244
11331,25684	0,614434481	4,682194824	1,00782391693169	237,7352031
11341,25684	0,614196062	4,676842773	1,00777558093169	237,4634564
11351,25684	0,613957644	4,674417969	1,00767080793169	237,3403386
11361,25684	0,613808632	4,672444824	1,00770126193169	237,2401536
11371,25684	0,613540411	4,671325195	1,00784040093169	237,1833052
11381,25684	0,614374876	4,678039063	1,00786005193169	237,5241971
11391,25684	0,614434481	4,68045752	1,00779113393169	237,6469926
11401,25684	0,61404705	4,677296387	1,00784244993169	237,4864883
11411,25684	0,615090132	4,683564941	1,00772445193169	237,8047698
11421,25684	0,614225864	4,678833984	1,00777586093169	237,5645587
11431,25684	0,614762306	4,680145508	1,00779523193169	237,6311504
11441,25684	0,614762306	4,682579102	1,00787439493169	237,7547145
11451,25684	0,614345074	4,679553223	1,00777287993169	237,6010776
11461,25684	0,614702702	4,683224609	1,00784272993169	237,7874897
11471,25684	0,615179539	4,688300781	1,00789525593169	238,0452288
11481,25684	0,615090132	4,686629883	1,00785120493169	237,9603901
11491,25684	0,614881516	4,685411133	1,00780491793169	237,8985089
11501,25684	0,614970922	4,684219727	1,00776347393169	237,8380161
11511,25684	0,615119934	4,687151855	1,00787951693169	237,9868929
11521,25684	0,615030527	4,687524902	1,00779364893169	238,0058341
11531,25684	0,614702702	4,682530273	1,00778684993169	237,7522353
11541,25684	0,614196062	4,678925293	1,00785343993169	237,5691949
11551,25684	0,614792109	4,681655273	1,00786135593169	237,7078077
11561,25684	0,614851713	4,683400391	1,00786787493169	237,7964149
11571,25684	0,614762306	4,683325684	1,00781627993169	237,7926217
11581,25684	0,615090132	4,686471191	1,00766130793169	237,9523326
11591,25684	0,615298748	4,688993652	1,00794219493169	238,0804089
11601,25684	0,615090132	4,684755859	1,00780072693169	237,8652378
11611,25684	0,613808632	4,673604492	1,00777111093169	237,2990349
11621,25684	0,614285469	4,677873047	1,00774000493169	237,5157678
11631,25684	0,614374876	4,678084473	1,00767592993169	237,5265028
11641,25684	0,614523888	4,680212891	1,00772948093169	237,6345718
11651,25684	0,614523888	4,679049316	1,00802331293169	237,5754921
11661,25684	0,615179539	4,686376953	1,00764510293169	237,9475478
11671,25684	0,615030527	4,683769531	1,00781590793169	237,8151577
11681,25684	0,614881516	4,680964844	1,00785502293169	237,6727517
11691,25684	0,614434481	4,677967773	1,00772463793169	237,5205775
11701,25684	0,614136457	4,677369629	1,00789199693169	237,4902071
11711,25684	0,614762306	4,680478516	1,00766587093169	237,6480587
11721,25684	0,614643097	4,680004883	1,00760282093169	237,6240103
11731,25684	0,615179539	4,684962891	1,00784794493169	237,8757497
11741,25684	0,614702702	4,680910156	1,00777204193169	237,6699749
11751,25684	0,614881516	4,683332031	1,00766773393169	237,792944
11761,25684	0,615268946	4,685552734	1,00773544093169	237,9056986
11771,25684	0,615030527	4,684374512	1,00800859793169	237,8458752
11781,25684	0,615090132	4,682433105	1,00779551193169	237,7473016
11791,25684	0,615090132	4,684252441	1,00762275093169	237,8396771
11801,25684	0,614613295	4,680326172	1,00789963293169	237,6403235
11811,25684	0,614970922	4,684220703	1,00790885393169	237,8380657
11821,25684	0,615358353	4,687037109	1,00807732993169	237,9810667
11831,25684	0,615090132	4,683463379	1,00760794293169	237,799613
11841,25684	0,614523888	4,678439453	1,00771197193169	237,5445267
11851,25684	0,615537167	4,68682959	1,00775118093169	237,9705301
11861,25684	0,614851713	4,681950684	1,00762023693169	237,722807
11871,25684	0,614762306	4,682556641	1,00766456793169	237,753574
11881,25684	0,615209341	4,684940918	1,00786899293169	237,8746341
11891,25684	0,615030527	4,685090332	1,00781693193169	237,8822205
11901,25684	0,615119934	4,685683594	1,00793409193169	237,9123429
11911,25684	0,614225864	4,677394043	1,00771299593169	237,4914467
11921,25684	0,614285469	4,674726074	1,00767676793169	237,3559824
11931,25684	0,615030527	4,681251953	1,00791444093169	237,6873294
11941,25684	0,614345074	4,676125977	1,00788556993169	237,4270615
11951,25684	0,61494112	4,679390625	1,00774819993169	237,5928218
11961,25684	0,615179539	4,681547363	1,00789572193169	237,7023287
11971,25684	0,614285469	4,674809082	1,00762358893169	237,3601971
11981,25684	0,614374876	4,676380859	1,00790699093169	237,440003
11991,25684	0,614643097	4,677337891	1,00763457893169	237,4885956
12001,25684	0,614523888	4,67641748	1,00783956293169	237,4418624
12011,25684	0,613957644	4,671848633	1,00778545293169	237,2098823
12021,25684	0,614643097	4,678644531	1,00784561693169	237,5549394
12031,25684	0,614523888	4,676563965	1,00797106593169	237,4493001
12041,25684	0,615119934	4,681354492	1,00769837493169	237,6925358
12051,25684	0,615209341	4,682478516	1,00774196093169	237,7496073
12061,25684	0,615507364	4,689397461	1,00781106493169	238,100912
12071,25684	0,614464283	4,679629883	1,00783211293169	237,6049699
12081,25684	0,615537167	4,68484668	1,00777166993169	237,8698492
12091,25684	0,615596771	4,687150879	1,00771197193169	237,9868433
12101,25684	0,615268946	4,686719727	1,00785213593169	237,9649518
12111,25684	0,616014004	4,691307617	1,00767574393169	238,1978988
12121,25684	0,61455369	4,679253418	1,00774140193169	237,5858552
12131,25684	0,614792109	4,678526855	1,00790009893169	237,5489645
12141,25684	0,614881516	4,679708008	1,00783416093169	237,6089367
12151,25684	0,615268946	4,686096191	1,00784999393169	237,9332923
12161,25684	0,614792109	4,680233887	1,00786005193169	237,6356378
12171,25684	0,615030527	4,681493164	1,00789600093169	237,6995767
12181,25684	0,615090132	4,68366748	1,00775686193169	237,8099762
12191,25684	0,614464283	4,67765625	1,00771215793169	237,5047601
12201,25684	0,615596771	4,687075195	1,00767816493169	237,9830005
12211,25684	0,61455369	4,678315918	1,00771318293169	237,5382543
12221,25684	0,615298748	4,68316748	1,00778610493169	237,784589
12231,25684	0,614851713	4,682029785	1,00781329993169	237,7268233
12241,25684	0,615119934	4,682155273	1,00772929493169	237,7331949
12251,25684	0,614523888	4,677667969	1,00774624493169	237,5053551
12261,25684	0,615030527	4,680709961	1,00780435893169	237,6598102
12271,25684	0,615537167	4,686635254	1,00790037893169	237,9606628
12281,25684	0,61455369	4,678093262	1,00779197293169	237,5269491
12291,25684	0,614792109	4,678674805	1,00769567393169	237,5564765
12301,25684	0,615030527	4,681814941	1,00768934093169	237,7159148
12311,25684	0,614970922	4,678226563	1,00784133293169	237,5337173
12321,25684	0,614523888	4,675739746	1,00758223893169	237,4074509
12331,25684	0,614613295	4,676387695	1,00752617293169	237,4403501
12341,25684	0,614225864	4,674287598	1,00779010993169	237,3337191
12351,25684	0,615924597	4,687516602	1,00790382393169	238,0054126
12361,25684	0,615388155	4,685152344	1,00787439493169	237,8853691
12371,25684	0,614434481	4,674846191	1,00781739793169	237,3620813
12381,25684	0,614702702	4,679066895	1,00767173893169	237,5763846
12391,25684	0,614851713	4,680382813	1,00789879493169	237,6431994
12401,25684	0,615119934	4,682743652	1,00770703593169	237,7630694
12411,25684	0,615090132	4,684197754	1,00774065693169	237,8369004
12421,25684	0,614792109	4,67935791	1,00775779293169	237,5911607
12431,25684	0,614523888	4,679663086	1,00783257793169	237,6066558
12441,25684	0,614762306	4,678481934	1,00767732693169	237,5466836
12451,25684	0,614970922	4,682279297	1,00774046993169	237,7394921
12461,25684	0,614970922	4,680054688	1,00762209893169	237,6265391
12471,25684	0,615358353	4,685410156	1,00770535993169	237,8984593
12481,25684	0,615119934	4,682225098	1,00781972593169	237,7367402
12491,25684	0,614643097	4,679094238	1,00777390493169	237,577773
12501,25684	0,614434481	4,677134277	1,00780678093169	237,4782573
12511,25684	0,615268946	4,681878418	1,00773935293169	237,7191377
12521,25684	0,614762306	4,67910791	1,00779159993169	237,5784671
12531,25684	0,615209341	4,682017578	1,00784012193169	237,7262035
12541,25684	0,614762306	4,680111816	1,00758661593169	237,6294398
12551,25684	0,614225864	4,674705566	1,00774223993169	237,3549412
12561,25684	0,614136457	4,674057129	1,00770219293169	237,3220172
12571,25684	0,614851713	4,678665039	1,00772528993169	237,5559807
12581,25684	0,614106655	4,67387207	1,00769595293169	237,312621
12591,25684	0,614017248	4,673530273	1,00777325293169	237,2952665
12601,25684	0,615090132	4,684214844	1,00792943593169	237,8377682
12611,25684	0,614017248	4,674193848	1,00789357993169	237,328959
12621,25684	0,614196062	4,675907227	1,00774345093169	237,4159546
12631,25684	0,614881516	4,681935547	1,00787271793169	237,7220384
12641,25684	0,614702702	4,67950293	1,00789749093169	237,598524
12651,25684	0,614374876	4,677130859	1,00793325393169	237,4780837
12661,25684	0,614136457	4,673373047	1,00780808393169	237,2872834
12671,25684	0,614792109	4,678595215	1,00780864293169	237,5524354
12681,25684	0,614613295	4,678735352	1,00769073793169	237,5595507
12691,25684	0,613898039	4,673408691	1,00784049393169	237,2890932
12701,25684	0,614702702	4,679746582	1,00793781793169	237,6108953
12711,25684	0,613957644	4,673357422	1,00772743193169	237,2864901
12721,25684	0,615030527	4,683068359	1,00770126193169	237,7795562
12731,25684	0,614345074	4,679313965	1,00769967893169	237,5889294
12741,25684	0,613391399	4,667236816	1,00771895693169	236,9757206
12751,25684	0,612944365	4,664842285	1,00791565193169	236,8541399
12761,25684	0,614017248	4,670675293	1,00777027293169	237,1503068
12771,25684	0,613570213	4,668321777	1,00764631393169	237,0308087
12781,25684	0,612556934	4,659950684	1,00782736293169	236,6057722
12791,25684	0,614017248	4,674408203	1,00782857393169	237,3398428
12801,25684	0,613868237	4,671100098	1,00773283393169	237,171876
12811,25684	0,614374876	4,674776367	1,00778545293169	237,358536
12821,25684	0,61404705	4,673376465	1,00771253093169	237,287457
12831,25684	0,614345074	4,675052734	1,00778070393169	237,3725684
12841,25684	0,614017248	4,674228027	1,00776943493169	237,3306945
12851,25684	0,613301992	4,667000488	1,00777669893169	236,9637212
12861,25684	0,613123178	4,664424316	1,00791043693169	236,8329178
12871,25684	0,613540411	4,670419922	1,00784272993169	237,1373405
12881,25684	0,614017248	4,671272949	1,00793893493169	237,1806524
12891,25684	0,613808632	4,672368652	1,00788165893169	237,236286
12901,25684	0,613629818	4,670192871	1,00776962093169	237,1258122
12911,25684	0,613212585	4,666137695	1,00782307893169	236,9199134
12921,25684	0,614106655	4,674619141	1,00766680293169	237,350553
12931,25684	0,614136457	4,674462891	1,00784356793169	237,3426195
12941,25684	0,61404705	4,672397949	1,00779392793169	237,2377735
12951,25684	0,612795353	4,660564941	1,00773143693169	236,6369607
12961,25684	0,61377883	4,670894531	1,00787271793169	237,1614385
12971,25684	0,61404705	4,672414551	1,00788454593169	237,2386164
12981,25684	0,614106655	4,675273438	1,00802377893169	237,3837744
12991,25684	0,613629818	4,669062012	1,00761278593169	237,0683936
13001,25684	0,613689423	4,669236328	1,00779066893169	237,0772444
13011,25684	0,614017248	4,671955078	1,00783388193169	237,215287
13021,25684	0,614523888	4,676166992	1,00787681593169	237,4291441
13031,25684	0,613689423	4,669747559	1,00769315893169	237,1032018
13041,25684	0,613898039	4,673326172	1,00783555793169	237,2849034
13051,25684	0,613898039	4,670284668	1,00758028293169	237,1304731
13061,25684	0,614285469	4,674161621	1,00798754993169	237,3273227
13071,25684	0,614762306	4,676691895	1,00776766493169	237,4557956
13081,25684	0,614225864	4,672829102	1,00773246093169	237,259665
13091,25684	0,614225864	4,671878906	1,00777185593169	237,2114195
13101,25684	0,613480806	4,666858887	1,00776505693169	236,9565314
13111,25684	0,613719225	4,668504883	1,00767928293169	237,0401058
13121,25684	0,61377883	4,668227051	1,00775611693169	237,025999
13131,25684	0,613808632	4,669628418	1,00802377893169	237,0971525
13141,25684	0,61404705	4,671458984	1,00790643193169	237,1900982
13151,25684	0,613719225	4,668018555	1,00775490593169	237,0154128
13161,25684	0,614285469	4,674073242	1,00770712893169	237,3228353
13171,25684	0,613957644	4,67207959	1,00776868993169	237,221609
13181,25684	0,614345074	4,674493652	1,00782792193169	237,3441814
13191,25684	0,614196062	4,671655273	1,00767415993169	237,2000647
13201,25684	0,614374876	4,673237793	1,00772202993169	237,280416
13211,25684	0,614613295	4,677863281	1,00790065793169	237,515272
13221,25684	0,614702702	4,678658203	1,00794638593169	237,5556336
13231,25684	0,61455369	4,676265625	1,00780528993169	237,4341521
13241,25684	0,615030527	4,678839844	1,00775704793169	237,5648562
13251,25684	0,614136457	4,670174805	1,00762126093169	237,1248949
13261,25684	0,614792109	4,678149414	1,00771644193169	237,5298002
13271,25684	0,61494112	4,678515625	1,00777911993169	237,5483943
13281,25684	0,614523888	4,675455566	1,00770237893169	237,3930219
13291,25684	0,614345074	4,674071289	1,00788435993169	237,3227362
13301,25684	0,614285469	4,673680176	1,00780026093169	237,3028777
13311,25684	0,614345074	4,675985352	1,00793651393169	237,4199214
13321,25684	0,61455369	4,676039551	1,00771215793169	237,4226733
13331,25684	0,615358353	4,685098145	1,00763550993169	237,8826171
13341,25684	0,614792109	4,680392578	1,00772221693169	237,6436953
13351,25684	0,614970922	4,681481445	1,00767946893169	237,6989817
13361,25684	0,614643097	4,678269043	1,00794368493169	237,5358742
13371,25684	0,614225864	4,675364746	1,00806699193169	237,3884106
13381,25684	0,614792109	4,679046875	1,00787178693169	237,5753681
13391,25684	0,614196062	4,672401367	1,00763513793169	237,2379471
13401,25684	0,614434481	4,673256348	1,00767136593169	237,2813581
13411,25684	0,614225864	4,672526855	1,00768412493169	237,2443186
13421,25684	0,614464283	4,673939453	1,00776971393169	237,3160423
13431,25684	0,614345074	4,672487793	1,00773413693169	237,2423353
13441,25684	0,614613295	4,675237793	1,00774223993169	237,3819646
13451,25684	0,614136457	4,674180176	1,00776086593169	237,3282648
13461,25684	0,615268946	4,680624512	1,00764594093169	237,6554715
13471,25684	0,615119934	4,681429199	1,00797851593169	237,696329
13481,25684	0,615298748	4,683296875	1,00774503393169	237,7911589
13491,25684	0,615298748	4,685306641	1,00777343893169	237,8932034
13501,25684	0,614702702	4,678845215	1,00771197193169	237,565129
13511,25684	0,615119934	4,679089844	1,00775276393169	237,5775498
13521,25684	0,614970922	4,679667969	1,00787979593169	237,6069037
13531,25684	0,614702702	4,678987305	1,00772687293169	237,5723435
13541,25684	0,615686178	4,685908203	1,00782205393169	237,9237473
13551,25684	0,615119934	4,68135498	1,00770815393169	237,6925606
13561,25684	0,615358353	4,68675	1,00781264793169	237,966489
13571,25684	0,615507364	4,686843262	1,00773767593169	237,9712243
13581,25684	0,614792109	4,680854492	1,00791025093169	237,6671486
13591,25684	0,614762306	4,677585938	1,00771243793169	237,50119
13601,25684	0,614970922	4,683407715	1,00769883993169	237,7967867
13611,25684	0,614434481	4,67662793	1,00770554593169	237,4525478
13621,25684	0,614881516	4,676916504	1,00787141393169	237,4672
13631,25684	0,61455369	4,67548291	1,00777949293169	237,3944103
13641,25684	0,615119934	4,680773438	1,00767183193169	237,6630331
13651,25684	0,614017248	4,671789063	1,00770182093169	237,2068577
13661,25684	0,615179539	4,679652832	1,00774503393169	237,6061352
13671,25684	0,614792109	4,68102832	1,00792543093169	237,6759746
13681,25684	0,614106655	4,670370117	1,00775322993169	237,1348117
13691,25684	0,614136457	4,670352539	1,00768719893169	237,1339192
13701,25684	0,614643097	4,67671875	1,00788985493169	237,4571592
13711,25684	0,615209341	4,681875	1,00763392693169	237,7189642
13721,25684	0,613808632	4,669225586	1,00782540693169	237,076699
13731,25684	0,614881516	4,678005371	1,00777707093169	237,5224865
13741,25684	0,615388155	4,682564941	1,00769390393169	237,7539955
13751,25684	0,615298748	4,682928223	1,00769651193169	237,7724409
13761,25684	0,614285469	4,67573584	1,00798531493169	237,4072526
13771,25684	0,614762306	4,679437012	1,00771960893169	237,595177
13781,25684	0,614851713	4,678834473	1,00767080793169	237,5645835
13791,25684	0,615179539	4,681748047	1,00782987693169	237,7125182
13801,25684	0,614851713	4,679489746	1,00774084293169	237,5978546
13811,25684	0,614523888	4,67664209	1,00776328793169	237,4532668
13821,25684	0,615090132	4,680653809	1,00780417293169	237,6569591
13831,25684	0,615268946	4,680849121	1,00768999293169	237,6668759
13841,25684	0,615507364	4,684542969	1,00784813093169	237,8544285
13851,25684	0,616043806	4,688305176	1,00759285593169	238,0454519
13861,25684	0,614851713	4,677317871	1,00769679093169	237,4875791
13871,25684	0,614464283	4,67309082	1,00790065793169	237,2729536
13881,25684	0,614613295	4,675502441	1,00776906193169	237,395402
13891,25684	0,614345074	4,672903809	1,00774969093169	237,2634582
13901,25684	0,61494112	4,677907227	1,00761986393169	237,5175033
13911,25684	0,61494112	4,676620117	1,00785865493169	237,4521512
13921,25684	0,614881516	4,675556152	1,00781572093169	237,3981291
13931,25684	0,615358353	4,680365234	1,00758400793169	237,6423069
13941,25684	0,615090132	4,680417969	1,00769492893169	237,6449845
13951,25684	0,61544776	4,685448242	1,00776813093169	237,9003931
13961,25684	0,614613295	4,677154785	1,00768691893169	237,4792986
13971,25684	0,614762306	4,677517578	1,00764454393169	237,4977191
13981,25684	0,614970922	4,679466309	1,00782875993169	237,5966646
13991,25684	0,614970922	4,679407715	1,00786871393169	237,5936895
14001,25684	0,614881516	4,6778125	1,00768254193169	237,5126936
14011,25684	0,614792109	4,676052246	1,00785446393169	237,4233179
14021,25684	0,61455369	4,670533203	1,00788063393169	237,1430923
14031,25684	0,614792109	4,676644531	1,00772379993169	237,4533908
14041,25684	0,615358353	4,680422852	1,00786619893169	237,6452324
14051,25684	0,615924597	4,684372559	1,00787122793169	237,845776
14061,25684	0,614434481	4,671701172	1,00766326393169	237,2023951
14071,25684	0,615179539	4,678137695	1,00772929493169	237,5292051
14081,25684	0,615268946	4,67810791	1,00771299593169	237,5276928
14091,25684	0,615954399	4,686052734	1,00789339393169	237,9310858
14101,25684	0,615775585	4,686834473	1,00791648993169	237,970778
14111,25684	0,616103411	4,688094727	1,00788584993169	238,0347665
14121,25684	0,615090132	4,679088379	1,00775490593169	237,5774754
14131,25684	0,615298748	4,680068359	1,00774270593169	237,6272333
14141,25684	0,615268946	4,679285156	1,00784431293169	237,5874667
14151,25684	0,614970922	4,677108398	1,00785669893169	237,4769433
14161,25684	0,615209341	4,679757813	1,00790801493169	237,6114655
14171,25684	0,615626574	4,681942871	1,00789544293169	237,7224103
14181,25684	0,615030527	4,677284668	1,00776459193169	237,4858933
14191,25684	0,614851713	4,675495605	1,00781832893169	237,3950549
14201,25684	0,615209341	4,678731445	1,00775797893169	237,5593524
14211,25684	0,615358353	4,677796387	1,00763644193169	237,5118754
14221,25684	0,615119934	4,67665332	1,00784794493169	237,453837
14231,25684	0,614345074	4,669807129	1,00777222893169	237,1062264
14241,25684	0,615298748	4,676191406	1,00779327593169	237,4303837
14251,25684	0,614434481	4,67148584	1,00773013293169	237,1914618
14261,25684	0,614881516	4,675361816	1,00778005193169	237,3882618
14271,25684	0,614702702	4,672703613	1,00767555693169	237,2532934
14281,25684	0,615507364	4,678938477	1,00782251993169	237,5698643
14291,25684	0,615268946	4,677591309	1,00775201893169	237,5014627
14301,25684	0,615626574	4,68276709	1,00790801493169	237,7642594
14311,25684	0,616014004	4,686257813	1,00770917793169	237,9414985
14321,25684	0,615537167	4,682343262	1,00761269293169	237,7427399
14331,25684	0,615179539	4,678919434	1,00765357793169	237,5688974
14341,25684	0,614851713	4,676156738	1,00775807193169	237,4286234
14351,25684	0,614881516	4,676539063	1,00778256593169	237,4480357
14361,25684	0,615358353	4,680337402	1,00781432393169	237,6408937
14371,25684	0,614792109	4,676972656	1,00778433593169	237,4700511
14381,25684	0,614345074	4,671199219	1,00766400893169	237,1769088
14391,25684	0,615537167	4,684228027	1,00786778193169	237,8384375
14401,25684	0,614970922	4,676627441	1,00781460393169	237,452523
14411,25684	0,614643097	4,676609375	1,00780910893169	237,4516057
14421,25684	0,614881516	4,673633301	1,00773115693169	237,3004976
14431,25684	0,615030527	4,676552246	1,00776645393169	237,4487051
14441,25684	0,614762306	4,674981934	1,00773320593169	237,3689735
14451,25684	0,614374876	4,673397461	1,00785530293169	237,288523
14461,25684	0,61455369	4,673341797	1,00769502193169	237,2856967
14471,25684	0,614434481	4,672617676	1,00773599993169	237,24893
14481,25684	0,613719225	4,667712402	1,00761753593169	236,9998681
14491,25684	0,614523888	4,673523926	1,00797171793169	237,2949442
14501,25684	0,613808632	4,667817871	1,00781395193169	237,0052232
14511,25684	0,613689423	4,666126953	1,00770899193169	236,919368
14521,25684	0,613868237	4,668018555	1,00776170493169	237,0154128
14531,25684	0,613570213	4,663693359	1,00777837493169	236,795804
14541,25684	0,613540411	4,663873047	1,00785669893169	236,8049275
14551,25684	0,614374876	4,671405762	1,00772826993169	237,1873959
14561,25684	0,613808632	4,665342773	1,00773860793169	236,8795518
14571,25684	0,612735748	4,657609863	1,00766941093169	236,4869187
14581,25684	0,613540411	4,66441748	1,00760645293169	236,8325707
14591,25684	0,613570213	4,663631348	1,00779728093169	236,7926554
14601,25684	0,613719225	4,669325684	1,00786610593169	237,0817813
14611,25684	0,613152981	4,661029785	1,00783369593169	236,6605628
14621,25684	0,613719225	4,66501416	1,00789730493169	236,8628667
14631,25684	0,61288476	4,660562012	1,00783155393169	236,636812
14641,25684	0,612974167	4,657564941	1,00784775893169	236,4846378
14651,25684	0,613123178	4,659754395	1,00770126193169	236,5958058
14661,25684	0,61404705	4,669305176	1,00778610493169	237,0807401
14671,25684	0,613868237	4,66804541	1,00779392793169	237,0167763
14681,25684	0,613391399	4,663402832	1,00775276393169	236,7810527
14691,25684	0,612974167	4,658574707	1,00786005193169	236,5359079
14701,25684	0,614345074	4,669226563	1,00770321793169	237,0767485
14711,25684	0,613898039	4,66779541	1,00791881893169	237,0040828
14721,25684	0,614106655	4,668365234	1,00761334493169	237,0330152
14731,25684	0,614225864	4,669072266	1,00786526793169	237,0689142
14741,25684	0,613629818	4,664757324	1,00781721093169	236,8498261
14751,25684	0,613957644	4,666905762	1,00784161193169	236,9589115
14761,25684	0,614702702	4,673631836	1,00787513993169	237,3004233
14771,25684	0,613957644	4,666305176	1,00783816593169	236,9284172
14781,25684	0,614225864	4,66962793	1,00766950393169	237,0971277
14791,25684	0,613808632	4,66529248	1,00779271793169	236,8769982
14801,25684	0,614225864	4,670341309	1,00795402293169	237,133349
14811,25684	0,613391399	4,663145996	1,00771411393169	236,768012
14821,25684	0,614017248	4,6668125	1,00790075093169	236,9541762
14831,25684	0,61377883	4,666448242	1,00789795693169	236,9356812
14841,25684	0,614106655	4,66845459	1,00805320893169	237,0375522
14851,25684	0,613451004	4,661060059	1,00788445293169	236,6621
14861,25684	0,614523888	4,670215332	1,00779290393169	237,1269526
14871,25684	0,614374876	4,671741699	1,00757860693169	237,2044529
14881,25684	0,613808632	4,667294922	1,00770796693169	236,9786708
14891,25684	0,613570213	4,664867676	1,00785474393169	236,8554291
14901,25684	0,614762306	4,672636719	1,00779355593169	237,2498969
14911,25684	0,614762306	4,674426758	1,00768803693169	237,3407849
14921,25684	0,613808632	4,666626465	1,00773748993169	236,9447304
14931,25684	0,614613295	4,672512695	1,00777306693169	237,2435997
14941,25684	0,614762306	4,674766602	1,00799220693169	237,3580402
14951,25684	0,614225864	4,667452637	1,00772845593169	236,9866787
14961,25684	0,614464283	4,670659668	1,00768319393169	237,1495135
14971,25684	0,615388155	4,681374512	1,00770414893169	237,6935523
14981,25684	0,614851713	4,676866211	1,00780491793169	237,4646464
14991,25684	0,614970922	4,676324219	1,00767136593169	237,4371271
15001,25684	0,615507364	4,682094238	1,00777204193169	237,7300959
15011,25684	0,615388155	4,680772949	1,00782065693169	237,6630083
15021,25684	0,614464283	4,672087891	1,00770340393169	237,2220305
15031,25684	0,61455369	4,671977539	1,00786917893169	237,2164275
15041,25684	0,61404705	4,665317383	1,00782177493169	236,8782626
15051,25684	0,614136457	4,667267578	1,00783257793169	236,9772825
15061,25684	0,614970922	4,674149414	1,00784822393169	237,3267029
15071,25684	0,615209341	4,675930664	1,00774372993169	237,4171447
15081,25684	0,614613295	4,674552246	1,00776906193169	237,3471564
15091,25684	0,614762306	4,67445752	1,00764566193169	237,3423468
15101,25684	0,615179539	4,677291016	1,00782093693169	237,4862156
15111,25684	0,614851713	4,674154297	1,00762023693169	237,3269508
15121,25684	0,61494112	4,673146484	1,00771262393169	237,2757799
15131,25684	0,614374876	4,668939941	1,00785772393169	237,0621956
15141,25684	0,61404705	4,668978027	1,00776636093169	237,0641293
15151,25684	0,614285469	4,669455566	1,00778945793169	237,0883761
15161,25684	0,614702702	4,671326172	1,00759471793169	237,1833548
15171,25684	0,614792109	4,674194336	1,00784794493169	237,3289838
15181,25684	0,615507364	4,680308105	1,00782494093169	237,6394062
15191,25684	0,614613295	4,67620459	1,00770135493169	237,4310531
15201,25684	0,614225864	4,66978418	1,00762796693169	237,1050612
15211,25684	0,613957644	4,668128418	1,00783956293169	237,020991
15221,25684	0,615209341	4,677081543	1,00772119193169	237,4755797
15231,25684	0,615268946	4,681093262	1,00783080893169	237,679272
15241,25684	0,615298748	4,681032715	1,00788976093169	237,6761978
15251,25684	0,615537167	4,680144531	1,00778992393169	237,6311009
15261,25684	0,614851713	4,673610352	1,00781432393169	237,2993324
15271,25684	0,614523888	4,674155273	1,00782913193169	237,3270004
15281,25684	0,614464283	4,671958496	1,00775425393169	237,2154606
15291,25684	0,614881516	4,674906738	1,00774959693169	237,3651555
15301,25684	0,615715981	4,682619629	1,00788938893169	237,7567722
15311,25684	0,615537167	4,682390625	1,00784570993169	237,7451447
15321,25684	0,615686178	4,683097168	1,00779616393169	237,7810189
15331,25684	0,614285469	4,671568359	1,00767266993169	237,1956517
15341,25684	0,61544776	4,68012793	1,00760356593169	237,6302579
15351,25684	0,614792109	4,676348633	1,00769734993169	237,4383667
15361,25684	0,614374876	4,671195313	1,00802638593169	237,1767105
15371,25684	0,615179539	4,676435547	1,00776291493169	237,4427797
15381,25684	0,615507364	4,681392578	1,00777967893169	237,6944696
15391,25684	0,615537167	4,68264502	1,00779849193169	237,7580614
15401,25684	0,615596771	4,68098877	1,00799360393169	237,6739665
15411,25684	0,615268946	4,680022461	1,00779104093169	237,6249028
15421,25684	0,615388155	4,679464844	1,00779774693169	237,5965902
15431,25684	0,615268946	4,678210938	1,00767639493169	237,532924
15441,25684	0,61544776	4,680104492	1,00789590793169	237,6290679
15451,25684	0,615596771	4,68186084	1,00783397493169	237,7182452
15461,25684	0,615864992	4,68655127	1,00776505693169	237,9563986
15471,25684	0,61583519	4,684713867	1,00769129693169	237,8631057
15481,25684	0,615924597	4,685116699	1,00788910993169	237,8835592
15491,25684	0,615596771	4,683391113	1,00760729093169	237,7959438
15501,25684	0,615507364	4,681415527	1,00789311393169	237,6956348
15511,25684	0,615626574	4,682064941	1,00772016793169	237,7286083
15521,25684	0,615537167	4,680644531	1,00787923693169	237,656488
15531,25684	0,61494112	4,676130371	1,00762330993169	237,4272846
15541,25684	0,61494112	4,675621094	1,00749897793169	237,4014264
15551,25684	0,615507364	4,68119043	1,00779588393169	237,6842056
15561,25684	0,615268946	4,67761377	1,00789488393169	237,5026032
15571,25684	0,61494112	4,672471191	1,00771197193169	237,2414923
15581,25684	0,616341829	4,687809082	1,00772417193169	238,0202631
15591,25684	0,615119934	4,679103027	1,00792589693169	237,5782192
15601,25684	0,615179539	4,677424316	1,00776608193169	237,4929838
15611,25684	0,615209341	4,679202637	1,00777111093169	237,5832768
15621,25684	0,615864992	4,685602051	1,00786815493169	237,9082026
15631,25684	0,615715981	4,685305664	1,00779495293169	237,8931538
15641,25684	0,615388155	4,682541504	1,00780491793169	237,7528055
15651,25684	0,615358353	4,680725098	1,00777865493169	237,6605787
15661,25684	0,615775585	4,683223145	1,00780864293169	237,7874153
15671,25684	0,615298748	4,680113281	1,00776524393169	237,6295142
15681,25684	0,615209341	4,678525879	1,00772901493169	237,5489149
15691,25684	0,61544776	4,680431152	1,00780137893169	237,6456538
15701,25684	0,61455369	4,673680664	1,00781730493169	237,3029025
15711,25684	0,614523888	4,6730625	1,00770722193169	237,2715156
15721,25684	0,615268946	4,677811523	1,00786526793169	237,512644
15731,25684	0,614702702	4,674055664	1,00759890893169	237,3219428
15741,25684	0,614374876	4,670440918	1,00770079593169	237,1384066
15751,25684	0,614643097	4,675425293	1,00770619793169	237,3914848
15761,25684	0,614374876	4,670318848	1,00773348593169	237,1322086
15771,25684	0,614613295	4,67436377	1,00780268293169	237,3375867
15781,25684	0,614345074	4,672529297	1,00777986493169	237,2444426
15791,25684	0,61455369	4,674665527	1,00775294993169	237,3529082
15801,25684	0,613629818	4,663821777	1,00758475293169	236,8023243
15811,25684	0,614285469	4,669234863	1,00780771193169	237,07717
15821,25684	0,614345074	4,670979004	1,00770414893169	237,1657275
15831,25684	0,614196062	4,669069336	1,00777623293169	237,0687655
15841,25684	0,613540411	4,663640625	1,00767183193169	236,7931264
15851,25684	0,614136457	4,669133789	1,00770424193169	237,072038
15861,25684	0,614345074	4,671484375	1,00784161193169	237,1913874
15871,25684	0,613570213	4,664156738	1,00765916593169	236,8193317
15881,25684	0,613480806	4,664599121	1,00781311393169	236,8417934
15891,25684	0,613629818	4,66446875	1,00781283393169	236,8351739
15901,25684	0,614464283	4,671346191	1,00772696593169	237,1843712
15911,25684	0,614136457	4,670030273	1,00780929493169	237,1175564
15921,25684	0,614881516	4,674626953	1,00766391593169	237,3509496
15931,25684	0,615090132	4,676222168	1,00782997093169	237,4319456
15941,25684	0,614434481	4,673536621	1,00767956193169	237,2955888
15951,25684	0,614702702	4,672772461	1,00768952693169	237,2567891
15961,25684	0,614136457	4,669109863	1,00767732693169	237,0708232
15971,25684	0,613808632	4,667049316	1,00780361393169	236,9662004
15981,25684	0,61404705	4,667376953	1,00782624493169	236,9828359
15991,25684	0,613540411	4,66316748	1,00768822293169	236,7691028
16001,25684	0,614196062	4,665849121	1,00787011093169	236,9052613
16011,25684	0,613629818	4,662504883	1,00769418393169	236,7354599
16021,25684	0,614225864	4,666161133	1,00785651293169	236,9211035
16031,25684	0,614017248	4,664731934	1,00787523293169	236,8485369
16041,25684	0,61455369	4,671110352	1,00771131993169	237,1723966
16051,25684	0,614106655	4,66905957	1,00788156593169	237,0682696
16061,25684	0,613361597	4,660710449	1,00772938793169	236,6443488
16071,25684	0,613629818	4,663861328	1,00781749093169	236,8043325
16081,25684	0,61404705	4,667958496	1,00790279993169	237,0123633
16091,25684	0,61377883	4,664538574	1,00783937693169	236,8387192
16101,25684	0,613301992	4,65975	1,00766875893169	236,5955826
16111,25684	0,613957644	4,665853516	1,00779495293169	236,9054844
16121,25684	0,613689423	4,662186523	1,00783071593169	236,7192954
16131,25684	0,615030527	4,675787109	1,00785297393169	237,4098558
16141,25684	0,614523888	4,67335498	1,00789460393169	237,2863661
16151,25684	0,614285469	4,671630371	1,00775872393169	237,1988003
16161,25684	0,614970922	4,676293945	1,00784198493169	237,43559
16171,25684	0,614225864	4,668808105	1,00783062193169	237,0555017
16181,25684	0,614702702	4,674153809	1,00773711793169	237,3269261
16191,25684	0,615388155	4,681293457	1,00794657193169	237,6894368
16201,25684	0,614613295	4,673749512	1,00777241493169	237,3063982
16211,25684	0,613898039	4,667426758	1,00775406793169	236,9853647
16221,25684	0,614225864	4,669849609	1,00775360193169	237,1083833
16231,25684	0,613957644	4,667237793	1,00771988793169	236,9757701
16241,25684	0,614702702	4,673195313	1,00771811893169	237,2782591
16251,25684	0,614881516	4,676473145	1,00773544093169	237,4446887
16261,25684	0,614285469	4,671191406	1,00765227393169	237,1765121
16271,25684	0,614762306	4,676274902	1,00783406793169	237,4346231
16281,25684	0,613808632	4,66636377	1,00778629193169	236,9313922
16291,25684	0,613361597	4,658506836	1,00753753493169	236,5324618
16301,25684	0,613868237	4,664152832	1,00777576793169	236,8191334
16311,25684	0,613868237	4,664063965	1,00772426493169	236,8146212
16321,25684	0,613719225	4,66417334	1,00779206593169	236,8201747
16331,25684	0,613808632	4,665169922	1,00792366193169	236,8707754
16341,25684	0,614285469	4,670216309	1,00789683893169	237,1270022
16351,25684	0,615209341	4,676749023	1,00776524393169	237,4586963
16361,25684	0,614643097	4,67338623	1,00782894593169	237,2879528
16371,25684	0,615090132	4,676566895	1,00776766493169	237,4494488
16381,25684	0,614285469	4,667376953	1,00772826993169	236,9828359
16391,25684	0,613451004	4,659446289	1,00771420693169	236,5801619
16401,25684	0,614345074	4,667398438	1,00770982993169	236,9839268
16411,25684	0,614851713	4,673214844	1,00783751393169	237,2792508
16421,25684	0,615209341	4,679511719	1,00785977293169	237,5989702
16431,25684	0,615179539	4,677444824	1,00775164593169	237,4940251
16441,25684	0,615626574	4,680391602	1,00790829493169	237,6436457
16451,25684	0,615209341	4,67970459	1,00772538293169	237,6087631
16461,25684	0,614970922	4,6784375	1,00788035493169	237,5444275
16471,25684	0,614434481	4,673687988	1,00769176193169	237,3032743
16481,25684	0,613868237	4,667431641	1,00786303193169	236,9856126
16491,25684	0,61455369	4,673108887	1,00770219293169	237,2738709
16501,25684	0,614792109	4,673564453	1,00775406793169	237,2970019
16511,25684	0,614613295	4,672239258	1,00783648993169	237,2297161
16521,25684	0,614792109	4,674781738	1,00787160093169	237,3588087
16531,25684	0,614702702	4,672866211	1,00763634893169	237,2615492
16541,25684	0,614851713	4,67401416	1,00773143693169	237,3198355
16551,25684	0,615119934	4,675787598	1,00777111093169	237,4098806
16561,25684	0,614196062	4,6686875	1,00785492993169	237,049378
16571,25684	0,614643097	4,674485352	1,00779504593169	237,3437599
16581,25684	0,615358353	4,679849609	1,00780296193169	237,6161264
16591,25684	0,615298748	4,679635254	1,00786293893169	237,6052426
16601,25684	0,614136457	4,669671875	1,00763709393169	237,099359
16611,25684	0,614702702	4,672433105	1,00764137793169	237,2395585
16621,25684	0,615298748	4,676826172	1,00783770093169	237,4626134
16631,25684	0,615209341	4,67867334	1,00784049393169	237,5564021
16641,25684	0,615209341	4,678009766	1,00764472993169	237,5227096
16651,25684	0,614643097	4,675042969	1,00776487093169	237,3720725
16661,25684	0,614851713	4,674496582	1,00769707093169	237,3443301
16671,25684	0,614881516	4,673147949	1,00777744393169	237,2758542
16681,25684	0,614762306	4,673735352	1,00781385893169	237,3056792
16691,25684	0,615358353	4,67779248	1,00781544193169	237,5116771
16701,25684	0,615358353	4,677648438	1,00779597693169	237,5043634
16711,25684	0,615507364	4,679716797	1,00769874693169	237,6093829
16721,25684	0,615596771	4,681725586	1,00783956293169	237,7113778
16731,25684	0,615537167	4,680740234	1,00782298593169	237,6613473
16741,25684	0,614136457	4,667234375	1,00774205393169	236,9755966
16751,25684	0,61455369	4,669766602	1,00781134393169	237,1041687
16761,25684	0,615179539	4,67408252	1,00782065693169	237,3233064
16771,25684	0,615715981	4,681583984	1,00783993593169	237,7041881
16781,25684	0,615686178	4,681782715	1,00795867893169	237,7142785
16791,25684	0,615775585	4,680870117	1,00802564093169	237,667942
16801,25684	0,614762306	4,673064453	1,00776673393169	237,2716148
16811,25684	0,615030527	4,675733887	1,00788966793169	237,4071534
16821,25684	0,615030527	4,675025879	1,00793828293169	237,3712048
16831,25684	0,615030527	4,671871582	1,00777884093169	237,2110476
16841,25684	0,615030527	4,672890625	1,00774205393169	237,2627888
16851,25684	0,615298748	4,675209961	1,00781795593169	237,3805515
16861,25684	0,615715981	4,67907959	1,00781376593169	237,5770292
16871,25684	0,615268946	4,675216797	1,00768608093169	237,3808985
16881,25684	0,615954399	4,681796387	1,00798512893169	237,7149727
16891,25684	0,615775585	4,681462402	1,00790242693169	237,6980148
16901,25684	0,615775585	4,682413574	1,00780454493169	237,7463099
16911,25684	0,615715981	4,682570313	1,00778610493169	237,7542682
16921,25684	0,615626574	4,679264648	1,00770154093169	237,5864254
16931,25684	0,615537167	4,67852002	1,00767192493169	237,5486174
16941,25684	0,615596771	4,680917969	1,00785632693169	237,6703716
16951,25684	0,615507364	4,677566895	1,00774065693169	237,5002231
16961,25684	0,614881516	4,672333008	1,00771197193169	237,2344762
16971,25684	0,614106655	4,665314941	1,00788342793169	236,8781387
16981,25684	0,615090132	4,672675781	1,00769995793169	237,2518802
16991,25684	0,615864992	4,67862793	1,00786591993169	237,5540965
17001,25684	0,615924597	4,679794434	1,00781059893169	237,6133249
17011,25684	0,61583519	4,679610352	1,00780016793169	237,6039782
17021,25684	0,616431236	4,686492188	1,00783322993169	237,9533987
17031,25684	0,616252422	4,684996094	1,00774503393169	237,8774356
17041,25684	0,615537167	4,679504883	1,00786657193169	237,5986231
17051,25684	0,615864992	4,682137207	1,00771811893169	237,7322776
17061,25684	0,615298748	4,676308105	1,00783416093169	237,436309
17071,25684	0,616043806	4,682470215	1,00780109993169	237,7491858
17081,25684	0,61544776	4,678417969	1,00792487193169	237,5434358
17091,25684	0,615209341	4,675070313	1,00781832893169	237,3734609
17101,25684	0,615268946	4,675589844	1,00766177393169	237,3998397
17111,25684	0,615268946	4,675461426	1,00767974793169	237,3933194
17121,25684	0,61455369	4,66945752	1,00779634993169	237,0884752
17131,25684	0,614523888	4,667757324	1,00778182093169	237,002149
17141,25684	0,614702702	4,669655762	1,00779169293169	237,0985408
17151,25684	0,615775585	4,677873047	1,00790186893169	237,5157678
17161,25684	0,614881516	4,671587891	1,00788640893169	237,1966433
17171,25684	0,615030527	4,671607422	1,00777027293169	237,197635
17181,25684	0,614613295	4,668213867	1,00766689593169	237,0253296
17191,25684	0,615596771	4,677371094	1,00794424393169	237,4902815
17201,25684	0,61494112	4,673253906	1,00795467493169	237,2812341
17211,25684	0,615268946	4,673829102	1,00777688493169	237,3104393
17221,25684	0,615596771	4,67851416	1,00766279793169	237,5483199
17231,25684	0,615775585	4,679553711	1,00771197193169	237,6011024
17241,25684	0,615298748	4,672435547	1,00774168093169	237,2396825
17251,25684	0,615775585	4,679558594	1,00782270593169	237,6013503
17261,25684	0,61494112	4,673481934	1,00788603593169	237,2928121
17271,25684	0,615596771	4,678130371	1,00776235693169	237,5288333
17281,25684	0,61544776	4,67647168	1,00780873593169	237,4446144
17291,25684	0,615119934	4,67319043	1,00782671093169	237,2780112
17301,25684	0,615090132	4,673435059	1,00767630193169	237,290432
17311,25684	0,615209341	4,674455078	1,00787318393169	237,3422228
17321,25684	0,616431236	4,68337207	1,00770126193169	237,7949769
17331,25684	0,616103411	4,68194873	1,00776608193169	237,7227078
17341,25684	0,615715981	4,677719238	1,00782093693169	237,5079583
17351,25684	0,615924597	4,678677246	1,00772398593169	237,5566005
17361,25684	0,616014004	4,68222168	1,00777669893169	237,7365666
17371,25684	0,615179539	4,674278809	1,00772091293169	237,3332728
17381,25684	0,615924597	4,680048828	1,00774764193169	237,6262416
17391,25684	0,615388155	4,67745166	1,00773171593169	237,4943722
17401,25684	0,615090132	4,672070801	1,00779495293169	237,2211628
17411,25684	0,61544776	4,676171875	1,00786740993169	237,429392
17421,25684	0,614970922	4,670379395	1,00797851593169	237,1352828
17431,25684	0,615626574	4,677986816	1,00778992393169	237,5215444
17441,25684	0,61544776	4,676533203	1,00801670093169	237,4477382
17451,25684	0,615090132	4,670904785	1,00769287993169	237,1619591
17461,25684	0,615268946	4,673938477	1,00771644193169	237,3159927
17471,25684	0,614970922	4,67262793	1,00773273993169	237,2494506
17481,25684	0,615119934	4,67281543	1,00772622093169	237,2589708
17491,25684	0,615626574	4,676619141	1,00777129693169	237,4521016
17501,25684	0,615119934	4,672651367	1,00785492993169	237,2506406
17511,25684	0,614345074	4,667162109	1,00775276393169	236,9719274
17521,25684	0,614613295	4,670047852	1,00788454593169	237,1184489
17531,25684	0,61494112	4,673112793	1,00782829393169	237,2740692
17541,25684	0,614196062	4,666464355	1,00771634893169	236,9364994
17551,25684	0,614136457	4,665896973	1,00782140193169	236,9076909
17561,25684	0,614225864	4,665883789	1,00761613893169	236,9070215
17571,25684	0,61377883	4,662695801	1,00758121393169	236,7451536
17581,25684	0,614106655	4,666394043	1,00781199593169	236,9329293
17591,25684	0,613361597	4,658775879	1,00772202993169	236,5461223
17601,25684	0,614792109	4,671625488	1,00785818993169	237,1985523
17611,25684	0,615119934	4,674504395	1,00782400993169	237,3447268
17621,25684	0,613957644	4,665671875	1,00812249893169	236,8962617
17631,25684	0,614464283	4,667650879	1,00784477893169	236,9967443
17641,25684	0,614136457	4,667400391	1,00773823493169	236,9840259
17651,25684	0,614345074	4,665723633	1,00774391593169	236,8988897
17661,25684	0,614762306	4,670170898	1,00783034293169	237,1246965
17671,25684	0,614523888	4,668589355	1,00783760693169	237,0443948
17681,25684	0,614285469	4,668178223	1,00794387093169	237,0235198
17691,25684	0,61455369	4,667120117	1,00778210093169	236,9697952
17701,25684	0,614643097	4,669915039	1,00776570893169	237,1117055
17711,25684	0,614464283	4,670434082	1,00775229793169	237,1380595
17721,25684	0,614523888	4,670212891	1,00776906193169	237,1268287
17731,25684	0,615030527	4,673821289	1,00786396393169	237,3100426
17741,25684	0,614196062	4,667106934	1,00784021493169	236,9691258
17751,25684	0,614374876	4,66880127	1,00787104193169	237,0551546
17761,25684	0,613540411	4,660177734	1,00764379893169	236,6173006
17771,25684	0,613480806	4,659706543	1,00775006293169	236,5933761
17781,25684	0,614374876	4,668248535	1,00776151793169	237,0270899
17791,25684	0,61404705	4,664477051	1,00779793293169	236,8355954
17801,25684	0,613957644	4,6631875	1,00775043593169	236,7701193
17811,25684	0,614345074	4,666445313	1,00776803793169	236,9355325
17821,25684	0,614345074	4,666019043	1,00800850493169	236,913889
17831,25684	0,613480806	4,659325684	1,00785250893169	236,5740383
17841,25684	0,613570213	4,660810547	1,00773599993169	236,6494312
17851,25684	0,614106655	4,665416504	1,00763169193169	236,8832955
17861,25684	0,614345074	4,667845215	1,00768887493169	237,0066116
17871,25684	0,614017248	4,666906738	1,00796771293169	236,9589611
17881,25684	0,614374876	4,668103027	1,00768952693169	237,0197018
17891,25684	0,614345074	4,668194824	1,00780473193169	237,0243627
17901,25684	0,614106655	4,66816748	1,00784459193169	237,0229744
17911,25684	0,613719225	4,662851563	1,00780212393169	236,7530623
17921,25684	0,613451004	4,662307617	1,00783816593169	236,7254439
17931,25684	0,613719225	4,664197266	1,00784719993169	236,8213895
17941,25684	0,613480806	4,663014648	1,00775844493169	236,7613429
17951,25684	0,612795353	4,6528125	1,00763541693169	236,2433359
17961,25684	0,613629818	4,662101074	1,00787579193169	236,7149568
17971,25684	0,61327219	4,660206055	1,00792692093169	236,6187385
17981,25684	0,613629818	4,659844727	1,00786759593169	236,6003923
17991,25684	0,613480806	4,66137793	1,00780016793169	236,6782396
18001,25684	0,614017248	4,664077637	1,00789497693169	236,8153154
18011,25684	0,61404705	4,66501123	1,00783239193169	236,862718
18021,25684	0,614434481	4,669856934	1,00775024893169	237,1087552
18031,25684	0,613301992	4,660038574	1,00780491793169	236,6102348
18041,25684	0,614851713	4,6716875	1,00773357893169	237,2017009
18051,25684	0,615119934	4,675708008	1,00804314993169	237,4058394
18061,25684	0,613808632	4,664120117	1,00791201993169	236,8174723
18071,25684	0,614136457	4,666164551	1,00790624593169	236,921277
18081,25684	0,613868237	4,66341748	1,00781301993169	236,7817964
18091,25684	0,614225864	4,666324707	1,00772482393169	236,9294088
18101,25684	0,615268946	4,67586377	1,00781152993169	237,4137481
18111,25684	0,614464283	4,66978418	1,00768188993169	237,1050612
18121,25684	0,614613295	4,671532715	1,00789460393169	237,1938418
18131,25684	0,615030527	4,674943359	1,00780026093169	237,3670149
18141,25684	0,614523888	4,669155273	1,00786480193169	237,0731289
18151,25684	0,615090132	4,673037109	1,00787821293169	237,2702264
18161,25684	0,614345074	4,666225586	1,00800971593169	236,924376
18171,25684	0,614285469	4,666092773	1,00767015593169	236,9176326
18181,25684	0,614792109	4,670687012	1,00795392993169	237,1509018
18191,25684	0,615358353	4,675638184	1,00791788693169	237,4022942
18201,25684	0,614523888	4,668128418	1,00763513793169	237,020991
18211,25684	0,614792109	4,670108398	1,00773320593169	237,1215231
18221,25684	0,615268946	4,673041016	1,00784198493169	237,2704248
18231,25684	0,616133213	4,682072754	1,00766326393169	237,729005
18241,25684	0,614225864	4,666157227	1,00772407893169	236,9209051
18251,25684	0,615209341	4,674705078	1,00788231093169	237,3549164
18261,25684	0,61494112	4,671872559	1,00765190193169	237,2110972
18271,25684	0,614643097	4,669239746	1,00771914293169	237,0774179
18281,25684	0,61494112	4,674196777	1,00784570993169	237,3291078
18291,25684	0,614851713	4,669796875	1,00772221693169	237,1057058
18301,25684	0,614702702	4,669533691	1,00769222793169	237,0923428
18311,25684	0,615596771	4,678478027	1,00808673593169	237,5464853
18321,25684	0,614464283	4,667629395	1,00787001693169	236,9956534
18331,25684	0,614970922	4,672083496	1,00788221793169	237,2218074
18341,25684	0,614643097	4,670108398	1,00777884093169	237,1215231
18351,25684	0,614225864	4,666057129	1,00766419493169	236,9158227
18361,25684	0,614792109	4,671213867	1,00778973693169	237,1776526
18371,25684	0,614106655	4,66370459	1,00771439293169	236,7963742
18381,25684	0,615030527	4,672112793	1,00783611693169	237,2232949
18391,25684	0,61494112	4,67228418	1,00795430193169	237,2319969
18401,25684	0,614881516	4,671730957	1,00792617593169	237,2039074
18411,25684	0,61404705	4,662629395	1,00777753693169	236,7417819
18421,25684	0,614702702	4,668653809	1,00778386993169	237,0476674
18431,25684	0,614851713	4,669596191	1,00782391693169	237,0955162
18441,25684	0,615626574	4,676104004	1,00770759493169	237,4259459
18451,25684	0,614881516	4,67180957	1,00793623393169	237,207899
18461,25684	0,615358353	4,67457959	1,00775024893169	237,3485448
18471,25684	0,614613295	4,667866211	1,00790438293169	237,0076776
18481,25684	0,614523888	4,66786377	1,00783490693169	237,0075537
18491,25684	0,615030527	4,672875488	1,00784217093169	237,2620202
18501,25684	0,615507364	4,676529785	1,00765842093169	237,4475646
18511,25684	0,615507364	4,67692627	1,00782903893169	237,4676958
18521,25684	0,615507364	4,674667969	1,00783956293169	237,3530322
18531,25684	0,615626574	4,676498047	1,00784552393169	237,4459531
18541,25684	0,615179539	4,67407666	1,00788575693169	237,3230089
18551,25684	0,615537167	4,675969727	1,00784133293169	237,419128
18561,25684	0,61544776	4,676810547	1,00766764093169	237,4618201
18571,25684	0,615090132	4,672930176	1,00784002893169	237,2647969
18581,25684	0,615030527	4,670566895	1,00760403193169	237,144803
18591,25684	0,615358353	4,673300293	1,00780370693169	237,2835894
18601,25684	0,614762306	4,668344727	1,00783919093169	237,0319739
18611,25684	0,615626574	4,6765625	1,00772044693169	237,4492257
18621,25684	0,615864992	4,677845215	1,00786955193169	237,5143547
18631,25684	0,615030527	4,669102539	1,00762601093169	237,0704513
18641,25684	0,615507364	4,675412109	1,00782559293169	237,3908154
18651,25684	0,615268946	4,673182617	1,00768216993169	237,2776145
18661,25684	0,615864992	4,679212891	1,00770861893169	237,5837974
18671,25684	0,61544776	4,671948242	1,00787737493169	237,2149399
18681,25684	0,61494112	4,668120117	1,00785260193169	237,0205695
18691,25684	0,615388155	4,673083984	1,00776971393169	237,2726065
18701,25684	0,615268946	4,670958496	1,00779793293169	237,1646863
18711,25684	0,615358353	4,67135791	1,00792962193169	237,1849662
18721,25684	0,61494112	4,669212891	1,00775145993169	237,0760544
18731,25684	0,615924597	4,677554688	1,00790177493169	237,4996033
18741,25684	0,615715981	4,67589502	1,00768654693169	237,4153348
18751,25684	0,61544776	4,671802734	1,00770377593169	237,2075519
18761,25684	0,615864992	4,674828125	1,00775807193169	237,361164
18771,25684	0,615358353	4,671136719	1,00770470793169	237,1737354
18781,25684	0,615268946	4,671899414	1,00760645293169	237,2124607
18791,25684	0,616282225	4,67932666	1,00781385893169	237,589574
18801,25684	0,616341829	4,684699219	1,00782885293169	237,862362
18811,25684	0,615388155	4,674450684	1,00788584993169	237,3419997
18821,25684	0,615775585	4,677465332	1,00786005193169	237,4950664
18831,25684	0,615686178	4,673686035	1,00770656993169	237,3031752
18841,25684	0,615775585	4,676786621	1,00788240393169	237,4606053
18851,25684	0,615358353	4,673700195	1,00764174993169	237,3038942
18861,25684	0,614851713	4,667241699	1,00768030693169	236,9759685
18871,25684	0,615298748	4,670883301	1,00784524393169	237,1608683
18881,25684	0,615715981	4,676092773	1,00777250793169	237,4253757
18891,25684	0,615864992	4,676537109	1,00761744293169	237,4479365
18901,25684	0,615924597	4,678277344	1,00769837493169	237,5362957
18911,25684	0,61583519	4,677770996	1,00783648993169	237,5105862
18921,25684	0,615119934	4,67034082	1,00780752593169	237,1333242
18931,25684	0,615179539	4,671482422	1,00792207793169	237,1912882
18941,25684	0,615537167	4,672232422	1,00776542993169	237,229369
18951,25684	0,615507364	4,674020996	1,00779932993169	237,3201826
18961,25684	0,614702702	4,665526855	1,00778107593169	236,8888985
18971,25684	0,614345074	4,661318359	1,00771942293169	236,675215
18981,25684	0,615388155	4,671096191	1,00768272793169	237,1716777
18991,25684	0,616431236	4,681597656	1,00763271593169	237,7048823
19001,25684	0,615775585	4,676087402	1,00793604793169	237,4251029
19011,25684	0,615626574	4,675988281	1,00784766593169	237,4200701
19021,25684	0,615924597	4,678879883	1,00792757293169	237,5668892
19031,25684	0,615209341	4,671199219	1,00774019093169	237,1769088
19041,25684	0,616252422	4,679705566	1,00776980693169	237,6088127
19051,25684	0,615179539	4,670040039	1,00801409293169	237,1180522
19061,25684	0,616133213	4,678116699	1,00783844593169	237,5281391
19071,25684	0,61583519	4,676936035	1,00801148493169	237,4681917
19081,25684	0,616043806	4,678361328	1,00786293893169	237,5405599
19091,25684	0,616103411	4,678561523	1,00778955093169	237,5507247
19101,25684	0,616252422	4,679388184	1,00775211193169	237,5926978
19111,25684	0,614881516	4,667513184	1,00772575593169	236,9897529
19121,25684	0,616192818	4,678077148	1,00771700093169	237,5261309
19131,25684	0,615596771	4,675916016	1,00777530193169	237,4164009
19141,25684	0,615686178	4,67628125	1,00781274093169	237,4349454
19151,25684	0,616103411	4,679753906	1,00766680293169	237,6112671
19161,25684	0,616580248	4,685084473	1,00774587193169	237,881923
19171,25684	0,616252422	4,681989746	1,00763485793169	237,7247904
19181,25684	0,61494112	4,670400879	1,00777669893169	237,1363736
19191,25684	0,615686178	4,676710938	1,00768542893169	237,4567625
19201,25684	0,615209341	4,673614746	1,00784570993169	237,2995555
19211,25684	0,615358353	4,67265332	1,00773003993169	237,2507398
19221,25684	0,615864992	4,675281738	1,00767527793169	237,3841959
19231,25684	0,615775585	4,674210449	1,00781730493169	237,3298019
19241,25684	0,615119934	4,668936035	1,00773711793169	237,0619972
19251,25684	0,616133213	4,678291992	1,00776263593169	237,5370395
19261,25684	0,616133213	4,681399902	1,00768812993169	237,6948414
19271,25684	0,616192818	4,679453613	1,00781646593169	237,59602
19281,25684	0,615596771	4,675071777	1,00779849193169	237,3735353
19291,25684	0,615090132	4,667704102	1,00787020393169	236,9994466
19301,25684	0,615209341	4,67288623	1,00791518693169	237,2625656
19311,25684	0,616252422	4,680191406	1,00772752493169	237,6334809
19321,25684	0,61583519	4,679250977	1,00774587193169	237,5857312
19331,25684	0,615924597	4,678293457	1,00777949293169	237,5371138
19341,25684	0,615298748	4,670657715	1,00781134393169	237,1494143
19351,25684	0,615626574	4,675044922	1,00790326593169	237,3721717
19361,25684	0,616043806	4,6774375	1,00780864293169	237,4936532
19371,25684	0,616133213	4,677703125	1,00766596493169	237,5071401
19381,25684	0,615358353	4,673107422	1,00761343793169	237,2737965
19391,25684	0,616103411	4,678389648	1,00771606993169	237,5419979
19401,25684	0,615358353	4,673166016	1,00783499993169	237,2767715
19411,25684	0,614613295	4,666588379	1,00782233393169	236,9427966
19421,25684	0,615686178	4,673653809	1,00794070493169	237,3015389
19431,25684	0,616431236	4,68151709	1,00774903893169	237,7007916
19441,25684	0,616431236	4,685441406	1,00775220493169	237,900046
19451,25684	0,616371632	4,684539551	1,00790121693169	237,8542549
19461,25684	0,615864992	4,677662598	1,00770293793169	237,5050824
19471,25684	0,615924597	4,680372559	1,00780938793169	237,6426788
19481,25684	0,616341829	4,682249023	1,00786852693169	237,737955
19491,25684	0,616133213	4,679110352	1,00784235693169	237,5785911
19501,25684	0,614881516	4,668125977	1,00772398593169	237,0208671
19511,25684	0,615358353	4,672072266	1,00780379993169	237,2212371
19521,25684	0,61544776	4,674436035	1,00776189093169	237,3412559
19531,25684	0,615775585	4,676499512	1,00782997093169	237,4460275
19541,25684	0,61544776	4,676060547	1,00773618593169	237,4237394
19551,25684	0,615537167	4,675648926	1,00772324093169	237,4028396
19561,25684	0,616282225	4,680100098	1,00782950493169	237,6288448
19571,25684	0,615954399	4,676843262	1,00790577993169	237,4634812
19581,25684	0,615537167	4,674869629	1,00772491693169	237,3632713
19591,25684	0,615596771	4,675103027	1,00783872493169	237,375122
19601,25684	0,615507364	4,675788574	1,00780584893169	237,4099301
19611,25684	0,616371632	4,682346191	1,00780845693169	237,7428886
19621,25684	0,616014004	4,679751953	1,00782801493169	237,611168
19631,25684	0,614970922	4,670066895	1,00774875893169	237,1194158
19641,25684	0,616282225	4,679493652	1,00769129693169	237,5980529
19651,25684	0,61544776	4,675259277	1,00774447493169	237,3830555
19661,25684	0,615864992	4,676443848	1,00786973793169	237,4432012
19671,25684	0,61583519	4,677776855	1,00772677993169	237,5108838
19681,25684	0,615924597	4,677406738	1,00780277593169	237,4920913
19691,25684	0,616192818	4,68209375	1,00794573393169	237,7300711
19701,25684	0,615358353	4,673365723	1,00779551193169	237,2869115
19711,25684	0,615507364	4,67286084	1,00769390393169	237,2612765
19721,25684	0,616192818	4,680314453	1,00788063393169	237,6397285
19731,25684	0,616252422	4,681270996	1,00766251893169	237,6882963
19741,25684	0,61583519	4,677353027	1,00787821293169	237,4893642
19751,25684	0,616252422	4,68203418	1,00780752593169	237,7270464
19761,25684	0,616580248	4,683241211	1,00779783993169	237,7883326
19771,25684	0,615090132	4,671016602	1,00786712993169	237,1676365
19781,25684	0,616192818	4,682637695	1,00793828293169	237,7576895
19791,25684	0,616252422	4,682572266	1,00791285793169	237,7543674
19801,25684	0,615626574	4,6751875	1,00779811893169	237,379411
19811,25684	0,615507364	4,674633301	1,00768272793169	237,3512719
19821,25684	0,615924597	4,677375488	1,00808459393169	237,4905046
19831,25684	0,61583519	4,67644043	1,00791947093169	237,4430277
19841,25684	0,61544776	4,673897949	1,00792524493169	237,313935
19851,25684	0,615864992	4,677183105	1,00791304493169	237,4807365
19861,25684	0,615358353	4,672994141	1,00785753793169	237,2680447
19871,25684	0,615090132	4,668960449	1,00778256593169	237,0632368
19881,25684	0,615924597	4,674442871	1,00781227493169	237,341603
19891,25684	0,615626574	4,673522949	1,00782959793169	237,2948946
19901,25684	0,615119934	4,670483398	1,00779048193169	237,1405635
19911,25684	0,615298748	4,669838379	1,00801092693169	237,1078131
19921,25684	0,61544776	4,668289551	1,00761716293169	237,0291724
19931,25684	0,616103411	4,676799316	1,00782997093169	237,4612499
19941,25684	0,615358353	4,670499023	1,00769204193169	237,1413569
19951,25684	0,616043806	4,678650879	1,00784198493169	237,5552617
19961,25684	0,615775585	4,672626953	1,00780789793169	237,249401
19971,25684	0,615507364	4,672640625	1,00789814293169	237,2500952
19981,25684	0,616014004	4,674882324	1,00772966693169	237,3639159
19991,25684	0,615507364	4,670408203	1,00782820093169	237,1367455
20001,25684	0,615775585	4,674193359	1,00777511593169	237,3289342
20011,25684	0,616282225	4,67842041	1,00786685093169	237,5435598
20021,25684	0,615954399	4,67447168	1,00763821093169	237,3430657
20031,25684	0,615596771	4,673135742	1,00775034193169	237,2752344
20041,25684	0,616282225	4,677928711	1,00783667593169	237,5185941
20051,25684	0,616014004	4,674662109	1,00777185593169	237,3527347
20061,25684	0,616014004	4,678022949	1,00776906193169	237,523379
20071,25684	0,616759062	4,683949707	1,00774969093169	237,824306
20081,25684	0,61661005	4,68134668	1,00782466193169	237,6921391
20091,25684	0,616252422	4,680192383	1,00793707293169	237,6335305
20101,25684	0,615924597	4,677274414	1,00759648793169	237,4853726
20111,25684	0,617027283	4,686669434	1,00794070493169	237,9623983
20121,25684	0,616192818	4,678873535	1,00787141393169	237,5665669
20131,25684	0,61544776	4,673117676	1,00788519793169	237,2743171
20141,25684	0,616014004	4,677126953	1,00785055293169	237,4778854
20151,25684	0,615686178	4,674525879	1,00798289393169	237,3458177
20161,25684	0,616461039	4,680125488	1,00784375393169	237,630134
20171,25684	0,616520643	4,681305176	1,00772324093169	237,6900318
20181,25684	0,616014004	4,676768066	1,00765711693169	237,4596632
20191,25684	0,616282225	4,67951416	1,00773721093169	237,5990942
20201,25684	0,615119934	4,668408203	1,00776924793169	237,0351969
20211,25684	0,616043806	4,676852051	1,00789795693169	237,4639274
20221,25684	0,615030527	4,668003906	1,00775825893169	237,014669
20231,25684	0,615179539	4,668826172	1,00771150593169	237,056419
20241,25684	0,615954399	4,675325195	1,00775471993169	237,3864024
20251,25684	0,615388155	4,672239746	1,00766214593169	237,2297409
20261,25684	0,615626574	4,673450684	1,00777353193169	237,2912254
20271,25684	0,614225864	4,661146484	1,00787485993169	236,6664882
20281,25684	0,615030527	4,66554834	1,00775090093169	236,8899893
20291,25684	0,614762306	4,663885742	1,00782419593169	236,8055721
20301,25684	0,615537167	4,670953613	1,00789069293169	237,1644383
20311,25684	0,614523888	4,663122559	1,00780072693169	236,766822
20321,25684	0,614702702	4,664545898	1,00762964293169	236,8390911
20331,25684	0,61544776	4,670142578	1,00763029493169	237,1232586
20341,25684	0,615119934	4,665916016	1,00786368393169	236,9086578
20351,25684	0,614792109	4,667414063	1,00772622093169	236,9847201
20361,25684	0,614702702	4,662853027	1,00768114493169	236,7531367
20371,25684	0,614643097	4,663313965	1,00779988893169	236,7765405
20381,25684	0,614613295	4,661930176	1,00769781593169	236,7062796
20391,25684	0,614643097	4,66355127	1,00781590793169	236,7885895
20401,25684	0,613868237	4,655282227	1,00771402093169	236,3687345
20411,25684	0,615179539	4,667049316	1,00783192593169	236,9662004
20421,25684	0,614523888	4,663318848	1,00807919193169	236,7767884
20431,25684	0,61494112	4,665003906	1,00784664093169	236,8623461
20441,25684	0,615179539	4,667262207	1,00779905093169	236,9770098
20451,25684	0,615209341	4,670628906	1,00796147293169	237,1479516
20461,25684	0,615268946	4,668813477	1,00770805993169	237,0557744
20471,25684	0,614136457	4,660358398	1,00787113493169	236,6264736
20481,25684	0,615626574	4,672382324	1,00775127393169	237,2369802
20491,25684	0,61494112	4,667363281	1,00784766593169	236,9821417
20501,25684	0,614374876	4,661799316	1,00765693093169	236,6996353
20511,25684	0,614434481	4,663880371	1,00776142493169	236,8052994
20521,25684	0,614225864	4,662398438	1,00783797993169	236,7300552
20531,25684	0,614017248	4,658641602	1,00766074893169	236,5393045
20541,25684	0,613868237	4,658075684	1,00777762993169	236,5105704
20551,25684	0,613689423	4,654972168	1,00771858393169	236,3529915
20561,25684	0,614523888	4,662645996	1,00784328793169	236,7426248
20571,25684	0,613570213	4,654956543	1,00769641893169	236,3521982
20581,25684	0,613868237	4,657916992	1,00799136893169	236,5025129
20591,25684	0,613719225	4,658508789	1,00775248393169	236,532561
20601,25684	0,61544776	4,67101416	1,00797935493169	237,1675126
20611,25684	0,61327219	4,652567383	1,00769837493169	236,2308902
20621,25684	0,614374876	4,660959473	1,00774661693169	236,6569928
20631,25684	0,614613295	4,661772461	1,00765711693169	236,6982717
20641,25684	0,61377883	4,657238281	1,00786061093169	236,4680519
20651,25684	0,614881516	4,666479004	1,00779988893169	236,9372432
20661,25684	0,614792109	4,666011719	1,00762591793169	236,9135171
20671,25684	0,614136457	4,660305176	1,00786107693169	236,6237713
20681,25684	0,61455369	4,661775879	1,00786498793169	236,6984452
20691,25684	0,614613295	4,662931641	1,00770060993169	236,7571282
20701,25684	0,614792109	4,667078125	1,00758605693169	236,9676631
20711,25684	0,614285469	4,661546875	1,00784040093169	236,6868177
20721,25684	0,61455369	4,663859375	1,00768012093169	236,8042333
20731,25684	0,613808632	4,657183105	1,00780556993169	236,4652503
20741,25684	0,61544776	4,672698242	1,00783499993169	237,2530207
20751,25684	0,614106655	4,658847656	1,00776505693169	236,5497668
20761,25684	0,613808632	4,658684082	1,00777474293169	236,5414614
20771,25684	0,614434481	4,66190918	1,00766847893169	236,7052135
20781,25684	0,614702702	4,664536621	1,00781022593169	236,83862
20791,25684	0,614225864	4,660113281	1,00774438193169	236,614028
20801,25684	0,615268946	4,668367676	1,00778824693169	237,0331392
20811,25684	0,613868237	4,653960449	1,00767667493169	236,3016222
20821,25684	0,614762306	4,661541504	1,00774084293169	236,686545
20831,25684	0,615090132	4,666125	1,00786480193169	236,9192688
20841,25684	0,615268946	4,667449707	1,00771057493169	236,9865299
20851,25684	0,614643097	4,663248535	1,00783192593169	236,7732183
20861,25684	0,614792109	4,664473145	1,00763448593169	236,835397
20871,25684	0,615924597	4,67364502	1,00801306893169	237,3010926
20881,25684	0,614196062	4,65814502	1,00774484793169	236,5140909
20891,25684	0,615537167	4,670388184	1,00769977193169	237,135729
20901,25684	0,614851713	4,66373291	1,00772761793169	236,7978121
20911,25684	0,614792109	4,662463867	1,00780994693169	236,7333774
20921,25684	0,61494112	4,666237793	1,00779681493169	236,9249958
20931,25684	0,61544776	4,67051123	1,00791025093169	237,1419767
20941,25684	0,61544776	4,66967041	1,00782997093169	237,0992846
20951,25684	0,61544776	4,669839844	1,00785409193169	237,1078875
20961,25684	0,615209341	4,665905273	1,00767015593169	236,9081124
20971,25684	0,616192818	4,675746582	1,00782959793169	237,407798
20981,25684	0,614970922	4,667625977	1,00769520793169	236,9954799
20991,25684	0,61455369	4,662988281	1,00780072693169	236,7600041
21001,25684	0,615179539	4,666706543	1,00791984293169	236,9487963
21011,25684	0,615209341	4,666920898	1,00789525593169	236,95968
21021,25684	0,615298748	4,667888672	1,00784813093169	237,0088181
21031,25684	0,615179539	4,667661621	1,00771122693169	236,9972897
21041,25684	0,61455369	4,662662109	1,00783974893169	236,743443
21051,25684	0,615507364	4,669796875	1,00775965593169	237,1057058
21061,25684	0,615268946	4,669744141	1,00778657093169	237,1030282
21071,25684	0,615388155	4,66869873	1,00765469593169	237,0499482
21081,25684	0,615388155	4,668444336	1,00777930693169	237,0370315
21091,25684	0,614792109	4,663082031	1,00775350893169	236,7647642
21101,25684	0,614970922	4,663499512	1,00783667593169	236,7859615
21111,25684	0,615537167	4,669057129	1,00781208893169	237,0681457
21121,25684	0,614792109	4,661251465	1,00777986493169	236,6718185
21131,25684	0,615298748	4,664567871	1,00794154293169	236,8402067
21141,25684	0,615537167	4,668115723	1,00776142493169	237,0203464
21151,25684	0,615030527	4,664100586	1,00762628993169	236,8164806
21161,25684	0,614613295	4,66221582	1,00781730493169	236,720783
21171,25684	0,615358353	4,668134766	1,00768710593169	237,0213133
21181,25684	0,614792109	4,663013184	1,00755522993169	236,7612685
21191,25684	0,615388155	4,672041016	1,00772435893169	237,2196505
21201,25684	0,616014004	4,673430176	1,00774084293169	237,2901841
21211,25684	0,615626574	4,672430664	1,00783714193169	237,2394346
21221,25684	0,615954399	4,675751953	1,00776794393169	237,4080707
21231,25684	0,616848469	4,683473145	1,00794312593169	237,8001089
21241,25684	0,615775585	4,673416992	1,00784375393169	237,2895147
21251,25684	0,615626574	4,672101074	1,00762833893169	237,2226999
21261,25684	0,615268946	4,667100098	1,00784487193169	236,9687788
21271,25684	0,614970922	4,663333496	1,00778526693169	236,7775322
21281,25684	0,615775585	4,670479004	1,00762200593169	237,1403404
21291,25684	0,61583519	4,671097168	1,00774857293169	237,1717272
21301,25684	0,61661005	4,679464355	1,00786871393169	237,5965654
21311,25684	0,617027283	4,682640625	1,00783481293169	237,7578383
21321,25684	0,616252422	4,677187012	1,00774326393169	237,4809348
21331,25684	0,61583519	4,674665039	1,00775099393169	237,3528834
21341,25684	0,615179539	4,667148438	1,00793027393169	236,9712332
21351,25684	0,615537167	4,66846875	1,00768058593169	237,0382711
21361,25684	0,615298748	4,666275879	1,00774270593169	236,9269296
21371,25684	0,615596771	4,667651855	1,00783797993169	236,9967939
21381,25684	0,615030527	4,663999512	1,00782214693169	236,8113487
21391,25684	0,615596771	4,669078613	1,00777837493169	237,0692365
21401,25684	0,616252422	4,674460449	1,00773665193169	237,3424955
21411,25684	0,615179539	4,666956055	1,00779923693169	236,9614651
21421,25684	0,615358353	4,667967773	1,00782671093169	237,0128344
21431,25684	0,615596771	4,668751953	1,00763299593169	237,0526506
21441,25684	0,615775585	4,671327148	1,00781413793169	237,1834043
21451,25684	0,616341829	4,673780762	1,00755718593169	237,3079849
21461,25684	0,616461039	4,67871875	1,00776151793169	237,5587078
21471,25684	0,615864992	4,673030762	1,00772500993169	237,2699041
21481,25684	0,615715981	4,67074707	1,00776738593169	237,1539513
21491,25684	0,615686178	4,67040625	1,00769921293169	237,1366464
21501,25684	0,615358353	4,665752441	1,00759946793169	236,9003524
21511,25684	0,615715981	4,669174805	1,00775360193169	237,0741206
21521,25684	0,615715981	4,668752441	1,00776747893169	237,0526754
21531,25684	0,615537167	4,669902832	1,00774046993169	237,1110857
21541,25684	0,616192818	4,675280273	1,00772482393169	237,3841215
21551,25684	0,616133213	4,675360352	1,00785194993169	237,3881874
21561,25684	0,615507364	4,668604004	1,00784170493169	237,0451386
21571,25684	0,615596771	4,668582031	1,00781739793169	237,0440229
21581,25684	0,614970922	4,663678711	1,00776682693169	236,7950602
21591,25684	0,61661005	4,677810547	1,00773162293169	237,5125944
21601,25684	0,615924597	4,672430176	1,00781255493169	237,2394098
21611,25684	0,616014004	4,673938965	1,00785073893169	237,3160175
21621,25684	0,615924597	4,673498535	1,00784310193169	237,293655
21631,25684	0,616371632	4,674956055	1,00779513893169	237,3676595
21641,25684	0,616669655	4,677751465	1,00773609293169	237,5095946
21651,25684	0,615179539	4,664867188	1,00791760793169	236,8554043
21661,25684	0,615775585	4,669509277	1,00766475393169	237,0911032
21671,25684	0,616431236	4,673958984	1,00782931893169	237,317034
21681,25684	0,615686178	4,667990723	1,00772957393169	237,0139996
21691,25684	0,615864992	4,670386719	1,00775034193169	237,1356547
21701,25684	0,615864992	4,670415527	1,00790177493169	237,1371174
21711,25684	0,615775585	4,669041504	1,00773301993169	237,0673523
21721,25684	0,615954399	4,671569824	1,00769073793169	237,195726
21731,25684	0,616103411	4,67335498	1,00778489493169	237,2863661
21741,25684	0,616431236	4,673552734	1,00775090093169	237,2964069
21751,25684	0,616133213	4,672116211	1,00767117993169	237,2234684
21761,25684	0,615715981	4,668074219	1,00789767793169	237,0182391
21771,25684	0,615388155	4,665706543	1,00787420793169	236,898022
21781,25684	0,616103411	4,670350098	1,00782857393169	237,1337953
21791,25684	0,615924597	4,669793945	1,00771839793169	237,105557
21801,25684	0,61544776	4,668000977	1,00782270593169	237,0145203
21811,25684	0,615358353	4,667148438	1,00772938793169	236,9712332
21821,25684	0,615626574	4,668907227	1,00758121393169	237,0605345
21831,25684	0,615030527	4,66385791	1,00778750193169	236,8041589
21841,25684	0,614643097	4,661431641	1,00768459093169	236,6809668
21851,25684	0,615268946	4,662121582	1,00771038893169	236,7159981
21861,25684	0,615686178	4,667709961	1,00779448693169	236,9997441
21871,25684	0,615596771	4,66701416	1,00776021393169	236,9644153
21881,25684	0,616043806	4,672570801	1,00794377793169	237,2465499
21891,25684	0,616043806	4,67316748	1,00770861893169	237,2768459
21901,25684	0,616431236	4,677181152	1,00769679093169	237,4806373
21911,25684	0,616937876	4,680801758	1,00777865493169	237,6644711
21921,25684	0,616580248	4,677886719	1,00779467293169	237,516462
21931,25684	0,615864992	4,671666016	1,00784719993169	237,2006101
21941,25684	0,616043806	4,673286133	1,00787076193169	237,2828704
21951,25684	0,616371632	4,67678125	1,00791323093169	237,4603326
21961,25684	0,61544776	4,668253418	1,00760468393169	237,0273378
21971,25684	0,616788864	4,678247559	1,00788240393169	237,5347834
21981,25684	0,615626574	4,671331543	1,00766959693169	237,1836275
21991,25684	0,615626574	4,669234863	1,00780296193169	237,07717
22001,25684	0,616133213	4,673856445	1,00780510393169	237,3118276
22011,25684	0,615537167	4,669512207	1,00777865493169	237,0912519
22021,25684	0,616103411	4,672981445	1,00774196093169	237,2674001
22031,25684	0,615507364	4,669442871	1,00774959693169	237,0877315
22041,25684	0,616282225	4,673744141	1,00790168193169	237,3061254
22051,25684	0,615119934	4,665487793	1,00762908393169	236,8869151
22061,25684	0,615298748	4,664755371	1,00763010893169	236,8497269
22071,25684	0,615537167	4,667527832	1,00777446393169	236,9904967
22081,25684	0,615596771	4,669062012	1,00778833993169	237,0683936
22091,25684	0,616699457	4,676901367	1,00776030793169	237,4664314
22101,25684	0,616431236	4,678246094	1,00772016793169	237,534709
22111,25684	0,616520643	4,678087402	1,00784971493169	237,5266516
22121,25684	0,616520643	4,677461426	1,00784412693169	237,494868
22131,25684	0,616103411	4,675255371	1,00804966993169	237,3828571
22141,25684	0,615119934	4,664993652	1,00784114593169	236,8618255
22151,25684	0,615596771	4,668806641	1,00768952693169	237,0554273
22161,25684	0,615715981	4,671489258	1,00769762993169	237,1916353
22171,25684	0,615864992	4,671003418	1,00780752593169	237,1669671
22181,25684	0,615596771	4,668146973	1,00782549993169	237,0219331
22191,25684	0,616848469	4,680881836	1,00783984293169	237,668537
22201,25684	0,615954399	4,670286133	1,00787644393169	237,1305475
22211,25684	0,616103411	4,671981934	1,00781879493169	237,2166506
22221,25684	0,615954399	4,669367188	1,00774242593169	237,0838887
22231,25684	0,616103411	4,671666504	1,00782438293169	237,2006349
22241,25684	0,61583519	4,667649902	1,00763122593169	236,9966947
22251,25684	0,615358353	4,664059082	1,00763690693169	236,8143733
22261,25684	0,616103411	4,67041748	1,00775406793169	237,1372166
22271,25684	0,615924597	4,669597656	1,00785772393169	237,0955906
22281,25684	0,615864992	4,669904297	1,00771811893169	237,11116
22291,25684	0,615954399	4,670390625	1,00775704793169	237,135853
22301,25684	0,616192818	4,671843262	1,00789525593169	237,2096096
22311,25684	0,615209341	4,663716797	1,00788733993169	236,796994
22321,25684	0,615686178	4,668009766	1,00781329993169	237,0149665
22331,25684	0,615954399	4,671324707	1,00786638493169	237,1832804
22341,25684	0,61583519	4,668783203	1,00776086593169	237,0542373
22351,25684	0,616759062	4,676991211	1,00777735093169	237,4709932
22361,25684	0,616341829	4,673088867	1,00783611693169	237,2728544
22371,25684	0,616252422	4,673842773	1,00775611693169	237,3111335
22381,25684	0,615864992	4,669214844	1,00778340393169	237,0761535
22391,25684	0,616133213	4,670447266	1,00773599993169	237,1387289
22401,25684	0,615119934	4,660432617	1,00760254193169	236,6302421
22411,25684	0,616788864	4,67677002	1,00778787493169	237,4597624
22421,25684	0,616759062	4,676638672	1,00795979693169	237,4530933
22431,25684	0,616848469	4,679037109	1,00779551193169	237,5748723
22441,25684	0,616520643	4,677541992	1,00777232193169	237,4989587
22451,25684	0,615626574	4,669640625	1,00759173793169	237,0977723
22461,25684	0,616759062	4,677829102	1,00779066893169	237,5135365
22471,25684	0,615864992	4,670924805	1,00773246093169	237,1629756
22481,25684	0,617027283	4,681268555	1,00801874993169	237,6881724
22491,25684	0,616699457	4,677994141	1,00788706093169	237,5219163
22501,25684	0,616848469	4,679296387	1,00780473193169	237,5880369
22511,25684	0,616192818	4,674465332	1,00782754893169	237,3427434
22521,25684	0,616043806	4,672216797	1,00767630193169	237,2285756
22531,25684	0,615864992	4,670822754	1,00779290393169	237,1577941
22541,25684	0,616669655	4,677459961	1,00781432393169	237,4947937
22551,25684	0,615715981	4,667039063	1,00760757093169	236,9656797
22561,25684	0,616043806	4,669986328	1,00792487193169	237,1153251
22571,25684	0,616520643	4,672902832	1,00774428893169	237,2634086
22581,25684	0,616043806	4,671600586	1,00778684993169	237,1972879
22591,25684	0,615537167	4,665171387	1,00774391593169	236,8708498
22601,25684	0,616431236	4,672296387	1,00773059793169	237,2326167
22611,25684	0,616192818	4,670689453	1,00779104093169	237,1510258
22621,25684	0,616937876	4,679035156	1,00775024893169	237,5747731
22631,25684	0,616878271	4,680846191	1,00810675993169	237,6667272
22641,25684	0,61661005	4,678570313	1,00805199793169	237,551171
22651,25684	0,615596771	4,66912793	1,00770973693169	237,0717405
22661,25684	0,615179539	4,665561035	1,00771066793169	236,8906339
22671,25684	0,616461039	4,676266113	1,00791723493169	237,4341769
22681,25684	0,616759062	4,678982422	1,00781478993169	237,5720956
22691,25684	0,616103411	4,676615234	1,00788538393169	237,4519032
22701,25684	0,616133213	4,674333496	1,00774028393169	237,3360496
22711,25684	0,616252422	4,67472998	1,00783779393169	237,3561808
22721,25684	0,61544776	4,668768555	1,00780007493169	237,0534935
22731,25684	0,615030527	4,661631348	1,00784319493169	236,6911068
22741,25684	0,614881516	4,663869629	1,00783695493169	236,8047539
22751,25684	0,615596771	4,669474121	1,00789981993169	237,0893182
22761,25684	0,614643097	4,660859375	1,00766428793169	236,6519104
22771,25684	0,61583519	4,671125488	1,00780333493169	237,1731652
22781,25684	0,615298748	4,667718262	1,00773385793169	237,0001656
22791,25684	0,615298748	4,668699219	1,00782624493169	237,049973
22801,25684	0,614881516	4,663627441	1,00776328793169	236,792457
22811,25684	0,614970922	4,666052246	1,00771197193169	236,9155748
22821,25684	0,615268946	4,667292969	1,00781451093169	236,9785717
22831,25684	0,614523888	4,66209375	1,00779048193169	236,7145849
22841,25684	0,615030527	4,66296875	1,00796659593169	236,7590124
22851,25684	0,615119934	4,666477539	1,00781041293169	236,9371688
22861,25684	0,614851713	4,662583008	1,00762945693169	236,7394266
22871,25684	0,614374876	4,657473145	1,00792403393169	236,4799769
22881,25684	0,615358353	4,665698242	1,00786238093169	236,8976005
22891,25684	0,614017248	4,654507813	1,00766773393169	236,3294142
22901,25684	0,614345074	4,655862793	1,00775341593169	236,3982124
22911,25684	0,61494112	4,659313477	1,00774903893169	236,5734185
22921,25684	0,614702702	4,658861816	1,00776067993169	236,5504857
22931,25684	0,61377883	4,649224609	1,00763616193169	236,0611632
22941,25684	0,614464283	4,655434082	1,00772286793169	236,3764449
22951,25684	0,614762306	4,657126465	1,00773208893169	236,4623745
22961,25684	0,614374876	4,654589355	1,00780342793169	236,3335545
22971,25684	0,614464283	4,655049805	1,00764631393169	236,3569335
22981,25684	0,614792109	4,659013672	1,00761082993169	236,5581961
22991,25684	0,614702702	4,658302734	1,00779569793169	236,5220987
23001,25684	0,615090132	4,663018555	1,00784291593169	236,7615412
23011,25684	0,614225864	4,655227539	1,00784570993169	236,3659578
23021,25684	0,615507364	4,666145508	1,00789842293169	236,9203101
23031,25684	0,614136457	4,656966309	1,00781106493169	236,4542426
23041,25684	0,614434481	4,657933594	1,00771439293169	236,5033559
23051,25684	0,615030527	4,663705078	1,00770275193169	236,796399
23061,25684	0,614523888	4,660804688	1,00772221693169	236,6491337
23071,25684	0,61455369	4,661688965	1,00770554593169	236,6940322
23081,25684	0,61494112	4,66344873	1,00766177393169	236,7833831
23091,25684	0,614792109	4,661968262	1,00749506693169	236,7082133
23101,25684	0,614017248	4,655021973	1,00776673393169	236,3555203
23111,25684	0,614017248	4,653713379	1,00783779393169	236,2890774
23121,25684	0,613957644	4,65345166	1,00772594193169	236,2757888
23131,25684	0,614374876	4,656127441	1,00780528993169	236,4116497
23141,25684	0,614017248	4,653484375	1,00793697893169	236,2774499
23151,25684	0,614613295	4,661302246	1,00787551193169	236,6743969
23161,25684	0,615090132	4,663199219	1,00793800393169	236,7707143
23171,25684	0,614762306	4,658424316	1,00785204293169	236,528272
23181,25684	0,614136457	4,655870605	1,00783630393169	236,3986091
23191,25684	0,614702702	4,660367188	1,00773860793169	236,6269199
23201,25684	0,614106655	4,655504395	1,00775388093169	236,380015
23211,25684	0,614613295	4,659216309	1,00765655793169	236,5684848
23221,25684	0,614613295	4,660061035	1,00781981893169	236,6113752
23231,25684	0,61494112	4,661518555	1,00788407993169	236,6853798
23241,25684	0,615298748	4,664801758	1,00782624493169	236,8520821
23251,25684	0,615954399	4,670376465	1,00757665093169	237,135134
23261,25684	0,615775585	4,669608398	1,00775946893169	237,096136
23271,25684	0,615864992	4,671026367	1,00791881893169	237,1681324
23281,25684	0,614523888	4,65739502	1,00770638393169	236,4760101
23291,25684	0,614285469	4,655918945	1,00769455593169	236,4010635
23301,25684	0,614464283	4,657374512	1,00770955093169	236,4749689
23311,25684	0,61455369	4,659574219	1,00785353293169	236,5866575
23321,25684	0,61404705	4,654541504	1,00777865493169	236,3311248
23331,25684	0,615268946	4,662678223	1,00775872393169	236,7442611
23341,25684	0,614970922	4,661742188	1,00781814293169	236,6967346
23351,25684	0,61455369	4,654491211	1,00777865493169	236,3285713
23361,25684	0,614970922	4,660233887	1,00777586093169	236,6201516
23371,25684	0,614970922	4,661782227	1,00771700093169	236,6987675
23381,25684	0,615179539	4,663679688	1,00782177493169	236,7951098
23391,25684	0,615954399	4,670345215	1,00777222893169	237,1335473
23401,25684	0,615715981	4,669372559	1,00783453393169	237,0841614
23411,25684	0,615179539	4,664753418	1,00778647793169	236,8496277
23421,25684	0,615268946	4,664724121	1,00781488293169	236,8481402
23431,25684	0,61494112	4,659611816	1,00773385793169	236,5885665
23441,25684	0,61494112	4,660104004	1,00767211093169	236,6135569
23451,25684	0,615686178	4,668412598	1,00797888893169	237,03542
23461,25684	0,614881516	4,661016113	1,00793260193169	236,6598687
23471,25684	0,615298748	4,66355127	1,00790643193169	236,7885895
23481,25684	0,615179539	4,662828125	1,00788575693169	236,7518723
23491,25684	0,615864992	4,666732422	1,00761762893169	236,9501103
23501,25684	0,61583519	4,670856934	1,00784477893169	237,1595295
23511,25684	0,615864992	4,67051416	1,00793148493169	237,1421254
23521,25684	0,615596771	4,668520508	1,00772938793169	237,0408991
23531,25684	0,615686178	4,669205566	1,00778442893169	237,0756825
23541,25684	0,616252422	4,674012207	1,00772594193169	237,3197363
23551,25684	0,615596771	4,669128906	1,00764994593169	237,0717901
23561,25684	0,615179539	4,664890137	1,00794545493169	236,8565695
23571,25684	0,616043806	4,672184082	1,00772771093169	237,2269145
23581,25684	0,615179539	4,666813477	1,00768123793169	236,9542258
23591,25684	0,615924597	4,672077148	1,00788678093169	237,2214851
23601,25684	0,61583519	4,671565918	1,00788463893169	237,1955277
23611,25684	0,615090132	4,663837402	1,00775164593169	236,8031177
23621,25684	0,614523888	4,659003418	1,00794564093169	236,5576754
23631,25684	0,615596771	4,668573242	1,00790065793169	237,0435767
23641,25684	0,616043806	4,673791016	1,00775406793169	237,3085055
23651,25684	0,615268946	4,667561035	1,00782969093169	236,9921825
23661,25684	0,616014004	4,670109375	1,00776645393169	237,1215727
23671,25684	0,615715981	4,671286621	1,00788389393169	237,1813466
23681,25684	0,614881516	4,661066895	1,00769790893169	236,662447
23691,25684	0,614970922	4,66114209	1,00778591893169	236,666265
23701,25684	0,615507364	4,666685547	1,00765245993169	236,9477302
23711,25684	0,615864992	4,667804688	1,00793045993169	237,0045538
23721,25684	0,615358353	4,665171387	1,00767462593169	236,8708498
23731,25684	0,616431236	4,675751953	1,00783276393169	237,4080707
23741,25684	0,616252422	4,674054199	1,00790252093169	237,3218685
23751,25684	0,616341829	4,674847656	1,00765590593169	237,3621557
23761,25684	0,615954399	4,671732422	1,00793306793169	237,2039818
23771,25684	0,616043806	4,672680176	1,00776449893169	237,2521034
23781,25684	0,616371632	4,677166016	1,00776347393169	237,4798688
23791,25684	0,615537167	4,670143555	1,00785157693169	237,1233082
23801,25684	0,616341829	4,672950684	1,00790084393169	237,2658382
23811,25684	0,615864992	4,669835938	1,00792012293169	237,1076891
23821,25684	0,615686178	4,669342285	1,00778368393169	237,0826243
23831,25684	0,615626574	4,669335449	1,00794452293169	237,0822772
23841,25684	0,615596771	4,665308594	1,00783555793169	236,8778164
23851,25684	0,615209341	4,66529541	1,00787420793169	236,877147
23861,25684	0,615715981	4,66654834	1,00758130693169	236,9407636
23871,25684	0,614762306	4,65886084	1,00782214693169	236,5504361
23881,25684	0,615775585	4,666628418	1,00775201893169	236,9448295
23891,25684	0,615864992	4,667679199	1,00784505793169	236,9981822
23901,25684	0,615924597	4,668658203	1,00788305593169	237,0478905
23911,25684	0,615864992	4,668584473	1,00775062193169	237,0441469
23921,25684	0,615775585	4,666724121	1,00784170493169	236,9496888
23931,25684	0,615179539	4,66250293	1,00778591893169	236,7353607
23941,25684	0,615924597	4,668221191	1,00764724493169	237,0257015
23951,25684	0,616043806	4,670480469	1,00755606893169	237,1404148
23961,25684	0,615775585	4,667984375	1,00794089093169	237,0136773
23971,25684	0,616431236	4,670414063	1,00772687293169	237,137043
23981,25684	0,616192818	4,66897168	1,00797758493169	237,063807
23991,25684	0,615686178	4,667305176	1,00795132193169	236,9791915
24001,25684	0,615298748	4,661868652	1,00782633793169	236,7031557
24011,25684	0,616014004	4,665922363	1,00788724693169	236,9089801
24021,25684	0,61583519	4,665586914	1,00758205193169	236,8919479
24031,25684	0,616580248	4,672035645	1,00767630193169	237,2193777
24041,25684	0,61699748	4,677107422	1,00783574493169	237,4768937
24051,25684	0,61699748	4,678118164	1,00769259993169	237,5282135
24061,25684	0,616282225	4,672703613	1,00771327593169	237,2532934
24071,25684	0,615537167	4,665101563	1,00777772293169	236,8673045
24081,25684	0,615775585	4,667836914	1,00784617593169	237,0061901
24091,25684	0,616371632	4,673187012	1,00762228593169	237,2778376
24101,25684	0,616282225	4,670296387	1,00785250893169	237,1310681
24111,25684	0,615864992	4,666427246	1,00763578993169	236,9346152
24121,25684	0,615686178	4,664171875	1,00783192593169	236,8201003
24131,25684	0,615358353	4,664484375	1,00780547693169	236,8359673
24141,25684	0,61583519	4,668226074	1,00768608093169	237,0259494
24151,25684	0,614970922	4,660640625	1,00783648993169	236,6408035
24161,25684	0,615924597	4,665106934	1,00780147193169	236,8675772
24171,25684	0,616759062	4,67414502	1,00784095993169	237,3264798
24181,25684	0,616788864	4,674416504	1,00777911993169	237,3402642
24191,25684	0,615924597	4,667171875	1,00779085493169	236,9724232
24201,25684	0,616699457	4,673552734	1,00778265893169	237,2964069
24211,25684	0,615924597	4,668203125	1,00771262393169	237,0247842
24221,25684	0,615775585	4,667681152	1,00794452293169	236,9982814
24231,25684	0,615954399	4,670715332	1,00785781693169	237,1523398
24241,25684	0,61583519	4,668201172	1,00781227493169	237,024685
24251,25684	0,615924597	4,667161621	1,00777353193169	236,9719026
24261,25684	0,615537167	4,663366699	1,00775145993169	236,779218
24271,25684	0,615507364	4,663374512	1,00786768893169	236,7796147
24281,25684	0,616043806	4,67129248	1,00803541993169	237,1816441
24291,25684	0,615119934	4,660941895	1,00769073793169	236,6561003
24301,25684	0,615268946	4,660953125	1,00772882893169	236,6566705
24311,25684	0,615537167	4,663129395	1,00782130893169	236,7671691
24321,25684	0,616133213	4,667890137	1,00791928393169	237,0088924
24331,25684	0,616192818	4,670715332	1,00761651093169	237,1523398
24341,25684	0,616788864	4,673700195	1,00776962093169	237,3038942
24351,25684	0,615924597	4,666842285	1,00787402193169	236,9556885
24361,25684	0,616371632	4,669785645	1,00790820193169	237,1051355
24371,25684	0,616133213	4,668358887	1,00764063293169	237,0326929
24381,25684	0,616699457	4,673387695	1,00777325293169	237,2880272
24391,25684	0,616431236	4,673020508	1,00763280993169	237,2693835
24401,25684	0,616848469	4,674832031	1,00778629193169	237,3613623
24411,25684	0,616669655	4,674891602	1,00788305593169	237,364387
24421,25684	0,616252422	4,670084473	1,00775201893169	237,1203083
24431,25684	0,616043806	4,668498047	1,00776021393169	237,0397587
24441,25684	0,616014004	4,668415527	1,00781236893169	237,0355688
24451,25684	0,616461039	4,67349707	1,00779020293169	237,2935806
24461,25684	0,615864992	4,668187988	1,00784524393169	237,0240157
24471,25684	0,616014004	4,667728027	1,00768915493169	237,0006615
24481,25684	0,615864992	4,666237793	1,00771662893169	236,9249958
24491,25684	0,615686178	4,665874023	1,00797134493169	236,9065257
24501,25684	0,616014004	4,667547852	1,00786675793169	236,9915132
24511,25684	0,616192818	4,669097168	1,00782419593169	237,0701786
24521,25684	0,615388155	4,662849609	1,00764091193169	236,7529632
24531,25684	0,616252422	4,668852539	1,00770601093169	237,0577578
24541,25684	0,616669655	4,674652832	1,00813535093169	237,3522636
24551,25684	0,616520643	4,671734375	1,00790363793169	237,204081
24561,25684	0,617086887	4,677032715	1,00797907493169	237,4731005
24571,25684	0,616699457	4,673035156	1,00783891093169	237,2701273
24581,25684	0,616699457	4,674534668	1,00788901593169	237,3462639
24591,25684	0,616371632	4,673300293	1,00785623393169	237,2835894
24601,25684	0,616759062	4,674882813	1,00787532593169	237,3639407
24611,25684	0,615954399	4,664746582	1,00769418393169	236,8492806
24621,25684	0,616520643	4,671160156	1,00769297293169	237,1749254
24631,25684	0,61699748	4,675421875	1,00793865593169	237,3913112
24641,25684	0,616371632	4,669237793	1,00768300793169	237,0773188
24651,25684	0,616699457	4,673638184	1,00760971293169	237,3007455
24661,25684	0,616043806	4,668320313	1,00790624593169	237,0307343
24671,25684	0,616580248	4,670564941	1,00759574293169	237,1447038
24681,25684	0,616461039	4,672407715	1,00784403293169	237,2382693
24691,25684	0,617265701	4,680594238	1,00765925893169	237,6539344
24701,25684	0,617176294	4,67955127	1,00769837493169	237,6009784
24711,25684	0,616788864	4,677192871	1,00766065593169	237,4812323
24721,25684	0,616014004	4,669408203	1,00782773493169	237,0859712
24731,25684	0,616431236	4,671447266	1,00785157693169	237,1895032
24741,25684	0,616133213	4,671203125	1,00775546493169	237,1771071
24751,25684	0,616282225	4,669594238	1,00766754793169	237,095417
24761,25684	0,616014004	4,666282227	1,00785036593169	236,9272519
24771,25684	0,616252422	4,671043457	1,00780687393169	237,1690001
24781,25684	0,616431236	4,670083008	1,00779877093169	237,120234
24791,25684	0,616878271	4,674535645	1,00767956193169	237,3463135
24801,25684	0,617265701	4,678414063	1,00780407993169	237,5432375
24811,25684	0,616103411	4,667953125	1,00771076093169	237,0120906
24821,25684	0,616461039	4,669303711	1,00792030893169	237,0806657
24831,25684	0,616759062	4,672009766	1,00772379993169	237,2180638
24841,25684	0,616848469	4,674297363	1,00767108693169	237,3342149
24851,25684	0,616014004	4,668419434	1,00779849193169	237,0357671
24861,25684	0,615924597	4,667338867	1,00772845593169	236,9809021
24871,25684	0,616282225	4,669272461	1,00808915793169	237,079079
24881,25684	0,615358353	4,661416504	1,00770982993169	236,6801982
24891,25684	0,616043806	4,668822754	1,00778945793169	237,0562454
24901,25684	0,615715981	4,665118164	1,00767239093169	236,8681475
24911,25684	0,61661005	4,674006348	1,00775043593169	237,3194388
24921,25684	0,616192818	4,669271484	1,00772091293169	237,0790294
24931,25684	0,615388155	4,662288086	1,00788603593169	236,7244522
24941,25684	0,616192818	4,667864746	1,00781870193169	237,0076033
24951,25684	0,616580248	4,672088379	1,00774857293169	237,2220553
24961,25684	0,616937876	4,674498047	1,00791155393169	237,3444045
24971,25684	0,61661005	4,67319873	1,00793194993169	237,2784326
24981,25684	0,616580248	4,673476074	1,00784617593169	237,2925146
24991,25684	0,616461039	4,672830566	1,00783434793169	237,2597393
25001,25684	0,61661005	4,67265918	1,00773646593169	237,2510373
25011,25684	0,616461039	4,672973633	1,00782093693169	237,2670034
25021,25684	0,61583519	4,665587402	1,00780687393169	236,8919727
25031,25684	0,616043806	4,666590332	1,00769371793169	236,9428958
25041,25684	0,615924597	4,666220215	1,00752393793169	236,9241033
25051,25684	0,61661005	4,673566895	1,00790149593169	237,2971259
25061,25684	0,615954399	4,665476563	1,00777148293169	236,8863449
25071,25684	0,615537167	4,662895996	1,00776505693169	236,7553184
25081,25684	0,615954399	4,664224609	1,00789227593169	236,8227778
25091,25684	0,616669655	4,671252441	1,00755346093169	237,1796111
25101,25684	0,616371632	4,671233887	1,00790345193169	237,178669
25111,25684	0,615686178	4,664188965	1,00774903893169	236,820968
25121,25684	0,615775585	4,665151855	1,00768375293169	236,8698581
25131,25684	0,616133213	4,667021484	1,00770684993169	236,9647872
25141,25684	0,616580248	4,67023291	1,00774801393169	237,1278451
25151,25684	0,616014004	4,666824707	1,00786321893169	236,954796
25161,25684	0,616371632	4,669009277	1,00789069293169	237,065716
25171,25684	0,616133213	4,66619043	1,00766680293169	236,922591
25181,25684	0,616103411	4,666145508	1,00789385893169	236,9203101
25191,25684	0,616252422	4,667569336	1,00765711693169	236,992604
25201,25684	0,617355108	4,678214355	1,00784421993169	237,5330975
25211,25684	0,616252422	4,665685547	1,00782484793169	236,8969559
25221,25684	0,616878271	4,673301758	1,00767816493169	237,2836638
25231,25684	0,616282225	4,668007324	1,00770684993169	237,0148426
25241,25684	0,616848469	4,673973633	1,00796901693169	237,3177778
25251,25684	0,617206097	4,677496582	1,00763197093169	237,4966531
25261,25684	0,616699457	4,673624023	1,00788640893169	237,3000266
25271,25684	0,616133213	4,666876465	1,00774885193169	236,957424
25281,25684	0,616580248	4,669657715	1,00775481293169	237,09864
25291,25684	0,616014004	4,66515918	1,00768738493169	236,87023
25301,25684	0,615954399	4,665446289	1,00782317193169	236,8848078
25311,25684	0,616252422	4,668196289	1,00796817893169	237,0244371
25321,25684	0,616759062	4,672376465	1,00753911793169	237,2366827
25331,25684	0,617027283	4,676271484	1,00783304393169	237,4344496
25341,25684	0,616461039	4,670874512	1,00777660593169	237,160422
25351,25684	0,616788864	4,673808594	1,00785865493169	237,309398
25361,25684	0,616937876	4,673578613	1,00796454693169	237,2977209
25371,25684	0,615954399	4,664467285	1,00774112193169	236,8350995
25381,25684	0,61544776	4,660446777	1,00783742093169	236,630961
25391,25684	0,616133213	4,665925293	1,00776198393169	236,9091289
25401,25684	0,616759062	4,671410156	1,00770843293169	237,187619
25411,25684	0,617027283	4,674161621	1,00769781593169	237,3273227
25421,25684	0,616937876	4,673281738	1,00797367393169	237,2826473
25431,25684	0,616878271	4,673566895	1,00790298593169	237,2971259
25441,25684	0,615209341	4,660094727	1,00780705993169	236,6130859
25451,25684	0,615388155	4,661286621	1,00783714193169	236,6736035
25461,25684	0,616192818	4,665118652	1,00769641893169	236,8681722
25471,25684	0,615298748	4,659191895	1,00770675693169	236,5672452
25481,25684	0,614762306	4,656137207	1,00778070393169	236,4121456
25491,25684	0,615924597	4,664158203	1,00789218293169	236,8194061
25501,25684	0,615775585	4,663609863	1,00772324093169	236,7915645
25511,25684	0,616252422	4,66695752	1,00783984293169	236,9615395
25521,25684	0,615179539	4,65857959	1,00779159993169	236,5361559
25531,25684	0,616341829	4,667965332	1,00782391693169	237,0127104
25541,25684	0,615924597	4,665339355	1,00781730493169	236,8793783
25551,25684	0,616192818	4,667395996	1,00798373193169	236,9838028
25561,25684	0,615358353	4,658725586	1,00771541793169	236,5435687
25571,25684	0,615298748	4,659413574	1,00801539693169	236,5785008
25581,25684	0,616043806	4,665717285	1,00776021393169	236,8985674
25591,25684	0,616520643	4,670988281	1,00791919093169	237,1661986
25601,25684	0,61544776	4,662666504	1,00770144793169	236,7436661
25611,25684	0,615298748	4,658940918	1,00762805993169	236,5545021
25621,25684	0,615715981	4,663980469	1,00790345193169	236,8103818
25631,25684	0,614881516	4,657769043	1,00772780393169	236,4950009
25641,25684	0,615537167	4,661942871	1,00774242593169	236,7069241
25651,25684	0,61544776	4,66042334	1,00774922493169	236,629771
25661,25684	0,61455369	4,656043945	1,00789376593169	236,4074103
25671,25684	0,615268946	4,65953418	1,00784636193169	236,5846245
25681,25684	0,614464283	4,651624023	1,00780547693169	236,1829918
25691,25684	0,615030527	4,658562012	1,00785083193169	236,5352634
25701,25684	0,614851713	4,657649414	1,00781832893169	236,4889268
25711,25684	0,614881516	4,65780127	1,00795607193169	236,4966372
25721,25684	0,614881516	4,657269531	1,00796221793169	236,4696386
25731,25684	0,615358353	4,659916992	1,00786880693169	236,6040615
25741,25684	0,614464283	4,652776855	1,00787513993169	236,241526
25751,25684	0,614762306	4,653204102	1,00772435893169	236,2632192
25761,25684	0,61494112	4,656687988	1,00782633793169	236,4401111
25771,25684	0,615715981	4,663508789	1,00788650193169	236,7864325
25781,25684	0,615119934	4,658161133	1,00778824693169	236,514909
25791,25684	0,61494112	4,658446777	1,00771495193169	236,5294124
25801,25684	0,614970922	4,659883789	1,00762750093169	236,6023757
25811,25684	0,614643097	4,655637207	1,00794564093169	236,3867584
25821,25684	0,614702702	4,653569824	1,00778871293169	236,2817885
25831,25684	0,614345074	4,650775391	1,00775052893169	236,1399031
25841,25684	0,614434481	4,652664551	1,00785604793169	236,2358239
25851,25684	0,615268946	4,657771973	1,00769902693169	236,4951497
25861,25684	0,614434481	4,651523438	1,00757022493169	236,1778846
25871,25684	0,615209341	4,658583984	1,00777343893169	236,536379
25881,25684	0,61544776	4,660007813	1,00793893493169	236,6086729
25891,25684	0,614345074	4,64914502	1,00765907293169	236,0571221
25901,25684	0,614225864	4,649132324	1,00777315993169	236,0564775
25911,25684	0,615179539	4,657071289	1,00795029693169	236,4595729
25921,25684	0,614970922	4,655399902	1,00777604693169	236,3747094
25931,25684	0,614881516	4,655640137	1,00764463693169	236,3869072
25941,25684	0,614374876	4,649713867	1,00766531293169	236,0860049
25951,25684	0,614345074	4,648697266	1,00782037793169	236,0343877
25961,25684	0,615358353	4,658124512	1,00788212493169	236,5130496
25971,25684	0,616014004	4,663272949	1,00776524393169	236,7744579
25981,25684	0,614970922	4,656375977	1,00762452093169	236,4242689
25991,25684	0,615298748	4,660364746	1,00772156493169	236,6267959
26001,25684	0,616103411	4,665773926	1,00783295093169	236,9014433
26011,25684	0,615030527	4,656525391	1,00776896893169	236,4318553
26021,25684	0,614851713	4,654441895	1,00780091293169	236,3260673
26031,25684	0,615388155	4,658075684	1,00776459193169	236,5105704
26041,25684	0,615864992	4,661915039	1,00759900293169	236,705511
26051,25684	0,615268946	4,657831543	1,00768999293169	236,4981743
26061,25684	0,616133213	4,666430664	1,00777418393169	236,9347887
26071,25684	0,615954399	4,663333008	1,00767835093169	236,7775074
26081,25684	0,615507364	4,660412109	1,00772640693169	236,6292008
26091,25684	0,616014004	4,665035156	1,00779048193169	236,8639328
26101,25684	0,614464283	4,651205078	1,00780286893169	236,1617201
26111,25684	0,615119934	4,656868164	1,00782829393169	236,4492594
26121,25684	0,616192818	4,665416992	1,00782568593169	236,8833202
26131,25684	0,615507364	4,660554199	1,00792142593169	236,6364153
26141,25684	0,615298748	4,657905762	1,00769520793169	236,5019427
26151,25684	0,616103411	4,6659375	1,00766307793169	236,9097487
26161,25684	0,61544776	4,660374512	1,00780007493169	236,6272918
26171,25684	0,616014004	4,663986328	1,00781125093169	236,8106793
26181,25684	0,615388155	4,660507813	1,00771439293169	236,63406
26191,25684	0,615864992	4,663819336	1,00765292593169	236,8022004
26201,25684	0,61583519	4,66423584	1,00768533593169	236,823348
26211,25684	0,616341829	4,668337402	1,00796333593169	237,031602
26221,25684	0,615864992	4,665032715	1,00796342893169	236,8638088
26231,25684	0,616133213	4,667119141	1,00770303093169	236,9697457
26241,25684	0,61661005	4,671316895	1,00787076193169	237,1828837
26251,25684	0,616699457	4,673669922	1,00767881693169	237,302357
26261,25684	0,615209341	4,661019531	1,00786983093169	236,6600422
26271,25684	0,614970922	4,657518066	1,00794629293169	236,4822578
26281,25684	0,615954399	4,666279785	1,00797926193169	236,927128
26291,25684	0,616133213	4,667779785	1,00770982993169	237,0032894
26301,25684	0,61583519	4,663953125	1,00788277693169	236,8089934
26311,25684	0,615537167	4,661147949	1,00795430193169	236,6665625
26321,25684	0,61544776	4,661416992	1,00777967893169	236,680223
26331,25684	0,615537167	4,66261377	1,00771560393169	236,7409886
26341,25684	0,614881516	4,657164063	1,00785744493169	236,4642834
26351,25684	0,615209341	4,656791992	1,00776207693169	236,4453918
26361,25684	0,616043806	4,665349121	1,00773413693169	236,8798741
26371,25684	0,616252422	4,668338867	1,00795430193169	237,0316764
26381,25684	0,615268946	4,660452148	1,00772510393169	236,6312337
26391,25684	0,615954399	4,66681543	1,00780212393169	236,9543249
26401,25684	0,615954399	4,665209473	1,00796715393169	236,8727836
26411,25684	0,615686178	4,663637207	1,00771839793169	236,7929529
26421,25684	0,615864992	4,662901367	1,00779830593169	236,7555911
26431,25684	0,615596771	4,66126709	1,00764873493169	236,6726118
26441,25684	0,616252422	4,667274902	1,00770824693169	236,9776543
26451,25684	0,615715981	4,663248535	1,00795132193169	236,7732183
26461,25684	0,615179539	4,656687988	1,00758065493169	236,4401111
26471,25684	0,615715981	4,663591797	1,00805367393169	236,7906472
26481,25684	0,615268946	4,659245605	1,00779355593169	236,5699724
26491,25684	0,615268946	4,656894531	1,00781702493169	236,4505982
26501,25684	0,615864992	4,663672852	1,00776524393169	236,7947627
26511,25684	0,615179539	4,658032227	1,00792282293169	236,5083639
26521,25684	0,615119934	4,658652832	1,00771998093169	236,5398747
26531,25684	0,615090132	4,656299316	1,00769055193169	236,4203766
26541,25684	0,615626574	4,662708008	1,00785017993169	236,7457734
26551,25684	0,61544776	4,661254395	1,00769436993169	236,6719672
26561,25684	0,615686178	4,660378906	1,00781451093169	236,6275149
26571,25684	0,615686178	4,662146484	1,00773301993169	236,7172625
26581,25684	0,61583519	4,663372559	1,00764854893169	236,7795155
26591,25684	0,616282225	4,666150879	1,00793250893169	236,9205828
26601,25684	0,616461039	4,671517578	1,00770126193169	237,1930733
26611,25684	0,61583519	4,664214844	1,00776105293169	236,822282
26621,25684	0,616192818	4,66738916	1,00777986493169	236,9834557
26631,25684	0,616014004	4,663972656	1,00773804893169	236,8099851
26641,25684	0,614881516	4,65537793	1,00782149493169	236,3735938
26651,25684	0,615924597	4,665470703	1,00787402193169	236,8860474
26661,25684	0,615537167	4,661491211	1,00791984293169	236,6839914
26671,25684	0,615686178	4,662960449	1,00776664093169	236,758591
26681,25684	0,616371632	4,668667969	1,00788454593169	237,0483863
26691,25684	0,615864992	4,665487793	1,00760319293169	236,8869151
26701,25684	0,615864992	4,665578125	1,00785101793169	236,8915017
26711,25684	0,616133213	4,668560547	1,00782317193169	237,0429321
26721,25684	0,616043806	4,667539551	1,00772603493169	236,9910917
26731,25684	0,61583519	4,664569824	1,00760170293169	236,8403059
26741,25684	0,61544776	4,660996094	1,00774196093169	236,6588522
26751,25684	0,616341829	4,668630371	1,00782074993169	237,0464773
26761,25684	0,615507364	4,664446289	1,00788519793169	236,8340335
26771,25684	0,61661005	4,671126465	1,00783956293169	237,1732148
26781,25684	0,615775585	4,663886719	1,00783891093169	236,8056217
26791,25684	0,616371632	4,669734375	1,00791183393169	237,1025324
26801,25684	0,616788864	4,675432129	1,00804482693169	237,3918319
26811,25684	0,616371632	4,671157227	1,00795998293169	237,1747767
26821,25684	0,61711669	4,676608398	1,00771560393169	237,4515562
26831,25684	0,616371632	4,67097168	1,00777138993169	237,1653557
26841,25684	0,616103411	4,668890625	1,00782969093169	237,0596915
26851,25684	0,616192818	4,665937988	1,00764771093169	236,9097735
26861,25684	0,61583519	4,66361084	1,00782177493169	236,7916141
26871,25684	0,615268946	4,657077637	1,00763737293169	236,4598952
26881,25684	0,616878271	4,672352539	1,00792142593169	237,2354678
26891,25684	0,61699748	4,673571289	1,00778498793169	237,297349
26901,25684	0,616252422	4,668575684	1,00774196093169	237,0437006
26911,25684	0,616282225	4,667615234	1,00791257893169	236,9949345
26921,25684	0,615686178	4,662865234	1,00790764293169	236,7537565
26931,25684	0,615924597	4,664242188	1,00758987593169	236,8236703
26941,25684	0,616014004	4,664583496	1,00753753493169	236,8410001
26951,25684	0,616580248	4,670070313	1,00769315893169	237,1195894
26961,25684	0,615715981	4,664529785	1,00786936493169	236,8382729
26971,25684	0,616878271	4,673335449	1,00765171493169	237,2853744
26981,25684	0,616103411	4,664880371	1,00774624493169	236,8560737
26991,25684	0,615507364	4,660316406	1,00771225093169	236,6243415
27001,25684	0,616371632	4,669686035	1,00773581393169	237,1000779
27011,25684	0,616520643	4,669679688	1,00780044793169	237,0997556
27021,25684	0,616371632	4,667520508	1,00792990093169	236,9901248
27031,25684	0,61661005	4,670883301	1,00782885293169	237,1608683
27041,25684	0,616133213	4,666103027	1,00789860893169	236,9181532
27051,25684	0,616192818	4,667719727	1,00787029693169	237,00024
27061,25684	0,615596771	4,659566406	1,00771755993169	236,5862608
27071,25684	0,616788864	4,671358398	1,00762200593169	237,184991
27081,25684	0,615924597	4,664488281	1,00780305493169	236,8361656
27091,25684	0,615864992	4,662345703	1,00781730493169	236,7273777
27101,25684	0,616133213	4,664199707	1,00777306693169	236,8215134
27111,25684	0,616431236	4,667380859	1,00784570993169	236,9830342
27121,25684	0,616341829	4,664986328	1,00760412493169	236,8614536
27131,25684	0,616043806	4,663875	1,00766112193169	236,8050267
27141,25684	0,61699748	4,672284668	1,00784477893169	237,2320217
27151,25684	0,616461039	4,66832959	1,00791984293169	237,0312054
27161,25684	0,616192818	4,665423828	1,00780044793169	236,8836673
27171,25684	0,616252422	4,663666992	1,00766987593169	236,7944652
27181,25684	0,616371632	4,668549316	1,00781879493169	237,0423618
27191,25684	0,616580248	4,667991211	1,00769204193169	237,0140244
27201,25684	0,616520643	4,666315918	1,00777651293169	236,9289626
27211,25684	0,616848469	4,670735352	1,00782838693169	237,1533563
27221,25684	0,616282225	4,667140137	1,00792245093169	236,9708117
27231,25684	0,615954399	4,66347168	1,00771877093169	236,7845483
27241,25684	0,616461039	4,665628906	1,00787318393169	236,89408
27251,25684	0,616043806	4,662822266	1,00792440693169	236,7515748
27261,25684	0,61661005	4,669786133	1,00781795593169	237,1051603
27271,25684	0,616788864	4,669434082	1,00784924893169	237,0872852
27281,25684	0,615388155	4,658525879	1,00776803793169	236,5334287
27291,25684	0,615596771	4,659464844	1,00784142593169	236,581104
27301,25684	0,61583519	4,660373535	1,00761166893169	236,6272422
27311,25684	0,616252422	4,667008789	1,00787160093169	236,9641426
27321,25684	0,616580248	4,66970752	1,00779849193169	237,1011688
27331,25684	0,61699748	4,670923828	1,00789991293169	237,162926
27341,25684	0,616103411	4,664058594	1,00778731593169	236,8143485
27351,25684	0,617176294	4,673716797	1,00785017993169	237,3047371
27361,25684	0,615864992	4,663094238	1,00784971493169	236,765384
27371,25684	0,61544776	4,658663086	1,00780873593169	236,5403953
27381,25684	0,616103411	4,662790039	1,00772016793169	236,7499385
27391,25684	0,616699457	4,669086914	1,00790466293169	237,069658
27401,25684	0,616282225	4,665310547	1,00784161193169	236,8779156
27411,25684	0,616192818	4,665231445	1,00801856293169	236,8738992
27421,25684	0,616282225	4,66558252	1,00790270693169	236,8917248
27431,25684	0,616431236	4,666214844	1,00773097093169	236,9238306
27441,25684	0,616699457	4,668774414	1,00771253093169	237,053791
27451,25684	0,615924597	4,662412109	1,00789600093169	236,7307494
27461,25684	0,616461039	4,666895508	1,00755979393169	236,9583909
27471,25684	0,616699457	4,668473633	1,00770219293169	237,0385191
27481,25684	0,616431236	4,66746582	1,00775341593169	236,9873481
27491,25684	0,615715981	4,659718262	1,00768347293169	236,5939711
27501,25684	0,616014004	4,660984863	1,00761939793169	236,658282
27511,25684	0,61661005	4,666462891	1,00773888693169	236,936425
27521,25684	0,616043806	4,66232666	1,00779262393169	236,7264108
27531,25684	0,616699457	4,669238281	1,00785409193169	237,0773436
27541,25684	0,616192818	4,664277832	1,00773367193169	236,8254802
27551,25684	0,616848469	4,669712402	1,00764594093169	237,1014167
27561,25684	0,615507364	4,659999023	1,00774168093169	236,6082266
27571,25684	0,616282225	4,663720703	1,00773143693169	236,7971923
27581,25684	0,616788864	4,669155273	1,00782251993169	237,0731289
27591,25684	0,615686178	4,660131836	1,00774121493169	236,6149701
27601,25684	0,617176294	4,672188965	1,00782149493169	237,2271625
27611,25684	0,615924597	4,662685059	1,00760598693169	236,7446082
27621,25684	0,616192818	4,665818848	1,00797087993169	236,9037242
27631,25684	0,616461039	4,666727539	1,00783481293169	236,9498624
27641,25684	0,61661005	4,669505371	1,00767201793169	237,0909049
27651,25684	0,616341829	4,665245605	1,00759704693169	236,8746182
27661,25684	0,616103411	4,663413086	1,00786563993169	236,7815733
27671,25684	0,616192818	4,666881836	1,00773441693169	236,9576967
27681,25684	0,615954399	4,664108887	1,00767006193169	236,8169021
27691,25684	0,616252422	4,667526367	1,00779225193169	236,9904223
27701,25684	0,615924597	4,662645508	1,00766214593169	236,7426
27711,25684	0,615537167	4,660659668	1,00785735093169	236,6417704
27721,25684	0,617206097	4,674266113	1,00766354293169	237,3326282
27731,25684	0,617027283	4,672736816	1,00780044793169	237,2549793
27741,25684	0,616848469	4,672542969	1,00777790993169	237,2451368
27751,25684	0,616699457	4,671256348	1,00784980793169	237,1798095
27761,25684	0,615954399	4,664898926	1,00787886493169	236,8570158
27771,25684	0,61583519	4,661450684	1,00763010893169	236,6819337
27781,25684	0,616252422	4,664225098	1,00771020193169	236,8228026
27791,25684	0,616133213	4,664067383	1,00791239293169	236,8147948
27801,25684	0,616014004	4,665477539	1,00776906193169	236,8863945
27811,25684	0,616103411	4,665808594	1,00779308993169	236,9032035
27821,25684	0,616103411	4,665708008	1,00762889793169	236,8980964
27831,25684	0,615596771	4,661191406	1,00775062193169	236,668769
27841,25684	0,616669655	4,669240234	1,00768077293169	237,0774427
27851,25684	0,616788864	4,670486328	1,00792943593169	237,1407123
27861,25684	0,616103411	4,663344238	1,00775164593169	236,7780776
27871,25684	0,615596771	4,66077832	1,00770936393169	236,6477949
27881,25684	0,616848469	4,669818359	1,00756500893169	237,1067966
27891,25684	0,617027283	4,671267578	1,00771802593169	237,1803797
27901,25684	0,616282225	4,66695752	1,00790428993169	236,9615395
27911,25684	0,61583519	4,661083008	1,00779001693169	236,6632652
27921,25684	0,616341829	4,664513672	1,00784738593169	236,8374548
27931,25684	0,615924597	4,660842285	1,00770964393169	236,6510427
27941,25684	0,616461039	4,665154785	1,00786126293169	236,8700069
27951,25684	0,61661005	4,666633789	1,00772743193169	236,9451023
27961,25684	0,616133213	4,665481445	1,00783770093169	236,8865928
27971,25684	0,616043806	4,663519043	1,00787336993169	236,7869532
27981,25684	0,616788864	4,668224609	1,00781134393169	237,0258751
27991,25684	0,61661005	4,668380371	1,00785166993169	237,0337838
28001,25684	0,616341829	4,667001465	1,00768915493169	236,9637707
28011,25684	0,616192818	4,662890625	1,00770293793169	236,7550457
28021,25684	0,616788864	4,66890918	1,00779811893169	237,0606336
28031,25684	0,61711669	4,671454102	1,00763141293169	237,1898503
28041,25684	0,616341829	4,666067871	1,00782596593169	236,9163682
28051,25684	0,617265701	4,672334473	1,00794815493169	237,2345505
28061,25684	0,617623329	4,677574707	1,00805516393169	237,5006198
28071,25684	0,616461039	4,667426758	1,00773236793169	236,9853647
28081,25684	0,616371632	4,667498047	1,00787960993169	236,9889844
28091,25684	0,616669655	4,667303223	1,00783835193169	236,9790923
28101,25684	0,617533922	4,67528418	1,00781944693169	237,3843199
28111,25684	0,616043806	4,660313965	1,00768775793169	236,6242176
28121,25684	0,616520643	4,6646875	1,00765245993169	236,8462808
28131,25684	0,615775585	4,65925293	1,00775164593169	236,5703442
28141,25684	0,61661005	4,665820801	1,00778545293169	236,9038233
28151,25684	0,616103411	4,662018066	1,00797525693169	236,7107421
28161,25684	0,616878271	4,669199219	1,00782810793169	237,0753602
28171,25684	0,616014004	4,662906738	1,00784747893169	236,7558638
28181,25684	0,616043806	4,663719238	1,00780789793169	236,797118
28191,25684	0,615686178	4,661123047	1,00801437193169	236,6652981
28201,25684	0,615775585	4,663372559	1,00779225193169	236,7795155
28211,25684	0,616043806	4,665174316	1,00784859693169	236,8709985
28221,25684	0,615775585	4,663186523	1,00781329993169	236,7700697
28231,25684	0,616014004	4,662728027	1,00791779393169	236,7467899
28241,25684	0,615954399	4,662170898	1,00773823493169	236,7185021
28251,25684	0,61544776	4,65922998	1,00777353193169	236,569179
28261,25684	0,615954399	4,663950195	1,00781134393169	236,8088446
28271,25684	0,616252422	4,667782715	1,00782801493169	237,0034382
28281,25684	0,615715981	4,663304688	1,00771634893169	236,7760694
28291,25684	0,615358353	4,659544922	1,00786498793169	236,5851699
28301,25684	0,615119934	4,654473633	1,00766084193169	236,3276787
28311,25684	0,615030527	4,655411133	1,00800310293169	236,3752797
28321,25684	0,616282225	4,666607422	1,00772147093169	236,9437635
28331,25684	0,615537167	4,659222168	1,00780230993169	236,5687823
28341,25684	0,616282225	4,667424316	1,00772901493169	236,9852407
28351,25684	0,615924597	4,663563965	1,00781264793169	236,7892341
28361,25684	0,615268946	4,659771973	1,00780016793169	236,5966983
28371,25684	0,614881516	4,655329102	1,00772519693169	236,3711146
28381,25684	0,615864992	4,664520996	1,00773385793169	236,8378267
28391,25684	0,613957644	4,646559082	1,00778284593169	235,9258229
28401,25684	0,614702702	4,652505859	1,00791751493169	236,2277664
28411,25684	0,614434481	4,651445801	1,00776943493169	236,1739427
28421,25684	0,615388155	4,660955566	1,00781851493169	236,6567944
28431,25684	0,615030527	4,656069824	1,00771485893169	236,4087243
28441,25684	0,615209341	4,657523926	1,00793083293169	236,4825553
28451,25684	0,614702702	4,65504541	1,00803644493169	236,3567103
28461,25684	0,614792109	4,656596191	1,00774810693169	236,4354502
28471,25684	0,615298748	4,660675781	1,00777576793169	236,6425885
28481,25684	0,613957644	4,648070313	1,00774503393169	236,0025546
28491,25684	0,614345074	4,650704102	1,00774019093169	236,1362834
28501,25684	0,61455369	4,652803711	1,00767220393169	236,2428896
28511,25684	0,613808632	4,644310547	1,00766503293169	235,8116551
28521,25684	0,613868237	4,642544434	1,00781283393169	235,7219819
28531,25684	0,615030527	4,654404297	1,00794768993169	236,3241583
28541,25684	0,615358353	4,658257324	1,00782419593169	236,5197931
28551,25684	0,615119934	4,656833496	1,00779392793169	236,4474992
28561,25684	0,615179539	4,65947168	1,00774279893169	236,5814511
28571,25684	0,616014004	4,665884766	1,00773823493169	236,9070711
28581,25684	0,615268946	4,660393066	1,00782047093169	236,6282339
28591,25684	0,615715981	4,664626465	1,00781953993169	236,8431818
28601,25684	0,615209341	4,65878418	1,00767788593169	236,5465438
28611,25684	0,615507364	4,661823242	1,00778275193169	236,7008501
28621,25684	0,615388155	4,661751465	1,00775946893169	236,6972056
28631,25684	0,615388155	4,659558594	1,00777725793169	236,5858641
28641,25684	0,614851713	4,654270996	1,00766782693169	236,31739
28651,25684	0,615268946	4,657086426	1,00780892293169	236,4603415
28661,25684	0,615298748	4,657076172	1,00757581293169	236,4598209
28671,25684	0,615090132	4,65644043	1,00795709593169	236,4275415
28681,25684	0,615209341	4,656541016	1,00785781693169	236,4326487
28691,25684	0,614851713	4,655062012	1,00777464993169	236,3575533
28701,25684	0,615268946	4,656335449	1,00761883993169	236,4222112
28711,25684	0,61494112	4,653790527	1,00781469693169	236,2929945
28721,25684	0,615030527	4,654933594	1,00773218193169	236,3510329
28731,25684	0,614702702	4,65240625	1,00778405593169	236,2227088
28741,25684	0,615298748	4,65880127	1,00783090193169	236,5474115
28751,25684	0,615388155	4,659570313	1,00788501193169	236,5864591
28761,25684	0,615775585	4,66115332	1,00777735093169	236,6668353
28771,25684	0,615686178	4,661934082	1,00771253093169	236,7064779
28781,25684	0,615298748	4,659964844	1,00785381193169	236,6064912
28791,25684	0,615358353	4,657003906	1,00796082093169	236,4561516
28801,25684	0,615596771	4,658303223	1,00775006293169	236,5221235
28811,25684	0,615507364	4,65690625	1,00780966793169	236,4511932
28821,25684	0,615119934	4,654608398	1,00779932993169	236,3345214
28831,25684	0,615179539	4,65549707	1,00793194993169	236,3796431
28841,25684	0,615209341	4,653463867	1,00782577993169	236,2764086
28851,25684	0,615090132	4,653784668	1,00790950493169	236,292697
28861,25684	0,614970922	4,652199707	1,00768365993169	236,2122217
28871,25684	0,615030527	4,651810059	1,00787839893169	236,1924376
28881,25684	0,615686178	4,65737207	1,00777623293169	236,4748449
28891,25684	0,615924597	4,66340918	1,00769707093169	236,781375
28901,25684	0,615626574	4,658883789	1,00769399693169	236,5516014
28911,25684	0,615119934	4,656958984	1,00774121493169	236,4538707
28921,25684	0,615298748	4,657337891	1,00778182093169	236,4731095
28931,25684	0,615775585	4,661126953	1,00790121693169	236,6654965
28941,25684	0,615209341	4,654521973	1,00774140193169	236,3301332
28951,25684	0,615030527	4,653781738	1,00783397493169	236,2925483
28961,25684	0,615507364	4,658051758	1,00756081793169	236,5093556
28971,25684	0,615090132	4,654879395	1,00773283393169	236,348281
28981,25684	0,615537167	4,65717041	1,00780780493169	236,4646057
28991,25684	0,61583519	4,661850586	1,00779942293169	236,7022384
29001,25684	0,615507364	4,659086426	1,00769697793169	236,5618901
29011,25684	0,615686178	4,660580566	1,00772258893169	236,6377541
29021,25684	0,616043806	4,663652832	1,00782959793169	236,7937462
29031,25684	0,615626574	4,659314941	1,00753678993169	236,5734928
29041,25684	0,61583519	4,663053711	1,00769893293169	236,7633263
29051,25684	0,61544776	4,657208496	1,00767136593169	236,4665395
29061,25684	0,616520643	4,669929688	1,00797590893169	237,1124492
29071,25684	0,616192818	4,663259766	1,00780268293169	236,7737886
29081,25684	0,615715981	4,659810059	1,00771159893169	236,5986321
29091,25684	0,616192818	4,663455078	1,00763532393169	236,7837054
29101,25684	0,615864992	4,660756836	1,00768785093169	236,646704
29111,25684	0,615358353	4,655825195	1,00777474293169	236,3963034
29121,25684	0,615686178	4,659994141	1,00789022693169	236,6079787
29131,25684	0,616192818	4,664898926	1,00790065793169	236,8570158
29141,25684	0,61583519	4,65959375	1,00771718693169	236,5876491
29151,25684	0,615715981	4,659448242	1,00772500993169	236,5802611
29161,25684	0,615686178	4,66178418	1,00771839793169	236,6988667
29171,25684	0,616192818	4,66284375	1,00792142593169	236,7526657
29181,25684	0,61661005	4,66679834	1,00774568593169	236,9534572
29191,25684	0,616371632	4,664894043	1,00784598893169	236,8567679
29201,25684	0,615864992	4,660687012	1,00780137893169	236,6431588
29211,25684	0,616282225	4,662063477	1,00774354393169	236,7130478
29221,25684	0,616341829	4,663758301	1,00766698893169	236,7991013
29231,25684	0,616133213	4,660645508	1,00775686193169	236,6410514
29241,25684	0,615924597	4,656753418	1,00777995893169	236,4434333
29251,25684	0,61544776	4,655112305	1,00773683793169	236,3601069
29261,25684	0,616103411	4,659852051	1,00771839793169	236,6007642
29271,25684	0,61661005	4,664877441	1,00782065693169	236,8559249
29281,25684	0,616014004	4,660717285	1,00773432393169	236,6446959
29291,25684	0,616669655	4,666116699	1,00770992293169	236,9188474
29301,25684	0,616371632	4,663003906	1,00793008793169	236,7607975
29311,25684	0,615954399	4,659894043	1,00772687293169	236,6028963
29321,25684	0,615537167	4,655683594	1,00778340393169	236,3891137
29331,25684	0,615715981	4,657044434	1,00774717593169	236,4582094
29341,25684	0,615626574	4,657415527	1,00792515193169	236,4770514
29351,25684	0,615954399	4,660112305	1,00771979493169	236,6139784
29361,25684	0,616014004	4,66152832	1,00786433593169	236,6858756
29371,25684	0,616520643	4,664796875	1,00776021393169	236,8518342
29381,25684	0,616103411	4,663249512	1,00785716493169	236,7732679
29391,25684	0,615686178	4,657246582	1,00789423193169	236,4684733
29401,25684	0,61583519	4,658469727	1,00776608193169	236,5305776
29411,25684	0,616520643	4,664493652	1,00778843393169	236,8364383
29421,25684	0,616103411	4,65994873	1,00771122693169	236,605673
29431,25684	0,615596771	4,655674316	1,00765860693169	236,3886426
29441,25684	0,616580248	4,66479541	1,00776794393169	236,8517598
29451,25684	0,616103411	4,661193359	1,00775565093169	236,6688682
29461,25684	0,616461039	4,664626465	1,00775425393169	236,8431818
29471,25684	0,616431236	4,663059082	1,00787029693169	236,763599
29481,25684	0,616371632	4,665192871	1,00779206593169	236,8719406
29491,25684	0,616580248	4,665155273	1,00765935193169	236,8700317
29501,25684	0,615864992	4,659810059	1,00768412493169	236,5986321
29511,25684	0,616937876	4,668522461	1,00767974793169	237,0409983
29521,25684	0,616133213	4,661611328	1,00781329993169	236,6900903
29531,25684	0,616252422	4,663072754	1,00785576793169	236,7642932
29541,25684	0,617086887	4,669128906	1,00782577993169	237,0717901
29551,25684	0,616788864	4,667046387	1,00782689693169	236,9660516
29561,25684	0,616282225	4,661768555	1,00773199493169	236,6980734
29571,25684	0,616461039	4,664436523	1,00774028393169	236,8335376
29581,25684	0,616759062	4,667132813	1,00781711793169	236,9704398
29591,25684	0,615954399	4,661820313	1,00762219193169	236,7007013
29601,25684	0,616461039	4,666030273	1,00788445293169	236,9144592
29611,25684	0,616878271	4,667604004	1,00775751393169	236,9943643
29621,25684	0,616878271	4,667290527	1,00760691893169	236,9784477
29631,25684	0,616192818	4,662416016	1,00794442993169	236,7309477
29641,25684	0,615775585	4,657418945	1,00773320593169	236,4772249
29651,25684	0,615626574	4,656338379	1,00769530093169	236,4223599
29661,25684	0,617206097	4,670802246	1,00771280993169	237,1567528
29671,25684	0,616014004	4,661542969	1,00782065693169	236,6866194
29681,25684	0,615954399	4,659602051	1,00785083193169	236,5880706
29691,25684	0,616669655	4,664867676	1,00758931693169	236,8554291
29701,25684	0,616461039	4,665197754	1,00777287993169	236,8721886
29711,25684	0,61661005	4,665147461	1,00786033193169	236,869635
29721,25684	0,616133213	4,65926709	1,00781804993169	236,5710632
29731,25684	0,616133213	4,66034082	1,00769027193169	236,6255811
29741,25684	0,616192818	4,660455566	1,00775779293169	236,6314073
29751,25684	0,616341829	4,661708008	1,00770759493169	236,6949991
29761,25684	0,616431236	4,660005371	1,00764594093169	236,6085489
29771,25684	0,617593527	4,673283203	1,00783891093169	237,2827217
29781,25684	0,61711669	4,671516113	1,00771998093169	237,1929989
29791,25684	0,616759062	4,668188477	1,00784217093169	237,0240404
29801,25684	0,61711669	4,669566895	1,00762703493169	237,0940287
29811,25684	0,617176294	4,670617676	1,00772640693169	237,1473814
29821,25684	0,616461039	4,667012695	1,00784310193169	236,964341
29831,25684	0,615924597	4,65998291	1,00786368393169	236,6074085
29841,25684	0,617027283	4,669039551	1,00770275193169	237,0672531
29851,25684	0,616580248	4,665416016	1,00783956293169	236,8832707
29861,25684	0,616759062	4,668632813	1,00782875993169	237,0466013
29871,25684	0,616788864	4,668949219	1,00779746693169	237,0626666
29881,25684	0,61711669	4,670004883	1,00758987593169	237,1162672
29891,25684	0,616371632	4,666755859	1,00762116793169	236,9513003
29901,25684	0,616043806	4,66325293	1,00771904993169	236,7734415
29911,25684	0,616520643	4,666206543	1,00781069193169	236,9234091
29921,25684	0,616103411	4,663161133	1,00767816493169	236,7687805
29931,25684	0,616014004	4,664074219	1,00768757093169	236,8151419
29941,25684	0,616133213	4,661711914	1,00780435893169	236,6951975
29951,25684	0,616192818	4,660958496	1,00758996893169	236,6569432
29961,25684	0,615626574	4,657038086	1,00771644193169	236,4578871
29971,25684	0,616431236	4,665274902	1,00784915593169	236,8761057
29981,25684	0,616014004	4,660875977	1,00781544193169	236,6527533
29991,25684	0,616520643	4,66545752	1,00771150593169	236,885378
30001,25684	0,615775585	4,659884766	1,00771038893169	236,6024253
30011,25684	0,616669655	4,664800781	1,00782773493169	236,8520326
30021,25684	0,616043806	4,662027832	1,00792012293169	236,711238
30031,25684	0,616580248	4,664379395	1,00792710693169	236,8306369
30041,25684	0,61711669	4,670070313	1,00774466093169	237,1195894
30051,25684	0,616371632	4,664355957	1,00773981893169	236,8294469
30061,25684	0,61711669	4,670589355	1,00781879493169	237,1459434
30071,25684	0,615954399	4,659715332	1,00768030693169	236,5938224
30081,25684	0,616461039	4,663592285	1,00773506893169	236,790672
30091,25684	0,616848469	4,669098633	1,00778852693169	237,070253
30101,25684	0,61711669	4,66996582	1,00791658393169	237,1142838
30111,25684	0,616937876	4,668819336	1,00787048293169	237,0560719
30121,25684	0,616371632	4,663342285	1,00759322793169	236,7779784
30131,25684	0,616878271	4,668884766	1,00775145993169	237,059394
30141,25684	0,616461039	4,664530273	1,00787951693169	236,8382977
30151,25684	0,616759062	4,667169434	1,00792421993169	236,9722992
30161,25684	0,61699748	4,670386719	1,00777371893169	237,1356547
30171,25684	0,616282225	4,664277832	1,00768636093169	236,8254802
30181,25684	0,616699457	4,670521484	1,00792487193169	237,1424973
30191,25684	0,617206097	4,673313965	1,00759658093169	237,2842836
30201,25684	0,616043806	4,659992676	1,00755578893169	236,6079043
30211,25684	0,617086887	4,670052246	1,00794526793169	237,1186721
30221,25684	0,616848469	4,670305176	1,00776282193169	237,1315144
30231,25684	0,616699457	4,672087891	1,00780631493169	237,2220305
30241,25684	0,616341829	4,667771484	1,00776198393169	237,002868
30251,25684	0,616759062	4,668631836	1,00766633693169	237,0465517
30261,25684	0,616580248	4,666041016	1,00759704693169	236,9150046
30271,25684	0,615954399	4,65979834	1,00772379993169	236,5980371
30281,25684	0,616788864	4,667898438	1,00770964393169	237,0093139
30291,25684	0,616282225	4,663583984	1,00769837493169	236,7902505
30301,25684	0,616043806	4,661368652	1,00796007593169	236,6777686
30311,25684	0,615358353	4,656318359	1,00780845693169	236,4213435
30321,25684	0,61583519	4,657500488	1,00778144893169	236,4813652
30331,25684	0,615954399	4,660593262	1,00791043693169	236,6383987
30341,25684	0,616014004	4,659039551	1,00776300793169	236,5595101
30351,25684	0,616848469	4,668850586	1,00777772293169	237,0576586
30361,25684	0,617265701	4,672801758	1,00792114693169	237,2582766
30371,25684	0,616878271	4,669645996	1,00783211293169	237,098045
30381,25684	0,615954399	4,660980469	1,00771625593169	236,6580588
30391,25684	0,615626574	4,659255371	1,00776365993169	236,5704682
30401,25684	0,616848469	4,667274902	1,00774745493169	236,9776543
30411,25684	0,616937876	4,668606445	1,00780994693169	237,0452625
30421,25684	0,61583519	4,659480957	1,00778917893169	236,5819222
30431,25684	0,616341829	4,664486816	1,00765413693169	236,8360912
30441,25684	0,615596771	4,655543945	1,00761502093169	236,3820231
30451,25684	0,615924597	4,659246582	1,00777567393169	236,5700219
30461,25684	0,616133213	4,661706543	1,00763429993169	236,6949248
30471,25684	0,617265701	4,672316406	1,00785418493169	237,2336332
30481,25684	0,616043806	4,660888672	1,00776766493169	236,6533979
30491,25684	0,616103411	4,662281738	1,00776673393169	236,7241299
30501,25684	0,616431236	4,663095703	1,00757683693169	236,7654584
30511,25684	0,616669655	4,665740234	1,00771942293169	236,8997326
30521,25684	0,616431236	4,664069824	1,00789264893169	236,8149187
30531,25684	0,616043806	4,662784668	1,00791025093169	236,7496658
30541,25684	0,615924597	4,659619629	1,00788407993169	236,5889631
30551,25684	0,616133213	4,663505371	1,00781199593169	236,786259
30561,25684	0,616461039	4,663827637	1,00783807293169	236,8026218
30571,25684	0,61661005	4,666077148	1,00788119293169	236,9168392
30581,25684	0,616043806	4,661535156	1,00775863093169	236,6862227
30591,25684	0,616341829	4,664084473	1,00778768793169	236,8156625
30601,25684	0,616133213	4,663777344	1,00776468493169	236,8000682
30611,25684	0,616282225	4,661086426	1,00773981893169	236,6634387
30621,25684	0,616192818	4,661030762	1,00788016893169	236,6606124
30631,25684	0,616282225	4,661876953	1,00774745493169	236,7035772
30641,25684	0,617027283	4,669467773	1,00768077293169	237,0889959
30651,25684	0,615954399	4,661299805	1,00800533893169	236,6742729
30661,25684	0,615507364	4,657452637	1,00777576793169	236,4789356
30671,25684	0,616371632	4,663607422	1,00792580393169	236,7914406
30681,25684	0,615954399	4,660334473	1,00780631493169	236,6252588
30691,25684	0,615686178	4,657759277	1,00771942293169	236,4945051
30701,25684	0,615864992	4,659651855	1,00776058693169	236,5905994
30711,25684	0,616371632	4,663772461	1,00767956193169	236,7998203
30721,25684	0,616252422	4,665790527	1,00772556893169	236,9022862
30731,25684	0,616937876	4,67077002	1,00782931893169	237,1551165
30741,25684	0,616103411	4,662165527	1,00772100593169	236,7182294
30751,25684	0,616431236	4,666943359	1,00783192593169	236,9608205
30761,25684	0,616699457	4,667015625	1,00777967893169	236,9644897
30771,25684	0,616461039	4,666763184	1,00787439493169	236,9516722
30781,25684	0,616341829	4,665696777	1,00783909693169	236,8975261
30791,25684	0,615358353	4,6581875	1,00785111193169	236,5162478
30801,25684	0,616043806	4,664245605	1,00768636093169	236,8238439
30811,25684	0,616699457	4,667273926	1,00773702493169	236,9776048
30821,25684	0,616252422	4,664208496	1,00776524393169	236,8219597
30831,25684	0,616103411	4,660941406	1,00782196093169	236,6560755
30841,25684	0,615715981	4,657285645	1,00782251993169	236,4704567
30851,25684	0,615954399	4,662805664	1,00782251993169	236,7507319
30861,25684	0,616431236	4,665485352	1,00791099593169	236,8867911
30871,25684	0,61583519	4,660855469	1,00787206593169	236,651712
30881,25684	0,616669655	4,66913916	1,00781544193169	237,0723107
30891,25684	0,616043806	4,664392578	1,00785744493169	236,8313063
30901,25684	0,617086887	4,67514209	1,00789618793169	237,3771053
30911,25684	0,616192818	4,663116699	1,00762526593169	236,7665245
30921,25684	0,616759062	4,667999023	1,00771020193169	237,0144211
30931,25684	0,616103411	4,662659668	1,00791155393169	236,743319
30941,25684	0,616252422	4,666299316	1,00795206693169	236,9281196
30951,25684	0,616431236	4,66775	1,00773944593169	237,0017771
30961,25684	0,616788864	4,669364746	1,00777027293169	237,0837647
30971,25684	0,61699748	4,672442871	1,00793846993169	237,2400544
30981,25684	0,616103411	4,663699219	1,00769660493169	236,7961015
30991,25684	0,616580248	4,668702148	1,00786545393169	237,0501218
31001,25684	0,61661005	4,669700684	1,00769623293169	237,1008217
31011,25684	0,616699457	4,669537109	1,00778889893169	237,0925163
31021,25684	0,615358353	4,657364258	1,00783080893169	236,4744482
31031,25684	0,615507364	4,659582031	1,00786973793169	236,5870541
31041,25684	0,616133213	4,664229492	1,00770778093169	236,8230258
31051,25684	0,615954399	4,663429688	1,00773320593169	236,7824162
31061,25684	0,616371632	4,667891602	1,00791602493169	237,0089668
31071,25684	0,617027283	4,673117188	1,00771998093169	237,2742923
31081,25684	0,616133213	4,665855469	1,00764854893169	236,9055836
31091,25684	0,615715981	4,661734863	1,00779504593169	236,6963627
31101,25684	0,615537167	4,658456055	1,00776123893169	236,5298835
31111,25684	0,616341829	4,663985352	1,00786517493169	236,8106297
31121,25684	0,615775585	4,660255859	1,00773888693169	236,6212673
31131,25684	0,616371632	4,66479541	1,00787420793169	236,8517598
31141,25684	0,616341829	4,665775391	1,00760151693169	236,9015177
31151,25684	0,616669655	4,670263672	1,00785651293169	237,1294071
31161,25684	0,616192818	4,665040039	1,00765488193169	236,8641807
31171,25684	0,616341829	4,667140137	1,00784496493169	236,9708117
31181,25684	0,616461039	4,668108398	1,00783052893169	237,0199745
31191,25684	0,616043806	4,663915039	1,00772603493169	236,8070596
31201,25684	0,616192818	4,665317383	1,00776654693169	236,8782626
31211,25684	0,615954399	4,66361084	1,00774354393169	236,7916141
31221,25684	0,616520643	4,667839355	1,00790438293169	237,0063141
31231,25684	0,615924597	4,661977539	1,00783742093169	236,7086844
31241,25684	0,616133213	4,663816406	1,00775611693169	236,8020516
31251,25684	0,61583519	4,659760742	1,00779830593169	236,5961281
31261,25684	0,616133213	4,662947754	1,00768757093169	236,7579464
31271,25684	0,616461039	4,664525879	1,00787616393169	236,8380746
31281,25684	0,615626574	4,657909668	1,00760309993169	236,502141
31291,25684	0,615626574	4,657447754	1,00780407993169	236,4786877
31301,25684	0,615686178	4,657209473	1,00749832693169	236,4665891
31311,25684	0,61544776	4,65673584	1,00774372993169	236,4425407
31321,25684	0,616043806	4,661476074	1,00779569793169	236,6832229
31331,25684	0,616520643	4,667615234	1,00771746693169	236,9949345
31341,25684	0,616878271	4,670476074	1,00778917893169	237,1401916
31351,25684	0,616669655	4,669439941	1,00783453393169	237,0875827
31361,25684	0,616133213	4,663612305	1,00767052793169	236,7916885
31371,25684	0,61661005	4,669140137	1,00783220593169	237,0723603
31381,25684	0,616252422	4,665388672	1,00788976093169	236,8818823
31391,25684	0,616371632	4,663559082	1,00769781593169	236,7889861
31401,25684	0,615298748	4,657205078	1,00777111093169	236,466366
31411,25684	0,616133213	4,663032715	1,00767341493169	236,7622602
31421,25684	0,61583519	4,661123047	1,00770461493169	236,6652981
31431,25684	0,616133213	4,664794922	1,00774866593169	236,8517351
31441,25684	0,616520643	4,666334961	1,00784338193169	236,9299295
31451,25684	0,616431236	4,667129883	1,00776794393169	236,9702911
31461,25684	0,616282225	4,663574707	1,00772799093169	236,7897795
31471,25684	0,615715981	4,660759277	1,00791425493169	236,646828
31481,25684	0,616371632	4,666688965	1,00800598993169	236,9479038
31491,25684	0,615209341	4,657240723	1,00773357893169	236,4681758
31501,25684	0,616133213	4,663102051	1,00762172693169	236,7657807
31511,25684	0,616282225	4,664425781	1,00784272993169	236,8329922
31521,25684	0,617265701	4,675611328	1,00767946893169	237,4009306
31531,25684	0,615626574	4,659786133	1,00768757093169	236,5974173
31541,25684	0,615507364	4,656948242	1,00772091293169	236,4533253
31551,25684	0,616252422	4,664996582	1,00783127393169	236,8619742
31561,25684	0,615954399	4,658351563	1,00768645393169	236,5245779
31571,25684	0,615179539	4,655084473	1,00772594193169	236,3586937
31581,25684	0,61699748	4,670383789	1,00772519693169	237,1355059
31591,25684	0,616431236	4,663785156	1,00763038793169	236,8004649
31601,25684	0,616103411	4,661857422	1,00775034193169	236,7025855
31611,25684	0,616192818	4,663240234	1,00781171693169	236,7727969
31621,25684	0,61711669	4,672144043	1,00808003093169	237,2248816
31631,25684	0,617325306	4,674474121	1,00792664193169	237,3431897
31641,25684	0,616669655	4,66936084	1,00773301993169	237,0835664
31651,25684	0,616699457	4,671780273	1,00781125093169	237,2064114
31661,25684	0,61699748	4,671728027	1,00781348593169	237,2037587
31671,25684	0,616431236	4,668474609	1,00775425393169	237,0385686
31681,25684	0,616133213	4,66334082	1,00765516093169	236,7779041
31691,25684	0,617027283	4,671982422	1,00782717693169	237,2166754
31701,25684	0,616878271	4,671134277	1,00815500193169	237,1736114
31711,25684	0,616431236	4,665779297	1,00771001593169	236,901716
31721,25684	0,616133213	4,665273438	1,00790931893169	236,8760314
31731,25684	0,614970922	4,654439453	1,00781106493169	236,3259433
31741,25684	0,616103411	4,663333008	1,00775108793169	236,7775074
31751,25684	0,615119934	4,657137207	1,00782438293169	236,4629199
31761,25684	0,614881516	4,653770996	1,00780650093169	236,2920028
31771,25684	0,615209341	4,656276855	1,00772780393169	236,4192361
31781,25684	0,615268946	4,653116211	1,00771942293169	236,2587566
31791,25684	0,614643097	4,650937988	1,00778405593169	236,1481588
31801,25684	0,615179539	4,654641602	1,00773283393169	236,3362072
31811,25684	0,615119934	4,65612207	1,00789469693169	236,411377
31821,25684	0,615924597	4,661782715	1,00780072693169	236,6987923
31831,25684	0,615775585	4,659894043	1,00762712793169	236,6028963
31841,25684	0,616341829	4,665382324	1,00768719893169	236,88156
31851,25684	0,616461039	4,668409668	1,00779551193169	237,0352713
31861,25684	0,615209341	4,655981445	1,00763727993169	236,4042369
31871,25684	0,614851713	4,653395996	1,00770638393169	236,2729625
31881,25684	0,614613295	4,650678711	1,00776682693169	236,1349942
31891,25684	0,615298748	4,65694043	1,00774866593169	236,4529286
31901,25684	0,614613295	4,651187988	1,00791164793169	236,1608524
31911,25684	0,614613295	4,649499512	1,00784077393169	236,0751212
31921,25684	0,614523888	4,649125977	1,00777166993169	236,0561552
31931,25684	0,614225864	4,645378906	1,00771402093169	235,8659003
31941,25684	0,614702702	4,649763184	1,00797609493169	236,0885089
31951,25684	0,615388155	4,656368164	1,00766428793169	236,4238723
31961,25684	0,615596771	4,658589844	1,00780268293169	236,5366765
31971,25684	0,614345074	4,646966797	1,00774521993169	235,9465243
31981,25684	0,614881516	4,654265625	1,00771653493169	236,3171173
31991,25684	0,614643097	4,652760742	1,00779308993169	236,2407079
32001,25684	0,614881516	4,653250977	1,00785492993169	236,2655992
32011,25684	0,614851713	4,653173828	1,00804342993169	236,2616821
32021,25684	0,614881516	4,651013672	1,00777530193169	236,1520016
32031,25684	0,616192818	4,665419922	1,00816412893169	236,883469
32041,25684	0,615268946	4,656933594	1,00779085493169	236,4525816
32051,25684	0,61455369	4,651019043	1,00797227693169	236,1522743
32061,25684	0,614613295	4,650125	1,00782317193169	236,1068799
32071,25684	0,615268946	4,65567334	1,00792990093169	236,388593
32081,25684	0,614374876	4,649757324	1,00764435793169	236,0882114
32091,25684	0,615864992	4,662307617	1,00752505593169	236,7254439
32101,25684	0,614881516	4,655246582	1,00785092493169	236,3669247
32111,25684	0,61494112	4,653283203	1,00782251993169	236,2672355
32121,25684	0,614851713	4,653802734	1,00784990093169	236,2936143
32131,25684	0,614792109	4,650036133	1,00786200793169	236,1023677
32141,25684	0,614643097	4,648039063	1,00773283393169	236,0009679
32151,25684	0,614374876	4,649048828	1,00768412493169	236,052238
32161,25684	0,615179539	4,654991211	1,00786936493169	236,3539584
32171,25684	0,615209341	4,656304688	1,00788631593169	236,4206493
32181,25684	0,614851713	4,653301758	1,00776244993169	236,2681776
32191,25684	0,615090132	4,656416992	1,00772463793169	236,4263515
32201,25684	0,61455369	4,651873047	1,00782028493169	236,1956358
32211,25684	0,614464283	4,650233887	1,00773823493169	236,1124086
32221,25684	0,615268946	4,656646973	1,00788696693169	236,4380286
32231,25684	0,614881516	4,653912598	1,00771327593169	236,2991926
32241,25684	0,614613295	4,651664063	1,00786601293169	236,1850248
32251,25684	0,615924597	4,662190918	1,00776328793169	236,7195186
32261,25684	0,614434481	4,65049707	1,00785455693169	236,1257715
32271,25684	0,615030527	4,655484375	1,00786154193169	236,3789985
32281,25684	0,615507364	4,658921875	1,00796901693169	236,5535352
32291,25684	0,615090132	4,657294434	1,00781702493169	236,4709029
32301,25684	0,614523888	4,651287598	1,00770517293169	236,16591
32311,25684	0,61544776	4,657320801	1,00776133193169	236,4722417
32321,25684	0,614196062	4,648683594	1,00769921293169	236,0336935
32331,25684	0,614702702	4,652129883	1,00758009693169	236,2086765
32341,25684	0,61455369	4,650864746	1,00766633693169	236,14444
32351,25684	0,615030527	4,655509766	1,00791043693169	236,3802877
32361,25684	0,614881516	4,654876465	1,00776189093169	236,3481323
32371,25684	0,614762306	4,652299316	1,00777809593169	236,2172793
32381,25684	0,616014004	4,662939453	1,00789050593169	236,7575249
32391,25684	0,615358353	4,658672852	1,00763960793169	236,5408912
32401,25684	0,615268946	4,657214844	1,00794182193169	236,4668618
32411,25684	0,615537167	4,660496582	1,00785260193169	236,6334898
32421,25684	0,615537167	4,659865234	1,00800515193169	236,6014336
32431,25684	0,615388155	4,655817383	1,00773665193169	236,3959067
32441,25684	0,615388155	4,656248047	1,00764994593169	236,4177734
32451,25684	0,615954399	4,663196777	1,00767676793169	236,7705904
32461,25684	0,61583519	4,660396973	1,00771802593169	236,6284322
32471,25684	0,615119934	4,65516748	1,00783192593169	236,3629084
32481,25684	0,615686178	4,659983887	1,00785558193169	236,6074581
32491,25684	0,614643097	4,649915039	1,00783816593169	236,0962193
32501,25684	0,615924597	4,66077002	1,00753902493169	236,6473734
32511,25684	0,616103411	4,662858398	1,00782801493169	236,7534094
32521,25684	0,615537167	4,660414551	1,00817409393169	236,6293247
32531,25684	0,615775585	4,658661133	1,00775099393169	236,5402962
32541,25684	0,615358353	4,656943359	1,00776878293169	236,4530774
32551,25684	0,615268946	4,656091797	1,00776040093169	236,4098399
32561,25684	0,616014004	4,660535156	1,00771411393169	236,6354484
32571,25684	0,615358353	4,657561035	1,00777129693169	236,4844395
32581,25684	0,615268946	4,657518066	1,00773273993169	236,4822578
32591,25684	0,615388155	4,657554688	1,00780771193169	236,4841172
32601,25684	0,615388155	4,65680127	1,00778014493169	236,4458629
32611,25684	0,615715981	4,659295898	1,00772519693169	236,5725259
32621,25684	0,615686178	4,659812012	1,00800822593169	236,5987312
32631,25684	0,615030527	4,654276855	1,00765180893169	236,3176875
32641,25684	0,61494112	4,653137695	1,00790643193169	236,2598474
32651,25684	0,615119934	4,656052734	1,00772920093169	236,4078565
32661,25684	0,615209341	4,654532715	1,00785660593169	236,3306786
32671,25684	0,615268946	4,654467285	1,00777595393169	236,3273564
32681,25684	0,616043806	4,661865234	1,00773162293169	236,7029822
32691,25684	0,614464283	4,648155762	1,00784952793169	236,0068932
32701,25684	0,614970922	4,651672363	1,00791611793169	236,1854462
32711,25684	0,616014004	4,661005859	1,00793083293169	236,659348
32721,25684	0,61583519	4,660833496	1,00774447493169	236,6505964
32731,25684	0,615626574	4,660411621	1,00803765493169	236,629176
32741,25684	0,615358353	4,657144531	1,00781944693169	236,4632918
32751,25684	0,615388155	4,660146484	1,00780445193169	236,6157139
32761,25684	0,615537167	4,656332031	1,00753483393169	236,4220376
32771,25684	0,615954399	4,660890137	1,00773888693169	236,6534723
32781,25684	0,615537167	4,657774414	1,00789404593169	236,4952736
32791,25684	0,615596771	4,658291016	1,00775099393169	236,5215037
32801,25684	0,615507364	4,657575195	1,00786563993169	236,4851584
32811,25684	0,616252422	4,663128906	1,00779420793169	236,7671443
32821,25684	0,615537167	4,66012207	1,00797795793169	236,6144742
32831,25684	0,61583519	4,661049316	1,00762303093169	236,6615545
32841,25684	0,615924597	4,661317871	1,00745297093169	236,6751902
32851,25684	0,616103411	4,664463379	1,00785781693169	236,8349012
32861,25684	0,616103411	4,661825195	1,00780650093169	236,7009492
32871,25684	0,615298748	4,656240723	1,00787318393169	236,4174015
32881,25684	0,615090132	4,653558105	1,00770778093169	236,2811935
32891,25684	0,61544776	4,657222168	1,00752719793169	236,4672337
32901,25684	0,615179539	4,654201172	1,00774903893169	236,3138447
32911,25684	0,615626574	4,659077148	1,00772929493169	236,5614191
32921,25684	0,615686178	4,659885254	1,00764808293169	236,6024501
32931,25684	0,615626574	4,66114209	1,00784217093169	236,666265
32941,25684	0,61544776	4,65948584	1,00786414993169	236,5821701
32951,25684	0,616043806	4,662396973	1,00768719893169	236,7299808
32961,25684	0,616520643	4,668932129	1,00789525593169	237,0617989
32971,25684	0,615775585	4,662057129	1,00790922593169	236,7127255
32981,25684	0,615686178	4,663896973	1,00796724693169	236,8061423
32991,25684	0,615030527	4,657032715	1,00782158893169	236,4576144
33001,25684	0,615924597	4,661791016	1,00800058893169	236,6992138
33011,25684	0,615924597	4,660734375	1,00786135593169	236,6455636
33021,25684	0,615596771	4,658949707	1,00773758293169	236,5549483
33031,25684	0,615715981	4,660578125	1,00771746693169	236,6376301
33041,25684	0,615954399	4,662138184	1,00778284593169	236,716841
33051,25684	0,615954399	4,661399414	1,00774130893169	236,6793305
33061,25684	0,615626574	4,65845459	1,00774307793169	236,5298091
33071,25684	0,616282225	4,664867188	1,00770452093169	236,8554043
33081,25684	0,615864992	4,662273926	1,00771578993169	236,7237332
33091,25684	0,615686178	4,659200195	1,00776580193169	236,5676667
33101,25684	0,616103411	4,663594727	1,00778647793169	236,790796
33111,25684	0,615775585	4,661096191	1,00783034293169	236,6639346
33121,25684	0,61583519	4,660123535	1,00791481393169	236,6145486
33131,25684	0,616580248	4,66904248	1,00789376593169	237,0674019
33141,25684	0,615686178	4,661396484	1,00790317193169	236,6791817
33151,25684	0,615715981	4,661654785	1,00774093593169	236,6922968
33161,25684	0,615775585	4,661446777	1,00777185593169	236,6817353
33171,25684	0,615775585	4,660662109	1,00778247293169	236,6418944
33181,25684	0,614851713	4,652900879	1,00773441693169	236,2478232
33191,25684	0,615090132	4,654635742	1,00786545393169	236,3359097
33201,25684	0,615358353	4,655793457	1,00772743193169	236,3946919
33211,25684	0,616282225	4,665946289	1,00784049393169	236,9101949
33221,25684	0,615924597	4,662516113	1,00776040093169	236,7360301
33231,25684	0,616192818	4,662780762	1,00774726893169	236,7494675
33241,25684	0,615537167	4,659285645	1,00781525593169	236,5720053
33251,25684	0,615715981	4,661924805	1,00786042493169	236,7060068
33261,25684	0,615715981	4,661115234	1,00772948093169	236,6649015
33271,25684	0,616043806	4,662858398	1,00780957493169	236,7534094
33281,25684	0,616043806	4,664510254	1,00795141493169	236,8372812
33291,25684	0,615626574	4,659979492	1,00775844493169	236,6072349
33301,25684	0,615775585	4,659013184	1,00760170293169	236,5581713
33311,25684	0,615268946	4,658107422	1,00780733893169	236,5121819
33321,25684	0,615507364	4,658570313	1,00784636193169	236,5356848
33331,25684	0,615924597	4,663055664	1,00769436993169	236,7634254
33341,25684	0,617027283	4,67463623	1,00766056293169	237,3514207
33351,25684	0,616937876	4,674527344	1,00784375393169	237,345892
33361,25684	0,616282225	4,667608887	1,00768477693169	236,9946122
33371,25684	0,616341829	4,666299316	1,00784356793169	236,9281196
33381,25684	0,615537167	4,657351074	1,00781069193169	236,4737788
33391,25684	0,616341829	4,665809082	1,00789395193169	236,9032283
33401,25684	0,616252422	4,663233887	1,00773199493169	236,7724746
33411,25684	0,616431236	4,665682129	1,00779430093169	236,8967824
33421,25684	0,616103411	4,664543945	1,00783220593169	236,8389919
33431,25684	0,616431236	4,666100098	1,00775276393169	236,9180045
33441,25684	0,615954399	4,662390625	1,00785343993169	236,7296585
33451,25684	0,616461039	4,666046387	1,00776403293169	236,9152773
33461,25684	0,616848469	4,67057959	1,00783276393169	237,1454476
33471,25684	0,61699748	4,670156738	1,00794824793169	237,1239776
33481,25684	0,615119934	4,654289551	1,00779392793169	236,3183321
33491,25684	0,616580248	4,667718262	1,00771169293169	237,0001656
33501,25684	0,615775585	4,660195801	1,00777930693169	236,6182179
33511,25684	0,616252422	4,663550293	1,00775583693169	236,7885399
33521,25684	0,616043806	4,662004395	1,00777930693169	236,710048
33531,25684	0,616669655	4,669214844	1,00791723493169	237,0761535
33541,25684	0,615388155	4,65764209	1,00769595293169	236,488555
33551,25684	0,615954399	4,65996875	1,00765218093169	236,6066895
33561,25684	0,615715981	4,658878906	1,00770228593169	236,5513535
33571,25684	0,61494112	4,652794922	1,00767713993169	236,2424434
33581,25684	0,615388155	4,656445801	1,00769921293169	236,4278142
33591,25684	0,615924597	4,659083984	1,00789581493169	236,5617662
33601,25684	0,61583519	4,659504395	1,00776747893169	236,5831122
33611,25684	0,616014004	4,661813477	1,00790624593169	236,7003542
33621,25684	0,615686178	4,65943457	1,00790382393169	236,5795669
33631,25684	0,616848469	4,669961426	1,00795672393169	237,1140607
33641,25684	0,616431236	4,665015625	1,00783509293169	236,8629411
33651,25684	0,616848469	4,671440918	1,00766559193169	237,1891809
33661,25684	0,616848469	4,670333984	1,00768077293169	237,1329771
33671,25684	0,615864992	4,660491211	1,00779905093169	236,6332171
33681,25684	0,615686178	4,660249023	1,00778973693169	236,6209202
33691,25684	0,616192818	4,663376465	1,00779634993169	236,7797139
33701,25684	0,616371632	4,665030762	1,00770982993169	236,8637097
33711,25684	0,615954399	4,661716797	1,00776291493169	236,6954454
33721,25684	0,615537167	4,657255859	1,00764370593169	236,4689444
33731,25684	0,616282225	4,66221582	1,00783453393169	236,720783
33741,25684	0,615298748	4,654160645	1,00769101693169	236,311787
33751,25684	0,616341829	4,66253125	1,00777446393169	236,7367987
33761,25684	0,616371632	4,66294043	1,00777744393169	236,7575745
33771,25684	0,616192818	4,661830078	1,00789618793169	236,7011972
33781,25684	0,615775585	4,657735352	1,00790596593169	236,4932903
33791,25684	0,615268946	4,653654297	1,00777148293169	236,2860775
33801,25684	0,616192818	4,662175293	1,00776524393169	236,7187252
33811,25684	0,617176294	4,672085449	1,00787504693169	237,2219065
33821,25684	0,616014004	4,662209961	1,00782894593169	236,7204854
33831,25684	0,616103411	4,661077148	1,00785818993169	236,6629677
33841,25684	0,615358353	4,652231934	1,00769129693169	236,213858
33851,25684	0,616371632	4,66251123	1,00792012293169	236,7357822
33861,25684	0,615954399	4,657688965	1,00771523193169	236,490935
33871,25684	0,616103411	4,66107666	1,00791825993169	236,6629429
33881,25684	0,616043806	4,659378906	1,00770936393169	236,5767406
33891,25684	0,61699748	4,669209473	1,00783676893169	237,0758808
33901,25684	0,616192818	4,664075684	1,00779672193169	236,8152162
33911,25684	0,616371632	4,666557129	1,00767425293169	236,9412099
33921,25684	0,616669655	4,668398926	1,00793884193169	237,0347259
33931,25684	0,616878271	4,672191895	1,00780780493169	237,2273112
33941,25684	0,616431236	4,666418945	1,00780678093169	236,9341937
33951,25684	0,615864992	4,661574219	1,00770405593169	236,6882061
33961,25684	0,615775585	4,660678711	1,00785558193169	236,6427373
33971,25684	0,615686178	4,658293945	1,00785185693169	236,5216525
33981,25684	0,616341829	4,666242676	1,00793288193169	236,9252438
33991,25684	0,616103411	4,662646484	1,00771858393169	236,7426496
34001,25684	0,616103411	4,662543457	1,00771960893169	236,7374185
34011,25684	0,615954399	4,661070313	1,00778107593169	236,6626206
34021,25684	0,615388155	4,654832031	1,00770144793169	236,3458762
34031,25684	0,616133213	4,660578613	1,00777837493169	236,6376549
34041,25684	0,616669655	4,665524414	1,00768058593169	236,8887745
34051,25684	0,616848469	4,667633301	1,00774382293169	236,9958518
34061,25684	0,616431236	4,664224609	1,00796827193169	236,8227778
34071,25684	0,616014004	4,65967627	1,00782317193169	236,591839
34081,25684	0,616043806	4,65848584	1,00779457993169	236,5313958
34091,25684	0,61583519	4,658640137	1,00788277693169	236,5392301
34101,25684	0,616461039	4,667664551	1,00785176293169	236,9974385
34111,25684	0,616580248	4,666805176	1,00786098393169	236,9538043
34121,25684	0,616848469	4,668302246	1,00802917993169	237,029817
34131,25684	0,615954399	4,660227051	1,00771076093169	236,6198046
34141,25684	0,616699457	4,665385742	1,00783155393169	236,8817335
34151,25684	0,615864992	4,659050293	1,00772500993169	236,5600555
34161,25684	0,615715981	4,65667041	1,00779756093169	236,4392186
34171,25684	0,616282225	4,662242188	1,00761045793169	236,7221217
34181,25684	0,616192818	4,662456543	1,00780528993169	236,7330055
34191,25684	0,616669655	4,665097656	1,00791835293169	236,8671062
34201,25684	0,615775585	4,6575	1,00768999293169	236,4813404
34211,25684	0,616192818	4,661250488	1,00773329893169	236,6717689
34221,25684	0,616371632	4,66272998	1,00778191393169	236,7468891
34231,25684	0,616043806	4,658200684	1,00768980593169	236,5169172
34241,25684	0,615537167	4,656764648	1,00789749093169	236,4440035
34251,25684	0,616669655	4,66528125	1,00778079693169	236,876428
34261,25684	0,616699457	4,66797168	1,00785679293169	237,0130327
34271,25684	0,616282225	4,663554199	1,00763103993169	236,7887382
34281,25684	0,617623329	4,674962891	1,00782093693169	237,3680066
34291,25684	0,616252422	4,661939941	1,00786657193169	236,7067754
34301,25684	0,615864992	4,659537598	1,00774847993169	236,5847981
34311,25684	0,616341829	4,662197266	1,00766894493169	236,7198409
34321,25684	0,616431236	4,662494141	1,00792142593169	236,7349145
34331,25684	0,616341829	4,662557129	1,00768477693169	236,7381127
34341,25684	0,61661005	4,665097168	1,00806037993169	236,8670814
34351,25684	0,616133213	4,663425781	1,00783015693169	236,7822179
34361,25684	0,616461039	4,665747559	1,00797078693169	236,9001045
34371,25684	0,615775585	4,658053223	1,00752067793169	236,5094299
34381,25684	0,615596771	4,65598584	1,00777949293169	236,40446
34391,25684	0,616341829	4,661245605	1,00769530093169	236,671521
34401,25684	0,616192818	4,662307617	1,00797097293169	236,7254439
34411,25684	0,61661005	4,666189941	1,00780473193169	236,9225662
34421,25684	0,616133213	4,660668945	1,00764463693169	236,6422414
34431,25684	0,616461039	4,662420898	1,00772771093169	236,7311957
34441,25684	0,615954399	4,65967627	1,00775667493169	236,591839
34451,25684	0,615298748	4,654591797	1,00780445193169	236,3336784
34461,25684	0,616103411	4,663328125	1,00770209993169	236,7772595
34471,25684	0,616192818	4,66307373	1,00783276393169	236,7643428
34481,25684	0,616014004	4,661849121	1,00770377593169	236,7021641
34491,25684	0,615626574	4,658975098	1,00771727993169	236,5562375
34501,25684	0,616431236	4,665254883	1,00786042493169	236,8750893
34511,25684	0,615209341	4,653803223	1,00778908493169	236,2936391
34521,25684	0,616192818	4,662940918	1,00788724693169	236,7575993
34531,25684	0,616103411	4,661957031	1,00768915493169	236,7076431
34541,25684	0,616371632	4,665517578	1,00778973693169	236,8884274
34551,25684	0,616878271	4,667040527	1,00758726793169	236,9657541
34561,25684	0,61583519	4,660272461	1,00769502193169	236,6221102
34571,25684	0,616014004	4,660185547	1,00761651093169	236,6176972
34581,25684	0,616282225	4,663124512	1,00787122793169	236,7669211
34591,25684	0,615537167	4,656554688	1,00791770093169	236,4333429
34601,25684	0,616371632	4,663571289	1,00773301993169	236,7896059
34611,25684	0,615715981	4,658253418	1,00770032993169	236,5195947
34621,25684	0,615924597	4,65954541	1,00764091193169	236,5851947
34631,25684	0,61583519	4,657595703	1,00768738493169	236,4861997
34641,25684	0,615537167	4,655426758	1,00768999293169	236,376073
34651,25684	0,616014004	4,661293457	1,00785753793169	236,6739506
34661,25684	0,61661005	4,665290039	1,00771606993169	236,8768743
34671,25684	0,616282225	4,662472656	1,00771942293169	236,7338236
34681,25684	0,616669655	4,66614209	1,00762181993169	236,9201366
34691,25684	0,616937876	4,667726563	1,00772584893169	237,0005871
34701,25684	0,615924597	4,660687012	1,00787132093169	236,6431588
34711,25684	0,616252422	4,660520996	1,00776086593169	236,6347294
34721,25684	0,615626574	4,656632813	1,00772771093169	236,4373096
34731,25684	0,615507364	4,656428223	1,00775984193169	236,4269217
34741,25684	0,615715981	4,657169434	1,00802470993169	236,4645562
34751,25684	0,616341829	4,661976074	1,00780510393169	236,70861
34761,25684	0,616192818	4,661520996	1,00760328693169	236,6855037
34771,25684	0,616580248	4,664520508	1,00768021393169	236,8378019
34781,25684	0,616759062	4,666885742	1,00787178693169	236,957895
34791,25684	0,616043806	4,658498047	1,00776580193169	236,5320156
34801,25684	0,615715981	4,65770459	1,00784086693169	236,4917283
34811,25684	0,61544776	4,654086426	1,00776794393169	236,3080186
34821,25684	0,616341829	4,663491699	1,00786061093169	236,7855648
34831,25684	0,616192818	4,661047363	1,00769017893169	236,6614554
34841,25684	0,616252422	4,662507324	1,00778303193169	236,7355839
34851,25684	0,616252422	4,660098633	1,00770182093169	236,6132842
34861,25684	0,616014004	4,657445313	1,00764268193169	236,4785637
34871,25684	0,615388155	4,65405957	1,00780817793169	236,306655
34881,25684	0,616848469	4,667507813	1,00781786293169	236,9894802
34891,25684	0,616788864	4,666391602	1,00790931893169	236,9328054
34901,25684	0,616759062	4,664493164	1,00762200593169	236,8364135
34911,25684	0,616699457	4,666079102	1,00767527793169	236,9169384
34921,25684	0,616133213	4,660666992	1,00771923593169	236,6421423
34931,25684	0,61699748	4,667483887	1,00785176293169	236,9882654
34941,25684	0,616848469	4,666297363	1,00805721293169	236,9280205
34951,25684	0,615864992	4,657990234	1,00787197293169	236,5062318
34961,25684	0,616282225	4,660649414	1,00789395193169	236,6412498
34971,25684	0,616014004	4,65746875	1,00763793193169	236,4797537
34981,25684	0,616252422	4,659266602	1,00804454693169	236,5710384
34991,25684	0,615388155	4,65351123	1,00779523193169	236,2788134
35001,25684	0,616192818	4,660516602	1,00776682693169	236,6345063
35011,25684	0,616520643	4,663520508	1,00775062193169	236,7870276
35021,25684	0,616133213	4,661284668	1,00780929493169	236,6735043
35031,25684	0,61750412	4,674094727	1,00776105293169	237,3239262
35041,25684	0,616341829	4,664506348	1,00776431193169	236,8370829
35051,25684	0,616788864	4,667363281	1,00779169293169	236,9821417
35061,25684	0,616878271	4,66783252	1,00779914393169	237,005967
35071,25684	0,617533922	4,673918945	1,00786582593169	237,315001
35081,25684	0,616848469	4,669309082	1,00787318393169	237,0809384
35091,25684	0,616341829	4,663589844	1,00781041293169	236,790548
35101,25684	0,616461039	4,664469238	1,00774596493169	236,8351987
35111,25684	0,616580248	4,667449219	1,00783956293169	236,9865051
35121,25684	0,616252422	4,663079102	1,00777921293169	236,7646155
35131,25684	0,61699748	4,671320313	1,00788501193169	237,1830572
35141,25684	0,616580248	4,66438623	1,00764668593169	236,830984
35151,25684	0,615715981	4,658239258	1,00775378793169	236,5188757
35161,25684	0,616341829	4,6609375	1,00773162293169	236,6558771
35171,25684	0,615864992	4,658918945	1,00785902793169	236,5533864
35181,25684	0,615715981	4,657794922	1,00787225293169	236,4963149
35191,25684	0,61661005	4,66504834	1,00787132093169	236,8646022
35201,25684	0,616461039	4,664579102	1,00789572193169	236,8407769
35211,25684	0,617265701	4,672071777	1,00769492893169	237,2212124
35221,25684	0,616580248	4,664304199	1,00786321893169	236,8268189
35231,25684	0,616848469	4,66610791	1,00794610593169	236,9184011
35241,25684	0,61661005	4,664495605	1,00786461593169	236,8365375
35251,25684	0,615775585	4,657556152	1,00777492893169	236,4841915
35261,25684	0,616371632	4,662208008	1,00790764293169	236,7203863
35271,25684	0,616371632	4,660695313	1,00778442893169	236,6435802
35281,25684	0,617027283	4,665782227	1,00774363693169	236,9018648
35291,25684	0,61711669	4,668831543	1,00779746693169	237,0566917
35301,25684	0,615686178	4,656253906	1,00779811893169	236,4180709
35311,25684	0,616133213	4,659206543	1,00784915593169	236,567989
35321,25684	0,616133213	4,66042627	1,00793465093169	236,6299198
35331,25684	0,616133213	4,661712402	1,00780352093169	236,6952223
35341,25684	0,61711669	4,670353027	1,00764249493169	237,133944
35351,25684	0,616282225	4,662019043	1,00800189293169	236,7107917
35361,25684	0,616192818	4,66161084	1,00792850393169	236,6900655
35371,25684	0,61711669	4,668973633	1,00782931893169	237,0639062
35381,25684	0,616341829	4,66355957	1,00772603493169	236,7890109
35391,25684	0,616937876	4,668003418	1,00774726893169	237,0146442
35401,25684	0,616788864	4,667371094	1,00779485993169	236,9825384
35411,25684	0,616431236	4,665427246	1,00782931893169	236,8838409
35421,25684	0,615626574	4,658425781	1,00780808393169	236,5283463
35431,25684	0,615775585	4,658050293	1,00788547693169	236,5092812
35441,25684	0,616282225	4,663414551	1,00800803893169	236,7816477
35451,25684	0,616282225	4,662013184	1,00771253093169	236,7104942
35461,25684	0,615596771	4,656979492	1,00771606993169	236,454912
35471,25684	0,615209341	4,654665039	1,00786182193169	236,3373973
35481,25684	0,615090132	4,650938477	1,00780650093169	236,1481836
35491,25684	0,614345074	4,644655273	1,00754042193169	235,8291583
35501,25684	0,615179539	4,649726563	1,00801232293169	236,0866495
35511,25684	0,615507364	4,654034668	1,00783257793169	236,3053906
35521,25684	0,615090132	4,651416016	1,00773106393169	236,1724303
35531,25684	0,615358353	4,653048828	1,00806727193169	236,2553353
35541,25684	0,61494112	4,648960449	1,00789898193169	236,0477507
35551,25684	0,615179539	4,652388184	1,00789562893169	236,2217915
35561,25684	0,614762306	4,647850586	1,00794862093169	235,9913981
35571,25684	0,614464283	4,646641602	1,00760309993169	235,9300128
35581,25684	0,615268946	4,65384082	1,00792431393169	236,2955481
35591,25684	0,614643097	4,64961084	1,00766168093169	236,0807738
35601,25684	0,61494112	4,651543945	1,00777343893169	236,1789259
35611,25684	0,61494112	4,65010791	1,00793064593169	236,1060122
35621,25684	0,614613295	4,647960449	1,00779616393169	235,9969764
35631,25684	0,61404705	4,644199219	1,00785874793169	235,8060025
35641,25684	0,615358353	4,653888184	1,00778545293169	236,297953
35651,25684	0,614285469	4,646813965	1,00774279893169	235,9387644
35661,25684	0,614225864	4,645466797	1,00768608093169	235,8703629
35671,25684	0,614196062	4,643889648	1,00769334593169	235,7902843
35681,25684	0,614106655	4,64242041	1,00781916693169	235,7156847
35691,25684	0,614106655	4,642387695	1,00781534893169	235,7140236
35701,25684	0,615268946	4,651824219	1,00793781793169	236,1931566
35711,25684	0,615268946	4,651786133	1,00782736293169	236,1912228
35721,25684	0,615090132	4,649066895	1,00783434793169	236,0531553
35731,25684	0,615030527	4,650816406	1,00758419493169	236,1419856
35741,25684	0,614702702	4,647462402	1,00786880693169	235,9716884
35751,25684	0,615268946	4,652125977	1,00812007793169	236,2084781
35761,25684	0,615090132	4,650321777	1,00773432393169	236,1168712
35771,25684	0,615179539	4,652155273	1,00768850293169	236,2099656
35781,25684	0,615388155	4,653451172	1,00775183293169	236,275764
35791,25684	0,615358353	4,653182617	1,00792245093169	236,2621283
35801,25684	0,614851713	4,648919922	1,00778107593169	236,0456929
35811,25684	0,614851713	4,650085938	1,00775518493169	236,1048965
35821,25684	0,615179539	4,650442871	1,00781544193169	236,1230196
35831,25684	0,614523888	4,646527832	1,00793278893169	235,9242362
35841,25684	0,615298748	4,652266113	1,00767667493169	236,2155935
35851,25684	0,61544776	4,653349609	1,00773022593169	236,2706072
35861,25684	0,615358353	4,653864746	1,00793167093169	236,2967629
35871,25684	0,614345074	4,646930176	1,00783015693169	235,9446649
35881,25684	0,615179539	4,650247559	1,00772007393169	236,1131027
35891,25684	0,615298748	4,652648926	1,00767034193169	236,2350305
35901,25684	0,615388155	4,654003418	1,00781655893169	236,3038039
35911,25684	0,615954399	4,659000977	1,00778694293169	236,5575515
35921,25684	0,615388155	4,653563965	1,00768039993169	236,281491
35931,25684	0,614523888	4,646102539	1,00776850293169	235,9026422
35941,25684	0,61544776	4,653352539	1,00780389293169	236,270756
35951,25684	0,615358353	4,651188965	1,00765888693169	236,160902
35961,25684	0,615388155	4,65443457	1,00773143693169	236,3256954
35971,25684	0,615507364	4,653778809	1,00770116893169	236,2923995
35981,25684	0,615537167	4,653612793	1,00766065593169	236,2839702
35991,25684	0,615179539	4,65204248	1,00789832993169	236,2042387
36001,25684	0,61494112	4,649379395	1,00769530093169	236,0690223
36011,25684	0,615924597	4,657611328	1,00793288193169	236,4869931
36021,25684	0,615954399	4,657806641	1,00771960893169	236,4969099
36031,25684	0,615507364	4,655495605	1,00811569993169	236,3795687
36041,25684	0,614017248	4,640163574	1,00767471893169	235,6010954
36051,25684	0,615924597	4,657709961	1,00783667593169	236,4920011
36061,25684	0,615924597	4,658314941	1,00791565193169	236,5227185
36071,25684	0,615179539	4,651960938	1,00774838693169	236,2000984
36081,25684	0,615090132	4,651535156	1,00776980693169	236,1784796
36091,25684	0,615030527	4,647621582	1,00768822293169	235,9797706
36101,25684	0,615686178	4,654303223	1,00768645393169	236,3190263
36111,25684	0,615715981	4,652839355	1,00779653593169	236,2446994
36121,25684	0,615924597	4,655688477	1,00778386993169	236,3893616
36131,25684	0,615924597	4,659057129	1,00782633793169	236,5604026
36141,25684	0,615596771	4,656976074	1,00781749093169	236,4547385
36151,25684	0,615179539	4,649706543	1,00780445193169	236,0856331
36161,25684	0,614970922	4,648287598	1,00774270593169	236,0135871
36171,25684	0,615209341	4,648608887	1,00778452193169	236,0299003
36181,25684	0,61583519	4,657398438	1,00787243893169	236,4761837
36191,25684	0,616461039	4,661519043	1,00786899293169	236,6854046
36201,25684	0,616461039	4,661219238	1,00760859493169	236,6701822
36211,25684	0,615775585	4,656632324	1,00768561593169	236,4372848
36221,25684	0,616431236	4,662067871	1,00796286993169	236,7132709
36231,25684	0,616759062	4,664189453	1,00780817793169	236,8209928
36241,25684	0,615626574	4,655271973	1,00783192593169	236,3682139
36251,25684	0,615179539	4,651833008	1,00780491793169	236,1936028
36261,25684	0,61544776	4,654040039	1,00778340393169	236,3056633
36271,25684	0,615864992	4,657196777	1,00780333493169	236,4659445
36281,25684	0,614792109	4,647831055	1,00775145993169	235,9904064
36291,25684	0,615507364	4,65298584	1,00780622193169	236,2521371
36301,25684	0,615298748	4,652571289	1,00780016793169	236,2310886
36311,25684	0,616043806	4,656885254	1,00771318293169	236,4501271
36321,25684	0,615626574	4,654738281	1,00790438293169	236,3411161
36331,25684	0,615626574	4,656273438	1,00788193793169	236,4190626
36341,25684	0,614613295	4,645765625	1,00772528993169	235,8855357
36351,25684	0,615686178	4,656138672	1,00766745493169	236,4122199
36361,25684	0,616103411	4,661744141	1,00794293993169	236,6968337
36371,25684	0,615358353	4,652645996	1,00788724693169	236,2348818
36381,25684	0,615864992	4,657170898	1,00787439493169	236,4646305
36391,25684	0,61544776	4,654285156	1,00776133193169	236,318109
36401,25684	0,615268946	4,652996094	1,00798456993169	236,2526577
36411,25684	0,615626574	4,656584473	1,00775034193169	236,4348552
36421,25684	0,614881516	4,650324219	1,00784831793169	236,1169951
36431,25684	0,614464283	4,642789551	1,00768822293169	235,7344276
36441,25684	0,615626574	4,656449707	1,00787011093169	236,4280125
36451,25684	0,61494112	4,650399902	1,00757003793169	236,1208379
36461,25684	0,615358353	4,655422363	1,00774764193169	236,3758499
36471,25684	0,615030527	4,651039063	1,00773665193169	236,1532908
36481,25684	0,615090132	4,650637207	1,00781013293169	236,1328869
36491,25684	0,615119934	4,652418945	1,00782270593169	236,2233534
36501,25684	0,614970922	4,649834473	1,00783537193169	236,0921286
36511,25684	0,614970922	4,651152832	1,00765497493169	236,1590674
36521,25684	0,61494112	4,649426758	1,00778955093169	236,0714272
36531,25684	0,61544776	4,654974121	1,00777418393169	236,3530907
36541,25684	0,616103411	4,659076172	1,00788547693169	236,5613695
36551,25684	0,615209341	4,653385742	1,00782643193169	236,2724418
36561,25684	0,614702702	4,647538086	1,00791583793169	235,9755311
36571,25684	0,615090132	4,650140625	1,00782931893169	236,1076733
36581,25684	0,614613295	4,645848633	1,00774959693169	235,8897503
36591,25684	0,615507364	4,654854004	1,00771960893169	236,3469918
36601,25684	0,615775585	4,659675293	1,00795132193169	236,5917894
36611,25684	0,615209341	4,652484375	1,00783397493169	236,2266756
36621,25684	0,614881516	4,651123047	1,00788435993169	236,1575551
36631,25684	0,616371632	4,66407373	1,00780435893169	236,8151171
36641,25684	0,615298748	4,653164063	1,00782056393169	236,2611862
36651,25684	0,615775585	4,656799805	1,00782373093169	236,4457885
36661,25684	0,614285469	4,643872559	1,00793846993169	235,7894165
36671,25684	0,615537167	4,654230957	1,00767732693169	236,315357
36681,25684	0,614792109	4,649166016	1,00776067993169	236,0581882
36691,25684	0,61494112	4,648595703	1,00772743193169	236,0292309
36701,25684	0,615298748	4,653341309	1,00789283493169	236,2701858
36711,25684	0,614851713	4,648696289	1,00766214593169	236,0343381
36721,25684	0,615358353	4,651896484	1,00785083193169	236,1968258
36731,25684	0,61583519	4,656928223	1,00786107693169	236,4523088
36741,25684	0,61544776	4,65346582	1,00772882893169	236,2765078
36751,25684	0,615388155	4,65370752	1,00771942293169	236,2887799
36761,25684	0,615268946	4,651635254	1,00756780293169	236,183562
36771,25684	0,615715981	4,655363281	1,00770340393169	236,37285
36781,25684	0,615388155	4,65577832	1,00788156593169	236,3939233
36791,25684	0,61544776	4,655935547	1,00789479093169	236,4019064
36801,25684	0,615954399	4,6605625	1,00766931693169	236,6368368
36811,25684	0,616043806	4,661376953	1,00775611693169	236,6781901
36821,25684	0,616252422	4,662627441	1,00789236893169	236,7416827
36831,25684	0,615715981	4,656351074	1,00771131993169	236,4230045
36841,25684	0,615179539	4,65202002	1,00770284493169	236,2030982
36851,25684	0,614792109	4,649745605	1,00804938993169	236,0876164
36861,25684	0,615686178	4,654073242	1,00785036593169	236,3073492
36871,25684	0,615209341	4,650919434	1,00784794493169	236,1472167
36881,25684	0,614523888	4,646885742	1,00776487093169	235,9424088
36891,25684	0,615268946	4,653891602	1,00780277593169	236,2981265
36901,25684	0,615298748	4,654936035	1,00784114593169	236,3511569
36911,25684	0,615864992	4,659535156	1,00791416193169	236,5846741
36921,25684	0,615954399	4,65735791	1,00781739793169	236,4741259
36931,25684	0,615358353	4,652924316	1,00794703793169	236,2490133
36941,25684	0,615507364	4,65544873	1,00774456793169	236,3771887
36951,25684	0,615388155	4,655330566	1,00771942293169	236,371189
36961,25684	0,617086887	4,669166504	1,00788240393169	237,0736991
36971,25684	0,615775585	4,656690918	1,00765795493169	236,4402599
36981,25684	0,615537167	4,655057617	1,00778657093169	236,3573301
36991,25684	0,615954399	4,658269531	1,00781991193169	236,5204129
37001,25684	0,615209341	4,653607422	1,00785614093169	236,2836975
37011,25684	0,615864992	4,658226563	1,00780435893169	236,5182312
37021,25684	0,615388155	4,653860352	1,00777790993169	236,2965398
37031,25684	0,616461039	4,662401367	1,00773367193169	236,730204
37041,25684	0,615924597	4,657976074	1,00768608093169	236,5055128
37051,25684	0,615626574	4,657084961	1,00792869093169	236,4602671
37061,25684	0,616192818	4,659244141	1,00766913093169	236,569898
37071,25684	0,616043806	4,661531738	1,00779914393169	236,6860492
37081,25684	0,615388155	4,652606934	1,00791164793169	236,2328984
37091,25684	0,615715981	4,655482422	1,00785017993169	236,3788993
37101,25684	0,616014004	4,659419434	1,00774242593169	236,5787984
37111,25684	0,616043806	4,658907227	1,00780976093169	236,5527914
37121,25684	0,61583519	4,657052246	1,00763960793169	236,458606
37131,25684	0,616043806	4,657549805	1,00781274093169	236,4838692
37141,25684	0,616103411	4,658070801	1,00782391693169	236,5103225
37151,25684	0,616192818	4,658863281	1,00776701293169	236,5505601
37161,25684	0,615715981	4,656077637	1,00782559293169	236,4091209
37171,25684	0,616699457	4,662548828	1,00776477793169	236,7376912
37181,25684	0,615715981	4,654847656	1,00782456893169	236,3466695
37191,25684	0,616580248	4,662348145	1,00780845693169	236,7275016
37201,25684	0,616461039	4,660717285	1,00778247293169	236,6446959
37211,25684	0,617027283	4,667074707	1,00771141293169	236,9674896
37221,25684	0,616431236	4,659677246	1,00772854993169	236,5918886
37231,25684	0,616520643	4,662383301	1,00774065693169	236,7292867
37241,25684	0,616788864	4,66378125	1,00761548693169	236,8002666
37251,25684	0,616431236	4,661467285	1,00772622093169	236,6827766
37261,25684	0,616043806	4,659519043	1,00769073793169	236,583856
37271,25684	0,615954399	4,656284668	1,00769883993169	236,4196328
37281,25684	0,616341829	4,661677734	1,00786759593169	236,693462
37291,25684	0,615775585	4,65787793	1,00794023893169	236,5005296
37301,25684	0,61661005	4,662917969	1,00782177493169	236,7564341
37311,25684	0,615626574	4,655396484	1,00790261393169	236,3745359
37321,25684	0,616133213	4,659540527	1,00788463893169	236,5849468
37331,25684	0,615388155	4,653824707	1,00787243893169	236,29473
37341,25684	0,615715981	4,655884277	1,00764771093169	236,3993032
37351,25684	0,614881516	4,648151855	1,00751732593169	236,0066949
37361,25684	0,616461039	4,661276367	1,00782400993169	236,6730829
37371,25684	0,616103411	4,659873535	1,00768934093169	236,601855
37381,25684	0,616043806	4,659294434	1,00772966693169	236,5724516
37391,25684	0,616788864	4,664501953	1,00768757093169	236,8368598
37401,25684	0,615388155	4,655062012	1,00788147293169	236,3575533
37411,25684	0,616520643	4,663197754	1,00770778093169	236,77064
37421,25684	0,615775585	4,657986816	1,00783136793169	236,5060582
37431,25684	0,615954399	4,65718457	1,00771215793169	236,4653247
37441,25684	0,615924597	4,657703125	1,00785865493169	236,491654
37451,25684	0,615924597	4,658361328	1,00795150793169	236,5250738
37461,25684	0,615388155	4,653463867	1,00776198393169	236,2764086
37471,25684	0,615298748	4,652078613	1,00788920293169	236,2060733
37481,25684	0,615864992	4,656302734	1,00777921293169	236,4205501
37491,25684	0,615537167	4,655056152	1,00786191493169	236,3572558
37501,25684	0,61583519	4,654808594	1,00767099393169	236,3446862
37511,25684	0,616133213	4,658432617	1,00772314793169	236,5286934
37521,25684	0,615924597	4,656400879	1,00755085293169	236,4255333
37531,25684	0,615388155	4,653043457	1,00786582593169	236,2550626
37541,25684	0,615626574	4,655916992	1,00770982993169	236,4009643
37551,25684	0,615775585	4,655694824	1,00767918893169	236,3896839
37561,25684	0,615119934	4,650760742	1,00755709293169	236,1391593
37571,25684	0,615715981	4,656330078	1,00778386993169	236,4219385
37581,25684	0,615388155	4,652275879	1,00789078593169	236,2160893
37591,25684	0,615626574	4,653384766	1,00775211193169	236,2723923
37601,25684	0,61583519	4,656941406	1,00770163393169	236,4529782
37611,25684	0,616043806	4,659649902	1,00768179693169	236,5905002
37621,25684	0,615954399	4,658067871	1,00769157593169	236,5101737
37631,25684	0,616252422	4,659944824	1,00772920093169	236,6054747
37641,25684	0,615596771	4,655359863	1,00779988893169	236,3726765
37651,25684	0,615119934	4,652026367	1,00771746693169	236,2034205
37661,25684	0,61544776	4,653787598	1,00771858393169	236,2928458
37671,25684	0,615298748	4,651977051	1,00765348493169	236,2009165
37681,25684	0,615775585	4,656895996	1,00787215893169	236,4506726
37691,25684	0,616103411	4,660649414	1,00775844493169	236,6412498
37701,25684	0,614970922	4,651162598	1,00782382393169	236,1595632
37711,25684	0,616282225	4,660897461	1,00774568593169	236,6538442
37721,25684	0,615954399	4,65840332	1,00785343993169	236,5272059
37731,25684	0,615715981	4,654941406	1,00763271593169	236,3514296
37741,25684	0,615119934	4,648979492	1,00778210093169	236,0487176
37751,25684	0,61544776	4,650834961	1,00773516193169	236,1429277
37761,25684	0,616192818	4,658353027	1,00771755993169	236,5246523
37771,25684	0,615179539	4,650730469	1,00786591993169	236,1376222
37781,25684	0,616043806	4,657685547	1,00775406793169	236,4907615
37791,25684	0,615388155	4,651588379	1,00781786293169	236,181182
37801,25684	0,615358353	4,649768555	1,00768999293169	236,0887817
37811,25684	0,615090132	4,647077637	1,00775667493169	235,9521522
37821,25684	0,615715981	4,652006836	1,00773013293169	236,2024288
37831,25684	0,615924597	4,657584473	1,00778265893169	236,4856295
37841,25684	0,616520643	4,662385742	1,00810163693169	236,7294106
37851,25684	0,616133213	4,661444336	1,00773758293169	236,6816114
37861,25684	0,616580248	4,663862305	1,00775127393169	236,8043821
37871,25684	0,616788864	4,665412109	1,00774037693169	236,8830723
37881,25684	0,616133213	4,659072754	1,00777027293169	236,5611959
37891,25684	0,615358353	4,65277832	1,00786107693169	236,2416004
37901,25684	0,615626574	4,655194824	1,00785204293169	236,3642967
37911,25684	0,61583519	4,656748535	1,00767285593169	236,4431853
37921,25684	0,615626574	4,654523926	1,00769837493169	236,3302323
37931,25684	0,615775585	4,655444824	1,00768710593169	236,3769903
37941,25684	0,614643097	4,645970215	1,00784552393169	235,8959236
37951,25684	0,61544776	4,651757813	1,00764491693169	236,1897848
37961,25684	0,615358353	4,650056152	1,00770377593169	236,1033842
37971,25684	0,615954399	4,655390137	1,00777576793169	236,3742136
37981,25684	0,616043806	4,65801123	1,00779746693169	236,5072978
37991,25684	0,617027283	4,666640137	1,00788584993169	236,9454246
38001,25684	0,616520643	4,665506836	1,00780342793169	236,887882
38011,25684	0,616103411	4,66007373	1,00779439393169	236,6120198
38021,25684	0,616043806	4,659655273	1,00781814293169	236,590773
38031,25684	0,615358353	4,652099609	1,00774698993169	236,2071393
38041,25684	0,615954399	4,658467773	1,00781106493169	236,5304785
38051,25684	0,616371632	4,661218262	1,00790009893169	236,6701326
38061,25684	0,61661005	4,663562012	1,00783388193169	236,7891349
38071,25684	0,61583519	4,65665918	1,00790559393169	236,4386484
38081,25684	0,614881516	4,647481934	1,00775565093169	235,9726801
38091,25684	0,615715981	4,657519043	1,00799378993169	236,4823073
38101,25684	0,616759062	4,663154785	1,00789087893169	236,7684582
38111,25684	0,61544776	4,653196289	1,00792189193169	236,2628225
38121,25684	0,615924597	4,656283691	1,00798531493169	236,4195832
38131,25684	0,616192818	4,658533203	1,00774922493169	236,5338006
38141,25684	0,616937876	4,665597656	1,00770237893169	236,8924933
38151,25684	0,615537167	4,655461426	1,00778871293169	236,3778332
38161,25684	0,616788864	4,663401367	1,00770200693169	236,7809783
38171,25684	0,616103411	4,657640625	1,00778405593169	236,4884806
38181,25684	0,615924597	4,654866699	1,00781478993169	236,3476364
38191,25684	0,615209341	4,648769043	1,00782447593169	236,0380321
38201,25684	0,615596771	4,653676758	1,00784002893169	236,287218
38211,25684	0,616014004	4,656925293	1,00768775793169	236,4521601
38221,25684	0,616937876	4,665393066	1,00769334593169	236,8821054
38231,25684	0,616252422	4,66054834	1,00764705893169	236,6361178
38241,25684	0,616252422	4,660473633	1,00783239193169	236,6323246
38251,25684	0,617593527	4,66815332	1,00769902693169	237,0222554
38261,25684	0,616788864	4,664166016	1,00788026193169	236,8198028
38271,25684	0,617206097	4,667842285	1,00780910893169	237,0064628
38281,25684	0,616520643	4,660078125	1,00792123993169	236,612243
38291,25684	0,616133213	4,658449707	1,00781525593169	236,5295612
38301,25684	0,616520643	4,661446777	1,00776542993169	236,6817353
38311,25684	0,616341829	4,6581875	1,00774857293169	236,5162478
38321,25684	0,615775585	4,654914551	1,00781357893169	236,350066
38331,25684	0,616461039	4,658224609	1,00773460293169	236,518132
38341,25684	0,616043806	4,656908691	1,00786694393169	236,4513172
38351,25684	0,616282225	4,658339355	1,00784757293169	236,5239581
38361,25684	0,616580248	4,661180176	1,00798931993169	236,6681988
38371,25684	0,616788864	4,66106543	1,00789739793169	236,6623727
38381,25684	0,616669655	4,658938965	1,00770424193169	236,5544029
38391,25684	0,615954399	4,654805176	1,00794806193169	236,3445126
38401,25684	0,616133213	4,656097168	1,00772929493169	236,4101126
38411,25684	0,61583519	4,65224707	1,00774456793169	236,2146266
38421,25684	0,616282225	4,6566875	1,00775406793169	236,4400863
38431,25684	0,616043806	4,653191406	1,00767713993169	236,2625746
38441,25684	0,615924597	4,655306641	1,00778740893169	236,3699741
38451,25684	0,615924597	4,655385742	1,00780752593169	236,3739905
38461,25684	0,616431236	4,658102051	1,00778386993169	236,5119092
38471,25684	0,616461039	4,659483398	1,00780687393169	236,5820461
38481,25684	0,616252422	4,656687988	1,00777315993169	236,4401111
38491,25684	0,616252422	4,658977051	1,00763541693169	236,5563367
38501,25684	0,61661005	4,660617188	1,00780016793169	236,6396135
38511,25684	0,616461039	4,659137695	1,00751853593169	236,5644933
38521,25684	0,616043806	4,654858887	1,00768123793169	236,3472397
38531,25684	0,615119934	4,646702637	1,00772957393169	235,9331118
38541,25684	0,615090132	4,645857422	1,00785977293169	235,8901966
38551,25684	0,614970922	4,642575195	1,00761250693169	235,7235438
38561,25684	0,615596771	4,6485	1,00765497493169	236,0243717
38571,25684	0,615775585	4,651768555	1,00773264693169	236,1903303
38581,25684	0,61583519	4,651644531	1,00779448693169	236,1840331
38591,25684	0,616461039	4,658507324	1,00789199693169	236,5324866
38601,25684	0,616014004	4,654783691	1,00796789893169	236,3434218
38611,25684	0,616192818	4,654395508	1,00788938893169	236,323712
38621,25684	0,616103411	4,65329834	1,00786545393169	236,2680041
38631,25684	0,61583519	4,649376465	1,00772724593169	236,0688736
38641,25684	0,61544776	4,649413086	1,00759322793169	236,070733
38651,25684	0,615864992	4,652194336	1,00780407993169	236,211949
38661,25684	0,616580248	4,657768066	1,00780631493169	236,4949513
38671,25684	0,616043806	4,653277344	1,00755262293169	236,266938
38681,25684	0,616937876	4,66155127	1,00783388193169	236,6870408
38691,25684	0,616133213	4,654202148	1,00793204293169	236,3138943
38701,25684	0,616192818	4,65559375	1,00779485993169	236,3845519
38711,25684	0,616371632	4,658284668	1,00797255593169	236,5211814
38721,25684	0,616192818	4,655459961	1,00784598893169	236,3777589
38731,25684	0,616192818	4,65433252	1,00782056393169	236,3205138
38741,25684	0,616282225	4,657769531	1,00777315993169	236,4950257
38751,25684	0,616103411	4,65470166	1,00771336893169	236,3392567
38761,25684	0,616937876	4,661734863	1,00777567393169	236,6963627
38771,25684	0,616282225	4,658446777	1,00773246093169	236,5294124
38781,25684	0,616252422	4,655382324	1,00786116993169	236,3738169
38791,25684	0,616520643	4,65845459	1,00781497593169	236,5298091
38801,25684	0,615626574	4,652138184	1,00785669893169	236,2090979
38811,25684	0,616103411	4,655272461	1,00775900393169	236,3682387
38821,25684	0,61661005	4,661740234	1,00789572193169	236,6966354
38831,25684	0,616520643	4,659799805	1,00779048193169	236,5981114
38841,25684	0,615537167	4,65135791	1,00780491793169	236,1694801
38851,25684	0,615537167	4,649937012	1,00794033193169	236,0973349
38861,25684	0,615924597	4,652240234	1,00784673393169	236,2142795
38871,25684	0,616580248	4,657905273	1,00772566193169	236,5019179
38881,25684	0,616341829	4,656117188	1,00779616393169	236,4111291
38891,25684	0,617027283	4,664969727	1,00775276393169	236,8606106
38901,25684	0,616848469	4,66217334	1,00769902693169	236,718626
38911,25684	0,616878271	4,661770996	1,00765888693169	236,6981973
38921,25684	0,616848469	4,662499512	1,00774242593169	236,7351872
38931,25684	0,616461039	4,658078125	1,00775006293169	236,5106943
38941,25684	0,616133213	4,654183105	1,00776943493169	236,3129274
38951,25684	0,616461039	4,659249023	1,00784738593169	236,5701459
38961,25684	0,616937876	4,662777832	1,00796985493169	236,7493187
38971,25684	0,616103411	4,654835938	1,00767592993169	236,3460745
38981,25684	0,616282225	4,656328613	1,00777008593169	236,4218641
38991,25684	0,61699748	4,662391602	1,00783872493169	236,7297081
39001,25684	0,616580248	4,659130371	1,00779839893169	236,5641214
39011,25684	0,615864992	4,653279785	1,00776794393169	236,267062
39021,25684	0,616103411	4,653162598	1,00794573393169	236,2611118
39031,25684	0,617086887	4,661581543	1,00782950493169	236,688578
39041,25684	0,61711669	4,662412598	1,00780705993169	236,7307742
39051,25684	0,616431236	4,655387695	1,00774028393169	236,3740896
39061,25684	0,616192818	4,652518555	1,00770638393169	236,228411
39071,25684	0,616461039	4,65621582	1,00768738493169	236,4161371
39081,25684	0,616788864	4,660416992	1,00758605693169	236,6294487
39091,25684	0,617206097	4,665422363	1,00777185593169	236,883593
39101,25684	0,61661005	4,659395996	1,00795867893169	236,5776083
39111,25684	0,616341829	4,655242676	1,00771355493169	236,3667264
39121,25684	0,616669655	4,658957031	1,00773627893169	236,5553202
39131,25684	0,616341829	4,655546387	1,00771411393169	236,3821471
39141,25684	0,616520643	4,656259766	1,00774708293169	236,4183684
39151,25684	0,616759062	4,659987305	1,00783034293169	236,6076316
39161,25684	0,616878271	4,661157227	1,00774568593169	236,6670336
39171,25684	0,617265701	4,664117676	1,00779970293169	236,8173484
39181,25684	0,617086887	4,66254248	1,00777865493169	236,7373689
39191,25684	0,616937876	4,661202148	1,00774615093169	236,6693145
39201,25684	0,617206097	4,666293457	1,00783537193169	236,9278221
39211,25684	0,617206097	4,665964355	1,00767201793169	236,9111122
39221,25684	0,617265701	4,665870605	1,00774819993169	236,9063521
39231,25684	0,616431236	4,658616211	1,00778740893169	236,5380153
39241,25684	0,616848469	4,662483398	1,00783155393169	236,734369
39251,25684	0,616431236	4,658983398	1,00777111093169	236,556659
39261,25684	0,616788864	4,660558594	1,00775788593169	236,6366384
39271,25684	0,616282225	4,65697168	1,00766521993169	236,4545153
39281,25684	0,616014004	4,654864258	1,00778163493169	236,3475125
39291,25684	0,616878271	4,660053223	1,00778582593169	236,6109786
39301,25684	0,617206097	4,664963867	1,00750419393169	236,8603131
39311,25684	0,616848469	4,66077832	1,00792440693169	236,6477949
39321,25684	0,616878271	4,664731934	1,00780361393169	236,8485369
39331,25684	0,616520643	4,659977051	1,00776151793169	236,607111
39341,25684	0,616431236	4,659262207	1,00778433593169	236,5708153
39351,25684	0,616014004	4,655210449	1,00782354393169	236,3650901
39361,25684	0,616759062	4,660766113	1,00778582593169	236,6471751
39371,25684	0,616937876	4,662219238	1,00781935293169	236,7209565
39381,25684	0,616520643	4,661147949	1,00793642093169	236,6665625
39391,25684	0,617444515	4,667746582	1,00781953993169	237,0016036
39401,25684	0,616461039	4,66042334	1,00772556893169	236,629771
39411,25684	0,61661005	4,660404785	1,00780026093169	236,6288289
39421,25684	0,616192818	4,656121094	1,00795113593169	236,4113274
39431,25684	0,616252422	4,655943359	1,00773273993169	236,4023031
39441,25684	0,616878271	4,663685547	1,00772761793169	236,7954073
39451,25684	0,615954399	4,656246582	1,00788128593169	236,417699
39461,25684	0,617176294	4,667121582	1,00783313693169	236,9698696
39471,25684	0,616461039	4,660344727	1,00775062193169	236,6257795
39481,25684	0,616192818	4,655585938	1,00787076193169	236,3841552
39491,25684	0,616252422	4,657388672	1,00778526693169	236,4756878
39501,25684	0,616788864	4,661460449	1,00785315993169	236,6824295
39511,25684	0,616371632	4,658584473	1,00783220593169	236,5364038
39521,25684	0,616699457	4,659319824	1,00770880493169	236,5737408
39531,25684	0,616580248	4,659675781	1,00772463793169	236,5918142
39541,25684	0,616014004	4,654585938	1,00774261193169	236,3333809
39551,25684	0,61583519	4,652537598	1,00784971493169	236,2293779
39561,25684	0,615864992	4,651003906	1,00764612693169	236,1515058
39571,25684	0,616788864	4,659463379	1,00789944693169	236,5810296
39581,25684	0,616341829	4,65639209	1,00788165893169	236,4250871
39591,25684	0,616878271	4,659980957	1,00776365993169	236,6073093
39601,25684	0,61661005	4,659598145	1,00775872393169	236,5878723
39611,25684	0,617027283	4,663162598	1,00785343993169	236,7688549
39621,25684	0,61661005	4,658320801	1,00772445193169	236,523016
39631,25684	0,616341829	4,65523877	1,00764091193169	236,366528
39641,25684	0,617265701	4,666748047	1,00781255493169	236,9509036
39651,25684	0,61750412	4,668467285	1,00786303193169	237,0381968
39661,25684	0,616371632	4,656095703	1,00784673393169	236,4100382
39671,25684	0,616520643	4,655370117	1,00775024893169	236,3731971
39681,25684	0,61544776	4,649365234	1,00773525493169	236,0683033
39691,25684	0,616252422	4,655296387	1,00772882893169	236,3694535
39701,25684	0,616192818	4,656716309	1,00794293993169	236,4415491
39711,25684	0,616371632	4,657790039	1,00792021593169	236,496067
39721,25684	0,615179539	4,647022461	1,00781069193169	235,9493506
39731,25684	0,615924597	4,653054199	1,00779634993169	236,255608
39741,25684	0,616431236	4,657670898	1,00796417393169	236,4900177
39751,25684	0,616580248	4,659374512	1,00772221693169	236,5765175
39761,25684	0,615626574	4,650528809	1,00761231993169	236,127383
39771,25684	0,616371632	4,658910156	1,00780370693169	236,5529401
39781,25684	0,616341829	4,659449219	1,00791583793169	236,5803107
39791,25684	0,615268946	4,648204102	1,00764249493169	236,0093476
39801,25684	0,615626574	4,655278809	1,00788435993169	236,368561
39811,25684	0,616103411	4,656618652	1,00776608193169	236,4365906
39821,25684	0,615775585	4,655716309	1,00779690893169	236,3907747
39831,25684	0,61583519	4,652663574	1,00775518493169	236,2357743
39841,25684	0,615388155	4,651910645	1,00786619893169	236,1975448
39851,25684	0,615537167	4,652149414	1,00785092493169	236,2096681
39861,25684	0,61544776	4,65097998	1,00767471893169	236,150291
39871,25684	0,614792109	4,645358398	1,00791434793169	235,864859
39881,25684	0,615209341	4,646	1,00793297493169	235,8974359
39891,25684	0,615775585	4,650689941	1,00796817893169	236,1355644
39901,25684	0,616520643	4,660010742	1,00789683893169	236,6088216
39911,25684	0,61544776	4,649666504	1,00761604593169	236,0836001
39921,25684	0,615209341	4,647236816	1,00783304393169	235,9602344
39931,25684	0,615775585	4,651530762	1,00771150593169	236,1782565
39941,25684	0,616282225	4,657203125	1,00769641893169	236,4662668
39951,25684	0,615626574	4,653475098	1,00773693093169	236,2769788
39961,25684	0,616341829	4,660260742	1,00773478893169	236,6215152
39971,25684	0,615924597	4,65339209	1,00772500993169	236,2727641
39981,25684	0,615715981	4,65465625	1,00778182093169	236,336951
39991,25684	0,616431236	4,660468262	1,00802955293169	236,6320519
40001,25684	0,617086887	4,665071777	1,00769539393169	236,8657922
40011,25684	0,616282225	4,657600586	1,00760486993169	236,4864476
40021,25684	0,616043806	4,653803223	1,00780845693169	236,2936391
40031,25684	0,616431236	4,656928711	1,00778368393169	236,4523336
40041,25684	0,615864992	4,654612793	1,00772519693169	236,3347445
40051,25684	0,61583519	4,654126953	1,00775220493169	236,3100763
40061,25684	0,616371632	4,657328125	1,00766894493169	236,4726136
40071,25684	0,615924597	4,653322266	1,00786917893169	236,2692189
40081,25684	0,615179539	4,647848633	1,00777967893169	235,9912989
40091,25684	0,615864992	4,652320801	1,00775453293169	236,2183702
40101,25684	0,616431236	4,65896875	1,00776300793169	236,5559152
40111,25684	0,616341829	4,656601074	1,00770098193169	236,4356981
40121,25684	0,616192818	4,659058105	1,00770042393169	236,5604522
40131,25684	0,616133213	4,658251465	1,00778833993169	236,5194955
40141,25684	0,616878271	4,663055664	1,00773935293169	236,7634254
40151,25684	0,616431236	4,659873047	1,00770228593169	236,6018303
40161,25684	0,615358353	4,652641602	1,00786582593169	236,2346586
40171,25684	0,616133213	4,656893555	1,00794964493169	236,4505486
40181,25684	0,615537167	4,651494141	1,00762535893169	236,1763971
40191,25684	0,615954399	4,654229004	1,00780137893169	236,3152579
40201,25684	0,614702702	4,641875977	1,00759984093169	235,6880415
40211,25684	0,615388155	4,649362793	1,00778079693169	236,0681794
40221,25684	0,615686178	4,650851074	1,00767499793169	236,1437458
40231,25684	0,615686178	4,650913086	1,00773124993169	236,1468944
40241,25684	0,61699748	4,66347998	1,00788706093169	236,7849698
40251,25684	0,616580248	4,660066406	1,00778936493169	236,6116479
40261,25684	0,61583519	4,652928711	1,00790279993169	236,2492364
40271,25684	0,616580248	4,660963379	1,00792869093169	236,6571911
40281,25684	0,616699457	4,663061035	1,00784738593169	236,7636982
40291,25684	0,616341829	4,658016602	1,00777129693169	236,5075705
40301,25684	0,615715981	4,653593262	1,00783760693169	236,2829785
40311,25684	0,615864992	4,653238281	1,00789162393169	236,2649546
40321,25684	0,61661005	4,659571289	1,00789562893169	236,5865087
40331,25684	0,616431236	4,656689941	1,00784636193169	236,4402103
40341,25684	0,615864992	4,649897461	1,00778684993169	236,0953268
40351,25684	0,61544776	4,64790332	1,00777530193169	235,9940757
40361,25684	0,615298748	4,646718262	1,00780007493169	235,9339051
40371,25684	0,615864992	4,650563477	1,00769697793169	236,1291433
40381,25684	0,616371632	4,655875	1,00783956293169	236,3988322
40391,25684	0,616252422	4,65494873	1,00775509193169	236,3518015
40401,25684	0,616699457	4,660172852	1,00778368393169	236,6170526
40411,25684	0,616788864	4,659626953	1,00783816593169	236,589335
40421,25684	0,616103411	4,654429688	1,00761185493169	236,3254474
40431,25684	0,615596771	4,647916992	1,00776067993169	235,9947698
40441,25684	0,61699748	4,660716309	1,00772342693169	236,6446463
40451,25684	0,616580248	4,655864258	1,00770861893169	236,3982868
40461,25684	0,616014004	4,651770996	1,00795374293169	236,1904542
40471,25684	0,616937876	4,659368652	1,00770405593169	236,57622
40481,25684	0,617086887	4,662168945	1,00775611693169	236,7184029
40491,25684	0,616520643	4,657148926	1,00784515093169	236,4635149
40501,25684	0,616461039	4,655894043	1,00772901493169	236,3997991
40511,25684	0,616252422	4,655535645	1,00793018093169	236,3816017
40521,25684	0,616103411	4,653943848	1,00787020393169	236,3007793
40531,25684	0,616759062	4,658691895	1,00771541793169	236,5418581
40541,25684	0,616788864	4,660393066	1,00792012293169	236,6282339
40551,25684	0,615954399	4,653692871	1,00778210093169	236,2880361
40561,25684	0,616878271	4,65815918	1,00767769893169	236,5148098
40571,25684	0,61711669	4,661060059	1,00765292593169	236,6621
40581,25684	0,616431236	4,65366748	1,00769958493169	236,2867469
40591,25684	0,616431236	4,654875	1,00782056393169	236,3480579
40601,25684	0,617444515	4,66351709	1,00793083293169	236,786854
40611,25684	0,616014004	4,650688965	1,00774587193169	236,1355148
40621,25684	0,61661005	4,654882813	1,00800533893169	236,3484546
40631,25684	0,617206097	4,659959961	1,00776040093169	236,6062433
40641,25684	0,616937876	4,660272949	1,00771541793169	236,622135
40651,25684	0,617265701	4,664655762	1,00786880693169	236,8446693
40661,25684	0,616431236	4,655671875	1,00774000493169	236,3885187
40671,25684	0,615924597	4,649628418	1,00774326393169	236,0816663
40681,25684	0,616282225	4,654666504	1,00782838693169	236,3374716
40691,25684	0,616788864	4,657719727	1,00782801493169	236,4924969
40701,25684	0,616699457	4,657916992	1,00778414893169	236,5025129
40711,25684	0,617593527	4,663091797	1,00785399893169	236,7652601
40721,25684	0,617265701	4,663155273	1,00770973693169	236,768483
40731,25684	0,617265701	4,662800781	1,00786526793169	236,7504839
40741,25684	0,616788864	4,656628906	1,00778079693169	236,4371113
40751,25684	0,616848469	4,658354004	1,00791630393169	236,5247019
40761,25684	0,616848469	4,656821777	1,00771541793169	236,4469042
40771,25684	0,616878271	4,659935547	1,00779774693169	236,6050036
40781,25684	0,616878271	4,658804688	1,00766242593169	236,547585
40791,25684	0,617176294	4,659115723	1,00784757293169	236,5633776
40801,25684	0,617444515	4,661285645	1,00778759493169	236,6735539
40811,25684	0,617355108	4,663230469	1,00781013293169	236,772301
40821,25684	0,617533922	4,666487305	1,00792263693169	236,9376646
40831,25684	0,61699748	4,65961084	1,00771811893169	236,5885169
40841,25684	0,616371632	4,653947754	1,00767360093169	236,3009776
40851,25684	0,616878271	4,65889209	1,00783509293169	236,5520228
40861,25684	0,61699748	4,658927734	1,00786610593169	236,5538327
40871,25684	0,616878271	4,658503906	1,00783974893169	236,5323131
40881,25684	0,617444515	4,662685547	1,00779132093169	236,744633
40891,25684	0,617265701	4,66045166	1,00783779393169	236,6312089
40901,25684	0,616759062	4,656765625	1,00781432393169	236,4440531
40911,25684	0,617861748	4,664880371	1,00785492993169	236,8560737
40921,25684	0,617414713	4,661904297	1,00761651093169	236,7049656
40931,25684	0,616580248	4,656662109	1,00779066893169	236,4387971
40941,25684	0,617325306	4,662649902	1,00766512593169	236,7428232
40951,25684	0,617176294	4,65817334	1,00772948093169	236,5155288
40961,25684	0,616580248	4,654456543	1,00773059793169	236,326811
40971,25684	0,616520643	4,654118164	1,00763206393169	236,3096301
40981,25684	0,617414713	4,664563477	1,00782596593169	236,8399836
40991,25684	0,61661005	4,656694336	1,00792245093169	236,4404334
41001,25684	0,616759062	4,658250488	1,00781357893169	236,519446
41011,25684	0,616759062	4,655199219	1,00784952793169	236,3645199
41021,25684	0,616520643	4,654268066	1,00796286993169	236,3172412
41031,25684	0,616937876	4,658187988	1,00778051693169	236,5162726
41041,25684	0,617265701	4,659589355	1,00787113493169	236,587426
41051,25684	0,616699457	4,657356934	1,00781870193169	236,4740763
41061,25684	0,615924597	4,65029834	1,00771644193169	236,1156811
41071,25684	0,61699748	4,658575684	1,00773022593169	236,5359575
41081,25684	0,61661005	4,655466309	1,00792841093169	236,3780812
41091,25684	0,616043806	4,651394531	1,00775192593169	236,1713395
41101,25684	0,617444515	4,662646484	1,00788258993169	236,7426496
41111,25684	0,616520643	4,656595215	1,00781097193169	236,4354006
41121,25684	0,616192818	4,650642578	1,00779420793169	236,1331596
41131,25684	0,616937876	4,658074219	1,00767863093169	236,510496
41141,25684	0,616848469	4,660006836	1,00790522093169	236,6086233
41151,25684	0,616252422	4,65067334	1,00787076193169	236,1347215
41161,25684	0,616043806	4,650987305	1,00779774693169	236,1506628
41171,25684	0,61661005	4,655851074	1,00790037893169	236,3976174
41181,25684	0,616014004	4,650182617	1,00767462593169	236,1098054
41191,25684	0,616669655	4,65446582	1,00789441793169	236,3272821
41201,25684	0,616788864	4,656927734	1,00775220493169	236,4522841
41211,25684	0,615537167	4,645592773	1,00772165793169	235,8767593
41221,25684	0,615715981	4,647984375	1,00793520993169	235,9981912
41231,25684	0,615179539	4,643379883	1,00770815393169	235,7644013
41241,25684	0,615626574	4,646981445	1,00790624593169	235,9472681
41251,25684	0,615358353	4,643019043	1,00777399793169	235,7460799
41261,25684	0,614702702	4,63709082	1,00785818993169	235,4450785
41271,25684	0,615864992	4,648340332	1,00789898193169	236,0162646
41281,25684	0,615298748	4,642499512	1,00784738593169	235,719701
41291,25684	0,615775585	4,647851563	1,00770740793169	235,9914477
41301,25684	0,616043806	4,650596191	1,00793809693169	236,1308043
41311,25684	0,615298748	4,64407959	1,00780733893169	235,7999284
41321,25684	0,614702702	4,636181641	1,00768272793169	235,3989155
41331,25684	0,616461039	4,654102051	1,00785660593169	236,3088119
41341,25684	0,616848469	4,658087891	1,00771420693169	236,5111902
41351,25684	0,616252422	4,654331543	1,00781488293169	236,3204642
41361,25684	0,616371632	4,652542969	1,00781674593169	236,2296506
41371,25684	0,615715981	4,651202637	1,00772538293169	236,1615962
41381,25684	0,616461039	4,655384766	1,00783537193169	236,3739409
41391,25684	0,615924597	4,651666992	1,00764985293169	236,1851735
41401,25684	0,616341829	4,655710938	1,00791369593169	236,390502
41411,25684	0,616371632	4,654623047	1,00792971493169	236,3352651
41421,25684	0,616014004	4,651646484	1,00770675693169	236,1841322
41431,25684	0,616371632	4,65434668	1,00767052793169	236,3212328
41441,25684	0,616192818	4,653054199	1,00776785093169	236,255608
41451,25684	0,615209341	4,645339844	1,00774158793169	235,8639169
41461,25684	0,615864992	4,65022168	1,00777688493169	236,1117888
41471,25684	0,616014004	4,650220703	1,00764053993169	236,1117392
41481,25684	0,616431236	4,653356934	1,00764873493169	236,2709791
41491,25684	0,615775585	4,648606445	1,00781050593169	236,0297764
41501,25684	0,616461039	4,652725586	1,00768608093169	236,2389229
41511,25684	0,616103411	4,649549316	1,00777921293169	236,07765
41521,25684	0,615537167	4,64489502	1,00772761793169	235,8413313
41531,25684	0,615596771	4,647166992	1,00772556893169	235,9566891
41541,25684	0,615775585	4,647172363	1,00769641893169	235,9569618
41551,25684	0,616282225	4,653474121	1,00776105293169	236,2769292
41561,25684	0,61583519	4,648434082	1,00765115693169	236,0210247
41571,25684	0,615626574	4,649915039	1,00767378793169	236,0962193
41581,25684	0,615864992	4,65155957	1,00780892293169	236,1797192
41591,25684	0,616848469	4,658655273	1,00764035293169	236,5399987
41601,25684	0,616580248	4,657861328	1,00787504693169	236,4996866
41611,25684	0,616699457	4,65926416	1,00793688593169	236,5709145
41621,25684	0,615596771	4,648978516	1,00778871293169	236,048668
41631,25684	0,61699748	4,660880859	1,00782577993169	236,6530012
41641,25684	0,615775585	4,650307129	1,00777986493169	236,1161274
41651,25684	0,615507364	4,647663086	1,00783304393169	235,9818779
41661,25684	0,615954399	4,651040039	1,00767760593169	236,1533404
41671,25684	0,61583519	4,649661133	1,00780603593169	236,0833274
41681,25684	0,615596771	4,647567871	1,00765450893169	235,9770435
41691,25684	0,616282225	4,652460938	1,00797730593169	236,2254855
41701,25684	0,616699457	4,655710938	1,00780473193169	236,390502
41711,25684	0,616878271	4,660195313	1,00794964493169	236,6181931
41721,25684	0,616252422	4,6535	1,00784636193169	236,2782432
41731,25684	0,61544776	4,645550293	1,00771197193169	235,8746023
41741,25684	0,615715981	4,647869629	1,00763215793169	235,992365
41751,25684	0,616759062	4,657734375	1,00791099593169	236,4932407
41761,25684	0,616878271	4,661123047	1,00776086593169	236,6652981
41771,25684	0,616461039	4,65734668	1,00779197293169	236,4735557
41781,25684	0,616103411	4,650253906	1,00776822393169	236,113425
41791,25684	0,616103411	4,650741699	1,00780733893169	236,1381924
41801,25684	0,616371632	4,654911133	1,00781292693169	236,3498925
41811,25684	0,616580248	4,655960449	1,00788799193169	236,4031708
41821,25684	0,616341829	4,652394531	1,00779765393169	236,2221138
41831,25684	0,61583519	4,649773926	1,00796286993169	236,0890544
41841,25684	0,615924597	4,64796875	1,00777045893169	235,9973978
41851,25684	0,616371632	4,6536875	1,00768216993169	236,2877634
41861,25684	0,615864992	4,649375	1,00777185593169	236,0687992
41871,25684	0,616461039	4,653812012	1,00777632593169	236,2940854
41881,25684	0,616252422	4,652890625	1,00765553393169	236,2473026
41891,25684	0,616878271	4,657472168	1,00780361393169	236,4799273
41901,25684	0,616699457	4,655120605	1,00770619793169	236,3605283
41911,25684	0,616252422	4,652994629	1,00782112293169	236,2525833
41921,25684	0,616341829	4,652319824	1,00778005193169	236,2183206
41931,25684	0,617027283	4,659596191	1,00784794493169	236,5877731
41941,25684	0,615924597	4,649741699	1,00788454593169	236,0874181
41951,25684	0,616341829	4,65397998	1,00792449993169	236,3026139
41961,25684	0,616341829	4,652566406	1,00771830493169	236,2308406
41971,25684	0,617444515	4,665385254	1,00794852793169	236,8817088
41981,25684	0,617086887	4,660855469	1,00773404393169	236,651712
41991,25684	0,616699457	4,656983887	1,00780026093169	236,4551351
42001,25684	0,616431236	4,65642627	1,00782335793169	236,4268225
42011,25684	0,61661005	4,656930176	1,00773180893169	236,452408
42021,25684	0,616848469	4,66046875	1,00798652593169	236,6320767
42031,25684	0,616371632	4,654946289	1,00767918893169	236,3516775
42041,25684	0,615507364	4,647918457	1,00767090093169	235,9948442
42051,25684	0,616341829	4,653275879	1,00763830393169	236,2668636
42061,25684	0,615775585	4,651427734	1,00785297393169	236,1730254
42071,25684	0,616252422	4,655171875	1,00798773693169	236,3631315
42081,25684	0,616580248	4,656416504	1,00784431293169	236,4263267
42091,25684	0,617206097	4,661563477	1,00771904993169	236,6876607
42101,25684	0,616848469	4,65779541	1,00791388293169	236,4963397
42111,25684	0,615954399	4,649871582	1,00776189093169	236,0940128
42121,25684	0,616014004	4,650890137	1,00777735093169	236,1457292
42131,25684	0,616133213	4,651400879	1,00785036593169	236,1716618
42141,25684	0,616878271	4,656845703	1,00773544093169	236,448119
42151,25684	0,616103411	4,652657715	1,00780547693169	236,2354768
42161,25684	0,616014004	4,650816895	1,00790298593169	236,1420104
42171,25684	0,616014004	4,651279785	1,00776952793169	236,1655133
42181,25684	0,61661005	4,656610352	1,00781898093169	236,4361692
42191,25684	0,616133213	4,651057617	1,00791807393169	236,1542329
42201,25684	0,617176294	4,662150879	1,00779187893169	236,7174856
42211,25684	0,616788864	4,657723145	1,00757683693169	236,4926705
42221,25684	0,617355108	4,662625977	1,00774764193169	236,7416084
42231,25684	0,616580248	4,654800293	1,00774503393169	236,3442647
42241,25684	0,616937876	4,660948242	1,00760356593169	236,6564226
42251,25684	0,616043806	4,65184082	1,00766344993169	236,1939995
42261,25684	0,616520643	4,654885742	1,00788231093169	236,3486033
42271,25684	0,616103411	4,649978516	1,00780845693169	236,0994423
42281,25684	0,615596771	4,645697266	1,00788314893169	235,8820648
42291,25684	0,616937876	4,659064941	1,00771578993169	236,5607993
42301,25684	0,616937876	4,656431641	1,00782251993169	236,4270952
42311,25684	0,61750412	4,662720215	1,00777744393169	236,7463932
42321,25684	0,616341829	4,652595703	1,00765031793169	236,2323282
42331,25684	0,615596771	4,647580078	1,00777567393169	235,9776633
42341,25684	0,616878271	4,660580566	1,00769660493169	236,6377541
42351,25684	0,616878271	4,657572266	1,00772417193169	236,4850097
42361,25684	0,616937876	4,657716797	1,00776654693169	236,4923482
42371,25684	0,616788864	4,656810059	1,00764379893169	236,4463091
42381,25684	0,61711669	4,65817334	1,00781739793169	236,5155288
42391,25684	0,616133213	4,651496094	1,00782596593169	236,1764963
42401,25684	0,617027283	4,658684082	1,00782279893169	236,5414614
42411,25684	0,616580248	4,655933105	1,00768719893169	236,4017825
42421,25684	0,616341829	4,653944336	1,00787709493169	236,3008041
42431,25684	0,616043806	4,652617188	1,00776226293169	236,233419
42441,25684	0,616461039	4,657075195	1,00791350993169	236,4597713
42451,25684	0,616699457	4,659700195	1,00777725793169	236,5930538
42461,25684	0,617086887	4,660024902	1,00760337993169	236,6095406
42471,25684	0,617772341	4,667038086	1,00782959793169	236,9656302
42481,25684	0,616848469	4,658707031	1,00818610793169	236,5426266
42491,25684	0,616788864	4,658081055	1,00770964393169	236,5108431
42501,25684	0,617831945	4,667153809	1,00781125093169	236,9715059
42511,25684	0,617593527	4,665770508	1,00777343893169	236,9012698
42521,25684	0,617682934	4,665509766	1,00785995893169	236,8880308
42531,25684	0,617533922	4,664657227	1,00784664093169	236,8447437
42541,25684	0,616878271	4,659236328	1,00770312393169	236,5695013
42551,25684	0,617027283	4,659790039	1,00774503393169	236,5976156
42561,25684	0,616788864	4,659621094	1,00798438393169	236,5890375
42571,25684	0,616580248	4,657071777	1,00787541893169	236,4595977
42581,25684	0,616520643	4,654131348	1,00797339393169	236,3102994
42591,25684	0,61583519	4,649776855	1,00767173893169	236,0892031
42601,25684	0,616252422	4,652631836	1,00773255393169	236,2341628
42611,25684	0,616699457	4,656984375	1,00790745693169	236,4551599
42621,25684	0,617086887	4,660363281	1,00775267093169	236,6267216
42631,25684	0,617325306	4,661262695	1,00770573193169	236,6723887
42641,25684	0,617533922	4,664768555	1,00771001593169	236,8503963
42651,25684	0,617265701	4,664148438	1,00793269493169	236,8189103
42661,25684	0,618100166	4,672583984	1,00787197293169	237,2472193
42671,25684	0,616878271	4,661401855	1,00774354393169	236,6794545
42681,25684	0,616937876	4,660311523	1,00771821193169	236,6240936
42691,25684	0,616937876	4,659330078	1,00795914493169	236,5742614
42701,25684	0,617086887	4,662489258	1,00795951693169	236,7346666
42711,25684	0,616461039	4,655001465	1,00787011093169	236,354479
42721,25684	0,617086887	4,661970215	1,00784766593169	236,7083125
42731,25684	0,616759062	4,660364258	1,00777530193169	236,6267712
42741,25684	0,616788864	4,659563965	1,00778470793169	236,5861368
42751,25684	0,617027283	4,659019531	1,00771830493169	236,5584936
42761,25684	0,617355108	4,663194336	1,00797767793169	236,7704664
42771,25684	0,616937876	4,660268066	1,00769576693169	236,6218871
42781,25684	0,617831945	4,667318848	1,00782773493169	236,9798856
42791,25684	0,61711669	4,662102051	1,00776142493169	236,7150064
42801,25684	0,617682934	4,667370605	1,00790885393169	236,9825136
42811,25684	0,617414713	4,665564453	1,00792543093169	236,8908075
42821,25684	0,617265701	4,664019531	1,00787383593169	236,8123651
42831,25684	0,617086887	4,661665527	1,00780687393169	236,6928422
42841,25684	0,616848469	4,659023926	1,00772072593169	236,5587167
42851,25684	0,616580248	4,65578125	1,00781804993169	236,3940721
42861,25684	0,617086887	4,660835938	1,00786033193169	236,6507204
42871,25684	0,61661005	4,656496582	1,00769762993169	236,4303926
42881,25684	0,616848469	4,660364746	1,00775145993169	236,6267959
42891,25684	0,61661005	4,656779785	1,00787020393169	236,444772
42901,25684	0,617265701	4,661061035	1,00768710593169	236,6621495
42911,25684	0,617444515	4,664961914	1,00768179693169	236,860214
42921,25684	0,616282225	4,655008789	1,00767248393169	236,3548509
42931,25684	0,61699748	4,659724609	1,00781767693169	236,5942934
42941,25684	0,616848469	4,65865625	1,00778740893169	236,5400482
42951,25684	0,617593527	4,665760742	1,00757506793169	236,9007739
42961,25684	0,61711669	4,662998047	1,00776021393169	236,7605
42971,25684	0,616937876	4,661739258	1,00772622093169	236,6965858
42981,25684	0,61583519	4,651300293	1,00777595393169	236,1665546
42991,25684	0,616759062	4,658938477	1,00765842093169	236,5543781
43001,25684	0,616103411	4,654677246	1,00768896793169	236,3380171
43011,25684	0,616282225	4,653529785	1,00789730493169	236,2797555
43021,25684	0,617325306	4,663579102	1,00794629293169	236,7900026
43031,25684	0,616520643	4,654594238	1,00768785093169	236,3338024
43041,25684	0,616669655	4,658582031	1,00788678093169	236,5362798
43051,25684	0,616133213	4,655740234	1,00792012293169	236,3919896
43061,25684	0,616580248	4,656164063	1,00792310293169	236,4135091
43071,25684	0,61661005	4,657608887	1,00796547793169	236,4868691
43081,25684	0,616669655	4,658658691	1,00790270693169	236,5401722
43091,25684	0,615686178	4,650695313	1,00782279893169	236,1358371
43101,25684	0,61699748	4,662323242	1,00770843293169	236,7262372
43111,25684	0,615686178	4,651168945	1,00760179593169	236,1598855
43121,25684	0,616431236	4,656918457	1,00785669893169	236,451813
43131,25684	0,616043806	4,652744141	1,00785362593169	236,239865
43141,25684	0,616133213	4,654379395	1,00784487193169	236,3228939
43151,25684	0,615507364	4,648924316	1,00760682593169	236,045916
43161,25684	0,616788864	4,660727539	1,00788463893169	236,6452165
43171,25684	0,616133213	4,655369629	1,00781264793169	236,3731723
43181,25684	0,615954399	4,6534375	1,00777148293169	236,2750698
43191,25684	0,61583519	4,650608398	1,00787923693169	236,1314241
43201,25684	0,615715981	4,650963379	1,00790922593169	236,149448
43211,25684	0,616014004	4,653996582	1,00782736293169	236,3034568
43221,25684	0,616192818	4,654953613	1,00789143793169	236,3520494
43231,25684	0,615924597	4,652648438	1,00781227493169	236,2350057
43241,25684	0,616252422	4,657034668	1,00780370693169	236,4577135
43251,25684	0,616759062	4,659946777	1,00764193693169	236,6055739
43261,25684	0,615715981	4,654392578	1,00763709393169	236,3235632
43271,25684	0,616461039	4,657916992	1,00764808293169	236,5025129
43281,25684	0,615388155	4,648742676	1,00769278693169	236,0366934
43291,25684	0,615924597	4,652111816	1,00775965593169	236,2077591
43301,25684	0,616014004	4,653292969	1,00774801393169	236,2677313
43311,25684	0,615954399	4,650467773	1,00768235593169	236,124284
43321,25684	0,61544776	4,645446289	1,00767192493169	235,8693216
43331,25684	0,615209341	4,645959961	1,00775648893169	235,8954029
43341,25684	0,615715981	4,650971191	1,00782801493169	236,1498447
43351,25684	0,616341829	4,65595166	1,00793781793169	236,4027246
43361,25684	0,615954399	4,651558105	1,00782978393169	236,1796449
43371,25684	0,616431236	4,655784668	1,00771253093169	236,3942456
43381,25684	0,616103411	4,651863281	1,00796575693169	236,1951399
43391,25684	0,615924597	4,650054688	1,00771914293169	236,1033099
43401,25684	0,614792109	4,641600098	1,00789134493169	235,6740339
43411,25684	0,615924597	4,650874023	1,00753073693169	236,1449111
43421,25684	0,616461039	4,655786133	1,00759285593169	236,39432
43431,25684	0,616937876	4,659879395	1,00771299593169	236,6021526
43441,25684	0,616371632	4,654369141	1,00766298393169	236,3223732
43451,25684	0,615686178	4,648068359	1,00772687293169	236,0024554
43461,25684	0,616043806	4,652500977	1,00794200893169	236,2275185
43471,25684	0,61583519	4,649010742	1,00783583793169	236,0503042
43481,25684	0,615626574	4,648488281	1,00796249793169	236,0237767
43491,25684	0,61661005	4,656879395	1,00792012293169	236,4498296
43501,25684	0,61661005	4,65640918	1,00771942293169	236,4259548
43511,25684	0,615388155	4,646813965	1,00775462693169	235,9387644
43521,25684	0,615388155	4,646396484	1,00776896893169	235,9175671
43531,25684	0,616043806	4,65293457	1,00788827093169	236,2495339
43541,25684	0,615924597	4,651137207	1,00776803793169	236,158274
43551,25684	0,61699748	4,662021484	1,00790205493169	236,7109157
43561,25684	0,616103411	4,653368164	1,00783229893169	236,2715493
43571,25684	0,616252422	4,656077637	1,00774223993169	236,4091209
43581,25684	0,617206097	4,664891113	1,00789423193169	236,8566191
43591,25684	0,617027283	4,660475586	1,00785017993169	236,6324238
43601,25684	0,617027283	4,662779297	1,00784403293169	236,7493931
43611,25684	0,617325306	4,666603516	1,00778526693169	236,9435651
43621,25684	0,616371632	4,654479004	1,00780296193169	236,3279515
43631,25684	0,615358353	4,648064941	1,00791127493169	236,0022819
43641,25684	0,616341829	4,6538125	1,00755923493169	236,2941102
43651,25684	0,616133213	4,654375	1,00776664093169	236,3226707
43661,25684	0,616252422	4,65395166	1,00767006193169	236,3011759
43671,25684	0,616759062	4,659315918	1,00768654693169	236,5735424
43681,25684	0,617533922	4,667432617	1,00784477893169	236,9856622
43691,25684	0,61699748	4,664054688	1,00770219293169	236,8141502
43701,25684	0,618010759	4,671609375	1,00784766593169	237,1977342
43711,25684	0,616341829	4,655948242	1,00784747893169	236,402551
43721,25684	0,616699457	4,660277344	1,00780733893169	236,6223581
43731,25684	0,616043806	4,654763184	1,00781525593169	236,3423805
43741,25684	0,616282225	4,655102539	1,00782047093169	236,359611
43751,25684	0,616580248	4,658806152	1,00793027393169	236,5476594
43761,25684	0,616371632	4,658717285	1,00777949293169	236,5431473
43771,25684	0,61661005	4,658770996	1,00782494093169	236,5458744
43781,25684	0,616341829	4,656266113	1,00767872393169	236,4186907
43791,25684	0,616014004	4,654700684	1,00780854993169	236,3392071
43801,25684	0,617086887	4,661497559	1,00776040093169	236,6843137
43811,25684	0,616341829	4,657095215	1,00786815493169	236,4607878
43821,25684	0,617414713	4,664654297	1,00774223993169	236,8445949
43831,25684	0,61750412	4,666538574	1,00779020293169	236,9402678
43841,25684	0,616699457	4,65925293	1,00766112193169	236,5703442
43851,25684	0,61661005	4,661959473	1,00764128493169	236,7077671
43861,25684	0,616759062	4,661020996	1,00774084293169	236,6601166
43871,25684	0,616014004	4,653401367	1,00763932893169	236,2732352
43881,25684	0,616371632	4,656859375	1,00773674493169	236,4488132
43891,25684	0,616431236	4,657154297	1,00774391593169	236,4637876
43901,25684	0,616937876	4,6624375	1,00773953893169	236,7320386
43911,25684	0,616461039	4,65955127	1,00783099493169	236,5854922
43921,25684	0,61583519	4,652004395	1,00791900493169	236,2023049
43931,25684	0,616371632	4,656411621	1,00780119293169	236,4260788
43941,25684	0,616431236	4,655870117	1,00771998093169	236,3985843
43951,25684	0,616133213	4,653526367	1,00795448793169	236,279582
43961,25684	0,616431236	4,657868164	1,00785036593169	236,5000337
43971,25684	0,61583519	4,65011377	1,00781804993169	236,1063097
43981,25684	0,616580248	4,656722168	1,00784161193169	236,4418466
43991,25684	0,616759062	4,659088867	1,00770666293169	236,5620141
44001,25684	0,616192818	4,657212402	1,00787001693169	236,4667379
44011,25684	0,61699748	4,661728027	1,00772417193169	236,6960156
44021,25684	0,61699748	4,663426758	1,00772901493169	236,7822675
44031,25684	0,616520643	4,656509277	1,00775285693169	236,4310372
44041,25684	0,616520643	4,657293945	1,00783471993169	236,4708782
44051,25684	0,616759062	4,658096191	1,00780230993169	236,5116116
44061,25684	0,61750412	4,66582959	1,00778545293169	236,9042696
44071,25684	0,616759062	4,66010791	1,00769483593169	236,6137553
44081,25684	0,617951155	4,672180664	1,00807919193169	237,226741
44091,25684	0,616669655	4,658881836	1,00778098293169	236,5515022
44101,25684	0,616848469	4,664442871	1,00784151893169	236,8338599
44111,25684	0,617355108	4,667121094	1,00800384793169	236,9698448
44121,25684	0,615626574	4,650685547	1,00774307793169	236,1353413
44131,25684	0,616520643	4,656729004	1,00775378793169	236,4421936
44141,25684	0,616371632	4,655140137	1,00769027193169	236,36152
44151,25684	0,617086887	4,664210449	1,00786945893169	236,8220589
44161,25684	0,617355108	4,666101563	1,00775024893169	236,9180788
44171,25684	0,616252422	4,655678223	1,00779616393169	236,388841
44181,25684	0,616669655	4,659125488	1,00782661793169	236,5638735
44191,25684	0,616431236	4,655842285	1,00790522093169	236,3971711
44201,25684	0,616937876	4,660392578	1,00763066693169	236,6282091
44211,25684	0,616520643	4,656648438	1,00777949293169	236,4381029
44221,25684	0,616133213	4,65560498	1,00783676893169	236,3851221
44231,25684	0,616669655	4,658660645	1,00789246193169	236,5402714
44241,25684	0,616133213	4,654774414	1,00788026193169	236,3429507
44251,25684	0,616788864	4,659687988	1,00790661793169	236,592434
44261,25684	0,616520643	4,658478516	1,00792598993169	236,5310239
44271,25684	0,616699457	4,659275879	1,00787029693169	236,5715095
44281,25684	0,616133213	4,653914063	1,00774605793169	236,2992669
44291,25684	0,616103411	4,654604004	1,00791164793169	236,3342982
44301,25684	0,616520643	4,656187988	1,00771467293169	236,414724
44311,25684	0,616133213	4,65320459	1,00786582593169	236,263244
44321,25684	0,616878271	4,660520508	1,00778386993169	236,6347046
44331,25684	0,618010759	4,67098291	1,00792962193169	237,1659259
44341,25684	0,616580248	4,659860352	1,00768542893169	236,6011857
44351,25684	0,617206097	4,663946289	1,00788324193169	236,8086463
44361,25684	0,616788864	4,661944336	1,00776216993169	236,7069985
44371,25684	0,616014004	4,65174707	1,00767620893169	236,1892394
44381,25684	0,616282225	4,654205566	1,00772007393169	236,3140679
44391,25684	0,616580248	4,65665918	1,00770405593169	236,4386484
44401,25684	0,616520643	4,655539551	1,00780771193169	236,3818
44411,25684	0,616759062	4,657976563	1,00783229893169	236,5055376
44421,25684	0,616878271	4,658776855	1,00783332293169	236,5461719
44431,25684	0,616759062	4,65767627	1,00770405593169	236,4902904
44441,25684	0,616788864	4,658499023	1,00788082093169	236,5320652
44451,25684	0,616133213	4,652206543	1,00764370593169	236,2125688
44461,25684	0,617265701	4,660977051	1,00758158693169	236,6578853
44471,25684	0,616848469	4,659380859	1,00770889893169	236,5768398
44481,25684	0,617086887	4,659746094	1,00786331193169	236,5953843
44491,25684	0,617623329	4,666252441	1,00780230993169	236,9257396
44501,25684	0,617027283	4,663686523	1,00763979393169	236,7954569
44511,25684	0,617265701	4,663622559	1,00793278893169	236,7922091
44521,25684	0,616937876	4,661041504	1,00776831693169	236,6611579
44531,25684	0,616580248	4,656862793	1,00758307693169	236,4489867
44541,25684	0,617533922	4,665251953	1,00784859693169	236,8749405
44551,25684	0,617355108	4,663144043	1,00781134393169	236,7679128
44561,25684	0,616848469	4,659214844	1,00787923693169	236,5684104
44571,25684	0,616788864	4,658248047	1,00781851493169	236,519322
44581,25684	0,616878271	4,659179688	1,00780137893169	236,5666254
44591,25684	0,616699457	4,658574707	1,00777138993169	236,5359079
44601,25684	0,616431236	4,655358398	1,00779914393169	236,3726021
44611,25684	0,615954399	4,650790039	1,00778517393169	236,1406468
44621,25684	0,617086887	4,660888672	1,00780771193169	236,6533979
44631,25684	0,616788864	4,65682373	1,00788026193169	236,4470033
44641,25684	0,616282225	4,65352832	1,00770824693169	236,2796812
44651,25684	0,617027283	4,658355469	1,00772966693169	236,5247763
44661,25684	0,617206097	4,662376953	1,00779113393169	236,7289644
44671,25684	0,617414713	4,664605469	1,00773385793169	236,8421157
44681,25684	0,617414713	4,661752441	1,00771783893169	236,6972552
44691,25684	0,61699748	4,660123535	1,00775993493169	236,6145486
44701,25684	0,617027283	4,660506836	1,00784459193169	236,6340105
44711,25684	0,617533922	4,664825195	1,00781041293169	236,8532722
44721,25684	0,617086887	4,661102051	1,00776989993169	236,6642321
44731,25684	0,617593527	4,665216797	1,00779178593169	236,8731555
44741,25684	0,617831945	4,667345215	1,00777232193169	236,9812244
44751,25684	0,617682934	4,665980957	1,00785185693169	236,9119552
44761,25684	0,617533922	4,668845703	1,00780752593169	237,0574107
44771,25684	0,617086887	4,661555664	1,00787122793169	236,687264
44781,25684	0,616699457	4,658568359	1,00780650093169	236,5355856
44791,25684	0,616937876	4,659425781	1,00788780593169	236,5791207
44801,25684	0,617355108	4,662139648	1,00772147093169	236,7169154
44811,25684	0,616520643	4,655362305	1,00777558093169	236,3728004
44821,25684	0,616014004	4,65323584	1,00777595393169	236,2648307
44831,25684	0,616103411	4,650700195	1,00786480193169	236,1360851
44841,25684	0,616461039	4,654742676	1,00780864293169	236,3413392
44851,25684	0,615596771	4,646981934	1,00789944693169	235,9472929
44861,25684	0,615626574	4,648370117	1,00797451193169	236,017777
44871,25684	0,616848469	4,658036621	1,00782959793169	236,508587
44881,25684	0,616580248	4,655587891	1,00780026093169	236,3842544
44891,25684	0,616014004	4,651849609	1,00789879493169	236,1944458
44901,25684	0,616282225	4,651289063	1,00785055293169	236,1659844
44911,25684	0,615626574	4,64552002	1,00763327493169	235,8730652
44921,25684	0,615686178	4,650123535	1,00770563893169	236,1068055
44931,25684	0,616341829	4,654458008	1,00779504593169	236,3268854
44941,25684	0,616788864	4,658350586	1,00779113393169	236,5245284
44951,25684	0,61699748	4,661929199	1,00788454593169	236,70623
44961,25684	0,616431236	4,656108398	1,00757907193169	236,4106828
44971,25684	0,615775585	4,650157715	1,00798019293169	236,108541
44981,25684	0,616669655	4,657672852	1,00786685093169	236,4901169
44991,25684	0,615924597	4,652008789	1,00795141493169	236,202528
45001,25684	0,615626574	4,650005371	1,00769679093169	236,1008058
45011,25684	0,615864992	4,650195313	1,00785846893169	236,11045
45021,25684	0,615388155	4,647702637	1,00774540593169	235,9838861
45031,25684	0,615864992	4,652515625	1,00769818793169	236,2282622
45041,25684	0,616431236	4,659415527	1,00777846793169	236,5786
45051,25684	0,61544776	4,64865918	1,00782950493169	236,0324539
45061,25684	0,616252422	4,654194824	1,00784040093169	236,3135224
45071,25684	0,615775585	4,653252441	1,00787765393169	236,2656736
45081,25684	0,615537167	4,649095215	1,00773460293169	236,0545933
45091,25684	0,61583519	4,648757324	1,00781199593169	236,0374371
45101,25684	0,615686178	4,650444336	1,00780510393169	236,123094
45111,25684	0,616282225	4,656349121	1,00790438293169	236,4229054
45121,25684	0,615954399	4,651987305	1,00778712993169	236,2014372
45131,25684	0,615537167	4,649430664	1,00786331193169	236,0716255
45141,25684	0,616103411	4,656425781	1,00790317193169	236,4267977
45151,25684	0,614851713	4,642502441	1,00762284393169	235,7198498
45161,25684	0,615119934	4,644273926	1,00794424393169	235,8097957
45171,25684	0,614702702	4,640216309	1,00751779093169	235,603773
45181,25684	0,614464283	4,63809668	1,00780165793169	235,4961503
45191,25684	0,615090132	4,641788086	1,00775462693169	235,6835789
45201,25684	0,615209341	4,644172852	1,00767918893169	235,8046637
45211,25684	0,615507364	4,644712402	1,00774158793169	235,832059
45221,25684	0,614285469	4,636074219	1,00773599993169	235,3934612
45231,25684	0,614881516	4,641143555	1,00777381193169	235,6508532
45241,25684	0,61544776	4,646518066	1,00785558193169	235,9237404
45251,25684	0,615388155	4,645669922	1,00764491693169	235,8806764
45261,25684	0,615298748	4,646070801	1,00773860793169	235,9010308
45271,25684	0,615179539	4,643870117	1,00775043593169	235,7892926
45281,25684	0,615268946	4,645412598	1,00785930693169	235,8676109
45291,25684	0,61544776	4,645842285	1,00782596593169	235,889428
45301,25684	0,61583519	4,649709961	1,00773916693169	236,0858066
45311,25684	0,615626574	4,648440918	1,00801511693169	236,0213718
45321,25684	0,615298748	4,646614746	1,00789264893169	235,9286492
45331,25684	0,61583519	4,652166504	1,00767397393169	236,2105359
45341,25684	0,616043806	4,653556152	1,00778256593169	236,2810943
45351,25684	0,616282225	4,657025879	1,00781590793169	236,4572673
45361,25684	0,616520643	4,659416504	1,00786191493169	236,5786496
45371,25684	0,615298748	4,647230957	1,00769232093169	235,9599369
45381,25684	0,616133213	4,652841309	1,00775145993169	236,2447986
45391,25684	0,61583519	4,652612793	1,00781432393169	236,2331959
45401,25684	0,616461039	4,658437988	1,00773423093169	236,5289661
45411,25684	0,615507364	4,650450195	1,00767537093169	236,1233915
45421,25684	0,616192818	4,655583008	1,00767034193169	236,3840065
45431,25684	0,616043806	4,654436035	1,00772687293169	236,3257697
45441,25684	0,616461039	4,657462891	1,00773776993169	236,4794562
45451,25684	0,616043806	4,653398926	1,00768337993169	236,2731112
45461,25684	0,61583519	4,651507813	1,00776263593169	236,1770913
45471,25684	0,61583519	4,651555664	1,00787243893169	236,1795209
45481,25684	0,616341829	4,654050781	1,00778014493169	236,3062087
45491,25684	0,616848469	4,660505371	1,00777986493169	236,6339361
45501,25684	0,616103411	4,655254883	1,00778144893169	236,3673462
45511,25684	0,616699457	4,658573242	1,00804640993169	236,5358336
45521,25684	0,616014004	4,652478516	1,00798941293169	236,226378
45531,25684	0,615954399	4,65235498	1,00787132093169	236,2201056
45541,25684	0,616461039	4,655677246	1,00785446393169	236,3887914
45551,25684	0,615775585	4,649327148	1,00778321793169	236,0663696
45561,25684	0,616431236	4,653370605	1,00772314793169	236,2716733
45571,25684	0,61661005	4,655859375	1,00775769993169	236,3980388
45581,25684	0,616014004	4,654408203	1,00778107593169	236,3243566
45591,25684	0,616252422	4,655671875	1,00788389393169	236,3885187
45601,25684	0,616252422	4,653547363	1,00773804893169	236,280648
45611,25684	0,61661005	4,657634277	1,00805162493169	236,4881583
45621,25684	0,617206097	4,662104492	1,00812715593169	236,7151303
45631,25684	0,615686178	4,650164551	1,00790363793169	236,1088881
45641,25684	0,615179539	4,64482373	1,00776766493169	235,8377116
45651,25684	0,616431236	4,653758301	1,00766233193169	236,2913583
45661,25684	0,61583519	4,650544922	1,00798652593169	236,1282012
45671,25684	0,615686178	4,650186523	1,00786582593169	236,1100037
45681,25684	0,615864992	4,648727539	1,00779001693169	236,0359248
45691,25684	0,61661005	4,657017578	1,00776822393169	236,4568458
45701,25684	0,617325306	4,66535791	1,00775276393169	236,8803204
45711,25684	0,616282225	4,655033691	1,00789665293169	236,3561153
45721,25684	0,616461039	4,656160645	1,00767341493169	236,4133356
45731,25684	0,616878271	4,661125977	1,00778498793169	236,6654469
45741,25684	0,616371632	4,657088867	1,00777092493169	236,4604655
45751,25684	0,615715981	4,650165527	1,00765599893169	236,1089377
45761,25684	0,615298748	4,643956543	1,00764053993169	235,7936808
45771,25684	0,616014004	4,65070752	1,00779010993169	236,1364569
45781,25684	0,615924597	4,649828125	1,00775443993169	236,0918063
45791,25684	0,616371632	4,65531543	1,00778647793169	236,3704204
45801,25684	0,615507364	4,644674316	1,00775201893169	235,8301252
45811,25684	0,616759062	4,657936035	1,00793642093169	236,5034798
45821,25684	0,616669655	4,655418945	1,00783732793169	236,3756763
45831,25684	0,615954399	4,650387207	1,00773404393169	236,1201933
45841,25684	0,616759062	4,657478516	1,00787541893169	236,4802496
45851,25684	0,61583519	4,647490234	1,00784598893169	235,9731015
45861,25684	0,616788864	4,658288574	1,00790838793169	236,5213798
45871,25684	0,615358353	4,644525391	1,00788193793169	235,8225636
45881,25684	0,616014004	4,650067383	1,00784617593169	236,1039544
45891,25684	0,615209341	4,644169922	1,00788743293169	235,8045149
45901,25684	0,615924597	4,64839209	1,00778545293169	236,0188926
45911,25684	0,616282225	4,652959473	1,00781385893169	236,2507983
45921,25684	0,616937876	4,65912793	1,00809660793169	236,5639974
45931,25684	0,616788864	4,657312012	1,00773320593169	236,4717955
45941,25684	0,616431236	4,655243164	1,00770778093169	236,3667512
45951,25684	0,61699748	4,659567871	1,00779308993169	236,5863352
45961,25684	0,61699748	4,660724121	1,00791704893169	236,645043
45971,25684	0,617176294	4,661226563	1,00768934093169	236,6705541
45981,25684	0,61583519	4,649559082	1,00779728093169	236,0781458
45991,25684	0,616937876	4,659705566	1,00774959693169	236,5933266
46001,25684	0,616431236	4,654678223	1,00781367193169	236,3380666
46011,25684	0,615775585	4,648646973	1,00778759493169	236,0318341
46021,25684	0,615954399	4,649793457	1,00775583693169	236,0900461
46031,25684	0,61661005	4,655825195	1,00772519693169	236,3963034
46041,25684	0,61699748	4,660608887	1,00775769993169	236,639192
46051,25684	0,617176294	4,66312207	1,00772640693169	236,7667972
46061,25684	0,617682934	4,667575195	1,00784310193169	236,9929015
46071,25684	0,616878271	4,659394043	1,00787336993169	236,5775092
46081,25684	0,617325306	4,663642578	1,00786806193169	236,7932256
46091,25684	0,616103411	4,653338867	1,00778163493169	236,2700618
46101,25684	0,616759062	4,65804248	1,00777241493169	236,5088845
46111,25684	0,61711669	4,659132813	1,00781991193169	236,5642454
46121,25684	0,616252422	4,653260742	1,00772640693169	236,2660951
46131,25684	0,616461039	4,65496582	1,00784822393169	236,3526692
46141,25684	0,616252422	4,650978516	1,00770619793169	236,1502166
46151,25684	0,616699457	4,656608398	1,00811868093169	236,43607
46161,25684	0,617086887	4,660041016	1,00799807393169	236,6103588
46171,25684	0,616759062	4,655757813	1,00796286993169	236,3928821
46181,25684	0,616937876	4,658482422	1,00771001593169	236,5312222
46191,25684	0,616848469	4,656678711	1,00783034293169	236,4396401
46201,25684	0,61750412	4,663307129	1,00787318393169	236,7761934
46211,25684	0,617206097	4,662905762	1,00769418393169	236,7558143
46221,25684	0,616937876	4,66166748	1,00771076093169	236,6929414
46231,25684	0,616699457	4,659453125	1,00758065493169	236,580509
46241,25684	0,616699457	4,659138184	1,00776263593169	236,5645181
46251,25684	0,616759062	4,655988281	1,00775863093169	236,404584
46261,25684	0,617176294	4,658976563	1,00771653493169	236,5563119
46271,25684	0,616431236	4,653297363	1,00766559193169	236,2679545
46281,25684	0,616431236	4,656124023	1,00780780493169	236,4114762
46291,25684	0,61699748	4,659057129	1,00780286893169	236,5604026
46301,25684	0,616371632	4,654190918	1,00779029593169	236,3133241
46311,25684	0,616461039	4,65457959	1,00767090093169	236,3330586
46321,25684	0,616103411	4,651448242	1,00777818893169	236,1740666
46331,25684	0,616580248	4,653930176	1,00784533693169	236,3000851
46341,25684	0,616848469	4,654658691	1,00773432393169	236,337075
46351,25684	0,616282225	4,650651855	1,00757553293169	236,1336306
46361,25684	0,616699457	4,654852539	1,00777185593169	236,3469174
46371,25684	0,617086887	4,655731934	1,00785017993169	236,3915681
46381,25684	0,61661005	4,653149902	1,00775779293169	236,2604672
46391,25684	0,616431236	4,650454102	1,00785818993169	236,1235898
46401,25684	0,616371632	4,650632324	1,00759807093169	236,132639
46411,25684	0,616669655	4,653398438	1,00762731493169	236,2730864
46421,25684	0,616371632	4,651958496	1,00782317193169	236,1999744
46431,25684	0,617176294	4,65884082	1,00803299893169	236,5494197
46441,25684	0,616788864	4,654007324	1,00772957393169	236,3040022
46451,25684	0,615864992	4,64588623	1,00758978193169	235,8916593
46461,25684	0,616759062	4,652686523	1,00776151793169	236,2369395
46471,25684	0,617355108	4,65808252	1,00775425393169	236,5109175
46481,25684	0,617027283	4,656697754	1,00773357893169	236,440607
46491,25684	0,616759062	4,654480469	1,00776105293169	236,3280258
46501,25684	0,616371632	4,650063965	1,00780854993169	236,1037809
46511,25684	0,617831945	4,662608887	1,00763411293169	236,7407406
46521,25684	0,616759062	4,654851074	1,00765553393169	236,3468431
46531,25684	0,617176294	4,65854541	1,00772091293169	236,5344204
46541,25684	0,616937876	4,65423877	1,00759127293169	236,3157537
46551,25684	0,616788864	4,653938965	1,00765693093169	236,3005313
46561,25684	0,617265701	4,65786084	1,00767434693169	236,4996618
46571,25684	0,616878271	4,656897461	1,00778517393169	236,4507469
46581,25684	0,617831945	4,665703125	1,00784943493169	236,8978484
46591,25684	0,616937876	4,657373535	1,00773646593169	236,4749193
46601,25684	0,617414713	4,659941895	1,00776850293169	236,6053259
46611,25684	0,617444515	4,658715332	1,00778712993169	236,5430481
46621,25684	0,617265701	4,65958252	1,00777399793169	236,5870789
46631,25684	0,618010759	4,665098145	1,00769222793169	236,867131
46641,25684	0,617206097	4,659380371	1,00783956293169	236,576815
46651,25684	0,61711669	4,657736328	1,00780715293169	236,4933398
46661,25684	0,617325306	4,657813477	1,00747467093169	236,497257
46671,25684	0,617444515	4,660468262	1,00780175093169	236,6320519
46681,25684	0,617355108	4,658455078	1,00777707093169	236,5298339
46691,25684	0,617831945	4,663790039	1,00782615193169	236,8007128
46701,25684	0,616788864	4,656678711	1,00797488393169	236,4396401
46711,25684	0,617027283	4,657806641	1,00777576793169	236,4969099
46721,25684	0,616759062	4,652784668	1,00774466093169	236,2419227
46731,25684	0,616759062	4,652775391	1,00776896893169	236,2414517
46741,25684	0,617086887	4,656572266	1,00763727993169	236,4342354
46751,25684	0,617623329	4,661766113	1,00755793093169	236,6979494
46761,25684	0,616669655	4,654157227	1,00775872393169	236,3116134
46771,25684	0,616937876	4,654608887	1,00788696693169	236,3345462
46781,25684	0,616937876	4,653529785	1,00761986393169	236,2797555
46791,25684	0,617086887	4,655466309	1,00797646793169	236,3780812
46801,25684	0,617265701	4,656875	1,00777530193169	236,4496065
46811,25684	0,617027283	4,654580566	1,00757460193169	236,3331082
46821,25684	0,617206097	4,656382813	1,00777530193169	236,424616
46831,25684	0,617086887	4,657318359	1,00767015593169	236,4721178
46841,25684	0,617623329	4,66353418	1,00782661793169	236,7877217
46851,25684	0,617355108	4,659553711	1,00811793493169	236,5856162
46861,25684	0,617176294	4,657549805	1,00781516193169	236,4838692
46871,25684	0,617623329	4,661744141	1,00766456793169	236,6968337
46881,25684	0,617206097	4,659005371	1,00763141293169	236,5577746
46891,25684	0,617414713	4,660742676	1,00773003993169	236,6459851
46901,25684	0,617086887	4,654925781	1,00784095993169	236,3506363
46911,25684	0,617206097	4,656757813	1,00766456793169	236,4436564
46921,25684	0,61750412	4,66	1,00782410293169	236,6082762
46931,25684	0,617206097	4,659357422	1,00773748993169	236,5756498
46941,25684	0,617355108	4,659168457	1,00784114593169	236,5660552
46951,25684	0,616878271	4,654412109	1,00765152893169	236,3245549
46961,25684	0,617176294	4,658255859	1,00775527793169	236,5197187
46971,25684	0,618010759	4,66471875	1,00781041293169	236,8478675
46981,25684	0,617831945	4,663443848	1,00787839893169	236,7831352
46991,25684	0,61750412	4,660729492	1,00764091193169	236,6453157
47001,25684	0,617414713	4,660374512	1,00784487193169	236,6272918
47011,25684	0,618189573	4,66617334	1,00771541793169	236,9217233
47021,25684	0,617444515	4,660101074	1,00774391593169	236,6134082
47031,25684	0,617593527	4,659369629	1,00770498693169	236,5762696
47041,25684	0,61750412	4,659818359	1,00781674593169	236,5990535
47051,25684	0,617355108	4,658708496	1,00780175093169	236,542701
47061,25684	0,617265701	4,658061523	1,00773041193169	236,5098514
47071,25684	0,61661005	4,651310547	1,00776524393169	236,1670752
47081,25684	0,617414713	4,658440918	1,00767937593169	236,5291149
47091,25684	0,617444515	4,659574219	1,00775742093169	236,5866575
47101,25684	0,616878271	4,655739258	1,00783695493169	236,39194
47111,25684	0,616461039	4,651133789	1,00803495493169	236,1581005
47121,25684	0,616759062	4,652916504	1,00770955093169	236,2486166
47131,25684	0,618100166	4,664932129	1,00784934193169	236,8587016
47141,25684	0,617593527	4,658121582	1,00775360193169	236,5129008
47151,25684	0,618070364	4,664098633	1,00771141293169	236,8163815
47161,25684	0,616580248	4,650239258	1,00780650093169	236,1126813
47171,25684	0,617176294	4,654342285	1,00779839893169	236,3210097
47181,25684	0,616252422	4,647776855	1,00773944593169	235,9876545
47191,25684	0,617593527	4,658592285	1,00745753493169	236,5368005
47201,25684	0,617176294	4,653775879	1,00777586093169	236,2922508
47211,25684	0,616937876	4,654599609	1,00775006293169	236,3340751
47221,25684	0,617921352	4,662205566	1,00787374293169	236,7202623
47231,25684	0,617921352	4,660936523	1,00789022693169	236,6558275
47241,25684	0,617742538	4,661841309	1,00773236793169	236,7017674
47251,25684	0,61711669	4,654365234	1,00778778193169	236,3221749
47261,25684	0,617265701	4,653556152	1,00783807293169	236,2810943
47271,25684	0,616848469	4,653919434	1,00763169193169	236,2995397
47281,25684	0,616848469	4,650569824	1,00781572093169	236,1294656
47291,25684	0,617206097	4,654604492	1,00789423193169	236,334323
47301,25684	0,617444515	4,656009766	1,00778228693169	236,4056748
47311,25684	0,617414713	4,655796875	1,00777027293169	236,3948654
47321,25684	0,617265701	4,655476563	1,00775956293169	236,3786018
47331,25684	0,617265701	4,654922363	1,00787513993169	236,3504627
47341,25684	0,616878271	4,651279297	1,00776868993169	236,1654885
47351,25684	0,616759062	4,646597168	1,00776701293169	235,9277567
47361,25684	0,616759062	4,65017041	1,00780771193169	236,1091856
47371,25684	0,616431236	4,647489746	1,00779290393169	235,9730767
47381,25684	0,615954399	4,642517578	1,00778936493169	235,7206183
47391,25684	0,616669655	4,649792969	1,00787374293169	236,0900213
47401,25684	0,617623329	4,657086914	1,00789525593169	236,4603663
47411,25684	0,617176294	4,654316895	1,00771737393169	236,3197205
47421,25684	0,616371632	4,646970215	1,00770861893169	235,9466979
47431,25684	0,61583519	4,64292334	1,00777846793169	235,7412206
47441,25684	0,617027283	4,653622559	1,00776421893169	236,284466
47451,25684	0,616252422	4,647902344	1,00783192593169	235,9940261
47461,25684	0,616431236	4,649788086	1,00780538393169	236,0897733
47471,25684	0,616014004	4,645095215	1,00776002793169	235,8514961
47481,25684	0,617414713	4,657874512	1,00767974793169	236,500356
47491,25684	0,616282225	4,651623535	1,00785884193169	236,182967
47501,25684	0,615864992	4,646086914	1,00767462593169	235,9018489
47511,25684	0,615954399	4,646719238	1,00780705993169	235,9339547
47521,25684	0,615596771	4,642942871	1,00773059793169	235,7422123
47531,25684	0,615358353	4,64237793	1,00778591893169	235,7135278
47541,25684	0,616431236	4,64719043	1,00769865393169	235,9578791
47551,25684	0,616669655	4,654645996	1,00781804993169	236,3364304
47561,25684	0,615358353	4,64267627	1,00764677893169	235,7286758
47571,25684	0,615537167	4,641720215	1,00777641893169	235,6801328
47581,25684	0,616282225	4,650106934	1,00791630393169	236,1059626
47591,25684	0,615715981	4,643209961	1,00772063293169	235,7557736
47601,25684	0,616282225	4,648114746	1,00777707093169	236,0048107
47611,25684	0,616341829	4,649898438	1,00782633793169	236,0953764
47621,25684	0,616192818	4,646770996	1,00781227493169	235,9365827
47631,25684	0,615537167	4,642838379	1,00772864293169	235,7369068
47641,25684	0,616699457	4,652677734	1,00777902693169	236,2364932
47651,25684	0,616103411	4,648949219	1,00778340393169	236,0471804
47661,25684	0,616431236	4,651816895	1,00786917893169	236,1927847
47671,25684	0,616133213	4,650881836	1,00784766593169	236,1453077
47681,25684	0,616878271	4,654186523	1,00768077293169	236,313101
47691,25684	0,61583519	4,645469238	1,00783378893169	235,8704868
47701,25684	0,616431236	4,650052734	1,00780026093169	236,1032107
47711,25684	0,615626574	4,643966797	1,00773059793169	235,7942014
47721,25684	0,615298748	4,641247559	1,00790475593169	235,656134
47731,25684	0,615954399	4,646730957	1,00809707393169	235,9345497
47741,25684	0,615596771	4,641935059	1,00774559293169	235,6910413
47751,25684	0,615775585	4,644439941	1,00788305593169	235,818225
47761,25684	0,61583519	4,645370117	1,00781301993169	235,865454
47771,25684	0,616341829	4,651320313	1,00789469693169	236,1675711
47781,25684	0,615864992	4,646733887	1,00776133193169	235,9346985
47791,25684	0,61661005	4,651785156	1,00790577993169	236,1911732
47801,25684	0,616133213	4,648330078	1,00788026193169	236,015744
47811,25684	0,61661005	4,651999023	1,00764482393169	236,2020322
47821,25684	0,615686178	4,644393066	1,00786116993169	235,815845
47831,25684	0,616341829	4,64951416	1,00789506993169	236,0758649
47841,25684	0,615954399	4,648405273	1,00791434793169	236,019562
47851,25684	0,616520643	4,653069336	1,00793604793169	236,2563765
47861,25684	0,616669655	4,652652832	1,00774941093169	236,2352288
47871,25684	0,616371632	4,651446777	1,00767313593169	236,1739922
47881,25684	0,617206097	4,661724609	1,00807444293169	236,6958421
47891,25684	0,617444515	4,66167627	1,00791025093169	236,6933876
47901,25684	0,616937876	4,656825195	1,00792384793169	236,4470777
47911,25684	0,616133213	4,647763672	1,00771150593169	235,9869851
47921,25684	0,615864992	4,644160156	1,00782056393169	235,8040191
47931,25684	0,615864992	4,646317383	1,00770358993169	235,9135508
47941,25684	0,616341829	4,651586914	1,00773953893169	236,1811076
47951,25684	0,616699457	4,652301758	1,00772063293169	236,2174033
47961,25684	0,616788864	4,653807129	1,00792291693169	236,2938375
47971,25684	0,616461039	4,652889648	1,00785576793169	236,247253
47981,25684	0,616848469	4,655491699	1,00774587193169	236,3793704
47991,25684	0,616848469	4,657907715	1,00797292893169	236,5020419
48001,25684	0,616431236	4,652081055	1,00781497593169	236,2061972
48011,25684	0,61711669	4,65748584	1,00773674493169	236,4806215
48021,25684	0,616371632	4,652032227	1,00777343893169	236,203718
48031,25684	0,616371632	4,651322754	1,00784170493169	236,167695
48041,25684	0,617325306	4,658994629	1,00777967893169	236,5572292
48051,25684	0,617176294	4,657684082	1,00773776993169	236,4906871
48061,25684	0,615715981	4,644428711	1,00776822393169	235,8176548
48071,25684	0,616341829	4,650111328	1,00791499993169	236,1061857
48081,25684	0,616431236	4,650647461	1,00789423193169	236,1334075
48091,25684	0,61661005	4,651188477	1,00779849193169	236,1608772
48101,25684	0,615686178	4,642244141	1,00776505693169	235,7067347
48111,25684	0,616252422	4,646520996	1,00767425293169	235,9238891
48121,25684	0,615715981	4,644629395	1,00775825893169	235,8278444
48131,25684	0,616133213	4,648418457	1,00772743193169	236,0202314
48141,25684	0,616937876	4,655873047	1,00773031893169	236,398733
48151,25684	0,616848469	4,653430664	1,00775425393169	236,2747227
48161,25684	0,617176294	4,657916992	1,00788454593169	236,5025129
48171,25684	0,61661005	4,651240723	1,00791332393169	236,16353
48181,25684	0,617325306	4,657895996	1,00778582593169	236,5014469
48191,25684	0,616043806	4,646045898	1,00766577793169	235,8997664
48201,25684	0,61711669	4,655591797	1,00776626793169	236,3844527
48211,25684	0,616848469	4,653289063	1,00759732593169	236,267533
48221,25684	0,61711669	4,654917969	1,00777166993169	236,3502396
48231,25684	0,617027283	4,654753418	1,00785120493169	236,3418846
48241,25684	0,617176294	4,656372559	1,00778712993169	236,4240954
48251,25684	0,617444515	4,658391602	1,00817027593169	236,5266109
48261,25684	0,616580248	4,649702148	1,00781907393169	236,0854099
48271,25684	0,616759062	4,651255371	1,00783919093169	236,1642737
48281,25684	0,617355108	4,654357422	1,00779551193169	236,3217782
48291,25684	0,616878271	4,652618652	1,00776962093169	236,2334934
48301,25684	0,61711669	4,654749512	1,00772705893169	236,3416863
48311,25684	0,617772341	4,660138672	1,00780230993169	236,6153172
48321,25684	0,616937876	4,653277344	1,00789581493169	236,266938
48331,25684	0,617444515	4,659058594	1,00781460393169	236,560477
48341,25684	0,616848469	4,653282227	1,00782112293169	236,2671859
48351,25684	0,616669655	4,650285156	1,00789665293169	236,1150117
48361,25684	0,616133213	4,646022461	1,00770861893169	235,8985763
48371,25684	0,616461039	4,650424316	1,00765972493169	236,1220775
48381,25684	0,616699457	4,653024414	1,00794442993169	236,2540957
48391,25684	0,616699457	4,65184082	1,00776738593169	236,1939995
48401,25684	0,616192818	4,648119141	1,00770228593169	236,0050338
48411,25684	0,617086887	4,653494141	1,00784049393169	236,2779457
48421,25684	0,616520643	4,648643066	1,00782149493169	236,0316358
48431,25684	0,61699748	4,653527832	1,00777306693169	236,2796564
48441,25684	0,616937876	4,652626465	1,00781776993169	236,2338901
48451,25684	0,617623329	4,663040039	1,00794806193169	236,7626321
48461,25684	0,616878271	4,654542969	1,00790577993169	236,3311992
48471,25684	0,617682934	4,659943359	1,00767732693169	236,6054003
48481,25684	0,617325306	4,657682129	1,00796286993169	236,4905879
48491,25684	0,617414713	4,658186035	1,00798130993169	236,5161734
48501,25684	0,617355108	4,656694336	1,00775043593169	236,4404334
48511,25684	0,617772341	4,661347656	1,00792384793169	236,6767025
48521,25684	0,618100166	4,663269531	1,00779914393169	236,7742844
48531,25684	0,617325306	4,657078613	1,00792347493169	236,4599448
48541,25684	0,61827898	4,666092773	1,00780193793169	236,9176326
48551,25684	0,61711669	4,658901855	1,00772324093169	236,5525187
48561,25684	0,617325306	4,657537598	1,00760151693169	236,4832494
48571,25684	0,617265701	4,656667969	1,00778806093169	236,4390946
48581,25684	0,61699748	4,653907715	1,00778228693169	236,2989446
48591,25684	0,616580248	4,647705078	1,00783295093169	235,9840101
48601,25684	0,617414713	4,657023438	1,00769707093169	236,4571433
48611,25684	0,616878271	4,651569336	1,00788761893169	236,1802151
48621,25684	0,616431236	4,648337891	1,00779132093169	236,0161407
48631,25684	0,616520643	4,650055664	1,00779048193169	236,1033594
48641,25684	0,616759062	4,652472656	1,00788296293169	236,2260805
48651,25684	0,617623329	4,659155762	1,00762647693169	236,5654106
48661,25684	0,617086887	4,654953125	1,00802480293169	236,3520246
48671,25684	0,617593527	4,659168945	1,00785455693169	236,56608
48681,25684	0,617355108	4,658453125	1,00777166993169	236,5297347
48691,25684	0,617325306	4,657026855	1,00773385793169	236,4573169
48701,25684	0,618338585	4,669371582	1,00796398793169	237,0841118
48711,25684	0,616759062	4,655388184	1,00794349893169	236,3741144
48721,25684	0,616759062	4,653441895	1,00776989993169	236,2752929
48731,25684	0,617444515	4,659970215	1,00761185493169	236,6067639
48741,25684	0,616878271	4,653605469	1,00758130693169	236,2835983
48751,25684	0,617206097	4,659439453	1,00770386893169	236,5798148
48761,25684	0,616520643	4,652139648	1,00786442893169	236,2091723
48771,25684	0,616133213	4,649949219	1,00777790993169	236,0979547
48781,25684	0,617027283	4,658298828	1,00769213493169	236,5219004
48791,25684	0,617086887	4,65734082	1,00784021493169	236,4732582
48801,25684	0,616341829	4,651046875	1,00784179793169	236,1536875
48811,25684	0,617206097	4,660063965	1,00796193893169	236,611524
48821,25684	0,616788864	4,657131836	1,00785073893169	236,4626472
48831,25684	0,616788864	4,654985352	1,00769520793169	236,3536609
48841,25684	0,617027283	4,65742627	1,00786340493169	236,4775968
48851,25684	0,616788864	4,657195801	1,00780510393169	236,4658949
48861,25684	0,616520643	4,655764648	1,00789963293169	236,3932292
48871,25684	0,616580248	4,65207959	1,00781953993169	236,2061229
48881,25684	0,616103411	4,648948242	1,00782307893169	236,0471309
48891,25684	0,615715981	4,648200195	1,00774345093169	236,0091493
48901,25684	0,616192818	4,649679199	1,00769371793169	236,0842447
48911,25684	0,616043806	4,649498535	1,00776831693169	236,0750716
48921,25684	0,615864992	4,648700195	1,00768636093169	236,0345364
48931,25684	0,616788864	4,654995117	1,00792943593169	236,3541567
48941,25684	0,616282225	4,650122559	1,00787122793169	236,106756
48951,25684	0,61699748	4,656221191	1,00781432393169	236,4164098
48961,25684	0,616192818	4,64954248	1,00777884093169	236,0773029
48971,25684	0,616580248	4,653777344	1,00767350793169	236,2923251
48981,25684	0,617206097	4,658726563	1,00781469693169	236,5436183
48991,25684	0,616341829	4,651445801	1,00789926093169	236,1739427
49001,25684	0,617176294	4,659487793	1,00807844693169	236,5822693
49011,25684	0,616699457	4,656063965	1,00766773393169	236,4084268
49021,25684	0,616252422	4,652122559	1,00775406793169	236,2083046
49031,25684	0,61699748	4,656270996	1,00780594193169	236,4189386
49041,25684	0,616759062	4,654208008	1,00800738693169	236,3141918
49051,25684	0,615954399	4,646712402	1,00780864293169	235,9336076
49061,25684	0,616103411	4,647882324	1,00782689693169	235,9930096
49071,25684	0,61544776	4,643957031	1,00781981893169	235,7937056
49081,25684	0,616252422	4,649287598	1,00770908493169	236,0643614
49091,25684	0,616282225	4,649220703	1,00774289193169	236,0609649
49101,25684	0,616043806	4,648327637	1,00783257793169	236,01562
49111,25684	0,616133213	4,648758789	1,00763215793169	236,0375115
49121,25684	0,616431236	4,651703125	1,00798335893169	236,1870081
49131,25684	0,615268946	4,640109375	1,00773041193169	235,5983435
49141,25684	0,61544776	4,640958008	1,00768319393169	235,6414322
49151,25684	0,61699748	4,654399414	1,00777287993169	236,3239103
49161,25684	0,616133213	4,648349609	1,00784244993169	236,0167357
49171,25684	0,616282225	4,649400879	1,00779504593169	236,0701132
49181,25684	0,616848469	4,653023926	1,00785036593169	236,2540709
49191,25684	0,616788864	4,652506348	1,00771504493169	236,2277912
49201,25684	0,616103411	4,648708496	1,00775443993169	236,0349579
49211,25684	0,616520643	4,652321777	1,00784505793169	236,2184198
49221,25684	0,616133213	4,647978027	1,00777632593169	235,9978689
49231,25684	0,616699457	4,652984375	1,00785800293169	236,2520627
49241,25684	0,615954399	4,648930664	1,00772603493169	236,0462383
49251,25684	0,617086887	4,65515332	1,00786945893169	236,3621894
49261,25684	0,616699457	4,65396875	1,00779001693169	236,3020437
49271,25684	0,616580248	4,651883301	1,00780528993169	236,1961564
49281,25684	0,616788864	4,653824219	1,00773544093169	236,2947052
49291,25684	0,616937876	4,658050293	1,00783052893169	236,5092812
49301,25684	0,616788864	4,656244629	1,00784850393169	236,4175998
49311,25684	0,617176294	4,657146484	1,00767052793169	236,4633909
49321,25684	0,616848469	4,655547363	1,00770358993169	236,3821967
49331,25684	0,616669655	4,652991211	1,00777073793169	236,2524098
49341,25684	0,61661005	4,651732422	1,00784729293169	236,1884957
49351,25684	0,61699748	4,655085938	1,00765627893169	236,3587681
49361,25684	0,615924597	4,648135742	1,00788519793169	236,0058767
49371,25684	0,616192818	4,647118652	1,00772510393169	235,9542347
49381,25684	0,616252422	4,648510742	1,00776822393169	236,0249171
49391,25684	0,616133213	4,648237305	1,00776868993169	236,0110335
49401,25684	0,616520643	4,651077148	1,00787178693169	236,1552246
49411,25684	0,616043806	4,647207031	1,00773236793169	235,9587221
49421,25684	0,61699748	4,654199707	1,00782196093169	236,3137703
49431,25684	0,616759062	4,651687012	1,00778033093169	236,18619
49441,25684	0,616759062	4,654372559	1,00769157593169	236,3225468
49451,25684	0,617593527	4,66063623	1,00774857293169	236,6405804
49461,25684	0,617027283	4,656549316	1,00782270593169	236,4330701
49471,25684	0,617414713	4,658619141	1,00806186993169	236,538164
49481,25684	0,616699457	4,651923828	1,00785939993169	236,1982142
49491,25684	0,616014004	4,645431641	1,00767369493169	235,8685778
49501,25684	0,616461039	4,651184082	1,00762731493169	236,1606541
49511,25684	0,617206097	4,657695313	1,00784319493169	236,4912573
49521,25684	0,617086887	4,655509277	1,00785120493169	236,3802629
49531,25684	0,616759062	4,653270996	1,00785688593169	236,2666157
49541,25684	0,617444515	4,660435547	1,00781972593169	236,6303908
49551,25684	0,616192818	4,648981934	1,00774531293169	236,0488415
49561,25684	0,616461039	4,651690918	1,00788054093169	236,1863883
49571,25684	0,616192818	4,648641602	1,00765404393169	236,0315614
49581,25684	0,616461039	4,651458008	1,00776002793169	236,1745625
49591,25684	0,615686178	4,643924316	1,00766456793169	235,7920445
49601,25684	0,616669655	4,652604004	1,00785958693169	236,2327496
49611,25684	0,616192818	4,649004395	1,00774875893169	236,049982
49621,25684	0,617086887	4,654322266	1,00775565093169	236,3199932
49631,25684	0,616252422	4,648993652	1,00792794593169	236,0494365
49641,25684	0,617355108	4,658850586	1,00781767693169	236,5499155
49651,25684	0,617593527	4,662093262	1,00795048393169	236,7145601
49661,25684	0,616937876	4,654370605	1,00777707093169	236,3224476
49671,25684	0,616282225	4,649202637	1,00779150693169	236,0600476
49681,25684	0,616759062	4,65125293	1,00779569793169	236,1641498
49691,25684	0,616431236	4,64898877	1,00785120493169	236,0491886
49701,25684	0,615924597	4,645595703	1,00774242593169	235,876908
49711,25684	0,616133213	4,64695459	1,00770303093169	235,9459045
49721,25684	0,616192818	4,647909668	1,00775220493169	235,994398
49731,25684	0,616848469	4,654858398	1,00768608093169	236,3472149
49741,25684	0,616937876	4,652983887	1,00779569793169	236,2520379
49751,25684	0,617206097	4,657232422	1,00797348693169	236,4677543
49761,25684	0,616878271	4,654162109	1,00770424193169	236,3118614
49771,25684	0,61711669	4,65579541	1,00785055293169	236,3947911
49781,25684	0,61699748	4,652147949	1,00766819993169	236,2095938
49791,25684	0,616371632	4,648967285	1,00778936493169	236,0480977
49801,25684	0,61661005	4,649242676	1,00784272993169	236,0620805
49811,25684	0,616282225	4,648533691	1,00785055293169	236,0260823
49821,25684	0,617414713	4,657948242	1,00792794593169	236,5040996
49831,25684	0,61661005	4,651232422	1,00777576793169	236,1631085
49841,25684	0,617623329	4,657700195	1,00774009793169	236,4915052
49851,25684	0,616788864	4,651350098	1,00767881693169	236,1690834
49861,25684	0,616937876	4,650976563	1,00768542893169	236,1501174
49871,25684	0,616937876	4,651705078	1,00797050693169	236,1871073
49881,25684	0,616937876	4,651148926	1,00780454493169	236,158869
49891,25684	0,61699748	4,652289063	1,00800217193169	236,2167587
49901,25684	0,617176294	4,653743164	1,00772202993169	236,2905897
49911,25684	0,617444515	4,656879395	1,00816077593169	236,4498296
49921,25684	0,617772341	4,659532227	1,00772286793169	236,5845253
49931,25684	0,61711669	4,652930176	1,00778489493169	236,2493108
49941,25684	0,618070364	4,66259668	1,00770284493169	236,7401208
49951,25684	0,617861748	4,660177734	1,00788184493169	236,6173006
49961,25684	0,617325306	4,655645508	1,00768291493169	236,3871799
49971,25684	0,617265701	4,656341797	1,00774838693169	236,4225335
49981,25684	0,617772341	4,658752441	1,00780193793169	236,5449323
49991,25684	0,617533922	4,656583496	1,00796193893169	236,4348056
50001,25684	0,617325306	4,653093262	1,00752580093169	236,2575914
50011,25684	0,617325306	4,654260742	1,00765478893169	236,3168694
50021,25684	0,617444515	4,654605957	1,00781674593169	236,3343974
50031,25684	0,61661005	4,649013184	1,00772026093169	236,0504282
50041,25684	0,616341829	4,645663086	1,00782885293169	235,8803293
50051,25684	0,61711669	4,65103125	1,00761148193169	236,1528941
50061,25684	0,616580248	4,64590918	1,00789264893169	235,8928246
50071,25684	0,617027283	4,650890137	1,00771700093169	236,1457292
50081,25684	0,617176294	4,651941406	1,00775602393169	236,1991067
50091,25684	0,617772341	4,659997559	1,00784095993169	236,6081523
50101,25684	0,617772341	4,659129883	1,00786098393169	236,5640966
50111,25684	0,617027283	4,653157227	1,00769306593169	236,2608391
50121,25684	0,617176294	4,65359668	1,00770386893169	236,2831521
50131,25684	0,617176294	4,653374512	1,00785930693169	236,2718716
50141,25684	0,616788864	4,650792969	1,00771662893169	236,1407956
50151,25684	0,617206097	4,651991699	1,00792589693169	236,2016603
50161,25684	0,617533922	4,655651855	1,00777353193169	236,3875022
50171,25684	0,617742538	4,657119141	1,00783257793169	236,4620026
50181,25684	0,617861748	4,657786621	1,00784403293169	236,4958934
50191,25684	0,61711669	4,65355957	1,00787011093169	236,2812679
50201,25684	0,617951155	4,658472656	1,00773339193169	236,5307264
50211,25684	0,617355108	4,654131348	1,00783080893169	236,3102994
50221,25684	0,617414713	4,655464844	1,00780426593169	236,3780068
50231,25684	0,617951155	4,660165527	1,00780445193169	236,6166807
50241,25684	0,61827898	4,663200195	1,00784952793169	236,7707639
50251,25684	0,61711669	4,653483887	1,00756454393169	236,2774251
50261,25684	0,617951155	4,660736816	1,00777688493169	236,6456876
50271,25684	0,617772341	4,657633301	1,00784505793169	236,4881087
50281,25684	0,618010759	4,661899414	1,00801539693169	236,7047176
50291,25684	0,618845224	4,667524414	1,00784179793169	236,9903231
50301,25684	0,618755817	4,667131836	1,00779243793169	236,9703902
50311,25684	0,617772341	4,659908203	1,00776105293169	236,6036153
50321,25684	0,618100166	4,661936035	1,00787625693169	236,7065771
50331,25684	0,617355108	4,656379395	1,00777269393169	236,4244425
50341,25684	0,616788864	4,647129395	1,00779551193169	235,9547801
50351,25684	0,617593527	4,65540625	1,00787225293169	236,3750317
50361,25684	0,617265701	4,652516113	1,00785139093169	236,228287
50371,25684	0,617533922	4,655566406	1,00784533693169	236,3831636
50381,25684	0,616341829	4,645262695	1,00776207693169	235,8599998
50391,25684	0,617265701	4,653501953	1,00779178593169	236,2783424
50401,25684	0,617593527	4,656354004	1,00782540693169	236,4231533
50411,25684	0,617444515	4,655903809	1,00774987693169	236,4002949
50421,25684	0,617355108	4,6538125	1,00789888793169	236,2941102
50431,25684	0,617265701	4,651891602	1,00765935193169	236,1965779
50441,25684	0,617414713	4,654212402	1,00783239193169	236,3144149
50451,25684	0,616699457	4,649822266	1,00783434793169	236,0915088
50461,25684	0,616580248	4,647805664	1,00771197193169	235,9891172
50471,25684	0,616371632	4,644983887	1,00765627893169	235,8458434
50481,25684	0,616341829	4,645067871	1,00792263693169	235,8501077
50491,25684	0,617206097	4,652644531	1,00778405593169	236,2348074
50501,25684	0,616341829	4,645931641	1,00776105293169	235,893965
50511,25684	0,616103411	4,644487793	1,00779653593169	235,8206546
50521,25684	0,616371632	4,64840625	1,00780556993169	236,0196116
50531,25684	0,617027283	4,653785645	1,00793744493169	236,2927466
50541,25684	0,615924597	4,643356934	1,00782643193169	235,763236
50551,25684	0,616252422	4,643734863	1,00781283393169	235,7824251
50561,25684	0,616788864	4,64960498	1,00768673293169	236,0804763
50571,25684	0,615686178	4,639604004	1,00770601093169	235,5726836
50581,25684	0,61544776	4,638519531	1,00786414993169	235,5176203
50591,25684	0,615715981	4,640813965	1,00773367193169	235,6341186
50601,25684	0,615775585	4,63968457	1,00781534893169	235,5767743
50611,25684	0,615537167	4,63815332	1,00798587393169	235,4990262
50621,25684	0,616014004	4,643073242	1,00780603593169	235,7488318
50631,25684	0,61661005	4,650562988	1,00783611693169	236,1291185
50641,25684	0,615268946	4,634133789	1,00765422993169	235,2949372
50651,25684	0,615954399	4,643289063	1,00788761893169	235,7597899
50661,25684	0,616461039	4,647069336	1,00804324293169	235,9517307
50671,25684	0,616252422	4,645355957	1,00788361493169	235,8647351
50681,25684	0,61583519	4,641227051	1,00774661693169	235,6550927
50691,25684	0,61583519	4,641904297	1,00797581593169	235,6894794
50701,25684	0,615596771	4,642390625	1,00784179793169	235,7141724
50711,25684	0,616282225	4,646263672	1,00758242493169	235,9108237
50721,25684	0,616878271	4,651483398	1,00788724693169	236,1758517
50731,25684	0,61583519	4,642304199	1,00782112293169	235,7097842
50741,25684	0,616103411	4,642874512	1,00766857193169	235,7387414
50751,25684	0,616252422	4,644922363	1,00776086593169	235,8427196
50761,25684	0,615596771	4,63954834	1,00780035393169	235,5698573
50771,25684	0,615596771	4,64059668	1,00789423193169	235,623086
50781,25684	0,616133213	4,644069336	1,00768272793169	235,7994078
50791,25684	0,615924597	4,644829102	1,00777213493169	235,8379843
50801,25684	0,616133213	4,647235352	1,00771299593169	235,96016
50811,25684	0,61583519	4,644890625	1,00775201893169	235,8411081
50821,25684	0,616431236	4,651726074	1,00786061093169	236,1881734
50831,25684	0,615775585	4,644269043	1,00770535993169	235,8095478
50841,25684	0,616341829	4,65005957	1,00787728193169	236,1035578
50851,25684	0,616759062	4,650984375	1,00783080893169	236,1505141
50861,25684	0,616043806	4,646796875	1,00767220393169	235,9378967
50871,25684	0,616848469	4,652236816	1,00775946893169	236,2141059
50881,25684	0,617265701	4,658928711	1,00778349793169	236,5538823
50891,25684	0,616461039	4,65378418	1,00767248393169	236,2926722
50901,25684	0,616461039	4,652122559	1,00780929493169	236,2083046
50911,25684	0,615954399	4,647460938	1,00771001593169	235,971614
50921,25684	0,616014004	4,648507324	1,00776682693169	236,0247436
50931,25684	0,616133213	4,648032227	1,00778573293169	236,0006208
50941,25684	0,616669655	4,652129883	1,00784068093169	236,2086765
50951,25684	0,615924597	4,646494141	1,00781851493169	235,9225255
50961,25684	0,616103411	4,645384277	1,00780910893169	235,866173
50971,25684	0,615924597	4,644699707	1,00782494093169	235,8314144
50981,25684	0,615686178	4,639444824	1,00767108693169	235,5646014
50991,25684	0,615864992	4,639710938	1,00781348593169	235,5781131
51001,25684	0,616341829	4,646737793	1,00762349593169	235,9348968
51011,25684	0,61699748	4,651571289	1,00765450893169	236,1803142
51021,25684	0,616461039	4,647879395	1,00782112293169	235,9928609
51031,25684	0,616669655	4,650461914	1,00775909693169	236,1239865
51041,25684	0,616371632	4,647350586	1,00781590793169	235,966011
51051,25684	0,616252422	4,646560059	1,00782419593169	235,9258725
51061,25684	0,616580248	4,649036621	1,00782969093169	236,0516182
51071,25684	0,617206097	4,653671875	1,00778917893169	236,28697
51081,25684	0,616520643	4,649053711	1,00774764193169	236,052486
51091,25684	0,615924597	4,643161621	1,00774615093169	235,7533192
51101,25684	0,616788864	4,649585938	1,00772622093169	236,0795094
51111,25684	0,616252422	4,645535645	1,00784095993169	235,8738586
51121,25684	0,61583519	4,639932129	1,00782354393169	235,5893439
51131,25684	0,616371632	4,644314453	1,00759164493169	235,8118534
51141,25684	0,616461039	4,646278809	1,00779439393169	235,9115922
51151,25684	0,616192818	4,644438477	1,00786964493169	235,8181506
51161,25684	0,615954399	4,64176416	1,00785437093169	235,6823641
51171,25684	0,616103411	4,642856934	1,00771960893169	235,7378489
51181,25684	0,615298748	4,636260254	1,00769232093169	235,402907
51191,25684	0,616103411	4,643422852	1,00784198493169	235,766583
51201,25684	0,615626574	4,640357422	1,00765422993169	235,6109379
51211,25684	0,616580248	4,646633789	1,00770601093169	235,9296161
51221,25684	0,616669655	4,650335938	1,00769939893169	236,1175901
51231,25684	0,616341829	4,648237793	1,00780752593169	236,0110583
51241,25684	0,616788864	4,651540527	1,00789730493169	236,1787523
51251,25684	0,616103411	4,644243652	1,00767239093169	235,8082586
51261,25684	0,616252422	4,644240723	1,00760989893169	235,8081098
51271,25684	0,616520643	4,647296387	1,00753865293169	235,963259
51281,25684	0,616669655	4,649916016	1,00763802493169	236,0962689
51291,25684	0,617325306	4,654251465	1,00782531393169	236,3163983
51301,25684	0,61711669	4,653525879	1,00787634993169	236,2795572
51311,25684	0,616520643	4,650793457	1,00776459193169	236,1408204
51321,25684	0,61711669	4,654484863	1,00791350993169	236,328249
51331,25684	0,615864992	4,642961426	1,00775891093169	235,7431544
51341,25684	0,616431236	4,647996094	1,00771727993169	235,9987862
51351,25684	0,615715981	4,63886377	1,00773870093169	235,5350987
51361,25684	0,616699457	4,64954541	1,00792468593169	236,0774516
51371,25684	0,616520643	4,649306152	1,00788761893169	236,0653035
51381,25684	0,617086887	4,653976074	1,00772519693169	236,3024155
51391,25684	0,616937876	4,651635254	1,00797516393169	236,183562
51401,25684	0,616848469	4,651115723	1,00779392793169	236,1571832
51411,25684	0,617742538	4,658824219	1,00776850293169	236,5485767
51421,25684	0,61661005	4,650468262	1,00786433593169	236,1243088
51431,25684	0,616788864	4,652544922	1,00777744393169	236,2297498
51441,25684	0,616431236	4,644963379	1,00773329893169	235,8448022
51451,25684	0,616371632	4,647894531	1,00777669893169	235,9936294
51461,25684	0,616788864	4,649666504	1,00781907393169	236,0836001
51471,25684	0,61661005	4,649540527	1,00782233393169	236,0772037
51481,25684	0,616759062	4,649512207	1,00774223993169	236,0757658
51491,25684	0,61750412	4,655832031	1,00771988793169	236,3966505
51501,25684	0,617623329	4,660561035	1,00779988893169	236,6367624
51511,25684	0,618427992	4,668812988	1,00786340493169	237,0557496
51521,25684	0,61750412	4,659475098	1,00785921393169	236,5816247
51531,25684	0,616937876	4,651797852	1,00761306593169	236,1918178
51541,25684	0,61750412	4,657896484	1,00791872593169	236,5014717
51551,25684	0,617682934	4,657954102	1,00776393993169	236,5043971
51561,25684	0,617414713	4,659044434	1,00774866593169	236,559758
51571,25684	0,617325306	4,656995117	1,00789590793169	236,4557054
51581,25684	0,617742538	4,659596191	1,00765888693169	236,5877731
51591,25684	0,61750412	4,657267578	1,00784794493169	236,4695394
51601,25684	0,617831945	4,659726074	1,00776049393169	236,5943678
51611,25684	0,61750412	4,657394043	1,00767034193169	236,4759605
51621,25684	0,616937876	4,651631348	1,00771700093169	236,1833637
51631,25684	0,616520643	4,647858398	1,00772724593169	235,9917948
51641,25684	0,617414713	4,654377441	1,00770815393169	236,3227947
51651,25684	0,618010759	4,659530762	1,00787839893169	236,584451
51661,25684	0,617623329	4,656834961	1,00777995893169	236,4475735
51671,25684	0,617682934	4,656135254	1,00781292693169	236,4120464
51681,25684	0,617355108	4,653377441	1,00763215793169	236,2720204
51691,25684	0,617533922	4,657239258	1,00786675793169	236,4681014
51701,25684	0,617414713	4,657180664	1,00791509293169	236,4651264
51711,25684	0,618100166	4,660848145	1,00771169293169	236,6513402
51721,25684	0,617623329	4,657611816	1,00776431193169	236,4870178
51731,25684	0,617533922	4,658595703	1,00768934093169	236,536974
51741,25684	0,616937876	4,651098145	1,00777846793169	236,1562907
51751,25684	0,617742538	4,655924805	1,00782419593169	236,401361
51761,25684	0,617325306	4,653141602	1,00789385893169	236,2600458
51771,25684	0,617206097	4,652864258	1,00764659293169	236,2459638
51781,25684	0,617742538	4,660081055	1,00769809493169	236,6123917
51791,25684	0,617355108	4,654947266	1,00777632593169	236,3517271
51801,25684	0,618159771	4,661466309	1,00792245093169	236,682727
51811,25684	0,616669655	4,647557129	1,00756761693169	235,976498
51821,25684	0,61699748	4,651260254	1,00771765293169	236,1645217
51831,25684	0,617533922	4,65395166	1,00768496393169	236,3011759
51841,25684	0,617206097	4,651700195	1,00779970293169	236,1868594
51851,25684	0,617086887	4,652374023	1,00768058593169	236,2210725
51861,25684	0,61750412	4,655463867	1,00793045993169	236,3779572
51871,25684	0,617772341	4,65795459	1,00782903893169	236,5044219
51881,25684	0,616937876	4,650455566	1,00772500993169	236,1236642
51891,25684	0,617921352	4,657765625	1,00796715393169	236,4948274
51901,25684	0,616788864	4,649753906	1,00767220393169	236,0880379
51911,25684	0,616371632	4,644186523	1,00772063293169	235,8053579
51921,25684	0,617921352	4,659923828	1,00793204293169	236,6044086
51931,25684	0,618070364	4,659873535	1,00780678093169	236,601855
51941,25684	0,617206097	4,651221191	1,00779197293169	236,1625383
51951,25684	0,617086887	4,650834473	1,00778712993169	236,1429029
51961,25684	0,617772341	4,656506348	1,00784095993169	236,4308884
51971,25684	0,617533922	4,653650391	1,00777446393169	236,2858792
51981,25684	0,617265701	4,652637207	1,00769157593169	236,2344355
51991,25684	0,617742538	4,655362305	1,00776310193169	236,3728004
52001,25684	0,617086887	4,650510742	1,00774456793169	236,1264657
52011,25684	0,617325306	4,650253418	1,00778088993169	236,1134003
52021,25684	0,61699748	4,646820313	1,00774289193169	235,9390867
52031,25684	0,617086887	4,64937793	1,00772463793169	236,0689479
52041,25684	0,616878271	4,648549805	1,00778126193169	236,0269005
52051,25684	0,616937876	4,648754883	1,00779439393169	236,0373132
52061,25684	0,617623329	4,655068359	1,00782233393169	236,3578756
52071,25684	0,617206097	4,652671875	1,00771998093169	236,2361957
52081,25684	0,616848469	4,647821777	1,00784952793169	235,9899354
52091,25684	0,617861748	4,658265137	1,00787439493169	236,5201897
52101,25684	0,617921352	4,657833008	1,00781991193169	236,4982487
52111,25684	0,617951155	4,659143066	1,00775425393169	236,564766
52121,25684	0,617831945	4,658353027	1,00788212493169	236,5246523
52131,25684	0,617682934	4,656491699	1,00763215793169	236,4301447
52141,25684	0,617682934	4,656740234	1,00782726993169	236,4427639
52151,25684	0,617444515	4,652631348	1,00785781693169	236,234138
52161,25684	0,617206097	4,653157227	1,00765860693169	236,2608391
52171,25684	0,616788864	4,650130371	1,00780426593169	236,1071526
52181,25684	0,617176294	4,650526367	1,00780119293169	236,1272591
52191,25684	0,61750412	4,65304541	1,00770619793169	236,2551617
52201,25684	0,617444515	4,655127441	1,00782093693169	236,3608754
52211,25684	0,617206097	4,652508301	1,00791947093169	236,2278904
52221,25684	0,616520643	4,645419434	1,00780948093169	235,867958
52231,25684	0,61750412	4,65492627	1,00787560493169	236,3506611
52241,25684	0,618249178	4,661237305	1,00788100693169	236,6710995
52251,25684	0,617861748	4,659643066	1,00802955293169	236,5901532
52261,25684	0,61827898	4,662455078	1,00777213493169	236,7329311
52271,25684	0,618517399	4,66258252	1,00788165893169	236,7394019
52281,25684	0,617176294	4,652239746	1,00769595293169	236,2142547
52291,25684	0,616759062	4,647965332	1,00776505693169	235,9972243
52301,25684	0,617206097	4,65076123	1,00789637393169	236,1391841
52311,25684	0,617533922	4,653010742	1,00772929493169	236,2534015
52321,25684	0,617086887	4,648349609	1,00794564093169	236,0167357
52331,25684	0,617742538	4,655411133	1,00780296193169	236,3752797
52341,25684	0,617533922	4,652091309	1,00768524293169	236,2067179
52351,25684	0,616937876	4,648652832	1,00783071593169	236,0321316
52361,25684	0,617325306	4,652035645	1,00757059693169	236,2038916
52371,25684	0,617593527	4,653556152	1,00758326293169	236,2810943
52381,25684	0,617742538	4,655152344	1,00790317193169	236,3621398
52391,25684	0,617682934	4,653734863	1,00789926093169	236,2901682
52401,25684	0,618070364	4,65816748	1,00767490493169	236,5152313
52411,25684	0,617951155	4,659666016	1,00776962093169	236,5913184
52421,25684	0,618487597	4,66269873	1,00768012093169	236,7453024
52431,25684	0,617623329	4,655820313	1,00774242593169	236,3960555
52441,25684	0,617593527	4,655808105	1,00761027193169	236,3954357
52451,25684	0,61711669	4,651687012	1,00790279993169	236,18619
52461,25684	0,616878271	4,648038086	1,00772519693169	236,0009183
52471,25684	0,617086887	4,650008301	1,00774093593169	236,1009546
52481,25684	0,617355108	4,651183105	1,00790848093169	236,1606045
52491,25684	0,61699748	4,648899414	1,00782279893169	236,0446516
52501,25684	0,617593527	4,653747559	1,00766372893169	236,2908128
52511,25684	0,617593527	4,654303223	1,00767350793169	236,3190263
52521,25684	0,617533922	4,657257813	1,00775201893169	236,4690435
52531,25684	0,618517399	4,666181152	1,00784943493169	236,9221199
52541,25684	0,61827898	4,663242676	1,00771821193169	236,7729208
52551,25684	0,61699748	4,650455566	1,00750056193169	236,1236642
52561,25684	0,61699748	4,651687988	1,00792161293169	236,1862396
52571,25684	0,617593527	4,655353027	1,00767956193169	236,3723294
52581,25684	0,617772341	4,657323242	1,00774819993169	236,4723657
52591,25684	0,617951155	4,657953613	1,00777595393169	236,5043723
52601,25684	0,617921352	4,657374023	1,00784598893169	236,4749441
52611,25684	0,617593527	4,655306641	1,00774009793169	236,3699741
52621,25684	0,618159771	4,66087207	1,00782177493169	236,652555
52631,25684	0,617742538	4,656113281	1,00771178593169	236,4109308
52641,25684	0,618487597	4,662895508	1,00794750293169	236,7552936
52651,25684	0,617414713	4,651631348	1,00776189093169	236,1833637
52661,25684	0,617951155	4,657480469	1,00784058793169	236,4803488
52671,25684	0,616878271	4,648493164	1,00764873493169	236,0240246
52681,25684	0,618249178	4,66007959	1,00781283393169	236,6123173
52691,25684	0,617951155	4,658373047	1,00771262393169	236,5256688
52701,25684	0,616937876	4,649132813	1,00764109793169	236,0565023
52711,25684	0,61711669	4,649192871	1,00769623293169	236,0595517
52721,25684	0,618427992	4,660652832	1,00778079693169	236,6414233
52731,25684	0,617444515	4,654384277	1,00783984293169	236,3231418
52741,25684	0,617444515	4,651201172	1,00784393993169	236,1615218
52751,25684	0,617355108	4,652268066	1,00773776993169	236,2156926
52761,25684	0,617444515	4,652040527	1,00764044593169	236,2041395
52771,25684	0,616878271	4,647285645	1,00773711793169	235,9627136
52781,25684	0,617951155	4,655367188	1,00796594393169	236,3730484
52791,25684	0,61750412	4,653888672	1,00792030893169	236,2979778
52801,25684	0,617742538	4,655485352	1,00785092493169	236,3790481
52811,25684	0,617623329	4,655455078	1,00797451193169	236,3775109
52821,25684	0,617772341	4,65621582	1,00775285693169	236,4161371
52831,25684	0,618696213	4,664364258	1,00785576793169	236,8298684
52841,25684	0,618159771	4,657256348	1,00778060993169	236,4689692
52851,25684	0,618010759	4,657117676	1,00758428793169	236,4619282
52861,25684	0,61699748	4,648845703	1,00772845593169	236,0419245
52871,25684	0,617414713	4,651224609	1,00775714093169	236,1627118
52881,25684	0,617951155	4,657702637	1,00782410293169	236,4916292
52891,25684	0,617414713	4,654740723	1,00781311393169	236,34124
52901,25684	0,617831945	4,655333008	1,00790363793169	236,3713129
52911,25684	0,617861748	4,65653418	1,00772594193169	236,4323016
52921,25684	0,617355108	4,651939941	1,00794657193169	236,1990323
52931,25684	0,616848469	4,64853125	1,00779681493169	236,0259584
52941,25684	0,61699748	4,649669922	1,00774596493169	236,0837736
52951,25684	0,618010759	4,656190918	1,00766987593169	236,4148727
52961,25684	0,617623329	4,65672168	1,00764212293169	236,4418218
52971,25684	0,617861748	4,657720215	1,00769800193169	236,4925217
52981,25684	0,618159771	4,660089844	1,00783593093169	236,612838
52991,25684	0,617355108	4,654053711	1,00788622193169	236,3063575
53001,25684	0,617623329	4,657916504	1,00769548793169	236,5024881
53011,25684	0,617742538	4,657395996	1,00801455893169	236,4760597
53021,25684	0,616520643	4,646316895	1,00772277493169	235,913526
53031,25684	0,61661005	4,647077637	1,00777287993169	235,9521522
53041,25684	0,617593527	4,657202148	1,00779672193169	236,4662172
53051,25684	0,617623329	4,658469727	1,00785800293169	236,5305776
53061,25684	0,616759062	4,647159668	1,00787625693169	235,9563172
53071,25684	0,616759062	4,649834473	1,00790047193169	236,0921286
53081,25684	0,617086887	4,651758789	1,00781618693169	236,1898344
53091,25684	0,615954399	4,641454102	1,00782233393169	235,666621
53101,25684	0,616699457	4,648496582	1,00765134293169	236,0241981
53111,25684	0,616043806	4,642617676	1,00771783893169	235,7257007
53121,25684	0,616371632	4,64467334	1,00768095893169	235,8300756
53131,25684	0,616103411	4,644021484	1,00785921393169	235,7969781
53141,25684	0,616431236	4,645306152	1,00769120293169	235,8622063
53151,25684	0,616282225	4,644222656	1,00773199493169	235,8071925
53161,25684	0,615775585	4,640253418	1,00769334593169	235,6056572
53171,25684	0,616252422	4,643490723	1,00786955193169	235,7700291
53181,25684	0,615686178	4,639185547	1,00778778193169	235,5514368
53191,25684	0,616192818	4,645539063	1,00774186693169	235,8740321
53201,25684	0,615298748	4,637483398	1,00769977193169	235,4650113
53211,25684	0,615924597	4,641445313	1,00783388193169	235,6661748
53221,25684	0,61661005	4,648708496	1,00782671093169	236,0349579
53231,25684	0,616341829	4,645398926	1,00777185593169	235,8669168
53241,25684	0,616371632	4,648282715	1,00791565193169	236,0133392
53251,25684	0,615596771	4,641189453	1,00782009893169	235,6531837
53261,25684	0,615596771	4,640420898	1,00776636093169	235,6141609
53271,25684	0,615298748	4,638011719	1,00767285593169	235,4918364
53281,25684	0,615626574	4,640091309	1,00774046993169	235,5974262
53291,25684	0,616520643	4,649050293	1,00770219293169	236,0523124
53301,25684	0,615626574	4,641749512	1,00771811893169	235,6816203
53311,25684	0,616788864	4,650772949	1,00774037693169	236,1397791
53321,25684	0,616192818	4,647046875	1,00787206593169	235,9505903
53331,25684	0,616341829	4,647330078	1,00791919093169	235,9649697
53341,25684	0,616580248	4,650359863	1,00776403293169	236,1188049
53351,25684	0,615596771	4,643620117	1,00782354393169	235,776599
53361,25684	0,615686178	4,643420898	1,00777595393169	235,7664838
53371,25684	0,615596771	4,638447754	1,00764221593169	235,5139758
53381,25684	0,616520643	4,648749512	1,00781944693169	236,0370405
53391,25684	0,615298748	4,638121094	1,00766410193169	235,4973899
53401,25684	0,616282225	4,646773926	1,00784896993169	235,9367314
53411,25684	0,615686178	4,643324707	1,00773199493169	235,7615997
53421,25684	0,616520643	4,649413086	1,00775369493169	236,070733
53431,25684	0,615298748	4,638236328	1,00774792093169	235,5032408
53441,25684	0,615507364	4,64278125	1,00782810793169	235,7340061
53451,25684	0,615179539	4,638296875	1,00774065693169	235,5063151
53461,25684	0,615775585	4,640652832	1,00765450893169	235,6259371
53471,25684	0,61494112	4,634369629	1,00779700193169	235,3069119
53481,25684	0,615358353	4,637308594	1,00780109993169	235,4561358
53491,25684	0,61583519	4,641285645	1,00805115993169	235,6580678
53501,25684	0,616133213	4,645112793	1,00773059793169	235,8523886
53511,25684	0,616192818	4,645861328	1,00778172793169	235,8903949
53521,25684	0,616133213	4,644813965	1,00765031793169	235,8372158
53531,25684	0,616461039	4,647489258	1,00768691893169	235,9730519
53541,25684	0,61544776	4,640564941	1,00784133293169	235,6214746
53551,25684	0,616341829	4,647148926	1,00764696593169	235,9557718
53561,25684	0,614851713	4,631874023	1,00771392793169	235,1801992
53571,25684	0,615030527	4,633337402	1,00780715293169	235,2545013
53581,25684	0,615298748	4,637674805	1,00760952593169	235,4747299
53591,25684	0,615090132	4,63632959	1,00779430093169	235,4064275
53601,25684	0,615268946	4,635819824	1,00771606993169	235,3805445
53611,25684	0,615715981	4,640017578	1,00771877093169	235,5936826
53621,25684	0,616133213	4,642742676	1,00778060993169	235,7320475
53631,25684	0,615507364	4,637060547	1,00776608193169	235,4435413
53641,25684	0,615686178	4,638378906	1,00788296293169	235,5104801
53651,25684	0,615388155	4,638300293	1,00776244993169	235,5064886
53661,25684	0,61583519	4,642039063	1,00777111093169	235,696322
53671,25684	0,615298748	4,635930176	1,00763849093169	235,3861475
53681,25684	0,61583519	4,641137695	1,00779551193169	235,6505557
53691,25684	0,615537167	4,637993652	1,00774298493169	235,4909191
53701,25684	0,616043806	4,643015625	1,00773115693169	235,7459063
53711,25684	0,614762306	4,632481934	1,00773823493169	235,2110654
53721,25684	0,615388155	4,638214355	1,00770284493169	235,5021252
53731,25684	0,616133213	4,641445313	1,00761865293169	235,6661748
53741,25684	0,615715981	4,639546875	1,00771541793169	235,5697829
53751,25684	0,615954399	4,642310059	1,00785213593169	235,7100817
53761,25684	0,616341829	4,644852051	1,00789749093169	235,8391496
53771,25684	0,61494112	4,633879395	1,00769055193169	235,2820205
53781,25684	0,615298748	4,636276367	1,00774624493169	235,4037252
53791,25684	0,615924597	4,641611328	1,00771299593169	235,6746041
53801,25684	0,615268946	4,63564209	1,00770386893169	235,3715202
53811,25684	0,615537167	4,635481445	1,00776021393169	235,3633636
53821,25684	0,615268946	4,633134277	1,00766745493169	235,2441877
53831,25684	0,615864992	4,641651855	1,00785995893169	235,6766619
53841,25684	0,615537167	4,638969727	1,00785055293169	235,5404786
53851,25684	0,615864992	4,642957031	1,00779132093169	235,7429313
53861,25684	0,615954399	4,644825195	1,00794508193169	235,837786
53871,25684	0,616669655	4,648765625	1,00788203093169	236,0378586
53881,25684	0,615596771	4,640398926	1,00776701293169	235,6130452
53891,25684	0,615864992	4,641693359	1,00785753793169	235,6787692
53901,25684	0,616043806	4,642828125	1,00766056293169	235,7363861
53911,25684	0,615090132	4,632569824	1,00768580193169	235,215528
53921,25684	0,616192818	4,642516602	1,00770182093169	235,7205688
53931,25684	0,615864992	4,64240918	1,00788063393169	235,7151145
53941,25684	0,616252422	4,643986816	1,00772333393169	235,7952179
53951,25684	0,616282225	4,644446777	1,00762172693169	235,8185721
53961,25684	0,616669655	4,649728027	1,00780594193169	236,0867239
53971,25684	0,616937876	4,651933594	1,00783974893169	236,19871
53981,25684	0,616848469	4,649780273	1,00768077293169	236,0893767
53991,25684	0,616431236	4,646772461	1,00779374193169	235,9366571
54001,25684	0,615864992	4,641927734	1,00777623293169	235,6906694
54011,25684	0,616282225	4,643930664	1,00763634893169	235,7923668
54021,25684	0,616431236	4,649168457	1,00781786293169	236,0583121
54031,25684	0,616282225	4,647749512	1,00777762993169	235,9862661
54041,25684	0,616103411	4,645632324	1,00784570993169	235,8787674
54051,25684	0,616252422	4,644464844	1,00764137793169	235,8194894
54061,25684	0,61699748	4,651348145	1,00776421893169	236,1689842
54071,25684	0,616252422	4,64540918	1,00779243793169	235,8674374
54081,25684	0,61661005	4,648176758	1,00773301993169	236,0079593
54091,25684	0,616371632	4,647125977	1,00776850293169	235,9546066
54101,25684	0,61699748	4,651424805	1,00779970293169	236,1728766
54111,25684	0,615924597	4,64332959	1,00771299593169	235,7618477
54121,25684	0,616282225	4,642892578	1,00785297393169	235,7396587
54131,25684	0,615864992	4,642015625	1,00766717493169	235,695132
54141,25684	0,616103411	4,64275	1,00784133293169	235,7324194
54151,25684	0,616788864	4,648240234	1,00786936493169	236,0111822
54161,25684	0,616252422	4,644500488	1,00763737293169	235,8212992
54171,25684	0,616759062	4,649107422	1,00758913093169	236,0552131
54181,25684	0,616520643	4,648796387	1,00779839893169	236,0394205
54191,25684	0,616341829	4,647052246	1,00774270593169	235,950863
54201,25684	0,616848469	4,652248535	1,00757134193169	236,2147009
54211,25684	0,616788864	4,651749023	1,00782233393169	236,1893386
54221,25684	0,61661005	4,651035156	1,00777073793169	236,1530925
54231,25684	0,616699457	4,649310059	1,00776365993169	236,0655018
54241,25684	0,617265701	4,654891113	1,00769418393169	236,348876
54251,25684	0,61711669	4,654555664	1,00778126193169	236,3318438
54261,25684	0,617325306	4,65487207	1,00772705893169	236,3479091
54271,25684	0,617355108	4,657958496	1,00786498793169	236,5046203
54281,25684	0,616848469	4,654640625	1,00772780393169	236,3361577
54291,25684	0,617086887	4,656357422	1,00778945793169	236,4233268
54301,25684	0,61699748	4,655043945	1,00790643193169	236,356636
54311,25684	0,617593527	4,659384277	1,00783537193169	236,5770133
54321,25684	0,617593527	4,659606934	1,00770126193169	236,5883185
54331,25684	0,617355108	4,659290527	1,00759238993169	236,5722532
54341,25684	0,616520643	4,651926758	1,00787467393169	236,1983629
54351,25684	0,617772341	4,661099609	1,00793092593169	236,6641081
54361,25684	0,617414713	4,657107422	1,00780454493169	236,4614076
54371,25684	0,616282225	4,647182617	1,00774140193169	235,9574825
54381,25684	0,616520643	4,650609375	1,00790661793169	236,1314737
54391,25684	0,617206097	4,656690918	1,00768738493169	236,4402599
54401,25684	0,617355108	4,655844727	1,00779467293169	236,3972951
54411,25684	0,61699748	4,652562988	1,00780035393169	236,2306671
54421,25684	0,616580248	4,650161621	1,00795672393169	236,1087393
54431,25684	0,616878271	4,649779785	1,00772584893169	236,0893519
54441,25684	0,615954399	4,641507324	1,00768077293169	235,6693234
54451,25684	0,616520643	4,645544922	1,00775024893169	235,8743296
54461,25684	0,617593527	4,656537598	1,00768170393169	236,4324751
54471,25684	0,617265701	4,65350293	1,00790345193169	236,278392
54481,25684	0,616371632	4,644591797	1,00767397393169	235,8259354
54491,25684	0,616461039	4,647961426	1,00779253093169	235,9970259
54501,25684	0,616788864	4,649456055	1,00782149493169	236,0729147
54511,25684	0,616937876	4,651588867	1,00766838593169	236,1812068
54521,25684	0,616282225	4,643929688	1,00776868993169	235,7923172
54531,25684	0,616580248	4,646153809	1,00795318493169	235,9052454
54541,25684	0,617682934	4,656292969	1,00812138093169	236,4200543
54551,25684	0,617176294	4,651371094	1,00775034193169	236,1701495
54561,25684	0,61699748	4,653493164	1,00777250793169	236,2778961
54571,25684	0,618100166	4,661683105	1,00775285693169	236,6937347
54581,25684	0,61827898	4,662219727	1,00769697793169	236,7209813
54591,25684	0,617682934	4,656890625	1,00785576793169	236,4503998
54601,25684	0,616520643	4,645041992	1,00779551193169	235,8487937
54611,25684	0,617623329	4,653799316	1,00787607093169	236,2934408
54621,25684	0,617086887	4,650972656	1,00758829193169	236,1499191
54631,25684	0,617176294	4,650916016	1,00779728093169	236,1470432
54641,25684	0,616878271	4,650209473	1,00776719893169	236,111169
54651,25684	0,617027283	4,648958008	1,00790205493169	236,0476267
54661,25684	0,61699748	4,64858252	1,00772826993169	236,0285615
54671,25684	0,617027283	4,647280762	1,00773497593169	235,9624657
54681,25684	0,616848469	4,647775879	1,00783090193169	235,9876049
54691,25684	0,617414713	4,651965332	1,00770405593169	236,2003215
54701,25684	0,617772341	4,656460938	1,00782065693169	236,4285828
54711,25684	0,617414713	4,652588867	1,00777232193169	236,2319811
54721,25684	0,61750412	4,6534375	1,00771765293169	236,2750698
54731,25684	0,61711669	4,650834473	1,00784915593169	236,1429029
54741,25684	0,616937876	4,649808594	1,00766475393169	236,0908146
54751,25684	0,616788864	4,64826709	1,00770759493169	236,0125458
54761,25684	0,61827898	4,660246582	1,00787448793169	236,6207962
54771,25684	0,616848469	4,650463867	1,00765404393169	236,1240857
54781,25684	0,616669655	4,646604004	1,00787392893169	235,9281038
54791,25684	0,61750412	4,655878418	1,00773031893169	236,3990057
54801,25684	0,617265701	4,650842285	1,00775732693169	236,1432996
54811,25684	0,617861748	4,658549316	1,00776654693169	236,5346188
54821,25684	0,617027283	4,652158203	1,00789050593169	236,2101144
54831,25684	0,617682934	4,656162109	1,00780491793169	236,41341
54841,25684	0,618010759	4,658075684	1,00787336993169	236,5105704
54851,25684	0,617414713	4,655243652	1,00773627893169	236,366776
54861,25684	0,616759062	4,647201172	1,00781804993169	235,9584246
54871,25684	0,617265701	4,651080078	1,00785818993169	236,1553733
54881,25684	0,61661005	4,646600586	1,00785837593169	235,9279302
54891,25684	0,617027283	4,650037598	1,00794396393169	236,1024421
54901,25684	0,617265701	4,650719238	1,00791825993169	236,137052
54911,25684	0,617086887	4,649542969	1,00768971293169	236,0773277
54921,25684	0,617027283	4,651506348	1,00784515093169	236,1770169
54931,25684	0,618010759	4,656763672	1,00771262393169	236,4439539
54941,25684	0,616878271	4,647956055	1,00777287993169	235,9967532
54951,25684	0,617533922	4,657025879	1,00793940093169	236,4572673
54961,25684	0,617861748	4,657602051	1,00753278493169	236,486522
54971,25684	0,617355108	4,653389648	1,00776505693169	236,2726402
54981,25684	0,617831945	4,657297852	1,00777204193169	236,4710765
54991,25684	0,617533922	4,654884277	1,00783676893169	236,3485289
55001,25684	0,616699457	4,647885254	1,00774438193169	235,9931584
55011,25684	0,617265701	4,652053223	1,00771904993169	236,2047841
55021,25684	0,617206097	4,652401855	1,00769660493169	236,2224857
55031,25684	0,617623329	4,65559668	1,00772351993169	236,3847007
55041,25684	0,616937876	4,648979492	1,00778806093169	236,0487176
55051,25684	0,61699748	4,647503906	1,00768337993169	235,9737957
55061,25684	0,617265701	4,652177734	1,00775714093169	236,2111061
55071,25684	0,616133213	4,640855469	1,00774708293169	235,6362259
55081,25684	0,617206097	4,651757324	1,00780091293169	236,1897601
55091,25684	0,617355108	4,653807617	1,00785353293169	236,2938623
55101,25684	0,617861748	4,657770508	1,00780594193169	236,4950753
55111,25684	0,617772341	4,656731934	1,00802778293169	236,4423424
55121,25684	0,618159771	4,658878418	1,00783471993169	236,5513287
55131,25684	0,617265701	4,651993652	1,00780426593169	236,2017594
55141,25684	0,617206097	4,650685547	1,00762675593169	236,1353413
55151,25684	0,617921352	4,657836426	1,00790736293169	236,4984222
55161,25684	0,618189573	4,66044873	1,00774922493169	236,6310602
55171,25684	0,617831945	4,656791016	1,00779793293169	236,4453423
55181,25684	0,618159771	4,662120117	1,00779308993169	236,7159237
55191,25684	0,617355108	4,65431543	1,00777576793169	236,3196461
55201,25684	0,617772341	4,656763672	1,00771104093169	236,4439539
55211,25684	0,61750412	4,655504883	1,00766745493169	236,3800397
55221,25684	0,617921352	4,659154785	1,00783658293169	236,565361
55231,25684	0,617623329	4,654815918	1,00781255493169	236,345058
55241,25684	0,617742538	4,657107422	1,00801856293169	236,4614076
55251,25684	0,61750412	4,656569336	1,00770778093169	236,4340866
55261,25684	0,617742538	4,65502002	1,00760933993169	236,3554211
55271,25684	0,617742538	4,657038086	1,00772622093169	236,4578871
55281,25684	0,617414713	4,651663086	1,00774019093169	236,1849752
55291,25684	0,617355108	4,652540039	1,00782913193169	236,2295019
55301,25684	0,617176294	4,649211914	1,00777250793169	236,0605186
55311,25684	0,616878271	4,648114746	1,00780314793169	236,0048107
55321,25684	0,616699457	4,646560547	1,00781059893169	235,9258973
55331,25684	0,617951155	4,658219238	1,00777185593169	236,5178593
55341,25684	0,617325306	4,651823242	1,00786442893169	236,193107
55351,25684	0,618010759	4,658652832	1,00782419593169	236,5398747
55361,25684	0,616878271	4,648336426	1,00772538293169	236,0160663
55371,25684	0,616937876	4,648816895	1,00757078293169	236,0404618
55381,25684	0,61750412	4,651515625	1,00765776893169	236,1774879
55391,25684	0,616878271	4,647634766	1,00778368393169	235,98044
55401,25684	0,617355108	4,651033691	1,00776906193169	236,1530181
55411,25684	0,617176294	4,650368164	1,00776896893169	236,1192264
55421,25684	0,617206097	4,650538574	1,00790140293169	236,1278789
55431,25684	0,618159771	4,65892627	1,00769483593169	236,5537583
55441,25684	0,617861748	4,659025391	1,00772640693169	236,5587911
55451,25684	0,617325306	4,65337207	1,00786554693169	236,2717477
55461,25684	0,618010759	4,659469238	1,00775164593169	236,5813272
55471,25684	0,618100166	4,658691895	1,00766698893169	236,5418581
55481,25684	0,618100166	4,661226563	1,00782205393169	236,6705541
55491,25684	0,61827898	4,66057373	1,00756938593169	236,637407
55501,25684	0,61827898	4,661693848	1,00782354393169	236,6942802
55511,25684	0,617623329	4,655549805	1,00787579193169	236,3823206
55521,25684	0,618487597	4,661849609	1,00802759693169	236,7021888
55531,25684	0,617593527	4,655062988	1,00771057493169	236,3576029
55541,25684	0,617533922	4,655081055	1,00801968093169	236,3585202
55551,25684	0,616848469	4,648625488	1,00751676693169	236,0307432
55561,25684	0,617444515	4,65255957	1,00769576693169	236,2304935
55571,25684	0,617533922	4,654367188	1,00767769893169	236,3222741
55581,25684	0,617742538	4,657229492	1,00773944593169	236,4676056
55591,25684	0,616848469	4,647668457	1,00765432293169	235,9821506
55601,25684	0,616669655	4,64729248	1,00780128593169	235,9630607
55611,25684	0,617206097	4,650666016	1,00787160093169	236,1343496
55621,25684	0,617265701	4,65298291	1,00777548793169	236,2519883
55631,25684	0,617921352	4,658103516	1,00808720193169	236,5119835
55641,25684	0,616937876	4,648395996	1,00778740893169	236,0190909
55651,25684	0,617533922	4,653214355	1,00792421993169	236,2637398
55661,25684	0,617682934	4,654797363	1,00786126293169	236,3441159
55671,25684	0,617414713	4,652478516	1,00784831793169	236,226378
55681,25684	0,617176294	4,651180176	1,00765655793169	236,1604557
55691,25684	0,617086887	4,649521484	1,00753073693169	236,0762368
55701,25684	0,617444515	4,654475098	1,00773981893169	236,3277531
55711,25684	0,617325306	4,653239746	1,00767211093169	236,265029
55721,25684	0,617414713	4,653713379	1,00761325193169	236,2890774
55731,25684	0,617593527	4,654953613	1,00791583793169	236,3520494
55741,25684	0,61699748	4,650964844	1,00783071593169	236,1495224
55751,25684	0,617921352	4,658192871	1,00784896993169	236,5165205
55761,25684	0,616937876	4,649665527	1,00784682693169	236,0835505
55771,25684	0,61711669	4,651712402	1,00781376593169	236,1874792
55781,25684	0,616371632	4,644450195	1,00781152993169	235,8187456
55791,25684	0,617265701	4,653296875	1,00786414993169	236,2679297
55801,25684	0,617533922	4,653451172	1,00771979493169	236,275764
55811,25684	0,617265701	4,652458496	1,00769865393169	236,2253616
55821,25684	0,617027283	4,648584961	1,00766922393169	236,0286855
55831,25684	0,616848469	4,649609863	1,00784403293169	236,0807242
55841,25684	0,617831945	4,657430176	1,00798848193169	236,4777952
55851,25684	0,617444515	4,656538086	1,00780547693169	236,4324999
55861,25684	0,617742538	4,65694043	1,00777008593169	236,4529286
55871,25684	0,617831945	4,657166504	1,00766177393169	236,4644074
55881,25684	0,617265701	4,654227539	1,00782028493169	236,3151835
55891,25684	0,618427992	4,662397461	1,00772957393169	236,7300056
55901,25684	0,618100166	4,662003906	1,00787662993169	236,7100232
55911,25684	0,617623329	4,656178223	1,00774540593169	236,4142281
55921,25684	0,61750412	4,655052246	1,00766950393169	236,3570574
55931,25684	0,618189573	4,661942383	1,00764947993169	236,7068994
55941,25684	0,617355108	4,655994141	1,00774158793169	236,4048815
55951,25684	0,617921352	4,658991211	1,00772594193169	236,5570556
55961,25684	0,616699457	4,648117188	1,00775108793169	236,0049346
55971,25684	0,617027283	4,65101416	1,00770684993169	236,1520264
55981,25684	0,617742538	4,654933594	1,00766540593169	236,3510329
55991,25684	0,617593527	4,655279785	1,00782829393169	236,3686106
56001,25684	0,617951155	4,659806641	1,00775928293169	236,5984585
56011,25684	0,617623329	4,65770752	1,00772519693169	236,4918771
56021,25684	0,617444515	4,654875	1,00776906193169	236,3480579
56031,25684	0,617086887	4,649901855	1,00784636193169	236,0955499
56041,25684	0,617086887	4,650271484	1,00772882893169	236,1143176
56051,25684	0,617533922	4,655227539	1,00774261193169	236,3659578
56061,25684	0,61711669	4,65275293	1,00790326593169	236,2403112
56071,25684	0,617921352	4,656995605	1,00788817793169	236,4557302
56081,25684	0,618010759	4,659217773	1,00785353293169	236,5685592
56091,25684	0,617593527	4,656178711	1,00783146093169	236,4142529
56101,25684	0,617623329	4,655454102	1,00774363693169	236,3774614
56111,25684	0,617921352	4,657652344	1,00770973693169	236,4890756
56121,25684	0,618159771	4,658345703	1,00771979493169	236,5242804
56131,25684	0,616848469	4,649269043	1,00809232393169	236,0634193
56141,25684	0,61750412	4,653489258	1,00782894593169	236,2776978
56151,25684	0,617176294	4,65113916	1,00759471793169	236,1583732
56161,25684	0,617533922	4,65204248	1,00767602293169	236,2042387
56171,25684	0,617265701	4,652325684	1,00800403493169	236,2186181
56181,25684	0,618159771	4,659662109	1,00791174093169	236,59112
56191,25684	0,617593527	4,652947266	1,00782969093169	236,2501785
56201,25684	0,61699748	4,648458984	1,00784170493169	236,0222891
56211,25684	0,617325306	4,651291992	1,00761930493169	236,1661331
56221,25684	0,617682934	4,653509277	1,00776393993169	236,2787143
56231,25684	0,618010759	4,659010742	1,00777055193169	236,5580473
56241,25684	0,61661005	4,64502002	1,00778517393169	235,8476781
56251,25684	0,616580248	4,646236816	1,00788706093169	235,9094601
56261,25684	0,617742538	4,656715332	1,00783155393169	236,4414995
56271,25684	0,617623329	4,655577637	1,00765795493169	236,3837338
56281,25684	0,616580248	4,64634668	1,00765897993169	235,9150383
56291,25684	0,617027283	4,651305176	1,00782317193169	236,1668025
56301,25684	0,616461039	4,643640137	1,00772500993169	235,7776155
56311,25684	0,61661005	4,645052246	1,00775406793169	235,8493143
56321,25684	0,616878271	4,649827637	1,00776123893169	236,0917815
56331,25684	0,616788864	4,64773291	1,00796398793169	235,9854232
56341,25684	0,616580248	4,645260254	1,00780622193169	235,8598758
56351,25684	0,616878271	4,650515625	1,00781274093169	236,1267136
56361,25684	0,617027283	4,650747559	1,00814252193169	236,1384899
56371,25684	0,616580248	4,64771582	1,00775714093169	235,9845555
56381,25684	0,615686178	4,639692383	1,00776924793169	235,577171
56391,25684	0,616043806	4,642777344	1,00798009993169	235,7338078
56401,25684	0,616043806	4,642984863	1,00769138993169	235,7443444
56411,25684	0,616252422	4,643008789	1,00764491693169	235,7455592
56421,25684	0,61661005	4,647942383	1,00773190193169	235,996059
56431,25684	0,616669655	4,649508789	1,00795141493169	236,0755922
56441,25684	0,616341829	4,644930664	1,00792161293169	235,8431411
56451,25684	0,615954399	4,638936523	1,00768598793169	235,5387928
56461,25684	0,616252422	4,643750488	1,00778666393169	235,7832185
56471,25684	0,616431236	4,644526855	1,00801670093169	235,822638
56481,25684	0,616014004	4,641608887	1,00771755993169	235,6744802
56491,25684	0,615954399	4,639545898	1,00789311393169	235,5697334
56501,25684	0,615358353	4,634604004	1,00777818893169	235,3188121
56511,25684	0,61583519	4,636541016	1,00781478993169	235,4171625
56521,25684	0,615596771	4,636401367	1,00776207693169	235,410072
56531,25684	0,616371632	4,642269531	1,00777753693169	235,7080239
56541,25684	0,616282225	4,641849609	1,00764594093169	235,6867027
56551,25684	0,615537167	4,637287598	1,00766633693169	235,4550697
56561,25684	0,616341829	4,643972168	1,00781888793169	235,7944741
56571,25684	0,615775585	4,639350586	1,00781572093169	235,5598165
56581,25684	0,616252422	4,643038574	1,00781050593169	235,7470716
56591,25684	0,615924597	4,639576172	1,00763690693169	235,5712705
56601,25684	0,615686178	4,638978027	1,00769474193169	235,5409001
56611,25684	0,616371632	4,642985352	1,00785958693169	235,7443692
56621,25684	0,616282225	4,64459375	1,00772836293169	235,8260345
56631,25684	0,615715981	4,641450195	1,00764500993169	235,6664227
56641,25684	0,616282225	4,643641602	1,00764221593169	235,7776898
56651,25684	0,615924597	4,640124512	1,00770899193169	235,599112
56661,25684	0,615864992	4,640205078	1,00792952893169	235,6032027
56671,25684	0,615864992	4,643198242	1,00784068093169	235,7551786
56681,25684	0,616043806	4,643134277	1,00776738593169	235,7519308
56691,25684	0,615715981	4,638782715	1,00779355593169	235,5309832
56701,25684	0,615686178	4,637530762	1,00793828293169	235,4674162
56711,25684	0,615924597	4,640015625	1,00774838693169	235,5935834
56721,25684	0,616371632	4,645209473	1,00811253393169	235,8572974
56731,25684	0,616252422	4,643285156	1,00787374293169	235,7595916
56741,25684	0,61699748	4,650563477	1,00781115793169	236,1291433
56751,25684	0,617027283	4,650449219	1,00770796693169	236,1233419
56761,25684	0,616043806	4,642293457	1,00781907393169	235,7092387
56771,25684	0,616580248	4,648205566	1,00779113393169	236,009422
56781,25684	0,616520643	4,646313965	1,00779020293169	235,9133772
56791,25684	0,616788864	4,649995605	1,00779886393169	236,10031
56801,25684	0,616669655	4,648069824	1,00774521993169	236,0025298
56811,25684	0,616133213	4,643720703	1,00800757393169	235,7817062
56821,25684	0,617265701	4,649946777	1,00780575593169	236,0978308
56831,25684	0,616103411	4,642941895	1,00785576793169	235,7421627
56841,25684	0,617355108	4,654707031	1,00777567393169	236,3395294
56851,25684	0,61699748	4,649557129	1,00794266093169	236,0780467
56861,25684	0,616878271	4,649625	1,00772463793169	236,0814928
56871,25684	0,616431236	4,646768555	1,00774428893169	235,9364587
56881,25684	0,617176294	4,651317383	1,00762181993169	236,1674223
56891,25684	0,61661005	4,648249512	1,00762051593169	236,0116533
56901,25684	0,616848469	4,649556641	1,00780473193169	236,0780219
56911,25684	0,616014004	4,641692871	1,00764193693169	235,6787444
56921,25684	0,617176294	4,651569824	1,00799136893169	236,1802399
56931,25684	0,616937876	4,648842285	1,00771327593169	236,041751
56941,25684	0,616937876	4,648567383	1,00771783893169	236,027793
56951,25684	0,616461039	4,646537109	1,00782615193169	235,9247073
56961,25684	0,616848469	4,646736328	1,00772305493169	235,9348224
56971,25684	0,617325306	4,651463867	1,00780836393169	236,17486
56981,25684	0,616371632	4,643308105	1,00754247093169	235,7607568
56991,25684	0,616192818	4,640271484	1,00802144993169	235,6065745
57001,25684	0,617086887	4,649726563	1,00768375293169	236,0866495
57011,25684	0,616520643	4,644909668	1,00772743193169	235,842075
57021,25684	0,616848469	4,647280762	1,00798671193169	235,9624657
57031,25684	0,617027283	4,649350098	1,00781711793169	236,0675348
57041,25684	0,616341829	4,642150879	1,00769893293169	235,7019994
57051,25684	0,617086887	4,648580078	1,00776421893169	236,0284376
57061,25684	0,617086887	4,648411621	1,00788836393169	236,0198843
57071,25684	0,616341829	4,642425781	1,00779495293169	235,7159574
57081,25684	0,616848469	4,646067383	1,00788044793169	235,9008572
57091,25684	0,616282225	4,641461426	1,00777269393169	235,6669929
57101,25684	0,616848469	4,644935059	1,00775322993169	235,8433642
57111,25684	0,616788864	4,644790039	1,00772622093169	235,836001
57121,25684	0,617325306	4,648875977	1,00787076193169	236,0434616
57131,25684	0,617414713	4,654445801	1,00770042393169	236,3262656
57141,25684	0,617861748	4,656266113	1,00766670993169	236,4186907
57151,25684	0,617742538	4,655368652	1,00777967893169	236,3731227
57161,25684	0,617921352	4,657297852	1,00786806193169	236,4710765
57171,25684	0,617355108	4,65314502	1,00779206593169	236,2602193
57181,25684	0,617772341	4,654599121	1,00799416293169	236,3340503
57191,25684	0,617831945	4,654055176	1,00776924793169	236,3064319
57201,25684	0,617444515	4,653756348	1,00778517393169	236,2912591
57211,25684	0,616431236	4,643692871	1,00771886393169	235,780293
57221,25684	0,617414713	4,652077148	1,00779653593169	236,2059989
57231,25684	0,617742538	4,658111816	1,00770973693169	236,512405
57241,25684	0,617265701	4,651734863	1,00780705993169	236,1886196
57251,25684	0,617265701	4,651291504	1,00760486993169	236,1661083
57261,25684	0,617682934	4,655379883	1,00791127493169	236,373693
57271,25684	0,616520643	4,644320313	1,00771439293169	235,8121509
57281,25684	0,617027283	4,648658203	1,00773618593169	236,0324043
57291,25684	0,617533922	4,653852051	1,00777222893169	236,2961183
57301,25684	0,616759062	4,645626465	1,00781283393169	235,8784699
57311,25684	0,616520643	4,644164551	1,00765376393169	235,8042422
57321,25684	0,61699748	4,646521973	1,00776300793169	235,9239387
57331,25684	0,616699457	4,645983887	1,00781804993169	235,8966178
57341,25684	0,616937876	4,645969238	1,00781125093169	235,895874
57351,25684	0,617027283	4,647805664	1,00773860793169	235,9891172
57361,25684	0,616937876	4,645569824	1,00790699093169	235,875594
57371,25684	0,616282225	4,642047852	1,00795914493169	235,6967683
57381,25684	0,616252422	4,641905762	1,00782270593169	235,6895538
57391,25684	0,617086887	4,646588379	1,00769278693169	235,9273104
57401,25684	0,616580248	4,643877441	1,00788231093169	235,7896645
57411,25684	0,616192818	4,640794434	1,00779457993169	235,6331269
57421,25684	0,618010759	4,656840332	1,00776738593169	236,4478463
57431,25684	0,617265701	4,649699219	1,00785073893169	236,0852612
57441,25684	0,616669655	4,644272949	1,00775742093169	235,8097461
57451,25684	0,618070364	4,65882959	1,00742959493169	236,5488494
57461,25684	0,617682934	4,653916504	1,00784161193169	236,2993909
57471,25684	0,617831945	4,658166504	1,00772966693169	236,5151817
57481,25684	0,617623329	4,65561084	1,00785651293169	236,3854196
57491,25684	0,618100166	4,657699219	1,00763513793169	236,4914556
57501,25684	0,617831945	4,655491211	1,00784794493169	236,3793456
57511,25684	0,618517399	4,662365234	1,00785874793169	236,7283694
57521,25684	0,61711669	4,651693848	1,00779159993169	236,1865371
57531,25684	0,617265701	4,650289063	1,00778712993169	236,1152101
57541,25684	0,616669655	4,645944336	1,00779774693169	235,8946096
57551,25684	0,61711669	4,648606934	1,00782074993169	236,0298011
57561,25684	0,616580248	4,644641113	1,00786638493169	235,8284394
57571,25684	0,61711669	4,647885254	1,00776170493169	235,9931584
57581,25684	0,617444515	4,651674316	1,00766270493169	236,1855454
57591,25684	0,618070364	4,658039551	1,00793353393169	236,5087358
57601,25684	0,617027283	4,65033252	1,00785874793169	236,1174166
57611,25684	0,617325306	4,653012695	1,00781572093169	236,2535007
57621,25684	0,61711669	4,649275879	1,00786740993169	236,0637664
57631,25684	0,617682934	4,653182129	1,00774568593169	236,2621035
57641,25684	0,617623329	4,653333008	1,00783080893169	236,2697643
57651,25684	0,617861748	4,654985352	1,00776608193169	236,3536609
57661,25684	0,616759062	4,646349609	1,00794955193169	235,9151871
57671,25684	0,61699748	4,648826172	1,00797181093169	236,0409328
57681,25684	0,616520643	4,642392578	1,00776636093169	235,7142715
57691,25684	0,616699457	4,643912598	1,00762805993169	235,7914495
57701,25684	0,617355108	4,64904541	1,00787858593169	236,0520645
57711,25684	0,617533922	4,65055127	1,00766074893169	236,1285235
57721,25684	0,617533922	4,650316406	1,00767313593169	236,1165984
57731,25684	0,618010759	4,657469238	1,00771038893169	236,4797785
57741,25684	0,617086887	4,648062012	1,00778750193169	236,0021331
57751,25684	0,617444515	4,651612305	1,00778014493169	236,1823968
57761,25684	0,617533922	4,654675781	1,00766158693169	236,3379427
57771,25684	0,617831945	4,653600586	1,00787662993169	236,2833504
57781,25684	0,617206097	4,647601563	1,00778424293169	235,9787541
57791,25684	0,617355108	4,650858398	1,00788501193169	236,1441177
57801,25684	0,617444515	4,649006348	1,00781152993169	236,0500811
57811,25684	0,617593527	4,651895996	1,00769222793169	236,196801
57821,25684	0,618368387	4,657935059	1,00758903693169	236,5034302
57831,25684	0,617325306	4,649554688	1,00787057593169	236,0779227
57841,25684	0,617772341	4,65432959	1,00799295193169	236,3203651
57851,25684	0,617265701	4,649274414	1,00773162293169	236,063692
57861,25684	0,617206097	4,649080078	1,00769558093169	236,0538247
57871,25684	0,617861748	4,655853516	1,00777073793169	236,3977413
57881,25684	0,617176294	4,648767578	1,00774261193169	236,0379578
57891,25684	0,616788864	4,64549707	1,00766195993169	235,8719
57901,25684	0,617593527	4,651841309	1,00778303193169	236,1940243
57911,25684	0,617325306	4,650816895	1,00781935293169	236,1420104
57921,25684	0,616878271	4,644974121	1,00777027293169	235,8453476
57931,25684	0,617206097	4,646852051	1,00771541793169	235,9406982
57941,25684	0,616848469	4,644042969	1,00761809493169	235,798069
57951,25684	0,617742538	4,65351709	1,00782978393169	236,2791109
57961,25684	0,618845224	4,665259277	1,00804519893169	236,8753124
57971,25684	0,617533922	4,652212402	1,00772826993169	236,2128663
57981,25684	0,617921352	4,65462793	1,00752542793169	236,3355131
57991,25684	0,617921352	4,65640332	1,00785278793169	236,4256573
58001,25684	0,617325306	4,649916016	1,00779783993169	236,0962689
58011,25684	0,617265701	4,650490723	1,00773385793169	236,1254492
58021,25684	0,61711669	4,648339355	1,00774633793169	236,0162151
58031,25684	0,617176294	4,64970166	1,00774633793169	236,0853851
58041,25684	0,617533922	4,650908203	1,00775183293169	236,1466465
58051,25684	0,617533922	4,652069824	1,00777949293169	236,205627
58061,25684	0,61750412	4,651596191	1,00778060993169	236,1815786
58071,25684	0,618070364	4,656302246	1,00763849093169	236,4205253
58081,25684	0,618070364	4,656969727	1,00774726893169	236,4544162
58091,25684	0,618338585	4,659694824	1,00773823493169	236,5927811
58101,25684	0,618696213	4,661992676	1,00781050593169	236,7094529
58111,25684	0,617951155	4,653712402	1,00774028393169	236,2890278
58121,25684	0,617176294	4,649704102	1,00772007393169	236,0855091
58131,25684	0,61699748	4,64756543	1,00777930693169	235,9769195
58141,25684	0,618070364	4,654913574	1,00783313693169	236,3500165
58151,25684	0,617593527	4,651950195	1,00787532593169	236,1995529
58161,25684	0,61711669	4,647177246	1,00806037993169	235,9572098
58171,25684	0,618070364	4,655285156	1,00791369593169	236,3688833
58181,25684	0,617623329	4,653484375	1,00777306693169	236,2774499
58191,25684	0,617682934	4,653773926	1,00794871393169	236,2921516
58201,25684	0,618249178	4,657305664	1,00787597793169	236,4714732
58211,25684	0,617444515	4,648705078	1,00786023893169	236,0347844
58221,25684	0,617444515	4,650689941	1,00766391593169	236,1355644
58231,25684	0,617861748	4,65554541	1,00777688493169	236,3820975
58241,25684	0,617831945	4,654135742	1,00771895693169	236,3105226
58251,25684	0,618427992	4,65928418	1,00782997093169	236,5719309
58261,25684	0,617742538	4,653723633	1,00784328793169	236,289598
58271,25684	0,617206097	4,649666504	1,00768896793169	236,0836001
58281,25684	0,618070364	4,65489209	1,00785539593169	236,3489256
58291,25684	0,61699748	4,645387695	1,00775704793169	235,8663466
58301,25684	0,617355108	4,64881543	1,00802396493169	236,0403874
58311,25684	0,617831945	4,654406738	1,00770601093169	236,3242822
58321,25684	0,618010759	4,657564941	1,00785008693169	236,4846378
58331,25684	0,618070364	4,656960449	1,00766140093169	236,4539451
58341,25684	0,618338585	4,658651367	1,00767462593169	236,5398003
58351,25684	0,618070364	4,65659375	1,00775118093169	236,4353262
58361,25684	0,617444515	4,651305176	1,00788659493169	236,1668025
58371,25684	0,617206097	4,649381348	1,00782251993169	236,0691215
58381,25684	0,617861748	4,65482666	1,00779392793169	236,3456035
58391,25684	0,617772341	4,652566406	1,00784393993169	236,2308406
58401,25684	0,618696213	4,661855469	1,00795690993169	236,7024864
58411,25684	0,618070364	4,654527344	1,00789832993169	236,3304059
58421,25684	0,617206097	4,648528809	1,00760431093169	236,0258344
58431,25684	0,617861748	4,653803223	1,00772324093169	236,2936391
58441,25684	0,618189573	4,658662109	1,00774503393169	236,5403457
58451,25684	0,618100166	4,657757324	1,00781460393169	236,4944059
58461,25684	0,618696213	4,662189453	1,00790866693169	236,7194442
58471,25684	0,618934631	4,663258789	1,00789581493169	236,773739
58481,25684	0,61827898	4,657657227	1,00779970293169	236,4893235
58491,25684	0,617533922	4,649440918	1,00774028393169	236,0721461
58501,25684	0,617921352	4,653117188	1,00761883993169	236,2588062
58511,25684	0,617742538	4,651400391	1,00771420693169	236,171637
58521,25684	0,618189573	4,655026367	1,00779616393169	236,3557434
58531,25684	0,618070364	4,654345215	1,00775714093169	236,3211584
58541,25684	0,617951155	4,655505859	1,00774745493169	236,3800893
58551,25684	0,618755817	4,661587891	1,00790931893169	236,6889003
58561,25684	0,617831945	4,655591797	1,00771197193169	236,3844527
58571,25684	0,617325306	4,650567383	1,00789628093169	236,1293416
58581,25684	0,617831945	4,65254248	1,00776226293169	236,2296258
58591,25684	0,61699748	4,64605957	1,00766540593169	235,9004605
58601,25684	0,617772341	4,652044434	1,00763616193169	236,2043378
58611,25684	0,61711669	4,646554688	1,00769464893169	235,9255998
58621,25684	0,617682934	4,651720215	1,00767415993169	236,1878758
58631,25684	0,617951155	4,651806641	1,00793194993169	236,1922641
58641,25684	0,617623329	4,650641113	1,00787420793169	236,1330852
58651,25684	0,618070364	4,656555664	1,00787802693169	236,4333924
58661,25684	0,617861748	4,65501416	1,00775667493169	236,3551236
58671,25684	0,617355108	4,65018457	1,00766475393169	236,1099046
58681,25684	0,617086887	4,647611816	1,00777818893169	235,9792748
58691,25684	0,617623329	4,652083984	1,00784794493169	236,206346
58701,25684	0,616937876	4,647412598	1,00777865493169	235,9691596
58711,25684	0,61827898	4,659826172	1,00794396393169	236,5994502
58721,25684	0,61699748	4,647738281	1,00779085493169	235,9856959
58731,25684	0,617325306	4,649817871	1,00806922693169	236,0912857
58741,25684	0,616848469	4,644691406	1,00769492893169	235,830993
58751,25684	0,617444515	4,649001465	1,00769939893169	236,0498332
58761,25684	0,617355108	4,649547852	1,00792822493169	236,0775756
58771,25684	0,616759062	4,642994141	1,00779839893169	235,7448155
58781,25684	0,616878271	4,645561035	1,00784328793169	235,8751478
58791,25684	0,616937876	4,645267578	1,00780715293169	235,8602477
58801,25684	0,617206097	4,64847168	1,00784170493169	236,0229337
58811,25684	0,617086887	4,6489375	1,00767835093169	236,0465854
58821,25684	0,617265701	4,64870459	1,00771402093169	236,0347596
58831,25684	0,617206097	4,647922363	1,00762126093169	235,9950426
58841,25684	0,616461039	4,643902344	1,00785213593169	235,7909289
58851,25684	0,616371632	4,640525879	1,00779932993169	235,6194912
58861,25684	0,617265701	4,648806641	1,00778871293169	236,0399411
58871,25684	0,616699457	4,647570801	1,00790326593169	235,9771922
58881,25684	0,616133213	4,639041992	1,00782112293169	235,5441479
58891,25684	0,615954399	4,638463379	1,00773143693169	235,5147692
58901,25684	0,616848469	4,648157227	1,00786321893169	236,0069676
58911,25684	0,616937876	4,649641602	1,00796231093169	236,0823357
58921,25684	0,616788864	4,646171387	1,00770675693169	235,9061379
58931,25684	0,61661005	4,646365234	1,00788538393169	235,9159804
58941,25684	0,616192818	4,642656738	1,00791099593169	235,7276841
58951,25684	0,616669655	4,647431641	1,00799351093169	235,9701265
58961,25684	0,617265701	4,653254883	1,00772622093169	236,2657976
58971,25684	0,616848469	4,650592285	1,00784459193169	236,130606
58981,25684	0,616043806	4,642375977	1,00765907293169	235,7134286
58991,25684	0,615775585	4,638688965	1,00782112293169	235,5262231
59001,25684	0,616371632	4,643324219	1,00772920093169	235,761575
59011,25684	0,615775585	4,63819043	1,00771234393169	235,5009104
59021,25684	0,616461039	4,646802734	1,00788342793169	235,9381942
59031,25684	0,616133213	4,640929688	1,00763560393169	235,6399943
59041,25684	0,616282225	4,640754395	1,00758363593169	235,6310939
59051,25684	0,616341829	4,644354004	1,00775788593169	235,8138616
59061,25684	0,616014004	4,640098145	1,00801893593169	235,5977733
59071,25684	0,616252422	4,642891113	1,00772100593169	235,7395843
59081,25684	0,616461039	4,643223145	1,00752822193169	235,756443
59091,25684	0,615864992	4,639481445	1,00814922793169	235,5664608
59101,25684	0,616192818	4,639685547	1,00765637193169	235,5768239
59111,25684	0,616252422	4,641628906	1,00801763193169	235,6754966
59121,25684	0,61544776	4,636385742	1,00776664093169	235,4092786
59131,25684	0,616192818	4,640075195	1,00773283393169	235,596608
59141,25684	0,616520643	4,644883789	1,00789898193169	235,8407611
59151,25684	0,616252422	4,643330078	1,00762684893169	235,7618725
59161,25684	0,616759062	4,646336426	1,00768058593169	235,9145177
59171,25684	0,615715981	4,636388672	1,00793260193169	235,4094274
59181,25684	0,616282225	4,639581543	1,00768999293169	235,5715432
59191,25684	0,616192818	4,641232422	1,00777623293169	235,6553654
59201,25684	0,616252422	4,639882813	1,00779169293169	235,5868399
59211,25684	0,616461039	4,642215332	1,00785660593169	235,705272
59221,25684	0,616520643	4,642852539	1,00772482393169	235,7376257
59231,25684	0,616133213	4,639640137	1,00767881693169	235,5745182
59241,25684	0,616431236	4,641594238	1,00766875893169	235,6737364
59251,25684	0,616699457	4,64436084	1,00777464993169	235,8142087
59261,25684	0,616520643	4,642363281	1,00785595393169	235,712784
59271,25684	0,616759062	4,646058105	1,00776282193169	235,9003862
59281,25684	0,616788864	4,643242188	1,00770461493169	235,7574099
59291,25684	0,616878271	4,645976074	1,00770927093169	235,8962211
59301,25684	0,61661005	4,643850098	1,00781115793169	235,7882761
59311,25684	0,61699748	4,647068359	1,00783015693169	235,9516811
59321,25684	0,617086887	4,647767578	1,00790503493169	235,9871835
59331,25684	0,617772341	4,654695313	1,00791602493169	236,3389344
59341,25684	0,617623329	4,652366699	1,00777790993169	236,2207006
59351,25684	0,616461039	4,643939941	1,00782950493169	235,7928378
59361,25684	0,61711669	4,648239746	1,00776235693169	236,0111575
59371,25684	0,617414713	4,650526855	1,00780966793169	236,1272839
59381,25684	0,616669655	4,643090332	1,00773525493169	235,7496995
59391,25684	0,616848469	4,646307129	1,00792850393169	235,9130302
59401,25684	0,616669655	4,643765625	1,00770405593169	235,7839871
59411,25684	0,616461039	4,64198877	1,00768719893169	235,6937684
59421,25684	0,616848469	4,645229004	1,00764556893169	235,8582891
59431,25684	0,617176294	4,648986816	1,00774922493169	236,0490894
59441,25684	0,617206097	4,650300293	1,00765115693169	236,1157803
59451,25684	0,616788864	4,646478027	1,00778545293169	235,9217074
59461,25684	0,61699748	4,648685059	1,00803486093169	236,0337679
59471,25684	0,616937876	4,645455078	1,00771811893169	235,8697679
59481,25684	0,616937876	4,649083496	1,00781870193169	236,0539983
59491,25684	0,617206097	4,64897168	1,00754042193169	236,0483209
59501,25684	0,617265701	4,650104492	1,00770396293169	236,1058386
59511,25684	0,616878271	4,649740723	1,00792049493169	236,0873685
59521,25684	0,617206097	4,649898438	1,00769297293169	236,0953764
59531,25684	0,617176294	4,650464355	1,00768282193169	236,1241105
59541,25684	0,617027283	4,650277344	1,00796631593169	236,1146151
59551,25684	0,617831945	4,655725098	1,00762312393169	236,391221
59561,25684	0,617772341	4,655223145	1,00788519793169	236,3657347
59571,25684	0,616520643	4,64326416	1,00765897993169	235,7585255
59581,25684	0,617444515	4,650828125	1,00779746693169	236,1425806
59591,25684	0,617265701	4,652412598	1,00800915693169	236,2230311
59601,25684	0,616848469	4,646438477	1,00789497693169	235,9196992
59611,25684	0,616192818	4,642156738	1,00777464993169	235,7022969
59621,25684	0,616699457	4,645148438	1,00781953993169	235,8541984
59631,25684	0,617265701	4,650476563	1,00774810693169	236,1247303
59641,25684	0,616937876	4,647249023	1,00774186693169	235,9608542
59651,25684	0,617414713	4,6510625	1,00763225093169	236,1544808
59661,25684	0,616520643	4,645668945	1,00776133193169	235,8806268
59671,25684	0,61711669	4,651186523	1,00792198493169	236,160778
59681,25684	0,616520643	4,643925781	1,00798326593169	235,7921189
59691,25684	0,616759062	4,644953125	1,00780817793169	235,8442815
59701,25684	0,617355108	4,650847656	1,00771318293169	236,1435723
59711,25684	0,617355108	4,652877441	1,00781171693169	236,2466332
59721,25684	0,617861748	4,657373047	1,00789786393169	236,4748945
59731,25684	0,616848469	4,648026855	1,00762535893169	236,0003481
59741,25684	0,617325306	4,650453125	1,00760794293169	236,1235402
59751,25684	0,617355108	4,651821777	1,00782466193169	236,1930326
59761,25684	0,617742538	4,652640137	1,00763513793169	236,2345842
59771,25684	0,616192818	4,639576172	1,00774261193169	235,5712705
59781,25684	0,616431236	4,641500977	1,00765096993169	235,6690011
59791,25684	0,615954399	4,637808594	1,00765609293169	235,4815229
59801,25684	0,61750412	4,650925781	1,00779793293169	236,147539
59811,25684	0,616788864	4,645886719	1,00768347293169	235,8916841
59821,25684	0,617086887	4,649250488	1,00807583993169	236,0624772
59831,25684	0,617593527	4,651925293	1,00768654693169	236,1982885
59841,25684	0,617623329	4,653294922	1,00785716493169	236,2678305
59851,25684	0,617176294	4,64978125	1,00782047093169	236,0894263
59861,25684	0,616699457	4,644582031	1,00767415993169	235,8254395
59871,25684	0,616878271	4,64817041	1,00785669893169	236,007637
59881,25684	0,617355108	4,652888184	1,00792598993169	236,2471787
59891,25684	0,617951155	4,656214355	1,00773255393169	236,4160627
59901,25684	0,617533922	4,655732422	1,00775443993169	236,3915929
59911,25684	0,616759062	4,648319336	1,00782792193169	236,0151986
59921,25684	0,617325306	4,65192627	1,00782773493169	236,1983381
59931,25684	0,61699748	4,647946289	1,00774168093169	235,9962574
59941,25684	0,617682934	4,65335791	1,00780370693169	236,2710287
59951,25684	0,616848469	4,64826123	1,00775732693169	236,0122483
59961,25684	0,616669655	4,64439209	1,00779001693169	235,8157954
59971,25684	0,617086887	4,647786133	1,00783136793169	235,9881256
59981,25684	0,61699748	4,648112793	1,00782885293169	236,0047115
59991,25684	0,617742538	4,654647949	1,00775844493169	236,3365295
60001,25684	0,617533922	4,654685547	1,00773404393169	236,3384385
60011,25684	0,618010759	4,656621094	1,00768123793169	236,4367146
60021,25684	0,618100166	4,657818359	1,00789125193169	236,4975049
60031,25684	0,617355108	4,65188916	1,00801819093169	236,1964539
60041,25684	0,617325306	4,651770508	1,00775872393169	236,1904294
60051,25684	0,618010759	4,657470703	1,00769399693169	236,4798529
60061,25684	0,617861748	4,658216797	1,00773786293169	236,5177353
60071,25684	0,616580248	4,644007324	1,00771858393169	235,7962592
60081,25684	0,617831945	4,655025391	1,00778098293169	236,3556939
60091,25684	0,617444515	4,653662109	1,00772640693169	236,2864742
60101,25684	0,617742538	4,655469727	1,00785092493169	236,3782547
60111,25684	0,616699457	4,645640625	1,00776263593169	235,8791889
60121,25684	0,617444515	4,652006836	1,00779886393169	236,2024288
60131,25684	0,617414713	4,654445801	1,00780119293169	236,3262656
60141,25684	0,616848469	4,64659082	1,00773171593169	235,9274344
60151,25684	0,617027283	4,648452637	1,00770927093169	236,0219668
60161,25684	0,61661005	4,644651855	1,00770219293169	235,8289848
60171,25684	0,616341829	4,641856934	1,00770601093169	235,6870746
60181,25684	0,616669655	4,645900879	1,00791444093169	235,8924031
60191,25684	0,616759062	4,646462402	1,00787290393169	235,9209141
60201,25684	0,617533922	4,65234082	1,00794107693169	236,2193867
60211,25684	0,61750412	4,65246875	1,00779523193169	236,2258822
60221,25684	0,618159771	4,658895996	1,00771234393169	236,5522212
60231,25684	0,617831945	4,659001953	1,00780752593169	236,5576011
60241,25684	0,618010759	4,656575684	1,00793036693169	236,4344089
60251,25684	0,617325306	4,65282959	1,00759890893169	236,2442036
60261,25684	0,61711669	4,650907715	1,00777213493169	236,1466217
60271,25684	0,617951155	4,658692871	1,00778489493169	236,5419076
60281,25684	0,617772341	4,656954102	1,00783229893169	236,4536228
60291,25684	0,617831945	4,657435547	1,00763960793169	236,4780679
60301,25684	0,617921352	4,658960938	1,00772026093169	236,5555185
60311,25684	0,617682934	4,657112305	1,00798056493169	236,4616555
60321,25684	0,618010759	4,661374023	1,00772091293169	236,6780413
60331,25684	0,617325306	4,655214355	1,00778833993169	236,3652884
60341,25684	0,617325306	4,652689941	1,00758158693169	236,237113
60351,25684	0,617414713	4,652742676	1,00772202993169	236,2397906
60361,25684	0,618487597	4,661719238	1,00791025093169	236,6955693
60371,25684	0,617921352	4,657973145	1,00784235693169	236,505364
60381,25684	0,617831945	4,656467773	1,00788966793169	236,4289299
60391,25684	0,617593527	4,65375	1,00780789793169	236,2909368
60401,25684	0,617325306	4,650854492	1,00778712993169	236,1439194
60411,25684	0,617682934	4,654905273	1,00785688593169	236,349595
60421,25684	0,617265701	4,648486816	1,00777166993169	236,0237023
60431,25684	0,617444515	4,65201416	1,00777185593169	236,2028007
60441,25684	0,617921352	4,656358398	1,00796212493169	236,4233764
60451,25684	0,617593527	4,65257373	1,00761250693169	236,2312125
60461,25684	0,617086887	4,648098633	1,00781329993169	236,0039925
60471,25684	0,618010759	4,656039063	1,00772417193169	236,4071624
60481,25684	0,617414713	4,651798828	1,00761511393169	236,1918674
60491,25684	0,617772341	4,654841797	1,00795448793169	236,346372
60501,25684	0,616669655	4,64676123	1,00781870193169	235,9360868
60511,25684	0,616759062	4,644622559	1,00775313593169	235,8274973
60521,25684	0,618249178	4,657735352	1,00762228593169	236,4932903
60531,25684	0,617027283	4,649563965	1,00785912093169	236,0783937
60541,25684	0,617682934	4,653606445	1,00789329993169	236,2836479
60551,25684	0,618249178	4,658326172	1,00786722293169	236,5232887
60561,25684	0,618338585	4,661478516	1,00781916693169	236,6833468
60571,25684	0,618010759	4,657982422	1,00778386993169	236,5058351
60581,25684	0,616878271	4,648758789	1,00786806193169	236,0375115
60591,25684	0,616937876	4,646581055	1,00767965493169	235,9269385
60601,25684	0,617027283	4,647166016	1,00789860893169	235,9566395
60611,25684	0,61699748	4,647785645	1,00775164593169	235,9881008
60621,25684	0,617206097	4,650913086	1,00777343893169	236,1468944
60631,25684	0,616759062	4,644478027	1,00795467493169	235,8201588
60641,25684	0,616937876	4,646831543	1,00759369393169	235,9396569
60651,25684	0,617176294	4,64707666	1,00785166993169	235,9521026
60661,25684	0,617414713	4,648543945	1,00793474393169	236,026603
60671,25684	0,617682934	4,652139648	1,00772733893169	236,2091723
60681,25684	0,617623329	4,65192041	1,00780780493169	236,1980406
60691,25684	0,617861748	4,656037598	1,00779253093169	236,407088
60701,25684	0,617623329	4,656066406	1,00787765393169	236,4085507
60711,25684	0,617086887	4,649880371	1,00786256693169	236,0944591
60721,25684	0,617355108	4,650811035	1,00752142293169	236,1417129
60731,25684	0,617772341	4,65484375	1,00792002893169	236,3464712
60741,25684	0,617921352	4,655210938	1,00783034293169	236,3651149
60751,25684	0,616878271	4,649854492	1,00789702593169	236,0931451
60761,25684	0,617772341	4,654546387	1,00777744393169	236,3313728
60771,25684	0,617325306	4,649128906	1,00755178393169	236,0563039
60781,25684	0,617206097	4,651644531	1,00780249693169	236,1840331
60791,25684	0,617444515	4,651768555	1,00770936393169	236,1903303
60801,25684	0,617861748	4,653473633	1,00771588393169	236,2769044
60811,25684	0,616937876	4,647331543	1,00780165793169	235,9650441
60821,25684	0,61750412	4,651791504	1,00784533693169	236,1914955
60831,25684	0,61699748	4,648325684	1,00764370593169	236,0155209
60841,25684	0,616788864	4,647574219	1,00772240293169	235,9773658
60851,25684	0,617206097	4,650572754	1,00782009893169	236,1296143
60861,25684	0,616371632	4,643478516	1,00787392893169	235,7694093
60871,25684	0,617682934	4,653267578	1,00780128593169	236,2664421
60881,25684	0,617086887	4,648746582	1,00771299593169	236,0368917
60891,25684	0,616520643	4,644962891	1,00785632693169	235,8447774
60901,25684	0,61750412	4,652884277	1,00773953893169	236,2469803
60911,25684	0,618249178	4,657513672	1,00775304293169	236,4820346
60921,25684	0,617682934	4,654965332	1,00772221693169	236,3526444
60931,25684	0,618100166	4,658444824	1,00777138993169	236,5293132
60941,25684	0,617176294	4,651964355	1,00769595293169	236,2002719
60951,25684	0,61711669	4,650929199	1,00782978393169	236,1477126
60961,25684	0,617414713	4,652638672	1,00768701293169	236,2345099
60971,25684	0,618010759	4,658813477	1,00774587193169	236,5480313
60981,25684	0,618189573	4,657815918	1,00771057493169	236,497381
60991,25684	0,617772341	4,653668457	1,00763541693169	236,2867965
61001,25684	0,617861748	4,655719727	1,00782913193169	236,3909483
61011,25684	0,617951155	4,654844238	1,00764454393169	236,346496
61021,25684	0,617772341	4,653680664	1,00767574393169	236,2874163
61031,25684	0,617206097	4,649155273	1,00779430093169	236,0576427
61041,25684	0,617027283	4,646102051	1,00769334593169	235,9026175
61051,25684	0,617414713	4,650089355	1,00769073793169	236,1050701
61061,25684	0,616431236	4,640914551	1,00772836293169	235,6392257
61071,25684	0,617593527	4,652628418	1,00818741193169	236,2339892
61081,25684	0,617921352	4,655556641	1,00772659393169	236,3826677
61091,25684	0,618338585	4,657183594	1,00789832993169	236,4652751
61101,25684	0,617772341	4,654166016	1,00775304293169	236,3120597
61111,25684	0,617682934	4,65484668	1,00784570993169	236,3466199
61121,25684	0,618070364	4,657265625	1,00766996893169	236,4694402
61131,25684	0,618845224	4,664074707	1,00786983093169	236,8151666
61141,25684	0,617533922	4,651880859	1,00782447593169	236,1960325
61151,25684	0,617533922	4,651424805	1,00783872493169	236,1728766
61161,25684	0,617921352	4,653805664	1,00760468393169	236,2937631
61171,25684	0,617325306	4,649625977	1,00779988893169	236,0815423
61181,25684	0,617772341	4,654153809	1,00773087793169	236,3114399
61191,25684	0,617444515	4,650297852	1,00771942293169	236,1156563
61201,25684	0,617742538	4,651447754	1,00779085493169	236,1740418
61211,25684	0,617325306	4,64981543	1,00780389293169	236,0911617
61221,25684	0,618070364	4,653363281	1,00774065693169	236,2713014
61231,25684	0,618487597	4,658782715	1,00781283393169	236,5464694
61241,25684	0,618577003	4,659919922	1,00775807193169	236,6042103
61251,25684	0,617623329	4,65119873	1,00767266993169	236,1613978
61261,25684	0,617444515	4,650866699	1,00785101793169	236,1445392
61271,25684	0,618010759	4,653358398	1,00776813093169	236,2710535
61281,25684	0,617355108	4,647095215	1,00790978493169	235,9530447
61291,25684	0,617176294	4,647276855	1,00770275193169	235,9622674
61301,25684	0,617176294	4,646	1,00774978393169	235,8974359
61311,25684	0,617921352	4,652843262	1,00763308893169	236,2448978
61321,25684	0,617951155	4,655524902	1,00774261193169	236,3810562
61331,25684	0,617831945	4,652693359	1,00791080893169	236,2372866
61341,25684	0,61827898	4,656464355	1,00780286893169	236,4287563
61351,25684	0,618070364	4,654391113	1,00767658193169	236,3234889
61361,25684	0,618427992	4,657123535	1,00773860793169	236,4622257
61371,25684	0,618368387	4,65739209	1,00768291493169	236,4758614
61381,25684	0,618010759	4,655210938	1,00781618693169	236,3651149
61391,25684	0,617206097	4,645277832	1,00771485893169	235,8607683
61401,25684	0,618159771	4,654902344	1,00791257893169	236,3494462
61411,25684	0,617027283	4,644778809	1,00778051693169	235,8354307
61421,25684	0,616788864	4,643999023	1,00784971493169	235,7958377
61431,25684	0,617921352	4,653160156	1,00776766493169	236,2609879
61441,25684	0,617414713	4,64992334	1,00779094793169	236,0966408
61451,25684	0,616878271	4,643579102	1,00786815493169	235,7745165
61461,25684	0,617176294	4,64488623	1,00765497493169	235,840885
61471,25684	0,61711669	4,644777344	1,00763308893169	235,8353564
61481,25684	0,616759062	4,644191895	1,00765991093169	235,8056306
61491,25684	0,616669655	4,642086426	1,00773190193169	235,6987269
61501,25684	0,616759062	4,643302734	1,00784878293169	235,7604841
61511,25684	0,61699748	4,645046875	1,00775099393169	235,8490416
61521,25684	0,617355108	4,647652344	1,00768971293169	235,9813325
61531,25684	0,616848469	4,644177246	1,00771225093169	235,8048868
61541,25684	0,616252422	4,638808594	1,00779849193169	235,5322972
61551,25684	0,616878271	4,645884277	1,00796491893169	235,8915602
61561,25684	0,616192818	4,637495117	1,00774205393169	235,4656064
61571,25684	0,616669655	4,641327637	1,00740863993169	235,6601999
61581,25684	0,616043806	4,637669434	1,00793800393169	235,4744572
61591,25684	0,616669655	4,641083008	1,00777474293169	235,647779
61601,25684	0,615775585	4,636552246	1,00772696593169	235,4177327
61611,25684	0,616043806	4,635911621	1,00778331093169	235,3852054
61621,25684	0,615954399	4,634190918	1,00777772293169	235,2978379
61631,25684	0,615715981	4,633741699	1,00778508093169	235,2750292
61641,25684	0,616669655	4,640794434	1,00787895793169	235,6331269
61651,25684	0,615954399	4,63732666	1,00781711793169	235,4570531
61661,25684	0,615626574	4,633312988	1,00781367193169	235,2532617
61671,25684	0,61583519	4,633897949	1,00772640693169	235,2829626
61681,25684	0,616282225	4,639028809	1,00778452193169	235,5434785
61691,25684	0,616937876	4,649302246	1,00821507193169	236,0651052
61701,25684	0,61699748	4,648606934	1,00772705893169	236,0298011
61711,25684	0,617533922	4,654752441	1,00792701393169	236,3418351
61721,25684	0,616520643	4,64337793	1,00778303193169	235,7643021
61731,25684	0,615775585	4,63585791	1,00758503293169	235,3824783
61741,25684	0,616133213	4,641960449	1,00782298593169	235,6923305
61751,25684	0,616341829	4,643107422	1,00786107693169	235,7505672
61761,25684	0,616252422	4,639732422	1,00781991193169	235,579204
61771,25684	0,615954399	4,640254395	1,00785232193169	235,6057068
61781,25684	0,617176294	4,649947266	1,00784636193169	236,0978556
61791,25684	0,615358353	4,635462402	1,00775779293169	235,3623967
61801,25684	0,61583519	4,638890625	1,00781963293169	235,5364623
61811,25684	0,615954399	4,639017578	1,00774428893169	235,5429083
61821,25684	0,615775585	4,639146484	1,00786321893169	235,5494534
61831,25684	0,616759062	4,647601074	1,00776040093169	235,9787293
61841,25684	0,615924597	4,640849121	1,00780137893169	235,6359036
61851,25684	0,616133213	4,642790039	1,00777371893169	235,7344524
61861,25684	0,617593527	4,655678223	1,00779597693169	236,388841
61871,25684	0,616461039	4,643554688	1,00772184393169	235,7732768
61881,25684	0,616520643	4,644439453	1,00782205393169	235,8182002
61891,25684	0,615030527	4,632706055	1,00777464993169	235,222445
61901,25684	0,615775585	4,63601416	1,00779411493169	235,3904118
61911,25684	0,616103411	4,638890137	1,00768421893169	235,5364375
61921,25684	0,616669655	4,64348291	1,00788026193169	235,7696324
61931,25684	0,616699457	4,644843262	1,00786061093169	235,8387033
61941,25684	0,616014004	4,640415527	1,00778210093169	235,6138882
61951,25684	0,615537167	4,635916992	1,00771131993169	235,3854782
61961,25684	0,616699457	4,644089355	1,00787271793169	235,8004242
61971,25684	0,616192818	4,64190625	1,00783015693169	235,6895786
61981,25684	0,615775585	4,638255859	1,00766633693169	235,5042325
61991,25684	0,616103411	4,637444336	1,00793604793169	235,463028
62001,25684	0,615507364	4,635504395	1,00780631493169	235,3645288
62011,25684	0,616043806	4,639008789	1,00782754893169	235,542462
62021,25684	0,61583519	4,63708252	1,00766102893169	235,444657
62031,25684	0,615596771	4,634808105	1,00764715193169	235,3291752
62041,25684	0,615358353	4,632747559	1,00791155393169	235,2245524
62051,25684	0,615775585	4,63658252	1,00778265893169	235,4192698
62061,25684	0,616014004	4,639372559	1,00773907293169	235,5609321
62071,25684	0,61661005	4,646026855	1,00774773493169	235,8987995
62081,25684	0,616788864	4,646104492	1,00786740993169	235,9027414
62091,25684	0,617086887	4,648503418	1,00780016793169	236,0245452
62101,25684	0,616759062	4,647064941	1,00778871293169	235,9515076
62111,25684	0,61661005	4,643217285	1,00778992393169	235,7561455
62121,25684	0,616252422	4,63798877	1,00777567393169	235,4906712
62131,25684	0,615954399	4,63494043	1,00758624293169	235,3358939
62141,25684	0,615537167	4,632237793	1,00779625693169	235,1986694
62151,25684	0,616520643	4,641155762	1,00777930693169	235,651473
62161,25684	0,616014004	4,636409668	1,00775062193169	235,4104934
62171,25684	0,616759062	4,643777832	1,00781739793169	235,7846069
62181,25684	0,617444515	4,648191895	1,00775583693169	236,0087278
62191,25684	0,617265701	4,649383301	1,00784747893169	236,0692207
62201,25684	0,617265701	4,649946777	1,00776170493169	236,0978308
62211,25684	0,616461039	4,641539063	1,00767173893169	235,6709349
62221,25684	0,616788864	4,644325195	1,00771821193169	235,8123988
62231,25684	0,617623329	4,652158203	1,00802685193169	236,2101144
62241,25684	0,616341829	4,641550293	1,00772538293169	235,6715051
62251,25684	0,616103411	4,638527344	1,00777381193169	235,5180169
62261,25684	0,616580248	4,642950195	1,00774708293169	235,7425842
62271,25684	0,616282225	4,638586914	1,00769436993169	235,5210416
62281,25684	0,61583519	4,636608887	1,00798298693169	235,4206086
62291,25684	0,617086887	4,645570313	1,00786582593169	235,8756188
62301,25684	0,616341829	4,640219238	1,00776393993169	235,6039217
62311,25684	0,616431236	4,640053711	1,00775276393169	235,5955172
62321,25684	0,615775585	4,635543945	1,00779914393169	235,366537
62331,25684	0,616580248	4,642387695	1,00783350993169	235,7140236
62341,25684	0,616520643	4,641745117	1,00771755993169	235,6813972
62351,25684	0,616371632	4,6400625	1,00769865393169	235,5959634
62361,25684	0,617265701	4,648820801	1,00784095993169	236,0406601
62371,25684	0,616878271	4,646693359	1,00787998293169	235,9326407
62381,25684	0,616431236	4,639576172	1,00767397393169	235,5712705
62391,25684	0,616580248	4,64076709	1,00779271793169	235,6317385
62401,25684	0,616788864	4,64298291	1,00770917793169	235,7442452
62411,25684	0,616282225	4,638486328	1,00781497593169	235,5159344
62421,25684	0,617086887	4,64304834	1,00776021393169	235,7475674
62431,25684	0,617414713	4,648969727	1,00782549993169	236,0482217
62441,25684	0,617533922	4,651536133	1,00760384493169	236,1785292
62451,25684	0,617533922	4,650473633	1,00799257893169	236,1245815
62461,25684	0,617414713	4,650631348	1,00796631593169	236,1325894
62471,25684	0,61750412	4,651336426	1,00799751493169	236,1683892
62481,25684	0,61661005	4,641836426	1,00779811893169	235,6860333
62491,25684	0,616192818	4,639371094	1,00776040093169	235,5608578
62501,25684	0,616341829	4,639441406	1,00780594193169	235,5644278
62511,25684	0,616282225	4,639266113	1,00776347393169	235,5555275
62521,25684	0,616848469	4,643991211	1,00779681493169	235,795441
62531,25684	0,617533922	4,649583496	1,00781050593169	236,0793854
62541,25684	0,617861748	4,654396484	1,00756826893169	236,3237616
62551,25684	0,61699748	4,647672363	1,00791807393169	235,982349
62561,25684	0,617414713	4,649751953	1,00769194893169	236,0879387
62571,25684	0,61699748	4,646297852	1,00782456893169	235,9125591
62581,25684	0,616848469	4,64556543	1,00786238093169	235,8753709
62591,25684	0,617355108	4,649530273	1,00784477893169	236,0766831
62601,25684	0,617265701	4,647093262	1,00782540693169	235,9529455
62611,25684	0,61711669	4,64616748	1,00775909693169	235,9059396
62621,25684	0,617355108	4,649816406	1,00802163693169	236,0912113
62631,25684	0,617951155	4,653890625	1,00799490793169	236,2980769
62641,25684	0,616669655	4,642808105	1,00778983093169	235,7353697
62651,25684	0,616580248	4,641083496	1,00758447393169	235,6478038
62661,25684	0,617831945	4,653569824	1,00775686193169	236,2817885
62671,25684	0,617086887	4,64663916	1,00770498693169	235,9298888
62681,25684	0,617176294	4,6470625	1,00775024893169	235,9513836
62691,25684	0,61699748	4,64354248	1,00778470793169	235,772657
62701,25684	0,616014004	4,635347656	1,00789600093169	235,3565705
62711,25684	0,616937876	4,642023438	1,00783900393169	235,6955287
62721,25684	0,616759062	4,642919434	1,00798475593169	235,7410223
62731,25684	0,616699457	4,64126123	1,00775229793169	235,6568282
62741,25684	0,61711669	4,645066406	1,00800775993169	235,8500333
62751,25684	0,617265701	4,6455	1,00774950393169	235,8720487
62761,25684	0,618070364	4,653743652	1,00774745493169	236,2906145
62771,25684	0,61750412	4,649655762	1,00779132093169	236,0830547
62781,25684	0,617027283	4,642777344	1,00768347293169	235,7338078
62791,25684	0,617355108	4,64561377	1,00766810693169	235,8778253
62801,25684	0,617742538	4,65007373	1,00807909893169	236,1042767
62811,25684	0,617027283	4,645052246	1,00773646593169	235,8493143
62821,25684	0,616937876	4,642197754	1,00772463793169	235,7043795
62831,25684	0,61711669	4,642842285	1,00758074893169	235,7371051
62841,25684	0,616759062	4,641321777	1,00779756093169	235,6599024
62851,25684	0,617325306	4,64481543	1,00768375293169	235,8372902
62861,25684	0,617325306	4,646379395	1,00790922593169	235,9166994
62871,25684	0,616878271	4,644117188	1,00781488293169	235,8018374
62881,25684	0,618189573	4,655325195	1,00763252993169	236,3709162
62891,25684	0,618815422	4,661630371	1,00785763093169	236,6910572
62901,25684	0,617086887	4,648011719	1,00773367193169	235,9995795
62911,25684	0,616878271	4,643459961	1,00779569793169	235,7684672
62921,25684	0,617414713	4,648034668	1,00785818993169	236,0007448
62931,25684	0,617593527	4,647765137	1,00796584993169	235,9870595
62941,25684	0,616788864	4,640610352	1,00764221593169	235,6237802
62951,25684	0,618159771	4,654333984	1,00771374093169	236,3205882
62961,25684	0,618696213	4,662595215	1,00781702493169	236,7400465
62971,25684	0,617355108	4,649881348	1,00789460393169	236,0945086
62981,25684	0,618010759	4,653923828	1,00778470793169	236,2997628
62991,25684	0,616699457	4,642308594	1,00776608193169	235,7100073
63001,25684	0,616788864	4,644848145	1,00777325293169	235,8389512
63011,25684	0,617414713	4,647322754	1,00779811893169	235,9645978
63021,25684	0,616937876	4,642749023	1,00775881693169	235,7323698
63031,25684	0,617206097	4,645891602	1,00786517493169	235,891932
63041,25684	0,61827898	4,655268066	1,00799593193169	236,3680156
63051,25684	0,617533922	4,649900879	1,00774531293169	236,0955003
63061,25684	0,617325306	4,647762207	1,00776570893169	235,9869107
63071,25684	0,617742538	4,652057617	1,00778060993169	236,2050072
63081,25684	0,61866641	4,659647461	1,00769995793169	236,5903763
63091,25684	0,617593527	4,651132324	1,00798075193169	236,1580261
63101,25684	0,617682934	4,651804199	1,00769595293169	236,1921401
63111,25684	0,616937876	4,64679248	1,00775201893169	235,9376735
63121,25684	0,617414713	4,648581055	1,00769530093169	236,0284872
63131,25684	0,617772341	4,653195801	1,00770154093169	236,2627977
63141,25684	0,616937876	4,644836914	1,00776962093169	235,838381
63151,25684	0,617951155	4,653496094	1,00771849093169	236,2780449
63161,25684	0,617265701	4,649200684	1,00772799093169	236,0599484
63171,25684	0,617325306	4,65010791	1,00774223993169	236,1060122
63181,25684	0,617921352	4,654220703	1,00768393893169	236,3148364
63191,25684	0,617682934	4,651377441	1,00773497593169	236,1704718
63201,25684	0,617951155	4,654175781	1,00779206593169	236,3125555
63211,25684	0,617772341	4,65423291	1,00758056193169	236,3154562
63221,25684	0,617086887	4,647430176	1,00773767593169	235,9700521
63231,25684	0,617265701	4,646728516	1,00783434793169	235,9344258
63241,25684	0,618100166	4,653593262	1,00764007393169	236,2829785
63251,25684	0,617831945	4,652166016	1,00784114593169	236,2105111
63261,25684	0,61699748	4,645389648	1,00780361393169	235,8664457
63271,25684	0,618100166	4,655175781	1,00777390493169	236,3633298
63281,25684	0,61711669	4,64707666	1,00783220593169	235,9521026
63291,25684	0,617951155	4,653592285	1,00779951593169	236,2829289
63301,25684	0,617414713	4,64751123	1,00778936493169	235,9741676
63311,25684	0,617325306	4,648082031	1,00762433493169	236,0031496
63321,25684	0,617593527	4,649151855	1,00769436993169	236,0574692
63331,25684	0,61699748	4,645129883	1,00791127493169	235,8532563
63341,25684	0,617444515	4,648310059	1,00767117993169	236,0147275
63351,25684	0,617355108	4,650302734	1,00765516093169	236,1159043
63361,25684	0,618189573	4,656951172	1,00789786393169	236,4534741
63371,25684	0,617355108	4,648963867	1,00784217093169	236,0479242
63381,25684	0,617623329	4,651637695	1,00772780393169	236,183686
63391,25684	0,618100166	4,655050293	1,00800757393169	236,3569583
63401,25684	0,617921352	4,65469873	1,00771625593169	236,3391079
63411,25684	0,617593527	4,651408203	1,00771523193169	236,1720337
63421,25684	0,617921352	4,655541016	1,00764826893169	236,3818744
63431,25684	0,617355108	4,64928418	1,00766503293169	236,0641878
63441,25684	0,61661005	4,642958008	1,00773544093169	235,7429808
63451,25684	0,617414713	4,651089355	1,00766419493169	236,1558444
63461,25684	0,618010759	4,656581543	1,00774009793169	236,4347064
63471,25684	0,617086887	4,647227539	1,00768421893169	235,9597633
63481,25684	0,618010759	4,65507373	1,00778452193169	236,3581483
63491,25684	0,61699748	4,647654785	1,00783825893169	235,9814565
63501,25684	0,617086887	4,646085938	1,00777865493169	235,9017993
63511,25684	0,617265701	4,648026367	1,00777548793169	236,0003233
63521,25684	0,617176294	4,644760254	1,00777083193169	235,8344886
63531,25684	0,61711669	4,646973145	1,00775406793169	235,9468466
63541,25684	0,617623329	4,65237793	1,00796370793169	236,2212709
63551,25684	0,617355108	4,649093262	1,00759043393169	236,0544941
63561,25684	0,61661005	4,640739746	1,00772799093169	235,6303501
63571,25684	0,616848469	4,644412109	1,00761585893169	235,8168118
63581,25684	0,617206097	4,648852051	1,00784924893169	236,0422468
63591,25684	0,617086887	4,646124512	1,00777232193169	235,9037579
63601,25684	0,617682934	4,652195801	1,00786182193169	236,2120234
63611,25684	0,618100166	4,654052734	1,00776123893169	236,3063079
63621,25684	0,618249178	4,656323242	1,00781646593169	236,4215914
63631,25684	0,617414713	4,651576172	1,00774540593169	236,1805622
63641,25684	0,61750412	4,648974609	1,00779113393169	236,0484696
63651,25684	0,617623329	4,652479492	1,00780026093169	236,2264276
63661,25684	0,618189573	4,657325684	1,00782978393169	236,4724896
63671,25684	0,617682934	4,652206543	1,00778126193169	236,2125688
63681,25684	0,618249178	4,655800781	1,00776971393169	236,3950638
63691,25684	0,617086887	4,64670166	1,00770200693169	235,9330622
63701,25684	0,616669655	4,642324219	1,00773590693169	235,7108006
63711,25684	0,617206097	4,647398438	1,00763038793169	235,9684406
63721,25684	0,617861748	4,651304199	1,00781516193169	236,1667529
63731,25684	0,61750412	4,648519531	1,00752701093169	236,0253634
63741,25684	0,617176294	4,648029297	1,00757264593169	236,000472
63751,25684	0,617355108	4,649043945	1,00773450993169	236,0519901
63761,25684	0,617355108	4,647556641	1,00777641893169	235,9764732
63771,25684	0,617086887	4,645349121	1,00765590593169	235,864388
63781,25684	0,617444515	4,650503418	1,00759592893169	236,1260938
63791,25684	0,617325306	4,649989258	1,00778889893169	236,0999877
63801,25684	0,617861748	4,655210938	1,00788920293169	236,3651149
63811,25684	0,61827898	4,658511719	1,00800189293169	236,5327098
63821,25684	0,617951155	4,653799805	1,00779569793169	236,2934656
63831,25684	0,618100166	4,654990723	1,00775118093169	236,3539336
63841,25684	0,617444515	4,6485	1,00783499993169	236,0243717
63851,25684	0,617444515	4,649496582	1,00774372993169	236,0749724
63861,25684	0,617414713	4,651445801	1,00764715193169	236,1739427
63871,25684	0,617265701	4,648558594	1,00772566193169	236,0273467
63881,25684	0,617682934	4,651766113	1,00781888793169	236,1902063
63891,25684	0,617742538	4,651606445	1,00761790793169	236,1820993
63901,25684	0,61750412	4,649008301	1,00775220493169	236,0501803
63911,25684	0,617861748	4,652791992	1,00760226193169	236,2422946
63921,25684	0,617623329	4,65113916	1,00777558093169	236,1583732
63931,25684	0,617355108	4,65064209	1,00772258893169	236,1331348
63941,25684	0,61750412	4,651527344	1,00766717493169	236,178083
63951,25684	0,616937876	4,644341797	1,00746042193169	235,8132418
63961,25684	0,617951155	4,653882324	1,00779234493169	236,2976555
63971,25684	0,617682934	4,65067627	1,00780687393169	236,1348702
63981,25684	0,617742538	4,650498047	1,00776086593169	236,1258211
63991,25684	0,617533922	4,65038623	1,00769530093169	236,1201437
64001,25684	0,617355108	4,648882324	1,00773842193169	236,0437839
64011,25684	0,617325306	4,648974609	1,00775294993169	236,0484696
64021,25684	0,617533922	4,650397461	1,00797395293169	236,1207139
64031,25684	0,617444515	4,651313965	1,00777092493169	236,1672488
64041,25684	0,618070364	4,654036621	1,00762880493169	236,3054898
64051,25684	0,617682934	4,651569824	1,00774587193169	236,1802399
64061,25684	0,617533922	4,648552734	1,00794908693169	236,0270492
64071,25684	0,617593527	4,649190918	1,00781125093169	236,0594525
64081,25684	0,61711669	4,646844727	1,00770982993169	235,9403263
64091,25684	0,61699748	4,643986816	1,00774037693169	235,7952179
64101,25684	0,617414713	4,647512695	1,00774792093169	235,974242
64111,25684	0,618070364	4,652564453	1,00780668693169	236,2307415
64121,25684	0,618815422	4,660452637	1,00787802693169	236,6312585
64131,25684	0,618100166	4,654001953	1,00778582593169	236,3037295
64141,25684	0,618517399	4,656822754	1,00768524293169	236,4469537
64151,25684	0,617355108	4,648106445	1,00779774693169	236,0043892
64161,25684	0,61827898	4,654896973	1,00780026093169	236,3491735
64171,25684	0,617742538	4,650475586	1,00766391593169	236,1246807
64181,25684	0,618577003	4,656873535	1,00771094793169	236,4495321
64191,25684	0,618368387	4,656163574	1,00769334593169	236,4134843
64201,25684	0,617444515	4,648071777	1,00761669793169	236,002629
64211,25684	0,617831945	4,653561523	1,00787681593169	236,281367
64221,25684	0,617951155	4,653655762	1,00796966893169	236,2861519
64231,25684	0,617593527	4,649643555	1,00774969093169	236,0824349
64241,25684	0,61661005	4,641309082	1,00777586093169	235,6592578
64251,25684	0,618189573	4,655792969	1,00786238093169	236,3946671
64261,25684	0,618577003	4,66011377	1,00783937693169	236,6140528
64271,25684	0,618070364	4,654692383	1,00782177493169	236,3387856
64281,25684	0,618577003	4,658943848	1,00763932893169	236,5546508
64291,25684	0,618517399	4,661208496	1,00807760893169	236,6696368
64301,25684	0,616788864	4,643973145	1,00768915493169	235,7945237
64311,25684	0,616937876	4,646598633	1,00777632593169	235,9278311
64321,25684	0,616699457	4,642437012	1,00783714193169	235,7165276
64331,25684	0,617533922	4,64977832	1,00783714193169	236,0892775
64341,25684	0,617265701	4,649381348	1,00779448693169	236,0691215
64351,25684	0,617772341	4,654237305	1,00790848093169	236,3156793
64361,25684	0,61699748	4,646960449	1,00777893393169	235,946202
64371,25684	0,617176294	4,648105469	1,00768319393169	236,0043396
64381,25684	0,616669655	4,643874512	1,00782251993169	235,7895157
64391,25684	0,617682934	4,653055664	1,00765162193169	236,2556824
64401,25684	0,616133213	4,640784668	1,00782289193169	235,632631
64411,25684	0,615715981	4,635628906	1,00777306693169	235,3708508
64421,25684	0,61583519	4,633274902	1,00789991293169	235,2513279
64431,25684	0,615864992	4,630936035	1,00770386893169	235,1325735
64441,25684	0,616669655	4,642561523	1,00766074893169	235,7228496
64451,25684	0,616461039	4,641928223	1,00794005293169	235,6906942
64461,25684	0,616461039	4,641296387	1,00772165793169	235,6586132
64471,25684	0,616282225	4,639456055	1,00778023793169	235,5651716
64481,25684	0,615775585	4,635811035	1,00783276393169	235,3800983
64491,25684	0,616252422	4,639013184	1,00781553493169	235,5426851
64501,25684	0,616371632	4,642160645	1,00777865493169	235,7024953
64511,25684	0,616282225	4,641380371	1,00780379993169	235,6628774
64521,25684	0,616192818	4,639916016	1,00783471993169	235,5885258
64531,25684	0,616759062	4,644799316	1,00784943493169	235,836472
64541,25684	0,615864992	4,638047363	1,00791416193169	235,4936463
64551,25684	0,616431236	4,641800293	1,00757683693169	235,6841987
64561,25684	0,615864992	4,637168457	1,00785874793169	235,4490204
64571,25684	0,615268946	4,633018555	1,00786321893169	235,238312
64581,25684	0,615775585	4,638111328	1,00799993693169	235,496894
64591,25684	0,615954399	4,640155762	1,00784738593169	235,6006987
64601,25684	0,616431236	4,644884766	1,00793586193169	235,8408106
64611,25684	0,616043806	4,642391602	1,00773488193169	235,714222
64621,25684	0,615388155	4,636524902	1,00786591993169	235,4163444
64631,25684	0,615924597	4,639812012	1,00783797993169	235,5832451
64641,25684	0,616699457	4,647035645	1,00788137993169	235,95002
64651,25684	0,616103411	4,643513184	1,00783052893169	235,7711695
64661,25684	0,615090132	4,62993457	1,00785772393169	235,0817248
64671,25684	0,615626574	4,63513916	1,00768757093169	235,3459843
64681,25684	0,615358353	4,634665527	1,00764128493169	235,3219359
64691,25684	0,615507364	4,634360352	1,00779728093169	235,3064408
64701,25684	0,61494112	4,628821289	1,00780678093169	235,0251987
64711,25684	0,616461039	4,643674805	1,00779728093169	235,7793757
64721,25684	0,61494112	4,628858398	1,00768701293169	235,0270829
64731,25684	0,616103411	4,639667969	1,00784598893169	235,5759314
64741,25684	0,616371632	4,64039209	1,00756640593169	235,6126981
64751,25684	0,616341829	4,640900391	1,00794834193169	235,6385068
64761,25684	0,616014004	4,638143066	1,00763187793169	235,4985055
64771,25684	0,615775585	4,635400391	1,00770992293169	235,3592481
64781,25684	0,615924597	4,637948242	1,00771718693169	235,4886135
64791,25684	0,616103411	4,639208008	1,00776989993169	235,5525772
64801,25684	0,616520643	4,646073242	1,00776701293169	235,9011547
64811,25684	0,616461039	4,644515137	1,00770955093169	235,822043
64821,25684	0,616580248	4,645692871	1,00774661693169	235,8818416
64831,25684	0,616192818	4,642648926	1,00775779293169	235,7272874
64841,25684	0,616788864	4,647338867	1,00786116993169	235,965416
64851,25684	0,616788864	4,647808105	1,00794526793169	235,9892412
64861,25684	0,616371632	4,644842773	1,00784757293169	235,8386785
64871,25684	0,616669655	4,646430176	1,00780994693169	235,9192778
64881,25684	0,616848469	4,648045898	1,00771942293169	236,001315
64891,25684	0,616759062	4,646124023	1,00781115793169	235,9037331
64901,25684	0,616580248	4,646572266	1,00771402093169	235,9264923
64911,25684	0,617176294	4,650025391	1,00781301993169	236,1018223
64921,25684	0,616461039	4,644785156	1,00790559393169	235,835753
64931,25684	0,61661005	4,64515332	1,00801530393169	235,8544463
64941,25684	0,616699457	4,647595215	1,00769362493169	235,9784318
64951,25684	0,616520643	4,647779297	1,00786955193169	235,9877785
64961,25684	0,616341829	4,642728516	1,00787476693169	235,7313285
64971,25684	0,616461039	4,644395996	1,00773348593169	235,8159937
64981,25684	0,616252422	4,64159375	1,00771280993169	235,6737116
64991,25684	0,617325306	4,650600098	1,00769986493169	236,1310027
65001,25684	0,616937876	4,649165039	1,00778508093169	236,0581386
65011,25684	0,616848469	4,646223145	1,00791853893169	235,9087659
65021,25684	0,616580248	4,644787598	1,00792505893169	235,835877
65031,25684	0,616282225	4,641755371	1,00769045793169	235,6819178
65041,25684	0,616848469	4,648734375	1,00786526793169	236,0362719
65051,25684	0,615864992	4,638810059	1,00769204193169	235,5323716
65061,25684	0,617176294	4,649851563	1,00791863193169	236,0929963
65071,25684	0,617027283	4,649083496	1,00763802493169	236,0539983
65081,25684	0,616788864	4,643869141	1,00763113293169	235,789243
65091,25684	0,616431236	4,641807129	1,00775108793169	235,6845458
65101,25684	0,617027283	4,647726563	1,00791025093169	235,9851009
65111,25684	0,617831945	4,654163086	1,00776421893169	236,3119109
65121,25684	0,617086887	4,648939941	1,00777837493169	236,0467094
65131,25684	0,617682934	4,654151855	1,00778489493169	236,3113407
65141,25684	0,617414713	4,656208984	1,00777530193169	236,41579
65151,25684	0,616520643	4,647534668	1,00786265993169	235,9753576
65161,25684	0,615715981	4,638248047	1,00767257693169	235,5038358
65171,25684	0,616461039	4,646142578	1,00764743093169	235,9046752
65181,25684	0,617265701	4,651859863	1,00762358893169	236,1949664
65191,25684	0,617414713	4,653099121	1,00782997093169	236,2578889
65201,25684	0,616520643	4,646027832	1,00770833993169	235,898849
65211,25684	0,617265701	4,652029785	1,00765339193169	236,2035941
65221,25684	0,617414713	4,651888672	1,00784673393169	236,1964291
65231,25684	0,616759062	4,646371094	1,00781674593169	235,9162779
65241,25684	0,617414713	4,653088867	1,00812166093169	236,2573682
65251,25684	0,617086887	4,649950195	1,00790382393169	236,0980043
65261,25684	0,617027283	4,64751123	1,00774242593169	235,9741676
65271,25684	0,616580248	4,644836426	1,00780044793169	235,8383562
65281,25684	0,61711669	4,650359863	1,00793325393169	236,1188049
65291,25684	0,616788864	4,644843262	1,00765273993169	235,8387033
65301,25684	0,616133213	4,64101416	1,00773059793169	235,6442833
65311,25684	0,616669655	4,645590332	1,00784440593169	235,8766353
65321,25684	0,616788864	4,646155273	1,00776263593169	235,9053198
65331,25684	0,61699748	4,64641748	1,00777911993169	235,9186332
65341,25684	0,616043806	4,641233398	1,00764556893169	235,655415
65351,25684	0,617355108	4,649535156	1,00781674593169	236,076931
65361,25684	0,616699457	4,646062012	1,00793781793169	235,9005845
65371,25684	0,617533922	4,651830078	1,00780650093169	236,1934541
65381,25684	0,617921352	4,655638184	1,00779932993169	236,386808
65391,25684	0,616371632	4,64367334	1,00781525593169	235,7793013
65401,25684	0,616788864	4,64733252	1,00774978393169	235,9650937
65411,25684	0,616937876	4,646583984	1,00777632593169	235,9270873
65421,25684	0,617533922	4,653795898	1,00769986493169	236,2932672
65431,25684	0,618100166	4,6570625	1,00773003993169	236,4591267
65441,25684	0,617921352	4,654993652	1,00787318393169	236,3540824
65451,25684	0,617831945	4,654544434	1,00782661793169	236,3312736
65461,25684	0,61711669	4,64873291	1,00764156393169	236,0361975
65471,25684	0,617206097	4,649714355	1,00797534993169	236,0860297
65481,25684	0,616431236	4,643490723	1,00784841093169	235,7700291
65491,25684	0,616937876	4,647966309	1,00754573093169	235,9972739
65501,25684	0,617355108	4,650639648	1,00779625693169	236,1330108
65511,25684	0,616669655	4,645774414	1,00787076193169	235,8859819
65521,25684	0,616848469	4,646249512	1,00781264793169	235,9101047
65531,25684	0,617086887	4,64870459	1,00787299793169	236,0347596
65541,25684	0,617086887	4,645836426	1,00770340393169	235,8891305
65551,25684	0,617206097	4,649258301	1,00771606993169	236,0628739
65561,25684	0,617414713	4,651339355	1,00768999293169	236,168538
65571,25684	0,617861748	4,657486816	1,00776813093169	236,4806711
65581,25684	0,617414713	4,653820313	1,00790661793169	236,2945069
65591,25684	0,617027283	4,648352051	1,00750531093169	236,0168596
65601,25684	0,617265701	4,651767578	1,00778833993169	236,1902807
65611,25684	0,617027283	4,650548828	1,00763867693169	236,1283995
65621,25684	0,61711669	4,651233398	1,00781227493169	236,1631581
65631,25684	0,617355108	4,65314502	1,00791565193169	236,2602193
65641,25684	0,617206097	4,649914551	1,00790205493169	236,0961945
65651,25684	0,616520643	4,644759766	1,00778563993169	235,8344639
65661,25684	0,61699748	4,646846191	1,00781311393169	235,9404007
65671,25684	0,616848469	4,647277344	1,00779551193169	235,9622921
65681,25684	0,617325306	4,651506836	1,00765255393169	236,1770417
65691,25684	0,617265701	4,651854004	1,00787644393169	236,1946689
65701,25684	0,617206097	4,651216797	1,00773283393169	236,1623151
65711,25684	0,617831945	4,655828613	1,00755420593169	236,3964769
65721,25684	0,616669655	4,648157227	1,00767667493169	236,0069676
65731,25684	0,616520643	4,644542969	1,00787336993169	235,8234561
65741,25684	0,617414713	4,653634277	1,00758624293169	236,285061
65751,25684	0,618010759	4,65759668	1,00779886393169	236,4862493
65761,25684	0,617325306	4,652730957	1,00798112393169	236,2391956
65771,25684	0,616937876	4,650557129	1,00782466193169	236,128821
65781,25684	0,617444515	4,653524414	1,00772957393169	236,2794828
65791,25684	0,618249178	4,659547363	1,00772435893169	236,5852939
65801,25684	0,616788864	4,647150391	1,00769176193169	235,9558462
65811,25684	0,616759062	4,646512207	1,00779932993169	235,9234429
65821,25684	0,616043806	4,640206055	1,00785334693169	235,6032523
65831,25684	0,616341829	4,641585449	1,00782419593169	235,6732901
65841,25684	0,617682934	4,654227539	1,00771262393169	236,3151835
65851,25684	0,617533922	4,654134277	1,00779001693169	236,3104482
65861,25684	0,617951155	4,658032715	1,00799537293169	236,5083887
65871,25684	0,617444515	4,654367676	1,00788827093169	236,3222988
65881,25684	0,616461039	4,646051758	1,00777884093169	235,9000639
65891,25684	0,617444515	4,652199219	1,00771383493169	236,2121969
65901,25684	0,616580248	4,646584961	1,00780594193169	235,9271369
65911,25684	0,617176294	4,649584473	1,00778787493169	236,079435
65921,25684	0,617831945	4,658206543	1,00778349793169	236,5172147
65931,25684	0,617206097	4,653305176	1,00793940093169	236,2683511
65941,25684	0,617772341	4,654691895	1,00795392993169	236,3387608
65951,25684	0,617325306	4,650270508	1,00791583793169	236,114268
65961,25684	0,616520643	4,644498535	1,00772100593169	235,8212001
65971,25684	0,617206097	4,652190918	1,00782512793169	236,2117755
65981,25684	0,61711669	4,649431152	1,00762247193169	236,0716503
65991,25684	0,616788864	4,648436523	1,00772948093169	236,0211487
66001,25684	0,616878271	4,650132324	1,00760887493169	236,1072518
66011,25684	0,616788864	4,646973633	1,00783378893169	235,9468714
66021,25684	0,616252422	4,640768555	1,00773683793169	235,6318129
66031,25684	0,615864992	4,638146973	1,00785213593169	235,4987039
66041,25684	0,616937876	4,645827637	1,00786200793169	235,8886843
66051,25684	0,616699457	4,64375293	1,00774773493169	235,7833425
66061,25684	0,61661005	4,644789063	1,00812352293169	235,8359514
66071,25684	0,616520643	4,644855469	1,00793185693169	235,8393231
66081,25684	0,617414713	4,650679688	1,00767900293169	236,1350438
66091,25684	0,617086887	4,64855127	1,00759918893169	236,0269748
66101,25684	0,617593527	4,653587402	1,00769362493169	236,282681
66111,25684	0,617951155	4,656458496	1,00785595393169	236,4284588
66121,25684	0,617444515	4,652929688	1,00763904893169	236,249286
66131,25684	0,616878271	4,645976074	1,00773879393169	235,8962211
66141,25684	0,616669655	4,644438477	1,00775909693169	235,8181506
66151,25684	0,61711669	4,648371094	1,00770638393169	236,0178265
66161,25684	0,61711669	4,648588867	1,00773301993169	236,0288838
66171,25684	0,618159771	4,657795898	1,00785846893169	236,4963645
66181,25684	0,616848469	4,646354492	1,00773804893169	235,915435
66191,25684	0,61750412	4,652333496	1,00766000393169	236,2190148
66201,25684	0,618010759	4,658575684	1,00787197293169	236,5359575
66211,25684	0,617861748	4,658106934	1,00786377793169	236,5121571
66221,25684	0,617086887	4,650681641	1,00775471993169	236,135143
66231,25684	0,617444515	4,653841797	1,00769893293169	236,2955977
66241,25684	0,617444515	4,651873535	1,00766782693169	236,1956606
66251,25684	0,616759062	4,647752441	1,00780668693169	235,9864149
66261,25684	0,617831945	4,654320313	1,00768757093169	236,319894
66271,25684	0,61750412	4,653906738	1,00792682793169	236,2988951
66281,25684	0,617831945	4,655634277	1,00775090093169	236,3866097
66291,25684	0,618368387	4,661239258	1,00765478893169	236,6711987
66301,25684	0,617921352	4,657033203	1,00803541993169	236,4576392
66311,25684	0,617623329	4,655162109	1,00781087793169	236,3626357
66321,25684	0,616461039	4,642945801	1,00772351993169	235,742361
66331,25684	0,616759062	4,645636719	1,00778545293169	235,8789905
66341,25684	0,617265701	4,649328613	1,00781106493169	236,0664439
66351,25684	0,61699748	4,646450684	1,00787839893169	235,920319
66361,25684	0,616461039	4,64129248	1,00765665093169	235,6584148
66371,25684	0,616043806	4,637018066	1,00765432293169	235,4413844
66381,25684	0,61699748	4,645197266	1,00786517493169	235,8566776
66391,25684	0,61699748	4,645925293	1,00779225193169	235,8936427
66401,25684	0,618070364	4,655279785	1,00765609293169	236,3686106
66411,25684	0,617027283	4,65029834	1,00777548793169	236,1156811
66421,25684	0,61711669	4,649275391	1,00766168093169	236,0637416
66431,25684	0,617444515	4,650570313	1,00769995793169	236,1294904
66441,25684	0,616937876	4,645413574	1,00755113293169	235,8676605
66451,25684	0,616580248	4,64253418	1,00778694293169	235,7214613
66461,25684	0,61661005	4,640863281	1,00769381093169	235,6366226
66471,25684	0,616788864	4,644419922	1,00778750193169	235,8172085
66481,25684	0,616788864	4,644856934	1,00773478893169	235,8393975
66491,25684	0,617206097	4,649543457	1,00789544293169	236,0773525
66501,25684	0,617325306	4,650454102	1,00771588393169	236,1235898
66511,25684	0,618427992	4,659959961	1,00771122693169	236,6062433
66521,25684	0,618070364	4,655638672	1,00780212393169	236,3868328
66531,25684	0,617027283	4,647208496	1,00768868893169	235,9587965
66541,25684	0,617623329	4,65111084	1,00785157693169	236,1569353
66551,25684	0,617861748	4,654989258	1,00793474393169	236,3538592
66561,25684	0,617355108	4,651192871	1,00769287993169	236,1611003
66571,25684	0,617742538	4,653114258	1,00779029593169	236,2586574
66581,25684	0,617444515	4,65120459	1,00773348593169	236,1616953
66591,25684	0,618427992	4,661008301	1,00791630393169	236,659472
66601,25684	0,617176294	4,648866211	1,00773385793169	236,0429658
66611,25684	0,617921352	4,655585938	1,00767052793169	236,3841552
66621,25684	0,61750412	4,651677246	1,00775714093169	236,1856941
66631,25684	0,617831945	4,653224609	1,00784598893169	236,2642604
66641,25684	0,617086887	4,646892578	1,00789115793169	235,9427559
66651,25684	0,61711669	4,647419434	1,00777204193169	235,9695067
66661,25684	0,616520643	4,644211914	1,00782158893169	235,8066471
66671,25684	0,616669655	4,644336914	1,00769762993169	235,8129939
66681,25684	0,61711669	4,647902832	1,00803104293169	235,9940509
66691,25684	0,617086887	4,646726563	1,00787038993169	235,9343266
66701,25684	0,617414713	4,650524902	1,00787160093169	236,1271847
66711,25684	0,617861748	4,654452148	1,00790121693169	236,3265879
66721,25684	0,617772341	4,652241211	1,00766661693169	236,2143291
66731,25684	0,618070364	4,654212402	1,00785399893169	236,3144149
66741,25684	0,617206097	4,64753418	1,00776393993169	235,9753328
66751,25684	0,618845224	4,663191406	1,00786591993169	236,7703177
66761,25684	0,618189573	4,657242188	1,00785315993169	236,4682502
66771,25684	0,618338585	4,65686377	1,00777809593169	236,4490363
66781,25684	0,618100166	4,656925781	1,00784505793169	236,4521849
66791,25684	0,617682934	4,654804688	1,00770731493169	236,3444878
66801,25684	0,618010759	4,655503418	1,00775742093169	236,3799654
66811,25684	0,617265701	4,649688477	1,00780696693169	236,0847157
66821,25684	0,617921352	4,654342285	1,00781190293169	236,3210097
66831,25684	0,617176294	4,648583496	1,00763560393169	236,0286111
66841,25684	0,618070364	4,653810547	1,00772147093169	236,294011
66851,25684	0,618010759	4,65445166	1,00767015593169	236,3265631
66861,25684	0,616759062	4,644728516	1,00770498693169	235,8328772
66871,25684	0,616848469	4,642800293	1,00764472993169	235,734973
66881,25684	0,616848469	4,645480957	1,00783090193169	235,8710818
66891,25684	0,616103411	4,636795898	1,00771085393169	235,430104
66901,25684	0,616848469	4,64573291	1,00786321893169	235,8838746
66911,25684	0,61699748	4,64571875	1,00783229893169	235,8831556
66921,25684	0,617265701	4,649825195	1,00765488193169	236,0916575
66931,25684	0,617444515	4,65140332	1,00777548793169	236,1717857
66941,25684	0,617831945	4,654480469	1,00754954893169	236,3280258
66951,25684	0,617027283	4,646737793	1,00786256693169	235,9348968
66961,25684	0,61661005	4,642371094	1,00783034293169	235,7131807
66971,25684	0,617355108	4,650978516	1,00792096093169	236,1502166
66981,25684	0,616461039	4,644782715	1,00786452293169	235,8356291
66991,25684	0,616759062	4,644177246	1,00783332293169	235,8048868
67001,25684	0,616699457	4,645323242	1,00780203093169	235,863074
67011,25684	0,616341829	4,644615723	1,00775145993169	235,8271502
67021,25684	0,616341829	4,643198242	1,00772016793169	235,7551786
67031,25684	0,61661005	4,646733887	1,00791062293169	235,9346985
67041,25684	0,616252422	4,643498535	1,00765534793169	235,7704258
67051,25684	0,615715981	4,636806641	1,00769530093169	235,4306494
67061,25684	0,615954399	4,638911133	1,00790317193169	235,5375036
67071,25684	0,616252422	4,642794922	1,00769707093169	235,7347003
67081,25684	0,616461039	4,642516113	1,00772221693169	235,720544
67091,25684	0,616252422	4,642449707	1,00788817793169	235,7171722
67101,25684	0,616669655	4,645615723	1,00776086593169	235,8779245
67111,25684	0,615596771	4,637049805	1,00782568593169	235,4429959
67121,25684	0,616431236	4,644541992	1,00759332093169	235,8234066
67131,25684	0,616282225	4,642746582	1,00776542993169	235,7322459
67141,25684	0,616014004	4,641518066	1,00782875993169	235,6698688
67151,25684	0,615775585	4,639419434	1,00768235593169	235,5633122
67161,25684	0,615596771	4,635587891	1,00766084193169	235,3687682
67171,25684	0,615596771	4,635499023	1,00761185493169	235,3642561
67181,25684	0,615954399	4,639380371	1,00789488393169	235,5613288
67191,25684	0,616371632	4,641042969	1,00763849093169	235,6457461
67201,25684	0,616341829	4,642452637	1,00792626893169	235,717321
67211,25684	0,61661005	4,643583984	1,00774326393169	235,7747644
67221,25684	0,616282225	4,641612793	1,00763048093169	235,6746785
67231,25684	0,616341829	4,640762695	1,00768943393169	235,6315154
67241,25684	0,615626574	4,635245117	1,00753353093169	235,3513642
67251,25684	0,616341829	4,643461426	1,00797972693169	235,7685415
67261,25684	0,616520643	4,643401367	1,00765767593169	235,7654921
67271,25684	0,616192818	4,643387207	1,00799220693169	235,7647731
67281,25684	0,616759062	4,645998535	1,00769958493169	235,8973615
67291,25684	0,616669655	4,646223633	1,00769679093169	235,9087907
67301,25684	0,616014004	4,640239258	1,00763513793169	235,6049382
67311,25684	0,616133213	4,641741211	1,00754722093169	235,6811988
67321,25684	0,616043806	4,64152832	1,00781786293169	235,6703895
67331,25684	0,615388155	4,636959473	1,00782950493169	235,4384094
67341,25684	0,615686178	4,638344727	1,00790801493169	235,5087447
67351,25684	0,616252422	4,64202832	1,00773348593169	235,6957766
67361,25684	0,616103411	4,638901855	1,00789441793169	235,5370325
67371,25684	0,617027283	4,649623047	1,00769958493169	236,0813936
67381,25684	0,616937876	4,649131836	1,00788342793169	236,0564527
67391,25684	0,616192818	4,641193848	1,00780976093169	235,6534068
67401,25684	0,616192818	4,641933105	1,00779709493169	235,6909421
67411,25684	0,615686178	4,636133301	1,00763010893169	235,3964611
67421,25684	0,616103411	4,640949707	1,00776365993169	235,6410108
67431,25684	0,616699457	4,645406738	1,00787839893169	235,8673134
67441,25684	0,617086887	4,649833984	1,00801800493169	236,0921038
67451,25684	0,616431236	4,645387695	1,00775341593169	235,8663466
67461,25684	0,616788864	4,646563477	1,00778815393169	235,926046
67471,25684	0,617176294	4,650267578	1,00779532493169	236,1141192
67481,25684	0,617623329	4,653070801	1,00780370693169	236,2564509
67491,25684	0,615715981	4,637740234	1,00780137893169	235,478052
67501,25684	0,616282225	4,641706543	1,00757627793169	235,6794386
67511,25684	0,616848469	4,646922363	1,00785595393169	235,9442683
67521,25684	0,61699748	4,646812988	1,00782792193169	235,9387148
67531,25684	0,61661005	4,645507324	1,00790689793169	235,8724206
67541,25684	0,616192818	4,638805176	1,00790605993169	235,5321237
67551,25684	0,616282225	4,642710938	1,00784198493169	235,730436
67561,25684	0,616669655	4,644766602	1,00773599993169	235,8348109
67571,25684	0,616878271	4,648083008	1,00775145993169	236,0031992
67581,25684	0,61661005	4,645276855	1,00769707093169	235,8607187
67591,25684	0,616580248	4,642933594	1,00777083193169	235,7417412
67601,25684	0,616878271	4,646831055	1,00769055193169	235,9396321
67611,25684	0,616431236	4,643443848	1,00799192793169	235,767649
67621,25684	0,61661005	4,645359863	1,00800235793169	235,8649334
67631,25684	0,616282225	4,641381348	1,00776431193169	235,662927
67641,25684	0,616937876	4,646064453	1,00775630293169	235,9007085
67651,25684	0,616043806	4,640645508	1,00784058793169	235,6255653
67661,25684	0,616848469	4,646924316	1,00772724593169	235,9443674
67671,25684	0,616878271	4,6449375	1,00752393793169	235,8434882
67681,25684	0,617414713	4,65029541	1,00757767493169	236,1155324
67691,25684	0,617325306	4,65202002	1,00773432393169	236,2030982
67701,25684	0,617533922	4,652655273	1,00764715193169	236,2353528
67711,25684	0,616937876	4,649447754	1,00773851493169	236,0724932
67721,25684	0,61699748	4,649150391	1,00802973893169	236,0573948
67731,25684	0,616580248	4,645182129	1,00770982993169	235,8559091
67741,25684	0,616282225	4,642709473	1,00794023893169	235,7303616
67751,25684	0,616341829	4,641290527	1,00779076193169	235,6583157
67761,25684	0,617206097	4,648814453	1,00770275193169	236,0403378
67771,25684	0,617176294	4,649782715	1,00769809493169	236,0895006
67781,25684	0,616192818	4,642712891	1,00767453293169	235,7305352
67791,25684	0,616192818	4,643453613	1,00772677993169	235,7681449
67801,25684	0,616461039	4,646368652	1,00788761893169	235,916154
67811,25684	0,616878271	4,650516113	1,00790168193169	236,1267384
67821,25684	0,617593527	4,656915527	1,00769883993169	236,4516642
67831,25684	0,61699748	4,647894043	1,00776319493169	235,9936046
67841,25684	0,615924597	4,639266113	1,00771141293169	235,5555275
67851,25684	0,616341829	4,642977539	1,00758680193169	235,7439725
67861,25684	0,617682934	4,655032715	1,00784766593169	236,3560657
67871,25684	0,616341829	4,643239746	1,00783742093169	235,7572859
67881,25684	0,616282225	4,642452148	1,00781190293169	235,7172962
67891,25684	0,616520643	4,643223633	1,00774587193169	235,7564678
67901,25684	0,616103411	4,642469727	1,00775090093169	235,7181887
67911,25684	0,617027283	4,649705566	1,00759685993169	236,0855835
67921,25684	0,617414713	4,65278418	1,00775164593169	236,2418979
67931,25684	0,617682934	4,65492334	1,00758000393169	236,3505123
67941,25684	0,617742538	4,656996582	1,00756193593169	236,4557797
67951,25684	0,61750412	4,654657715	1,00775909693169	236,3370254
67961,25684	0,616759062	4,647985352	1,00780128593169	235,9982407
67971,25684	0,616133213	4,642318359	1,00776831693169	235,7105031
67981,25684	0,617206097	4,651009277	1,00776878293169	236,1517785
67991,25684	0,617027283	4,649797363	1,00782037793169	236,0902444
68001,25684	0,617951155	4,657574707	1,00777381193169	236,4851336
68011,25684	0,616520643	4,646099609	1,00800133393169	235,9024935
68021,25684	0,616431236	4,64352002	1,00776002793169	235,7715166
68031,25684	0,617325306	4,652039551	1,00783341593169	236,2040899
68041,25684	0,616192818	4,642661133	1,00764705893169	235,7279072
68051,25684	0,617027283	4,650422363	1,00788324193169	236,1219783
68061,25684	0,617444515	4,653624023	1,00776962093169	236,2845404
68071,25684	0,617086887	4,651164063	1,00795141493169	236,1596376
68081,25684	0,618010759	4,658255371	1,00775648893169	236,5196939
68091,25684	0,617355108	4,651183105	1,00793502393169	236,1606045
68101,25684	0,61661005	4,644685547	1,00797497693169	235,8306954
68111,25684	0,616341829	4,642791992	1,00801250993169	235,7345515
68121,25684	0,615954399	4,638874023	1,00791239293169	235,5356194
68131,25684	0,61583519	4,636783203	1,00774540593169	235,4294594
68141,25684	0,617414713	4,64945166	1,00772081993169	236,0726916
68151,25684	0,616788864	4,645890137	1,00787700193169	235,8918577
68161,25684	0,616669655	4,644109375	1,00774978393169	235,8014407
68171,25684	0,616848469	4,645291504	1,00783164693169	235,8614625
68181,25684	0,617593527	4,652576172	1,00762191293169	236,2313365
68191,25684	0,616937876	4,648088379	1,00773627893169	236,0034719
68201,25684	0,61699748	4,648635254	1,00764594093169	236,0312391
68211,25684	0,616878271	4,648550781	1,00799174093169	236,0269501
68221,25684	0,616878271	4,650447266	1,00777688493169	236,1232427
68231,25684	0,618100166	4,66032959	1,00772202993169	236,6250109
68241,25684	0,617265701	4,653070801	1,00776524393169	236,2564509
68251,25684	0,61661005	4,646381836	1,00761278593169	235,9168234
68261,25684	0,61661005	4,645469727	1,00778005193169	235,8705116
68271,25684	0,617772341	4,658158203	1,00776459193169	236,5147603
68281,25684	0,616848469	4,648334961	1,00783062193169	236,0159919
68291,25684	0,616759062	4,645446289	1,00768077293169	235,8693216
68301,25684	0,617772341	4,655485352	1,00782093693169	236,3790481
68311,25684	0,617593527	4,653721191	1,00777157693169	236,289474
68321,25684	0,617176294	4,651352539	1,00779551193169	236,1692074
68331,25684	0,616520643	4,645106445	1,00780417293169	235,8520663
68341,25684	0,61661005	4,647659668	1,00777409093169	235,9817044
68351,25684	0,616669655	4,646981934	1,00785213593169	235,9472929
68361,25684	0,616461039	4,643214844	1,00752738393169	235,7560215
68371,25684	0,617414713	4,653360352	1,00792841093169	236,2711527
68381,25684	0,617206097	4,652405273	1,00777427693169	236,2226592
68391,25684	0,617444515	4,655210938	1,00770759493169	236,3651149
68401,25684	0,617861748	4,656250488	1,00757963093169	236,4178973
68411,25684	0,61699748	4,651086914	1,00787122793169	236,1557204
68421,25684	0,617206097	4,650177246	1,00757488093169	236,1095327
68431,25684	0,616461039	4,644045898	1,00769064493169	235,7982177
68441,25684	0,616848469	4,647710449	1,00780594193169	235,9842828
68451,25684	0,617027283	4,647266602	1,00765329893169	235,9617467
68461,25684	0,616937876	4,646776367	1,00781553493169	235,9368554
68471,25684	0,616252422	4,644134766	1,00793325393169	235,8027299
68481,25684	0,61699748	4,648756348	1,00777828193169	236,0373875
68491,25684	0,616192818	4,643299805	1,00782391693169	235,7603353
68501,25684	0,616699457	4,645900879	1,00792841093169	235,8924031
68511,25684	0,616788864	4,646298828	1,00778237993169	235,9126087
68521,25684	0,616788864	4,645796387	1,00768812993169	235,8870976
68531,25684	0,616043806	4,641194336	1,00784524393169	235,6534316
68541,25684	0,61699748	4,64729248	1,00781451093169	235,9630607
68551,25684	0,617533922	4,654218262	1,00793539593169	236,3147125
68561,25684	0,616788864	4,646269531	1,00786284593169	235,9111212
68571,25684	0,616282225	4,641568848	1,00787923693169	235,6724472
68581,25684	0,616371632	4,644285645	1,00763029493169	235,8103907
68591,25684	0,61661005	4,646450684	1,00773981893169	235,920319
68601,25684	0,61699748	4,647810059	1,00779532493169	235,9893404
68611,25684	0,617355108	4,652171387	1,00788808493169	236,2107838
68621,25684	0,617444515	4,652009766	1,00786396393169	236,2025776
68631,25684	0,61699748	4,647359863	1,00777949293169	235,966482
68641,25684	0,617951155	4,65783252	1,00766633693169	236,4982239
68651,25684	0,616878271	4,649277344	1,00770321793169	236,0638408
68661,25684	0,617086887	4,648976074	1,00777660593169	236,048544
68671,25684	0,616848469	4,644924316	1,00765842093169	235,8428188
68681,25684	0,616878271	4,646994141	1,00786536093169	235,9479127
68691,25684	0,616878271	4,647181152	1,00772528993169	235,9574081
68701,25684	0,61711669	4,648959473	1,00766140093169	236,0477011
68711,25684	0,616937876	4,648177734	1,00772901493169	236,0080089
68721,25684	0,616669655	4,645457031	1,00788715393169	235,869867
68731,25684	0,616103411	4,638624512	1,00780389293169	235,5229506
68741,25684	0,617444515	4,650425293	1,00801874993169	236,1221271
68751,25684	0,61661005	4,642248047	1,00770573193169	235,7069331
68761,25684	0,617831945	4,656583984	1,00779243793169	236,4348304
68771,25684	0,616848469	4,64867334	1,00772510393169	236,0331729
68781,25684	0,616699457	4,644416016	1,00774698993169	235,8170102
68791,25684	0,616937876	4,647431641	1,00788063393169	235,9701265
68801,25684	0,617921352	4,653632813	1,00767890993169	236,2849867
68811,25684	0,616759062	4,645244141	1,00778265893169	235,8590577
68821,25684	0,617325306	4,651612793	1,00762573093169	236,1824216
68831,25684	0,617772341	4,65529541	1,00775872393169	236,3694039
68841,25684	0,617623329	4,654900391	1,00768337993169	236,3493471
68851,25684	0,617444515	4,65382666	1,00770964393169	236,2948292
68861,25684	0,617682934	4,653625977	1,00771755993169	236,2846396
68871,25684	0,617086887	4,64902832	1,00764147093169	236,0511968
68881,25684	0,617325306	4,651503906	1,00781236893169	236,1768929
68891,25684	0,617444515	4,652423828	1,00777837493169	236,2236013
68901,25684	0,617086887	4,647474121	1,00770386893169	235,9722834
68911,25684	0,617921352	4,654634766	1,00785884193169	236,3358601
68921,25684	0,616282225	4,642657715	1,00785977293169	235,7277337
68931,25684	0,617265701	4,6518125	1,00786275293169	236,1925616
68941,25684	0,617682934	4,654709961	1,00777837493169	236,3396781
68951,25684	0,617176294	4,651211426	1,00772817693169	236,1620424
68961,25684	0,617355108	4,652981445	1,00763299593169	236,251914
68971,25684	0,616848469	4,648116211	1,00772417193169	236,004885
68981,25684	0,616759062	4,647161621	1,00788380093169	235,9564164
68991,25684	0,617414713	4,651916504	1,00766959693169	236,1978423
69001,25684	0,616937876	4,649067383	1,00789134493169	236,0531801
69011,25684	0,616669655	4,645738281	1,00783667593169	235,8841473
69021,25684	0,618010759	4,65580957	1,00777138993169	236,39551
69031,25684	0,617206097	4,649488281	1,00778210093169	236,074551
69041,25684	0,615954399	4,638913086	1,00766391593169	235,5376027
69051,25684	0,616788864	4,644114746	1,00780668693169	235,8017134
69061,25684	0,61750412	4,650571289	1,00772314793169	236,1295399
69071,25684	0,617742538	4,654443848	1,00794489593169	236,3261664
69081,25684	0,61711669	4,648257324	1,00773115693169	236,01205
69091,25684	0,617206097	4,648084961	1,00765245993169	236,0032983
69101,25684	0,617176294	4,647565918	1,00756007293169	235,9769443
69111,25684	0,61711669	4,648480469	1,00780864293169	236,02338
69121,25684	0,617086887	4,648308594	1,00785250893169	236,0146531
69131,25684	0,61661005	4,643689941	1,00768300793169	235,7801443
69141,25684	0,616788864	4,644865234	1,00780957493169	235,839819
69151,25684	0,616431236	4,641765137	1,00787215893169	235,6824136
69161,25684	0,61661005	4,642848145	1,00783369593169	235,7374026
69171,25684	0,616759062	4,643809082	1,00775276393169	235,7861936
69181,25684	0,617444515	4,64907666	1,00786843393169	236,0536512
69191,25684	0,616580248	4,643722168	1,00785576793169	235,7817806
69201,25684	0,616937876	4,644616211	1,00785446393169	235,827175
69211,25684	0,617772341	4,652157227	1,00784291593169	236,2100648
69221,25684	0,617861748	4,654759766	1,00783751393169	236,3422069
69231,25684	0,617325306	4,649414063	1,00770126193169	236,0707826
69241,25684	0,618249178	4,657505371	1,00796901693169	236,4816132
69251,25684	0,617027283	4,646288574	1,00783090193169	235,9120881
69261,25684	0,618577003	4,659558105	1,00783956293169	236,5858393
69271,25684	0,617325306	4,651146973	1,00767611593169	236,1587699
69281,25684	0,617414713	4,65126123	1,00781432393169	236,1645712
69291,25684	0,61699748	4,647557617	1,00770908493169	235,9765228
69301,25684	0,616788864	4,645343262	1,00770796693169	235,8640905
69311,25684	0,616937876	4,645822754	1,00778191393169	235,8884363
69321,25684	0,61699748	4,646213379	1,00790335893169	235,9082701
69331,25684	0,617772341	4,652547363	1,00771746693169	236,2298737
69341,25684	0,618100166	4,6556875	1,00763215793169	236,389312
69351,25684	0,617921352	4,656357422	1,00776766493169	236,4233268
69361,25684	0,617682934	4,652817383	1,00764165693169	236,2435838
69371,25684	0,618159771	4,657644531	1,00767294993169	236,4886789
69381,25684	0,617176294	4,649554199	1,00796920293169	236,0778979
69391,25684	0,617176294	4,650271973	1,00764752393169	236,1143424
69401,25684	0,616759062	4,64658252	1,00788063393169	235,9270129
69411,25684	0,616937876	4,646288574	1,00765888693169	235,9120881
69421,25684	0,616848469	4,645256348	1,00759238993169	235,8596775
69431,25684	0,617027283	4,646851563	1,00786238093169	235,9406734
69441,25684	0,616788864	4,645815918	1,00771336893169	235,8880893
69451,25684	0,617206097	4,649135742	1,00782689693169	236,056651
69461,25684	0,617325306	4,64944043	1,00786936493169	236,0721213
69471,25684	0,616788864	4,645976074	1,00776589593169	235,8962211
69481,25684	0,617086887	4,649708008	1,00772407893169	236,0857074
69491,25684	0,616282225	4,644466309	1,00780230993169	235,8195638
69501,25684	0,616043806	4,639125	1,00782689693169	235,5483625
69511,25684	0,615924597	4,63870459	1,00778843393169	235,5270165
69521,25684	0,616192818	4,642395508	1,00776664093169	235,7144203
69531,25684	0,616431236	4,642197754	1,00769334593169	235,7043795
69541,25684	0,616431236	4,644981934	1,00779290393169	235,8457443
69551,25684	0,616878271	4,646843262	1,00776403293169	235,9402519
69561,25684	0,615715981	4,638467285	1,00791686293169	235,5149675
69571,25684	0,615954399	4,639672852	1,00780948093169	235,5761793
69581,25684	0,616371632	4,642269531	1,00776058693169	235,7080239
69591,25684	0,616043806	4,64026709	1,00786219393169	235,6063514
69601,25684	0,616282225	4,642078613	1,00787998293169	235,6983302
69611,25684	0,616878271	4,64845166	1,00782438293169	236,0219172
69621,25684	0,615388155	4,635657715	1,00791667693169	235,3723135
69631,25684	0,615864992	4,640367676	1,00773180893169	235,6114585
69641,25684	0,61544776	4,634857422	1,00772817693169	235,3316792
69651,25684	0,616133213	4,641753418	1,00775928293169	235,6818186
69661,25684	0,616461039	4,643455078	1,00793027393169	235,7682192
69671,25684	0,615596771	4,637586914	1,00804519893169	235,4702673
69681,25684	0,616103411	4,643261719	1,00782466193169	235,7584016
69691,25684	0,61583519	4,638226563	1,00771578993169	235,502745
69701,25684	0,61583519	4,637812988	1,00775844493169	235,481746
69711,25684	0,615537167	4,635773438	1,00797451193169	235,3781893
69721,25684	0,616043806	4,641462891	1,00775974893169	235,6670673
69731,25684	0,615298748	4,635228027	1,00770517293169	235,3504964
69741,25684	0,616043806	4,642006348	1,00785912093169	235,694661
69751,25684	0,616043806	4,643634277	1,00771141293169	235,777318
69761,25684	0,615537167	4,638831055	1,00758344893169	235,5334377
69771,25684	0,615537167	4,638017578	1,00776654693169	235,4921339
69781,25684	0,615030527	4,633226563	1,00769492893169	235,2488734
69791,25684	0,615388155	4,636912109	1,00771402093169	235,4360045
69801,25684	0,614970922	4,631412598	1,00764268193169	235,1567706
69811,25684	0,616192818	4,64108252	1,00784244993169	235,6477542
69821,25684	0,615507364	4,637118164	1,00761781493169	235,4464668
69831,25684	0,615864992	4,639212402	1,00773916693169	235,5528003
69841,25684	0,61544776	4,636933105	1,00796110093169	235,4370706
69851,25684	0,615626574	4,638169922	1,00775807193169	235,4998691
69861,25684	0,615298748	4,634769043	1,00776980693169	235,3271918
69871,25684	0,61544776	4,636290527	1,00770861893169	235,4044441
69881,25684	0,615268946	4,635699707	1,00801399993169	235,3744456
69891,25684	0,615715981	4,638422363	1,00773506893169	235,5126866
69901,25684	0,616341829	4,644742188	1,00781870193169	235,8335713
69911,25684	0,615715981	4,640358887	1,00774661693169	235,6110123
69921,25684	0,616461039	4,646203613	1,00780007493169	235,9077742
69931,25684	0,616669655	4,647777344	1,00782885293169	235,9876793
69941,25684	0,61661005	4,648277344	1,00788650193169	236,0130665
69951,25684	0,617444515	4,656145996	1,00802824893169	236,4125918
69961,25684	0,616699457	4,64905127	1,00780137893169	236,052362
69971,25684	0,615537167	4,639780273	1,00775518493169	235,5816336
69981,25684	0,616192818	4,643415039	1,00772882893169	235,7661863
69991,25684	0,615864992	4,640854004	1,00769502193169	235,6361515
70001,25684	0,615388155	4,637171875	1,00783304393169	235,449194
70011,25684	0,615268946	4,635003418	1,00760691893169	235,3390921
70021,25684	0,615954399	4,639666992	1,00796007593169	235,5758818
70031,25684	0,615298748	4,636149902	1,00767965493169	235,397304
70041,25684	0,615507364	4,63817041	1,00777399793169	235,4998939
70051,25684	0,615715981	4,638669922	1,00784924893169	235,5252563
70061,25684	0,616103411	4,643148926	1,00783611693169	235,7526746
70071,25684	0,616103411	4,641938965	1,00779374193169	235,6912396
70081,25684	0,615775585	4,640034668	1,00789814293169	235,5945503
70091,25684	0,616192818	4,64515918	1,00766773393169	235,8547438
70101,25684	0,616341829	4,646063477	1,00784701393169	235,9006589
70111,25684	0,616103411	4,64227002	1,00784617593169	235,7080487
70121,25684	0,616520643	4,648107422	1,00755522993169	236,0044388
70131,25684	0,615507364	4,638473145	1,00769436993169	235,515265
70141,25684	0,615924597	4,641636719	1,00785092493169	235,6758933
70151,25684	0,615179539	4,63509668	1,00784990093169	235,3438274
70161,25684	0,615686178	4,639400879	1,00790009893169	235,5623701
70171,25684	0,616580248	4,646157715	1,00771811893169	235,9054438
70181,25684	0,616371632	4,646354004	1,00776263593169	235,9154102
70191,25684	0,61583519	4,639743164	1,00767928293169	235,5797494
70201,25684	0,616580248	4,648520508	1,00793846993169	236,0254129
70211,25684	0,616848469	4,648916504	1,00776468493169	236,0455194
70221,25684	0,616878271	4,649848145	1,00784617593169	236,0928228
70231,25684	0,616014004	4,639469238	1,00780733893169	235,565841
70241,25684	0,616461039	4,643657715	1,00754461293169	235,778508
70251,25684	0,616848469	4,649302246	1,00782652493169	236,0651052
70261,25684	0,616788864	4,64952002	1,00775006293169	236,0761625
70271,25684	0,616520643	4,644998047	1,00770405593169	235,8465624
70281,25684	0,616520643	4,647583008	1,00776505693169	235,977812
70291,25684	0,615924597	4,641621582	1,00771318293169	235,6751248
70301,25684	0,616848469	4,650847168	1,00789823593169	236,1435475
70311,25684	0,617533922	4,6570625	1,00791835293169	236,4591267
70321,25684	0,616759062	4,65038623	1,00777418393169	236,1201437
70331,25684	0,61711669	4,653140137	1,00783751393169	236,2599714
70341,25684	0,616341829	4,648077148	1,00786536093169	236,0029017
70351,25684	0,616848469	4,649681641	1,00791462793169	236,0843687
70361,25684	0,61711669	4,652711426	1,00781292693169	236,2382039
70371,25684	0,61661005	4,647865234	1,00798028593169	235,9921419
70381,25684	0,616699457	4,64787207	1,00768580193169	235,992489
70391,25684	0,616669655	4,647483398	1,00777884093169	235,9727544
70401,25684	0,616848469	4,650540039	1,00779662893169	236,1279532
70411,25684	0,616759062	4,649571777	1,00779234493169	236,0787904
70421,25684	0,617027283	4,650126953	1,00770778093169	236,1069791
70431,25684	0,616580248	4,64682373	1,00773963193169	235,9392602
70441,25684	0,616580248	4,644916504	1,00774419593169	235,8424221
70451,25684	0,616341829	4,644999512	1,00767630193169	235,8466368
70461,25684	0,616520643	4,648854492	1,00764091193169	236,0423708
70471,25684	0,616461039	4,64717627	1,00781208893169	235,9571602
70481,25684	0,617414713	4,65360498	1,00767052793169	236,2835735
70491,25684	0,616580248	4,647581543	1,00792561693169	235,9777376
70501,25684	0,616431236	4,644866211	1,00795951693169	235,8398685
70511,25684	0,616282225	4,641677246	1,00765795493169	235,6779511
70521,25684	0,616699457	4,647196289	1,00789246193169	235,9581766
70531,25684	0,61699748	4,649837891	1,00776729293169	236,0923021
70541,25684	0,616759062	4,647611328	1,00747066593169	235,97925
70551,25684	0,616580248	4,645964355	1,00774978393169	235,8956261
70561,25684	0,616371632	4,647019531	1,00783192593169	235,9492019
70571,25684	0,616788864	4,649141113	1,00775732693169	236,0569238
70581,25684	0,617206097	4,652683594	1,00794927293169	236,2367907
70591,25684	0,616937876	4,649782715	1,00774363693169	236,0895006
70601,25684	0,616371632	4,644107422	1,00772482393169	235,8013416
70611,25684	0,61711669	4,649677734	1,00788650193169	236,0841703
70621,25684	0,616788864	4,6463125	1,00787607093169	235,9133029
70631,25684	0,616341829	4,643375	1,00776030793169	235,7641533
70641,25684	0,616699457	4,646594727	1,00782885293169	235,9276327
70651,25684	0,617176294	4,652068848	1,00779364893169	236,2055774
70661,25684	0,616461039	4,643953613	1,00782987693169	235,793532
70671,25684	0,616431236	4,646105957	1,00784114593169	235,9028158
70681,25684	0,618010759	4,657598633	1,00794722393169	236,4863485
70691,25684	0,61699748	4,647619629	1,00781488293169	235,9796714
70701,25684	0,61661005	4,645591797	1,00770703593169	235,8767097
70711,25684	0,617176294	4,650592285	1,00775909693169	236,130606
70721,25684	0,616014004	4,640882324	1,00777884093169	235,6375895
70731,25684	0,61699748	4,6474375	1,00766438093169	235,970424
70741,25684	0,61661005	4,645722656	1,00772957393169	235,883354
70751,25684	0,617623329	4,652981445	1,00766102893169	236,251914
70761,25684	0,616759062	4,646561035	1,00771402093169	235,9259221
70771,25684	0,616431236	4,643686035	1,00783378893169	235,7799459
70781,25684	0,617265701	4,650701172	1,00779523193169	236,1361346
70791,25684	0,617265701	4,652295898	1,00784859693169	236,2171058
70801,25684	0,618010759	4,65915332	1,00789367293169	236,5652866
70811,25684	0,61699748	4,650914063	1,00776226293169	236,146944
70821,25684	0,616848469	4,648706055	1,00780817793169	236,034834
70831,25684	0,617206097	4,649280273	1,00761278593169	236,0639895
70841,25684	0,617325306	4,652181641	1,00774009793169	236,2113044
70851,25684	0,617325306	4,652811523	1,00773078493169	236,2432863
70861,25684	0,617444515	4,652587402	1,00763429993169	236,2319067
70871,25684	0,618189573	4,657547852	1,00773460293169	236,4837701
70881,25684	0,616848469	4,647119141	1,00747504293169	235,9542595
70891,25684	0,617444515	4,650976074	1,00774773493169	236,1500926
70901,25684	0,616878271	4,646963379	1,00770656993169	235,9463508
70911,25684	0,616878271	4,648091309	1,00779569793169	236,0036206
70921,25684	0,616759062	4,645775391	1,00770973693169	235,8860315
70931,25684	0,61750412	4,655630371	1,00786042493169	236,3864113
70941,25684	0,617355108	4,653278809	1,00771523193169	236,2670124
70951,25684	0,617355108	4,65403125	1,00789544293169	236,3052171
70961,25684	0,617623329	4,657267578	1,00781059893169	236,4695394
70971,25684	0,617533922	4,654573242	1,00779243793169	236,3327363
70981,25684	0,616759062	4,649958496	1,00808645693169	236,0984258
70991,25684	0,61699748	4,649380859	1,00779132093169	236,0690967
71001,25684	0,61750412	4,653455078	1,00788715393169	236,2759623
71011,25684	0,61661005	4,647254395	1,00789004093169	235,9611269
71021,25684	0,61699748	4,649682617	1,00781609393169	236,0844182
71031,25684	0,617623329	4,653816895	1,00759080693169	236,2943333
71041,25684	0,616699457	4,646921387	1,00775211193169	235,9442187
71051,25684	0,616371632	4,64326416	1,00770545293169	235,7585255
71061,25684	0,617682934	4,653463867	1,00764296093169	236,2764086
71071,25684	0,61711669	4,649305664	1,00792952893169	236,0652787
71081,25684	0,616759062	4,649716309	1,00772426493169	236,0861289
71091,25684	0,615954399	4,640003418	1,00782857393169	235,5929636
71101,25684	0,616699457	4,645992676	1,00770163393169	235,897064
71111,25684	0,617444515	4,650048828	1,00781152993169	236,1030123
71121,25684	0,616252422	4,642858887	1,00769893293169	235,737948
71131,25684	0,616937876	4,647083496	1,00780044793169	235,9524497
71141,25684	0,616371632	4,642807617	1,00774140193169	235,7353449
71151,25684	0,617265701	4,649033691	1,00782400993169	236,0514695
71161,25684	0,617593527	4,653028809	1,00783155393169	236,2543188
71171,25684	0,616759062	4,647322266	1,00780873593169	235,964573
71181,25684	0,617027283	4,649317383	1,00787206593169	236,0658737
71191,25684	0,616669655	4,64583252	1,00795607193169	235,8889322
71201,25684	0,616848469	4,645282715	1,00773581393169	235,8610162
71211,25684	0,616848469	4,644791504	1,00751574193169	235,8360753
71221,25684	0,616431236	4,643112305	1,00747793093169	235,7508152
71231,25684	0,61661005	4,645549316	1,00798391793169	235,8745527
71241,25684	0,616937876	4,64623877	1,00773916693169	235,9095593
71251,25684	0,61661005	4,644091797	1,00783984293169	235,8005482
71261,25684	0,617355108	4,650641113	1,00787560493169	236,1330852
71271,25684	0,617414713	4,652269043	1,00772826993169	236,2157422
71281,25684	0,617772341	4,655084473	1,00770647693169	236,3586937
71291,25684	0,617444515	4,652174805	1,00774540593169	236,2109573
71301,25684	0,617682934	4,654792969	1,00773823493169	236,3438928
71311,25684	0,617593527	4,653404785	1,00778563993169	236,2734087
71321,25684	0,61750412	4,654201172	1,00775322993169	236,3138447
71331,25684	0,617265701	4,652716309	1,00762126093169	236,2384518
71341,25684	0,617593527	4,655001465	1,00785781693169	236,354479
71351,25684	0,61699748	4,648021973	1,00783453393169	236,0001002
71361,25684	0,617682934	4,653950195	1,00784533693169	236,3011016
71371,25684	0,616937876	4,649089355	1,00768999293169	236,0542958
71381,25684	0,618100166	4,657212402	1,00778815393169	236,4667379
71391,25684	0,617682934	4,65434375	1,00762805993169	236,321084
71401,25684	0,616699457	4,646678223	1,00765162193169	235,9318722
71411,25684	0,617921352	4,657916992	1,00775667493169	236,5025129
71421,25684	0,616937876	4,649565918	1,00783900393169	236,0784929
71431,25684	0,617265701	4,65214209	1,00768878193169	236,2092963
71441,25684	0,617176294	4,651574707	1,00782354393169	236,1804878
71451,25684	0,617951155	4,657310547	1,00776365993169	236,4717211
71461,25684	0,616878271	4,648016113	1,00766857193169	235,9998027
71471,25684	0,617325306	4,65298877	1,00779970293169	236,2522858
71481,25684	0,61699748	4,648449707	1,00791155393169	236,0218181
71491,25684	0,616192818	4,641477051	1,00769492893169	235,6677863
71501,25684	0,616520643	4,644083008	1,00775425393169	235,8001019
71511,25684	0,617355108	4,652650879	1,00800179993169	236,2351297
71521,25684	0,617086887	4,649768555	1,00773851493169	236,0887817
71531,25684	0,617593527	4,653872559	1,00780696693169	236,2971596
71541,25684	0,617325306	4,650157227	1,00774726893169	236,1085162
71551,25684	0,617355108	4,652316406	1,00789050593169	236,2181471
71561,25684	0,617086887	4,64880127	1,00802238193169	236,0396684
71571,25684	0,618427992	4,660389648	1,00781264793169	236,6280603
71581,25684	0,61750412	4,651838379	1,00788128593169	236,1938755
71591,25684	0,617742538	4,65364209	1,00787793393169	236,2854577
71601,25684	0,617742538	4,65242041	1,00777204193169	236,2234278
71611,25684	0,617831945	4,65517041	1,00777669893169	236,3630571
71621,25684	0,617444515	4,651037109	1,00782093693169	236,1531916
71631,25684	0,617533922	4,652001465	1,00790140293169	236,2021561
71641,25684	0,617206097	4,647565918	1,00768365993169	235,9769443
71651,25684	0,616252422	4,640996582	1,00764789693169	235,6433908
71661,25684	0,617027283	4,647412598	1,00793306793169	235,9691596
71671,25684	0,616192818	4,640220703	1,00771150593169	235,6039961
71681,25684	0,616848469	4,645383789	1,00763634893169	235,8661482
71691,25684	0,617444515	4,650557617	1,00782037793169	236,1288458
71701,25684	0,617444515	4,653662109	1,00775518493169	236,2864742
71711,25684	0,617355108	4,653447266	1,00800775993169	236,2755657
71721,25684	0,617086887	4,64948584	1,00787374293169	236,074427
71731,25684	0,617265701	4,651258301	1,00770442793169	236,1644225
71741,25684	0,617265701	4,649220703	1,00763448593169	236,0609649
71751,25684	0,616699457	4,645563965	1,00766261193169	235,8752965
71761,25684	0,617206097	4,646836914	1,00766857193169	235,9399296
71771,25684	0,618159771	4,657576172	1,00805628193169	236,485208
71781,25684	0,617951155	4,656461426	1,00762247193169	236,4286076
71791,25684	0,616669655	4,646783203	1,00799202093169	235,9372025
71801,25684	0,617533922	4,653311035	1,00776431193169	236,2686486
71811,25684	0,618159771	4,656382813	1,00764351993169	236,424616
71821,25684	0,618249178	4,661171875	1,00820901893169	236,6677774
71831,25684	0,617772341	4,655464844	1,00801725893169	236,3780068
71841,25684	0,617265701	4,651612305	1,00776505693169	236,1823968
71851,25684	0,617176294	4,651351563	1,00791481393169	236,1691578
71861,25684	0,61827898	4,660334961	1,00790941193169	236,6252836
71871,25684	0,617682934	4,657954102	1,00787700193169	236,5043971
71881,25684	0,617325306	4,651762695	1,00777381193169	236,1900328
71891,25684	0,617265701	4,651200684	1,00776161093169	236,161497
71901,25684	0,61750412	4,653006348	1,00799574593169	236,2531784
71911,25684	0,617176294	4,649858887	1,00773143693169	236,0933682
71921,25684	0,617086887	4,651685059	1,00787737493169	236,1860908
71931,25684	0,617861748	4,655758789	1,00775779293169	236,3929317
71941,25684	0,61711669	4,649774902	1,00778908493169	236,089104
71951,25684	0,617206097	4,649743652	1,00783034293169	236,0875173
71961,25684	0,617623329	4,653319336	1,00789236893169	236,2690701
71971,25684	0,617831945	4,656358887	1,00760729093169	236,4234012
71981,25684	0,617951155	4,656585449	1,00786787493169	236,4349048
71991,25684	0,617623329	4,655791992	1,00791350993169	236,3946175
72001,25684	0,616937876	4,650560059	1,00785697893169	236,1289697
72011,25684	0,617265701	4,651685547	1,00773916693169	236,1861156
72021,25684	0,61750412	4,653509277	1,00775667493169	236,2787143
72031,25684	0,618487597	4,662627441	1,00766112193169	236,7416827
72041,25684	0,617831945	4,657385254	1,00779150693169	236,4755143
72051,25684	0,617861748	4,656905762	1,00792766593169	236,4511684
72061,25684	0,616759062	4,648983398	1,00773264693169	236,0489159
72071,25684	0,617027283	4,647735352	1,00757683693169	235,9855472
72081,25684	0,616848469	4,64871582	1,00767527793169	236,0353298
72091,25684	0,616431236	4,645948242	1,00786843393169	235,8948079
72101,25684	0,616669655	4,64707666	1,00778470793169	235,9521026
72111,25684	0,617951155	4,656993652	1,00784114593169	236,455631
72121,25684	0,616252422	4,643155273	1,00792589693169	235,7529969
72131,25684	0,616282225	4,643398926	1,00782233393169	235,7653682
72141,25684	0,616937876	4,64630127	1,00794107693169	235,9127326
72151,25684	0,616103411	4,643088867	1,00775006293169	235,7496251
72161,25684	0,617027283	4,646861328	1,00769464893169	235,9411692
72171,25684	0,617206097	4,651760742	1,00795169393169	236,1899336
72181,25684	0,616103411	4,64140332	1,00769287993169	235,6640427
72191,25684	0,61699748	4,648956543	1,00792924993169	236,0475523
72201,25684	0,61699748	4,647980469	1,00791099593169	235,9979928
72211,25684	0,616341829	4,645557617	1,00775341593169	235,8749742
72221,25684	0,617355108	4,655236328	1,00788827093169	236,3664041
72231,25684	0,615626574	4,63791748	1,00780184493169	235,4870516
72241,25684	0,615954399	4,642169434	1,00770833993169	235,7029415
72251,25684	0,616252422	4,645588379	1,00801120593169	235,8765361
72261,25684	0,616252422	4,643807129	1,00782577993169	235,7860944
72271,25684	0,616282225	4,645553711	1,00785576793169	235,8747759
72281,25684	0,616103411	4,645744141	1,00778182093169	235,8844448
72291,25684	0,616043806	4,644607422	1,00778088993169	235,8267287
72301,25684	0,61583519	4,643630859	1,00773562793169	235,7771444
72311,25684	0,615388155	4,640328613	1,00774009793169	235,6094752
72321,25684	0,615209341	4,63547998	1,00769641893169	235,3632892
72331,25684	0,615596771	4,64132959	1,00802675893169	235,6602991
72341,25684	0,615358353	4,637166504	1,00772091293169	235,4489212
72351,25684	0,61544776	4,638147461	1,00764091193169	235,4987287
72361,25684	0,615686178	4,639498047	1,00759965393169	235,5673037
72371,25684	0,615954399	4,643338379	1,00765143593169	235,7622939
72381,25684	0,616520643	4,648929199	1,00786815493169	236,046164
72391,25684	0,615030527	4,636575195	1,00778126193169	235,418898
72401,25684	0,615715981	4,64246582	1,00780352093169	235,7179904
72411,25684	0,616252422	4,646958984	1,00764091193169	235,9461277
72421,25684	0,615715981	4,640371582	1,00783751393169	235,6116569
72431,25684	0,615388155	4,636548828	1,00761809493169	235,4175592
72441,25684	0,616014004	4,642285156	1,00787122793169	235,7088173
72451,25684	0,614702702	4,631516113	1,00778871293169	235,1620266
72461,25684	0,615775585	4,63998291	1,00776850293169	235,5919223
72471,25684	0,615298748	4,633869141	1,00778545293169	235,2814999
72481,25684	0,616103411	4,64225293	1,00769558093169	235,707181
72491,25684	0,614643097	4,631337402	1,00773059793169	235,1529526
72501,25684	0,615507364	4,637999512	1,00770656993169	235,4912166
72511,25684	0,615298748	4,638115234	1,00779951593169	235,4970924
72521,25684	0,615209341	4,636294922	1,00776850293169	235,4046673
72531,25684	0,615715981	4,642649902	1,00782838693169	235,727337
72541,25684	0,615119934	4,636494141	1,00751853593169	235,4147825
72551,25684	0,614613295	4,632154297	1,00770973693169	235,1944299
72561,25684	0,615507364	4,638961426	1,00792431393169	235,5400572
72571,25684	0,615775585	4,641629883	1,00797926193169	235,6755462
72581,25684	0,615388155	4,63827002	1,00783853893169	235,5049515
72591,25684	0,614792109	4,630294922	1,00775732693169	235,1000214
72601,25684	0,615537167	4,637827148	1,00802275393169	235,482465
72611,25684	0,61455369	4,629316895	1,00773423093169	235,0503628
72621,25684	0,615715981	4,639148438	1,00759788493169	235,5495526
72631,25684	0,615596771	4,63851416	1,00779728093169	235,5173476
72641,25684	0,615119934	4,634186523	1,00774503393169	235,2976148
72651,25684	0,616103411	4,643213379	1,00764649993169	235,7559471
72661,25684	0,615864992	4,643510742	1,00786703693169	235,7710456
72671,25684	0,614851713	4,63354834	1,00750996793169	235,2652115
72681,25684	0,615775585	4,643049805	1,00792869093169	235,7476418
72691,25684	0,615388155	4,637384277	1,00784580293169	235,4599785
72701,25684	0,61583519	4,642138184	1,00775229793169	235,7013548
72711,25684	0,616192818	4,64527002	1,00776980693169	235,8603716
72721,25684	0,615686178	4,641966797	1,00772324093169	235,6926528
72731,25684	0,615179539	4,637550293	1,00774438193169	235,4684079
72741,25684	0,615209341	4,634637207	1,00790671193169	235,3204979
72751,25684	0,615090132	4,634671875	1,00767415993169	235,3222582
72761,25684	0,615954399	4,643103516	1,00775844493169	235,7503689
72771,25684	0,61544776	4,63982666	1,00793437193169	235,5839888
72781,25684	0,615954399	4,643465332	1,00769055193169	235,7687399
72791,25684	0,616282225	4,644126465	1,00787895793169	235,8023084
72801,25684	0,616133213	4,644916992	1,00795662993169	235,8424469
72811,25684	0,615179539	4,63625	1,00787700193169	235,4023864
72821,25684	0,614702702	4,631179199	1,00781292693169	235,14492
72831,25684	0,616580248	4,647810059	1,00777148293169	235,9893404
72841,25684	0,616252422	4,644532227	1,00778806093169	235,8229107
72851,25684	0,615209341	4,633454102	1,00773478893169	235,2604266
72861,25684	0,616252422	4,64236377	1,00772072593169	235,7128088
72871,25684	0,616788864	4,650306152	1,00806084493169	236,1160778
72881,25684	0,61699748	4,651790527	1,00760077193169	236,1914459
72891,25684	0,617027283	4,653019043	1,00801791093169	236,2538229
72901,25684	0,616192818	4,647995117	1,00779700193169	235,9987366
72911,25684	0,61661005	4,648324219	1,00781618693169	236,0154465
72921,25684	0,616580248	4,648982422	1,00774978393169	236,0488663
72931,25684	0,616282225	4,645922852	1,00776216993169	235,8935187
72941,25684	0,616252422	4,646655762	1,00773963193169	235,9307317
72951,25684	0,616878271	4,650796875	1,00784058793169	236,1409939
72961,25684	0,616431236	4,645910645	1,00790540793169	235,8928989
72971,25684	0,615626574	4,638441895	1,00787011093169	235,5136783
72981,25684	0,616103411	4,641177734	1,00767816493169	235,6525887
72991,25684	0,615954399	4,642715332	1,00755075993169	235,7306592
73001,25684	0,616431236	4,644872559	1,00777511593169	235,8401908
73011,25684	0,616759062	4,64929248	1,00773041193169	236,0646093
73021,25684	0,616580248	4,645580566	1,00772147093169	235,8761394
73031,25684	0,616252422	4,642601563	1,00762293793169	235,7248826
73041,25684	0,616788864	4,64915332	1,00784421993169	236,0575436
73051,25684	0,616282225	4,643925781	1,00777744393169	235,7921189
73061,25684	0,616371632	4,64489502	1,00776189093169	235,8413313
73071,25684	0,616699457	4,647337402	1,00793483693169	235,9653416
73081,25684	0,616759062	4,648921875	1,00777185593169	236,0457921
73091,25684	0,616580248	4,646732422	1,00779448693169	235,9346241
73101,25684	0,616341829	4,645938477	1,00771150593169	235,8943121
73111,25684	0,61661005	4,648000488	1,00783015693169	235,9990093
73121,25684	0,61711669	4,653194336	1,00816031093169	236,2627233
73131,25684	0,616520643	4,646977539	1,00789469693169	235,9470698
73141,25684	0,616252422	4,645060059	1,00775248393169	235,849711
73151,25684	0,616878271	4,651249023	1,00776654693169	236,1639514
73161,25684	0,615537167	4,640217285	1,00777707093169	235,6038226
73171,25684	0,615715981	4,640276367	1,00787001693169	235,6068224
73181,25684	0,61699748	4,649490723	1,00769939893169	236,0746749
73191,25684	0,61699748	4,649440918	1,00782689693169	236,0721461
73201,25684	0,616759062	4,650118164	1,00778917893169	236,1065328
73211,25684	0,61711669	4,65382666	1,00784878293169	236,2948292
73221,25684	0,616699457	4,647974609	1,00767080793169	235,9976953
73231,25684	0,617176294	4,653638672	1,00783807293169	236,2852842
73241,25684	0,616699457	4,64977002	1,00775090093169	236,088856
73251,25684	0,616520643	4,647304199	1,00799136893169	235,9636557
73261,25684	0,615626574	4,637941406	1,00770861893169	235,4882664
73271,25684	0,616669655	4,64782959	1,00803681693169	235,9903321
73281,25684	0,615864992	4,640075684	1,00759350793169	235,5966328
73291,25684	0,615626574	4,636466309	1,00766335693169	235,4133693
73301,25684	0,616282225	4,641820313	1,00769716393169	235,6852152
73311,25684	0,616937876	4,648055664	1,00777567393169	236,0018108
73321,25684	0,616252422	4,643088379	1,00757367093169	235,7496004
73331,25684	0,616669655	4,645459473	1,00773329893169	235,869991
73341,25684	0,617444515	4,653002441	1,00778368393169	236,25298
73351,25684	0,616580248	4,647271973	1,00775844493169	235,9620194
73361,25684	0,616759062	4,648518555	1,00773478893169	236,0253138
73371,25684	0,617265701	4,653055664	1,00765851393169	236,2556824
73381,25684	0,616788864	4,650087402	1,00783071593169	236,1049709
73391,25684	0,616461039	4,64626123	1,00778508093169	235,9106997
73401,25684	0,617206097	4,651994141	1,00766689593169	236,2017842
73411,25684	0,616699457	4,648076172	1,00782037793169	236,0028521
73421,25684	0,616699457	4,646262207	1,00776608193169	235,9107493
73431,25684	0,616282225	4,644776367	1,00784179793169	235,8353068
73441,25684	0,616431236	4,645902832	1,00772435893169	235,8925023
73451,25684	0,616520643	4,645828613	1,00778107593169	235,8887339
73461,25684	0,615924597	4,639855957	1,00783565193169	235,5854764
73471,25684	0,615864992	4,638520996	1,00784515093169	235,5176946
73481,25684	0,617086887	4,646751465	1,00786806193169	235,935591
73491,25684	0,616848469	4,649168945	1,00770154093169	236,0583369
73501,25684	0,61699748	4,650541016	1,00783146093169	236,1280028
73511,25684	0,616937876	4,65064209	1,00761064393169	236,1331348
73521,25684	0,616759062	4,649725098	1,00779606993169	236,0865752
73531,25684	0,617831945	4,658719238	1,00763355493169	236,5432464
73541,25684	0,617414713	4,655890137	1,00777250793169	236,3996007
73551,25684	0,617027283	4,653297363	1,00783015693169	236,2679545
73561,25684	0,617414713	4,654276855	1,00781851493169	236,3176875
73571,25684	0,617444515	4,655897949	1,00789097193169	236,3999974
73581,25684	0,617265701	4,653732422	1,00797255593169	236,2900443
73591,25684	0,617265701	4,653655273	1,00791369593169	236,2861271
73601,25684	0,616848469	4,651013672	1,00779020293169	236,1520016
73611,25684	0,61750412	4,651654297	1,00772277493169	236,1845289
73621,25684	0,61711669	4,650225098	1,00772538293169	236,1119623
73631,25684	0,617921352	4,658039551	1,00781274093169	236,5087358
73641,25684	0,617206097	4,651487793	1,00770964393169	236,1760748
73651,25684	0,61711669	4,651013184	1,00785688593169	236,1519768
73661,25684	0,617682934	4,655691895	1,00789404593169	236,3895351
73671,25684	0,616192818	4,64251123	1,00766791993169	235,720296
73681,25684	0,616461039	4,645913574	1,00772175093169	235,8930477
73691,25684	0,618010759	4,658765625	1,00776347393169	236,5456017
73701,25684	0,617265701	4,65475293	1,00774400893169	236,3418598
73711,25684	0,616848469	4,647634277	1,00769967893169	235,9804152
73721,25684	0,616520643	4,645630859	1,00774531293169	235,878693
73731,25684	0,616580248	4,647881836	1,00771746693169	235,9929848
73741,25684	0,617206097	4,653052734	1,00770051693169	236,2555336
73751,25684	0,617742538	4,656661621	1,00772901493169	236,4387723
73761,25684	0,617772341	4,657070313	1,00775285693169	236,4595234
73771,25684	0,617355108	4,654643555	1,00775602393169	236,3363064
73781,25684	0,61750412	4,656184082	1,00785427793169	236,4145256
73791,25684	0,61661005	4,648359863	1,00780733893169	236,0172563
73801,25684	0,615954399	4,64305957	1,00762442793169	235,7481376
73811,25684	0,617355108	4,65504541	1,00784421993169	236,3567103
73821,25684	0,617831945	4,660969727	1,00789590793169	236,6575134
73831,25684	0,617533922	4,656854492	1,00784952793169	236,4485652
73841,25684	0,617831945	4,659029785	1,00776524393169	236,5590142
73851,25684	0,61699748	4,652193359	1,00775565093169	236,2118994
73861,25684	0,616788864	4,648681152	1,00780510393169	236,0335696
73871,25684	0,616699457	4,649855957	1,00787634993169	236,0932194
73881,25684	0,618010759	4,660104004	1,00781981893169	236,6135569
73891,25684	0,616669655	4,649103027	1,00781516193169	236,05499
73901,25684	0,617206097	4,653022949	1,00780799093169	236,2540213
73911,25684	0,616699457	4,650457031	1,00788100693169	236,1237386
73921,25684	0,617682934	4,65665625	1,00767248393169	236,4384996
73931,25684	0,616759062	4,649385254	1,00770601093169	236,0693198
73941,25684	0,617444515	4,65495459	1,00779504593169	236,352099
73951,25684	0,616699457	4,647781738	1,00768533593169	235,9879024
73961,25684	0,61661005	4,647284668	1,00779113393169	235,962664
73971,25684	0,616371632	4,644150391	1,00780547693169	235,8035233
73981,25684	0,616133213	4,641826172	1,00774121493169	235,6855127
73991,25684	0,616878271	4,64833252	1,00770042393169	236,015868
74001,25684	0,617086887	4,652537598	1,00788473193169	236,2293779
74011,25684	0,616848469	4,649216309	1,00776738593169	236,0607417
74021,25684	0,616937876	4,652043457	1,00780612893169	236,2042882
74031,25684	0,616669655	4,647855469	1,00753855993169	235,991646
74041,25684	0,616520643	4,646789551	1,00770424193169	235,9375248
74051,25684	0,616699457	4,645987305	1,00770554593169	235,8967913
74061,25684	0,61699748	4,651103027	1,00777064493169	236,1565386
74071,25684	0,616788864	4,648312988	1,00756798893169	236,0148763
74081,25684	0,616878271	4,650318848	1,00773460293169	236,1167224
74091,25684	0,617772341	4,657505859	1,00773916693169	236,4816379
74101,25684	0,617265701	4,653428711	1,00761446193169	236,2746236
74111,25684	0,617533922	4,65547998	1,00783239193169	236,3787753
74121,25684	0,61699748	4,64763623	1,00771253093169	235,9805144
74131,25684	0,617533922	4,654774902	1,00806196293169	236,3429755
74141,25684	0,617831945	4,657687012	1,00747066593169	236,4908358
74151,25684	0,61711669	4,651661621	1,00780910893169	236,1849008
74161,25684	0,616878271	4,650263184	1,00768775793169	236,1138961
74171,25684	0,617831945	4,658421387	1,00785958693169	236,5281232
74181,25684	0,617444515	4,654505371	1,00770759493169	236,3292902
74191,25684	0,616878271	4,651183105	1,00791285793169	236,1606045
74201,25684	0,616788864	4,649094727	1,00790345193169	236,0545685
74211,25684	0,617206097	4,653606445	1,00791937693169	236,2836479
74221,25684	0,615954399	4,640694824	1,00778684993169	235,6280693
74231,25684	0,617086887	4,64903125	1,00766335693169	236,0513455
74241,25684	0,616878271	4,647866699	1,00781953993169	235,9922163
74251,25684	0,61661005	4,645963867	1,00776291493169	235,8956013
74261,25684	0,618070364	4,657791504	1,00771858393169	236,4961414
74271,25684	0,617593527	4,654743164	1,00770340393169	236,341364
74281,25684	0,617086887	4,652354492	1,00792040193169	236,2200808
74291,25684	0,617623329	4,655794434	1,00775071493169	236,3947415
74301,25684	0,617593527	4,654928223	1,00779830593169	236,3507602
74311,25684	0,616669655	4,649399902	1,00776105293169	236,0700636
74321,25684	0,616937876	4,65104541	1,00769045793169	236,1536131
74331,25684	0,616699457	4,646961914	1,00791844593169	235,9462764
74341,25684	0,616848469	4,649271973	1,00782857393169	236,063568
74351,25684	0,615864992	4,639966309	1,00774400893169	235,5910794
74361,25684	0,615686178	4,636397461	1,00780314793169	235,4098736
74371,25684	0,616014004	4,641781738	1,00772696593169	235,6832566
74381,25684	0,616043806	4,642467773	1,00769641893169	235,7180895
74391,25684	0,616282225	4,64284668	1,00791499993169	235,7373282
74401,25684	0,616252422	4,642075195	1,00790587293169	235,6981567
74411,25684	0,616014004	4,640285645	1,00781292693169	235,6072935
74421,25684	0,616431236	4,643277344	1,00763280993169	235,7591949
74431,25684	0,616252422	4,644885742	1,00778144893169	235,8408602
74441,25684	0,61544776	4,634821289	1,00773665193169	235,3298446
74451,25684	0,616282225	4,643121582	1,00782251993169	235,7512862
74461,25684	0,616192818	4,643500977	1,00776542993169	235,7705497
74471,25684	0,616341829	4,646357422	1,00775425393169	235,9155837
74481,25684	0,615954399	4,641994629	1,00770992293169	235,694066
74491,25684	0,616461039	4,645041504	1,00781963293169	235,8487689
74501,25684	0,616937876	4,651925293	1,00786265993169	236,1982885
74511,25684	0,615388155	4,637369141	1,00789944693169	235,45921
74521,25684	0,616461039	4,644871094	1,00791388293169	235,8401165
74531,25684	0,616759062	4,646145996	1,00771923593169	235,9048487
74541,25684	0,616699457	4,647913574	1,00781357893169	235,9945963
74551,25684	0,616252422	4,646773926	1,00772538293169	235,9367314
74561,25684	0,615864992	4,64188623	1,00793409193169	235,6885621
74571,25684	0,616371632	4,644552246	1,00789981993169	235,8239272
74581,25684	0,615864992	4,642459473	1,00784747893169	235,7176681
74591,25684	0,614792109	4,631831543	1,00773478893169	235,1780423
74601,25684	0,616192818	4,643187012	1,00785343993169	235,7546084
74611,25684	0,616431236	4,64507666	1,00786107693169	235,850554
74621,25684	0,616103411	4,643566406	1,00770973693169	235,7738719
74631,25684	0,616341829	4,644521484	1,00775164593169	235,8223653
74641,25684	0,615954399	4,644047363	1,00792096093169	235,7982921
74651,25684	0,615596771	4,637661133	1,00806941393169	235,4740357
74661,25684	0,615715981	4,640560547	1,00784198493169	235,6212514
74671,25684	0,615954399	4,642331055	1,00760626693169	235,7111477
74681,25684	0,615775585	4,639306152	1,00788519793169	235,5575604
74691,25684	0,615864992	4,641922363	1,00782475493169	235,6903967
74701,25684	0,615626574	4,63811084	1,00776393993169	235,4968692
74711,25684	0,615268946	4,634187988	1,00781767693169	235,2976892
74721,25684	0,614464283	4,625951172	1,00779811893169	234,8794705
74731,25684	0,614762306	4,627794922	1,00782140193169	234,9730856
74741,25684	0,614643097	4,627403809	1,00760486993169	234,9532271
74751,25684	0,614792109	4,629162109	1,00767024893169	235,0425036
74761,25684	0,615596771	4,634970703	1,00757264593169	235,337431
74771,25684	0,615268946	4,632737793	1,00784915593169	235,2240565
74781,25684	0,615954399	4,640245605	1,00812128793169	235,6052605
74791,25684	0,616133213	4,640782227	1,00785800293169	235,6325071
74801,25684	0,614225864	4,62678125	1,00778610493169	234,9216172
74811,25684	0,615388155	4,632867676	1,00783304393169	235,2306512
74821,25684	0,615358353	4,635233887	1,00798280093169	235,3507939
74831,25684	0,616103411	4,640522461	1,00781087793169	235,6193176
74841,25684	0,615090132	4,634787598	1,00776971393169	235,3281339
74851,25684	0,61544776	4,635066406	1,00771392793169	235,3422902
74861,25684	0,615298748	4,634050293	1,00777865493169	235,2906978
74871,25684	0,614702702	4,629450684	1,00782559293169	235,0571558
74881,25684	0,61544776	4,637109863	1,00778731593169	235,4460454
74891,25684	0,615626574	4,639258301	1,00790401093169	235,5551308
74901,25684	0,616133213	4,643013672	1,00801912193169	235,7458072
74911,25684	0,616252422	4,643106445	1,00787458093169	235,7505177
74921,25684	0,615775585	4,640744141	1,00768179693169	235,6305733
74931,25684	0,61544776	4,637807617	1,00782512793169	235,4814733
74941,25684	0,616014004	4,64365332	1,00763299593169	235,7782849
74951,25684	0,61544776	4,638867676	1,00759043393169	235,5352971
74961,25684	0,615537167	4,63954834	1,00772966693169	235,5698573
74971,25684	0,615119934	4,637037598	1,00783732793169	235,4423761
74981,25684	0,615924597	4,643415527	1,00798112393169	235,7662111
74991,25684	0,615268946	4,638291016	1,00765627893169	235,5060175
75001,25684	0,615954399	4,64397998	1,00776654693169	235,7948708
75011,25684	0,616192818	4,645041016	1,00795188093169	235,8487441
75021,25684	0,616431236	4,646797852	1,00801213693169	235,9379463
75031,25684	0,614374876	4,629659668	1,00767527793169	235,0677668
75041,25684	0,615596771	4,639389648	1,00775024893169	235,5617999
75051,25684	0,615626574	4,638149902	1,00780389293169	235,4988526
75061,25684	0,614374876	4,629745117	1,00784924893169	235,0721055
75071,25684	0,615119934	4,636025879	1,00768300793169	235,3910068
75081,25684	0,614613295	4,632084961	1,00761017793169	235,1909094
75091,25684	0,614970922	4,63394873	1,00779048193169	235,285541
75101,25684	0,615209341	4,634337402	1,00781283393169	235,3052756
75111,25684	0,614792109	4,631919922	1,00778228693169	235,1825297
75121,25684	0,615298748	4,634338867	1,00804575793169	235,3053499
75131,25684	0,614374876	4,624455078	1,00786834093169	234,8035074
75141,25684	0,614613295	4,627258301	1,00781702493169	234,9458391
75151,25684	0,615268946	4,633435059	1,00778126193169	235,2594597
75161,25684	0,614643097	4,629081055	1,00777381193169	235,0383882
75171,25684	0,61544776	4,634905273	1,00781590793169	235,3341088
75181,25684	0,615090132	4,631969238	1,00768477693169	235,1850337
75191,25684	0,616133213	4,64050293	1,00763150593169	235,618326
75201,25684	0,615268946	4,633897949	1,00775648893169	235,2829626
75211,25684	0,616431236	4,643938477	1,00775322993169	235,7927635
75221,25684	0,61661005	4,647691895	1,00749180693169	235,9833407
75231,25684	0,616520643	4,647269531	1,00759183093169	235,9618955
75241,25684	0,617206097	4,654154785	1,00792226493169	236,3114895
75251,25684	0,616788864	4,650469727	1,00781171693169	236,1243832
75261,25684	0,615715981	4,641038574	1,00808161393169	235,6455229
75271,25684	0,616043806	4,644323242	1,00766130793169	235,8122997
75281,25684	0,615537167	4,641602539	1,00769567393169	235,6741579
75291,25684	0,616699457	4,648783691	1,00778433593169	236,0387759
75301,25684	0,615686178	4,640040527	1,00770992293169	235,5948478
75311,25684	0,616103411	4,645897461	1,00768859593169	235,8922295
75321,25684	0,616103411	4,644508301	1,00775779293169	235,8216959
75331,25684	0,616252422	4,646201172	1,00776682693169	235,9076503
75341,25684	0,615864992	4,643366699	1,00773739693169	235,7637319
75351,25684	0,615358353	4,637887695	1,00776710593169	235,4855392
75361,25684	0,615209341	4,635842773	1,00768915493169	235,3817097
75371,25684	0,615388155	4,638902832	1,00782829393169	235,5370821
75381,25684	0,616699457	4,648638184	1,00759173793169	236,0313878
75391,25684	0,615715981	4,641490234	1,00779867793169	235,6684557
75401,25684	0,616937876	4,650400879	1,00784086693169	236,1208875
75411,25684	0,616580248	4,65065332	1,00761567293169	236,133705
75421,25684	0,616341829	4,647550781	1,00778768793169	235,9761757
75431,25684	0,615715981	4,64051123	1,00784254293169	235,6187474
75441,25684	0,616252422	4,644533203	1,00773925993169	235,8229603
75451,25684	0,616252422	4,645521484	1,00774531293169	235,8731396
75461,25684	0,615596771	4,638078125	1,00793967993169	235,4952082
75471,25684	0,615954399	4,640468262	1,00760710493169	235,6165657
75481,25684	0,616580248	4,646999512	1,00780836393169	235,9481854
75491,25684	0,616252422	4,646788086	1,00775797893169	235,9374504
75501,25684	0,616461039	4,649954102	1,00780435893169	236,0982027
75511,25684	0,617593527	4,65894043	1,00809623593169	236,5544773
75521,25684	0,615775585	4,6404375	1,00787504693169	235,6150038
75531,25684	0,614881516	4,633574219	1,00785232193169	235,2665255
75541,25684	0,614851713	4,631838867	1,00774084293169	235,1784142
75551,25684	0,616699457	4,646779785	1,00771523193169	235,9370289
75561,25684	0,615358353	4,63826709	1,00778908493169	235,5048027
75571,25684	0,61661005	4,647563965	1,00778908493169	235,9768451
75581,25684	0,616669655	4,648481934	1,00788985493169	236,0234544
75591,25684	0,616788864	4,64802002	1,00761828093169	236,000001
75601,25684	0,617027283	4,653144531	1,00781916693169	236,2601945
75611,25684	0,615686178	4,643446289	1,00779597693169	235,767773
75621,25684	0,616848469	4,653931152	1,00777306693169	236,3001347
75631,25684	0,616848469	4,651385742	1,00785632693169	236,1708932
75641,25684	0,616520643	4,649291016	1,00781572093169	236,0645349
75651,25684	0,615626574	4,642182129	1,00763588293169	235,7035861
75661,25684	0,616341829	4,645327148	1,00777008593169	235,8632723
75671,25684	0,61661005	4,648930176	1,00777166993169	236,0462135
75681,25684	0,615715981	4,64065918	1,00792850393169	235,6262594
75691,25684	0,616192818	4,644388184	1,00793437193169	235,815597
75701,25684	0,616461039	4,649327148	1,00766959693169	236,0663696
75711,25684	0,616520643	4,649359375	1,00773711793169	236,0680058
75721,25684	0,615298748	4,637202148	1,00790121693169	235,4507311
75731,25684	0,616520643	4,647574219	1,00783714193169	235,9773658
75741,25684	0,615537167	4,63875	1,00769800193169	235,5293222
75751,25684	0,616014004	4,645072266	1,00777604693169	235,8503308
75761,25684	0,61494112	4,633485352	1,00772491693169	235,2620133
75771,25684	0,61661005	4,648099609	1,00788584993169	236,0040421
75781,25684	0,615924597	4,640150391	1,00770098193169	235,600426
75791,25684	0,614702702	4,628733398	1,00792720093169	235,0207361
75801,25684	0,615954399	4,639038086	1,00781534893169	235,5439495
75811,25684	0,615388155	4,635208496	1,00794033193169	235,3495048
75821,25684	0,615626574	4,638151367	1,00767946893169	235,498927
75831,25684	0,616014004	4,641563965	1,00789143793169	235,6721993
75841,25684	0,616371632	4,643804199	1,00781711793169	235,7859456
75851,25684	0,616192818	4,644537598	1,00789860893169	235,8231834
75861,25684	0,616431236	4,644706543	1,00773674493169	235,8317615
75871,25684	0,616282225	4,643612793	1,00781022593169	235,7762271
75881,25684	0,615596771	4,637494629	1,00781963293169	235,4655816
75891,25684	0,61583519	4,641163086	1,00775099393169	235,6518449
75901,25684	0,616252422	4,642551758	1,00774382293169	235,7223538
75911,25684	0,61711669	4,651915527	1,00789320693169	236,1977927
75921,25684	0,617206097	4,652899414	1,00778573293169	236,2477489
75931,25684	0,616759062	4,647762207	1,00761958493169	235,9869107
75941,25684	0,61583519	4,641483398	1,00782419593169	235,6681086
75951,25684	0,616431236	4,647493164	1,00774503393169	235,9732503
75961,25684	0,617086887	4,650680664	1,00783714193169	236,1350934
75971,25684	0,616699457	4,649553223	1,00776310193169	236,0778483
75981,25684	0,615775585	4,641189453	1,00773786293169	235,6531837
75991,25684	0,61711669	4,65177002	1,00788519793169	236,1904046
76001,25684	0,616282225	4,646723633	1,00789739793169	235,9341779
76011,25684	0,616788864	4,650891602	1,00763094693169	236,1458036
76021,25684	0,616252422	4,647596191	1,00775630293169	235,9784814
76031,25684	0,616788864	4,649939453	1,00791676993169	236,0974589
76041,25684	0,615864992	4,640822754	1,00782475493169	235,6345648
76051,25684	0,616103411	4,643080078	1,00778275193169	235,7491789
76061,25684	0,615924597	4,641265625	1,00767946893169	235,6570513
76071,25684	0,616282225	4,645048828	1,00780491793169	235,8491408
76081,25684	0,616669655	4,645916016	1,00784654793169	235,8931716
76091,25684	0,615775585	4,640927246	1,00778470793169	235,6398703
76101,25684	0,616282225	4,643195801	1,00774093593169	235,7550546
76111,25684	0,616103411	4,641979492	1,00788342793169	235,6932974
76121,25684	0,616282225	4,641983398	1,00773581393169	235,6934957
76131,25684	0,616192818	4,643018555	1,00793912193169	235,7460551
76141,25684	0,615924597	4,639575195	1,00775779293169	235,5712209
76151,25684	0,616759062	4,648016602	1,00780705993169	235,9998274
76161,25684	0,616192818	4,641862305	1,00773544093169	235,6873473
76171,25684	0,61711669	4,651848145	1,00779104093169	236,1943714
76181,25684	0,616341829	4,645962891	1,00772640693169	235,8955517
76191,25684	0,616759062	4,649128418	1,00777409093169	236,0562792
76201,25684	0,616461039	4,648327148	1,00782754893169	236,0155952
76211,25684	0,616788864	4,649466309	1,00781637293169	236,0734353
76221,25684	0,616103411	4,644998047	1,00779690893169	235,8465624
76231,25684	0,615924597	4,644285156	1,00783648993169	235,8103659
76241,25684	0,616759062	4,64835498	1,00784552393169	236,0170084
76251,25684	0,616192818	4,645922363	1,00775481293169	235,8934939
76261,25684	0,616043806	4,643380371	1,00788985493169	235,7644261
76271,25684	0,61711669	4,65364502	1,00781152993169	236,2856065
76281,25684	0,617176294	4,657151855	1,00803039093169	236,4636636
76291,25684	0,616520643	4,646995605	1,00786480193169	235,9479871
76301,25684	0,617176294	4,653300781	1,00767695393169	236,268128
76311,25684	0,616759062	4,65030127	1,00771141293169	236,1158299
76321,25684	0,617206097	4,654804688	1,00753585893169	236,3444878
76331,25684	0,616669655	4,650450195	1,00778889893169	236,1233915
76341,25684	0,616282225	4,644823242	1,00772445193169	235,8376868
76351,25684	0,616699457	4,649443359	1,00779346293169	236,0722701
76361,25684	0,616461039	4,649651367	1,00776030793169	236,0828315
76371,25684	0,617325306	4,654071289	1,00776831693169	236,30725
76381,25684	0,616699457	4,649991699	1,00786079693169	236,1001117
76391,25684	0,617623329	4,658953613	1,00766503293169	236,5551467
76401,25684	0,616669655	4,650619629	1,00779839893169	236,1319944
76411,25684	0,616192818	4,645713867	1,00785343993169	235,8829077
76421,25684	0,617325306	4,65465625	1,00774140193169	236,336951
76431,25684	0,616699457	4,650308105	1,00784244993169	236,116177
76441,25684	0,617623329	4,660369141	1,00801483793169	236,6270191
76451,25684	0,616669655	4,651067383	1,00785315993169	236,1547288
76461,25684	0,617027283	4,653578613	1,00785492993169	236,2822347
76471,25684	0,617742538	4,661401855	1,00791388293169	236,6794545
76481,25684	0,617414713	4,657902832	1,00771662893169	236,501794
76491,25684	0,616133213	4,646660645	1,00790242693169	235,9309797
76501,25684	0,617265701	4,655150879	1,00791667693169	236,3620654
76511,25684	0,616371632	4,646255859	1,00776105293169	235,910427
76521,25684	0,616759062	4,650167969	1,00770498693169	236,1090616
76531,25684	0,616461039	4,647547363	1,00781460393169	235,9760022
76541,25684	0,61699748	4,653366699	1,00765814193169	236,271475
76551,25684	0,616878271	4,653133301	1,00781963293169	236,2596243
76561,25684	0,616878271	4,6510625	1,00794144993169	236,1544808
76571,25684	0,617265701	4,65346582	1,00756817593169	236,2765078
76581,25684	0,616788864	4,649240723	1,00789944693169	236,0619813
76591,25684	0,61661005	4,649327148	1,00775742093169	236,0663696
76601,25684	0,617444515	4,655894043	1,00785977293169	236,3997991
76611,25684	0,616669655	4,648916992	1,00781898093169	236,0455442
76621,25684	0,616192818	4,644846191	1,00761045793169	235,8388521
76631,25684	0,617533922	4,656177734	1,00778405593169	236,4142033
76641,25684	0,617325306	4,65787207	1,00763429993169	236,5002321
76651,25684	0,616937876	4,652758301	1,00781478993169	236,2405839
76661,25684	0,617176294	4,655257324	1,00790801493169	236,3674701
76671,25684	0,616580248	4,648842285	1,00783034293169	236,041751
76681,25684	0,617593527	4,657477051	1,00780342793169	236,4801752
76691,25684	0,61750412	4,656214355	1,00778927193169	236,4160627
76701,25684	0,617206097	4,655368164	1,00783667593169	236,3730979
76711,25684	0,616937876	4,652189453	1,00784822393169	236,2117011
76721,25684	0,616103411	4,645506836	1,00778778193169	235,8723958
76731,25684	0,616580248	4,647869629	1,00772724593169	235,992365
76741,25684	0,617593527	4,658068359	1,00780249693169	236,5101985
76751,25684	0,617086887	4,65485498	1,00791723493169	236,3470414
76761,25684	0,61661005	4,650853027	1,00776868993169	236,143845
76771,25684	0,616133213	4,645888672	1,00770303093169	235,8917833
76781,25684	0,616669655	4,652571777	1,00790903993169	236,2311133
76791,25684	0,615864992	4,64482373	1,00791369593169	235,8377116
76801,25684	0,615626574	4,639061523	1,00774019093169	235,5451396
76811,25684	0,616252422	4,644936523	1,00789665293169	235,8434386
76821,25684	0,616371632	4,648160645	1,00796687493169	236,0071411
76831,25684	0,617176294	4,656183594	1,00777185593169	236,4145008
76841,25684	0,616103411	4,646692871	1,00785055293169	235,9326159
76851,25684	0,61583519	4,64572998	1,00779504593169	235,8837258
76861,25684	0,616699457	4,653158691	1,00779811893169	236,2609135
76871,25684	0,615924597	4,646403809	1,00777809593169	235,917939
76881,25684	0,615715981	4,644152832	1,00791723493169	235,8036472
76891,25684	0,616341829	4,649549316	1,00770982993169	236,07765
76901,25684	0,615298748	4,642498047	1,00792990093169	235,7196267
76911,25684	0,615358353	4,641570801	1,00783984293169	235,6725464
76921,25684	0,615596771	4,640259277	1,00768961993169	235,6059547
76931,25684	0,615388155	4,641112793	1,00774242593169	235,6492913
76941,25684	0,615537167	4,640423828	1,00774391593169	235,6143096
76951,25684	0,61544776	4,639981934	1,00788128593169	235,5918727
76961,25684	0,614881516	4,635128418	1,00766661693169	235,3454388
76971,25684	0,616133213	4,647304688	1,00779104093169	235,9636805
76981,25684	0,615596771	4,64384375	1,00775490593169	235,7879538
76991,25684	0,615864992	4,645775879	1,00782689693169	235,8860563
77001,25684	0,615537167	4,641923828	1,00774009793169	235,6904711
77011,25684	0,614851713	4,635374512	1,00766475393169	235,3579341
77021,25684	0,615507364	4,640785156	1,00763979393169	235,6326558
77031,25684	0,615715981	4,643154297	1,00767956193169	235,7529473
77041,25684	0,614464283	4,631585449	1,00768887493169	235,1655471
77051,25684	0,615686178	4,643578125	1,00784924893169	235,7744669
77061,25684	0,615507364	4,641567871	1,00793846993169	235,6723976
77071,25684	0,615537167	4,642307617	1,00757180793169	235,7099577
77081,25684	0,615954399	4,646030273	1,00777986493169	235,898973
77091,25684	0,614792109	4,635241699	1,00767136593169	235,3511906
77101,25684	0,61544776	4,639927246	1,00783192593169	235,589096
77111,25684	0,615179539	4,639038574	1,00795066993169	235,5439743
77121,25684	0,615209341	4,640875977	1,00788463893169	235,6372672
77131,25684	0,615626574	4,64242334	1,00782177493169	235,7158335
77141,25684	0,615298748	4,64162793	1,00775378793169	235,6754471
77151,25684	0,614225864	4,630269531	1,00773283393169	235,0987322
77161,25684	0,614434481	4,631625977	1,00767937593169	235,1676048
77171,25684	0,61494112	4,63624707	1,00786480193169	235,4022376
77181,25684	0,614851713	4,632117188	1,00776701293169	235,1925457
77191,25684	0,615358353	4,640286621	1,00775211193169	235,607343
77201,25684	0,614464283	4,631871582	1,00792766593169	235,1800752
77211,25684	0,615596771	4,639986816	1,00783369593169	235,5921207
77221,25684	0,615954399	4,644943848	1,00799555993169	235,8438105
77231,25684	0,614792109	4,635926758	1,00784375393169	235,385974
77241,25684	0,614613295	4,632952637	1,00787597793169	235,2349651
77251,25684	0,614881516	4,633434082	1,00773646593169	235,2594101
77261,25684	0,615537167	4,641007813	1,00768719893169	235,643961
77271,25684	0,615715981	4,644279785	1,00802694493169	235,8100932
77281,25684	0,614970922	4,636142578	1,00775471993169	235,3969321
77291,25684	0,614762306	4,634429688	1,00767872393169	235,3099613
77301,25684	0,615596771	4,641836426	1,00773013293169	235,6860333
77311,25684	0,616043806	4,645077637	1,00770126193169	235,8506035
77321,25684	0,615358353	4,640586914	1,00771374093169	235,6225902
77331,25684	0,614792109	4,636141602	1,00779970293169	235,3968825
77341,25684	0,615715981	4,643450684	1,00785874793169	235,7679961
77351,25684	0,61544776	4,639506348	1,00765795493169	235,5677252
77361,25684	0,615388155	4,638555664	1,00757720993169	235,5194549
77371,25684	0,615298748	4,63964209	1,00765292593169	235,5746174
77381,25684	0,615864992	4,644179688	1,00788147293169	235,8050108
77391,25684	0,615268946	4,638862305	1,00777502193169	235,5350244
77401,25684	0,615268946	4,640393066	1,00801744593169	235,6127477
77411,25684	0,615686178	4,642494141	1,00780379993169	235,7194283
77421,25684	0,614702702	4,633705078	1,00773264693169	235,2731697
77431,25684	0,615030527	4,637178223	1,00763690693169	235,4495163
77441,25684	0,615209341	4,639428711	1,00782093693169	235,5637832
77451,25684	0,615030527	4,63872998	1,00786265993169	235,5283057
77461,25684	0,61583519	4,643530273	1,00780733893169	235,7720372
77471,25684	0,61544776	4,642437012	1,00791201993169	235,7165276
77481,25684	0,614792109	4,63620166	1,00775769993169	235,399932
77491,25684	0,61544776	4,639814941	1,00769492893169	235,5833938
77501,25684	0,61583519	4,643304199	1,00787821293169	235,7605585
77511,25684	0,615864992	4,64367041	1,00796259093169	235,7791526
77521,25684	0,61544776	4,640390625	1,00777092493169	235,6126238
77531,25684	0,616043806	4,646890137	1,00766764093169	235,942632
77541,25684	0,61544776	4,641319336	1,00763495193169	235,6597784
77551,25684	0,615924597	4,64697168	1,00766745493169	235,9467723
77561,25684	0,616431236	4,649885742	1,00778591893169	236,0947318
77571,25684	0,615507364	4,641605469	1,00770805993169	235,6743066
77581,25684	0,616282225	4,648074707	1,00798792293169	236,0027777
77591,25684	0,615864992	4,647289551	1,00783583793169	235,9629119
77601,25684	0,616014004	4,648193359	1,00794750293169	236,0088022
77611,25684	0,615924597	4,648527344	1,00779364893169	236,02576
77621,25684	0,616461039	4,651830078	1,00773283393169	236,1934541
77631,25684	0,615358353	4,642974609	1,00773963193169	235,7438238
77641,25684	0,615864992	4,648391113	1,00783071593169	236,018843
77651,25684	0,616580248	4,652623535	1,00782820093169	236,2337413
77661,25684	0,616252422	4,648427246	1,00779849193169	236,0206776
77671,25684	0,615298748	4,642446289	1,00772351993169	235,7169987
77681,25684	0,615090132	4,639862305	1,00773618593169	235,5857987
77691,25684	0,616431236	4,652203613	1,00772463793169	236,2124201
77701,25684	0,615179539	4,641838379	1,00782382393169	235,6861325
77711,25684	0,61455369	4,633983398	1,00768850293169	235,2873013
77721,25684	0,615626574	4,643776367	1,00779308993169	235,7845325
77731,25684	0,614970922	4,636658203	1,00764053993169	235,4231126
77741,25684	0,614613295	4,633501953	1,00774009793169	235,2628562
77751,25684	0,615924597	4,643948242	1,00771020193169	235,7932593
77761,25684	0,615775585	4,644057617	1,00791621093169	235,7988128
77771,25684	0,615537167	4,641898926	1,00787178693169	235,6892067
77781,25684	0,615864992	4,64442334	1,00786219393169	235,8173821
77791,25684	0,616669655	4,651583496	1,00780147193169	236,180934
77801,25684	0,616252422	4,648127441	1,00764705893169	236,0054553
77811,25684	0,616669655	4,652487305	1,00773804893169	236,2268243
77821,25684	0,616282225	4,651003906	1,00793511693169	236,1515058
77831,25684	0,616014004	4,648035156	1,00775583693169	236,0007695
77841,25684	0,616103411	4,648479492	1,00767108693169	236,0233304
77851,25684	0,615954399	4,647710449	1,00785977293169	235,9842828
77861,25684	0,616371632	4,649744629	1,00781702493169	236,0875668
77871,25684	0,61544776	4,641834473	1,00764612693169	235,6859341
77881,25684	0,616461039	4,651176758	1,00786498793169	236,1602822
77891,25684	0,616014004	4,647431641	1,00795821393169	235,9701265
77901,25684	0,616371632	4,649484375	1,00777576793169	236,0743526
77911,25684	0,616461039	4,652177734	1,00794824793169	236,2111061
77921,25684	0,615626574	4,643450195	1,00752263393169	235,7679713
77931,25684	0,61544776	4,641039063	1,00773925993169	235,6455477
77941,25684	0,616341829	4,649108398	1,00797767793169	236,0552627
77951,25684	0,615298748	4,639801758	1,00775406793169	235,5827244
77961,25684	0,615864992	4,644988281	1,00760403193169	235,8460666
77971,25684	0,616282225	4,649224121	1,00784459193169	236,0611384
77981,25684	0,615715981	4,642671387	1,00788584993169	235,7284279
77991,25684	0,616580248	4,650808594	1,00776580193169	236,1415889
78001,25684	0,616133213	4,647625977	1,00786293893169	235,9799937
78011,25684	0,616252422	4,647919434	1,00752598693169	235,9948938
78021,25684	0,615775585	4,645663086	1,00781069193169	235,8803293
78031,25684	0,616014004	4,646726563	1,00779523193169	235,9343266
78041,25684	0,616282225	4,646436523	1,00776161093169	235,9196001
78051,25684	0,616461039	4,650706055	1,00794321893169	236,1363826
78061,25684	0,615924597	4,646693359	1,00792142593169	235,9326407
78071,25684	0,616282225	4,649175781	1,00780230993169	236,058684
78081,25684	0,616461039	4,64974707	1,00786619893169	236,0876908
78091,25684	0,616014004	4,646156738	1,00781870193169	235,9053942
78101,25684	0,616341829	4,65045166	1,00767937593169	236,1234659
78111,25684	0,61711669	4,655245605	1,00793325393169	236,3668751
78121,25684	0,615924597	4,647285645	1,00776058693169	235,9627136
78131,25684	0,615954399	4,64695166	1,00770275193169	235,9457558
78141,25684	0,616461039	4,651359375	1,00781451093169	236,1695545
78151,25684	0,616759062	4,653822754	1,00779811893169	236,2946308
78161,25684	0,616043806	4,64854541	1,00774698993169	236,0266773
78171,25684	0,61750412	4,660546875	1,00777325293169	236,6360434
78181,25684	0,616252422	4,651046387	1,00768077293169	236,1536627
78191,25684	0,616043806	4,648624512	1,00762209893169	236,0306937
78201,25684	0,616014004	4,645735352	1,00765953793169	235,8839986
78211,25684	0,616461039	4,6496875	1,00784896993169	236,0846662
78221,25684	0,616282225	4,648591797	1,00773665193169	236,0290326
78231,25684	0,615954399	4,646908691	1,00763197093169	235,9435741
78241,25684	0,61583519	4,64505957	1,00784794493169	235,8496862
78251,25684	0,617206097	4,656783203	1,00782484793169	236,4449456
78261,25684	0,616759062	4,654235352	1,00782633793169	236,3155802
78271,25684	0,616520643	4,651523438	1,00778843393169	236,1778846
78281,25684	0,615864992	4,645183594	1,00743779093169	235,8559834
78291,25684	0,615775585	4,642068848	1,00771374093169	235,6978344
78301,25684	0,616103411	4,645555176	1,00788575693169	235,8748503
78311,25684	0,615775585	4,644489258	1,00787038993169	235,820729
78321,25684	0,616461039	4,650416504	1,00768636093169	236,1216808
78331,25684	0,616282225	4,648006836	1,00789804993169	235,9993316
78341,25684	0,616192818	4,646356934	1,00785073893169	235,915559
78351,25684	0,616133213	4,647657227	1,00783406793169	235,9815804
78361,25684	0,61583519	4,646305664	1,00777846793169	235,9129558
78371,25684	0,616103411	4,647673828	1,00777446393169	235,9824234
78381,25684	0,616759062	4,652643555	1,00769399693169	236,2347578
78391,25684	0,615924597	4,646158691	1,00765059793169	235,9054933
78401,25684	0,615954399	4,64490625	1,00781627993169	235,8419015
78411,25684	0,615030527	4,637100098	1,00776887593169	235,4455495
78421,25684	0,615537167	4,641037598	1,00782093693169	235,6454734
78431,25684	0,616848469	4,653504883	1,00789628093169	236,2784911
78441,25684	0,616759062	4,652563477	1,00784971493169	236,2306919
78451,25684	0,615864992	4,644200195	1,00779793293169	235,8060521
78461,25684	0,616788864	4,654466797	1,00801530393169	236,3273317
78471,25684	0,616461039	4,649471191	1,00783667593169	236,0736832
78481,25684	0,616282225	4,648477539	1,00768198293169	236,0232312
78491,25684	0,616192818	4,649054688	1,00771653493169	236,0525355
78501,25684	0,617861748	4,663769531	1,00776300793169	236,7996716
78511,25684	0,617533922	4,663211426	1,00775490593169	236,7713341
78521,25684	0,616580248	4,650537109	1,00790661793169	236,1278045
78531,25684	0,616043806	4,648216309	1,00784151893169	236,0099674
78541,25684	0,615954399	4,64498584	1,00785157693169	235,8459426
78551,25684	0,616341829	4,650624512	1,00768496393169	236,1322423
78561,25684	0,616014004	4,647276855	1,00764351993169	235,9622674
78571,25684	0,616580248	4,651222656	1,00771718693169	236,1626127
78581,25684	0,616371632	4,650186523	1,00767499793169	236,1100037
78591,25684	0,617086887	4,656629883	1,00772221693169	236,4371608
78601,25684	0,617265701	4,659459473	1,00758559093169	236,5808313
78611,25684	0,616848469	4,656786133	1,00798540793169	236,4450943
78621,25684	0,615775585	4,645785645	1,00747476393169	235,8865521
78631,25684	0,616252422	4,647012207	1,00770182093169	235,94883
78641,25684	0,616192818	4,646731445	1,00778787493169	235,9345745
78651,25684	0,616043806	4,645746094	1,00778098293169	235,884544
78661,25684	0,616252422	4,649177734	1,00791462793169	236,0587832
78671,25684	0,616788864	4,652263184	1,00788733993169	236,2154447
78681,25684	0,616341829	4,649629883	1,00755662693169	236,0817407
78691,25684	0,616520643	4,653410645	1,00772556893169	236,2737062
78701,25684	0,616282225	4,650668457	1,00788547693169	236,1344736
78711,25684	0,61544776	4,641724121	1,00784636193169	235,6803311
78721,25684	0,616192818	4,649026855	1,00786796793169	236,0511224
78731,25684	0,616192818	4,647555664	1,00779728093169	235,9764237
78741,25684	0,616431236	4,64936084	1,00781087793169	236,0680802
78751,25684	0,616252422	4,647441895	1,00781832893169	235,9706471
78761,25684	0,61583519	4,643281738	1,00770861893169	235,759418
78771,25684	0,616580248	4,652406738	1,00787160093169	236,2227336
78781,25684	0,615715981	4,645120117	1,00792272993169	235,8527605
78791,25684	0,615596771	4,642206543	1,00778452193169	235,7048257
78801,25684	0,615954399	4,646753906	1,00785232193169	235,935715
78811,25684	0,617027283	4,654711426	1,00778172793169	236,3397525
78821,25684	0,616371632	4,649228027	1,00781134393169	236,0613368
78831,25684	0,615715981	4,644898438	1,00780584893169	235,8415048
78841,25684	0,616192818	4,647688965	1,00771383493169	235,9831919
78851,25684	0,61699748	4,654204102	1,00800878393169	236,3139935
78861,25684	0,616133213	4,646976074	1,00770480093169	235,9469954
78871,25684	0,616282225	4,648075684	1,00770908493169	236,0028273
78881,25684	0,616431236	4,648078125	1,00765581293169	236,0029513
78891,25684	0,616461039	4,648945313	1,00776850293169	236,0469821
78901,25684	0,616282225	4,64546875	1,00779923693169	235,870462
78911,25684	0,615775585	4,64282373	1,00785511593169	235,736163
78921,25684	0,616133213	4,647047852	1,00765311193169	235,9506398
78931,25684	0,617414713	4,655730469	1,00795104193169	236,3914937
78941,25684	0,616282225	4,646592285	1,00773264693169	235,9275088
78951,25684	0,616759062	4,649896973	1,00779569793169	236,095302
78961,25684	0,616461039	4,648184082	1,00776589593169	236,0083312
78971,25684	0,616103411	4,644231934	1,00776216993169	235,8076635
78981,25684	0,616103411	4,643642578	1,00771755993169	235,7777394
78991,25684	0,615954399	4,644418945	1,00766894493169	235,8171589
79001,25684	0,616341829	4,647928711	1,00774354393169	235,9953649
79011,25684	0,615924597	4,642227539	1,00774037693169	235,7058918
79021,25684	0,616371632	4,646043945	1,00792775893169	235,8996672
79031,25684	0,617086887	4,65322998	1,00792841093169	236,2645332
79041,25684	0,617265701	4,657026855	1,00779094793169	236,4573169
79051,25684	0,616937876	4,653117188	1,00771541793169	236,2588062
79061,25684	0,617086887	4,654112305	1,00783276393169	236,3093326
79071,25684	0,617265701	4,656881836	1,00776645393169	236,4499536
79081,25684	0,617027283	4,654359375	1,00771383493169	236,3218774
79091,25684	0,616520643	4,65046582	1,00788128593169	236,1241848
79101,25684	0,61661005	4,65147998	1,00777474293169	236,1756781
79111,25684	0,616461039	4,648937988	1,00785818993169	236,0466102
79121,25684	0,615119934	4,635647461	1,00762787393169	235,3717929
79131,25684	0,616252422	4,646937012	1,00793437193169	235,945012
79141,25684	0,615596771	4,641804199	1,00780752593169	235,684397
79151,25684	0,616431236	4,645396973	1,00780650093169	235,8668176
79161,25684	0,615626574	4,642875488	1,00770303093169	235,738791
79171,25684	0,616461039	4,647867188	1,00779364893169	235,9922411
79181,25684	0,616133213	4,645387207	1,00783015693169	235,8663218
79191,25684	0,615715981	4,64339502	1,00764314693169	235,7651698
79201,25684	0,616282225	4,646390137	1,00787951693169	235,9172448
79211,25684	0,615179539	4,637237305	1,00773925993169	235,4525161
79221,25684	0,616580248	4,649236328	1,00782093693169	236,0617582
79231,25684	0,615864992	4,645210938	1,00787541893169	235,8573718
79241,25684	0,615596771	4,642385254	1,00781255493169	235,7138997
79251,25684	0,616699457	4,651580078	1,00783555793169	236,1807605
79261,25684	0,615179539	4,636586914	1,00761390393169	235,419493
79271,25684	0,614523888	4,629740234	1,00764649993169	235,0718575
79281,25684	0,615537167	4,638240234	1,00772622093169	235,5034392
79291,25684	0,615775585	4,64280127	1,00775686193169	235,7350226
79301,25684	0,616043806	4,645619629	1,00767313593169	235,8781228
79311,25684	0,616699457	4,652422852	1,00784729293169	236,2235517
79321,25684	0,616043806	4,646791992	1,00787923693169	235,9376488
79331,25684	0,615686178	4,643312012	1,00767760593169	235,7609552
79341,25684	0,615358353	4,641336914	1,00779206593169	235,6606709
79351,25684	0,615626574	4,641992188	1,00782447593169	235,693942
79361,25684	0,615268946	4,641238281	1,00779923693169	235,6556629
79371,25684	0,615954399	4,645007813	1,00769353193169	235,8470583
79381,25684	0,615030527	4,638271484	1,00776673393169	235,5050259
79391,25684	0,614702702	4,635098633	1,00770098193169	235,3439265
79401,25684	0,614702702	4,633251465	1,00771038893169	235,2501378
79411,25684	0,614643097	4,636645508	1,00778833993169	235,422468
79421,25684	0,61455369	4,633474609	1,00783807293169	235,2614679
79431,25684	0,614970922	4,638540527	1,00789180993169	235,5186863
79441,25684	0,614702702	4,633734863	1,00782987693169	235,2746821
79451,25684	0,615775585	4,644443359	1,00772463793169	235,8183985
79461,25684	0,615537167	4,642044922	1,00768654693169	235,6966195
79471,25684	0,615507364	4,64232373	1,00766819993169	235,7107759
79481,25684	0,615388155	4,641800781	1,00785930693169	235,6842235
79491,25684	0,614225864	4,631887695	1,00774484793169	235,1808934
79501,25684	0,614881516	4,637645508	1,00776300793169	235,4732423
79511,25684	0,615209341	4,639815918	1,00756398493169	235,5834434
79521,25684	0,615268946	4,640536621	1,00768999293169	235,6200366
79531,25684	0,615119934	4,639287109	1,00778992393169	235,5565935
79541,25684	0,615298748	4,641564453	1,00778033093169	235,6722241
79551,25684	0,615298748	4,640923828	1,00783052893169	235,6396968
79561,25684	0,614464283	4,634566406	1,00794135693169	235,3169031
79571,25684	0,614792109	4,637960449	1,00766978293169	235,4892333
79581,25684	0,614613295	4,637651367	1,00786657193169	235,4735398
79591,25684	0,614851713	4,636675293	1,00778051693169	235,4239803
79601,25684	0,61455369	4,632215332	1,00775322993169	235,1975289
79611,25684	0,614851713	4,634648438	1,00785250893169	235,3210682
79621,25684	0,615298748	4,640749023	1,00780994693169	235,6308212
79631,25684	0,61544776	4,641145508	1,00783909693169	235,6509524
79641,25684	0,614523888	4,633166504	1,00784198493169	235,245824
79651,25684	0,614345074	4,634100586	1,00777390493169	235,2932514
79661,25684	0,615626574	4,643580078	1,00771262393169	235,774566
79671,25684	0,615596771	4,643543457	1,00784636193169	235,7727066
79681,25684	0,615030527	4,639821777	1,00769716393169	235,5837409
79691,25684	0,614434481	4,633394043	1,00799332493169	235,2573771
79701,25684	0,614851713	4,635009277	1,00781590793169	235,3393896
79711,25684	0,614136457	4,631518555	1,00782251993169	235,1621505
79721,25684	0,615298748	4,639495605	1,00760831593169	235,5671798
79731,25684	0,614792109	4,636554199	1,00773748993169	235,4178319
79741,25684	0,615715981	4,644117188	1,00782559293169	235,8018374
79751,25684	0,615924597	4,64564209	1,00778629193169	235,8792633
79761,25684	0,615388155	4,643078613	1,00788640893169	235,7491045
79771,25684	0,614851713	4,638902832	1,00776347393169	235,5370821
79781,25684	0,616133213	4,650127441	1,00772119193169	236,1070039
79791,25684	0,614643097	4,637057129	1,00793353393169	235,4433678
79801,25684	0,614851713	4,636665527	1,00786014493169	235,4234845
79811,25684	0,615179539	4,641745117	1,00776449893169	235,6813972
79821,25684	0,61494112	4,638884277	1,00772854993169	235,53614
79831,25684	0,615209341	4,639486816	1,00777418393169	235,5667335
79841,25684	0,614970922	4,638405273	1,00769772293169	235,5118189
79851,25684	0,614851713	4,636563965	1,00785763093169	235,4183277
79861,25684	0,61583519	4,644449707	1,00779597693169	235,8187208
79871,25684	0,615626574	4,643222168	1,00788575693169	235,7563934
79881,25684	0,614970922	4,639314453	1,00788473193169	235,5579819
79891,25684	0,615030527	4,636957031	1,00791751493169	235,4382854
79901,25684	0,614225864	4,631731934	1,00771001593169	235,1729847
79911,25684	0,615209341	4,638332031	1,00780715293169	235,5081001
79921,25684	0,615179539	4,638312988	1,00781227493169	235,5071332
79931,25684	0,615596771	4,639787109	1,00778107593169	235,5819807
79941,25684	0,616252422	4,648612305	1,00780193793169	236,0300739
79951,25684	0,615209341	4,638836426	1,00791583793169	235,5337104
79961,25684	0,616341829	4,650194824	1,00791704893169	236,1104252
79971,25684	0,616192818	4,648669922	1,00766922393169	236,0329993
79981,25684	0,615119934	4,639050293	1,00773441693169	235,5445693
79991,25684	0,615268946	4,640807617	1,00787662993169	235,6337963
80001,25684	0,616014004	4,647316406	1,00758680193169	235,9642755
80011,25684	0,61583519	4,646617676	1,00789963293169	235,928798
80021,25684	0,616014004	4,646088379	1,00782149493169	235,9019233
80031,25684	0,61583519	4,646417969	1,00775844493169	235,918658
80041,25684	0,615686178	4,647036133	1,00778498793169	235,9500448
80051,25684	0,61544776	4,643815918	1,00773329893169	235,7865406
80061,25684	0,615030527	4,639210449	1,00780128593169	235,5527012
80071,25684	0,616371632	4,65208252	1,00774242593169	236,2062716
80081,25684	0,615954399	4,647101074	1,00770340393169	235,9533422
80091,25684	0,61544776	4,642866699	1,00780296193169	235,7383447
80101,25684	0,616043806	4,646135254	1,00766670993169	235,9043033
80111,25684	0,615864992	4,645530273	1,00789264893169	235,8735859
80121,25684	0,615388155	4,643005371	1,00782317193169	235,7453857
80131,25684	0,616252422	4,648135254	1,00775360193169	236,0058519
80141,25684	0,616461039	4,651060547	1,00801157793169	236,1543817
80151,25684	0,616103411	4,64917627	1,00776626793169	236,0587088
80161,25684	0,616788864	4,657079102	1,00792431393169	236,4599696
80171,25684	0,615775585	4,647532227	1,00776170493169	235,9752336
80181,25684	0,615268946	4,642469238	1,00767155293169	235,7181639
80191,25684	0,616282225	4,651703125	1,00776561593169	236,1870081
80201,25684	0,61544776	4,644678223	1,00767285593169	235,8303236
80211,25684	0,616103411	4,650920898	1,00772314793169	236,1472911
80221,25684	0,614523888	4,637036621	1,00795290493169	235,4423265
80231,25684	0,615596771	4,643634277	1,00779392793169	235,777318
80241,25684	0,615775585	4,645318359	1,00787057593169	235,8628261
80251,25684	0,616103411	4,650228516	1,00785679293169	236,1121359
80261,25684	0,616341829	4,651473145	1,00779625693169	236,175331
80271,25684	0,616043806	4,649361816	1,00776040093169	236,0681298
80281,25684	0,615626574	4,6470625	1,00784729293169	235,9513836
80291,25684	0,615864992	4,646743164	1,00774559293169	235,9351695
80301,25684	0,61494112	4,640519043	1,00776347393169	235,6191441
80311,25684	0,615388155	4,640669434	1,00771457993169	235,6267801
80321,25684	0,615268946	4,642666016	1,00767425293169	235,7281551
80331,25684	0,615864992	4,647359375	1,00792291693169	235,9664572
80341,25684	0,616520643	4,652837891	1,00779467293169	236,2446251
80351,25684	0,616371632	4,652512695	1,00785315993169	236,2281135
80361,25684	0,615924597	4,648330566	1,00782810793169	236,0157688
80371,25684	0,61544776	4,645172363	1,00787802693169	235,8554132
80381,25684	0,615686178	4,64606543	1,00769744293169	235,900758
80391,25684	0,615626574	4,645462891	1,00780733893169	235,8701645
80401,25684	0,615507364	4,645605469	1,00772053993169	235,8774038
80411,25684	0,616192818	4,649981445	1,00801595593169	236,099591
80421,25684	0,615596771	4,645289063	1,00794619993169	235,8613385
80431,25684	0,615924597	4,645416504	1,00776785093169	235,8678093
80441,25684	0,615388155	4,640893555	1,00770601093169	235,6381597
80451,25684	0,61583519	4,645183105	1,00783490693169	235,8559586
80461,25684	0,615686178	4,64512793	1,00786265993169	235,8531571
80471,25684	0,616282225	4,651520996	1,00779010993169	236,1777607
80481,25684	0,615864992	4,64701709	1,00776766493169	235,9490779
80491,25684	0,615864992	4,644883301	1,00778321793169	235,8407363
80501,25684	0,615596771	4,643176758	1,00772622093169	235,7540877
80511,25684	0,61583519	4,646706055	1,00787886493169	235,9332853
80521,25684	0,61699748	4,656607422	1,00787020393169	236,4360204
80531,25684	0,616252422	4,651581055	1,00788938893169	236,1808101
80541,25684	0,616371632	4,654483887	1,00789860893169	236,3281994
80551,25684	0,615686178	4,647549316	1,00781451093169	235,9761014
80561,25684	0,615715981	4,64587793	1,00774643093169	235,8912379
80571,25684	0,617325306	4,660363281	1,00794051893169	236,6267216
80581,25684	0,616461039	4,652765625	1,00789702593169	236,2409558
80591,25684	0,616461039	4,653529297	1,00780333493169	236,2797307
80601,25684	0,616043806	4,651206543	1,00771178593169	236,1617945
80611,25684	0,616520643	4,652139648	1,00781972593169	236,2091723
80621,25684	0,615954399	4,65004834	1,00783714193169	236,1029876
80631,25684	0,615715981	4,645813477	1,00779774693169	235,8879653
80641,25684	0,616878271	4,656678711	1,00775024893169	236,4396401
80651,25684	0,616848469	4,655949219	1,00805432593169	236,4026006
80661,25684	0,615924597	4,648585938	1,00775062193169	236,0287351
80671,25684	0,616192818	4,650117676	1,00786675793169	236,106508
80681,25684	0,616252422	4,649831055	1,00776561593169	236,091955
80691,25684	0,616431236	4,651879883	1,00773283393169	236,1959829
80701,25684	0,616341829	4,65160498	1,00800859793169	236,1820249
80711,25684	0,615686178	4,643812012	1,00794619993169	235,7863423
80721,25684	0,616043806	4,647027344	1,00780352093169	235,9495986
80731,25684	0,615775585	4,646357422	1,00781208893169	235,9155837
80741,25684	0,616431236	4,652100098	1,00766931693169	236,2071641
80751,25684	0,616759062	4,654996094	1,00776300793169	236,3542063
80761,25684	0,616282225	4,65243457	1,00773106393169	236,2241468
80771,25684	0,61583519	4,647955078	1,00778172793169	235,9967036
80781,25684	0,616699457	4,655733887	1,00773106393169	236,3916673
80791,25684	0,616103411	4,648853516	1,00768710593169	236,0423212
80801,25684	0,615715981	4,642404297	1,00783453393169	235,7148666
80811,25684	0,616848469	4,655785645	1,00769157593169	236,3942952
80821,25684	0,615924597	4,647171875	1,00779905093169	235,956937
80831,25684	0,61699748	4,656621094	1,00773367193169	236,4367146
80841,25684	0,616937876	4,655577637	1,00776505693169	236,3837338
80851,25684	0,616788864	4,654585938	1,00785399893169	236,3333809
80861,25684	0,615864992	4,646314941	1,00776161093169	235,9134268
80871,25684	0,616878271	4,655095215	1,00769641893169	236,3592391
80881,25684	0,616192818	4,649621582	1,00769073793169	236,0813192
80891,25684	0,616192818	4,649453613	1,00768608093169	236,0727907
80901,25684	0,615119934	4,638988281	1,00774130893169	235,5414207
80911,25684	0,616520643	4,649954102	1,00771578993169	236,0982027
80921,25684	0,615864992	4,645840332	1,00775099393169	235,8893289
80931,25684	0,617086887	4,655874023	1,00779765393169	236,3987826
80941,25684	0,616788864	4,654594238	1,00770079593169	236,3338024
80951,25684	0,61711669	4,657651367	1,00789581493169	236,489026
80961,25684	0,616759062	4,652469727	1,00782270593169	236,2259318
80971,25684	0,616759062	4,654884277	1,00780370693169	236,3485289
80981,25684	0,617265701	4,658020996	1,00770237893169	236,5077937
80991,25684	0,616759062	4,652830078	1,00784142593169	236,2442284
81001,25684	0,617265701	4,656526855	1,00786042493169	236,4319297
81011,25684	0,615924597	4,644791504	1,00779001693169	235,8360753
81021,25684	0,616014004	4,645222656	1,00800552493169	235,8579668
81031,25684	0,616133213	4,644979492	1,00774484793169	235,8456203
81041,25684	0,616252422	4,645978027	1,00786340493169	235,8963203
81051,25684	0,61750412	4,659057129	1,00768701293169	236,5604026
81061,25684	0,61661005	4,651169434	1,00782903893169	236,1599103
81071,25684	0,616461039	4,648719727	1,00785623393169	236,0355281
81081,25684	0,616252422	4,646876953	1,00779392793169	235,9419626
81091,25684	0,615924597	4,645306152	1,00789767793169	235,8622063
81101,25684	0,616014004	4,644441895	1,00768580193169	235,8183242
81111,25684	0,615596771	4,640036133	1,00782820093169	235,5946247
81121,25684	0,616043806	4,644742188	1,00775946893169	235,8335713
81131,25684	0,616699457	4,652358887	1,00792468593169	236,220304
81141,25684	0,615358353	4,639897461	1,00783239193169	235,5875837
81151,25684	0,615954399	4,64485791	1,00788463893169	235,8394471
81161,25684	0,615864992	4,643046875	1,00773385793169	235,747493
81171,25684	0,616580248	4,651877441	1,00777287993169	236,1958589
81181,25684	0,616580248	4,651530762	1,00770917793169	236,1782565
81191,25684	0,616043806	4,646983398	1,00770051693169	235,9473673
81201,25684	0,616252422	4,647355469	1,00788901593169	235,9662589
81211,25684	0,616103411	4,645915527	1,00768561593169	235,8931469
81221,25684	0,616371632	4,648287598	1,00766326393169	236,0135871
81231,25684	0,61583519	4,644831543	1,00767527793169	235,8381083
81241,25684	0,615596771	4,641452637	1,00784775893169	235,6665467
81251,25684	0,615626574	4,642759277	1,00791863193169	235,7328904
81261,25684	0,615388155	4,642690918	1,00771979493169	235,7294195
81271,25684	0,615626574	4,641713867	1,00776878293169	235,6798105
81281,25684	0,615119934	4,637447266	1,00771392793169	235,4631767
81291,25684	0,61544776	4,640160645	1,00782820093169	235,6009467
81301,25684	0,615626574	4,641107422	1,00782894593169	235,6490186
81311,25684	0,61583519	4,642188965	1,00786238093169	235,7039332
81321,25684	0,614881516	4,634604004	1,00779048193169	235,3188121
81331,25684	0,615090132	4,639154785	1,00783136793169	235,5498748
81341,25684	0,615775585	4,644619629	1,00756500893169	235,8273485
81351,25684	0,615388155	4,641702148	1,00769530093169	235,6792155
81361,25684	0,616103411	4,647882324	1,00784198493169	235,9930096
81371,25684	0,614643097	4,636787109	1,00773665193169	235,4296577
81381,25684	0,615030527	4,636360352	1,00775974893169	235,4079894
81391,25684	0,61583519	4,643192871	1,00789423193169	235,7549059
81401,25684	0,614970922	4,635788574	1,00785036593169	235,3789578
81411,25684	0,615298748	4,638075195	1,00761595293169	235,4950594
81421,25684	0,613898039	4,626983887	1,00796873793169	234,9319059
81431,25684	0,614285469	4,62711377	1,00779588393169	234,9385006
81441,25684	0,614523888	4,630365234	1,00783248493169	235,1035915
81451,25684	0,613868237	4,625695313	1,00786452293169	234,8664794
81461,25684	0,614196062	4,628003418	1,00773870093169	234,9836719
81471,25684	0,615179539	4,638211914	1,00758689493169	235,5020012
81481,25684	0,61494112	4,63632373	1,00777092493169	235,40613
81491,25684	0,614970922	4,638897949	1,00788584993169	235,5368342
81501,25684	0,61544776	4,641480469	1,00769436993169	235,6679598
81511,25684	0,615924597	4,646316406	1,00784515093169	235,9135012
81521,25684	0,615775585	4,644937988	1,00788035493169	235,843513
81531,25684	0,614762306	4,635177734	1,00778824693169	235,3479428
81541,25684	0,615507364	4,639317383	1,00774773493169	235,5581306
81551,25684	0,614970922	4,636697266	1,00770535993169	235,425096
81561,25684	0,615209341	4,639877441	1,00786638493169	235,5865672
81571,25684	0,614851713	4,636217285	1,00808282493169	235,4007253
81581,25684	0,614851713	4,634973145	1,00779551193169	235,3375549
81591,25684	0,614762306	4,63478418	1,00786983093169	235,3279604
81601,25684	0,615954399	4,645376953	1,00772594193169	235,8658011
81611,25684	0,614464283	4,633683105	1,00780054093169	235,2720541
81621,25684	0,615179539	4,639794922	1,00781963293169	235,5823773
81631,25684	0,614613295	4,634248535	1,00779951593169	235,3007634
81641,25684	0,615507364	4,640481445	1,00790941193169	235,6172351
81651,25684	0,61544776	4,639438477	1,00781488293169	235,5642791
81661,25684	0,614881516	4,637861328	1,00769772293169	235,4842005
81671,25684	0,615388155	4,639630859	1,00773199493169	235,5740472
81681,25684	0,615298748	4,641282227	1,00785772393169	235,6578942
81691,25684	0,614136457	4,630156738	1,00774466093169	235,0930052
81701,25684	0,615179539	4,63890918	1,00778470793169	235,5374044
81711,25684	0,615715981	4,64358252	1,00782112293169	235,77469
81721,25684	0,61583519	4,643838379	1,00781870193169	235,7876811
81731,25684	0,615388155	4,64106543	1,00786265993169	235,6468865
81741,25684	0,615388155	4,64152832	1,00777129693169	235,6703895
81751,25684	0,616043806	4,646538086	1,00796910993169	235,9247568
81761,25684	0,615864992	4,644688477	1,00785800293169	235,8308442
81771,25684	0,614523888	4,636291504	1,00791425493169	235,4044937
81781,25684	0,615596771	4,643689941	1,00777530193169	235,7801443
81791,25684	0,614881516	4,63832959	1,00776067993169	235,5079761
81801,25684	0,615537167	4,643392578	1,00784598893169	235,7650459
81811,25684	0,615298748	4,642737793	1,00776608193169	235,7317996
81821,25684	0,615209341	4,641730957	1,00774745493169	235,6806782
81831,25684	0,615864992	4,647737305	1,00790754993169	235,9856463
81841,25684	0,616103411	4,648700684	1,00786480193169	236,0345612
81851,25684	0,614970922	4,641556152	1,00765385693169	235,6718026
81861,25684	0,615924597	4,646011719	1,00781460393169	235,8980309
81871,25684	0,614881516	4,638685547	1,00769325193169	235,5260496
81881,25684	0,615030527	4,637927734	1,00777893393169	235,4875722
81891,25684	0,614434481	4,631824219	1,00787178693169	235,1776704
81901,25684	0,614762306	4,635028809	1,00782307893169	235,3403812
81911,25684	0,616252422	4,650615723	1,00796557093169	236,131796
81921,25684	0,615686178	4,645191895	1,00762424093169	235,8564049
81931,25684	0,615924597	4,646321289	1,00780650093169	235,9137491
81941,25684	0,615596771	4,645891602	1,00771904993169	235,891932
81951,25684	0,615507364	4,644129883	1,00781311393169	235,802482
81961,25684	0,615507364	4,642282227	1,00802675893169	235,7086685
81971,25684	0,616282225	4,651007813	1,00770200693169	236,1517041
81981,25684	0,615507364	4,643351563	1,00786303193169	235,7629633
81991,25684	0,615924597	4,646252441	1,00776766493169	235,9102534
82001,25684	0,616103411	4,64827832	1,00781367193169	236,013116
82011,25684	0,615686178	4,64548584	1,00777762993169	235,8713298
82021,25684	0,615537167	4,645227539	1,00758978193169	235,8582147
82031,25684	0,615268946	4,642181152	1,00763550993169	235,7035365
82041,25684	0,615864992	4,646921387	1,00772817693169	235,9442187
82051,25684	0,616788864	4,655817383	1,00766587093169	236,3959067
82061,25684	0,616580248	4,652395996	1,00769576693169	236,2221882
82071,25684	0,616192818	4,64820459	1,00773143693169	236,0093724
82081,25684	0,616252422	4,648294922	1,00768095893169	236,013959
82091,25684	0,615775585	4,646427734	1,00772053993169	235,9191538
82101,25684	0,616937876	4,655618164	1,00775192593169	236,3857915
82111,25684	0,616282225	4,648678223	1,00783313693169	236,0334208
82121,25684	0,615775585	4,646655762	1,00778070393169	235,9307317
82131,25684	0,616252422	4,648055176	1,00760226193169	236,001786
82141,25684	0,616759062	4,652586426	1,00787141393169	236,2318571
82151,25684	0,615507364	4,64239209	1,00775052893169	235,7142468
82161,25684	0,616252422	4,647971191	1,00783229893169	235,9975218
82171,25684	0,616192818	4,647584473	1,00783751393169	235,9778864
82181,25684	0,615686178	4,644839355	1,00791099593169	235,838505
82191,25684	0,615537167	4,642460449	1,00762927093169	235,7177177
82201,25684	0,616282225	4,649103027	1,00779206593169	236,05499
82211,25684	0,61583519	4,648176758	1,00777138993169	236,0079593
82221,25684	0,61661005	4,651659668	1,00766810693169	236,1848016
82231,25684	0,61544776	4,643515625	1,00782531393169	235,7712935
82241,25684	0,615596771	4,644250977	1,00782708293169	235,8086304
82251,25684	0,616580248	4,651057617	1,00784161193169	236,1542329
82261,25684	0,614851713	4,636179199	1,00779634993169	235,3987915
82271,25684	0,615268946	4,640452148	1,00768114493169	235,6157476
82281,25684	0,615864992	4,644261719	1,00787057593169	235,8091759
82291,25684	0,615268946	4,641317871	1,00774242593169	235,659704
82301,25684	0,616252422	4,648333984	1,00779159993169	236,0159423
82311,25684	0,614881516	4,637058105	1,00771523193169	235,4434174
82321,25684	0,616014004	4,644837891	1,00771150593169	235,8384306
82331,25684	0,616431236	4,650402344	1,00784515093169	236,1209619
82341,25684	0,615954399	4,645015625	1,00777884093169	235,8474549
82351,25684	0,616669655	4,649647461	1,00762461393169	236,0826332
82361,25684	0,616341829	4,648217773	1,00767499793169	236,0100418
82371,25684	0,616192818	4,647128418	1,00770973693169	235,9547305
82381,25684	0,615775585	4,641737793	1,00772528993169	235,6810253
82391,25684	0,61583519	4,64272998	1,00772361293169	235,7314029
82401,25684	0,616520643	4,650340332	1,00777586093169	236,1178133
82411,25684	0,615924597	4,644810547	1,00775956293169	235,8370422
82421,25684	0,615388155	4,638696289	1,00757376393169	235,526595
82431,25684	0,615298748	4,638458496	1,00787299793169	235,5145213
82441,25684	0,616461039	4,649084961	1,00781031993169	236,0540727
82451,25684	0,61699748	4,653144043	1,00785427793169	236,2601697
82461,25684	0,615775585	4,643419434	1,00786917893169	235,7664094
82471,25684	0,616520643	4,650228027	1,00802303393169	236,1121111
82481,25684	0,616103411	4,646937012	1,00781888793169	235,945012
82491,25684	0,616133213	4,646533691	1,00787402193169	235,9245337
82501,25684	0,616341829	4,646763672	1,00775481293169	235,9362108
82511,25684	0,616878271	4,654041016	1,00775052893169	236,3057129
82521,25684	0,616669655	4,649669434	1,00767835093169	236,0837488
82531,25684	0,616461039	4,649759766	1,00771346193169	236,0883354
82541,25684	0,616043806	4,646060059	1,00783350993169	235,9004853
82551,25684	0,616669655	4,64936377	1,00775639593169	236,068229
82561,25684	0,616937876	4,654574707	1,00795849293169	236,3328107
82571,25684	0,616878271	4,655879883	1,00779327593169	236,3990801
82581,25684	0,616580248	4,651067871	1,00786638493169	236,1547535
82591,25684	0,616699457	4,652263184	1,00766894493169	236,2154447
82601,25684	0,616043806	4,648626465	1,00787206593169	236,0307928
82611,25684	0,616252422	4,646857422	1,00778787493169	235,9409709
82621,25684	0,615686178	4,643588867	1,00799798093169	235,7750123
82631,25684	0,616937876	4,651617188	1,00768188993169	236,1826447
82641,25684	0,616043806	4,644506836	1,00769679093169	235,8216215
82651,25684	0,61699748	4,65177832	1,00770833993169	236,1908261
82661,25684	0,615030527	4,636178711	1,00769530093169	235,3987667
82671,25684	0,615864992	4,641279785	1,00785176293169	235,6577703
82681,25684	0,615626574	4,641552734	1,00764212293169	235,6716291
82691,25684	0,61583519	4,642481934	1,00781991193169	235,7188085
82701,25684	0,616014004	4,643511719	1,00783118093169	235,7710951
82711,25684	0,616282225	4,647108398	1,00777772293169	235,9537141
82721,25684	0,616282225	4,645754395	1,00779606993169	235,8849654
82731,25684	0,616282225	4,647741699	1,00781227493169	235,9858695
82741,25684	0,616461039	4,649124512	1,00777092493169	236,0560808
82751,25684	0,616580248	4,65269043	1,00772286793169	236,2371378
82761,25684	0,615954399	4,646178223	1,00783751393169	235,906485
82771,25684	0,616461039	4,651839355	1,00778712993169	236,1939251
82781,25684	0,61661005	4,651947266	1,00779169293169	236,1994042
82791,25684	0,617086887	4,657460449	1,00804510593169	236,4793323
82801,25684	0,616133213	4,648042969	1,00773273993169	236,0011662
82811,25684	0,615537167	4,640836914	1,00766074893169	235,6352838
82821,25684	0,61661005	4,652262695	1,00765665093169	236,2154199
82831,25684	0,616341829	4,65179248	1,00771066793169	236,1915451
82841,25684	0,61583519	4,646552246	1,00784375393169	235,9254758
82851,25684	0,616043806	4,646361328	1,00778088993169	235,9157821
82861,25684	0,617086887	4,657154297	1,00768347293169	236,4637876
82871,25684	0,616580248	4,653333984	1,00790056493169	236,2698139
82881,25684	0,616759062	4,653737305	1,00778740893169	236,2902922
82891,25684	0,616133213	4,647381836	1,00780333493169	235,9675977
82901,25684	0,616252422	4,648092285	1,00789264893169	236,0036702
82911,25684	0,616192818	4,644833008	1,00774987693169	235,8381827
82921,25684	0,616103411	4,648002441	1,00781721093169	235,9991085
82931,25684	0,616192818	4,647677246	1,00776459193169	235,9825969
82941,25684	0,616669655	4,652658691	1,00773329893169	236,2355263
82951,25684	0,616580248	4,649509277	1,00782624493169	236,075617
82961,25684	0,616282225	4,648583496	1,00785558193169	236,0286111
82971,25684	0,615924597	4,646194336	1,00788985493169	235,9073032
82981,25684	0,615954399	4,644311035	1,00772668693169	235,8116799
82991,25684	0,616103411	4,64667627	1,00769977193169	235,931773
83001,25684	0,615864992	4,642530273	1,00766978293169	235,7212629
83011,25684	0,615298748	4,638741211	1,00775565093169	235,5288759
83021,25684	0,616848469	4,652196777	1,00781478993169	236,212073
83031,25684	0,616252422	4,645249023	1,00777567393169	235,8593056
83041,25684	0,616580248	4,648656738	1,00776822393169	236,0323299
83051,25684	0,617176294	4,655658203	1,00806484993169	236,3878245
83061,25684	0,616103411	4,646553223	1,00777185593169	235,9255254
83071,25684	0,617265701	4,655282715	1,00777371893169	236,3687593
83081,25684	0,616699457	4,651141602	1,00781283393169	236,1584972
83091,25684	0,615775585	4,643154785	1,00773590693169	235,7529721
83101,25684	0,616699457	4,650781738	1,00770880493169	236,1402254
83111,25684	0,616252422	4,646727051	1,00786321893169	235,9343514
83121,25684	0,616461039	4,650700195	1,00784235693169	236,1360851
83131,25684	0,616341829	4,64961084	1,00775704793169	236,0807738
83141,25684	0,616937876	4,654381348	1,00785818993169	236,322993
83151,25684	0,61661005	4,65120166	1,00795215993169	236,1615466
83161,25684	0,616133213	4,647494629	1,00776896893169	235,9733246
83171,25684	0,615924597	4,641839355	1,00772026093169	235,686182
83181,25684	0,616133213	4,64525	1,00778573293169	235,8593552
83191,25684	0,616669655	4,65129248	1,00785902793169	236,1661579
83201,25684	0,616788864	4,652025879	1,00784217093169	236,2033957
83211,25684	0,616431236	4,65114502	1,00778191393169	236,1586707
83221,25684	0,617206097	4,658780273	1,00771383493169	236,5463454
83231,25684	0,617533922	4,663197754	1,00778126193169	236,77064
83241,25684	0,61750412	4,660284668	1,00786200793169	236,62273
83251,25684	0,616759062	4,654296387	1,00773423093169	236,3186792
83261,25684	0,616192818	4,648538086	1,00760160993169	236,0263055
83271,25684	0,616341829	4,64903125	1,00759928193169	236,0513455
83281,25684	0,616103411	4,649929688	1,00791006393169	236,0969631
83291,25684	0,61583519	4,645984863	1,00786563993169	235,8966673
83301,25684	0,61661005	4,65169873	1,00783397493169	236,186785
83311,25684	0,617206097	4,658531738	1,00787886493169	236,5337262
83321,25684	0,616252422	4,646910645	1,00781171693169	235,9436732
83331,25684	0,616580248	4,650547852	1,00764091193169	236,1283499
83341,25684	0,616580248	4,650585449	1,00769176193169	236,1302589
83351,25684	0,615090132	4,638094727	1,00803746893169	235,4960511
83361,25684	0,615119934	4,635553223	1,00769399693169	235,367008
83371,25684	0,616103411	4,644850098	1,00787122793169	235,8390504
83381,25684	0,616192818	4,646625977	1,00796873793169	235,9292194
83391,25684	0,616699457	4,652004395	1,00769259993169	236,2023049
83401,25684	0,616371632	4,648469238	1,00777837493169	236,0228098
83411,25684	0,615596771	4,643264648	1,00785297393169	235,7585503
83421,25684	0,616341829	4,648577637	1,00775425393169	236,0283136
83431,25684	0,615924597	4,646093262	1,00782978393169	235,9021712
83441,25684	0,616103411	4,645737793	1,00788603593169	235,8841225
83451,25684	0,615537167	4,642552246	1,00782456893169	235,7223786
83461,25684	0,615775585	4,642074219	1,00767378793169	235,6981071
83471,25684	0,616341829	4,648127441	1,00768542893169	236,0054553
83481,25684	0,61661005	4,650690918	1,00784896993169	236,135614
83491,25684	0,616192818	4,646981934	1,00782335793169	235,9472929
83501,25684	0,616192818	4,647373047	1,00791229893169	235,9671514
83511,25684	0,616580248	4,650311523	1,00779728093169	236,1163505
83521,25684	0,617086887	4,654310547	1,00767462593169	236,3193982
83531,25684	0,616937876	4,655416016	1,00770722193169	236,3755276
83541,25684	0,616133213	4,648883301	1,00765180893169	236,0438335
83551,25684	0,616192818	4,64903125	1,00774037693169	236,0513455
83561,25684	0,616192818	4,647507813	1,00784133293169	235,973994
83571,25684	0,615626574	4,641180176	1,00771634893169	235,6527127
83581,25684	0,615715981	4,642731934	1,00759741893169	235,7315021
83591,25684	0,616192818	4,646933105	1,00771718693169	235,9448137
83601,25684	0,615715981	4,643478027	1,00790261393169	235,7693845
83611,25684	0,616341829	4,647524902	1,00786321893169	235,9748618
83621,25684	0,616282225	4,648207031	1,00785204293169	236,0094964
83631,25684	0,616371632	4,646843262	1,00775052893169	235,9402519
83641,25684	0,61711669	4,655705566	1,00792068093169	236,3902293
83651,25684	0,616043806	4,646462891	1,00784533693169	235,9209388
83661,25684	0,616788864	4,650865723	1,00790736293169	236,1444896
83671,25684	0,616461039	4,649039063	1,00785176293169	236,0517422
83681,25684	0,616341829	4,647404297	1,00758028293169	235,9687381
83691,25684	0,616520643	4,64916748	1,00770908493169	236,0582625
83701,25684	0,617176294	4,655754883	1,00779290393169	236,3927333
83711,25684	0,615686178	4,643220703	1,00787113493169	235,756319
83721,25684	0,615954399	4,643550781	1,00771578993169	235,7730785
83731,25684	0,616252422	4,645558594	1,00771169293169	235,8750238
83741,25684	0,616103411	4,647482422	1,00775248393169	235,9727048
83751,25684	0,617027283	4,654060547	1,00786526793169	236,3067046
83761,25684	0,616848469	4,65244043	1,00795672393169	236,2244443
83771,25684	0,61661005	4,650288574	1,00776449893169	236,1151853
83781,25684	0,615358353	4,639665527	1,00773478893169	235,5758074
83791,25684	0,616103411	4,647288086	1,00772854993169	235,9628376
83801,25684	0,616520643	4,648869629	1,00784980793169	236,0431393
83811,25684	0,615864992	4,644821777	1,00780976093169	235,8376125
83821,25684	0,616371632	4,648440918	1,00778442893169	236,0213718
83831,25684	0,616699457	4,650519531	1,00779504593169	236,126912
83841,25684	0,615924597	4,64326416	1,00773683793169	235,7585255
83851,25684	0,615596771	4,639878906	1,00780612893169	235,5866416
83861,25684	0,615715981	4,642497559	1,00785604793169	235,7196019
83871,25684	0,616699457	4,649652344	1,00783434793169	236,0828811
83881,25684	0,615179539	4,634721191	1,00765655793169	235,3247622
83891,25684	0,615954399	4,6409375	1,00771374093169	235,640391
83901,25684	0,616669655	4,649821289	1,00783742093169	236,0914592
83911,25684	0,615775585	4,641487793	1,00782857393169	235,6683317
83921,25684	0,615715981	4,640680664	1,00786098393169	235,6273503
83931,25684	0,61544776	4,638512207	1,00788193793169	235,5172484
83941,25684	0,616192818	4,645600098	1,00781572093169	235,8771311
83951,25684	0,616341829	4,644735352	1,00779225193169	235,8332242
83961,25684	0,61494112	4,633033691	1,00772407893169	235,2390805
83971,25684	0,615715981	4,641095215	1,00773320593169	235,6483988
83981,25684	0,615537167	4,639868164	1,00788398693169	235,5860962
83991,25684	0,61583519	4,643671875	1,00789888793169	235,779227
84001,25684	0,615090132	4,635174805	1,00771159893169	235,3477941
84011,25684	0,616669655	4,648814941	1,00776729293169	236,0403626
84021,25684	0,616014004	4,64321582	1,00764472993169	235,7560711
84031,25684	0,616133213	4,646046387	1,00768291493169	235,8997912
84041,25684	0,615864992	4,643953613	1,00771895693169	235,793532
84051,25684	0,61661005	4,65076709	1,00779132093169	236,1394816
84061,25684	0,616192818	4,644208008	1,00792002893169	235,8064487
84071,25684	0,616103411	4,645614746	1,00780948093169	235,8778749
84081,25684	0,617027283	4,65507666	1,00785595393169	236,358297
84091,25684	0,615626574	4,641524902	1,00777893393169	235,6702159
84101,25684	0,615507364	4,642000977	1,00791155393169	235,6943882
84111,25684	0,61583519	4,64351123	1,00770833993169	235,7710703
84121,25684	0,615924597	4,644576172	1,00778983093169	235,825142
84131,25684	0,616848469	4,651972656	1,00781106493169	236,2006934
84141,25684	0,616669655	4,650265625	1,00774382293169	236,1140201
84151,25684	0,616788864	4,653115723	1,00766084193169	236,2587318
84161,25684	0,617086887	4,655831543	1,00772137793169	236,3966257
84171,25684	0,616878271	4,653609863	1,00783937693169	236,2838214
84181,25684	0,61661005	4,652051758	1,00777865493169	236,2047097
84191,25684	0,616461039	4,649108398	1,00761595293169	236,0552627
84201,25684	0,616371632	4,649727539	1,00785716493169	236,0866991
84211,25684	0,616252422	4,647737305	1,00774643093169	235,9856463
84221,25684	0,61699748	4,654145508	1,00779262393169	236,3110184
84231,25684	0,615298748	4,637664063	1,00763122593169	235,4741844
84241,25684	0,616341829	4,646430664	1,00772165793169	235,9193026
84251,25684	0,616371632	4,64789209	1,00791462793169	235,9935055
84261,25684	0,615924597	4,644778809	1,00776570893169	235,8354307
84271,25684	0,615537167	4,640476074	1,00786321893169	235,6169624
84281,25684	0,616103411	4,643725098	1,00783341593169	235,7819293
84291,25684	0,615388155	4,637290039	1,00775602393169	235,4551937
84301,25684	0,616043806	4,642382324	1,00773423093169	235,7137509
84311,25684	0,615715981	4,640604492	1,00776822393169	235,6234827
84321,25684	0,615686178	4,640323242	1,00784142593169	235,6092024
84331,25684	0,616192818	4,643666992	1,00760179593169	235,778979
84341,25684	0,61583519	4,641915527	1,00757087693169	235,6900496
84351,25684	0,616043806	4,643757813	1,00773711793169	235,7835904
84361,25684	0,61583519	4,641224121	1,00791630393169	235,6549439
84371,25684	0,615090132	4,634390137	1,00768943393169	235,3079531
84381,25684	0,61544776	4,638694824	1,00765646493169	235,5265207
84391,25684	0,615298748	4,636952637	1,00763970093169	235,4380623
84401,25684	0,616699457	4,649559082	1,00771280993169	236,0781458
84411,25684	0,615864992	4,643518555	1,00774922493169	235,7714422
84421,25684	0,615298748	4,63939209	1,00771718693169	235,5619238
84431,25684	0,615864992	4,642835449	1,00773385793169	235,736758
84441,25684	0,61699748	4,652900391	1,00766764093169	236,2477985
84451,25684	0,615954399	4,646757813	1,00773162293169	235,9359133
84461,25684	0,616461039	4,649709473	1,00792403393169	236,0857818
84471,25684	0,61544776	4,640515137	1,00771485893169	235,6189458
84481,25684	0,61544776	4,639980469	1,00783276393169	235,5917984
84491,25684	0,615715981	4,642219238	1,00794806193169	235,7054703
84501,25684	0,61544776	4,640052246	1,00802331293169	235,5954428
84511,25684	0,616669655	4,651011719	1,00786321893169	236,1519024
84521,25684	0,616282225	4,651200195	1,00782773493169	236,1614722
84531,25684	0,616014004	4,647852539	1,00785399893169	235,9914973
84541,25684	0,615715981	4,645038574	1,00769744293169	235,8486202
84551,25684	0,615596771	4,643589355	1,00785427793169	235,7750371
84561,25684	0,616341829	4,65015625	1,00764156393169	236,1084666
84571,25684	0,616252422	4,648570801	1,00777753693169	236,0279665
84581,25684	0,615507364	4,643784668	1,00790596593169	235,7849539
84591,25684	0,616133213	4,647487793	1,00787374293169	235,9729776
84601,25684	0,616282225	4,648928223	1,00781050593169	236,0461144
84611,25684	0,61583519	4,646492676	1,00783853893169	235,9224512
84621,25684	0,616043806	4,646134277	1,00773823493169	235,9042537
84631,25684	0,616103411	4,64999707	1,00779951593169	236,1003844
84641,25684	0,615388155	4,643217285	1,00771076093169	235,7561455
84651,25684	0,616341829	4,648101074	1,00786675793169	236,0041165
84661,25684	0,615924597	4,646777832	1,00792459293169	235,9369298
84671,25684	0,614792109	4,63573584	1,00758624293169	235,3762803
84681,25684	0,616043806	4,645682617	1,00777604693169	235,881321
84691,25684	0,615626574	4,641821777	1,00759788493169	235,6852895
84701,25684	0,615954399	4,64638623	1,00782400993169	235,9170465
84711,25684	0,616431236	4,648647461	1,00780994693169	236,0318589
84721,25684	0,616133213	4,649452148	1,00793353393169	236,0727163
84731,25684	0,61583519	4,647882324	1,00782112293169	235,9930096
84741,25684	0,615030527	4,640259277	1,00781301993169	235,6059547
84751,25684	0,615924597	4,644683105	1,00763476493169	235,8305715
84761,25684	0,615924597	4,647959961	1,00786712993169	235,9969516
84771,25684	0,615507364	4,643095215	1,00770778093169	235,7499474
84781,25684	0,61583519	4,64539209	1,00777558093169	235,8665697
84791,25684	0,616192818	4,648575195	1,00781814293169	236,0281897
84801,25684	0,616192818	4,649008789	1,00764156393169	236,0502051
84811,25684	0,615507364	4,644241211	1,00767928293169	235,8081346
84821,25684	0,615030527	4,638539551	1,00755094593169	235,5186367
84831,25684	0,615596771	4,641296387	1,00793725893169	235,6586132
84841,25684	0,615537167	4,641384277	1,00781767693169	235,6630758
84851,25684	0,615626574	4,645304688	1,00771811893169	235,8621319
84861,25684	0,616014004	4,649283203	1,00797274193169	236,0641383
84871,25684	0,615715981	4,645064941	1,00779756093169	235,8499589
84881,25684	0,61544776	4,642035156	1,00772584893169	235,6961237
84891,25684	0,615864992	4,645293457	1,00768105193169	235,8615617
84901,25684	0,615626574	4,645732422	1,00786498793169	235,8838498
84911,25684	0,616192818	4,648835938	1,00775276393169	236,0414287
84921,25684	0,615507364	4,644711914	1,00775453293169	235,8320342
84931,25684	0,615358353	4,641593262	1,00768598793169	235,6736868
84941,25684	0,616252422	4,649990723	1,00770684993169	236,1000621
84951,25684	0,616282225	4,648647949	1,00749786093169	236,0318837
84961,25684	0,616341829	4,651009277	1,00792123993169	236,1517785
84971,25684	0,616341829	4,648929199	1,00761883993169	236,046164
84981,25684	0,61661005	4,652700195	1,00781618693169	236,2376337
84991,25684	0,615715981	4,644556152	1,00765758293169	235,8241255
85001,25684	0,614970922	4,638430176	1,00772016793169	235,5130833
85011,25684	0,615507364	4,642705078	1,00780854993169	235,7301385
85021,25684	0,616580248	4,650677246	1,00792990093169	236,1349198
85031,25684	0,615626574	4,645750488	1,00771439293169	235,8847671
85041,25684	0,615715981	4,64569043	1,00777893393169	235,8817177
85051,25684	0,615864992	4,643319336	1,00769781593169	235,761327
85061,25684	0,615537167	4,641703613	1,00785083193169	235,6792898
85071,25684	0,615268946	4,637723633	1,00762610393169	235,4772091
85081,25684	0,615775585	4,644387207	1,00765711693169	235,8155475
85091,25684	0,615209341	4,638487793	1,00784692093169	235,5160088
85101,25684	0,615358353	4,641212891	1,00777446393169	235,6543737
85111,25684	0,614970922	4,638598633	1,00770358993169	235,5216366
85121,25684	0,615179539	4,64076709	1,00780473193169	235,6317385
85131,25684	0,615864992	4,645149902	1,00767602293169	235,8542728
85141,25684	0,615626574	4,643236328	1,00770964393169	235,7571124
85151,25684	0,615596771	4,641272461	1,00795253293169	235,6573984
85161,25684	0,616014004	4,646992676	1,00773963193169	235,9478383
85171,25684	0,615924597	4,646483887	1,00785800293169	235,9220049
85181,25684	0,61544776	4,643184082	1,00788640893169	235,7544596
85191,25684	0,615686178	4,64550293	1,00788864393169	235,8721975
85201,25684	0,615775585	4,646952148	1,00772342693169	235,9457806
85211,25684	0,61661005	4,656284668	1,00797665393169	236,4196328
85221,25684	0,615298748	4,643978516	1,00769520793169	235,7947964
85231,25684	0,616848469	4,656907715	1,00779346293169	236,4512676
85241,25684	0,616699457	4,655189453	1,00769837493169	236,364024
85251,25684	0,615090132	4,64051123	1,00770778093169	235,6187474
85261,25684	0,615388155	4,640373535	1,00773618593169	235,611756
85271,25684	0,615686178	4,644030762	1,00782810793169	235,7974492
85281,25684	0,614702702	4,635361816	1,00771942293169	235,3572895
85291,25684	0,615924597	4,645436523	1,00774540593169	235,8688258
85301,25684	0,615686178	4,645114746	1,00780817793169	235,8524877
85311,25684	0,615537167	4,644027344	1,00774745493169	235,7972756
85321,25684	0,615298748	4,642178711	1,00786871393169	235,7034126
85331,25684	0,614613295	4,634602051	1,00765236693169	235,3187129
85341,25684	0,615090132	4,639055176	1,00787690893169	235,5448173
85351,25684	0,614762306	4,636579102	1,00783034293169	235,4190963
85361,25684	0,614643097	4,635796875	1,00769679093169	235,3793793
85371,25684	0,615537167	4,64212207	1,00773385793169	235,7005367
85381,25684	0,615179539	4,641138672	1,00788137993169	235,6506053
85391,25684	0,616133213	4,649350098	1,00773786293169	236,0675348
85401,25684	0,614792109	4,637279297	1,00780622193169	235,4546482
85411,25684	0,615388155	4,640779785	1,00781702493169	235,6323831
85421,25684	0,614464283	4,633947266	1,00779970293169	235,2854666
85431,25684	0,614613295	4,633130859	1,00778908493169	235,2440142
85441,25684	0,615507364	4,640144531	1,00798652593169	235,6001285
85451,25684	0,615090132	4,639678223	1,00773888693169	235,576452
85461,25684	0,615507364	4,643747559	1,00772622093169	235,7830697
85471,25684	0,615090132	4,639899902	1,00767574393169	235,5877077
85481,25684	0,615775585	4,646947754	1,00773348593169	235,9455574
85491,25684	0,614523888	4,63520166	1,00769744293169	235,3491577
85501,25684	0,615507364	4,643620117	1,00772920093169	235,776599
85511,25684	0,616133213	4,649890625	1,00790512793169	236,0949797
85521,25684	0,615775585	4,649334961	1,00776468493169	236,0667662
85531,25684	0,616133213	4,652662598	1,00781655893169	236,2357247
85541,25684	0,616103411	4,650175293	1,00782661793169	236,1094335
85551,25684	0,61661005	4,656099609	1,00775928293169	236,4102366
85561,25684	0,616282225	4,652421875	1,00759890893169	236,2235022
85571,25684	0,616133213	4,652240234	1,00789134493169	236,2142795
85581,25684	0,615090132	4,642000977	1,00774615093169	235,6943882
85591,25684	0,61544776	4,64609375	1,00768514993169	235,902196
85601,25684	0,616282225	4,654381348	1,00782112293169	236,322993
85611,25684	0,615864992	4,649185547	1,00768440493169	236,0591798
85621,25684	0,615686178	4,647748047	1,00769325193169	235,9861918
85631,25684	0,615596771	4,644931641	1,00757087693169	235,8431907
85641,25684	0,615537167	4,642658691	1,00768980593169	235,7277833
85651,25684	0,614792109	4,637195313	1,00787597793169	235,450384
85661,25684	0,615119934	4,637980469	1,00812687593169	235,4902497
85671,25684	0,614702702	4,637483887	1,00778368393169	235,4650361
85681,25684	0,615388155	4,642326172	1,00779010993169	235,7108998
85691,25684	0,615209341	4,639656738	1,00776412593169	235,5753612
85701,25684	0,61544776	4,642814453	1,00778629193169	235,735692
85711,25684	0,614881516	4,638339355	1,00780072693169	235,508472
85721,25684	0,615209341	4,639580566	1,00771318293169	235,5714936
85731,25684	0,61544776	4,643388672	1,00788519793169	235,7648475
85741,25684	0,61583519	4,647941406	1,00764510293169	235,9960095
85751,25684	0,615298748	4,642560059	1,00787122793169	235,7227753
85761,25684	0,615775585	4,646755371	1,00772864293169	235,9357893
85771,25684	0,616431236	4,651863281	1,00773199493169	236,1951399
85781,25684	0,616014004	4,650291992	1,00797814393169	236,1153588
85791,25684	0,615596771	4,645305664	1,00785753793169	235,8621815
85801,25684	0,615924597	4,648783691	1,00774447493169	236,0387759
85811,25684	0,616520643	4,655310547	1,00781451093169	236,3701725
85821,25684	0,615507364	4,645369629	1,00778368393169	235,8654292
85831,25684	0,615507364	4,644942383	1,00756826893169	235,8437361
85841,25684	0,615686178	4,646037598	1,00792086793169	235,8993449
85851,25684	0,615030527	4,640775391	1,00790643193169	235,63216
85861,25684	0,615090132	4,6419375	1,00762610393169	235,6911653
85871,25684	0,615686178	4,6475625	1,00766074893169	235,9767708
85881,25684	0,615209341	4,64423291	1,00786461593169	235,8077131
85891,25684	0,615179539	4,64395459	1,00750708093169	235,7935816
85901,25684	0,615864992	4,650430176	1,00774633793169	236,122375
85911,25684	0,616759062	4,65865918	1,00790903993169	236,540197
85921,25684	0,615686178	4,649670898	1,00778275193169	236,0838232
85931,25684	0,616103411	4,652289551	1,00782112293169	236,2167835
85941,25684	0,615924597	4,649080566	1,00762293793169	236,0538495
85951,25684	0,615358353	4,645782715	1,00789423193169	235,8864034
85961,25684	0,61494112	4,639816406	1,00778582593169	235,5834682
85971,25684	0,615924597	4,648709961	1,00770601093169	236,0350323
85981,25684	0,615090132	4,643803223	1,00775294993169	235,785896
85991,25684	0,615090132	4,643279297	1,00766782693169	235,7592941
86001,25684	0,615537167	4,64702832	1,00788938893169	235,9496481
86011,25684	0,615686178	4,648122559	1,00792263693169	236,0052073
86021,25684	0,615358353	4,642537109	1,00751676693169	235,72161
86031,25684	0,615209341	4,642740723	1,00777008593169	235,7319483
86041,25684	0,615268946	4,6425625	1,00757367093169	235,7228992
86051,25684	0,615686178	4,64661377	1,00780854993169	235,9285996
86061,25684	0,614851713	4,639427246	1,00781711793169	235,5637089
86071,25684	0,615209341	4,642970215	1,00780715293169	235,7436007
86081,25684	0,615775585	4,646707031	1,00784477893169	235,9333349
86091,25684	0,615596771	4,645719238	1,00780528993169	235,8831804
86101,25684	0,615358353	4,644222656	1,00767136593169	235,8071925
86111,25684	0,615954399	4,651506836	1,00776608193169	236,1770417
86121,25684	0,616371632	4,652475586	1,00777809593169	236,2262293
86131,25684	0,615686178	4,647158203	1,00766829293169	235,9562429
86141,25684	0,615358353	4,644456055	1,00769837493169	235,8190431
86151,25684	0,615179539	4,641224609	1,00796063493169	235,6549687
86161,25684	0,614792109	4,638556152	1,00780752593169	235,5194797
86171,25684	0,615209341	4,642921875	1,00775378793169	235,7411462
86181,25684	0,615715981	4,647544922	1,00781553493169	235,9758782
86191,25684	0,615596771	4,64829541	1,00793083293169	236,0139838
86201,25684	0,615775585	4,649318359	1,00784570993169	236,0659233
86211,25684	0,615090132	4,64346582	1,00774903893169	235,7687647
86221,25684	0,615030527	4,642942383	1,00776244993169	235,7421875
86231,25684	0,615537167	4,647126953	1,00769455593169	235,9546562
86241,25684	0,616282225	4,652776367	1,00777809593169	236,2415013
86251,25684	0,615119934	4,644370605	1,00761911893169	235,8147045
86261,25684	0,615358353	4,646541504	1,00765897993169	235,9249304
86271,25684	0,615298748	4,645994141	1,00785539593169	235,8971384
86281,25684	0,615864992	4,650017578	1,00781106493169	236,1014256
86291,25684	0,615596771	4,647897461	1,00755113293169	235,9937782
86301,25684	0,616103411	4,652750977	1,00767658193169	236,2402121
86311,25684	0,614851713	4,640925781	1,00771336893169	235,639796
86321,25684	0,615298748	4,644142578	1,00769809493169	235,8031266
86331,25684	0,614434481	4,63821582	1,00772538293169	235,5021996
86341,25684	0,614851713	4,640181641	1,00771318293169	235,6020127
86351,25684	0,615268946	4,642594727	1,00764454393169	235,7245355
86361,25684	0,615268946	4,643993652	1,00769613893169	235,795565
86371,25684	0,616103411	4,650208496	1,00769464893169	236,1111194
86381,25684	0,616788864	4,65868457	1,00771988793169	236,5414862
86391,25684	0,615775585	4,648658203	1,00769371793169	236,0324043
86401,25684	0,615388155	4,647201172	1,00761213393169	235,9584246
