BAM 5.2 *RELAX01-V03* VH5204_C_10.lis
-------------------------------------

Versuchsbezeichnung                 				RELAX-Versuch
Versuchs-Datum                      				06.10.2022
Projekt                             				VH5204
Werkstoff                           				CuNiSi
Bearbeiter                          				NN
Prüfmaschine                        				M33
Probenbezeichnung                   				C_10
Probenform                          				ZUG 005.004
Probenquerschnitt                   			mm²	19,627
Prüftemperatur                      			°C	100
Prüfgeschwindigkeit 1               			%/s	0,025
Anfangsmesslänge                    			mm	25
Steigung des elastischen Teils (mE)    			GPa	53,7
Dehngrenze (Rp0.2)                  			MPa	77,6
Anfangsdehnung                      			%	1,00
Anfangsspannung                     			MPa	95,1
Belastungszeit t                    			s	86400
Restspannung                        			MPa	87,9
-



-
[Daten]
Zeit	Weg	Kraft	Dehnung	Spannung
sec	mm	kN	%	MPa
-39,63574219	0	0,250720871	0,0191202629802003	12,7742839455852
-39,37207031	0,00795719999996436	0,300930817	0,0255629223130722	15,3324918224894
-39,13574219	0,015556800000013	0,351034546	0,0314582174148076	17,8852879197024
-38,91992188	0,0227689999999825	0,401362946	0,0368556063601961	20,4495310541601
-38,70898438	0,0294744999999921	0,451438995	0,042262813511526	23,0009168492383
-38,51269531	0,0360905999999659	0,501450409	0,0468496719018335	25,5490094767412
-38,31640625	0,0424682999999959	0,551578125	0,0520716252989904	28,1030277169206
-38,1171875	0,0489056000000119	0,601640808	0,0569004674114458	30,6537325113364
-37,92773438	0,0549555000000055	0,65171759	0,06178493235589	33,2051556529271
-37,7265625	0,0609158999999977	0,701965027	0,0668774818587476	35,7652737045906
-37,53417969	0,0668764000000124	0,752256104	0,0715038421009512	38,3276152239262
-37,34960938	0,0726879000000054	0,802671021	0,076121965331427	40,8962664187089
-37,16894531	0,0784694999999829	0,852776306	0,0807317635393648	43,4491417944668
-36,97753906	0,0841020999999955	0,902808838	0,0857958345442924	45,9983103887502
-36,76367188	0,0898837999999955	0,952986755	0,0910980397985485	48,5548863810058
-36,53515625	0,0960827000000108	1,003113953	0,0968919964531808	51,1088782289703
-36,27539063	0,102549799999963	1,053220337	0,10356591719121	53,6618095990218
-35,95800781	0,109493699999973	1,103325562	0,111625147082683	56,2146819177663
-35,61523438	0,116437700000006	1,15349646	0,120377185069733	58,7709002904163
-35,20703125	0,124007500000005	1,20359375	0,130972944515661	61,3233683191522
-34,59082031	0,132948099999965	1,253727661	0,146444240809421	63,8777021959546
-33,78125	0,142842499999972	1,303807373	0,166855284837847	66,4292746216946
-32,64453125	0,15518069999996	1,354070801	0,195306539421658	68,9902074183523
-31,20019531	0,169694399999969	1,40408374	0,231265514156623	71,5383777449432
-30	0,181108699999982	1,438779785	0,261370860907703	73,3061489274978
-29,58007813	0,185310799999968	1,454249756	0,271956736139581	74,0943473786111
-27,48828125	0,20506979999999	1,504280518	0,324241553129671	76,6434257910022
-25,26074219	0,225782400000014	1,554626587	0,379748840926359	79,2085691649259
-22,83203125	0,248134100000016	1,604765991	0,440569649367139	81,7631829112957
-20	0,273525699999993	1,651409912	0,511401473431485	84,1397010240995
-19,89160156	0,274539000000004	1,654787964	0,514231644053008	84,3118135221888
-16,77539063	0,302106100000003	1,704914429	0,592086037678891	86,8657680236409
-13,265625	0,332772699999964	1,754944946	0,679975871928392	89,4148339532277
-10	0,36108489999998	1,796735352	0,761512234799715	91,5440644010801
-9,4296875	0,365972499999998	1,805248535	0,775936607502933	91,9778129617364
-5,047851563	0,403702199999998	1,855481445	0,885495392285812	94,5371908595302
0	0,440388899999959	1,867258911	1,00158923175021	95,1372553625108
10	0,438034500000015	1,819895874	1,00147447865543	92,7240981301269
20	0,438898800000004	1,82324939	1,00142380843175	92,8949605135782
30	0,438809399999968	1,817588257	1,00144076051393	92,6065245325317
40	0,438362299999994	1,812043945	1,0014672137631	92,3240406073267
42,20507813	0,437557700000013	1,805248779	1,00132591440772	91,9778253935905
50	0,437408699999992	1,799862549	1,00145436018433	91,7033957813216
60	0,437796100000014	1,799037964	1,00132805667084	91,661382992816
70	0,437289499999963	1,794707397	1,00162378799465	91,4407396443675
80	0,438153699999987	1,800993896	1,00146423339703	91,761038161716
90	0,437378899999999	1,793817749	1,00128716664844	91,3954118815917
100	0,437229899999977	1,792825317	1,00145687449316	91,3448472512355
110	0,437617299999999	1,79493396	1,0015541164371	91,4522830794314
120	0,437498099999971	1,794674072	1,00149217582912	91,4390417282315
130	0,437557700000013	1,793755127	1,00148165053633	91,3922212768126
140	0,437974899999972	1,795482788	1,00145082074959	91,4802459876701
150	0,438451799999996	1,802355225	1,00159919797433	91,8303981759821
160	0,43708079999999	1,789272583	1,00165424573569	91,1638346665308
170	0,435143699999969	1,775786865	1,00124087396245	90,4767343455444
180	0,436306000000002	1,782921753	1,00128753969426	90,8402584704744
190	0,437140499999998	1,784117554	1,00135199461107	90,9011847964539
200	0,435978199999965	1,776380127	1,00142744087791	90,5069611759311
210	0,436008000000015	1,779728882	1,00118442902948	90,6775809853773
220	0,435799299999985	1,779098022	1,00172345223612	90,6454385285576
230	0,436008000000015	1,777015747	1,0014402954568	90,5393461558058
240	0,436872199999982	1,782185791	1,00158736852136	90,8027610434605
250	0,436425199999974	1,778962769	1,00143703505634	90,638547358231
260	0,434487999999988	1,768838989	1,0013732312195	90,1227385234626
270	0,435173499999962	1,771386597	1,00150428531649	90,2525397156978
280	0,43615699999998	1,776745972	1,00156063723803	90,5256010597646
290	0,437050999999997	1,77992688	1,00143116733562	90,6876690273603
300	0,436872199999982	1,779008057	1,0013469649933	90,6408547918683
310	0,436574199999995	1,778797729	1,00130216349046	90,6301385336526
320	0,437319300000013	1,783807739	1,00163943591664	90,8853996535385
330	0,436008000000015	1,772902344	1,00122559908628	90,329767361288
340	0,436008000000015	1,771982788	1,00129573570095	90,2829157792836
350	0,437140499999998	1,778940308	1,00164595671757	90,6374029653029
360	0,436306000000002	1,774070313	1,00144728131486	90,389275640699
370	0,437289499999963	1,784372437	1,00152878132526	90,9141711417945
380	0,43675300000001	1,77914209	1,00162322892598	90,6476838029245
390	0,437825900000007	1,783931519	1,00145538431012	90,8917062719723
400	0,437289499999963	1,779321777	1,00131408495474	90,6568388953992
410	0,436335799999995	1,773564331	1,00144607016609	90,3634957456565
420	0,43675300000001	1,775456787	1,00142231824872	90,4599167982881
430	0,435262899999998	1,769792725	1,00129964818151	90,1713315840424
440	0,43505429999999	1,768957764	1,00158830063584	90,1287901360371
450	0,437617299999999	1,781561401	1,00153334588591	90,7709482345748
460	0,43648479999996	1,773339111	1,00128716664844	90,3520207367402
470	0,436961599999961	1,777407715	1,00127692139005	90,559317012279
480	0,436544400000002	1,773515381	1,00147028714059	90,3610017323075
490	0,437408699999992	1,779694458	1,00134109727258	90,6758270749478
500	0,437498099999971	1,781398926	1,00147634188428	90,7626700973149
510	0,437468299999978	1,781072266	1,00149832358423	90,7460266979162
520	0,43672319999996	1,774887695	1,00134193537552	90,4309214347582
530	0,438302700000008	1,786861694	1,00158187384646	91,0409993376471
540	0,437170299999991	1,776179443	1,00150465736219	90,4967362816528
550	0,437289499999963	1,777379028	1,00138133521489	90,557855403271
560	0,43708079999999	1,775799805	1,00147373356391	90,4773936414123
570	0,437796100000014	1,781892944	1,00142725485507	90,7878404239058
580	0,437289499999963	1,776706055	1,001320046687	90,5235672797677
590	0,437050999999997	1,774909302	1,00152123739866	90,4320223161971
600	0,43708079999999	1,774712402	1,00115453035712	90,4219902175575
610	0,436991400000011	1,774510254	1,00141393521905	90,4116907321547
620	0,437140499999998	1,77508606	1,0013326212315	90,4410281754726
630	0,437736499999971	1,78176123	1,00137062389925	90,7811295664136
640	0,437796100000014	1,779439331	1,00142623072927	90,6628282977531
650	0,437050999999997	1,777312134	1,00163803874503	90,5544471391451
660	0,436425199999974	1,771457397	1,00148500394822	90,2561469913894
670	0,437170299999991	1,776618164	1,00161382177053	90,5190892138381
680	0,435888799999987	1,770116455	1,00151564871222	90,1878256992918
690	0,43675300000001	1,771781738	1,00154266002994	90,2726722372242
700	0,436544400000002	1,769686035	1,00140825352119	90,1658957048963
710	0,43538209999997	1,766335571	1,00141859279113	89,9951888215214
720	0,437617299999999	1,774025146	1,00141663655085	90,3869743720385
730	0,437140499999998	1,773210693	1,00128260308791	90,3454778111785
740	0,438451799999996	1,784779541	1,00153334588591	90,9349131808223
750	0,437617299999999	1,777010864	1,00140480709787	90,5390973658735
760	0,437378899999999	1,775966064	1,00126341473107	90,4858645743109
770	0,437825900000007	1,776770386	1,00136531424708	90,5268449584756
780	0,437498099999971	1,777638306	1,00142185219147	90,5710656748357
790	0,437498099999971	1,775197266	1,00137127597934	90,4466941458195
800	0,437736499999971	1,776361694	1,0013057029252	90,5060220104957
810	0,437408699999992	1,775950073	1,00151956019266	90,4850498293168
820	0,437617299999999	1,775575195	1,001561288318	90,4659497121313
830	0,436901999999975	1,772276733	1,00142054903141	90,2978923421817
840	0,436663599999974	1,77147522	1,00137993804328	90,2570550771896
850	0,437974899999972	1,779297119	1,00142846600383	90,6555825648342
860	0,436544400000002	1,773244507	1,00127664135565	90,3472006419728
870	0,437796100000014	1,778557861	1,00143340261018	90,6179172058899
880	0,438392099999987	1,783253174	1,00148668115422	90,8571444438783
890	0,437647099999992	1,777766479	1,00144709429188	90,5775961175931
900	0,437557700000013	1,775678101	1,00145426617279	90,4711927956387
910	0,437736499999971	1,775592896	1,00139996350295	90,4668515820044
920	0,437498099999971	1,775148438	1,00153725736635	90,4442063483976
930	0,435560899999984	1,767342285	1,00144206467411	90,0464811229429
940	0,43675300000001	1,77175769	1,00131101157725	90,2714469862944
950	0,435233100000005	1,764436768	1,00125102720954	89,8984443878331
960	0,435829099999978	1,769590454	1,001474385644	90,1610258317624
970	0,437170299999991	1,771048584	1,00139586599966	90,2353178784328
980	0,435739699999999	1,768060669	1,00150754471683	90,0830829469608
990	0,436544400000002	1,770041626	1,00136643238442	90,1840131451572
1000	0,435888799999987	1,768852051	1,00127226381797	90,1234040352576
1010	0,435471500000006	1,767188354	1,00129331440355	90,0386383043766
1020	0,437408699999992	1,772994263	1,00144206467411	90,3344506547104
1030	0,436633799999981	1,769033691	1,00146702774025	90,132658633515
1040	0,437319300000013	1,774764282	1,00112407261608	90,4246335150558
1050	0,43708079999999	1,774274414	1,00147159130078	90,3996746318847
1060	0,437408699999992	1,775070313	1,0015993849973	90,4402258623325
1070	0,437617299999999	1,775113892	1,00147317449524	90,4424462220411
1080	0,437915299999986	1,778345093	1,00156967134766	90,6070766291333
1090	0,435799299999985	1,768843384	1,00123565832183	90,1229624496867
1100	0,435590699999977	1,766938232	1,00150530944228	90,0258945330412
1110	0,435173499999962	1,764028198	1,00141328313896	89,8776276557803
1120	0,436544400000002	1,765349121	1,001474385644	89,9449289753911
1130	0,43708079999999	1,769921387	1,00167837069888	90,1778869414582
1140	0,436067600000001	1,767558472	1,00159426136798	90,0574958985072
1150	0,43615699999998	1,76870874	1,001607581004	90,116102308045
1160	0,43708079999999	1,770151489	1,00150745170541	90,1896106893565
1170	0,437498099999971	1,772750122	1,00135795634333	90,3220116166505
1180	0,437378899999999	1,774488281	1,00145147282969	90,4105712029347
1190	0,435978199999965	1,768524902	1,00143703505634	90,1067357212004
1200	0,434577499999989	1,758307373	1,0013128748061	89,586150354104
1210	0,43615699999998	1,766275146	1,00155989114639	89,9921101543792
1220	0,436306000000002	1,767120361	1,00136708446451	90,0351740459571
1230	0,435739699999999	1,769126221	1,00149459812664	90,1373730575228
1240	0,436574199999995	1,768709595	1,0013732312195	90,1161458704845
1250	0,435590699999977	1,770098389	1,00137779578015	90,1869052325878
1260	0,436574199999995	1,768318359	1,00129033403748	90,0962123095736
1270	0,434666899999968	1,760098022	1,00128400025953	89,6773843175218
1280	0,435233100000005	1,764452393	1,00157134855367	89,8992404850461
1290	0,434905299999969	1,761292847	1,00124050191675	89,738260916085
1300	0,436067600000001	1,765419678	1,0015108051173	89,9485238701788
1310	0,435143699999969	1,764400757	1,00147121925508	89,8966096194018
1315,071289	0,434190000000001	1,755238403	1,00129228927764	89,4297856524176
1320	0,434726500000011	1,756493286	1,00125521872437	89,4937222193917
1330	0,434249599999987	1,755922119	1,0016242540519	89,4646211341519
1340	0,434726500000011	1,758341675	1,00127850458451	89,5878980486065
1350	0,434756300000004	1,757671021	1,0015857853269	89,5537280786671
1360	0,435411899999963	1,762396118	1,00129368644925	89,7944728180568
1370	0,434100599999965	1,752829468	1,00146059995075	89,307049880267
1380	0,434190000000001	1,754497314	1,00151276135758	89,3920270036175
1390	0,435411899999963	1,75995459	1,00147270943812	89,6700764253325
1400	0,434756300000004	1,759723389	1,00137565351702	89,6582966831406
1410	0,435560899999984	1,75720752	1,00169476371239	89,5301125999898
1420	0,434845699999983	1,757731689	1,00141877881398	89,5568191267132
1430	0,435262899999998	1,755957031	1,00147047416357	89,4663999082896
1440	0,43675300000001	1,764975586	1,00156622492435	89,9258972843532
1450	0,434428400000002	1,754662354	1,00144467299448	89,4004358281959
1460	0,435501299999999	1,757028442	1,00141020976147	89,5209885362001
1470	0,436008000000015	1,758790405	1,00158559930405	89,6107609415601
1480	0,435680100000013	1,759661621	1,00149198980627	89,6551495898507
1490	0,43505429999999	1,760443115	1,00123128078415	89,6949668823559
1500	0,434666899999968	1,756733398	1,00133588063184	89,5059559790085
1510	0,435143699999969	1,758603271	1,00156818116463	89,6012264227849
1520	0,435084099999983	1,756951416	1,00134435667293	89,5170640444286
1530	0,434011199999986	1,751441772	1,00146386035121	89,2363464615071
1540	0,435739699999999	1,758159668	1,00157274572528	89,5786247516177
1550	0,435650299999963	1,755639404	1,00137677065424	89,4502167422428
1560	0,436872199999982	1,765843384	1,00139362972499	89,9701117847863
1570	0,436246400000016	1,763668457	1,00144076051393	89,8592987720997
1580	0,435084099999983	1,760913574	1,00132628745354	89,7189368726754
1590	0,436663599999974	1,764618774	1,00143573089615	89,9077176338717
1600	0,436961599999961	1,766294189	1,00144290277705	89,9930803994497
1610	0,437796100000014	1,774735229	1,00145165885254	90,4231532582667
1620	0,436633799999981	1,765834961	1,00144467299448	89,9696826310694
1630	0,435739699999999	1,7656427	1,00127505816119	89,959886890508
1640	0,437289499999963	1,769379395	1,00140564520082	90,1502723289346
1650	0,435799299999985	1,764483154	1,00149152374902	89,9008077648138
1660	0,43481589999999	1,756325684	1,00131129061152	89,4851828603455
1670	0,437170299999991	1,766284912	1,00134025916964	89,9926077342436
1680	0,436812599999996	1,764691772	1,00136801557888	89,9114368981505
1690	0,43672319999996	1,762982666	1,00157805437733	89,8243575686554
1700	0,436812599999996	1,764151001	1,0013370917806	89,8838844958476
1710	0,436901999999975	1,76580542	1,001424274489	89,9681775105722
1720	0,436306000000002	1,761016479	1,00122028943411	89,7241799052326
1730	0,437289499999963	1,768152344	1,00115313318551	90,0877538085291
1740	0,437825900000007	1,772810303	1,001414773322	90,3250778519387
1750	0,437885499999993	1,773102661	1,0013132468518	90,339973556835
1760	0,437408699999992	1,770241699	1,00130719310823	90,1942069088501
1770	0,437825900000007	1,771802856	1,00138729594703	90,2737482040047
1780	0,438243099999966	1,777198853	1,00140909162413	90,5486754470882
1790	0,438064300000008	1,774217163	1,00136708446451	90,3967576807459
1800	0,436901999999975	1,765922485	1,0012941525065	89,9741419982677
1810	0,435829099999978	1,763445923	1,0015711615307	89,8479606154787
1820	0,437140499999998	1,765159668	1,00112705298215	89,9352763030519
1830	0,437974899999972	1,772498047	1,00154303307576	90,3091683395323
1840	0,437498099999971	1,772197144	1,00129964818151	90,2938372649921
1850	0,437915299999986	1,773085327	1,00138860010722	90,3390903856932
1860	0,437229899999977	1,768861572	1,00137807481443	90,1238891323177
1870	0,436633799999981	1,765902588	1,0014144012763	89,9731282417079
1880	0,437825900000007	1,770696655	1,00130970741706	90,2173870178835
1890	0,436574199999995	1,763633423	1,0015543964715	89,857513782035
1900	0,436991400000011	1,766289429	1,00135069045088	89,9928378763948
1910	0,437289499999963	1,767984253	1,00150465736219	90,0791895348245
1920	0,436961599999961	1,766087158	1,0013732312195	89,9825321241147
1930	0,437140499999998	1,767905151	1,00141486733354	90,0751592703928
1940	0,438034500000015	1,774723999	1,00136745651021	90,4225810872777
1950	0,437647099999992	1,769118408	1,00121507379349	90,1369749834412
1960	0,437915299999986	1,774165283	1,00156659797017	90,3941143832476
1970	0,437915299999986	1,772891724	1,00140238580047	90,3292262699343
1980	0,437289499999963	1,768019897	1,00140173372038	90,0810056045244
1990	0,437289499999963	1,76859082	1,00133383138013	90,11009425791
2000	0,437229899999977	1,767066528	1,00135590709163	90,0324312426759
2010	0,435829099999978	1,760228394	1,00139316466787	89,6840267998166
2020	0,43672319999996	1,763635864	1,00137006483058	89,857638151526
2030	0,437617299999999	1,772324341	1,00133643970051	90,3003179803332
2040	0,437498099999971	1,770972534	1,00133997913525	90,2314431140775
2050	0,43675300000001	1,766012573	1,00142175918005	89,9787320018342
2060	0,437825900000007	1,773544556	1,0014740135983	90,3624882050237
2070	0,437050999999997	1,768600708	1,00140853355558	90,1105980537015
2080	0,436872199999982	1,766008179	1,00137248612798	89,9785081265604
2090	0,437170299999991	1,767377563	1,00150512341943	90,0482785448617
2100	0,437050999999997	1,767643188	1,00145119279529	90,0618121974831
2110	0,437229899999977	1,768010254	1,00139949844583	90,0805142915372
2120	0,435560899999984	1,76399585	1,00143899129662	89,8759795180109
2130	0,435888799999987	1,763308716	1,00134780309624	89,840969888419
2140	0,437140499999998	1,764814331	1,00123808061935	89,9176813063637
2150	0,437647099999992	1,770303345	1,00146171808808	90,1973477862129
2160	0,438153699999987	1,774749268	1,00142166616862	90,4238685484282
2170	0,438153699999987	1,772827026	1,00125996930787	90,325929892495
2180	0,43708079999999	1,766700684	1,00120920607278	90,0137914097926
2190	0,438064300000008	1,773589111	1,00136121574368	90,3647582921486
2200	0,436812599999996	1,765059937	1,00141002373862	89,9301949864982
2210	0,435084099999983	1,757577881	1,00137453537969	89,5489825750242
2220	0,43675300000001	1,762779907	1,00144085352535	89,8140269526672
2230	0,437974899999972	1,772802612	1,00143237748426	90,3246859937841
2240	0,437229899999977	1,768591797	1,00143023522113	90,1101440362766
2250	0,437140499999998	1,767455444	1,00154666552193	90,0522465990727
2260	0,437378899999999	1,768790039	1,00135926050352	90,1202445101136
2270	0,436008000000015	1,76190564	1,00129219626622	89,7694828552504
2280	0,436216599999966	1,759698975	1,0012287654752	89,6570527844296
2290	0,43675300000001	1,763060669	1,00142911808392	89,8283318387935
2300	0,43615699999998	1,763650146	1,00140806749834	89,8583658225913
2310	0,436544400000002	1,762461182	1,00125587080447	89,7977878432771
2320	0,435411899999963	1,757324951	1,00131175666876	89,5360957354665
2330	0,435501299999999	1,75887439	1,00125028211803	89,615039995924
2340	0,435680100000013	1,759571045	1,00133318030016	89,650534722576
2350	0,434994700000004	1,756580444	1,00144085352535	89,4981629388088
2360	0,436991400000011	1,762940674	1,00133336632301	89,8222180669486
2370	0,437706699999978	1,767612915	1,00135553404581	90,0602697814236
2380	0,436127199999987	1,762556641	1,00124460042016	89,802651500484
2390	0,436574199999995	1,762579102	1,001540144721	89,8037958934121
2400	0,436991400000011	1,764906982	1,00167622843576	89,9224018953482
2410	0,435799299999985	1,755980347	1,00151229530033	89,4675878636572
2420	0,436663599999974	1,760953491	1,00131604119502	89,7209706526723
2430	0,435322499999984	1,756522705	1,00127012155484	89,4952211239619
2440	0,437289499999963	1,763755737	1,00124422737434	89,8637457074438
2450	0,437408699999992	1,764827515	1,00149729945844	89,9183530340857
2460	0,437289499999963	1,765242188	1,00121907928547	89,9394807153411
2470	0,438064300000008	1,769772461	1,00154498831592	90,1702991287512
2480	0,436872199999982	1,76407019	1,00136494220139	89,8797671574871
2490	0,43591859999998	1,762051147	1,00128698062559	89,7768964691496
2500	0,437378899999999	1,766355957	1,00149394604655	89,9962274927396
2510	0,437050999999997	1,764791626	1,0012335160587	89,9165244815815
2520	0,43675300000001	1,763417114	1,00112034615837	89,8464927905436
2530	0,43675300000001	1,763500488	1,00163543142478	89,8507407143221
2540	0,437170299999991	1,766067017	1,00150242208763	89,9815059357008
2550	0,436335799999995	1,765380859	1,00156995138206	89,9465460335252
2560	0,437617299999999	1,770030518	1,00140275784617	90,1834471900953
2570	0,43648479999996	1,763567505	1,00146069396229	89,8541552453253
2580	0,437825900000007	1,773843262	1,00144150560544	90,3777073419269
2590	0,437050999999997	1,765922119	1,00140909162413	89,9741233504866
2600	0,436008000000015	1,76459436	1,00121516680491	89,9064737351608
2610	0,437229899999977	1,768720703	1,00149236285209	90,1167118255464
2620	0,436633799999981	1,761147217	1,00113338676011	89,7308410353085
2630	0,437050999999997	1,764016846	1,00136075068655	89,8770492688643
2640	0,436544400000002	1,76100293	1,00142464653469	89,7234895806797
2650	0,436335799999995	1,761294556	1,00139335069072	89,7383479900138
2660	0,436961599999961	1,767705811	1,00113180356565	90,0650028532124
2670	0,437408699999992	1,765697998	1,00133327331159	89,9627043358639
2680	0,436574199999995	1,761769287	1,00141020976147	89,76253563968
2690	0,436633799999981	1,761899292	1,00133429743738	89,7691594232435
2700	0,437289499999963	1,765717041	1,00135991258361	89,9636745809344
2710	0,437140499999998	1,766328247	1,00131781141245	89,9948156620981
2720	0,435143699999969	1,756536621	1,00120482753497	89,4959301472461
2730	0,436544400000002	1,758084595	1,00120622470658	89,574799765629
2740	0,437170299999991	1,763480225	1,00148295469651	89,8497083099811
2750	0,437050999999997	1,767126709	1,00164055405398	90,035497477964
2760	0,437706699999978	1,770587769	1,00155924006642	90,2118392520508
2770	0,436663599999974	1,76322644	1,00152170245579	89,8367779079839
2780	0,435650299999963	1,758220581	1,00130728611966	89,581728282468
2790	0,434517799999981	1,751227661	1,00155365137998	89,2254374586029
2800	0,43538209999997	1,758856689	1,00141989695132	89,6141381260508
2810	0,436008000000015	1,758896362	1,00162378799465	89,6161594741937
2820	0,434309199999973	1,751886597	1,00143712806776	89,2590103938452
2830	0,435501299999999	1,76038147	1,00133643970051	89,6918260559434
2840	0,434994700000004	1,75439209	1,00141039578432	89,3866658174963
2850	0,435799299999985	1,757329712	1,00140983671565	89,5363383094716
2860	0,434845699999983	1,753833862	1,00126630308583	89,3582239771743
2870	0,435084099999983	1,756618896	1,00128688761417	89,500122076731
2880	0,435829099999978	1,754446533	1,0013681085903	89,3894397004127
2890	0,434398600000009	1,75064978	1,00141188596735	89,1959942935752
2900	0,433981399999993	1,747172363	1,00138431558096	89,0188191267132
2910	0,436335799999995	1,75692395	1,00153232076	89,5156646456412
2920	0,434398600000009	1,750516357	1,00142315635166	89,1891963621542
2930	0,434190000000001	1,749383667	1,00123528627613	89,1314855556122
2940	0,435143699999969	1,754887207	1,00143433372454	89,4118921383808
2950	0,436306000000002	1,75799585	1,00140303788057	89,5702781882101
2960	0,434577499999989	1,752538452	1,00136578030433	89,2922225505681
2970	0,435888799999987	1,756449463	1,0013776097573	89,491489427829
2980	0,43615699999998	1,761207886	1,00125996930787	89,7339321343048
2990	0,437229899999977	1,769899902	1,00134743105054	90,1767922759464
3000	0,436395399999981	1,764743042	1,0012627636511	89,9140491160137
3010	0,436961599999961	1,767127319	1,00143265751866	90,0355285575992
3020	0,43648479999996	1,765464844	1,00154461627022	89,9508250878891
3030	0,434935099999961	1,761014282	1,00146237016818	89,7240679675957
3040	0,435590699999977	1,765664551	1,00161195854168	89,9610002038009
3050	0,435501299999999	1,763968872	1,00135674519457	89,8746049829317
3060	0,435262899999998	1,762241211	1,00120883302696	89,7865802720742
3070	0,434994700000004	1,759270142	1,00153129663421	89,6352036480359
3080	0,434666899999968	1,75577124	1,00145361509282	89,4569338156621
3090	0,435262899999998	1,760087891	1,0013970761483	89,6768681408264
3100	0,435143699999969	1,761030151	1,00169364557505	89,7248764966628
3110	0,434666899999968	1,756824707	1,00145910976771	89,5106081927956
3120	0,434577499999989	1,756128174	1,00140937165852	89,4751196820706
3130	0,436306000000002	1,759047729	1,0014764348957	89,6238716563917
3140	0,436306000000002	1,760140869	1,00149878964147	89,6795673816681
3150	0,434577499999989	1,756609131	1,00143889828519	89,4996245478168
3160	0,434100599999965	1,753848511	1,0014433688343	89,358970346971
3170	0,434338999999966	1,754344116	1,00127943569887	89,3842215315637
3180	0,434011199999986	1,752574951	1,00134938729082	89,2940821827075
3190	0,433445000000006	1,747816284	1,00141859279113	89,0516270443777
3200	0,434309199999973	1,753099731	1,00132656648781	89,3208198400163
3210	0,433445000000006	1,747054443	1,00155765587184	89,0128110765782
3220	0,433653600000014	1,749564941	1,00128539743114	89,1407215060886
3230	0,434756300000004	1,756918213	1,00139595901109	89,5153723442197
3240	0,434726500000011	1,756796997	1,0016815370878	89,5091963621542
3250	0,436991400000011	1,768245361	1,00139325767929	90,0924930452948
3260	0,436544400000002	1,767714233	1,00139381674796	90,065431955979
3270	0,435262899999998	1,763287964	1,00122140757145	89,8399125694197
3280	0,435978199999965	1,766268311	1,001358515412	89,9917619096143
3290	0,435084099999983	1,763126831	1,00141663655085	89,8317028073572
3300	0,434249599999987	1,757633301	1,00129368644925	89,5518062363071
3310	0,435143699999969	1,762373779	1,00133429743738	89,7933346410557
3320	0,434160200000008	1,757397461	1,0014597618478	89,5397901360371
3330	0,435173499999962	1,764808838	1,00166970763483	89,9174014367963
3340	0,433921800000007	1,755699341	1,0015898838303	89,4532705456769
3350	0,433445000000006	1,750313354	1,00139912540001	89,1788533143119
3360	0,433117100000004	1,747369629	1,00155337134558	89,028869873134
3370	0,433832399999972	1,753488892	1,0014645124313	89,3406476792174
3380	0,433981399999993	1,755930176	1,00121861322823	89,4650316400876
3390	0,433772799999986	1,755536133	1,00136550026993	89,4449550619045
3400	0,43481589999999	1,762404297	1,00142017598559	89,7948895399195
3410	0,434338999999966	1,75903833	1,00142706883222	89,6233927752586
3420	0,433742999999993	1,754837524	1,00134063121534	89,4093607785194
3430	0,433921800000007	1,757398071	1,00139456183948	89,5398212156723
3440	0,434249599999987	1,759690063	1,001540144721	89,6565987160544
3450	0,433981399999993	1,756904663	1,00155849397478	89,5146819687166
3460	0,434160200000008	1,760009644	1,00140145468611	89,6728814388343
3470	0,434577499999989	1,764178833	1,00135264669116	89,8853025424161
3480	0,435501299999999	1,766409668	1,00170668617679	89,9989640800938
3490	0,433504599999992	1,755748169	1,00121330357606	89,4557583430988
3500	0,43481589999999	1,762919922	1,00132079177852	89,8211607479493
3510	0,434011199999986	1,76044751	1,00152105037569	89,69519080858
3520	0,432521099999974	1,750168823	1,00140368996066	89,171489427829
3530	0,432908499999996	1,750782349	1,00142092107711	89,2027487135069
3540	0,432759499999975	1,752421265	1,00130104535312	89,2862518469455
3550	0,433593999999971	1,756666138	1,00167371312681	89,5025290671014
3560	0,434994700000004	1,762196167	1,00146264920245	89,7842852702909
3570	0,432759499999975	1,754549316	1,00160497268362	89,3946765170429
3580	0,432759499999975	1,754812378	1,0013929776449	89,4080795842462
3590	0,432491299999981	1,752623169	1,00127924967602	89,2965389004942
3600	0,433027699999968	1,755421753	1,00144159961699	89,4391273755541
3610	0,433117100000004	1,756147949	1,0016018062947	89,4761272227034
3620	0,433415200000013	1,760461426	1,00123118777272	89,6958998318643
3630	0,43284890000001	1,757919067	1,00154647849895	89,5663660773424
3640	0,433981399999993	1,76186084	1,00134314652429	89,7672002853213
3650	0,432670099999996	1,757292236	1,00134985234794	89,5344288989657
3660	0,433117100000004	1,76087915	1,00133774386069	89,7171829622459
3670	0,43335559999997	1,763228516	1,0014042480292	89,836883680644
3680	0,43258069999996	1,75995813	1,00154293906422	89,670256789117
3690	0,432521099999974	1,760404297	1,00138943821016	89,6929890966526
3700	0,432819099999961	1,761860962	1,00126201855958	89,7672065012483
3710	0,432491299999981	1,762554565	1,00129294135773	89,8025457278239
3720	0,432670099999996	1,764593872	1,00147038015202	89,9064488714526
3730	0,431329000000005	1,75521875	1,00148267566224	89,4287843277118
3740	0,43225289999998	1,761983765	1,00137742273433	89,7734633413155
3750	0,431418399999984	1,75602417	1,00144411392582	89,4698206552199
3760	0,431418399999984	1,756338257	1,00135162256537	89,485823457482
3770	0,431746199999964	1,760161743	1,00143498580463	89,6806309165945
3780	0,432074099999966	1,762338013	1,0014144012763	89,7915123554287
3790	0,431418399999984	1,757784546	1,00123333003585	89,5595122025781
3800	0,431179999999983	1,757661255	1,00130914834839	89,5532304988027
3810	0,430524300000002	1,754395996	1,00145352108127	89,386864829062
3820	0,430673299999967	1,755697998	1,00139875335431	89,4532021195292
3830	0,430792599999961	1,758446045	1,0014310743242	89,5932157232384
3840	0,431269399999962	1,760872559	1,00140825352119	89,7168471493351
3850	0,43070309999996	1,756175903	1,00127310192091	89,477551485199
3860	0,430583899999988	1,758433594	1,00160171328328	89,5925813420289
3870	0,43037529999998	1,757402222	1,00147662091855	89,5400327100423
3880	0,431507799999963	1,766771484	1,00156073024945	90,0173986854843
3890	0,430345499999987	1,757377563	1,00142967715259	89,538776328527
3900	0,429689899999971	1,753491699	1,00163040180701	89,3407906964895
3910	0,430107099999987	1,754918701	1,00135041141661	89,4134967646609
3920	0,429213000000004	1,749626221	1,00141402823048	89,1438437356703
3930	0,42870640000001	1,74620105	1,00143526583903	88,9693305140877
3940	0,429093799999976	1,748769775	1,00162434706332	89,1002076221532
3950	0,430047500000001	1,756762329	1,00146572358007	89,5074300198706
3960	0,428557399999988	1,745633667	1,00150111792745	88,9404222244867
3970	0,428378599999974	1,744841675	1,00138077614622	88,9000700565547
3980	0,428199800000016	1,741104858	1,00135246066832	88,709678402201
3990	0,428855399999975	1,74795874	1,00129312838071	89,0588852091507
4000	0,428646799999967	1,746595093	1,00154629247611	88,9894070922709
4010	0,428348799999981	1,743681152	1,00133839594079	88,840941152494
4020	0,429123599999969	1,750030762	1,00159509947093	89,1644551892801
4030	0,428646799999967	1,747143799	1,00123919775657	89,0173637845825
4040	0,42843819999996	1,745176392	1,00140518014369	88,9171239618892
4050	0,428050699999972	1,741386353	1,00154470928165	88,7240206348398
4060	0,427484499999991	1,739869751	1,00139456183948	88,64674942681
4070	0,428289199999995	1,745023682	1,00143219146141	88,9093433535436
4080	0,428050699999972	1,7432677	1,00153222774858	88,8198756814592
4090	0,428468000000009	1,75017395	1,00142483355766	89,1717506496153
4100	0,427722899999992	1,743279541	1,001356838206	88,8204789830336
4110	0,428348799999981	1,748049072	1,00155430346007	89,0634876445713
4120	0,427603699999963	1,742951782	1,00164670180909	88,8037795893412
4130	0,426977899999997	1,73731311	1,00125782704475	88,5164880012228
4140	0,427156700000012	1,735646484	1,00137108895637	88,4315730371427
4150	0,426709599999981	1,735339478	1,00136177481234	88,4159310133999
4160	0,427067299999976	1,736785278	1,00141263105887	88,4895948438376
4170	0,426977899999997	1,736379028	1,00127785250441	88,468896316299
4180	0,427037499999983	1,734832764	1,00133783687212	88,3901138227951
4190	0,427156700000012	1,736560181	1,00150428531649	88,4781261017986
4200	0,426411599999994	1,730735229	1,00136130975522	88,1813435063943
4210	0,426381800000001	1,728508545	1,00146348830551	88,0678934630866
4220	0,426322200000016	1,730116211	1,00150503040801	88,1498044020992
4230	0,427037499999983	1,734733643	1,00136922672764	88,3850635858766
4240	0,426977899999997	1,734529785	1,0011275190394	88,3746769755949
4250	0,426113600000008	1,728076294	1,0013878550157	88,0458701788353
4260	0,426977899999997	1,732791382	1,00138291840935	88,2861049574566
4270	0,426709599999981	1,734437134	1,00128129892773	88,3699563866103
4280	0,427365299999963	1,736828979	1,00135823537761	88,4918214194732
4290	0,425726199999986	1,725606689	1,00147270943812	87,9200432567382
4300	0,426620200000002	1,731254272	1,00145408014994	88,2077888622815
4310	0,42647119999998	1,730834717	1,00137434935684	88,1864124420441
4320	0,42623279999998	1,729421997	1,00130458478786	88,1144340449381
4330	0,426381800000001	1,730632324	1,00152952641678	88,1761004738371
4340	0,427544099999977	1,739170288	1,00134482273017	88,6111116319356
4350	0,427037499999983	1,734071045	1,00136708446451	88,3513040709227
4360	0,426620200000002	1,730878662	1,00130952139421	88,1886514495338
4370	0,429093799999976	1,743377319	1,00154582741898	88,8254607938045
4380	0,427216299999998	1,736589844	1,00144420693724	88,4796374382229
4390	0,427871900000014	1,738662964	1,00133858196364	88,5852633616956
4400	0,427782499999978	1,739172119	1,00157051045073	88,6112049217914
4410	0,428944800000011	1,742642334	1,00151574172365	88,7880131451572
4420	0,429361999999969	1,741295776	1,00119830773416	88,7194057166149
4430	0,428348799999981	1,736115112	1,00154266002994	88,4554497376064
4440	0,428050699999972	1,735591919	1,00132954685388	88,4287929382993
4450	0,428199800000016	1,735436646	1,00141635751658	88,4208817445356
4460	0,427782499999978	1,732991089	1,00140685634958	88,2962800733683
4470	0,428557399999988	1,734511475	1,00112546978769	88,3737440770367
4480	0,429093799999976	1,736238525	1,00152812924517	88,4617376573088
4490	0,429868699999986	1,740306396	1,00118973868165	88,6689965863352
4500	0,429451499999971	1,737533936	1,00135749028609	88,5277391348652
4510	0,429391799999962	1,737904541	1,00151210927748	88,5466215417537
4520	0,428765999999996	1,734811279	1,00132908179676	88,3890191572833
4530	0,430256100000008	1,740877563	1,00151508964355	88,6980976715749
4540	0,430881999999997	1,748498413	1,00166495805145	89,0863816681103
4550	0,430047500000001	1,740416748	1,00145892374486	88,6746190451928
4560	0,430345499999987	1,743381226	1,00145761958468	88,8256598563204
4570	0,429868699999986	1,739058228	1,00147773905589	88,6054021500994
4580	0,431179999999983	1,747279053	1,00122653020065	89,0242550058593
4590	0,430762799999968	1,746135742	1,00137537348263	88,9660030570133
4600	0,431507799999963	1,75147168	1,00141263105887	89,2378702807357
4610	0,431358799999998	1,750427612	1,0013537648285	89,1846747847353
4620	0,431001199999969	1,747371826	1,00145994887077	89,0289818107709
4630	0,431626999999992	1,751108765	1,00141635751658	89,2193796810516
4640	0,431120399999998	1,749114502	1,00164632876327	89,1177715392062
4650	0,430464700000016	1,745573975	1,00129769194123	88,9373809038569
4660	0,431269399999962	1,749896362	1,00150549546513	89,1576074794926
4670	0,431179999999983	1,748858398	1,00138161424916	89,104722983645
4680	0,43201449999998	1,7554198	1,00159333025362	89,4390278697713
4690	0,431835599999999	1,753992432	1,00127179776073	89,3663031538187
4700	0,429958099999965	1,746820435	1,00165927635358	89,0008883171142
4710	0,43225289999998	1,756086914	1,00127095965779	89,473017475926
4720	0,432491299999981	1,757091309	1,00135506898869	89,5241916237836
4730	0,431954799999971	1,755142212	1,00117790922868	89,4248846996484
4740	0,431835599999999	1,753685425	1,00140555218939	89,3506610791257
4750	0,431924999999978	1,752387573	1,00153222774858	89,2845352320783
4760	0,432074099999966	1,752037109	1,00144970261226	89,2666790136037
4770	0,432491299999981	1,755466431	1,00157125554225	89,4414037295562
4780	0,43258069999996	1,755597046	1,00156380362695	89,4480585927549
4790	0,432431699999995	1,755066284	1,00126676814296	89,4210161512203
4800	0,432372100000009	1,751745239	1,0013326212315	89,2518081724156
4810	0,432759499999975	1,75519397	1,00141533239066	89,4275217812198
4820	0,432759499999975	1,755282959	1,0012740340354	89,4320557904927
4830	0,432759499999975	1,754634399	1,00132591440772	89,3990115147501
4840	0,432759499999975	1,756072998	1,00144700128046	89,4723084526418
4850	0,432908499999996	1,756105591	1,00164306936293	89,4739690732155
4860	0,43225289999998	1,752432251	1,00151099114015	89,2868115860804
4870	0,43225289999998	1,750053101	1,00147028714059	89,1655933662811
4880	0,432908499999996	1,754468872	1,00162099365143	89,3905778774138
4890	0,432819099999961	1,753440308	1,00147596883846	89,3381723136496
4900	0,432938299999989	1,755064331	1,00156268548961	89,4209166454374
4910	0,43335559999997	1,759232666	1,00144374188012	89,6332942375299
4920	0,432372100000009	1,750945068	1,00127794551584	89,2110392826209
4930	0,43225289999998	1,751648315	1,00127449909252	89,2468698731339
4940	0,432163500000001	1,752305664	1,00138291840935	89,2803619503745
4950	0,431507799999963	1,750306152	1,00157581910277	89,1784863708157
4960	0,432074099999966	1,751293213	1,00147932225035	89,2287773475315
4970	0,430941599999983	1,748473389	1,00141775468819	89,0851066897641
4980	0,430613699999981	1,749632324	1,00125093419812	89,1441546848729
4990	0,431835599999999	1,750512085	1,00141570543648	89,1889787028074
5000	0,43261050000001	1,757724976	1,00133904802088	89,5564770978754
5010	0,431686599999978	1,754928589	1,00114074466386	89,4140005604524
5020	0,430196499999965	1,749637939	1,00158196685788	89,1444407703674
5030	0,430256100000008	1,749818604	1,00157255870231	89,1536456921588
5040	0,431448199999977	1,752077393	1,00144001542241	89,268731492332
5050	0,430464700000016	1,750488403	1,00138329145517	89,1877720996586
5060	0,430583899999988	1,751213013	1,00136969178476	89,2246911397565
5070	0,432074099999966	1,753552612	1,00144010843383	89,3438942273399
5080	0,431358799999998	1,753908691	1,0014433688343	89,3620365313089
5090	0,431776000000013	1,751723145	1,00135124951955	89,2506824782188
5100	0,43070309999996	1,751466797	1,00152878132526	89,2376214908035
5110	0,430673299999967	1,752385376	1,00127366098958	89,2844232944413
5120	0,430285900000001	1,750440796	1,00127254285225	89,1853465124573
5130	0,431537600000013	1,754903809	1,00162378799465	89,4127380139604
5140	0,430613699999981	1,751266357	1,00160115421461	89,2274090283793
5150	0,431030999999962	1,758425415	1,00124245815703	89,5921646201661
5160	0,430107099999987	1,755435181	1,00145752657325	89,4398115351302
5170	0,430285900000001	1,758466431	1,00143778014786	89,5942543944566
5180	0,429928299999972	1,756868896	1,00152636002786	89,5128596321394
5190	0,429958099999965	1,755932617	1,00153763041217	89,4651560095786
5200	0,430196499999965	1,75398584	1,00135506898869	89,3659672899577
5210	0,428974600000004	1,751495972	1,00131147763449	89,2391079635197
5220	0,429958099999965	1,758049194	1,00126853836039	89,5729960768329
5230	0,429451499999971	1,759951782	1,00135823537761	89,6699333571101
5240	0,430852200000004	1,765168701	1,00137183404789	89,9357365364039
5250	0,430524300000002	1,766984375	1,00141114087583	90,0282455291181
5260	0,428974600000004	1,761116699	1,00134556782169	89,7292861364447
5270	0,429540900000006	1,765747925	1,0016692425777	89,9652481275794
5280	0,429719699999964	1,76747583	1,00133532256329	90,0532852702909
5290	0,429391799999962	1,766506958	1,00144988863511	90,0039210271565
5300	0,428944800000011	1,761382935	1,00142557864918	89,7428509196515
5310	0,429302399999983	1,766518555	1,00138133521489	90,0045118968767
5320	0,428616999999974	1,761335205	1,0014672137631	89,7404190655729
5330	0,428378599999974	1,759275513	1,00140890560128	89,6354773016763
5340	0,427603699999963	1,753456787	1,00133345933444	89,3390119223519
5350	0,427901700000007	1,757048828	1,00155476851719	89,5220272074184
5360	0,427216299999998	1,751784668	1,00164893708364	89,2538170887043
5370	0,428140199999973	1,759342651	1,00136196083519	89,6388979976563
5380	0,427722899999992	1,75732605	1,00162257684589	89,53615172976
5390	0,428050699999972	1,758959839	1,00153790944644	89,6193936414123
5400	0,427633500000013	1,758190186	1,00119411621933	89,5801796504815
5410	0,427693099999999	1,759535645	1,00132340009889	89,6487310847302
5420	0,427216299999998	1,75590332	1,00132172289289	89,4636633209355
5430	0,428557399999988	1,768642212	1,00151760395238	90,1127126917002
5440	0,427037499999983	1,758009155	1,0015588670206	89,570956080909
5450	0,42679899999996	1,755090942	1,00137872689452	89,4222724817853
5460	0,428140199999973	1,76411084	1,00142250427156	89,8818382839965
5470	0,427037499999983	1,757854614	1,00128213703067	89,5630821827075
5480	0,426113600000008	1,751097412	1,00148090544481	89,2188012431854
5490	0,426739399999974	1,755744019	1,00136894669325	89,455546899679
5500	0,426292399999966	1,750081665	1,00100568707514	89,1670487084119
5510	0,425726199999986	1,748884277	1,00140704237243	89,1060415244306
5520	0,426530799999966	1,753256714	1,00148807832583	89,328818158659
5530	0,4256666	1,749527466	1,0014740135983	89,1388121465328
5540	0,42536849999999	1,747578125	1,0014573405504	89,0394927905436
5550	0,425994399999979	1,752299194	1,00143153938132	89,2800323024405
5560	0,426530799999966	1,756042114	1,00165582993027	89,4707349059968
5570	0,427126899999962	1,761557129	1,00132237497298	89,7517261425587
5580	0,428348799999981	1,764493286	1,00141048879574	89,9013239924594
5590	0,426053999999965	1,753662109	1,00138357048944	89,3494731237581
5600	0,428140199999973	1,761871582	1,00134119028401	89,767747592602
5610	0,428378599999974	1,764491089	1,00149506318376	89,9012120548225
5620	0,425785799999971	1,748341919	1,00130654102814	89,078408264126
5630	0,426053999999965	1,748004639	1,00158243191501	89,0612237733734
5640	0,426411599999994	1,750761719	1,00155197417397	89,2016976104346
5650	0,426113600000008	1,748109741	1,00134398462723	89,0665787435675
5660	0,426322200000016	1,751097656	1,00145938980211	89,2188136750395
5670	0,426858699999968	1,75438855	1,00143703505634	89,3864854537117
5680	0,427305699999977	1,759352539	1,00156901926757	89,6394017934478
5690	0,428289199999995	1,758245605	1,00104452784583	89,5830032608142
5700	0,426649999999995	1,751739868	1,00130234951331	89,2515345187752
5710	0,426620200000002	1,746488159	1,00139661109118	88,9839587812707
5720	0,426709599999981	1,746820435	1,00155262625407	89,0008883171142
5730	0,42623279999998	1,741011963	1,00117697811431	88,7049453813624
5740	0,428289199999995	1,747412964	1,00126546398277	89,0310778009884
5750	0,427365299999963	1,748273804	1,00137500143693	89,0749377897794
5760	0,428378599999974	1,746456787	1,00138729594703	88,9823603709176
5770	0,428795799999989	1,747362915	1,0015247768334	89,0285277933459
5780	0,428229600000009	1,7450448	1,00130253553616	88,9104193203241
5790	0,429600499999992	1,755162476	1,0015970557112	89,4259171549396
5800	0,427484499999991	1,746299927	1,0012627636511	88,9743683191522
5810	0,428557399999988	1,747838867	1,00130691307384	89,0527776532328
5820	0,429868699999986	1,754144165	1,00131743836663	89,3740339837978
5830	0,429689899999971	1,751981689	1,00158476120111	89,2638553523208
5840	0,428616999999974	1,744631226	1,00135525501154	88,8893476333622
5850	0,429213000000004	1,747913574	1,00141933788265	89,0565839914404
5860	0,429719699999964	1,751684326	1,0012505611523	89,2487046415652
5870	0,430285900000001	1,754613892	1,00132852272809	89,3979666785551
5880	0,429630299999985	1,751515747	1,00141943089407	89,2401155041524
5890	0,428944800000011	1,751195923	1,00145212390966	89,2238204004688
5900	0,429689899999971	1,750823975	1,00144262374278	89,2048695674326
5910	0,429630299999985	1,751348999	1,0015952864939	89,2316196565955
5920	0,429868699999986	1,750191895	1,0015663189359	89,1726649513425
5930	0,42927259999999	1,744939819	1,00140806749834	88,9050705151068
5940	0,430434899999966	1,752988647	1,00132554236202	89,3151600855964
5950	0,430464700000016	1,751507202	1,00149739246986	89,2396801345086
5960	0,430285900000001	1,749824463	1,00141551841351	89,1539442095073
5970	0,429779300000007	1,745354614	1,00143116733562	88,9262044122892
5980	0,430941599999983	1,754172852	1,00139763521697	89,3754955928058
5990	0,430017700000008	1,748533936	1,00151676584944	89,0881915728334
6000	0,429540900000006	1,750126953	1,00113143051983	89,1693561420492
6010	0,430613699999981	1,750334351	1,00146628264873	89,1799231161156
6020	0,43037529999998	1,751989624	1,00124394834007	89,2642596423294
6030	0,431924999999978	1,764930298	1,00161605704508	89,9235898507159
6040	0,431030999999962	1,75927417	1,0013636380412	89,6354088755286
6050	0,430852200000004	1,757159424	1,00122932454387	89,5276620981301
6060	0,429183200000011	1,750684814	1,00126835233754	89,1977792836399
6070	0,429630299999985	1,752230591	1,00135898046912	89,2765369643858
6080	0,43037529999998	1,751640991	1,0014065773153	89,2464967137107
6090	0,430673299999967	1,754188843	1,00124422737434	89,3763103378
6100	0,430464700000016	1,753162598	1,00139679711403	89,3240229275997
6110	0,430792599999961	1,74998938	1,00131697330951	89,1623467672084
6120	0,43013689999998	1,752592773	1,00139996350295	89,2949902175574
6130	0,430613699999981	1,750342407	1,00140555218939	89,180333571101
6140	0,430673299999967	1,749610107	1,00147857715883	89,1430227237989
6150	0,431418399999984	1,754155884	1,00162201877734	89,3746310694452
6160	0,431686599999978	1,755693726	1,00169010614031	89,4529844601824
6170	0,431329000000005	1,752779541	1,0015516951397	89,3045060885515
6180	0,431507799999963	1,751992676	1,0011953273681	89,2644151424059
6190	0,431329000000005	1,751481323	1,00116207528384	89,2383615937229
6200	0,431776000000013	1,755812866	1,00145277598975	89,4590546695878
6210	0,431686599999978	1,755550049	1,00143479978179	89,4456640851888
6220	0,431507799999963	1,755977173	1,00141356317336	89,4674261476538
6230	0,431507799999963	1,757692749	1,00141402823048	89,5548351250828
6240	0,43201449999998	1,760558472	1,00139418879366	89,7008443470729
6250	0,43261050000001	1,764951538	1,00150521643086	89,9246720334233
6260	0,431835599999999	1,759050537	1,00125298344982	89,6240147246141
6270	0,432431699999995	1,767402954	1,00141719561952	90,0495722219392
6280	0,432431699999995	1,764516846	1,00139437481651	89,9025243796811
6290	0,431776000000013	1,760528809	1,00110963484273	89,6993330106486
6300	0,430852200000004	1,754713867	1,00151648681516	89,4030604269629
6310	0,431418399999984	1,756296387	1,00154796968211	89,4836901717022
6320	0,431537600000013	1,756737915	1,00135497597726	89,5061861211596
6330	0,431597199999999	1,755151367	1,00128521040816	89,4253511489275
6340	0,43037529999998	1,753291748	1,00144774637198	89,3306031487237
6350	0,430852200000004	1,751121582	1,00149115170333	89,2200327100423
6360	0,430464700000016	1,750061646	1,00149953473299	89,166028735925
6370	0,429511100000013	1,74613916	1,00123491323031	88,9661772048708
6380	0,431865399999992	1,757898682	1,00140825352119	89,5653274570744
6390	0,432342300000016	1,758832153	1,00127319493234	89,6128880114129
6400	0,432670099999996	1,761366211	1,00144225069696	89,7419988281449
6410	0,432193299999994	1,758149536	1,00138552672972	89,5781085239721
6420	0,433325799999977	1,768185669	1,00162472010914	90,089451724665
6430	0,433087300000011	1,764836182	1,0012597822849	89,9187946196566
6440	0,433504599999992	1,769436523	1,00150922192284	90,1531830131961
6450	0,432670099999996	1,761884277	1,00129024102606	89,7683944056657
6460	0,43284890000001	1,764478149	1,00150027982451	89,9005527589545
6470	0,432938299999989	1,764420776	1,00150754471683	89,8976295918887
6480	0,433564199999978	1,768671631	1,00128781872854	90,1142115962705
6490	0,43258069999996	1,759445313	1,00116915415332	89,6441286493096
6500	0,431865399999992	1,757648315	1,00155746984899	89,5525712029347
6510	0,432163500000001	1,754660034	1,00115946696347	89,4003176236817
6520	0,432431699999995	1,756921997	1,0013755605056	89,5155651398584
6530	0,432908499999996	1,759910034	1,00134072422676	89,6678062872573
6540	0,432938299999989	1,761662109	1,00128679460275	89,7570748968258
6550	0,432938299999989	1,762022217	1,00147811110159	89,7754224792378
6560	0,432670099999996	1,760204102	1,00144793239483	89,6827891170327
6570	0,432163500000001	1,755595337	1,00142930410677	89,4479715188261
6580	0,432938299999989	1,759553711	1,00159072193325	89,6496515514343
6590	0,432372100000009	1,756526855	1,00135898046912	89,4954325673817
6600	0,43284890000001	1,761612915	1,00139716915973	89,7545684516228
6610	0,433921800000007	1,768748169	1,00164735388918	90,1181112243338
6620	0,432759499999975	1,759115601	1,00128316215658	89,6273297498344
6630	0,433981399999993	1,767332275	1,00117064433635	90,0459711112243
6640	0,433117100000004	1,76170752	1,00166691329161	89,7593885973404
6650	0,433504599999992	1,763901733	1,00104946445218	89,8711842360014
6660	0,433862199999965	1,768235474	1,00157516702268	90,0919893004534
6670	0,433325799999977	1,763919189	1,00141011675004	89,8720736230703
6680	0,432997899999975	1,760564697	1,0012764553328	89,7011615122026
6690	0,433742999999993	1,766105713	1,0013463129132	89,9834775054772
6700	0,434309199999973	1,768702026	1,00138040410052	90,115760228257
6710	0,433742999999993	1,767017212	1,00139279162205	90,0299185815458
6720	0,433921800000007	1,769637207	1,00138263937508	90,1634079074744
6730	0,433653600000014	1,767197754	1,0014137491962	90,03911723646
6740	0,434249599999987	1,769681763	1,00157935853751	90,1656780455495
6750	0,433862199999965	1,765362793	1,00152505586768	89,9456255668212
6760	0,433504599999992	1,763091064	1,00123416813879	89,8298804707801
6770	0,434190000000001	1,771793213	1,00132069876709	90,2732568910175
6780	0,434935099999961	1,775832642	1,0013350425289	90,4790666938401
6790	0,435233100000005	1,782415039	1,00149497017234	90,8144412798696
6800	0,434517799999981	1,774475952	1,00136317198395	90,4099430376522
6810	0,433564199999978	1,765683472	1,00114130373253	89,9619642329444
6820	0,435233100000005	1,778303345	1,00149571526386	90,6049495592806
6830	0,434160200000008	1,772432129	1,00146460544273	90,3058098028227
6840	0,434756300000004	1,776457031	1,0013346704832	90,5108794517756
6850	0,435501299999999	1,781855469	1,00134789610766	90,7859310643501
6860	0,434160200000008	1,772326416	1,00119961189435	90,3004237020431
6870	0,433117100000004	1,763331543	1,0013081242226	89,8421329291282
6880	0,434726500000011	1,771970703	1,00139362972499	90,2823000458552
6890	0,434100599999965	1,769141479	1,00154088981251	90,1381504560045
6900	0,433564199999978	1,770276489	1,00137602556272	90,1959794670607
6910	0,432938299999989	1,766722656	1,00146218414533	90,0149108880624
6920	0,434100599999965	1,767508911	1,00126937646333	90,0549707545728
6930	0,434607299999982	1,771294678	1,00143638297625	90,2478564222754
6940	0,433742999999993	1,766269653	1,0014672137631	89,9918302848117
6950	0,434160200000008	1,767773804	1,00135814236618	90,0684671116319
6960	0,434309199999973	1,768781006	1,00135283271401	90,1197842767616
6970	0,433683400000007	1,763949219	1,00145380111566	89,8736036582259
6980	0,433266099999969	1,763557861	1,00119355715066	89,8536638813879
6990	0,434100599999965	1,768464478	1,00139344370214	90,1036571050084
7000	0,434070799999972	1,766626953	1,00148602907413	90,0100347990014
7010	0,433772799999986	1,765945801	1,00134528878741	89,9753299536353
7020	0,433266099999969	1,761915894	1,00110861071694	89,7700052988231
7030	0,433832399999972	1,765192993	1,00138776200427	89,9369742191879
7040	0,434160200000008	1,767213501	1,0014113278988	90,0399195496001
7050	0,433981399999993	1,764681396	1,00167688051585	89,9109082386508
7060	0,433564199999978	1,761938477	1,00130952139421	89,7711559076782
7070	0,43317669999999	1,760654419	1,00176042977796	89,705732867988
7080	0,432431699999995	1,758860962	1,00128660757977	89,6143558363479
7090	0,434309199999973	1,765324707	1,00157237267946	89,9436850766801
7100	0,434398600000009	1,7670802	1,00142539162621	90,0331278341061
7110	0,434190000000001	1,763538696	1,00116067811223	89,8526874203903
7120	0,434249599999987	1,765120361	1,0012406879396	89,9332736026902
7130	0,436335799999995	1,785918701	1,00166691329161	90,9929536352983
7140	0,43538209999997	1,777652466	1,00132284103022	90,571787129974
7150	0,43481589999999	1,771172485	1,00125298344982	90,2416306618434
7160	0,434011199999986	1,764938965	1,00131054552	89,9240314362868
7170	0,43284890000001	1,761057495	1,00138357048944	89,7262696795231
7180	0,433653600000014	1,759817871	1,00114996579647	89,663110561981
7190	0,432342300000016	1,757920166	1,00134966632509	89,566422071636
7200	0,435173499999962	1,772342285	1,00142334337463	90,3012322311102
7210	0,434100599999965	1,762875	1,00157498099983	89,818871962093
7220	0,433683400000007	1,760232056	1,00140853355558	89,6842133795282
7230	0,432908499999996	1,760204956	1,00121609791928	89,6828326285219
7240	0,433564199999978	1,758376099	1,00136475517841	89,589651959036
7250	0,434338999999966	1,764585938	1,00142753488946	89,9060446323942
7260	0,434756300000004	1,768327637	1,00140415501778	90,0966850257299
7270	0,433236299999976	1,762019165	1,00141142091023	89,7752669791614
7280	0,432521099999974	1,755716553	1,00129834402133	89,4541475008916
7290	0,434011199999986	1,759862549	1,00134100426116	89,6653869159831
7300	0,434011199999986	1,76053125	1,00129089310615	89,6994573801396
7310	0,433742999999993	1,757057861	1,00138729594703	89,5224874407704
7320	0,431954799999971	1,751345825	1,0016600214451	89,2314579405921
7330	0,434011199999986	1,761109009	1,00129769194123	89,7288943292403
7340	0,435501299999999	1,771231201	1,00126341473107	90,2446222550568
7350	0,434517799999981	1,766050415	1,0014768069414	89,9806600601213
7360	0,434249599999987	1,76350647	1,00157051045073	89,8510454985479
7370	0,432491299999981	1,756183838	1,00142790693516	89,4779557752076
7380	0,433862199999965	1,758668213	1,0011463333503	89,6045352320783
7390	0,434309199999973	1,762848755	1,0013415623297	89,8175347735263
7400	0,433266099999969	1,756705933	1,00140573921236	89,5045566311714
7410	0,433832399999972	1,762980713	1,00140396899493	89,8242580628726
7420	0,432491299999981	1,756303101	1,00153371793161	89,4840322514903
7430	0,432163500000001	1,75109021	1,00122429492609	89,2184342996892
7440	0,433325799999977	1,752064087	1,00152589397062	89,2680535486829
7450	0,432103900000016	1,751567871	1,0015247768334	89,2427712335049
7460	0,43261050000001	1,748144165	1,00167343409254	89,068332653997
7470	0,431358799999998	1,746279419	1,00106529839702	88,9733234320069
7480	0,433593999999971	1,754476807	1,00151061909445	89,3909821674224
7490	0,433593999999971	1,756111084	1,00130672705099	89,4742489427829
7500	0,433921800000007	1,760869385	1,00140862656701	89,7166854333316
7510	0,434070799999972	1,759925659	1,00144532507458	89,6686023844704
7520	0,43335559999997	1,754760986	1,00151173623166	89,405461150456
7530	0,433415200000013	1,75646814	1,00163720064209	89,4924410251185
7540	0,434726500000011	1,76514563	1,00142977016401	89,9345610638406
7550	0,431924999999978	1,752251831	1,00131986066415	89,2776191470933
7560	0,432163500000001	1,74965271	1,00139623804536	89,1451933560911
7570	0,43261050000001	1,748681763	1,00156659797017	89,0957233912468
7580	0,431924999999978	1,746161255	1,00147261642669	88,9673029500178
7590	0,43225289999998	1,747095215	1,00166104557089	89,0148884190146
7600	0,43317669999999	1,750714111	1,00113972053807	89,1992719722831
7610	0,432759499999975	1,752203491	1,0012764553328	89,2751562133795
7620	0,432759499999975	1,75013916	1,00155830795193	89,1699780914047
7630	0,433981399999993	1,757152588	1,00152766418805	89,5273138024151
7640	0,433027699999968	1,751009644	1,00160515970659	89,2143294441331
7650	0,432699899999989	1,751587524	1,00149012657741	89,2437725582106
7660	0,431924999999978	1,747776123	1,00133746482642	89,0495808325266
7670	0,434011199999986	1,757989136	1,00147354754106	89,5699361084221
7680	0,43335559999997	1,755178345	1,00123789359638	89,4267256840067
7690	0,434160200000008	1,762351807	1,00165601595312	89,792215162786
7700	0,433325799999977	1,757455688	1,00144420693724	89,5427568145922
7710	0,433772799999986	1,758429443	1,00127906365318	89,5923698476588
7720	0,434577499999989	1,763018799	1,00161521894214	89,8261985530137
7730	0,431329000000005	1,746746704	1,00139064935892	88,9971317063229
7740	0,431597199999999	1,7488573	1,00150186301897	89,1046670403016
7750	0,431418399999984	1,745057739	1,00144886450932	88,9110785652418
7760	0,431448199999977	1,74206604	1,0013905563475	88,7586508381312
7770	0,433862199999965	1,756412231	1,001617082171	89,4895924491772
7780	0,433325799999977	1,750480835	1,0012382666422	89,1873865083813
7790	0,433862199999965	1,755064453	1,00150149097327	89,4209228613644
7800	0,433981399999993	1,757183105	1,00151984022705	89,5288686503286
7810	0,433772799999986	1,754711792	1,00152570794777	89,402954705253
7820	0,432342300000016	1,749230713	1,00138152123774	89,1236925154124
7830	0,431090600000005	1,740825195	1,00150437832791	88,6954295103684
7840	0,431954799999971	1,745261963	1,00137714370006	88,9214838233046
7850	0,433772799999986	1,750698486	1,00122597113198	89,1984758750701
7860	0,43284890000001	1,747494263	1,00144607016609	89,035220003057
7870	0,431626999999992	1,745134888	1,00131147763449	88,9150093238906
7880	0,434070799999972	1,752345825	1,0013370917806	89,2824081622255
7890	0,433832399999972	1,751893433	1,00152859530241	89,2593586895603
7900	0,43335559999997	1,750088989	1,00131212971458	89,1674218678351
7910	0,432699899999989	1,746968018	1,00157488798841	89,0084077036735
7920	0,433683400000007	1,751956299	1,00158224589216	89,2625617261935
7930	0,432938299999989	1,746688232	1,00144253073136	88,9941525449636
7940	0,432372100000009	1,749605591	1,00161419481635	89,142792632598
7950	0,431507799999963	1,742757568	1,00140313089199	88,7938843429969
7960	0,434160200000008	1,754892944	1,00130141739882	89,4121844398023
7970	0,432938299999989	1,748001831	1,00146982208347	89,0610807051511
7980	0,432103900000016	1,748212402	1,00127347496673	89,0718093442707
7990	0,434756300000004	1,761946777	1,00140070859447	89,7715787945178
8000	0,434428400000002	1,759457642	1,00130859027985	89,6447568145922
8010	0,434160200000008	1,758670532	1,00166383991411	89,6046533856422
8020	0,43505429999999	1,765609497	1,00150447133934	89,9581951902991
8030	0,433415200000013	1,753509155	1,00141281808184	89,3416800835584
8040	0,434487999999988	1,760763428	1,00142753488946	89,711286900698
8050	0,434100599999965	1,758667114	1,00150884887702	89,6044792377847
8060	0,433772799999986	1,755496948	1,00128483836247	89,4429585774698
8070	0,433832399999972	1,755999634	1,00129489759801	89,4685705405819
8080	0,432938299999989	1,755072754	1,00154936685372	89,4213457991542
8090	0,434100599999965	1,756789551	1,00142036200844	89,5088169868039
8100	0,432103900000016	1,747023804	1,00144131958259	89,0112500127376
8110	0,433653600000014	1,751387207	1,00147885619311	89,2335663626637
8120	0,433415200000013	1,752280396	1,001358515412	89,2790745401742
8130	0,434487999999988	1,757703735	1,0013520876225	89,5553948642177
8140	0,433832399999972	1,755530762	1,0015254289135	89,4446814082641
8150	0,434190000000001	1,757489746	1,00148742624574	89,5444920772405
8160	0,434160200000008	1,756717651	1,00152524189052	89,5051536658684
8170	0,434994700000004	1,764290283	1,00137732972291	89,8909809446171
8180	0,435322499999984	1,767608032	1,00147811110159	90,0600209914913
8190	0,434756300000004	1,763845581	1,0014937600237	89,8683232791563
8200	0,433772799999986	1,754174316	1,00145659545889	89,3755701839303
8210	0,434726500000011	1,760818237	1,00140592523521	89,7140794313955
8220	0,434100599999965	1,758724609	1,00131371290904	89,6074086207775
8230	0,435262899999998	1,767468872	1,00108020122749	90,0529307586488
8240	0,435829099999978	1,771158691	1,00164530463748	90,2409278544862
8250	0,43505429999999	1,768763306	1,00149850960708	90,1188824578387
8260	0,435680100000013	1,771847656	1,00148379279945	90,2760307739339
8270	0,434994700000004	1,766204468	1,00154321909861	89,9885090946146
8280	0,43591859999998	1,771921387	1,00140015052592	90,2797873847251
8290	0,434935099999961	1,763785767	1,00140937165852	89,8652757425995
8300	0,434726500000011	1,762700439	1,00139996350295	89,8099780404545
8310	0,434935099999961	1,764415039	1,00168824391158	89,8973372904672
8320	0,434309199999973	1,76019397	1,00132675251066	89,6822728893871
8330	0,436395399999981	1,777777954	1,00158923175021	90,5781807713864
8340	0,436067600000001	1,772846802	1,00127533719547	90,3269374840781
8350	0,435471500000006	1,771739624	1,00151508964355	90,2705265195904
8360	0,436216599999966	1,774537231	1,00146749279737	90,4130652162837
8370	0,436633799999981	1,780075928	1,00116151621517	90,6952630559943
8380	0,43481589999999	1,765072754	1,0013681085903	89,9308480154889
8390	0,435829099999978	1,771712769	1,00139782123982	90,2691582513884
8400	0,436067600000001	1,777381348	1,00145184487538	90,5579736077852
8410	0,43672319999996	1,78116394	1,00151099114015	90,7506975085342
8420	0,436127199999987	1,775297729	1,00149357300073	90,4518127579355
8430	0,436335799999995	1,777341675	1,00134258745562	90,5559522596423
8440	0,436008000000015	1,775336182	1,00137919295176	90,453771946808
8450	0,435829099999978	1,771988525	1,00144364786857	90,2832080807052
8460	0,435173499999962	1,766779541	1,00144402091439	90,01780919142
8470	0,436425199999974	1,776809082	1,001435916919	90,5288165282519
8480	0,43591859999998	1,77181604	1,00134277347847	90,2744199317267
8490	0,436127199999987	1,774679565	1,00129881007857	90,4203171651297
8500	0,43675300000001	1,780475586	1,00131194269161	90,7156257196719
8510	0,435739699999999	1,772218994	1,00156864722187	90,2949505273348
8520	0,434935099999961	1,764508179	1,00130859027985	89,9020827941102
8530	0,434398600000009	1,760855347	1,00146665469443	89,7159701941203
8540	0,433683400000007	1,760998047	1,00139362972499	89,7232407907475
8550	0,434994700000004	1,764197021	1,00142446051184	89,8862292250471
8560	0,435888799999987	1,771185913	1,00173798202077	90,2423148214195
8570	0,434994700000004	1,766305176	1,00157712326296	89,9936401895348
8580	0,435084099999983	1,765416138	1,00136289294968	89,9483435063943
8590	0,434487999999988	1,760317017	1,001638225768	89,6885421613084
8600	0,434607299999982	1,763036255	1,0014065773153	89,8270879400825
8610	0,434577499999989	1,765383789	1,00139325767929	89,9466953176746
8620	0,433981399999993	1,761176758	1,00126704817735	89,7323461558058
8630	0,435471500000006	1,767728027	1,00140238580047	90,0661347633362
8640	0,434398600000009	1,763366821	1,00117176147357	89,843930351047
8650	0,43505429999999	1,765379395	1,00132796365942	89,9464714424008
8660	0,434994700000004	1,766023804	1,00147215036945	89,9793042237734
8670	0,435471500000006	1,770594238	1,00139949844583	90,2121688490345
8680	0,433742999999993	1,763435791	1,00147354754106	89,8474443878331
8690	0,434756300000004	1,764868286	1,0015568177689	89,9204303255719
8700	0,435888799999987	1,772185059	1,00142464653469	90,2932215315637
8710	0,434487999999988	1,762783325	1,00134668595902	89,8142011005248
8720	0,434487999999988	1,763835083	1,00135944652637	89,8677884037296
8730	0,432997899999975	1,758295288	1,0014791362275	89,5855346206756
8740	0,434994700000004	1,76417749	1,00157935853751	89,8852341162684
8750	0,434011199999986	1,763604248	1,00140480709787	89,8560273093188
8760	0,435173499999962	1,770784912	1,00153250778297	90,2218837315942
8770	0,433593999999971	1,763665405	1,00131837048112	89,8591432720232
8780	0,435560899999984	1,76877478	1,00138552672972	90,1194670606817
8790	0,43591859999998	1,772274536	1,00146432640845	90,2977804045448
8800	0,435173499999962	1,768182373	1,00149329396645	90,0892837927345
8810	0,433266099999969	1,759267822	1,00177011696781	89,6350854435217
8820	0,435084099999983	1,764337036	1,00153921360663	89,8933630203291
8830	0,433683400000007	1,761847046	1,00145557033297	89,766497477964
8840	0,434607299999982	1,761091797	1,00114940772792	89,7280173740256
8850	0,434100599999965	1,760692627	1,00142231824872	89,7076795740562
8860	0,434428400000002	1,760175049	1,00147121925508	89,6813088602436
8870	0,435233100000005	1,766763062	1,00141877881398	90,0169695827177
8880	0,434756300000004	1,763185669	1,00139642406821	89,8347006164977
8890	0,434487999999988	1,762474976	1,00160897817561	89,7984906506343
8900	0,433593999999971	1,762192261	1,00168731179709	89,7840862587252
8910	0,434994700000004	1,764256836	1,00137984503186	89,8892768125541
8920	0,435262899999998	1,765988892	1,00145426617279	89,9775254496357
8930	0,434666899999968	1,76380481	1,00145147282969	89,86624598767
8940	0,435411899999963	1,770849487	1,001561288318	90,2251738421562
8950	0,435471500000006	1,77055249	1,00147000810632	90,2100417791818
8960	0,433683400000007	1,759725586	1,00173220731148	89,6584086207775
8970	0,434070799999972	1,760577881	1,00130756515393	89,7018332399246
8980	0,434428400000002	1,759455566	1,00140191974323	89,644651041932
8990	0,43258069999996	1,750577637	1,00148547000546	89,1923185917359
9000	0,433266099999969	1,754521362	1,00134258745562	89,3932522545473
9010	0,435501299999999	1,769868042	1,00168582161406	90,1751690018852
9020	0,435173499999962	1,767225464	1,0015391205952	90,0405290671014
9030	0,434726500000011	1,764337158	1,00152915437108	89,8933692362562
9040	0,43505429999999	1,765131104	1,00130160442179	89,9338209609212
9050	0,433862199999965	1,759716553	1,00126136647948	89,6579483874255
9060	0,433236299999976	1,756408936	1,00150251509906	89,4894245681969
9070	0,433772799999986	1,756125977	1,00152067833	89,4750077444337
9080	0,435411899999963	1,766791138	1,00140741541825	90,0184000611403
9090	0,433325799999977	1,755752319	1,00148956850887	89,4559697865186
9100	0,432699899999989	1,751416748	1,00139362972499	89,235071483161
9110	0,432819099999961	1,750265991	1,00127580325271	89,1764401589647
9120	0,434249599999987	1,756369751	1,00141216600175	89,4874280837622
9130	0,434160200000008	1,755365234	1,00130383969634	89,4362477199776
9140	0,434666899999968	1,75846521	1,00134500875302	89,594192184236
9150	0,43317669999999	1,751893311	1,00138552672972	89,2593524736333
9160	0,434011199999986	1,756491089	1,00133187613998	89,4936102817547
9170	0,434190000000001	1,754982056	1,00166281578832	89,4167247159525
9180	0,432670099999996	1,751570068	1,00138357048944	89,2428831711418
9190	0,433862199999965	1,751025635	1,00137677065424	89,2151441891272
9200	0,43258069999996	1,751634033	1,00143200543857	89,2461422020686
9210	0,435084099999983	1,761521484	1,0011973766198	89,7499100219086
9220	0,435560899999984	1,76633313	1,00150745170541	89,9950644520304
9230	0,434190000000001	1,76105896	1,00143638297625	89,7263443215978
9240	0,434517799999981	1,761062744	1,00125801306759	89,7265371172365
9250	0,434845699999983	1,764428833	1,00145715452755	89,8980400978244
9260	0,434428400000002	1,761517578	1,00148500394822	89,7497110103429
9270	0,433862199999965	1,75732959	1,00125819909044	89,5363320935446
9280	0,435143699999969	1,76525354	1,00162928366967	89,9400591022571
9290	0,434607299999982	1,761783936	1,00121693702235	89,7632820094768
9300	0,434666899999968	1,764119995	1,00159798782569	89,8823047332756
9310	0,43591859999998	1,772817627	1,00149729945844	90,3254510113619
9320	0,434338999999966	1,761119995	1,00138822806152	89,7294540683752
9330	0,434994700000004	1,76561377	1,00134072422676	89,9584129005961
9340	0,435560899999984	1,769648315	1,00138617880982	90,1639738625363
9350	0,433445000000006	1,75886438	1,00134323953571	89,6145299842054
9360	0,434100599999965	1,761075317	1,00122131456003	89,7271777143731
9370	0,434935099999961	1,766309082	1,00172084391575	89,9938392011005
9380	0,431865399999992	1,74979834	1,00151685886086	89,1526132368676
9390	0,432342300000016	1,751838135	1,00140750842967	89,2565412442044
9400	0,433266099999969	1,758726685	1,00150782475123	89,6075143934376
9410	0,432819099999961	1,752027832	1,00153660528626	89,2662063483976
9420	0,434577499999989	1,759806641	1,00127505816119	89,662538390992
9430	0,433981399999993	1,756144531	1,00131958062976	89,4759530748459
9440	0,433445000000006	1,759719971	1,00148481792537	89,658122535283
9450	0,433683400000007	1,75677478	1,00135721125182	89,5080644010801
9460	0,432431699999995	1,752902588	1,00147736601007	89,3107753604728
9470	0,432699899999989	1,752961792	1,00149571526386	89,3137918173944
9480	0,43335559999997	1,75802478	1,00155905304345	89,571752178122
9490	0,433921800000007	1,757603394	1,00135329877126	89,5502824680287
9500	0,433742999999993	1,75560498	1,00147792507874	89,4484628318133
9510	0,432282699999973	1,748510498	1,00134491574159	89,0869974015387
9520	0,432699899999989	1,752005493	1,00125186531248	89,2650681713965
9530	0,432103900000016	1,74590271	1,0013950268966	88,9541300249656
9540	0,431626999999992	1,742276367	1,0015993849973	88,7693670453967
9550	0,432431699999995	1,742842896	1,00139931142286	88,7982318235084
9560	0,433683400000007	1,750992188	1,00149329396645	89,2134400570642
9570	0,43201449999998	1,743014404	1,00131864951539	88,8069701941204
9580	0,431626999999992	1,743953369	1,00148071942196	88,8548106689764
9590	0,430881999999997	1,735928345	1,00126658212011	88,4459339175625
9600	0,431269399999962	1,738545898	1,00149338697788	88,5792988230499
9610	0,431418399999984	1,738156372	1,00142865202668	88,5594523870179
9620	0,432819099999961	1,742366333	1,0016072089583	88,7739508330361
9630	0,433981399999993	1,751282593	1,00154126285833	89,2282362561777
9640	0,433415200000013	1,748947998	1,00138291840935	89,1092881235033
9650	0,434338999999966	1,756793579	1,00155746984899	89,5090222142966
9660	0,431954799999971	1,747664063	1,00111671371221	89,0438713506904
9670	0,432819099999961	1,750735718	1,00162732742939	89,2003728537219
9680	0,432819099999961	1,751074463	1,00123929076799	89,2176319865491
9690	0,433772799999986	1,752061523	1,00139931142286	89,2679229123147
9700	0,433117100000004	1,747656128	1,00139083538177	89,0434670606817
9710	0,431865399999992	1,743816162	1,00161978350279	88,8478199419167
9720	0,433653600000014	1,7497854	1,00111298825462	89,1519539409996
9730	0,434160200000008	1,752178955	1,00128055383621	89,2739060987415
9740	0,432759499999975	1,748218018	1,0015101530372	89,0720954807153
9750	0,433832399999972	1,749994629	1,00143656899909	89,1626142049218
9760	0,433742999999993	1,753009277	1,00148668115422	89,3162111886687
9770	0,434011199999986	1,757133911	1,00146674770586	89,5263622051256
9780	0,433683400000007	1,751373657	1,0014433688343	89,2328759871606
9790	0,434190000000001	1,755941162	1,00138021707755	89,4655913792225
9800	0,43538209999997	1,764477905	1,00149133772618	89,9005403271004
9810	0,434309199999973	1,757474609	1,00147829812456	89,5437208437357
9820	0,434011199999986	1,753493408	1,00149795153853	89,3408777704183
9830	0,433593999999971	1,752168579	1,00150922192284	89,2733774392419
9840	0,433832399999972	1,753591309	1,00131967364118	89,3458658480664
9850	0,433832399999972	1,752589966	1,00144364786857	89,2948472002853
9860	0,432997899999975	1,752067505	1,00134072422676	89,2682276965405
9870	0,431865399999992	1,743832031	1,00137127597934	88,8486284709839
9880	0,433981399999993	1,751378906	1,00134230842134	89,2331434248739
9890	0,434935099999961	1,758095581	1,00140601824664	89,5753595047639
9900	0,43258069999996	1,749155518	1,00144057449108	89,1198613134967
9910	0,43261050000001	1,747236084	1,00137407032257	89,0220657257859
9920	0,433415200000013	1,75156189	1,00144625618894	89,2424665002293
9930	0,434160200000008	1,753182983	1,00140806749834	89,3250615478677
9940	0,435233100000005	1,766118042	1,00176844076193	89,9841056707597
9950	0,434994700000004	1,762570557	1,00169280747211	89,8033605237683
9960	0,434517799999981	1,758849609	1,00169662694125	89,6137773984817
9970	0,434756300000004	1,760395386	1,00136102972083	89,6925350792276
9980	0,434190000000001	1,75710791	1,00123528627613	89,5250374484129
9990	0,433593999999971	1,753337891	1,00152524189052	89,3329541448005
10000	0,434756300000004	1,759217285	1,00150717267114	89,632510572171
10010	0,434011199999986	1,756669678	1,00146851792329	89,502709430886
10020	0,433653600000014	1,75450061	1,00139670410261	89,392194935548
10030	0,434398600000009	1,754972412	1,00144923655501	89,4162333520151
10040	0,435322499999984	1,764532227	1,00147550378134	89,90330804504
10050	0,435143699999969	1,765765625	1,00160804706124	89,9661499465023
10060	0,435560899999984	1,76801001	1,00140191974323	90,0805018596831
10070	0,436246400000016	1,771887817	1,00103484065598	90,2780769857849
10080	0,433236299999976	1,75635022	1,00155076402533	89,4864329749834
10090	0,433236299999976	1,75392749	1,00153353190876	89,3629943445254
10100	0,434100599999965	1,755779663	1,00136615235002	89,4573629693789
10110	0,434935099999961	1,76195105	1,00141468031057	89,7717965048148
10120	0,435262899999998	1,766516724	1,00128558345398	90,0044186070209
10130	0,435233100000005	1,768940186	1,00141244503602	90,1278945330412
10140	0,436425199999974	1,775771729	1,00120939209562	90,4759631629898
10150	0,436574199999995	1,776814697	1,00133662572336	90,5291026137464
10160	0,43591859999998	1,775255737	1,0012573609875	90,4496732562287
10170	0,436127199999987	1,773660278	1,00129424551792	90,3683842665716
10180	0,435560899999984	1,769491455	1,00136279993826	90,1559818107709
10190	0,435739699999999	1,772335815	1,0014361969534	90,3009025831762
10200	0,43672319999996	1,779890625	1,00148528398261	90,6858218270749
10210	0,435888799999987	1,774621094	1,00145184487538	90,4173380547205
10220	0,435501299999999	1,76908728	1,00155653873462	90,1353890049422
10230	0,436127199999987	1,773021973	1,00120128810023	90,3358624853518
10240	0,435888799999987	1,771142334	1,00153418398886	90,2400944617109
10250	0,435143699999969	1,767947021	1,00151453057488	90,0772925561726
10260	0,436216599999966	1,773079834	1,00143573089615	90,3388105161258
10270	0,436246400000016	1,776290894	1,00137984503186	90,5024147348041
10280	0,437140499999998	1,783676147	1,00154545437316	90,8786950119733
10290	0,437050999999997	1,783323608	1,0015775893202	90,8607330717889
10300	0,436246400000016	1,77863501	1,00144765336055	90,6218479645386
10310	0,436663599999974	1,77898584	1,00157647118287	90,6397228307943
10320	0,436127199999987	1,773749023	1,00125335549552	90,3729058439904
10330	0,435560899999984	1,771908203	1,00133010592255	90,2791156570031
10340	0,436008000000015	1,774537476	1,00149655436692	90,413077699088
10350	0,436067600000001	1,774250854	1,00166784540609	90,398474244663
10360	0,43591859999998	1,772183472	1,00129731989554	90,2931406735619
10370	0,436306000000002	1,776312256	1,00142380843175	90,5035031334386
10380	0,436633799999981	1,777448975	1,00137639860854	90,5614192184236
10390	0,435978199999965	1,772782471	1,00156995138206	90,3236598053702
10400	0,436306000000002	1,77672876	1,00136233388101	90,5247241045499
10410	0,435411899999963	1,771191772	1,00132237497298	90,242613338768
10420	0,435501299999999	1,772239258	1,00139456183948	90,295982982626
10430	0,435084099999983	1,767786743	1,00136754952163	90,0691263565497
10440	0,43615699999998	1,776168213	1,00125130624382	90,4961641106639
10450	0,43505429999999	1,771723267	1,00159016286458	90,2696931268151
10460	0,43481589999999	1,765589722	1,00143601093055	89,9571876496663
10470	0,434666899999968	1,76991748	1,00156482775274	90,1776878789423
10480	0,435322499999984	1,766931152	1,00126341473107	90,0255338054721
10490	0,435739699999999	1,771903198	1,00147354754106	90,2788606511438
10500	0,435829099999978	1,771120972	1,00145175186396	90,2390060630764
10510	0,43648479999996	1,777637451	1,00144551109743	90,5710221123962
10520	0,434100599999965	1,765264526	1,00162490613199	89,940618841392
10530	0,433445000000006	1,757002197	1,00141570543648	89,5196513476334
10540	0,434994700000004	1,763754028	1,00146563056864	89,8636586335151
10550	0,435471500000006	1,766145264	1,00157404988547	89,985492637693
10560	0,433564199999978	1,758922852	1,00146935602623	89,6175091455648
10570	0,433742999999993	1,757006226	1,00128278911076	89,5198566260763
10580	0,433325799999977	1,757004639	1,00159910496291	89,5197757680746
10590	0,433862199999965	1,7598396	1,00133839594079	89,6642176593468
10600	0,433742999999993	1,757844971	1,00123388910452	89,5625908697203
10610	0,435739699999999	1,76683606	1,00138291840935	90,0206888469965
10620	0,435084099999983	1,762988037	1,00161372875911	89,8246312222958
10630	0,435471500000006	1,765382935	1,00135935351494	89,9466518061854
10640	0,435262899999998	1,765299072	1,00134435667293	89,9423789677485
10650	0,434994700000004	1,762339478	1,0014484914635	89,7915869975034
10660	0,435471500000006	1,766697144	1,00134072422676	90,0136110460081
10670	0,434666899999968	1,763333252	1,00108374066223	89,842220003057
10680	0,435143699999969	1,763639282	1,00132898878533	89,8578122993835
10690	0,433772799999986	1,759077637	1,00138878713019	89,6253954756203
10700	0,433862199999965	1,759034424	1,00135320575983	89,6231937636929
10710	0,43284890000001	1,750112305	1,00138049711195	89,1686098232027
10720	0,432521099999974	1,745705078	1,00121796114814	88,9440606307638
10730	0,434517799999981	1,757255249	1,00188701232572	89,5325444031182
10740	0,433742999999993	1,753104614	1,00132656648781	89,3210686299485
10750	0,434398600000009	1,755787354	1,00137779578015	89,4577548275335
10760	0,434309199999973	1,757845337	1,00140126766313	89,5626095175014
10770	0,435322499999984	1,766207642	1,00134594086751	89,988670810618
10780	0,435262899999998	1,765303101	1,00133150309416	89,9425842461915
10790	0,434994700000004	1,763970703	1,00150009380166	89,8746982727875
10800	0,435322499999984	1,766098389	1,00133224818568	89,9831043460539
10810	0,433832399999972	1,761444458	1,00133541557472	89,7459855301371
10820	0,433445000000006	1,756614258	1,00129461856374	89,4998857696031
10830	0,433832399999972	1,756841919	1,00133420442595	89,5114851480104
10840	0,433445000000006	1,758858643	1,00155001793369	89,6142376827839
10850	0,432103900000016	1,74689856	1,00121730906804	89,0048688031793
10860	0,434160200000008	1,753050781	1,00152263457027	89,3183258266673
10870	0,432193299999994	1,747659058	1,00141123388726	89,0436163448311
10880	0,432103900000016	1,744735596	1,0013776097573	88,8946653079941
10890	0,433832399999972	1,753814209	1,00130989343991	89,3572226524685
10900	0,433325799999977	1,75358728	1,00167427219548	89,3456605696235
10910	0,432819099999961	1,749520142	1,00160851311848	89,1384389871096
10920	0,431954799999971	1,74204895	1,00151415852919	88,7577800988434
10930	0,431537600000013	1,738647949	1,00145519828727	88,5844983441178
10940	0,432103900000016	1,739622314	1,00155234721979	88,6341424568197
10950	0,431686599999978	1,738188965	1,0014941320694	88,5611130075916
10960	0,433772799999986	1,747749023	1,00171674541234	89,0482000815203
10970	0,431865399999992	1,74018396	1,00148537699404	88,6627584449992
10980	0,434726500000011	1,757244019	1,00162453308617	89,5319722321292
10990	0,434011199999986	1,751648315	1,00137518745978	89,2468698731339
11000	0,432431699999995	1,747999634	1,0017105046458	89,0609687675141
11010	0,434160200000008	1,753503784	1,00133746482642	89,341406429918
11020	0,433504599999992	1,748461182	1,00141514636782	89,0844847404086
11030	0,43284890000001	1,74829834	1,00136978579631	89,0761879044174
11040	0,433117100000004	1,746137207	1,00142455352327	88,966077699088
11050	0,433832399999972	1,752595581	1,0013997774801	89,2951332857798
11060	0,433862199999965	1,755567383	1,00141794071104	89,4465472563306
11070	0,43201449999998	1,742560913	1,00136792256745	88,7838647271616
11080	0,432759499999975	1,747184448	1,00158196685788	89,0194348601416
11090	0,431865399999992	1,743104004	1,00169699898694	88,8115353339787
11100	0,432670099999996	1,747068359	1,0012215935943	89,0135200998624
11110	0,433683400000007	1,752112183	1,0013929776449	89,2705040505426
11120	0,434487999999988	1,757224365	1,00143740810216	89,5309708564732
11130	0,433683400000007	1,753213501	1,0013752804712	89,3266164467315
11140	0,435322499999984	1,764002197	1,00141393521905	89,8763028990676
11150	0,434726500000011	1,760381836	1,00141114087583	89,6918447037245
11160	0,435173499999962	1,763273804	1,00141207299032	89,8391911142813
11170	0,433236299999976	1,751850342	1,0011660797757	89,2571631935599
11180	0,434190000000001	1,757459106	1,0013081242226	89,5429309624497
11190	0,433087300000011	1,751834106	1,00126220458243	89,2563359657615
11200	0,434100599999965	1,756056152	1,00154126285833	89,4714501452081
11210	0,434607299999982	1,759432739	1,00150027982451	89,6434880012228
11220	0,433325799999977	1,750604004	1,00149590228683	89,1936619962297
11230	0,432908499999996	1,750893921	1,00149115170333	89,208433331635
11240	0,433921800000007	1,752990112	1,00147121925508	89,3152347276711
11250	0,433921800000007	1,756492432	1,00142911808392	89,4936787079024
11260	0,435233100000005	1,765657837	1,00158923175021	89,9606581240128
11270	0,434249599999987	1,75720813	1,00161084140446	89,530143679625
11280	0,433593999999971	1,752963379	1,00127878361878	89,3138726753961
11290	0,43538209999997	1,766505493	1,00145948281353	90,0038463850818
11300	0,434666899999968	1,761251953	1,00127924967602	89,7361773577215
11310	0,432938299999989	1,75571228	1,0014692630148	89,4539297905946
11320	0,43261050000001	1,753531006	1,00151984022705	89,3427933968513
11330	0,433236299999976	1,752531494	1,00136233388101	89,291868038926
11340	0,43335559999997	1,755640869	1,00115685864309	89,4502913843175
11350	0,433981399999993	1,755889282	1,00123174684139	89,4629480817242
11360	0,434428400000002	1,760378662	1,00144979562368	89,691682987721
11370	0,434577499999989	1,759540527	1,00139428180508	89,6489798237122
11380	0,432431699999995	1,749796875	1,00121498078207	89,1525385947929
11390	0,431537600000013	1,742160767	1,00137202107086	88,7634771997758
11400	0,43225289999998	1,744130615	1,00148165053633	88,8638413919601
11410	0,431507799999963	1,738241577	1,00159482043665	88,5637936006522
11420	0,431626999999992	1,738956299	1,00147084620926	88,6002088449585
11430	0,431924999999978	1,739825928	1,00145314903557	88,6445166352474
11440	0,432372100000009	1,743510132	1,00131445800056	88,8322276455903
11450	0,433087300000011	1,743858521	1,0013994054344	88,8499781423549
11460	0,434100599999965	1,749923828	1,00144923655501	89,1590068782799
11470	0,434160200000008	1,751892822	1,00134081723819	89,2593275589749
11480	0,433087300000011	1,746586914	1,00140275784617	88,9889903704081
11490	0,434100599999965	1,751000732	1,00133206216283	89,2138753757579
11500	0,434935099999961	1,759977051	1,00157954456036	89,6712208182606
11510	0,435262899999998	1,761078369	1,00150111792745	89,7273332144495
11520	0,434100599999965	1,752886475	1,00128362721371	89,3099543995516
11530	0,435888799999987	1,767088745	1,00143815319368	90,0335632037499
11540	0,434994700000004	1,76196936	1,00143731409061	89,7727294033729
11550	0,435650299999963	1,768936646	1,00138571275257	90,1277141692566
11560	0,436008000000015	1,771296265	1,00130104535312	90,2479372802772
11570	0,435560899999984	1,768773071	1,00149729945844	90,1193799867529
11580	0,436127199999987	1,771924561	1,0012863285455	90,2799491007286
11590	0,435978199999965	1,771499146	1,00131268778313	90,2582741121924
11600	0,43538209999997	1,766425903	1,00144225069696	89,999791256942
11610	0,434726500000011	1,763246338	1,00144662923476	89,837791715494
11620	0,434726500000011	1,759794312	1,00138217331783	89,6619102257095
11630	0,43335559999997	1,758626587	1,00130104535312	89,6024143781525
11640	0,434338999999966	1,757768311	1,0015013039503	89,5586850257299
11650	0,434726500000011	1,760492188	1,00153837550369	89,6974671625822
11660	0,435233100000005	1,761213989	1,00141337615038	89,7342430835074
11670	0,435173499999962	1,761726807	1,00127058761209	89,7603712742651
11680	0,43481589999999	1,759072632	1,00133057197979	89,625140469761
11690	0,435471500000006	1,763874512	1,00129024102606	89,8697973200183
11700	0,43505429999999	1,761479736	1,00147550378134	89,7477829520558
11710	0,435680100000013	1,767755981	1,00142921109534	90,0675590258318
11720	0,436067600000001	1,767771973	1,00138794802712	90,0683738217761
11730	0,434428400000002	1,75797583	1,00137872689452	89,569258164773
11740	0,434070799999972	1,757311279	1,00144262374278	89,5353991440363
11750	0,436544400000002	1,774267456	1,00164651478612	90,3993201202425
11760	0,436663599999974	1,775203613	1,00143377465587	90,4470175268762
11770	0,435888799999987	1,771345703	1,00137723671148	90,2504561573343
11780	0,436961599999961	1,779472534	1,00143368164445	90,664519997962
11790	0,435650299999963	1,76713147	1,00140592523521	90,0357400519692
11800	0,43505429999999	1,764002319	1,00137453537969	89,8763091149947
11810	0,435799299999985	1,769154541	1,00136391707547	90,1388159677995
11820	0,43672319999996	1,776652832	1,00143778014786	90,5208555561217
11830	0,43648479999996	1,776957886	1,00136587331575	90,5363981250319
11840	0,437229899999977	1,782574829	1,00141766167676	90,8225826157844
11850	0,435560899999984	1,766955688	1,00127682837862	90,0267839201101
11860	0,435978199999965	1,770115479	1,00160162027186	90,1877759718755
11870	0,436901999999975	1,77712793	1,00135823537761	90,5450619045193
11880	0,437170299999991	1,779889893	1,00154098382406	90,6857845315127
11890	0,436306000000002	1,773791992	1,00136745651021	90,3750951240638
11900	0,43648479999996	1,772219116	1,00131389893189	90,2949567432618
11910	0,435680100000013	1,767807983	1,00164418650014	90,0702085392572
11920	0,436335799999995	1,775092163	1,00156557384438	90,4413391246752
11930	0,436067600000001	1,772948853	1,00142753488946	90,332137005146
11940	0,436901999999975	1,777613403	1,00142865202668	90,5697968614663
11950	0,436127199999987	1,772807007	1,00148491093679	90,3249099200082
11960	0,436335799999995	1,770859253	1,00139064935892	90,2256714220207
11970	0,436246400000016	1,770680542	1,00117520789688	90,2165660569623
11980	0,436335799999995	1,772270386	1,0015108051173	90,297568961125
11990	0,435829099999978	1,769017944	1,0012359373561	90,131856320375
12000	0,436633799999981	1,778295654	1,00141384220763	90,604557701126
12010	0,436246400000016	1,772698364	1,00133755783784	90,3193745350792
12020	0,435322499999984	1,7687854	1,00128232305352	90,1200081520355
12030	0,435829099999978	1,769795166	1,00125279642685	90,1714559535334
12040	0,435560899999984	1,767149292	1,00144979562368	90,0366480868192
12050	0,436216599999966	1,772352173	1,00163431328744	90,3017360269017
12060	0,436008000000015	1,772136963	1,00133010592255	90,290771029704
12070	0,434756300000004	1,76614624	1,00146311525969	89,9855423651093
12080	0,435233100000005	1,762967651	1,00141095485298	89,8235925510776
12090	0,43538209999997	1,764826172	1,00129527064383	89,918284607938
12100	0,434726500000011	1,763998779	1,00141421525345	89,8761287512101
12110	0,434666899999968	1,75891626	1,00136037764073	89,6171732817038
12120	0,433832399999972	1,756198364	1,00147848414741	89,4786958781271
12130	0,435471500000006	1,763034912	1,00165033425525	89,8270195139349
12140	0,433921800000007	1,754197388	1,00125922421636	89,3767457074438
12150	0,435322499999984	1,759062622	1,00131743836663	89,6246304580425
12160	0,435411899999963	1,762625488	1,00137444236826	89,8061592703928
12170	0,436574199999995	1,772006592	1,00148276867366	90,2841285983594
12180	0,434905299999969	1,759795044	1,00135134253098	89,6619475212717
12190	0,435233100000005	1,762357544	1,00155765587184	89,7925074642075
12200	0,435888799999987	1,766816406	1,00135003837079	90,0196874713405
12210	0,435233100000005	1,763957764	1,00134398462723	89,8740390278698
12220	0,43591859999998	1,770714966	1,00135721125182	90,2183199673919
12230	0,434666899999968	1,761940552	1,00150251509906	89,7712616293881
12240	0,435501299999999	1,76359375	1,00150437832791	89,8554924338921
12250	0,434070799999972	1,758480713	1,00135218163404	89,594982065522
12260	0,433832399999972	1,756045166	1,00138645784409	89,4708904060733
12270	0,433742999999993	1,757181274	1,00126071439939	89,5287753604728
12280	0,433921800000007	1,756823486	1,00147028714059	89,510545982575
12290	0,433593999999971	1,753616699	1,00139512090815	89,3471594741937
12300	0,433236299999976	1,75218042	1,00139102240474	89,2739807408162
12310	0,43481589999999	1,754004639	1,00144942357798	89,3669251031742
12320	0,432670099999996	1,74466394	1,00144439296009	88,8910144189127
12330	0,433415200000013	1,751927734	1,0012839072481	89,2611063331126
12340	0,435799299999985	1,766534546	1,00149394604655	90,0053266418709
12350	0,435799299999985	1,765898438	1,00164875106079	89,9729167982881
12360	0,435829099999978	1,764942627	1,00144979562368	89,9242180159984
12370	0,433593999999971	1,755105225	1,00158755554433	89,4230002038009
12380	0,436127199999987	1,768554688	1,00152458981043	90,108253324502
12390	0,435143699999969	1,761255859	1,00130924235994	89,7363763692872
12400	0,435650299999963	1,76543457	1,00156762209596	89,9492826208794
12410	0,43317669999999	1,751564209	1,00158019664045	89,2425846537933
12420	0,433236299999976	1,751733765	1,00144206467411	89,2512235695725
12430	0,434428400000002	1,7557771	1,00140629728091	89,4572323839609
12440	0,434190000000001	1,753789185	1,00151313340327	89,3559476741224
12450	0,435411899999963	1,762241699	1,00145966883638	89,7866051357824
12460	0,432759499999975	1,750540771	1,00153865453796	89,1904402608651
12470	0,433653600000014	1,75448877	1,00140788147549	89,3915916849238
12480	0,433325799999977	1,749690063	1,00129005400309	89,1470964997198
12490	0,433027699999968	1,747326904	1,00140983671565	89,0266930249147
12500	0,433862199999965	1,751048584	1,00134705800472	89,2163134457635
12510	0,433981399999993	1,749961548	1,00141924487122	89,1609287206399
12520	0,434011199999986	1,749372192	1,00151425154061	89,1309009018189
12530	0,433504599999992	1,746763062	1,00153790944644	88,9979651500484
12540	0,432938299999989	1,745383667	1,00138059012337	88,9276846690783
12550	0,432997899999975	1,747524902	1,00145780660765	89,0367810668976
12560	0,431924999999978	1,742112671	1,00145296301272	88,7610266979161
12570	0,431597199999999	1,738014526	1,00137239311656	88,5522253018801
12580	0,433117100000004	1,74126709	1,00146115901941	88,7179441585571
12590	0,433117100000004	1,745566284	1,00136578030433	88,9369890457023
12600	0,432342300000016	1,742083984	1,00159826685997	88,7595650889081
12610	0,433862199999965	1,748712891	1,0015898838303	89,0973093697458
12620	0,434100599999965	1,749211304	1,00140136067456	89,1227036225608
12630	0,434249599999987	1,752381348	1,00131352688619	89,2842180669486
12640	0,43481589999999	1,755815552	1,00145994887077	89,4591915218831
12650	0,433683400000007	1,748031982	1,00145426617279	89,0626169052835
12660	0,432431699999995	1,743932617	1,00125633586159	88,8537533499771
12670	0,433415200000013	1,749091431	1,00151397150622	89,1165960666429
12680	0,43201449999998	1,740342773	1,00150465736219	88,6708500025475
12690	0,432431699999995	1,744021362	1,00125363552991	88,8582749273959
12700	0,432819099999961	1,747348877	1,00138180127214	89,0278125541346
12710	0,432670099999996	1,746387085	1,00128753969426	88,9788090385693
12720	0,434011199999986	1,751859375	1,00148174454787	89,2576234269119
12730	0,434577499999989	1,755728271	1,00158056968627	89,4547445355887
12740	0,433981399999993	1,750126587	1,00128912288872	89,1693374942681
12750	0,433504599999992	1,753280762	1,00141468031057	89,3300434095888
12760	0,434011199999986	1,749985474	1,0013514355424	89,1621477556427
12770	0,432997899999975	1,745942871	1,00157367683965	88,9561762368166
12780	0,432819099999961	1,745811279	1,00142054903141	88,9494715952514
12790	0,433236299999976	1,748731934	1,00149850960708	89,0982796148163
12800	0,434190000000001	1,750106812	1,00122643718922	89,1683299536353
12810	0,435143699999969	1,760166016	1,00163151894422	89,6808486268915
12820	0,434666899999968	1,755165161	1,0015108051173	89,4260539562847
12830	0,434517799999981	1,754136963	1,00138888014161	89,3736670403016
12840	0,432997899999975	1,748301147	1,00138608579839	89,0763309216895
12850	0,434011199999986	1,750973267	1,00140368996066	89,2124760279207
12860	0,434011199999986	1,75043396	1,0013831044322	89,1849982167423
12870	0,432372100000009	1,745195801	1,00154079680109	88,9181128547409
12880	0,432372100000009	1,74355481	1,00137788879158	88,8345039995924
12890	0,431746199999964	1,73974646	1,00132395816744	88,6404677230346
12900	0,432282699999973	1,742368042	1,00145910976771	88,7740379069649
12910	0,432372100000009	1,743191406	1,00133336632301	88,8159884852499
12920	0,432759499999975	1,7445354	1,00148379279945	88,884465277424
12930	0,432342300000016	1,738485718	1,00133047896837	88,576232638712
12940	0,431626999999992	1,734963989	1,00121339658748	88,396799765629
12950	0,432163500000001	1,738705078	1,00147578281561	88,5874090793295
12960	0,43225289999998	1,741161011	1,00148761226859	88,7125394099964
12970	0,431746199999964	1,736621216	1,00155067001379	88,4812358485759
12980	0,434845699999983	1,753398804	1,00146674770586	89,3360576756509
12990	0,433593999999971	1,746053589	1,00144662923476	88,9618173434554
13000	0,434309199999973	1,748882813	1,00158653041841	89,1059669333062
13010	0,433772799999986	1,745956177	1,00136494220139	88,9568541804657
13020	0,434845699999983	1,753982422	1,00138077614622	89,3657931421002
13030	0,432819099999961	1,746011963	1,00155793590623	88,9596964895297
13040	0,431865399999992	1,737072144	1,00135600010305	88,5042107301167
13050	0,431537600000013	1,733358887	1,00118666530416	88,3150194629847
13060	0,431954799999971	1,734485229	1,00145612940164	88,3724068375197
13070	0,431686599999978	1,733333374	1,00126676814296	88,3137195699801
13080	0,431924999999978	1,735302612	1,00125410058704	88,4140526825292
13090	0,433415200000013	1,739830322	1,0011589078948	88,6447405105212
13100	0,434338999999966	1,748459351	1,00128567646541	89,0843914505528
13110	0,433742999999993	1,747364746	1,00126397379973	89,0286210832017
13120	0,433862199999965	1,744435791	1,0012427371913	88,8793901767973
13130	0,434577499999989	1,753092896	1,0016069289239	89,3204715952514
13140	0,434726500000011	1,751966553	1,00132442422468	89,2630841697661
13150	0,434845699999983	1,753076172	1,00163980896246	89,3196195037448
13160	0,433445000000006	1,743950684	1,00134482273017	88,8546738676313
13170	0,433415200000013	1,741775513	1,0014890094402	88,7438484230907
13180	0,43481589999999	1,754841309	1,00131455101198	89,4095536251083
13190	0,434994700000004	1,752718506	1,00132926781961	89,3013963417741
13200	0,435143699999969	1,754362305	1,00137583953987	89,3851482651449
13210	0,435262899999998	1,755196167	1,00141970992834	89,4276337188567
13220	0,434607299999982	1,750541382	1,00153930661805	89,1904713914506
13230	0,435829099999978	1,761630859	1,00151453057488	89,7554827023998
13240	0,435471500000006	1,759794189	1,00147969529617	89,6619039588322
13250	0,433325799999977	1,748754883	1,00115555448291	89,0994488714526
13260	0,43481589999999	1,752108643	1,00131427197771	89,270323686758
13270	0,434756300000004	1,753244019	1,00145929679068	89,3281713455954
13280	0,435680100000013	1,761830811	1,00151071210587	89,7656703011158
13290	0,43538209999997	1,759154419	1,00122541306343	89,6293075355378
13300	0,436246400000016	1,765449585	1,00137276616238	89,9500476384572
13310	0,435888799999987	1,765466797	1,00146414038561	89,950924593672
13320	0,43538209999997	1,760974365	1,0010958501496	89,7220341875987
13330	0,435590699999977	1,760987793	1,00140555218939	89,7227183471748
13340	0,435411899999963	1,760552979	1,00142865202668	89,7005644775055
13350	0,435411899999963	1,759277344	1,00134472971875	89,6355705915321
13360	0,435560899999984	1,759963135	1,00149003356599	89,6705117949763
13370	0,43538209999997	1,761973999	1,00140042956019	89,7729657614511
13380	0,43538209999997	1,758568726	1,00123398211594	89,5994663473786
13390	0,435888799999987	1,76176709	1,0012168430108	89,7624237020431
13400	0,435471500000006	1,763050049	1,00139782123982	89,8277907474398
13410	0,435739699999999	1,763265747	1,00130914834839	89,8387806083456
13420	0,436246400000016	1,768783447	1,00136075068655	90,1199086462526
13430	0,437319300000013	1,77716394	1,00151695287241	90,5468966220003
13440	0,435739699999999	1,763272461	1,00151201526594	89,8391226881337
13450	0,435888799999987	1,764976685	1,00142716184364	89,9259532786468
13460	0,435978199999965	1,764865723	1,00149776451556	89,9202997401539
13470	0,436127199999987	1,768459229	1,00130085933028	90,1033896672951
13480	0,436216599999966	1,768652466	1,00155430346007	90,1132351352728
13490	0,437468299999978	1,779747681	1,00168060597344	90,6785387985938
13500	0,436991400000011	1,77414563	1,00141244503602	90,3931130585418
13510	0,436574199999995	1,772812012	1,0014910586919	90,3251649258674
13520	0,436395399999981	1,770324219	1,001194675288	90,1984113211392
13530	0,435799299999985	1,764616943	1,00133886199803	89,9076243440159
13540	0,436335799999995	1,770272583	1,00167362011538	90,195780455495
13550	0,434100599999965	1,758390503	1,00120082304311	89,5903858460284
13560	0,433772799999986	1,756436646	1,00148863639438	89,4908363988383
13570	0,434756300000004	1,757705078	1,00154666552193	89,5554632903653
13580	0,434190000000001	1,758726196	1,00140890560128	89,6074894787792
13590	0,433772799999986	1,755062256	1,00139912540001	89,4208109237275
13600	0,435799299999985	1,762968506	1,00144206467411	89,8236361135171
13610	0,435084099999983	1,758321533	1,00131520309208	89,5868718092424
13620	0,435560899999984	1,762352539	1,00142706883222	89,7922524583482
13630	0,433862199999965	1,756164795	1,0013728591738	89,4769855301371
13640	0,433087300000011	1,748722656	1,00150307416773	89,09780689866
13650	0,434905299999969	1,756634888	1,00150838281977	89,5009368726754
13660	0,435233100000005	1,759234009	1,00145212390966	89,6333626636776
13670	0,434666899999968	1,754542725	1,00134938729082	89,3943407041321
13680	0,43481589999999	1,759887817	1,00170789732555	89,6666743261833
13690	0,434011199999986	1,754390137	1,00144169262841	89,3865663117135
13700	0,435322499999984	1,761421387	1,00140238580047	89,7448100575737
13710	0,434190000000001	1,754557373	1,00128800475139	89,3950870229785
13720	0,435262899999998	1,760825073	1,00135134253098	89,7144277271106
13730	0,435173499999962	1,761150635	1,00134193537552	89,7310151831661
13740	0,434249599999987	1,758139771	1,00133243520865	89,5776109950578
13750	0,434338999999966	1,758870605	1,00147419962115	89,6148471493351
13760	0,435233100000005	1,759207153	1,00139884636573	89,6319943445254
13770	0,433564199999978	1,752735474	1,00133420442595	89,3022608651348
13780	0,434935099999961	1,759171997	1,00162434706332	89,6302031385337
13790	0,433325799999977	1,751754272	1,00155961211212	89,2522684057676
13800	0,434160200000008	1,755549683	1,00143833921652	89,4456454374076
13810	0,433027699999968	1,74956189	1,00132712555648	89,1405660569624
13820	0,433921800000007	1,754972778	1,00138096216907	89,4162519997962
13830	0,433593999999971	1,751465698	1,0015806626977	89,2375654965099
13840	0,43481589999999	1,755611206	1,0014988826529	89,4487800478932
13850	0,434994700000004	1,757402832	1,00141058180716	89,5400637896775
13860	0,433087300000011	1,750957764	1,00136997181916	89,2116861466347
13870	0,432938299999989	1,746682373	1,00127272987522	88,993854027615
13880	0,434011199999986	1,755054321	1,00121097529008	89,4204066337189
13890	0,433653600000014	1,752115112	1,00149236285209	89,2706532837418
13900	0,435411899999963	1,758815552	1,00149394604655	89,6120421867835
13910	0,433772799999986	1,75240625	1,00143545186188	89,2854868293677
13920	0,432759499999975	1,748911987	1,00136550026993	89,1074533550721
13930	0,433593999999971	1,748713501	1,00126425383413	89,097340449381
13940	0,434756300000004	1,753031494	1,00115136296808	89,3173431497427
13950	0,435501299999999	1,759242065	1,0017278297738	89,6337731186631
13960	0,43335559999997	1,750064697	1,00123631040192	89,1661841850512
13970	0,433683400000007	1,752148682	1,00161419481635	89,272363682682
13980	0,435173499999962	1,756928345	1,00124795383205	89,5158885718653
13990	0,435411899999963	1,759634888	1,00135292672556	89,6537875375758
14000	0,433683400000007	1,754230713	1,00139689012545	89,3784436235798
14010	0,434607299999982	1,755356812	1,00137425634541	89,435818617211
14020	0,433236299999976	1,749526367	1,00120687678668	89,1387561522393
14030	0,43258069999996	1,744356445	1,00142278430596	88,8753474805115
14040	0,43591859999998	1,761560425	1,00140042956019	89,7518940744892
14050	0,434607299999982	1,75636377	1,00151341243755	89,4871233504866
14060	0,433117100000004	1,750609619	1,00147242940372	89,1939480817242
14070	0,434607299999982	1,756321533	1,00136866765897	89,4849713659755
14080	0,434160200000008	1,755995483	1,00168684673997	89,4683590462119
14090	0,433564199999978	1,750110229	1,00120277828327	89,1685040505426
14100	0,43317669999999	1,747748657	1,00134342555856	89,0481814337392
14110	0,43481589999999	1,752240112	1,00134938729082	89,277022061446
14120	0,435739699999999	1,762974121	1,00173891413526	89,8239221990116
14130	0,435471500000006	1,762158936	1,00168973409462	89,7823883425893
14140	0,434309199999973	1,752937012	1,0013057029252	89,3125292709023
14150	0,434249599999987	1,757512329	1,00139661109118	89,5456426860957
14160	0,432908499999996	1,747524658	1,00139251258777	89,0367686350436
14170	0,433087300000011	1,749427124	1,00146311525969	89,1336996993937
14180	0,43335559999997	1,749422607	1,00154275304137	89,1334695572426
14190	0,432342300000016	1,7408125	1,00160599780954	88,6947826973047
14200	0,433087300000011	1,742795166	1,00148835736011	88,7957999694299
14210	0,433683400000007	1,746301147	1,00146861093471	88,9744304784226
14220	0,432699899999989	1,739546997	1,0015782414003	88,6303050389769
14230	0,433981399999993	1,745466064	1,00194532048754	88,9318828144903
14240	0,432759499999975	1,741154663	1,001406949361	88,7122159779895
14250	0,432372100000009	1,739397705	1,00161130646158	88,6226985784888
14260	0,434070799999972	1,745150757	1,00156249946676	88,9158178529577
14270	0,432759499999975	1,738644165	1,00157097550785	88,5843055484791
14280	0,43481589999999	1,749703125	1,00156259247819	89,1477620115148
14290	0,434517799999981	1,748956909	1,00158084872055	89,1097421409283
14300	0,434011199999986	1,745726196	1,00125894418196	88,9451365975442
14310	0,435262899999998	1,755636475	1,00140806749834	89,4500675090437
14320	0,434607299999982	1,75339624	1,00156259247819	89,3359270392826
14330	0,433742999999993	1,750361938	1,00140434204075	89,1813286798798
14340	0,432819099999961	1,743064941	1,0015970557112	88,809545065471
14350	0,431865399999992	1,736195068	1,00129117214043	88,4595235135273
14360	0,434726500000011	1,749950684	1,0014573405504	89,1603751974321
14370	0,433325799999977	1,746299683	1,00165070630095	88,9743558872981
14380	0,432819099999961	1,743792969	1,00147056717499	88,8466382534264
14390	0,432431699999995	1,739766968	1,00145398713851	88,6415126101799
14400	0,432759499999975	1,741759888	1,00144076051393	88,7430523258776
14410	0,43201449999998	1,735197144	1,00154936685372	88,4086790645539
14420	0,43225289999998	1,736978882	1,00119094983042	88,4994590105467
14430	0,433593999999971	1,743333984	1,0014191518598	88,82325286595
14440	0,432491299999981	1,740878174	1,00171497619503	88,6981288021603
14450	0,431746199999964	1,731724854	1,00126108644509	88,2317651194783
14460	0,432670099999996	1,741207153	1,00156901926757	88,714890355123
14470	0,432342300000016	1,73750293	1,00122476098334	88,5261593722933
14480	0,43284890000001	1,738035767	1,00142175918005	88,5533075355378
14490	0,434666899999968	1,749889648	1,00143955036529	89,1572653997045
14500	0,434338999999966	1,747749634	1,00148668115422	89,0482312121058
14510	0,432342300000016	1,740108154	1,00145696750458	88,6588961124981
14520	0,432193299999994	1,740062256	1,00132377214459	88,6565575992256
14530	0,431865399999992	1,735526367	1,00125885117054	88,4254530493708
14540	0,431626999999992	1,735224609	1,00130020725018	88,4100784123911
14550	0,431865399999992	1,734388672	1,00134966632509	88,3674872369695
14560	0,432342300000016	1,740614868	1,00143023522113	88,6847133031029
14570	0,432193299999994	1,737151978	1,00161792027394	88,5082782901106
14580	0,43201449999998	1,736907837	1,00159817384854	88,4958392520507
14590	0,431835599999999	1,73446106	1,00153809646941	88,3711754216131
14600	0,432282699999973	1,737481689	1,00152365869607	88,5250771386356
14610	0,43258069999996	1,734837158	1,00144243771993	88,390337698069
14620	0,433415200000013	1,742657471	1,00140564520082	88,7887843786621
14630	0,433445000000006	1,743822021	1,00143731409061	88,8481184592653
14640	0,433325799999977	1,744097168	1,00138021707755	88,8621372598971
14650	0,432819099999961	1,739752563	1,00138422256954	88,6407786722372
14660	0,434190000000001	1,748486816	1,00171534824073	89,08579079839
14670	0,433564199999978	1,742365112	1,00148984754314	88,7738886228155
14680	0,434487999999988	1,751026367	1,00134053820391	89,2151814846895
14690	0,433981399999993	1,746293213	1,00175996472084	88,9740262393641
14700	0,431686599999978	1,734808594	1,00141160693308	88,3888823559383
14710	0,431597199999999	1,732532104	1,00134230842134	88,2728946858919
14720	0,433027699999968	1,743459473	1,00129731989554	88,8296465583125
14730	0,434011199999986	1,745669556	1,00120892603838	88,9422507769909
14740	0,434338999999966	1,750274048	1,00132638046496	89,1768506649004
14750	0,43225289999998	1,739309692	1,00124450740873	88,6182142966322
14760	0,434309199999973	1,7470896	1,00132293404165	89,0146023335202
14770	0,434607299999982	1,750361816	1,00137583953987	89,1813224639527
14780	0,434190000000001	1,752173828	1,00128604951123	89,2736448769552
14790	0,43317669999999	1,749978882	1,00150344621343	89,1618118917817
14800	0,433117100000004	1,745653564	1,0012859564998	88,9414359810465
14810	0,434309199999973	1,748586182	1,00132526232762	89,0908535181128
14820	0,431924999999978	1,738126465	1,0012746861155	88,5579286187395
14830	0,433742999999993	1,743863403	1,00138394353526	88,8502268813369
14840	0,434398600000009	1,751272217	1,00127962272185	89,227707596678
14850	0,434249599999987	1,749892944	1,00142753488946	89,157433331635
14860	0,433832399999972	1,746263916	1,00148835736011	88,9725335507209
14870	0,433236299999976	1,74594519	1,00120072903157	88,9562943903806
14880	0,434309199999973	1,749124878	1,00141542540209	89,1183001987059
14890	0,433087300000011	1,7452052	1,0012505611523	88,9185917358741
14900	0,434160200000008	1,747954956	1,00143610394197	89,058692413512
14910	0,434070799999972	1,748337036	1,00152319263882	89,0781594741937
14920	0,433981399999993	1,748644653	1,00156073024945	89,0938326285219
14930	0,432521099999974	1,741975464	1,00150922192284	88,7540359708565
14940	0,434190000000001	1,747549683	1,00151984022705	89,0380436643399
14950	0,434190000000001	1,747173828	1,00143200543857	89,0188937687879
14960	0,434428400000002	1,749261475	1,00149646035537	89,1252598461303
14970	0,435411899999963	1,757898193	1,00143004919829	89,5653025424161
14980	0,43505429999999	1,758130371	1,0013272185679	89,5771320629745
14990	0,435173499999962	1,761725708	1,00139754220555	89,7603152799715
15000	0,435262899999998	1,761074707	1,00164102011122	89,7271466347379
15010	0,433921800000007	1,755500488	1,00139689012545	89,4431389412544
15020	0,433027699999968	1,748565308	1,0014144012763	89,0897899831864
15030	0,434845699999983	1,756965698	1,00152505586768	89,517791715494
15040	0,435501299999999	1,759743652	1,00152747716508	89,6593290874815
15050	0,435590699999977	1,762136475	1,00149497017234	89,7812439496612
15060	0,435888799999987	1,766317017	1,00164949615231	89,9942434911092
15070	0,43591859999998	1,764792236	1,00140285085759	89,9165555612167
15080	0,434190000000001	1,757989624	1,00138748297	89,5699609721302
15090	0,434607299999982	1,754553955	1,00128297513361	89,394912875121
15100	0,435084099999983	1,75903125	1,00157227966804	89,6230320476894
15110	0,434577499999989	1,75491394	1,0013101734743	89,4132541906557
15120	0,434428400000002	1,756208984	1,00116524167276	89,4792369694808
15130	0,434726500000011	1,75541272	1,0013973561827	89,4386671422021
15140	0,434905299999969	1,755569458	1,00147373356391	89,4466529780405
15150	0,434726500000011	1,75620166	1,00148975453172	89,4788638100576
15160	0,434517799999981	1,752984253	1,00127449909252	89,3149362103225
15170	0,433832399999972	1,753488037	1,00162434706332	89,3406041167779
15180	0,434011199999986	1,753744873	1,00154079680109	89,3536899679014
15190	0,433921800000007	1,747932739	1,00136289294968	89,057560452438
15200	0,435829099999978	1,760736084	1,00148761226859	89,7098937178377
15210	0,43505429999999	1,755683716	1,00140080260601	89,4524744484639
15220	0,434607299999982	1,75368811	1,00140825352119	89,3507978804708
15230	0,433445000000006	1,750107178	1,00139102240474	89,1683486014164
15240	0,433742999999993	1,751513062	1,00150083889318	89,2399787028074
15250	0,434935099999961	1,754733154	1,0014379661707	89,4040431038875
15260	0,436067600000001	1,767092896	1,00136382406405	90,0337746981199
15270	0,434577499999989	1,754726196	1,00138701691276	89,4036885922454
15280	0,43481589999999	1,754886353	1,00116896713034	89,4118486268915
15290	0,434726500000011	1,754775879	1,0012137696333	89,4062199521068
15300	0,435650299999963	1,761385132	1,00134016515809	89,7429628572884
15310	0,435978199999965	1,7644646	1,00131231573743	89,8998624344016
15320	0,435322499999984	1,762432739	1,00154703756762	89,7963386661232
15330	0,434190000000001	1,756313232	1,00148267566224	89,4845484281857
15340	0,434845699999983	1,756270874	1,00140518014369	89,4823902786977
15350	0,434517799999981	1,751960083	1,00111159108301	89,2627545218322
15360	0,434160200000008	1,752486816	1,00148779829144	89,2895916849238
15370	0,433593999999971	1,752102783	1,00152030528418	89,2700251184593
15380	0,43335559999997	1,751467041	1,0012941525065	89,2376339226576
15390	0,434517799999981	1,753969238	1,00129834402133	89,3651214143782
15400	0,433445000000006	1,750962891	1,00155914605487	89,2119473684211
15410	0,434249599999987	1,751224731	1,0013609367094	89,2252881744536
15420	0,433593999999971	1,751313721	1,00124525250025	89,2298222346767
15430	0,433027699999968	1,746433105	1,0014818375593	88,9811537677689
15440	0,432819099999961	1,74670459	1,00158923175021	88,9949859886891
15450	0,43261050000001	1,744735718	1,00139241957635	88,8946715239211
15460	0,433862199999965	1,751001953	1,00136475517841	89,2139375859785
15470	0,434011199999986	1,748902344	1,00139586599966	89,1069620420849
15480	0,434190000000001	1,754039795	1,00161028233579	89,3687163091659
15490	0,433593999999971	1,752783447	1,00113701920628	89,3047051001172
15500	0,434666899999968	1,755299683	1,0012764553328	89,4329078819993
15510	0,434160200000008	1,752687988	1,00144057449108	89,2998414429103
15520	0,434726500000011	1,755266602	1,00168675372855	89,4312223977174
15530	0,433921800000007	1,750504517	1,00140788147549	89,18859311153
15540	0,43261050000001	1,745421021	1,00132237497298	88,9295878636572
15550	0,432670099999996	1,744878052	1,00137481541408	88,9019234727671
15560	0,43317669999999	1,748199585	1,0012651849485	89,07115631528
15570	0,433504599999992	1,750846436	1,00165666803321	89,2060139603607
15580	0,433087300000011	1,747030396	1,00107899107885	89,0115858765986
15590	0,43284890000001	1,746618896	1,0013155761379	88,9906198603964
15600	0,433862199999965	1,749149902	1,00153884156093	89,119575177052
15610	0,432431699999995	1,744166138	1,00150288814488	88,8656512966832
15620	0,433772799999986	1,74978064	1,00146823788889	89,1517114179447
15630	0,432699899999989	1,742954102	1,00122690324647	88,8038977938554
15640	0,432163500000001	1,740132813	1,00167632144718	88,6601524940133
15650	0,43258069999996	1,742514771	1,00128260308791	88,7815137820349
15660	0,43261050000001	1,743125366	1,00140229278905	88,8126237326132
15670	0,43261050000001	1,742952515	1,00134612689036	88,8038169358537
15680	0,434726500000011	1,752540039	1,00133345933444	89,2923034085698
15690	0,434994700000004	1,757185303	1,00152160944436	89,5289806389158
15700	0,433415200000013	1,749954834	1,0014624631796	89,1605866408519
15710	0,435233100000005	1,757993164	1,00144644221179	89,5701413359148
15720	0,434935099999961	1,759871826	1,00156790213036	89,6658595811892
15730	0,435173499999962	1,759647461	1,00150111792745	89,6544281347124
15740	0,43284890000001	1,748515503	1,00141300410469	89,087252407398
15750	0,433653600000014	1,751572998	1,00151294738043	89,2430324552912
15760	0,433445000000006	1,751196411	1,0015469445562	89,2238452641769
15770	0,43201449999998	1,740702759	1,00135050442804	88,6891913690325
15780	0,432342300000016	1,73890625	1,00135218163404	88,5976588373159
15790	0,432908499999996	1,742317749	1,00144504504018	88,7714754674683
15800	0,434309199999973	1,747459839	1,00138133521489	89,0334660926275
15810	0,431865399999992	1,737122314	1,00139362972499	88,506766902736
15820	0,432431699999995	1,742786255	1,00151276135758	88,7953459520049
15830	0,43201449999998	1,739920654	1,00138710992418	88,6493429459418
15840	0,432431699999995	1,74239209	1,00154228698412	88,7752631578947
15850	0,433087300000011	1,745054321	1,00127272987522	88,9109044173842
15860	0,432938299999989	1,745953735	1,00156268548961	88,9567297600245
15870	0,434905299999969	1,752383301	1,00122038244554	89,2843175727315
15880	0,433921800000007	1,746476318	1,001260434365	88,9833554796963
15890	0,433325799999977	1,748607666	1,0012113483359	89,0919481326744
15900	0,434607299999982	1,751181152	1,001358515412	89,223067814745
15910	0,435262899999998	1,75740625	1,00147969529617	89,540237937535
15920	0,435262899999998	1,757459839	1,00149674038977	89,5429683089622
15930	0,432491299999981	1,744747681	1,00154461627022	88,8952810414225
15940	0,432431699999995	1,743570679	1,00148584205116	88,8353125286595
15950	0,432372100000009	1,743158325	1,00156203440964	88,8143030009681
15960	0,432670099999996	1,740435791	1,00147615586143	88,6755892902634
15970	0,434100599999965	1,746636963	1,0013350425289	88,9915403780507
15980	0,432431699999995	1,73846936	1,00158718249851	88,5753991949865
15990	0,432938299999989	1,741446899	1,00137583953987	88,7271054669588
16000	0,433504599999992	1,743602905	1,00144327582287	88,8369544505019
16010	0,434398600000009	1,749920776	1,00147308148382	89,1588513782035
16020	0,432521099999974	1,742490479	1,00135069045088	88,780276099251
16030	0,431924999999978	1,737841919	1,0013272185679	88,5434309369746
16040	0,431626999999992	1,735290039	1,00133718479202	88,4134120853926
16050	0,430881999999997	1,728345093	1,00140890560128	88,0595655474601
16060	0,431090600000005	1,731087524	1,00139912540001	88,1992930147246
16070	0,431418399999984	1,730754639	1,00141998996274	88,1823324501962
16080	0,43258069999996	1,739168213	1,00125158627821	88,6110059102257
16090	0,431865399999992	1,735176636	1,00139316466787	88,4076341774087
16100	0,431865399999992	1,735803223	1,00154470928165	88,4395589239313
16110	0,432997899999975	1,741000854	1,00127924967602	88,7043793753503
16120	0,433832399999972	1,744795044	1,00150409829352	88,8976941967698
16130	0,431865399999992	1,738770264	1,0013683886247	88,5907303204769
16140	0,431686599999978	1,734780518	1,00138412955811	88,3874518775157
16150	0,43335559999997	1,742424316	1,00179880549154	88,7769050797371
16160	0,434309199999973	1,747604858	1,00151928115839	89,0408548428186
16170	0,433117100000004	1,743289795	1,00156864722187	88,8210014266062
16180	0,432670099999996	1,742225342	1,00123575133325	88,7667673103378
16190	0,431537600000013	1,734909424	1,00152794322232	88,3940196667856
16200	0,433266099999969	1,740883789	1,00125959626205	88,6984148876548
16210	0,433087300000011	1,743598633	1,00147662091855	88,836736791155
16220	0,433117100000004	1,739201294	1,00131278179468	88,6126913945076
16230	0,433236299999976	1,743499512	1,00151061909445	88,8316865542365
16240	0,434190000000001	1,747286743	1,00160627684381	89,0246468130637
16250	0,433027699999968	1,743995483	1,00138198729498	88,8569563866103
16260	0,433445000000006	1,74241394	1,0014310743242	88,7763764202374
16270	0,433445000000006	1,740247314	1,00141998996274	88,6659863453406
16280	0,434935099999961	1,754746582	1,00158215288073	89,4047272634636
16290	0,433445000000006	1,74394165	1,00171702544673	88,8542135833291
16300	0,434011199999986	1,747213501	1,00139130143901	89,0209151169308
16310	0,43538209999997	1,755299805	1,00129657480402	89,4329140979263
16320	0,434160200000008	1,747734863	1,0012746861155	89,047478626382
16330	0,434338999999966	1,750156494	1,00130253553616	89,1708612625465
16340	0,434726500000011	1,753511353	1,00139819428564	89,3417920721455
16350	0,434726500000011	1,755875366	1,00147391958676	89,4622390584399
16360	0,43481589999999	1,756973022	1,0014310743242	89,5181648749172
16370	0,435560899999984	1,762968384	1,0014478393834	89,8236298975901
16380	0,435560899999984	1,760960205	1,00138971824455	89,7213127324604
16390	0,434935099999961	1,755707642	1,00128558345398	89,4536934834667
16400	0,434994700000004	1,755915771	1,00148547000546	89,464297702145
16410	0,434994700000004	1,754659912	1,00145473223003	89,4003114077546
16420	0,434607299999982	1,752873047	1,00146786584319	89,3092702399755
16430	0,434070799999972	1,752648193	1,00137043687628	89,2978138788404
16440	0,43505429999999	1,753433716	1,00124683569471	89,3378364497886
16450	0,435501299999999	1,757287598	1,00127449909252	89,5341925918378
16460	0,434994700000004	1,754748047	1,00145575735594	89,4048019055383
16470	0,43505429999999	1,7562229	1,00160776702684	89,4799459927651
16480	0,435471500000006	1,759177246	1,00159509947093	89,630470576247
16490	0,434935099999961	1,753999146	1,00137807481443	89,3666452336068
16500	0,434428400000002	1,749440674	1,00133560159757	89,1343900748968
16510	0,434994700000004	1,754833984	1,00147056717499	89,4091804147348
16520	0,435501299999999	1,758819702	1,00131743836663	89,6122536302033
16530	0,434994700000004	1,756036743	1,00133802289497	89,4704612523564
16540	0,436008000000015	1,759351929	1,00138189428356	89,6393707138126
16550	0,43538209999997	1,755471191	1,00146218414533	89,4416462526112
16560	0,435471500000006	1,758643555	1,00148863639438	89,6032789015132
16570	0,436067600000001	1,764000977	1,00183755325081	89,8762407397972
16580	0,43538209999997	1,757646729	1,00149459812664	89,5524903958832
16590	0,435590699999977	1,758406372	1,00137379028817	89,5911943750955
16600	0,434756300000004	1,752933838	1,00122690324647	89,3123675548989
16610	0,435233100000005	1,755673584	1,00130272155901	89,4519582208183
16620	0,434726500000011	1,750473022	1,00138096216907	89,1869884342997
16630	0,435084099999983	1,755937134	1,00126201855958	89,4653861517298
16640	0,435739699999999	1,759952026	1,00172587353352	89,6699457889642
16650	0,435411899999963	1,756674927	1,00132414519041	89,5029768685994
16660	0,43591859999998	1,760198853	1,00121842720538	89,6825216793193
16670	0,435560899999984	1,760093872	1,00163040180701	89,677172874102
16680	0,434607299999982	1,752820313	1,00138077614622	89,3065834309879
16690	0,435739699999999	1,757377441	1,00138152123774	89,5387701126
16700	0,435590699999977	1,759359375	1,00133122405989	89,6397500891629
16710	0,436246400000016	1,763649658	1,00144159961699	89,8583409588832
16720	0,435888799999987	1,761440796	1,00132945384245	89,7457989504254
16730	0,435829099999978	1,764552368	1,00152021227275	89,9043342334539
16740	0,436127199999987	1,76623999	1,00137304519665	89,9903189483874
16750	0,435650299999963	1,764011963	1,0014604139279	89,8768004789321
16760	0,436901999999975	1,771807007	1,00152524189052	90,2739596983747
16770	0,436008000000015	1,765999878	1,00132349311032	89,9780851887706
16780	0,436067600000001	1,764498169	1,00131147763449	89,9015727823916
16790	0,436246400000016	1,765959595	1,00149459812664	89,9760327609925
16800	0,436306000000002	1,765150879	1,00139474786233	89,934828501554
16810	0,436246400000016	1,765482056	1,0014672137631	89,9517020431039
16820	0,434845699999983	1,759610596	1,0011977486655	89,6525498547919
16830	0,436335799999995	1,765031738	1,00132433121326	89,9287582411984
16840	0,435501299999999	1,760314453	1,00166495805145	89,6884115249401
16850	0,43505429999999	1,759107056	1,00136168180092	89,6268943801906
16860	0,435471500000006	1,760946777	1,00153185570288	89,7206285728843
16870	0,436067600000001	1,763255981	1,00137956499746	89,8382830284812
16880	0,436901999999975	1,773060791	1,00135674519457	90,3378402710552
16890	0,434666899999968	1,759671631	1,001491710772	89,6556596015693
16900	0,436246400000016	1,766918091	1,00148817133726	90,0248683446273
16910	0,434190000000001	1,757841309	1,00139484087375	89,5624042900087
16920	0,434338999999966	1,757588257	1,00152561493634	89,5495112345239
16930	0,434726500000011	1,755386841	1,001445418086	89,4373486014164
16940	0,435829099999978	1,765046021	1,00139204653053	89,9294859632139
16950	0,434726500000011	1,756656372	1,00131389893189	89,502031487237
16960	0,435739699999999	1,763048096	1,00170407785642	89,8276912416569
16970	0,435262899999998	1,761596436	1,00154461627022	89,7537288429205
16980	0,433772799999986	1,754943604	1,00142865202668	89,4147655780303
16990	0,434100599999965	1,757894897	1,00142054903141	89,5651346104856
17000	0,435411899999963	1,760866577	1,00135553404581	89,7165423651093
17010	0,434160200000008	1,756279297	1,00126919044048	89,4828194324145
17020	0,435143699999969	1,758879883	1,00144131958259	89,6153198654914
17030	0,435262899999998	1,759865601	1,00134985234794	89,6655424160595
17040	0,433742999999993	1,754702759	1,00148360677661	89,402494471901
17050	0,43538209999997	1,759968872	1,00154703756762	89,6708040963978
17060	0,433832399999972	1,754010498	1,00170407785642	89,3672236205228
17070	0,434487999999988	1,752304199	1,00139698313688	89,2802873082998
17080	0,435173499999962	1,756907959	1,00132638046496	89,5148499006471
17090	0,435173499999962	1,757160522	1,0014361969534	89,5277180414735
17100	0,434935099999961	1,754881714	1,00141319012754	89,4116122688134
17110	0,433862199999965	1,754487549	1,00135730426324	89,3915294747032
17120	0,435590699999977	1,760344971	1,00165089332392	89,689966423804
17130	0,433445000000006	1,751557251	1,00136196083519	89,2422301421511
17140	0,434309199999973	1,755118042	1,00145678148173	89,4236532327916
17150	0,434756300000004	1,756190918	1,00126574401716	89,4783165027768
17160	0,433415200000013	1,749778076	1,00138496766105	89,1515807815764
17170	0,433087300000011	1,747930786	1,00148081243338	89,0574609466551
17180	0,432908499999996	1,746331299	1,00154554738459	88,9759667295053
17190	0,432819099999961	1,744580933	1,00140191974323	88,8867851938656
17200	0,433772799999986	1,749103882	1,00123472720746	89,1172304478524
17210	0,432819099999961	1,742500488	1,0012937804608	88,7807860600194
17220	0,432759499999975	1,744297363	1,00138766899285	88,872337239517
17230	0,433027699999968	1,74460498	1,00144113355975	88,8880103938452
17240	0,432431699999995	1,742791748	1,00143396167884	88,7956258215723
17250	0,43538209999997	1,75814209	1,00178129434069	89,5777291486218
17260	0,433445000000006	1,749675903	1,0013463129132	89,1463750445814
17270	0,43317669999999	1,746925659	1,00144858447492	89,0062495032353
17280	0,43317669999999	1,747771606	1,00118284583503	89,0493506903755
17290	0,434845699999983	1,753451172	1,00160953724427	89,3387258368574
17300	0,43261050000001	1,745496216	1,00138431558096	88,9334190655729
17310	0,432938299999989	1,74528772	1,00140890560128	88,9227961481633
17320	0,434577499999989	1,749967285	1,00115434433427	89,1612210220615
17330	0,434338999999966	1,751046143	1,00126658212011	89,2161890762725
17340	0,432938299999989	1,745347778	1,00128502438532	88,9258561165741
17350	0,433653600000014	1,749381104	1,00145892374486	89,1313549701941
17360	0,433415200000013	1,749196533	1,00145603639022	89,121951036837
17370	0,434726500000011	1,753456787	1,00144262374278	89,3390119223519
17380	0,434338999999966	1,751213745	1,00147587582704	89,2247284353187
17390	0,432819099999961	1,745309692	1,00150288814488	88,923915626433
17400	0,434994700000004	1,755043823	1,00150409829352	89,4198717582921
17410	0,432699899999989	1,744861328	1,00124888494641	88,9010713812605
17420	0,43481589999999	1,753543213	1,00143386866742	89,3434153462068
17430	0,432938299999989	1,746312744	1,00164791195773	88,9750213481429
17440	0,432282699999973	1,740776367	1,00116542769561	88,6929417129464
17450	0,432819099999961	1,744258301	1,00120231322615	88,8703470219595
17460	0,434070799999972	1,748200439	1,00151630079232	89,0711998267693
17470	0,434100599999965	1,748252563	1,00135460293144	89,0738555561217
17480	0,434309199999973	1,751629028	1,00139512090815	89,2458871962093
17490	0,434011199999986	1,750149414	1,00141766167676	89,1705005349773
17500	0,433266099999969	1,746918091	1,00155570063168	89,005863911958
17510	0,434249599999987	1,750330933	1,00140313089199	89,179748968258
17520	0,434726500000011	1,753752441	1,00148146451348	89,3540755591787
17530	0,434011199999986	1,75001123	1,00143275053008	89,1634600295511
17540	0,43284890000001	1,745836426	1,00153222774858	88,9507528404749
17550	0,432908499999996	1,746349365	1,0014961813211	88,9768871962093
17560	0,432759499999975	1,745474365	1,00159649664254	88,93230575228
17570	0,432819099999961	1,744145386	1,00148202358215	88,8645939776838
17580	0,431835599999999	1,735281494	1,00133960708955	88,4129767157487
17590	0,431954799999971	1,734150879	1,00170286670766	88,3553716309166
17600	0,432074099999966	1,736774902	1,00130831024545	88,4890661843379
17610	0,431776000000013	1,734182251	1,0012553117358	88,3569700412697
17620	0,432521099999974	1,738322876	1,00106734764872	88,5679358027207
17630	0,431954799999971	1,735713257	1,00138217331783	88,4349751362919
17640	0,431030999999962	1,727733643	1,00138245335223	88,0284120344424
17650	0,432282699999973	1,738881348	1,00131743836663	88,5963900748968
17660	0,431776000000013	1,734202026	1,00144681525761	88,3579775819025
17670	0,433087300000011	1,737624023	1,00138673787848	88,5323290874815
17680	0,432074099999966	1,736613525	1,0013878550157	88,4808439904214
17690	0,431835599999999	1,734924316	1,00149096568048	88,3947784174861
17700	0,43335559999997	1,741265869	1,00145119279529	88,7178819483365
17710	0,433325799999977	1,740543823	1,00140527315512	88,6810935446069
17720	0,433266099999969	1,743900513	1,00131194269161	88,8521176440618
17730	0,433564199999978	1,743716064	1,00124376231722	88,8427199266317
17740	0,432938299999989	1,741605469	1,00155635171165	88,7351846436032
17750	0,433325799999977	1,74345166	1,00112286146732	88,8292484842309
17760	0,434338999999966	1,745688477	1,00138180127214	88,9432148061344
17770	0,433117100000004	1,743316406	1,00148956850887	88,8223572629541
17780	0,433981399999993	1,74465625	1,00142269129454	88,8906226117084
17790	0,432163500000001	1,737219971	1,00142660277497	88,5117425485301
17800	0,432431699999995	1,737374268	1,00116803601598	88,5196040148775
17810	0,434190000000001	1,745760376	1,00131911557264	88,9468780761196
17820	0,435143699999969	1,756245483	1,00154470928165	89,4810966016202
17830	0,434398600000009	1,751325562	1,00159621760826	89,2304255362511
17840	0,434935099999961	1,754102783	1,00144877149789	89,3719255617262
17850	0,43505429999999	1,755728027	1,00155504855159	89,4547321037347
17860	0,432521099999974	1,74233313	1,00117176147357	88,7722591328272
17870	0,434190000000001	1,748502319	1,00139279162205	89,086580679676
17880	0,434905299999969	1,751352051	1,00143442673597	89,2317751566719
17890	0,433325799999977	1,748909912	1,00133252822007	89,1073476333622
17900	0,434428400000002	1,748530518	1,00126443985698	89,0880174249758
17910	0,435471500000006	1,756552002	1,00152393773034	89,4967138126051
17920	0,434607299999982	1,752396484	1,00140471408645	89,2849892495032
17930	0,433742999999993	1,745325806	1,00124357529425	88,9247366383044
17940	0,434666899999968	1,751381836	1,0014402954568	89,2332927090233
17950	0,434905299999969	1,755148193	1,00152794322232	89,425189432924
17960	0,435501299999999	1,758049805	1,00136233388101	89,5730272074183
17970	0,435888799999987	1,761039429	1,00127449909252	89,7253492128191
17980	0,43505429999999	1,756252808	1,00138431558096	89,4814698119937
17990	0,434607299999982	1,752255371	1,00134687198187	89,2777995108779
18000	0,434309199999973	1,749890015	1,00161130646158	89,1572840984358
18010	0,434398600000009	1,752269775	1,00138981125598	89,2785333978703
18020	0,433862199999965	1,752187622	1,0011899247045	89,2743476843124
18030	0,434756300000004	1,75405127	1,00142026899701	89,3693009629592
18040	0,436335799999995	1,767710815	1,00149469113807	90,0652578081215
18050	0,435739699999999	1,763025879	1,00143433372454	89,8265592805829
18060	0,436335799999995	1,767142944	1,00154247400709	90,0363246548122
18070	0,435501299999999	1,758889038	1,00131464402341	89,6157863147705
18080	0,436961599999961	1,773285278	1,00177002395638	90,349277933459
18090	0,435262899999998	1,760239746	1,00123966381381	89,6846051867326
18100	0,435471500000006	1,760853882	1,0014768069414	89,7158955520457
18110	0,434994700000004	1,757440918	1,0013609367094	89,5420042798186
18120	0,434666899999968	1,758338745	1,0014484914635	89,5877487644571
18130	0,43505429999999	1,758674194	1,00180122678894	89,6048399653538
18140	0,436008000000015	1,761672607	1,00153809646941	89,7576097722525
18150	0,435501299999999	1,75912561	1,00143284354151	89,6278397106027
18160	0,436306000000002	1,765564453	1,00139605202251	89,9559001885158
18170	0,435084099999983	1,757109863	1,001337371815	89,5251369541957
18180	0,433832399999972	1,753772461	1,00127049460066	89,3550955826158
18190	0,435322499999984	1,758125122	1,00146106600799	89,5768646252611
18200	0,434190000000001	1,751839722	1,00123761456211	89,2566221022062
18210	0,433862199999965	1,754109497	1,00150884887702	89,3722676415142
18220	0,433862199999965	1,751982056	1,0016815370878	89,2638740510521
18230	0,435143699999969	1,757040894	1,00145100677244	89,5216229683599
18240	0,435501299999999	1,759975464	1,00118014450323	89,6711399602588
18250	0,435739699999999	1,760517578	1,00130719310823	89,6987607887094
18260	0,434756300000004	1,755266357	1,0012310947613	89,4312099149131
18270	0,434249599999987	1,753556641	1,00133308628862	89,3440995057829
18280	0,435650299999963	1,759903198	1,00148602907413	89,6674579915423
18290	0,434428400000002	1,752383301	1,00138766899285	89,2843175727315
18300	0,434845699999983	1,755328491	1,00136130975522	89,4343756559841
18310	0,435590699999977	1,763415161	1,00147494471267	89,8463932847608
18320	0,435739699999999	1,761038452	1,00137025085343	89,7252994344526
18330	0,435799299999985	1,760958374	1,00119337112782	89,7212194426046
18340	0,434905299999969	1,755617676	1,0013125947717	89,4491096958272
18350	0,435233100000005	1,757156738	1,00137723671148	89,5275252458348
18360	0,434845699999983	1,755854736	1,00171003958868	89,4611879553676
18370	0,43481589999999	1,755024292	1,00143601093055	89,4188766495134
18380	0,434100599999965	1,75118689	1,00157432891974	89,2233601671167
18390	0,434249599999987	1,750261475	1,00145668847031	89,1762100677638
18400	0,435799299999985	1,759479492	1,00147662091855	89,6458700769348
18410	0,433772799999986	1,752005859	1,00145156584111	89,2650868191777
18420	0,435084099999983	1,756204468	1,00165229049553	89,4790068782799
18430	0,435084099999983	1,756546387	1,00141794071104	89,4964277271106
18440	0,435650299999963	1,758736328	1,00150270112191	89,6080057064248
18450	0,43481589999999	1,753107178	1,00153641926341	89,3211992663168
18460	0,433921800000007	1,751600586	1,00122261872021	89,2444380700056
18470	0,43481589999999	1,752359619	1,00141319012754	89,2831109695827
18480	0,433504599999992	1,748586548	1,00155849397478	89,0908721658939
18490	0,434935099999961	1,752544434	1,00153865453796	89,2925273347939
18500	0,434011199999986	1,751821899	1,0013081242226	89,255714016406
18510	0,434100599999965	1,748793579	1,00123770757353	89,1014204412289
18520	0,433921800000007	1,749921265	1,00125764002177	89,1588762928619
18530	0,434726500000011	1,752140381	1,0014266957864	89,2719407448922
18540	0,434190000000001	1,750533569	1,00127226381797	89,1900733173689
18550	0,433593999999971	1,749311646	1,00164241728283	89,1278160696999
18560	0,435590699999977	1,759781128	1,0015159277465	89,6612384979875
18570	0,434905299999969	1,754317017	1,00169234241499	89,3828408315076
18580	0,434666899999968	1,753999756	1,00134370559296	89,366676313242
18590	0,433593999999971	1,749515991	1,00133820991794	89,1382274927396
18600	0,433862199999965	1,747120605	1,00135879444627	89,0161820451419
18610	0,433415200000013	1,746695679	1,0010546800928	88,9945319712641
18620	0,433683400000007	1,747506348	1,0014764348957	89,0358357364855
18630	0,434249599999987	1,750524902	1,00158895271594	89,189631731798
18640	0,435233100000005	1,757330444	1,00162527817769	89,5363756050339
18650	0,433564199999978	1,750014404	1,00140434204075	89,1636217455546
18660	0,43284890000001	1,746600586	1,00137369727675	88,9896869618383
18670	0,435411899999963	1,756598022	1,00142446051184	89,4990585418047
18680	0,433564199999978	1,750516602	1,00147317449524	89,1892088449585
18690	0,433415200000013	1,749803101	1,00126350874261	89,1528558108728
18700	0,434577499999989	1,751520752	1,00149552924101	89,2403705100117
18710	0,433742999999993	1,749719116	1,00119122886469	89,1485767565089
18720	0,433742999999993	1,752031372	1,0013615887895	89,2663867121822
18730	0,433415200000013	1,748819458	1,00127822555023	89,1027389820146
18740	0,433504599999992	1,749636719	1,00157274572528	89,144378611097
18750	0,433772799999986	1,749112061	1,00147224338087	89,1176471697152
18760	0,434905299999969	1,755990723	1,00132069876709	89,4681165231569
18770	0,43284890000001	1,748019531	1,00141561242506	89,061982524074
18780	0,432521099999974	1,744967896	1,00155924006642	88,9065010444795
18790	0,433504599999992	1,746735596	1,001356838206	88,996565751261
18800	0,433325799999977	1,748476318	1,00144485901733	89,0852559229633
18810	0,433683400000007	1,747424927	1,00133942006658	89,0316873184898
18820	0,43317669999999	1,746980835	1,00167073276074	89,0090607326642
18830	0,432521099999974	1,744716675	1,00150884887702	88,8937012788506
18840	0,433087300000011	1,74485437	1,00143545186188	88,9007168696184
18850	0,433683400000007	1,749604126	1,00150083889318	89,1427179905233
18860	0,433683400000007	1,747079102	1,00130775117678	89,0140674580935
18870	0,43317669999999	1,748918457	1,00142008297416	89,1077830030061
18880	0,434309199999973	1,75217688	1,00147690095295	89,2738003770316
18890	0,432670099999996	1,743575928	1,00124124700827	88,8355799663729
18900	0,432163500000001	1,737369263	1,00140983671565	88,5193490090182
18910	0,433593999999971	1,74292041	1,00146488547712	88,8021811789881
18920	0,433087300000011	1,744169189	1,00137164802504	88,8658067458094
18930	0,433325799999977	1,744169189	1,00149944172157	88,8658067458094
18940	0,431776000000013	1,735699951	1,0014314463699	88,4342971926428
18950	0,433445000000006	1,741380615	1,00153129663421	88,723728282468
18960	0,433325799999977	1,745886597	1,00154936685372	88,9533090640444
18970	0,433921800000007	1,746519897	1,00159333025362	88,9855758394049
18980	0,432908499999996	1,743703125	1,00140769445252	88,842060681714
18990	0,434011199999986	1,745698364	1,00136447614414	88,9437185509757
19000	0,434994700000004	1,752579346	1,00136624636157	89,2943061089316
19010	0,433772799999986	1,749162354	1,00140033654877	89,1202096092118
19020	0,434666899999968	1,750282349	1,00143181941572	89,1772736026902
19030	0,434726500000011	1,752489624	1,00153315986307	89,2897347531462
19040	0,433832399999972	1,746992676	1,00143973638814	89,0096640342386
19050	0,434845699999983	1,751341919	1,00128912288872	89,2312589290263
19060	0,434577499999989	1,750255981	1,00154405720155	89,1759301472461
19070	0,434011199999986	1,746357666	1,00142818596943	88,9773101339991
19080	0,434726500000011	1,752619019	1,00150027982451	89,2963274570744
19090	0,434309199999973	1,748941406	1,00136689744154	89,1089522596423
19100	0,434577499999989	1,751744995	1,00139046333607	89,2517957405615
19110	0,433266099999969	1,7464104	1,00147084620926	88,9799969429867
19120	0,435322499999984	1,756258423	1,00154228698412	89,4817558974882
19130	0,435411899999963	1,755981445	1,00126909742905	89,4676438070006
19140	0,434517799999981	1,748880127	1,00145184487538	89,1058300810109
19150	0,434309199999973	1,747320435	1,00157190762234	89,0263634279309
19160	0,434249599999987	1,747554688	1,00141505335639	89,0382986701992
19170	0,434487999999988	1,748759644	1,00139847331991	89,0996914454578
19180	0,434190000000001	1,745945801	1,00154498831592	88,956325520966
19190	0,435799299999985	1,757884399	1,00123100074975	89,5645997350588
19200	0,43615699999998	1,760614746	1,00158112875494	89,7037115198451
19210	0,435739699999999	1,760688843	1,00138748297	89,7074867784175
19220	0,43538209999997	1,756509277	1,0015588670206	89,4945369643858
19230	0,435411899999963	1,758400269	1,00142092107711	89,5908834258929
19240	0,434607299999982	1,75084729	1,00132200292728	89,20605747185
19250	0,435680100000013	1,757373535	1,00144644221179	89,5385711010343
19260	0,434011199999986	1,751004883	1,00139689012545	89,2140868701279
19270	0,435680100000013	1,759276978	1,00128828478578	89,635551943751
19280	0,436306000000002	1,762084229	1,00148500394822	89,7785820043817
19290	0,435978199999965	1,760170654	1,00144467299448	89,6810849340195
19300	0,434845699999983	1,751765137	1,00140070859447	89,2528219799256
19310	0,435411899999963	1,760189819	1,00125624285016	89,6820613950171
19320	0,436216599999966	1,761580322	1,00143060826695	89,7529078310491
19330	0,435262899999998	1,758009644	1,00158615837272	89,5709809955673
19340	0,436216599999966	1,763786743	1,00146898298041	89,8653254700158
19350	0,435143699999969	1,757448853	1,00145044770377	89,5424085698273
19360	0,43538209999997	1,757403076	1,00149273489779	89,5400762215316
19370	0,435799299999985	1,758424194	1,00132591440772	89,5921024099455
19380	0,434398600000009	1,753379517	1,00159882592863	89,3350749987262
19390	0,434994700000004	1,751788696	1,00145501226443	89,2540223161971
19400	0,435590699999977	1,756428345	1,00139027731322	89,4904134610486
19410	0,435143699999969	1,753613281	1,00146292923684	89,3469853263362
19420	0,435829099999978	1,759421387	1,00150596152237	89,6429096143068
19430	0,435233100000005	1,752599121	1,00118945864726	89,2953136495644
19440	0,436901999999975	1,766373901	1,00143368164445	89,9971417435166
19450	0,43591859999998	1,76197998	1,00136009860646	89,7732704947267
19460	0,437140499999998	1,769080811	1,00154955287657	90,1350594079584
19470	0,437140499999998	1,770478027	1,0016236019718	90,2062478728283
19480	0,43672319999996	1,764881348	1,00133187613998	89,9210958373669
19490	0,43505429999999	1,755242065	1,00141458729915	89,4299722321292
19500	0,435411899999963	1,7562229	1,0014740135983	89,4799459927651
19510	0,436425199999974	1,763977173	1,00150009380166	89,8750279207215
19520	0,435680100000013	1,759267456	1,00138813505009	89,6350667957406
19530	0,435739699999999	1,760201172	1,00138440859239	89,6826398328833
19540	0,435978199999965	1,761363525	1,00143321658733	89,7418619758496
19550	0,436067600000001	1,763307861	1,00151276135758	89,8409263259795
19560	0,436395399999981	1,763968262	1,00134072422676	89,8745739032965
19570	0,436574199999995	1,766402832	1,00155728382614	89,9986157843787
19580	0,435471500000006	1,760244385	1,00136056366358	89,6848415448107
19590	0,43538209999997	1,757324951	1,00147205735802	89,5360957354665
19600	0,435799299999985	1,759946533	1,00134053820391	89,6696659193967
19610	0,435233100000005	1,757188843	1,00120268527184	89,5291610027004
19620	0,436067600000001	1,763469238	1,00148044038769	89,8491485198961
19630	0,435650299999963	1,761093018	1,00128558345398	89,7280795842462
19640	0,433593999999971	1,74952417	1,00133774386069	89,1386442146023
19650	0,435322499999984	1,756194824	1,00141142091023	89,4785155143425
19660	0,434905299999969	1,755796631	1,00163980896246	89,4582274927396
19670	0,435322499999984	1,757901733	1,00152682608511	89,5654829062006
19680	0,434100599999965	1,756711304	1,00165405971284	89,5048302848117
19690	0,434190000000001	1,754167969	1,00134510176444	89,3752468028736
19700	0,434607299999982	1,758520386	1,00126695516593	89,5970034136649
19710	0,433504599999992	1,748874878	1,00149329396645	89,1055626432975
19720	0,433981399999993	1,752252686	1,00133159610558	89,2776627095328
19730	0,433921800000007	1,751102417	1,00149366601215	89,2190562490447
19740	0,434935099999961	1,752557007	1,00121339658748	89,2931679319305
19750	0,434607299999982	1,75527356	1,00135916649197	89,4315769093596
19760	0,434577499999989	1,757138184	1,00149022058896	89,5265799154226
19770	0,435471500000006	1,758101318	1,00127617629853	89,5756518061854
19780	0,435590699999977	1,758699219	1,00129368644925	89,6061149946502
19790	0,435739699999999	1,760876953	1,00164278932853	89,717071024609
19800	0,43538209999997	1,761183716	1,00155998515794	89,7327006674479
19810	0,435322499999984	1,759677979	1,00126108644509	89,6559830335762
19820	0,433683400000007	1,751979248	1,00123193286424	89,2637309828298
19830	0,43261050000001	1,74282373	1,00111783184955	88,7972553115606
19840	0,432193299999994	1,739427246	1,00130253553616	88,6242036989861
19850	0,433564199999978	1,745983032	1,00126062138797	88,9582224486677
19860	0,433087300000011	1,745858398	1,00150558847655	88,9518723187446
19870	0,433683400000007	1,748322632	1,00137500143693	89,0774255872013
19880	0,433742999999993	1,750392822	1,00142315635166	89,1829022265247
19890	0,433683400000007	1,749792725	1,00130495683356	89,1523271513731
19900	0,432997899999975	1,744320923	1,00138347747802	88,8735376267387
19910	0,433087300000011	1,746792969	1,00141821974531	88,9994889183268
19920	0,433504599999992	1,748599365	1,00138869311864	89,0915251948846
19930	0,433266099999969	1,744539185	1,00129461856374	88,8846581240128
19940	0,432521099999974	1,742932251	1,00147531675837	88,8027844805625
19950	0,433445000000006	1,747997925	1,00146050693932	89,0608816935854
19960	0,435233100000005	1,755487427	1,00102804082078	89,4424734804096
19970	0,433027699999968	1,745221313	1,00117176147357	88,9194126967952
19980	0,432759499999975	1,743846924	1,00148742624574	88,8493872726346
19990	0,433564199999978	1,750035156	1,00132898878533	89,1646790645539
20000	0,435173499999962	1,753986694	1,00142883804952	89,366010801447
20010	0,435888799999987	1,762136841	1,00125792005617	89,7812625974423
20020	0,433087300000011	1,744585693	1,00132656648781	88,8870277169206
20030	0,43317669999999	1,744883301	1,00155290628846	88,9021909104805
20040	0,434070799999972	1,746798584	1,00154843473923	88,9997750038213
20050	0,432282699999973	1,738320923	1,00159863890566	88,5678362969379
20060	0,432163500000001	1,737066895	1,00161456686205	88,5039432924033
20070	0,432938299999989	1,740951904	1,00129629476962	88,7018853620013
20080	0,43261050000001	1,739458984	1,0013800310547	88,6258207571203
20090	0,433653600000014	1,740723022	1,00142688280937	88,6902237733734
20100	0,432699899999989	1,740063354	1,00156529380998	88,6566135425689
20110	0,433117100000004	1,743880981	1,00141458729915	88,8511224843328
20120	0,432819099999961	1,74046582	1,00154834172781	88,6771192744689
20130	0,433087300000011	1,742363525	1,00129005400309	88,7738077648138
20140	0,432759499999975	1,739610107	1,00142921109534	88,6335205074642
20150	0,433027699999968	1,742617554	1,00118498809815	88,7867505986651
20160	0,432491299999981	1,73988562	1,0014474673377	88,6475579558771
20170	0,43317669999999	1,744768188	1,00143358863302	88,8963258776176
20180	0,434190000000001	1,747697876	1,00139009029025	89,0455941305345
20190	0,434935099999961	1,750910034	1,00127310192091	89,2092542925562
20200	0,433087300000011	1,744468506	1,00120622470658	88,881057013298
20210	0,431865399999992	1,734705933	1,0012839072481	88,3836517552351
20220	0,433325799999977	1,743890137	1,00160320346631	88,8515889845621
20230	0,431924999999978	1,734927734	1,00141281808184	88,3949525653437
20240	0,431835599999999	1,731322388	1,00116011904356	88,2112593875783
20250	0,43201449999998	1,734303345	1,00127580325271	88,3631398074082
20260	0,43225289999998	1,737223755	1,00143219146141	88,5119353441687
20270	0,431924999999978	1,735152588	1,00140219977762	88,4064089264788
20280	0,433415200000013	1,744668823	1,00127487213834	88,891263208845
20290	0,43481589999999	1,749590942	1,00124618361462	89,1420462628012
20300	0,434309199999973	1,747669556	1,001503353202	89,0441512202578
20310	0,434994700000004	1,752355347	1,00160162027186	89,2828933102359
20320	0,434756300000004	1,749409058	1,00130831024545	89,1327792326897
20330	0,434190000000001	1,749099854	1,00134910725643	89,1170252203597
20340	0,434338999999966	1,750276367	1,00137043687628	89,1769688184644
20350	0,433117100000004	1,744852173	1,00155625870023	88,9006049319815
20360	0,433087300000011	1,743508179	1,00133401840311	88,8321281398074
20370	0,434309199999973	1,746451416	1,00172429033906	88,9820867172772
20380	0,433325799999977	1,742548218	1,0013660593386	88,7832179140979
20390	0,433445000000006	1,748026489	1,00151881510114	89,0623370357161
20400	0,435233100000005	1,754608887	1,00161289065616	89,3977116726958
20410	0,434994700000004	1,751981079	1,00137211408229	89,2638242726856
20420	0,434487999999988	1,749905396	1,00154042475539	89,1580677637948
20430	0,433117100000004	1,743207886	1,00138431558096	88,8168281449024
20440	0,433981399999993	1,744142456	1,00144001542241	88,8644446935344
20450	0,433117100000004	1,744924927	1,00146115901941	88,9043117644062
20460	0,433266099999969	1,742117065	1,00131585517217	88,76125057319
20470	0,434190000000001	1,74954248	1,00142408846615	89,1395771131604
20480	0,433683400000007	1,747648071	1,00158736852136	89,043056554746
20490	0,434160200000008	1,747726685	1,00134715101615	89,0470619554695
20500	0,433742999999993	1,747044312	1,00155514156301	89,0122948998828
20510	0,434994700000004	1,74896228	1,00153790944644	89,1100157945687
20520	0,434577499999989	1,747363403	1,00143200543857	89,0285526570541
20530	0,435739699999999	1,756578125	1,00148295469651	89,4980447852448
20540	0,434905299999969	1,751871582	1,00132852272809	89,2582453762674
20550	0,435590699999977	1,757785034	1,00121945133117	89,5595370662862
20560	0,435411899999963	1,753914307	1,00158299098368	89,3623226677536
20570	0,434905299999969	1,750809326	1,00136168180092	89,2041231976359
20580	0,436306000000002	1,762039551	1,00144793239483	89,7763056503796
20590	0,434309199999973	1,753563721	1,00134072422676	89,344460233352
20600	0,43505429999999	1,753147949	1,00157982459476	89,323276557803
20610	0,435143699999969	1,752392944	1,00128278911076	89,2848088857187
20620	0,434517799999981	1,748687622	1,0013422144098	89,0960219085953
20630	0,436216599999966	1,759446655	1,00152151643294	89,6441970245071
20640	0,436067600000001	1,758358643	1,00130775117678	89,5887625719672
20650	0,43591859999998	1,758025879	1,00134547481026	89,5718081724156
20660	0,435799299999985	1,756153198	1,00128101889333	89,4763946604168
20670	0,436306000000002	1,761896851	1,00140760144109	89,7690350537525
20680	0,436008000000015	1,759661743	1,00138059012337	89,6551558057778
20690	0,43481589999999	1,750697876	1,00133951407812	89,1984447954349
20700	0,436872199999982	1,765141846	1,00137583953987	89,934368268202
20710	0,435888799999987	1,761389893	1,00148518997106	89,7432054312936
20720	0,437170299999991	1,773256958	1,00151909513554	90,3478350231824
20730	0,437289499999963	1,774380737	1,00164893708364	90,4050918122994
20740	0,436574199999995	1,768640259	1,0013735112539	90,1126131859174
20750	0,436246400000016	1,766262695	1,00133802289497	89,9914757731696
20760	0,436395399999981	1,766345337	1,00150642757962	89,9956864013859
20770	0,437050999999997	1,772103882	1,00130449177644	90,2890855454221
20780	0,436216599999966	1,764561157	1,0014795082732	89,9047820349519
20790	0,434845699999983	1,760845581	1,00143479978179	89,7154726142559
20800	0,434756300000004	1,756989502	1,00150139696172	89,5190045345697
20810	0,435084099999983	1,755126709	1,0016573201133	89,4240948183625
20820	0,43591859999998	1,761289673	1,0014113278988	89,7380992000815
20830	0,433683400000007	1,75096582	1,00144886450932	89,2120966016202
20840	0,435799299999985	1,760705444	1,00166523708572	89,7083326030468
20850	0,435799299999985	1,759754517	1,00145240394405	89,6598826616396
20860	0,436216599999966	1,764486084	1,00163412726459	89,9009570489632
20870	0,434190000000001	1,755782349	1,00125903719339	89,4574998216742
20880	0,434517799999981	1,753735718	1,00127226381797	89,3532235186223
20890	0,435173499999962	1,756452271	1,00133839594079	89,4916324960514
20900	0,435084099999983	1,759678833	1,0015775893202	89,6560265450655
20910	0,434249599999987	1,755643921	1,0014696350605	89,450446884394
20920	0,433921800000007	1,751240356	1,00133997913525	89,2260842716666
20930	0,434160200000008	1,75217627	1,00131166365734	89,2737692973965
20940	0,435322499999984	1,757114746	1,00138375651229	89,525385744128
20950	0,435978199999965	1,761578003	1,00144206467411	89,7527896774851
20960	0,43538209999997	1,756631958	1,00148053339911	89,500787588526
20970	0,43505429999999	1,753803345	1,0014795082732	89,3566691292607
20980	0,433683400000007	1,749467285	1,00158597234987	89,1357459112447
20990	0,433742999999993	1,749969727	1,00135469594287	89,1613454425027
21000	0,433415200000013	1,747830322	1,00149068564608	89,0523422835889
21010	0,435888799999987	1,757842773	1,00140145468611	89,5624788811331
21020	0,436335799999995	1,765236694	1,00147112524354	89,9392007948235
21030	0,435978199999965	1,763023926	1,00139558596527	89,8264597748
21040	0,435501299999999	1,759332886	1,00133569460899	89,638400468742
21050	0,43538209999997	1,758824707	1,00147485170125	89,6125086360626
21060	0,434935099999961	1,758952881	1,00152766418805	89,6190391297702
21070	0,434607299999982	1,756130615	1,00157172059937	89,4752440515616
21080	0,433862199999965	1,751280029	1,00157237267946	89,2281056198095
21090	0,433445000000006	1,746149292	1,00155253324264	88,9666934325164
21100	0,433981399999993	1,748343506	1,00139884636573	89,0784891221277
21110	0,433742999999993	1,747152832	1,00146479146558	89,0178240179345
21120	0,433504599999992	1,747297852	1,00140648430388	89,0252128190758
21130	0,434190000000001	1,750566895	1,00149198980627	89,1917712844551
21140	0,434935099999961	1,751583008	1,00139539994242	89,2435424670097
21150	0,435322499999984	1,754913086	1,00140368996066	89,4132106791665
21160	0,435501299999999	1,755826294	1,00151210927748	89,4597388291639
21170	0,434994700000004	1,754473755	1,00154210096127	89,390826667346
21180	0,435471500000006	1,756251099	1,00166821745179	89,4813827380649
21190	0,434517799999981	1,755731567	1,00149636734395	89,4549124675192
21200	0,433921800000007	1,751209106	1,00133448346023	89,2244920772405
21210	0,43317669999999	1,746676147	1,00137732972291	88,9935368115351
21220	0,433266099999969	1,746047607	1,00120128810023	88,9615125592296
21230	0,433445000000006	1,748095825	1,00145454620718	89,0658697202833
21240	0,435411899999963	1,755252319	1,00146190411093	89,4304946757018
21250	0,433117100000004	1,746545532	1,00142529861479	88,9868819483365
21260	0,432997899999975	1,745321167	1,00126639609726	88,9245002802262
21270	0,434935099999961	1,753309326	1,00138263937508	89,3314987517196
21280	0,435262899999998	1,754463257	1,00150149097327	89,3902917919193
21290	0,433832399999972	1,749681152	1,00139204653053	89,1466424822948
21300	0,435560899999984	1,759227661	1,00139316466787	89,6330392316707
21310	0,435084099999983	1,755130981	1,00125335549552	89,4243124777093
21320	0,434487999999988	1,755246216	1,00152496285625	89,4301837264992
21330	0,433415200000013	1,748954834	1,00157051045073	89,1096364192184
21340	0,433921800000007	1,752890381	1,00137611957427	89,3101534111174
21350	0,434607299999982	1,754335449	1,00131455101198	89,3837799459928
21360	0,433981399999993	1,752789795	1,00155495454004	89,3050285321241
21370	0,432908499999996	1,74423584	1,00161503291929	88,8692026290314
21380	0,432699899999989	1,742227539	1,00133932705515	88,7668792479747
21390	0,433445000000006	1,748381226	1,00133187613998	89,0804109644877
21400	0,433683400000007	1,749155029	1,00124758078623	89,1198363988383
21410	0,433325799999977	1,746469971	1,0013343904488	88,9830320986396
21420	0,432342300000016	1,735696289	1,00133075800264	88,4341106129312
21430	0,434160200000008	1,745123047	1,0012528904384	88,9144060223162
21440	0,434190000000001	1,748077393	1,00133569460899	89,0649306057981
21450	0,432819099999961	1,743154297	1,00132619444211	88,8140977734753
21460	0,432819099999961	1,742574219	1,00144308980002	88,7845426708106
21470	0,433445000000006	1,744185059	1,0014890094402	88,8666153258267
21480	0,43225289999998	1,736152588	1,00136233388101	88,4573591481123
21490	0,433593999999971	1,746789795	1,00139102240474	88,9993272023233
21500	0,432282699999973	1,738532593	1,00131361989762	88,5786209303511
21510	0,433445000000006	1,745944702	1,00138412955811	88,9562695266724
21520	0,432163500000001	1,735479248	1,00140760144109	88,4230523258776
21530	0,43258069999996	1,735766357	1,00131147763449	88,4376805930606
21540	0,433742999999993	1,743087036	1,00156538682141	88,810670810618
21550	0,433832399999972	1,742272461	1,00146590960291	88,769168033831
21560	0,433593999999971	1,743417603	1,00135823537761	88,8275132725327
21570	0,435262899999998	1,754746826	1,00172429033906	89,4047396953177
21580	0,433772799999986	1,748416138	1,00149189679484	89,0821897386254
21590	0,433772799999986	1,74267334	1,00138468862678	88,7895929077292
21600	0,434070799999972	1,744074341	1,00143787315928	88,8609742191879
21610	0,432908499999996	1,743590454	1,00157302475955	88,8363200692923
21620	0,432491299999981	1,7386521	1,00128437230522	88,5847098384878
21630	0,433921800000007	1,743909668	1,00117399774824	88,8525840933408
21640	0,433862199999965	1,748693481	1,00128539743114	89,0963204259439
21650	0,434070799999972	1,743354126	1,00134025916964	88,8242791053141
21660	0,434011199999986	1,742893311	1,00146805186604	88,8008004789321
21670	0,433236299999976	1,743428223	1,00160674290105	88,8280543638865
21680	0,432491299999981	1,73895874	1,00141086184156	88,6003332144495
21690	0,434577499999989	1,747224243	1,00166812444037	89,0214624242116
21700	0,433921800000007	1,742570435	1,00126183153661	88,784349875172
21710	0,433832399999972	1,742162109	1,00139381674796	88,7635455749733
21720	0,434845699999983	1,747230347	1,00159202609343	89,0217734243644
21730	0,43317669999999	1,742663208	1,00138291840935	88,7890766800836
21740	0,435322499999984	1,75180127	1,0017851128097	89,2546629642839
21750	0,435501299999999	1,755482544	1,00165378067857	89,4422246904774
21760	0,435262899999998	1,751151855	1,00144588414325	89,2215751261018
21770	0,434666899999968	1,748764038	1,00118843452147	89,0999153207317
21780	0,435084099999983	1,753633667	1,00146330128254	89,3480239975544
21790	0,435173499999962	1,75445874	1,00142185219147	89,3900616497682
21800	0,433772799999986	1,750170898	1,00142269129454	89,1715951495389
21810	0,435590699999977	1,756624512	1,00139912540001	89,5004082131757
21820	0,433921800000007	1,749927979	1,00134044519249	89,1592183726499
21830	0,434845699999983	1,75257312	1,00124776680908	89,2939888928517
21840	0,433415200000013	1,747249146	1,00147028714059	89,0227312375809
21850	0,433862199999965	1,747826172	1,00142297032881	89,0521308401692
21860	0,434338999999966	1,749426636	1,00151276135758	89,1336748356855
21870	0,43481589999999	1,750004395	1,0012914511747	89,1631117847863
21880	0,435829099999978	1,758527832	1,00149077865751	89,5973827890151
21890	0,435739699999999	1,756999146	1,00134314652429	89,5194958985072
21900	0,43672319999996	1,765113647	1,00134649893605	89,9329315229021
21910	0,436306000000002	1,764300171	1,00158736852136	89,8914847404086
21920	0,435590699999977	1,756629883	1,00155625870023	89,5006818668161
21930	0,436246400000016	1,763721436	1,00116738393589	89,8619980638916
21940	0,435322499999984	1,759607666	1,0012427371913	89,6524005706425
21950	0,435560899999984	1,759936768	1,00152636002786	89,6691683904825
21960	0,434398600000009	1,756854736	1,00127924967602	89,5121381770011
21970	0,436008000000015	1,760320068	1,00143163239275	89,6886976104346
21980	0,43481589999999	1,754922607	1,00145491825288	89,4136957762266
21990	0,433683400000007	1,749192871	1,00145342806984	89,1217644571254
22000	0,436306000000002	1,762902832	1,00138189428356	89,8202900086615
22010	0,435829099999978	1,761344116	1,00152030528418	89,7408730829979
22020	0,436008000000015	1,76138916	1,00145557033297	89,7431680847812
22030	0,436544400000002	1,765329956	1,00145482524145	89,9439525143934
22040	0,436127199999987	1,762928101	1,00144159961699	89,821577469812
22050	0,435322499999984	1,756737427	1,00121423569055	89,5061612574515
22060	0,436544400000002	1,764864746	1,00145398713851	89,9202499617873
22070	0,436306000000002	1,765092407	1,00143004919829	89,9318493401946
22080	0,436395399999981	1,764063477	1,00162481312057	89,8794251286493
22090	0,43648479999996	1,764728149	1,00114111770968	89,9132903143629
22100	0,436961599999961	1,767288086	1,00149059263466	90,0437196718806
22110	0,43708079999999	1,768013306	1,00137304519665	90,0806697916136
22120	0,436395399999981	1,76473291	1,00135460293144	89,9135328883681
22130	0,43648479999996	1,765130859	1,00124860491202	89,9338084781169
22140	0,436633799999981	1,765768188	1,00145473223003	89,9662805319203
22150	0,436216599999966	1,761577881	1,00172391729324	89,7527834615581
22160	0,43538209999997	1,755579468	1,00137341824247	89,447162989759
22170	0,437289499999963	1,769014038	1,00139931142286	90,1316573088093
22180	0,437319300000013	1,770730103	1,00124981606078	90,2190912008967
22190	0,43648479999996	1,76422937	1,0013251693162	89,8878774137668
22200	0,436216599999966	1,765705933	1,001570789485	89,9631086258725
22210	0,436901999999975	1,767106812	1,00163263708156	90,0344837214042
22220	0,43672319999996	1,765905518	1,00127729343575	89,9732775258572
22230	0,436335799999995	1,763455444	1,00145305602415	89,8484457125389
22240	0,436246400000016	1,764591553	1,00135749028609	89,9063307178886
22250	0,437647099999992	1,773659058	1,00174589999331	90,3683221073012
22260	0,43675300000001	1,765985229	1,00127142571503	89,9773388189739
22270	0,436544400000002	1,764950928	1,00157330479395	89,9246409537882
22280	0,43591859999998	1,761213379	1,00130616798232	89,7342120038722
22290	0,436127199999987	1,762634766	1,00149748548129	89,8066319865491
22300	0,435262899999998	1,758087402	1,0012887498429	89,5749427829011
22310	0,434994700000004	1,760830933	1,00129480458659	89,7147262954094
22320	0,434935099999961	1,757273682	1,00127571024129	89,5334835685535
22330	0,436574199999995	1,764252441	1,00169029316329	89,8890528863301
22340	0,435888799999987	1,759378418	1,00139912540001	89,6407203342335
22350	0,434905299999969	1,756372681	1,00135069045088	89,4875773679116
22360	0,435680100000013	1,757405396	1,00121097529008	89,5401944260458
22370	0,434726500000011	1,756872192	1,00126555799432	89,5130275640699
22380	0,435471500000006	1,75508313	1,00160636985523	89,4218744586539
22390	0,435411899999963	1,755955078	1,00140946466995	89,4663004025068
22400	0,435233100000005	1,752865112	1,00152896834823	89,3088659499669
22410	0,436008000000015	1,759655884	1,00173416355176	89,6548572884292
22420	0,433564199999978	1,746622681	1,00119625848246	88,9908127069853
22430	0,434726500000011	1,749427368	1,00133522855175	89,1337121312478
22440	0,433683400000007	1,747814209	1,00135069045088	89,0515213226678
22450	0,433445000000006	1,748353271	1,00132898878533	89,0789866510419
22460	0,434994700000004	1,75259668	1,00146022790505	89,2951892800734
22470	0,433862199999965	1,751662598	1,00180383510931	89,2475975951495
22480	0,433266099999969	1,742870117	1,00121498078207	88,7996187394915
22490	0,433415200000013	1,746010742	1,00151471659773	88,9596342793091
22500	0,433981399999993	1,748236694	1,00134370559296	89,0730470270546
22510	0,433504599999992	1,744791504	1,00113087145116	88,8975138329852
22520	0,434487999999988	1,753440674	1,00152282059312	89,3381909614307
22530	0,434011199999986	1,743567139	1,00159249215068	88,8351321648749
22540	0,435739699999999	1,754940186	1,00169737203276	89,4145914301727
22550	0,433742999999993	1,747254272	1,00121600490786	89,022992408417
22560	0,43284890000001	1,741755981	1,00127962272185	88,7428532633617
22570	0,435143699999969	1,750946167	1,00163235704716	89,2110952769144
22580	0,433593999999971	1,743911255	1,00136391707547	88,8526649513425
22590	0,433415200000013	1,744419312	1,00138049711195	88,878550568095
22600	0,434070799999972	1,744892944	1,00142827998098	88,9026822234677
22610	0,434190000000001	1,743708618	1,00143275053008	88,8423405512814
22620	0,433832399999972	1,744889771	1,00143722107919	88,9025205584144
22630	0,434487999999988	1,743810181	1,00131091856582	88,8475152086412
22639,99805	0,434487999999988	1,747070435	1,00137937897461	89,0136258725225
22649,99805	0,434905299999969	1,749499878	1,00182004209997	89,1374065318184
22659,99805	0,433981399999993	1,746923706	1,00138804103855	89,0061499974525
22669,99805	0,433653600000014	1,744093506	1,00130849726842	88,8619506801855
22679,99805	0,434070799999972	1,743333618	1,00134836216491	88,8232342181689
22689,99805	0,432699899999989	1,736855835	1,00140667032673	88,4931897386254
22699,99805	0,432997899999975	1,736862793	1,00151630079232	88,4935442502675
22709,99805	0,43284890000001	1,738821411	1,00139716915973	88,5933362714628
22719,99805	0,433504599999992	1,743479004	1,00193349103456	88,8306416670913
22729,99805	0,432997899999975	1,738124756	1,00142827998098	88,5578415448107
22739,99805	0,433325799999977	1,739530029	1,00154200794985	88,6294405156163
22749,99805	0,433683400000007	1,741701904	1,00153967966387	88,7400980282264
22759,99805	0,433087300000011	1,739223267	1,00133168911701	88,6138109237275
22769,99805	0,433564199999978	1,741216431	1,00131361989762	88,7153630712794
22779,99805	0,434845699999983	1,748263794	1,00140322390341	89,0744277780609
22789,99805	0,434905299999969	1,749638306	1,0014195239055	89,1444594690987
22799,99805	0,433862199999965	1,746656128	1,00140601824664	88,9925168390482
22809,99805	0,433415200000013	1,743643433	1,00140629728091	88,8390193610842
22819,99805	0,434935099999961	1,749162354	1,00157749530866	89,1202096092118
22829,99805	0,433325799999977	1,742976074	1,00128260308791	88,8050172721251
22839,99805	0,43335559999997	1,741014648	1,00143852523937	88,7050821827075
22849,99805	0,434338999999966	1,74111853	1,00163803874503	88,7103749936312
22859,99805	0,43335559999997	1,739692993	1,00159090895622	88,6377435675345
22869,99805	0,43317669999999	1,73750708	1,00158457517826	88,5263708157131
22879,99805	0,433445000000006	1,740471069	1,00140983671565	88,6773867121822
22889,99805	0,434249599999987	1,741606689	1,00152486984483	88,7352468028736
22899,99805	0,435084099999983	1,750118164	1,00132284103022	89,1689083405513
22909,99805	0,434935099999961	1,748160278	1,00150251509906	89,0691536149182
22919,99805	0,433236299999976	1,740268555	1,00155281227691	88,6670685789983
22929,99805	0,433593999999971	1,739299194	1,0016164300909	88,6176794212055
22939,99805	0,432997899999975	1,739492554	1,00164372144302	88,6275311560605
22949,99805	0,433921800000007	1,745490601	1,00146125203084	88,9331329800785
22959,99805	0,434100599999965	1,742993164	1,0016263033036	88,8058880114128
22969,99805	0,434577499999989	1,745527222	1,00150707865959	88,9349988281449
22979,99805	0,435680100000013	1,752605225	1,00148528398261	89,2956246497172
22989,99805	0,435143699999969	1,750937622	1,0015101530372	89,2106599072706
22999,99805	0,434756300000004	1,748786987	1,00136587331575	89,1010845773679
23009,99805	0,435262899999998	1,749943726	1,0013615887895	89,16002068579
23019,99805	0,434190000000001	1,749329102	1,0014113278988	89,1287054567687
23029,99805	0,435888799999987	1,754101929	1,00123025565823	89,3718820502369
23039,99805	0,433117100000004	1,741955566	1,0012137696333	88,7530221633464
23049,99805	0,435829099999978	1,754703735	1,0014212011115	89,4025441993173
23059,99805	0,435233100000005	1,751142944	1,00191989236428	89,2211211086768
23069,99805	0,434726500000011	1,747263306	1,00136829461315	89,0234526927192
23079,99805	0,432938299999989	1,74031311	1,00135665218315	88,6693386661232
23089,99805	0,433504599999992	1,744473511	1,00151499663213	88,8813120191573
23099,99805	0,432759499999975	1,738703003	1,00157302475955	88,5873033576196
23109,99805	0,433504599999992	1,741624756	1,00166216370823	88,7361673205278
23119,99805	0,43317669999999	1,741015991	1,00139232656493	88,7051506088551
23129,99805	0,434607299999982	1,744077881	1,00143973638814	88,8611545829724
23139,99805	0,434577499999989	1,743923462	1,00146935602623	88,853286900698
23149,99805	0,432103900000016	1,732265381	1,00138794802712	88,2593050899271
23159,99805	0,433683400000007	1,74099585	1,00134240143277	88,7041244204412
23169,99805	0,434577499999989	1,745421509	1,0015541164371	88,9296127273654
23179,99805	0,434070799999972	1,745105103	1,00173099616272	88,9134917715392
23189,99805	0,433653600000014	1,740909424	1,00140890560128	88,6997209965863
23199,99805	0,433087300000011	1,740784302	1,00138198729498	88,6933460029551
23209,99805	0,434577499999989	1,745285645	1,00146237016818	88,9226904264534
23219,99805	0,435799299999985	1,752508789	1,00129843703275	89,2907112141438
23229,99805	0,435233100000005	1,751991577	1,00141207299032	89,2643591481123
23239,99805	0,435590699999977	1,753730103	1,00128688761417	89,3529374331278
23249,99805	0,43672319999996	1,763497192	1,00164753991203	89,8505727823916
23259,99805	0,434309199999973	1,751869751	1,00154666552193	89,2581520864116
23269,99805	0,433683400000007	1,746606567	1,0012624836167	88,9899916951139
23279,99805	0,435262899999998	1,752034058	1,00133075800264	89,2665235644775
23289,99805	0,434905299999969	1,748705688	1,00138394353526	89,0969423752993
23299,99805	0,435143699999969	1,749523804	1,0011953273681	89,1386255668212
23309,99805	0,435680100000013	1,755355591	1,00150381925925	89,4357564069904
23319,99805	0,435888799999987	1,756081421	1,00135879444627	89,4727376063586
23329,99805	0,436395399999981	1,757832764	1,00152151643294	89,5619689203648
23339,99805	0,436812599999996	1,762899048	1,00130831024545	89,8200972130229
23349,99805	0,436395399999981	1,762557617	1,00165191744971	89,8027012279003
23359,99805	0,436067600000001	1,75962207	1,00166169765098	89,6531344576349
23369,99805	0,43615699999998	1,760042603	1,00156790213036	89,6745607071891
23379,99805	0,435084099999983	1,751870605	1,00147671392998	89,2581955979009
23389,99805	0,43538209999997	1,753616699	1,00139558596527	89,3471594741937
23399,99805	0,436663599999974	1,763131714	1,00147140527793	89,8319515972895
23409,99805	0,436872199999982	1,764024536	1,00137127597934	89,8774410760687
23419,99805	0,436812599999996	1,763907715	1,00135981857207	89,8714890202272
23429,99805	0,43648479999996	1,76034375	1,00135441690859	89,6899042135833
23439,99805	0,436901999999975	1,762482544	1,0012267162235	89,7988762419117
23449,99805	0,436574199999995	1,760998901	1,00129601573535	89,7232843022367
23459,99805	0,435650299999963	1,754447388	1,00137006483058	89,3894832628522
23469,99805	0,436335799999995	1,757894897	1,00146367432836	89,5651346104856
23479,99805	0,43538209999997	1,75362793	1,00137518745978	89,3477316961329
23489,99805	0,435471500000006	1,751917236	1,00123882571087	89,2605714576858
23499,99805	0,435501299999999	1,753735962	1,00123612437907	89,3532359504764
23509,99805	0,436067600000001	1,757231079	1,00174841430213	89,5313129362613
23519,99805	0,437140499999998	1,763961914	1,00152188947876	89,8742504712896
23529,99805	0,436901999999975	1,762639648	1,00146115901941	89,8068807255312
23539,99805	0,435739699999999	1,754135254	1,00119672453971	89,3735799663729
23549,99805	0,436812599999996	1,762943481	1,00141468031057	89,8223610842207
23559,99805	0,436544400000002	1,76000354	1,00138673787848	89,6725704386814
23569,99805	0,43672319999996	1,764205444	1,00141766167676	89,886658378764
23579,99805	0,436574199999995	1,764823486	1,00126481190268	89,9181477556427
23589,99805	0,436246400000016	1,761281616	1,0014525899669	89,7376886941458
23599,99805	0,435739699999999	1,756452148	1,00134892123358	89,4916262291741
23609,99805	0,435739699999999	1,761058105	1,00134780309624	89,7263007591583
23619,99805	0,435799299999985	1,754529785	1,00138710992418	89,3936814082641
23629,99805	0,434160200000008	1,748226318	1,00133718479202	89,0725183675549
23639,99805	0,434607299999982	1,750161865	1,00147652790713	89,1711349161869
23649,99805	0,434666899999968	1,751322388	1,00129024102606	89,2302638202476
23659,99805	0,435501299999999	1,755226196	1,00167464424118	89,4291637030621
23669,99805	0,433772799999986	1,747461426	1,00133867497506	89,0335469506292
23679,99805	0,434100599999965	1,748376221	1,0013776097573	89,0801559586284
23689,99805	0,436901999999975	1,763759521	1,00149701942404	89,8639385030825
23699,99805	0,435501299999999	1,754455566	1,00142110709995	89,3898999337647
23709,99805	0,435143699999969	1,754501709	1,0016018062947	89,3922509298415
23719,99805	0,434249599999987	1,750169556	1,00142706883222	89,1715267743415
23729,99805	0,434160200000008	1,750095825	1,0014236224089	89,1677701635502
23739,99805	0,434070799999972	1,748072266	1,00121814717098	89,0646693840118
23749,99805	0,433087300000011	1,741836548	1,00146739978595	88,746958169868
23759,99805	0,435739699999999	1,752779297	1,00133541557472	89,3044936566974
23769,99805	0,435650299999963	1,755845459	1,00150940794569	89,4607152901615
23779,99805	0,43481589999999	1,753000122	1,00139046333607	89,3157447393896
23789,99805	0,435829099999978	1,75691394	1,00120641172955	89,5151546339227
23799,99805	0,435471500000006	1,752678833	1,00140573921236	89,2993749936312
23809,99805	0,435560899999984	1,754312378	1,0014478393834	89,3826044734295
23819,99805	0,434100599999965	1,748320679	1,00142315635166	89,0773260814185
23829,99805	0,433445000000006	1,743838501	1,00134836216491	88,8489581189178
23839,99805	0,435262899999998	1,750630615	1,00140750842967	89,1950178325776
23849,99805	0,435590699999977	1,755686157	1,00136429012129	89,4525988179549
23859,99805	0,434190000000001	1,75033374	1,00134752406197	89,1798919855301
23869,99805	0,434011199999986	1,749195923	1,00137881990594	89,1219199572018
23879,99805	0,433564199999978	1,74630896	1,00143964337671	88,9748285525042
23889,99805	0,434845699999983	1,749633789	1,00124664967186	89,1442293269476
23899,99805	0,433742999999993	1,744923218	1,00131231573743	88,9042246904774
23909,99805	0,434935099999961	1,753579834	1,00134417065008	89,3452811942732
23919,99805	0,435262899999998	1,751425903	1,00125847812472	89,23553793244
23929,99805	0,436216599999966	1,759904419	1,00155532758586	89,6675202017629
23939,99805	0,435650299999963	1,756411621	1,00157675021714	89,489561369542
23949,99805	0,433862199999965	1,747759155	1,00145082074959	89,048716309166
23959,99805	0,435233100000005	1,752175049	1,00139819428564	89,2737070871758
23969,99805	0,43591859999998	1,756932373	1,00140415501778	89,516093799358
23979,99805	0,435739699999999	1,755025757	1,00145780660765	89,4189512915881
23989,99805	0,433593999999971	1,745451416	1,00140126766313	88,9311364956438
23999,99805	0,433832399999972	1,745848022	1,0015060545338	88,9513436592449
24009,99805	0,434338999999966	1,743770386	1,0013973561827	88,8454876445713
24019,99805	0,43284890000001	1,739170898	1,00144513905173	88,6111427115708
24029,99805	0,433087300000011	1,74072583	1,00141048879574	88,6903668415958
24039,99805	0,434935099999961	1,747439575	1,0014266957864	89,0324336373363
24049,99805	0,434845699999983	1,74831189	1,001511177163	89,0768782799205
24059,99805	0,433266099999969	1,742480469	1,00122848644093	88,7797660875325
24069,99805	0,433593999999971	1,744477173	1,00167557635566	88,8814985988689
24079,99805	0,433027699999968	1,741182617	1,00136438313272	88,713640240485
24089,99805	0,433117100000004	1,741634399	1,00136130975522	88,7366586335151
24099,99805	0,434577499999989	1,748930786	1,00145249695548	89,1084111682886
24109,99805	0,433832399999972	1,745222778	1,00127272987522	88,9194873388699
24119,99805	0,434309199999973	1,74788269	1,00141738164237	89,0550104447954
24129,99805	0,434011199999986	1,747384521	1,00123854567647	89,0296286238345
24139,99805	0,434607299999982	1,747405273	1,00144532507458	89,0306859428339
24149,99805	0,433981399999993	1,746906372	1,00138086915765	89,0052668263107
24159,99805	0,433653600000014	1,744574341	1,00145156584111	88,8864493300046
24169,99805	0,433564199999978	1,745213989	1,00134836216491	88,919039537372
24179,99805	0,43284890000001	1,74027832	1,00155700379174	88,6675661079126
24189,99805	0,433772799999986	1,744539185	1,00141486733354	88,8846581240128
24199,99805	0,434398600000009	1,748479614	1,00147038015202	89,0854238548938
24209,99805	0,434309199999973	1,743591309	1,00131110458867	88,8363636317318
24219,99805	0,432938299999989	1,740258545	1,00133876798648	88,6665585672798
24229,99805	0,432997899999975	1,74083374	1,00125214434676	88,6958648800122
24239,99805	0,433445000000006	1,743355225	1,00147922923893	88,8243350996077
24249,99805	0,435173499999962	1,749423584	1,00143042224411	89,1335193356091
24259,99805	0,434011199999986	1,742874023	1,00145491825288	88,7998177510572
24269,99805	0,434309199999973	1,748433594	1,00147121925508	89,0830791256942
24279,99805	0,433683400000007	1,745900391	1,00137090293352	88,9540118714016
24289,99805	0,434070799999972	1,744723267	1,00145007565808	88,8940371427116
24299,99805	0,433266099999969	1,74335144	1,00140555218939	88,8241422530188
24309,99805	0,433236299999976	1,741479492	1,00132433121326	88,7287660875325
24319,99805	0,432759499999975	1,738236206	1,00141700959667	88,5635199470118
24329,99805	0,434398600000009	1,744849731	1,00147140527793	88,9004805115402
24339,99805	0,435650299999963	1,754008667	1,00124497246586	89,3671303306669
24349,99805	0,432938299999989	1,739496704	1,00144411392582	88,6277425994803
24359,99805	0,434011199999986	1,742957397	1,00154247400709	88,8040656748357
24369,99805	0,436067600000001	1,756847534	1,00141654353943	89,5117712335049
24379,99805	0,434309199999973	1,749718018	1,00144970261226	89,1485208131655
24389,99805	0,434309199999973	1,748755981	1,00149180378342	89,0995048147959
24399,99805	0,433921800000007	1,74640625	1,0015254289135	88,9797854995669
24409,99805	0,433445000000006	1,741669922	1,00133066499122	88,7384685382382
24419,99805	0,435143699999969	1,751655151	1,00136447614414	89,247218168849
24429,99805	0,435411899999963	1,751831665	1,00160888516418	89,2562115962705
24439,99805	0,433981399999993	1,744608276	1,00161792027394	88,8881783257757
24449,99805	0,43481589999999	1,748966431	1,00136019161789	89,1102272889387
24459,99805	0,433415200000013	1,741775146	1,00137807481443	88,7438297243593
24469,99805	0,434845699999983	1,747925293	1,00136279993826	89,0571810770877
24479,99805	0,434666899999968	1,747117798	1,00132395816744	89,0160390278698
24489,99805	0,434487999999988	1,747822632	1,00137220709371	89,0519504763846
24499,99805	0,43505429999999	1,747357422	1,00145007565808	89,0282479237785
24509,99805	0,433832399999972	1,744229736	1,0013132468518	88,8688916288786
24519,99805	0,435829099999978	1,754067993	1,00144942357798	89,3701530035156
24529,99805	0,435501299999999	1,751591431	1,00147857715883	89,2439716207266
24539,99805	0,435829099999978	1,754345093	1,00152673207356	89,3842713099302
24549,99805	0,436246400000016	1,757976929	1,00140732240682	89,5693141590666
24559,99805	0,436067600000001	1,756711792	1,00113990656092	89,5048551485199
24569,99805	0,436008000000015	1,757788208	1,00142949012962	89,5596987822897
24579,99805	0,43615699999998	1,757807739	1,00155244023122	89,5606938910684
24589,99805	0,436067600000001	1,757600586	1,00152207550161	89,5501393998064
24599,99805	0,43708079999999	1,764658813	1,00144467299448	89,9097576297957
24609,99805	0,436633799999981	1,763400146	1,00144662923476	89,845628267183
24619,99805	0,43675300000001	1,763213867	1,00132153687004	89,8361373108473
24629,99805	0,436961599999961	1,764718262	1,00149534321816	89,9127865695216
24639,99805	0,437140499999998	1,767662476	1,00158597234987	90,0627949253579
24649,99805	0,436633799999981	1,76268335	1,0014811854792	89,809107352117
24659,99805	0,437319300000013	1,766366943	1,00140042956019	89,9967872318745
24669,99805	0,436872199999982	1,765421631	1,00138729594703	89,9486233759617
24679,99805	0,436127199999987	1,761260376	1,00135069045088	89,7366065114383
24689,99805	0,436216599999966	1,759599243	1,0013561861259	89,6519714169257
24699,99805	0,436812599999996	1,764416382	1,00139344370214	89,8974057166149
24709,99805	0,437050999999997	1,767750122	1,00140303788057	90,0672605084832
24719,99805	0,437140499999998	1,768964478	1,00154498831592	90,1291322158252
24729,99805	0,436812599999996	1,767763428	1,00144616317752	90,0679384521323
24739,99805	0,437408699999992	1,76882312	1,00134342555856	90,1219299943955
24749,99805	0,436395399999981	1,762865967	1,00167129182941	89,818411728741
24759,99805	0,437647099999992	1,770807495	1,00136997181916	90,2230343404494
24769,99805	0,436961599999961	1,765395508	1,00138254636365	89,947292403322
24779,99805	0,436008000000015	1,760743652	1,00139968446868	89,710279309115
24789,99805	0,436633799999981	1,762869873	1,00136540725851	89,8186107403067
24799,99805	0,436901999999975	1,765033936	1,00142101408853	89,9288702297855
24809,99805	0,437289499999963	1,767634766	1,0013302919454	90,0613830947165
24819,99805	0,437140499999998	1,766330322	1,00146013489362	89,994921383808
24829,99805	0,437647099999992	1,770692505	1,00149729945844	90,2171755744638
24839,99805	0,437617299999999	1,770616455	1,00158438815529	90,2133008101085
24849,99805	0,436246400000016	1,759332642	1,00152486984483	89,638388036888
24859,99805	0,437170299999991	1,76652417	1,00173444258603	90,0047979823712
24869,99805	0,437229899999977	1,765478516	1,001675017287	89,9515216793193
24879,99805	0,436008000000015	1,758474976	1,00141756766522	89,5946897641005
24889,99805	0,436216599999966	1,758318481	1,0015247768334	89,586716309166
24899,99805	0,437050999999997	1,763232544	1,00146572358007	89,8370889081367
24909,99805	0,435680100000013	1,753840942	1,00145119279529	89,3585847047435
24919,99805	0,436306000000002	1,756299194	1,00126080741082	89,4838331889744
24929,99805	0,436395399999981	1,760299927	1,00130831024545	89,6876714220207
24939,99805	0,437885499999993	1,772293457	1,00157032342776	90,2987444336883
24949,99805	0,437140499999998	1,765869751	1,00156790213036	89,9714551892801
24959,99805	0,436544400000002	1,763503052	1,00146143905381	89,8508713506904
24969,99805	0,436633799999981	1,761796265	1,00127328894389	89,7639101747593
24979,99805	0,436574199999995	1,762722534	1,00131129061152	89,8111037856015
24989,99805	0,435084099999983	1,754368896	1,0014869601885	89,3854840780557
24999,99805	0,436425199999974	1,757714844	1,00160394855783	89,5559608702298
25009,99805	0,436008000000015	1,757509399	1,00141421525345	89,5454934019463
25019,99805	0,43615699999998	1,758765747	1,00132395816744	89,6095046109951
25029,99805	0,435501299999999	1,757292236	1,00127803852726	89,5344288989657
25039,99805	0,43591859999998	1,756973022	1,00140918463555	89,5181648749172
25049,99805	0,436901999999975	1,760894165	1,00127701440147	89,7179479798237
25059,99805	0,437378899999999	1,768151001	1,00140434204075	90,0876853823814
25069,99805	0,436544400000002	1,761124146	1,00123938377941	89,7296655627452
25079,99805	0,435680100000013	1,756218628	1,00134417065008	89,4797283334183
25089,99805	0,43648479999996	1,759445679	1,00127384701243	89,6441472970907
25099,99805	0,436335799999995	1,757476563	1,00134230842134	89,5438204004687
25109,99805	0,436306000000002	1,757461304	1,00136466216699	89,5430429510368
25119,99805	0,436425199999974	1,761409302	1,00139362972499	89,7441943241453
25129,99805	0,436901999999975	1,763327148	1,00133420442595	89,8419090029042
25139,99805	0,43648479999996	1,763530029	1,00150596152237	89,8522458348194
25149,99805	0,436991400000011	1,76450061	1,00120128810023	89,9016971518826
25159,99805	0,435888799999987	1,756302002	1,00132358612174	89,4839762571967
25169,99805	0,43672319999996	1,762665161	1,0015200262499	89,8081806185357
25179,99805	0,435888799999987	1,757836304	1,00145678148173	89,5621492841494
25189,99805	0,436306000000002	1,762195435	1,00123938377941	89,7842479747287
25199,99805	0,435978199999965	1,758618896	1,0015561656888	89,602022519998
25209,99805	0,434845699999983	1,751809204	1,00133401840311	89,2550672033423
25219,99805	0,434756300000004	1,750702393	1,00123277096718	89,198674937586
25229,99805	0,435471500000006	1,750478638	1,00127878361878	89,1872745707444
25239,99805	0,436663599999974	1,762800171	1,00150894188844	89,8150594079584
25249,99805	0,434726500000011	1,752474731	1,00135357880565	89,2889759514954
25259,99805	0,435799299999985	1,755571655	1,00151751094095	89,4467649156774
25269,99805	0,434398600000009	1,748983521	1,00127906365318	89,1110980282264
25279,99805	0,435680100000013	1,755720703	1,00147848414741	89,4543589443114
25289,99805	0,435471500000006	1,75608728	1,00146348830551	89,4730361237071
25299,99805	0,43481589999999	1,75170459	1,00137881990594	89,2497370968564
25309,99805	0,434607299999982	1,753712769	1,00152142342151	89,352054261986
25319,99805	0,433593999999971	1,744942871	1,00145417316136	88,9052260151832
25329,99805	0,433683400000007	1,742647827	1,00137919295176	88,7882930147246
25339,99805	0,434935099999961	1,747735474	1,00160469364935	89,0475097569675
25349,99805	0,434190000000001	1,746691528	1,00126322870822	88,9943204768941
25359,99805	0,434726500000011	1,75138855	1,00140108164029	89,2336347888113
25369,99805	0,435799299999985	1,754037476	1,00127785250441	89,368598155602
25379,99805	0,434666899999968	1,750576538	1,00150102491602	89,1922625974423
25389,99805	0,435501299999999	1,751802124	1,00114130373253	89,2547064757732
25399,99805	0,434249599999987	1,748796265	1,00125642987314	89,1015572935242
25409,99805	0,434190000000001	1,746407715	1,00161801328536	88,9798601416416
25419,99805	0,433564199999978	1,742950562	1,00115257411684	88,8037174300708
25429,99805	0,433593999999971	1,743972168	1,00150009380166	88,8557684821929
25439,99805	0,434756300000004	1,748910278	1,00135981857207	89,1073662811433
25449,99805	0,435560899999984	1,753714355	1,00129210325479	89,3521350690376
25459,99805	0,433683400000007	1,744704224	1,00137183404789	88,893066897641
25469,99805	0,433653600000014	1,740995117	1,0013057029252	88,7040870739288
25479,99805	0,433832399999972	1,745327515	1,00152207550161	88,9248237122331
25489,99805	0,434160200000008	1,746607666	1,00136075068655	88,9900476894075
25499,99805	0,432491299999981	1,733776367	1,00141123388726	88,3362901615122
25509,99805	0,434994700000004	1,744606445	1,00130253553616	88,8880850359199
25519,99805	0,434845699999983	1,744708496	1,00159184007058	88,8932845569878
25529,99805	0,435233100000005	1,748099609	1,00162555821208	89,066062515922
25539,99805	0,434845699999983	1,745468628	1,001366339373	88,9320134508585
25549,99805	0,433653600000014	1,744212402	1,00130188345607	88,8680084577368
25559,99805	0,433445000000006	1,743825806	1,00148602907413	88,8483113058542
25569,99805	0,434726500000011	1,749554688	1,00131147763449	89,1401991134661
25579,99805	0,434100599999965	1,74599353	1,001435916919	88,9587573240944
25589,99805	0,434309199999973	1,746832886	1,0015009319046	89,0015226983237
25599,99805	0,436008000000015	1,752869385	1,00148006734187	89,3090836602639
25609,99805	0,435590699999977	1,750937622	1,00141700959667	89,2106599072706
25619,99805	0,43591859999998	1,754457642	1,00162788649806	89,3900057064248
25629,99805	0,434994700000004	1,749283691	1,00126285666252	89,1263917562542
25639,99805	0,436544400000002	1,756924194	1,00144625618894	89,5156770774953
25649,99805	0,435739699999999	1,753972046	1,00149711243547	89,3652644826005
25659,99805	0,436395399999981	1,755593994	1,00158969780745	89,4479030926785
25669,99805	0,43538209999997	1,751383301	1,00145408014994	89,233367351098
25679,99805	0,436127199999987	1,75517041	1,00133094402549	89,4263213939981
25689,99805	0,436067600000001	1,754225586	1,00125456664428	89,3781824017935
25699,99805	0,436127199999987	1,755772461	1,00140583222379	89,4569960258827
25709,99805	0,437885499999993	1,768848389	1,00154917983075	90,1232174555459
25719,99805	0,435829099999978	1,753119019	1,00146674770586	89,3218025678912
25729,99805	0,435888799999987	1,750891602	1,00118536114397	89,208315178071
25739,99805	0,435143699999969	1,749796997	1,00125652288456	89,1525448107199
25749,99805	0,435829099999978	1,754457275	1,00151387849479	89,3899870076935
25759,99805	0,436246400000016	1,756231201	1,00132554236202	89,4803689305549
25769,99805	0,436574199999995	1,760634155	1,0013204187327	89,7047004126968
25779,99805	0,435829099999978	1,753462524	1,00140983671565	89,3393042237734
25789,99805	0,436335799999995	1,756952515	1,00139996350295	89,5171200387222
25799,99805	0,436633799999981	1,758915161	1,00169793010131	89,6171172874102
25809,99805	0,43591859999998	1,753612061	1,00150521643086	89,3469231670658
25819,99805	0,435084099999983	1,746815796	1,00148686717707	89,000651959036
25829,99805	0,43591859999998	1,752863892	1,00139484087375	89,3088037906965
25839,99805	0,434726500000011	1,748700195	1,00148165053633	89,0966625057319
25849,99805	0,436425199999974	1,756041504	1,00139884636573	89,4707038263617
25859,99805	0,436663599999974	1,759213867	1,00155039097951	89,6323364243135
25869,99805	0,435888799999987	1,754013306	1,00127878361878	89,3673666887451
25879,99805	0,43615699999998	1,755476196	1,00152393773034	89,4419012584705
25889,99805	0,436812599999996	1,762017212	1,00135749028609	89,7751674733785
25899,99805	0,436812599999996	1,760244385	1,00148323473091	89,6848415448107
25909,99805	0,436812599999996	1,760508179	1,00138431558096	89,6982819075763
25919,99805	0,436961599999961	1,760693481	1,001366339373	89,7077230855454
25929,99805	0,437050999999997	1,762121582	1,00157889248027	89,7804851480104
25939,99805	0,437408699999992	1,764668701	1,00146386035121	89,9102614255872
25949,99805	0,43672319999996	1,759935913	1,00136447614414	89,669124828043
25959,99805	0,436991400000011	1,762605469	1,00141672956227	89,8051392979059
25969,99805	0,437498099999971	1,765888306	1,00132945384245	89,9724005706425
25979,99805	0,43672319999996	1,759088745	1,00135730426324	89,6259614306822
25989,99805	0,434994700000004	1,752766846	1,00135739727466	89,3038592754879
25999,99805	0,43591859999998	1,754056274	1,00140564520082	89,3695559178683
26009,99805	0,436216599999966	1,758529053	1,00141542540209	89,5974449992357
26019,99805	0,436991400000011	1,762487915	1,00157144156509	89,799149895552
26029,99805	0,437706699999978	1,765644775	1,00154070378966	89,9599926122179
26039,99805	0,436812599999996	1,761508423	1,00132684652221	89,7492445610638
26049,99805	0,436544400000002	1,758164551	1,00140871957843	89,5788735415499
26059,99805	0,437468299999978	1,765312744	1,00150270112191	89,9430755591787
26069,99805	0,437617299999999	1,764876953	1,00150922192284	89,9208719111428
26079,99805	0,437050999999997	1,764327393	1,00136773654461	89,8928717073419
26089,99805	0,437617299999999	1,767141724	1,00152878132526	90,0362624955419
26099,99805	0,436991400000011	1,761878296	1,00144765336055	89,7680896723901
26109,99805	0,437468299999978	1,765866943	1,00167091878359	89,9713121210577
26119,99805	0,437915299999986	1,771432495	1,00139102240474	90,2548782289703
26129,99805	0,438064300000008	1,772498657	1,00137006483058	90,3091994191675
26139,99805	0,437140499999998	1,766377808	1,00129685383829	89,9973408060325
26149,99805	0,437706699999978	1,767516724	1,00125363552991	90,0553688286544
26159,99805	0,437915299999986	1,769873901	1,00135115650813	90,1754675192337
26169,99805	0,437617299999999	1,768354858	1,00135553404581	90,0980719417129
26179,99805	0,438660400000003	1,777640625	1,00149431809225	90,5711838283997
26189,99805	0,437617299999999	1,769985229	1,00131781141245	90,1811397055077
26199,99805	0,436901999999975	1,765215454	1,00128101889333	89,938118612116
26209,99805	0,437498099999971	1,77039624	1,00134733803912	90,2020808070515
26219,99805	0,437408699999992	1,767884399	1,00133904802088	90,0741019513935
26229,99805	0,438123899999994	1,77226416	1,00145715452755	90,2972517450451
26239,99805	0,437617299999999	1,769806519	1,00152282059312	90,1720343913996
26249,99805	0,438302700000008	1,775013184	1,00134612689036	90,4373151271208
26259,99805	0,43863060000001	1,778757446	1,00149599529825	90,6280861058746
26269,99805	0,437050999999997	1,767753784	1,00160935122143	90,0674470881948
26279,99805	0,437647099999992	1,770155273	1,00147811110159	90,1898034849952
26289,99805	0,437557700000013	1,771072388	1,00153101659981	90,2365306975085
26299,99805	0,436961599999961	1,766083252	1,00148779829144	89,9823331125491
26309,99805	0,437915299999986	1,7715271	1,00123491323031	90,2596983746879
26319,99805	0,436306000000002	1,765332275	1,00133187613998	89,9440706679574
26329,99805	0,436991400000011	1,76431958	1,00127766648157	89,8924736332603
26339,99805	0,437617299999999	1,770419189	1,00156454871847	90,2032500636878
26349,99805	0,436127199999987	1,764386841	1,00145417316136	89,8959005961176
26359,99805	0,434994700000004	1,755878662	1,00144206467411	89,4624069903704
26369,99805	0,436961599999961	1,763411377	1,00150726568256	89,8462004891221
26379,99805	0,435173499999962	1,756616333	1,00144839845207	89,499991491313
26389,99805	0,436901999999975	1,762508789	1,00174133543266	89,8002134304784
26399,99805	0,43648479999996	1,762976563	1,00153828249226	89,8240466194528
26409,99805	0,435322499999984	1,758342285	1,00146348830551	89,5879291282417
26419,99805	0,435143699999969	1,756115234	1,00146171808808	89,4744603862027
26429,99805	0,435739699999999	1,756893188	1,00141011675004	89,5140973149233
26439,99805	0,435978199999965	1,754735962	1,00125195832391	89,4041861721098
26449,99805	0,434428400000002	1,749187988	1,00116766397028	89,1215156671932
26459,99805	0,434517799999981	1,750286011	1,00149320095503	89,1774601824018
26469,99805	0,434398600000009	1,749035156	1,00153688532065	89,1137288429205
26479,99805	0,434577499999989	1,748912354	1,0013204187327	89,1074720538034
26489,99805	0,436395399999981	1,759317505	1,00140518014369	89,6376168033831
26499,99805	0,434905299999969	1,753702148	1,00152980645118	89,3515131196821
26509,99805	0,435888799999987	1,756283203	1,0012481398549	89,4830184439802
26519,99805	0,435560899999984	1,758137939	1,00150838281977	89,5775176542518
26529,99805	0,434726500000011	1,753344116	1,00139521391957	89,3332713099302
26539,99805	0,433593999999971	1,743003906	1,0013204187327	88,8064353186936
26549,99805	0,434726500000011	1,750915771	1,0013299198997	89,2095465939777
26559,99805	0,434011199999986	1,746748779	1,00156249946676	88,9972374280328
26569,99805	0,433981399999993	1,747136108	1,00138170726059	89,0169719264279
26579,99805	0,434905299999969	1,751393555	1,00133206216283	89,2338897946706
26589,99805	0,435471500000006	1,753300537	1,00136354502978	89,3310509502216
26599,99805	0,434428400000002	1,750803711	1,00181389434486	89,2038371121414
26609,99805	0,43481589999999	1,751136475	1,00138627182124	89,2207915116931
26619,99805	0,434666899999968	1,749512451	1,00145119279529	89,138047128955
26629,99805	0,434726500000011	1,751173462	1,00143908430804	89,2226760075406
26639,99805	0,434100599999965	1,746501709	1,00143656899909	88,9846491567738
26649,99805	0,435143699999969	1,753203613	1,00129703986114	89,32611265094
26659,99805	0,435322499999984	1,751427002	1,0014406675025	89,2355939267336
26669,99805	0,434666899999968	1,749858521	1,00146842491186	89,1556794721557
26679,99805	0,435650299999963	1,749312378	1,00160236536337	89,1278533652621
26689,99805	0,434517799999981	1,746330444	1,00144402091439	88,9759231670658
26699,99805	0,436008000000015	1,754167603	1,00146227715675	89,3752281550925
26709,99805	0,435650299999963	1,751968506	1,00155039097951	89,263183675549
26719,99805	0,435799299999985	1,752061279	1,00124469343158	89,2679104804606
26729,99805	0,435680100000013	1,752058716	1,00144243771993	89,2677798950426
26739,99805	0,434190000000001	1,747643677	1,0014379661707	89,0428326794722
26749,99805	0,434905299999969	1,749990112	1,00148276867366	89,1623840627707
26759,99805	0,435978199999965	1,752812134	1,00139884636573	89,3061667091252
26769,99805	0,43615699999998	1,756482544	1,00142641675212	89,4931749121109
26779,99805	0,435173499999962	1,753387207	1,00153660528626	89,3354668059306
26789,99805	0,435233100000005	1,750878662	1,00144923655501	89,2076558822031
26799,99805	0,434517799999981	1,748546753	1,00133383138013	89,088844601824
26809,99805	0,433117100000004	1,73763147	1,00142725485507	88,532708513782
26819,99805	0,433921800000007	1,737991943	1,00129806498705	88,5510746930249
26829,99805	0,434756300000004	1,74344751	1,0015132264147	88,8290370408111
26839,99805	0,434487999999988	1,74147998	1,00139362972499	88,7287909512406
26849,99805	0,434905299999969	1,74515564	1,00139949844583	88,9160666428899
26859,99805	0,434398600000009	1,742642334	1,00151434455204	88,7880131451572
26869,99805	0,434577499999989	1,743679077	1,00152859530241	88,8408354307841
26879,99805	0,434249599999987	1,743436401	1,00127412704683	88,828471034799
26889,99805	0,434845699999983	1,743828979	1,00143219146141	88,8484729709074
26899,99805	0,436008000000015	1,751605103	1,00146628264873	89,2446682121567
26909,99805	0,434577499999989	1,748361084	1,00127151872646	89,0793847251236
26919,99805	0,436246400000016	1,755217041	1,00155262625407	89,4286972537831
26929,99805	0,435501299999999	1,755423706	1,00143172540417	89,4392268813369
26939,99805	0,434935099999961	1,750458496	1,00127161173788	89,1862483313802
26949,99805	0,433772799999986	1,745582031	1,00153474305752	88,9377913588424
26959,99805	0,434428400000002	1,745051147	1,00137481541408	88,9107427013808
26969,99805	0,434160200000008	1,744782349	1,00158681045281	88,8970473837061
26979,99805	0,435978199999965	1,75076416	1,00119961189435	89,2018219799256
26989,99805	0,434994700000004	1,749417603	1,0011439120529	89,1332146023335
26999,99805	0,435322499999984	1,747051636	1,00126462587983	89,0126680593061
27009,99805	0,434726500000011	1,748651367	1,00142725485507	89,09417470831
27019,99805	0,434935099999961	1,749612183	1,00133243520865	89,143128496459
27029,99805	0,435471500000006	1,7494552	1,00145910976771	89,1351301778163
27039,99805	0,436335799999995	1,755818604	1,00128688761417	89,4593470219595
27049,99805	0,437140499999998	1,764173706	1,00155365137998	89,8850413206298
27059,99805	0,437229899999977	1,764373291	1,00173481563185	89,8952102206145
27069,99805	0,435680100000013	1,753365845	1,00128828478578	89,3343784072961
27079,99805	0,433862199999965	1,744755249	1,00138888014161	88,8956666326999
27089,99805	0,43538209999997	1,749745605	1,00145631542449	89,1499263769297
27099,99805	0,434994700000004	1,747145508	1,0013609367094	89,0174508585112
27109,99805	0,435501299999999	1,749554443	1,00164493159166	89,1401866306618
27119,99805	0,436544400000002	1,756359863	1,001358515412	89,4869242879707
27129,99805	0,43672319999996	1,75885376	1,00140946466995	89,6139888928517
27139,99805	0,43672319999996	1,7596604	1,00151602075792	89,6550873796301
27149,99805	0,43591859999998	1,753475586	1,00142054903141	89,3399697355684
27159,99805	0,43672319999996	1,757993774	1,00137677065424	89,57017241555
27169,99805	0,436067600000001	1,753310669	1,00156911327912	89,3315671778672
27179,99805	0,436246400000016	1,755567505	1,0013609367094	89,4465534722576
27189,99805	0,437229899999977	1,761291138	1,00135944652637	89,7381738421562
27199,99805	0,437289499999963	1,761653198	1,0014770869758	89,7566208794008
27209,99805	0,436991400000011	1,761356445	1,00136019161789	89,7415012482804
27219,99805	0,436991400000011	1,760631714	1,0014645124313	89,7045760432058
27229,99805	0,436574199999995	1,760209229	1,00143126034705	89,683050338819
27239,99805	0,436544400000002	1,760156372	1,00134612689036	89,6803572629541
27249,99805	0,435322499999984	1,754665405	1,00137723671148	89,4005912773221
27259,99805	0,434726500000011	1,751740601	1,0014573405504	89,2515718652876
27269,99805	0,437319300000013	1,764449951	1,001503353202	89,8991160646049
27279,99805	0,43708079999999	1,762285645	1,00147513073552	89,7888441942222
27289,99805	0,437289499999963	1,762393677	1,00147587582704	89,7943484485658
27299,99805	0,437885499999993	1,770266602	1,00165284856408	90,1954757222194
27309,99805	0,437557700000013	1,766033081	1,00128195100782	89,9797768889795
27319,99805	0,437915299999986	1,768606323	1,00139493388518	90,110884139196
27329,99805	0,436901999999975	1,762447388	1,00153353190876	89,7970850359199
27339,99805	0,437229899999977	1,761939819	1,00149534321816	89,7712242828756
27349,99805	0,43648479999996	1,760098267	1,0012627636511	89,6773968003261
27359,99805	0,437825900000007	1,767886475	1,00128912288872	90,0742077240536
27369,99805	0,436544400000002	1,758464966	1,00132852272809	89,5941797523819
27379,99805	0,437378899999999	1,76462085	1,00126797929172	89,9078234065318
27389,99805	0,43675300000001	1,759770386	1,00140788147549	89,6606911907067
27399,99805	0,437378899999999	1,764750854	1,00143219146141	89,9144471391451
27409,99805	0,436067600000001	1,758678101	1,00140825352119	89,6050390278698
27419,99805	0,437170299999991	1,76330127	1,00140471408645	89,8405905130687
27429,99805	0,436395399999981	1,757775757	1,00154759663629	89,5590644010801
27439,99805	0,435143699999969	1,754117554	1,00140499412084	89,3726781474499
27449,99805	0,436991400000011	1,761381226	1,00142511259194	89,7427638457227
27459,99805	0,435411899999963	1,757151245	1,00168768484291	89,5272453762674
27469,99805	0,434994700000004	1,752209961	1,00132954685388	89,2754858613135
27479,99805	0,436872199999982	1,759256104	1,00118880756729	89,6344884088246
27489,99805	0,436544400000002	1,75872229	1,00132349311032	89,6072904672135
27499,99805	0,43675300000001	1,761262207	1,00135525501154	89,7366998012941
27509,99805	0,437706699999978	1,766308716	1,00149301493218	89,9938205533194
27519,99805	0,436335799999995	1,757344482	1,00150624055665	89,5370908442452
27529,99805	0,435888799999987	1,75931665	1,00152943340536	89,6375732409436
27539,99805	0,436633799999981	1,76003833	1,00159919797433	89,6743429968921
27549,99805	0,43672319999996	1,760200195	1,00154936685372	89,6825900545167
27559,99805	0,435262899999998	1,754400757	1,00128455932819	89,3871074030672
27569,99805	0,43672319999996	1,759716431	1,00140061558304	89,6579421714984
27579,99805	0,435560899999984	1,752999878	1,0013899042674	89,3157323075355
27589,99805	0,437229899999977	1,76297168	1,00150903489987	89,8237978295206
27599,99805	0,436901999999975	1,763571411	1,00146702774025	89,854354256891
27609,99805	0,436991400000011	1,763518311	1,00165182443829	89,8516488001223
27619,99805	0,436008000000015	1,759994507	1,00142287731739	89,6721102053294
27629,99805	0,436991400000011	1,760920166	1,00169122427765	89,7192727365364
27639,99805	0,434905299999969	1,752753784	1,00131389893189	89,3031937636929
27649,99805	0,435590699999977	1,749993164	1,00136736349879	89,1625395628471
27659,99805	0,435262899999998	1,753015503	1,0012941525065	89,3165284047486
27669,99805	0,435590699999977	1,750582275	1,00110646845382	89,1925548988638
27679,99805	0,435680100000013	1,750758789	1,00120920607278	89,2015483262852
27689,99805	0,43615699999998	1,754118164	1,00131781141245	89,3727092270851
27699,99805	0,436812599999996	1,760165405	1,00135721125182	89,6808174963061
27709,99805	0,435173499999962	1,752832397	1,00135525501154	89,3071991134661
27719,99805	0,434517799999981	1,750158569	1,00143200543857	89,1709669842564
27729,99805	0,436961599999961	1,759358276	1,0012499090722	89,6396940948693
27739,99805	0,436961599999961	1,762258179	1,00159025687612	89,7874447954349
27749,99805	0,436395399999981	1,756657837	1,00139595901109	89,5021061293117
27759,99805	0,435411899999963	1,755155029	1,001453242047	89,4255377286391
27769,99805	0,435978199999965	1,754107178	1,00127580325271	89,3721494879503
27779,99805	0,436335799999995	1,759335205	1,00150074488163	89,638518622306
27789,99805	0,435501299999999	1,753426147	1,00137863388309	89,337450807561
27799,99805	0,437170299999991	1,765259277	1,00163775971076	89,9403514036786
27809,99805	0,436216599999966	1,755723022	1,00130840325687	89,4544770978754
27819,99805	0,435322499999984	1,755572144	1,00145165885254	89,4467898303358
27829,99805	0,434428400000002	1,749403076	1,00115751072319	89,1324744484639
27839,99805	0,436544400000002	1,755952026	1,00148602907413	89,4661449024303
27849,99805	0,43505429999999	1,753733887	1,00153632625198	89,3531302287665
27859,99805	0,435173499999962	1,753274292	1,0014910586919	89,3297137616549
27869,99805	0,43481589999999	1,748348877	1,00133187613998	89,0787627757681
27879,99805	0,436216599999966	1,755278931	1,00157907950324	89,431850563
27889,99805	0,436008000000015	1,753860474	1,00118368393797	89,3595798644724
27899,99805	0,436127199999987	1,756408936	1,00148602907413	89,4894245681969
27909,99805	0,436633799999981	1,760777344	1,00143852523937	89,7119959239823
27919,99805	0,435829099999978	1,755814941	1,00156780911893	89,4591603912977
27929,99805	0,434607299999982	1,750634888	1,00152300661597	89,1952355428746
27939,99805	0,436574199999995	1,75988147	1,0015149036207	89,6663509451266
27949,99805	0,434905299999969	1,752799072	1,00143936334232	89,3055011973302
27959,99805	0,434160200000008	1,747640991	1,00142799994658	89,0426958271769
27969,99805	0,434011199999986	1,745121826	1,00121572587358	88,9143438120956
27979,99805	0,435471500000006	1,748817505	1,00162444007475	89,1026394762317
27989,99805	0,43538209999997	1,747730103	1,00132600741914	89,0472361033271
27999,99805	0,434905299999969	1,747936157	1,00156538682141	89,0577346002955
28009,99805	0,433653600000014	1,743031494	1,00145789961907	88,8078409334081
28019,99805	0,435680100000013	1,754098145	1,0014484914635	89,3716892545983
28029,99805	0,434517799999981	1,749778931	1,0013878550157	89,1516243440159
28039,99805	0,433564199999978	1,742194458	1,00150549546513	88,7651937636929
28049,99805	0,434249599999987	1,747813477	1,00146488547712	89,0514840271055
28059,99805	0,434577499999989	1,746532593	1,00133047896837	88,9862227034188
28069,99805	0,434070799999972	1,743838501	1,00146171808808	88,8489581189178
28079,99805	0,435501299999999	1,750519409	1,00150642757962	89,1893518622306
28089,99805	0,436067600000001	1,753522705	1,00169392560945	89,3423704590615
28099,99805	0,434726500000011	1,747308105	1,00124795383205	89,0257352116982
28109,99805	0,434666899999968	1,750018433	1,00161065538161	89,1638270239976
28119,99805	0,434845699999983	1,746501343	1,00137872689452	88,9846305089927
28129,99805	0,435411899999963	1,750746704	1,00149608830968	89,2009325928568
28139,99805	0,435739699999999	1,753674805	1,00148537699404	89,3501199877719
28149,99805	0,436067600000001	1,754981567	1,00146544354567	89,4166998012941
28159,99805	0,435680100000013	1,750320435	1,00129117214043	89,1792140928313
28169,99805	0,434905299999969	1,751731812	1,00145026168093	89,2511240637897
28179,99805	0,434756300000004	1,74982666	1,00133364535729	89,1540561471443
28189,99805	0,433117100000004	1,739393433	1,0013683886247	88,622480919142
28199,99805	0,435233100000005	1,747692627	1,00136578030433	89,0453266928211
28209,99805	0,434845699999983	1,750370361	1,00150353922485	89,1817578335966
28219,99805	0,43538209999997	1,7482146	1,00141989695132	89,0719213328578
28229,99805	0,435262899999998	1,74945459	1,00142986317544	89,1350990981811
28239,99805	0,435739699999999	1,75103186	1,00128912288872	89,2154613542569
28249,99805	0,436008000000015	1,754864868	1,00148127849063	89,4107539613797
28259,99805	0,435680100000013	1,752336914	1,00125298344982	89,2819541448005
28269,99805	0,435650299999963	1,75242688	1,00138906616446	89,28653793244
28279,99805	0,436127199999987	1,752396729	1,00146395336263	89,2850017323075
28289,99805	0,435650299999963	1,750197021	1,0013537648285	89,1729261221786
28299,99805	0,435560899999984	1,74999707	1,00122755532656	89,1627385744128
28309,99805	0,434666899999968	1,749011841	1,0015609162723	89,1125409385031
28319,99805	0,43708079999999	1,759034668	1,0014941320694	89,623206195547
28329,99805	0,43672319999996	1,75813269	1,00134808313064	89,5772502165385
28339,99805	0,436008000000015	1,754364258	1,00151294738043	89,3852477709278
28349,99805	0,43708079999999	1,759560059	1,00139446882805	89,6499749834412
28359,99805	0,435799299999985	1,749064331	1,00119588643676	89,1152153156366
28369,99805	0,436008000000015	1,750751221	1,00138589877542	89,2011627350079
28379,99805	0,435739699999999	1,749996582	1,00157227966804	89,1627137107047
28389,99805	0,437319300000013	1,75995752	1,00132777763657	89,6702257094818
28399,99805	0,436901999999975	1,758799194	1,00148453789097	89,611208743058
28409,99805	0,437408699999992	1,762259766	1,00135562705723	89,7875256534366
28419,99805	0,43708079999999	1,758390015	1,00131892854966	89,5903609823203
28429,99805	0,435680100000013	1,749474121	1,00134230842134	89,1360942069598
28439,99805	0,436663599999974	1,756341309	1,0014740135983	89,4859789575585
28449,99805	0,437378899999999	1,764030884	1,00131846349254	89,8777645080756
28459,99805	0,437796100000014	1,768583008	1,00152384471891	90,1096962347786
28469,99805	0,436991400000011	1,759774658	1,0013656872929	89,6609088500535
28479,99805	0,437229899999977	1,762092041	1,00151984022705	89,7789800275131
28489,99805	0,436306000000002	1,752690308	1,00119830773416	89,2999596474245
28499,99805	0,436812599999996	1,758908936	1,00138729594703	89,6168001222805
28509,99805	0,437140499999998	1,760508667	1,00147289546097	89,6983067712845
28519,99805	0,43672319999996	1,758694336	1,00153204172573	89,605866204718
28529,99805	0,43708079999999	1,758754517	1,00118387096094	89,6089324400061
28539,99805	0,437885499999993	1,769975464	1,00159128100191	90,1806421765935
28549,99805	0,436663599999974	1,760700073	1,00146935602623	89,7080589494064
28559,99805	0,43672319999996	1,75967627	1,00153129663421	89,6558959596474
28569,99805	0,437319300000013	1,763658081	1,00151425154061	89,8587701126
28579,99805	0,437050999999997	1,76132666	1,00145678148173	89,7399836959291
28589,99805	0,437408699999992	1,763439697	1,00166234973108	89,8476433993988
28599,99805	0,43708079999999	1,763650879	1,00138319844375	89,8584031691038
28609,99805	0,438481599999989	1,773531494	1,00147419962115	90,3618226932287
28619,99805	0,438779599999975	1,775656982	1,00147308148382	90,470116777908
28629,99805	0,438213299999973	1,772915527	1,00135655917172	90,3304390380598
28639,99805	0,437557700000013	1,765862183	1,00127068062351	89,9710695980028
28649,99805	0,43675300000001	1,761266235	1,00140173372038	89,7369050287869
28659,99805	0,437706699999978	1,76790918	1,00152412475331	90,0753645488358
28669,99805	0,437796100000014	1,772084473	1,00131995367558	90,2880966525704
28679,99805	0,437736499999971	1,769609741	1,00147270943812	90,162008508687
28689,99805	0,438451799999996	1,772676147	1,00156939231339	90,3182425740052
28699,99805	0,438392099999987	1,773971313	1,00153371793161	90,3842315687573
28709,99805	0,438034500000015	1,77076001	1,00164474556881	90,2206149691751
28719,99805	0,437557700000013	1,768681641	1,0016239740175	90,114721607989
28729,99805	0,438213299999973	1,772754883	1,00153353190876	90,3222541906557
28739,99805	0,436961599999961	1,762762451	1,00123938377941	89,8131375655984
28749,99805	0,437617299999999	1,768936523	1,00122597113198	90,1277079023794
28759,99805	0,437617299999999	1,767567017	1,00149711243547	90,057931268151
28769,99805	0,438243099999966	1,771679565	1,00154824871638	90,2674665002293
28779,99805	0,437647099999992	1,766354126	1,00144979562368	89,9961342028838
28789,99805	0,436544400000002	1,762375488	1,00131548212635	89,7934217149845
28799,99805	0,436425199999974	1,757052979	1,00142911808392	89,5222387017884
28809,99805	0,436544400000002	1,759038696	1,00151453057488	89,6234114230397
28819,99805	0,437915299999986	1,767088379	1,00131194269161	90,0335445559688
28829,99805	0,437050999999997	1,76317981	1,00139232656493	89,8344020991491
28839,99805	0,437498099999971	1,765601807	1,00127412704683	89,9578033830947
28849,99805	0,437468299999978	1,763323242	1,00135357880565	89,8417099913385
28859,99805	0,437736499999971	1,767120117	1,00150409829352	90,035161614103
28869,99805	0,437050999999997	1,761982056	1,00132656648781	89,7733762673868
28879,99805	0,437498099999971	1,764527222	1,00132945384245	89,9030530391807
28889,99805	0,436961599999961	1,762031006	1,00145892374486	89,7758702807357
28899,99805	0,437885499999993	1,76748938	1,00151406451764	90,0539756457941
28909,99805	0,437796100000014	1,765994995	1,00123472720746	89,9778363988383
28919,99805	0,437885499999993	1,76947876	1,00157665720572	90,1553349977072
28929,99805	0,438541199999975	1,772131104	1,00137388329959	90,2904725123554
28939,99805	0,437974899999972	1,767762207	1,00148779829144	90,0678762419117
28949,99805	0,438481599999989	1,771710083	1,00138217331783	90,2690213990931
28959,99805	0,437647099999992	1,765935425	1,00149506318376	89,9748012941356
28969,99805	0,437617299999999	1,765340576	1,00136671141869	89,9444936057472
28979,99805	0,436901999999975	1,761194458	1,00140415501778	89,7332479747287
28989,99805	0,437170299999991	1,762899414	1,00152999247402	89,820115860804
28999,99805	0,437617299999999	1,765055298	1,0014212011115	89,92995862842
29009,99805	0,436008000000015	1,758312378	1,00131203670316	89,5864053599633
29019,99805	0,436812599999996	1,761029297	1,00162099365143	89,7248329851735
29029,99805	0,436306000000002	1,756453369	1,00137583953987	89,4916884393947
29039,99805	0,436395399999981	1,758584839	1,00152878132526	89,6002873082998
29049,99805	0,436901999999975	1,759265503	1,00132293404165	89,6349672899577
29059,99805	0,438243099999966	1,769161255	1,00128977496882	90,1391580475875
29069,99805	0,436216599999966	1,760309692	1,0014045280636	89,6881689509349
29079,99805	0,43863060000001	1,77337439	1,00129610874677	90,3538182096092
29089,99805	0,43648479999996	1,760934937	1,00143256450723	89,7200253222602
29099,99805	0,435560899999984	1,756886963	1,00140629728091	89,5137801497936
29109,99805	0,43648479999996	1,756008057	1,0013660593386	89,4689996942987
29119,99805	0,43648479999996	1,75750293	1,00139968446868	89,5451638049626
29129,99805	0,435680100000013	1,75080127	1,00120408244346	89,2037127426504
29139,99805	0,435084099999983	1,751741699	1,00144960960083	89,251627808631
29149,99805	0,435590699999977	1,750872314	1,0014409475369	89,2073324501962
29159,99805	0,434994700000004	1,748269287	1,00134202838695	89,0747076476283
29169,99805	0,43591859999998	1,751387939	1,00153250778297	89,2336036582259
29179,99805	0,436395399999981	1,75528479	1,00123612437907	89,4321490803485
29189,99805	0,436008000000015	1,75386145	1,00141775468819	89,3596295918887
29199,99805	0,436306000000002	1,754257202	1,00153735037777	89,3797932440006
29209,99805	0,43675300000001	1,756802002	1,00157013740491	89,5094513680134
29219,99805	0,43591859999998	1,751759033	1,00122280474306	89,2525109797728
29229,99805	0,437170299999991	1,759410034	1,00129946215866	89,6423311764406
29239,99805	0,434160200000008	1,74370459	1,00136652539584	88,8421353237887
29249,99805	0,433981399999993	1,743628174	1,00151453057488	88,8382419116523
29259,99805	0,436246400000016	1,75082959	1,00143750111358	89,2051556529271
29269,99805	0,434726500000011	1,746388184	1,00147997433044	88,9788650328629
29279,99805	0,435799299999985	1,751739502	1,00126602305144	89,251515870994
29289,99805	0,435233100000005	1,751867554	1,00136671141869	89,2580401487747
29299,99805	0,435560899999984	1,750771729	1,00159305121934	89,2022076221532
29309,99805	0,434398600000009	1,744401489	1,00133951407812	88,8776424822948
29319,99805	0,434487999999988	1,7450896	1,00139362972499	88,9127018902532
29329,99805	0,437170299999991	1,757919067	1,00113906845798	89,5663660773424
29339,99805	0,435560899999984	1,748678833	1,00136903970467	89,0955741070974
29349,99805	0,436633799999981	1,753891602	1,0012935004264	89,3611658429714
29359,99805	0,434517799999981	1,747810913	1,00137276616238	89,0513533907372
29369,99805	0,437319300000013	1,759431641	1,00142539162621	89,6434320578795
29379,99805	0,435501299999999	1,748866089	1,00142939711819	89,1051148417996
29389,99805	0,434487999999988	1,745558228	1,00159398233371	88,9365785907169
29399,99805	0,43672319999996	1,755302612	1,00153483606895	89,4330571151985
29409,99805	0,436067600000001	1,752403442	1,00158671744139	89,2853437611454
29419,99805	0,437974899999972	1,767350464	1,0015541164371	90,0468978448056
29429,99805	0,435084099999983	1,750243652	1,00130104535312	89,1753019819636
29439,99805	0,436335799999995	1,754418945	1,00142213222587	89,3880340856983
29449,99805	0,436633799999981	1,756707275	1,00154126285833	89,5046250063688
29459,99805	0,437319300000013	1,761101074	1,00145696750458	89,7284900392317
29469,99805	0,435501299999999	1,750978882	1,00133643970051	89,2127621134152
29479,99805	0,437140499999998	1,75756311	1,00150763772826	89,5482299893005
29489,99805	0,437617299999999	1,762361694	1,0013977282284	89,7927189076272
29499,99805	0,435560899999984	1,752917969	1,00159090895622	89,3115590258318
29509,99805	0,435739699999999	1,753803223	1,00141281808184	89,3566629133337
29519,99805	0,437378899999999	1,761100342	1,00143191242714	89,7284527436694
29529,99805	0,437378899999999	1,763711914	1,00158587833832	89,8615129158812
29539,99805	0,437408699999992	1,764883667	1,00150102491602	89,9212139909309
29549,99805	0,436961599999961	1,762186523	1,00152170245579	89,7837939063535
29559,99805	0,437647099999992	1,763441895	1,00151294738043	89,8477553879859
29569,99805	0,437229899999977	1,758900024	1,00144644221179	89,6163460539053
29579,99805	0,436961599999961	1,757427368	1,00150074488163	89,5413139043155
29589,99805	0,437289499999963	1,760970825	1,00135301973698	89,7218538238141
29599,99805	0,437974899999972	1,767468872	1,00158317800665	90,0529307586488
29609,99805	0,436991400000011	1,759296753	1,00131548212635	89,6365594843838
29619,99805	0,437229899999977	1,75962561	1,0015006518702	89,6533148214195
29629,99805	0,438034500000015	1,766113525	1,00145687449316	89,9838755286086
29639,99805	0,437289499999963	1,758663696	1,00154005170957	89,6043050899271
29649,99805	0,436395399999981	1,754350342	1,00149068564608	89,3845387476436
29659,99805	0,437229899999977	1,757695557	1,00127747945859	89,5549781933051
29669,99805	0,438392099999987	1,767480469	1,00146842491186	90,0535216283691
29679,99805	0,437825900000007	1,763735962	1,00152198249018	89,862738166811
29689,99805	0,437378899999999	1,760667603	1,00143805918213	89,70640459571
29699,99805	0,438243099999966	1,765907104	1,00162173874295	89,9733583329088
29709,99805	0,437170299999991	1,759804199	1,00155821494051	89,6624139705508
29719,99805	0,437825900000007	1,765442871	1,00129731989554	89,9497055586692
29729,99805	0,437736499999971	1,764210938	1,00148649413125	89,8869382992816
29739,99805	0,438034500000015	1,765772217	1,00141197897877	89,9664858103633
29749,99805	0,437796100000014	1,766186401	1,00136494220139	89,9875885769603
29759,99805	0,438302700000008	1,771260132	1,0013227480188	90,2460962959189
29769,99805	0,43928619999997	1,777148438	1,00140825352119	90,5461067916645
29779,99805	0,438719999999989	1,77257666	1,00147587582704	90,3131736893056
29789,99805	0,438302700000008	1,766565552	1,00128278911076	90,0069064044429
29799,99805	0,438153699999987	1,766884155	1,00128716664844	90,0231392979059
29809,99805	0,438481599999989	1,770553955	1,00148658714268	90,2101164212564
29819,99805	0,438123899999994	1,767372437	1,00157041643918	90,0480173740256
29829,99805	0,437736499999971	1,766254272	1,00142334337463	89,9910466194528
29839,99805	0,438302700000008	1,771290405	1,00152030528418	90,2476387119784
29849,99805	0,438123899999994	1,768129028	1,00144150560544	90,0865658531615
29859,99805	0,439196799999991	1,775549683	1,00138291840935	90,4646498700769
29869,99805	0,438898800000004	1,773935669	1,00137211408229	90,3824154990574
29879,99805	0,437736499999971	1,766942993	1,00146805186604	90,0261371070464
29889,99805	0,438660400000003	1,771286133	1,00148127849063	90,2474210526316
29899,99805	0,437974899999972	1,766645386	1,00145910976771	90,0109739644367
29909,99805	0,438809399999968	1,77154126	1,00132433121326	90,2604198298263
29919,99805	0,438451799999996	1,770673584	1,00153409097743	90,2162115453202
29929,99805	0,438213299999973	1,766895752	1,00134491574159	90,0237301676262
29939,99805	0,438302700000008	1,767580322	1,00154321909861	90,0586091608499
29949,99805	0,438153699999987	1,768656982	1,00143610394197	90,1134652264737
29959,99805	0,438869000000011	1,771500854	1,00128362721371	90,2583611351709
29969,99805	0,437647099999992	1,763214722	1,00139251258777	89,8361808732868
29979,99805	0,438392099999987	1,76856958	1,00147280244954	90,1090120752025
29989,99805	0,438362299999994	1,768318481	1,00139446882805	90,0962185255006
29999,99805	0,437974899999972	1,766326538	1,00136028462931	89,9947285881694
30009,99805	0,438123899999994	1,76668811	1,00143265751866	90,0131507617058
30019,99805	0,439047799999969	1,77286731	1,00124450740873	90,3279823712233
30029,99805	0,439137200000005	1,775049072	1,00146460544273	90,4391436286748
30039,99805	0,437885499999993	1,767013794	1,00156594589008	90,0297444336883
30049,99805	0,437706699999978	1,764280518	1,00134342555856	89,8904834157029
30059,99805	0,438988199999983	1,774877686	1,00168908201452	90,4304114739899
30069,99805	0,438243099999966	1,76651123	1,00125028211803	90,0041386865033
30079,99805	0,437557700000013	1,761963501	1,00135544103439	89,7724308860244
30089,99805	0,437617299999999	1,762210938	1,00125447363286	89,7850378560147
30099,99805	0,437915299999986	1,765986938	1,00160711594687	89,9774258929026
30109,99805	0,437825900000007	1,7665802	1,00153455603455	90,0076527232893
30119,99805	0,437915299999986	1,765468018	1,00109026146316	89,9509868038926
30129,99805	0,438034500000015	1,767902954	1,00166281578832	90,0750473327559
30139,99805	0,438869000000011	1,77203418	1,00141617049361	90,2855342130738
30149,99805	0,437289499999963	1,761987183	1,00135441690859	89,7736374891731
30159,99805	0,436633799999981	1,76103772	1,00120864700411	89,7252621388903
30169,99805	0,435799299999985	1,75534021	1,00126108644509	89,4349727416314
30179,99805	0,436574199999995	1,754742188	1,00138804103855	89,4045033881897
30189,99805	0,43648479999996	1,751714966	1,00143852523937	89,250265756356
30199,99805	0,436663599999974	1,758968384	1,00135385783993	89,6198290110562
30209,99805	0,437229899999977	1,759592285	1,00156063723803	89,6516169052835
30219,99805	0,437825900000007	1,763356445	1,00130048628446	89,8434016915474
30229,99805	0,437825900000007	1,762870483	1,00123677645916	89,8186418199419
30239,99805	0,436574199999995	1,759514282	1,00137677065424	89,6476426351455
30249,99805	0,436425199999974	1,756386963	1,00141300410469	89,4883050389769
30259,99805	0,437647099999992	1,764234497	1,00128176498497	89,8881386355531
30269,99805	0,43615699999998	1,758178467	1,00143852523937	89,5795825648342
30279,99805	0,435262899999998	1,751303101	1,00144998164653	89,229281143323
30289,99805	0,435829099999978	1,75521228	1,00132442422468	89,4284546797779
30299,99805	0,435590699999977	1,753110596	1,00165918234204	89,3213734141744
30309,99805	0,436872199999982	1,757402588	1,00167008068065	89,5400513578234
30319,99805	0,436216599999966	1,757335938	1,0014961813211	89,5366555255515
30329,99805	0,435411899999963	1,750692871	1,00133336632301	89,1981897895756
30339,99805	0,435501299999999	1,748494263	1,00131194269161	89,0861702246905
30349,99805	0,434756300000004	1,746916016	1,0014890094402	89,0057581902481
30359,99805	0,435233100000005	1,746401611	1,00136000559504	88,9795491414888
30369,99805	0,43672319999996	1,751977783	1,00128865683148	89,2636563407551
30379,99805	0,436127199999987	1,750252075	1,00134435667293	89,1757311356804
30389,99805	0,436872199999982	1,753306396	1,00125764002177	89,3313494675702
30399,99805	0,435829099999978	1,749397583	1,0015683681876	89,1321945788964
30409,99805	0,435888799999987	1,752977295	1,00143023522113	89,3145816986804
30419,99805	0,434994700000004	1,74606543	1,00111652768936	88,9624206450298
30429,99805	0,435978199999965	1,753532959	1,00152570794777	89,3428929026341
30439,99805	0,43648479999996	1,75269873	1,00140871957843	89,3003887501911
30449,99805	0,437319300000013	1,760628662	1,0014215731572	89,7044205431294
30459,99805	0,436872199999982	1,755840942	1,00150996701436	89,4604851480104
30469,99805	0,437408699999992	1,762340332	1,00144131958259	89,7916305089927
30479,99805	0,436246400000016	1,75672998	1,00131976765273	89,505781831151
30489,99805	0,436127199999987	1,757244385	1,00131809044672	89,5319908799103
30499,99805	0,437140499999998	1,758145386	1,00145510527585	89,5778970805523
30509,99805	0,436544400000002	1,756961792	1,00154722359047	89,5175927039283
30519,99805	0,43675300000001	1,755735962	1,00140126766313	89,4551363937433
30529,99805	0,43648479999996	1,753871094	1,00139362972499	89,3601209558262
30539,99805	0,435471500000006	1,75202356	1,00142809295801	89,2659886890508
30549,99805	0,435829099999978	1,753108398	1,00127924967602	89,3212614255872
30559,99805	0,435143699999969	1,748839478	1,00148882341735	89,1037590054517
30569,99805	0,434577499999989	1,74457605	1,00124050191675	88,8865364039334
30579,99805	0,434338999999966	1,740998047	1,00131184968019	88,7042363580782
30589,99805	0,43538209999997	1,746973145	1,00130002022721	89,0086689254598
30599,99805	0,436246400000016	1,749044067	1,00139884636573	89,1141828603455
30609,99805	0,435262899999998	1,746996216	1,0014024788119	89,0098443980231
30619,99805	0,434100599999965	1,739935913	1,0013445436959	88,6501203953737
30629,99805	0,434607299999982	1,743719482	1,00158615837272	88,8428940744892
30639,99805	0,435084099999983	1,743327393	1,00151769796393	88,8229170530392
30649,99805	0,435560899999984	1,744550049	1,00144979562368	88,8852116472207
30659,99805	0,436574199999995	1,750996216	1,00128306814504	89,213645284557
30669,99805	0,436127199999987	1,75110437	1,00130383969634	89,2191557548275
30679,99805	0,437378899999999	1,758412964	1,00156464172989	89,5915302389565
30689,99805	0,436544400000002	1,754280518	1,00129396648365	89,3809811993682
30699,99805	0,436961599999961	1,756155396	1,00163934290522	89,4765066490039
30709,99805	0,435888799999987	1,754421387	1,0014791362275	89,3881585061395
30719,99805	0,436216599999966	1,751867432	1,00125931722778	89,2580339328476
30729,99805	0,436574199999995	1,754348877	1,00135478895429	89,3844641055689
30739,99805	0,436425199999974	1,754334473	1,00110497827078	89,3837302185764
30749,99805	0,436246400000016	1,750873779	1,0016141008048	89,2074070922709
30759,99805	0,436008000000015	1,752132568	1,0016501482324	89,2715426708106
30769,99805	0,435680100000013	1,751470947	1,00139279162205	89,2378329342233
30779,99805	0,435084099999983	1,748187378	1,00133057197979	89,0705343659245
30789,99805	0,43672319999996	1,752939575	1,00118442902948	89,3126598563204
30799,99805	0,43538209999997	1,749095825	1,00123286397861	89,1168199419167
30809,99805	0,436425199999974	1,751620361	1,00162173874295	89,2454456106384
30819,99805	0,437229899999977	1,759198364	1,00149916168717	89,6315465430275
30829,99805	0,437378899999999	1,75550293	1,00141309711611	89,4432633616956
30839,99805	0,437974899999972	1,761154053	1,00127598927556	89,7311893310236
30849,99805	0,436425199999974	1,751517944	1,00130514385653	89,2402274417894
30859,99805	0,43672319999996	1,752519653	1,00143191242714	89,2912647373516
30869,99805	0,437289499999963	1,757905151	1,00144225069696	89,5656570540582
30879,99805	0,437289499999963	1,756914063	1,00147056717499	89,5151609007999
30889,99805	0,437736499999971	1,762566895	1,00156417667277	89,8031739440567
30899,99805	0,437140499999998	1,755823364	1,00151499663213	89,4595895450145
30909,99805	0,437319300000013	1,758598999	1,00159388932229	89,6010087634381
30919,99805	0,436812599999996	1,754394531	1,00136270592671	89,3867901869873
30929,99805	0,437706699999978	1,759583252	1,00133522855175	89,6511566719315
30939,99805	0,437736499999971	1,760668213	1,00134985234794	89,7064356753452
30949,99805	0,437706699999978	1,762023682	1,00149785752698	89,7754971213125
30959,99805	0,438302700000008	1,769542358	1,00156818116463	90,1585753299027
30969,99805	0,437617299999999	1,764282104	1,0013776097573	89,8905642227544
30979,99805	0,438719999999989	1,770674072	1,00144513905173	90,2162364090284
30989,99805	0,438302700000008	1,767152832	1,00157507401126	90,0368284506038
30999,99805	0,438243099999966	1,768878906	1,0016334751845	90,1247723034595
31009,99805	0,437796100000014	1,765643433	1,00138953222171	89,9599242370204
31019,99805	0,438570999999968	1,767967651	1,00140741541825	90,0783436592449
31029,99805	0,437289499999963	1,759604858	1,00124683569471	89,6522575024201
31039,99805	0,437468299999978	1,760474854	1,00127412704683	89,6965839914404
31049,99805	0,438123899999994	1,766570923	1,00137639860854	90,0071800580833
31059,99805	0,437468299999978	1,763819702	1,00138953222171	89,8670047383706
31069,99805	0,437825900000007	1,765964478	1,0012859564998	89,9762815509247
31079,99805	0,437647099999992	1,763736206	1,00140983671565	89,8627505986651
31089,99805	0,438481599999989	1,768480835	1,00134752406197	90,1044904977837
31099,99805	0,439405399999998	1,775704102	1,00147811110159	90,4725175523513
31109,99805	0,43928619999997	1,778214844	1,00150577549952	90,6004404137158
31119,99805	0,438064300000008	1,769073364	1,00128129892773	90,1346799816579
31129,99805	0,439196799999991	1,77659729	1,00147568980419	90,5180256789117
31139,99805	0,437706699999978	1,76702063	1,00116766397028	90,0300927294034
31149,99805	0,439107400000012	1,776847168	1,00159388932229	90,530757018393
31159,99805	0,439047799999969	1,775693237	1,00138235934068	90,4719639781933
31169,99805	0,438064300000008	1,769376953	1,00129284834631	90,1501479084934
31179,99805	0,43895839999999	1,77405481	1,00143656899909	90,3884857594131
31189,99805	0,438362299999994	1,771103027	1,00141905884837	90,2380917613492
31199,99805	0,437974899999972	1,768464844	1,00143116733562	90,1036757527895
31209,99805	0,43863060000001	1,770393433	1,00141104786441	90,2019377897794
31219,99805	0,437885499999993	1,767254272	1,00118293884645	90,0419968410863
31229,99805	0,437557700000013	1,765958374	1,00149636734395	89,9759705507719
31239,99805	0,436306000000002	1,759515259	1,00140564520082	89,647692413512
31249,99805	0,438898800000004	1,770968994	1,00148956850887	90,231262750293
31259,99805	0,435650299999963	1,755309692	1,00150819679693	89,4334178427676
31269,99805	0,43708079999999	1,7644729	1,00127030757769	89,9002853212412
31279,99805	0,436425199999974	1,757647583	1,0013997774801	89,5525339073725
31289,99805	0,437617299999999	1,761423828	1,00161801328536	89,7449344270648
31299,99805	0,435829099999978	1,753159546	1,00137248612798	89,3238674275233
31309,99805	0,437408699999992	1,758330078	1,00141654353943	89,5873071788862
31319,99805	0,437468299999978	1,760549805	1,00164744690061	89,700402761502
31329,99805	0,438034500000015	1,764396851	1,00134948030225	89,8964106078362
31339,99805	0,436901999999975	1,757885376	1,0013343904488	89,5646495134254
31349,99805	0,436216599999966	1,75489502	1,00153399796601	89,4122902124624
31359,99805	0,437289499999963	1,760087524	1,00142250427156	89,6768494420951
31369,99805	0,437647099999992	1,762637451	1,0013776097573	89,8067687878942
31379,99805	0,438898800000004	1,773666138	1,00131669327511	90,3686828348703
31389,99805	0,437319300000013	1,760821777	1,00141877881398	89,7142597951801
31399,99805	0,436812599999996	1,758241211	1,0014144012763	89,5827793855403
31409,99805	0,436901999999975	1,758653931	1,00153753740075	89,6038075610129
31419,99805	0,435084099999983	1,750698975	1,00133429743738	89,1985007897284
31429,99805	0,435590699999977	1,752262207	1,00138180127214	89,278147806593
31439,99805	0,436008000000015	1,755776489	1,00163682859639	89,4572012533755
31449,99805	0,438034500000015	1,764205078	1,00136112273225	89,8866397309828
31459,99805	0,436306000000002	1,757171265	1,0013929776449	89,5282653997045
31469,99805	0,436246400000016	1,752612061	1,00142306334023	89,2959729454323
31479,99805	0,436395399999981	1,754886108	1,00146590960291	89,4118361440872
31489,99805	0,43538209999997	1,752033569	1,00157013740491	89,2664986498191
31499,99805	0,43481589999999	1,746589478	1,00156417667277	88,9891210067764
31509,99805	0,435560899999984	1,752407959	1,00132330708747	89,2855739032965
31519,99805	0,435888799999987	1,750436035	1,00114111770968	89,1851039384521
31529,99805	0,435262899999998	1,751203125	1,001356838206	89,224187343965
31539,99805	0,435501299999999	1,751150391	1,00145501226443	89,2215005349773
31549,99805	0,434517799999981	1,747566772	1,00143731409061	89,0389143526775
31559,99805	0,436008000000015	1,756906494	1,00139130143901	89,5147752585724
31569,99805	0,436961599999961	1,758773682	1,00161968949124	89,6099089010037
31579,99805	0,436306000000002	1,759482544	1,00149729945844	89,6460255770113
31589,99805	0,434756300000004	1,750191162	1,00147615586143	89,1726276048301
31599,99805	0,436306000000002	1,753560303	1,00124888494641	89,3442860854945
31609,99805	0,434487999999988	1,745027222	1,00127552421844	88,9095237173282
31619,99805	0,435143699999969	1,748659058	1,00162201877734	89,0945665664646
31629,99805	0,435650299999963	1,745627197	1,00139409578223	88,9400925765527
31639,99805	0,436395399999981	1,753560791	1,00155281227691	89,3443109492026
31649,99805	0,436246400000016	1,753059814	1,00138925218731	89,3187860600194
31659,99805	0,434666899999968	1,746046509	1,00123249193291	88,9614566158863
31669,99805	0,437229899999977	1,760195679	1,00126872438323	89,6823599633158
31679,99805	0,435471500000006	1,751149048	1,00135357880565	89,2214321088297
31689,99805	0,43675300000001	1,757384644	1,00158718249851	89,5391371070464
31699,99805	0,436663599999974	1,756056641	1,00131008046288	89,4714750598665
31709,99805	0,435084099999983	1,751536621	1,00143656899909	89,2411790390788
31719,99805	0,437378899999999	1,759349487	1,00139167448483	89,6392462933714
31729,99805	0,435978199999965	1,755442139	1,00142455352327	89,4401660467723
31739,99805	0,43675300000001	1,756529663	1,0012941525065	89,495575635604
31749,99805	0,43672319999996	1,756185791	1,00130970741706	89,4780552809905
31759,99805	0,43708079999999	1,756931641	1,00147513073552	89,5160565037958
31769,99805	0,436633799999981	1,757075317	1,00161307667901	89,5233768278392
31779,99805	0,435590699999977	1,753099976	1,0015952864939	89,3208323228206
31789,99805	0,435471500000006	1,75200061	1,00146125203084	89,2648193814643
31799,99805	0,435084099999983	1,74960791	1,00132889477379	89,1429107861619
31809,99805	0,436574199999995	1,755727051	1,00144942357798	89,4546823763183
31819,99805	0,43672319999996	1,754001099	1,00123528627613	89,3667447393896
31829,99805	0,434309199999973	1,743060913	1,00150856984275	88,8093398379783
31839,99805	0,434726500000011	1,745258911	1,0013486421993	88,9213283232282
31849,99805	0,434994700000004	1,745954468	1,00141654353943	88,9567671065369
31859,99805	0,436335799999995	1,753288696	1,00175213975972	89,3304476486473
31869,99805	0,436216599999966	1,754751221	1,00135031840519	89,4049636215418
31879,99805	0,43538209999997	1,749415283	1,00137434935684	89,1330963978193
31889,99805	0,435888799999987	1,746620972	1,0014024788119	88,9907256330565
31899,99805	0,434070799999972	1,739482544	1,00134808313064	88,627021144342
31909,99805	0,436067600000001	1,748604858	1,00138366350087	89,091805064452
31919,99805	0,434666899999968	1,744439819	1,00141384220763	88,87959540429
31929,99805	0,436633799999981	1,751365112	1,00150027982451	89,2324406175167
31939,99805	0,436067600000001	1,748200562	1,00162704839512	89,0712060936465
31949,99805	0,43538209999997	1,745991821	1,001414773322	88,9586702501656
31959,99805	0,43481589999999	1,744628052	1,00142930410677	88,8891859173587
31969,99805	0,436961599999961	1,753933594	1,00154545437316	89,3633053446783
31979,99805	0,436991400000011	1,756478027	1,00147829812456	89,4929447699598
31989,99805	0,436901999999975	1,756225586	1,00152440378758	89,4800828450604
31999,99805	0,436961599999961	1,754177856	1,00124143303112	89,3757505477149
32009,99805	0,437408699999992	1,75884729	1,00132395816744	89,6136592449177
32019,99805	0,435799299999985	1,752655762	1,00137220709371	89,2981995210679
32029,99805	0,43648479999996	1,7508479	1,00154629247611	89,2060885514852
32039,99805	0,437557700000013	1,75870166	1,00144467299448	89,6062393641412
32049,99805	0,437468299999978	1,758278076	1,00147391958676	89,5846576654609
32059,99805	0,437408699999992	1,760899414	1,00149916168717	89,7182154175371
32069,99805	0,437825900000007	1,761578857	1,00144923655501	89,7528331889744
32079,99805	0,436812599999996	1,755412964	1,00141030277289	89,4386795740562
32089,99805	0,437170299999991	1,757266846	1,00156613191293	89,5331352728384
32099,99805	0,437825900000007	1,762578369	1,00149469113807	89,8037585468997
32109,99805	0,437468299999978	1,758166748	1,00135180858822	89,5789854791868
32119,99805	0,438153699999987	1,761875122	1,00160413458068	89,7679279563866
32129,99805	0,437378899999999	1,760094849	1,00147140527793	89,6772226524685
32139,99805	0,438064300000008	1,762908936	1,00124227113406	89,8206010088144
32149,99805	0,439405399999998	1,774100708	1,00150251509906	90,3908242726856
32159,99805	0,438302700000008	1,768682861	1,00119560640237	90,1147837672594
32169,99805	0,438451799999996	1,770129028	1,00142706883222	90,1884662964284
32179,99805	0,438481599999989	1,77217981	1,00158243191501	90,2929540938503
32189,99805	0,439226599999984	1,776393311	1,00144253073136	90,5076329036531
32199,99805	0,43863060000001	1,772573975	1,00139241957635	90,3130368879605
32209,99805	0,437319300000013	1,762118164	1,00157535304553	89,7803110001529
32219,99805	0,438362299999994	1,766336426	1,00137816782585	89,9952323839609
32229,99805	0,438779599999975	1,771741943	1,00157032342776	90,2706446731543
32239,99805	0,438213299999973	1,768485596	1,00147615586143	90,1047330717889
32249,99805	0,437974899999972	1,766457153	1,0012406879396	90,001383451368
32259,99805	0,438451799999996	1,76907666	1,00158038366343	90,1348479135884
32269,99805	0,437617299999999	1,762275757	1,00149012657741	89,7883403984307
32279,99805	0,438392099999987	1,765760498	1,00142492656909	89,965888724716
32289,99805	0,437468299999978	1,761386597	1,00147690095295	89,7430374993631
32299,99805	0,438243099999966	1,764734741	1,00149497017234	89,9136261782239
32309,99805	0,437557700000013	1,762738037	1,00138571275257	89,8118936668875
32319,99805	0,438153699999987	1,765203125	1,00145426617279	89,9374904468335
32329,99805	0,438302700000008	1,765704712	1,00117809525153	89,9630464156519
32339,99805	0,438541199999975	1,766936401	1,00158028965188	90,0258012431854
32349,99805	0,438719999999989	1,768945679	1,00118442902948	90,1281744026086
32359,99805	0,438362299999994	1,764708496	1,00136000559504	89,9122889896571
32369,99805	0,439405399999998	1,77128772	1,00156575986723	90,2475019106333
32379,99805	0,438869000000011	1,769346436	1,00144625618894	90,1485930605798
32389,99805	0,438779599999975	1,769213379	1,00151425154061	90,1418137769399
32399,99805	0,43863060000001	1,768486938	1,00140191974323	90,1048014469863
32409,99805	0,437050999999997	1,760776001	1,00143759412501	89,7119274978346
32419,99805	0,437885499999993	1,762351074	1,00162481312057	89,7921778162735
32429,99805	0,439107400000012	1,770833008	1,00156138232955	90,2243342334539
32439,99805	0,438988199999983	1,767523926	1,00136848163612	90,0557357721506
32449,99805	0,437974899999972	1,760234131	1,00126183153661	89,6843191012381
32459,99805	0,437974899999972	1,762845093	1,00151881510114	89,8173481938146
32469,99805	0,438034500000015	1,764094238	1,00153846851511	89,880992408417
32479,99805	0,43895839999999	1,768526367	1,00148034737626	90,1068103632751
32489,99805	0,438570999999968	1,767277466	1,00145119279529	90,0431785805268
32499,99805	0,438451799999996	1,765501221	1,0013564661603	89,9526785041015
32509,99805	0,438869000000011	1,766965332	1,00130374668492	90,0272752840475
32519,99805	0,438213299999973	1,763920532	1,00128558345398	89,8721420492179
32529,99805	0,438362299999994	1,764381592	1,00133494951747	89,8956331584043
32539,99805	0,438481599999989	1,76642395	1,00181352229916	89,9996917511591
32549,99805	0,438362299999994	1,764372437	1,00149748548129	89,8951667091252
32559,99805	0,437706699999978	1,764368164	1,00135525501154	89,8949489988282
32569,99805	0,438153699999987	1,763951294	1,00137611957427	89,8737093799358
32579,99805	0,437468299999978	1,762628296	1,00132880176236	89,8063023386152
32589,99805	0,437498099999971	1,764695679	1,00160609082096	89,9116359606664
32599,99805	0,43863060000001	1,767213013	1,00142688280937	90,0398946858919
32609,99805	0,437974899999972	1,764172974	1,00159817384854	89,8850040250675
32619,99805	0,439137200000005	1,773584961	1,0015319487143	90,3645468487288
32629,99805	0,438362299999994	1,768059814	1,00154936685372	90,0830393845213
32639,99805	0,437617299999999	1,763843994	1,00134687198187	89,8682424211545
32649,99805	0,438362299999994	1,766004395	1,00120706280952	89,9783153309217
32659,99805	0,43863060000001	1,771205933	1,00136727048736	90,2433348448566
32669,99805	0,438362299999994	1,766609375	1,00133876798648	90,0091391960055
32679,99805	0,438302700000008	1,767161865	1,00139847331991	90,0372886839558
32689,99805	0,438362299999994	1,766335083	1,00148453789097	89,9951639578132
32699,99805	0,437468299999978	1,760861938	1,00132833670524	89,7163060070311
32709,99805	0,438034500000015	1,763186157	1,00160338948916	89,8347254802058
32719,99805	0,438302700000008	1,767493286	1,00145203089823	90,0541746573598
32729,99805	0,43863060000001	1,767535522	1,00126732721162	90,0563265909207
32739,99805	0,438660400000003	1,770086914	1,00163943591664	90,1863205787945
32749,99805	0,437825900000007	1,761415161	1,00132768462515	89,7444928414939
32759,99805	0,437706699999978	1,76208252	1,00130057929588	89,778494930453
32769,99805	0,437378899999999	1,759777832	1,00144700128046	89,661070566057
32779,99805	0,438123899999994	1,764946045	1,00143517182748	89,9243921638559
32789,99805	0,437468299999978	1,76087561	1,00146702774025	89,7170025984613
32799,99805	0,438034500000015	1,765300049	1,00179833943429	89,942428746115
32809,99805	0,437319300000013	1,758630127	1,00127785250441	89,6025947419371
32819,99805	0,435739699999999	1,752826172	1,00150838281977	89,3068819483365
32829,99805	0,436574199999995	1,757004761	1,00131920858406	89,5197819840016
32839,99805	0,435501299999999	1,749349976	1,00135926050352	89,1297689916951
32849,99805	0,436008000000015	1,751796021	1,00150074488163	89,2543955265705
32859,99805	0,436961599999961	1,750651855	1,00114996579647	89,1961000152851
32869,99805	0,435560899999984	1,745958618	1,00124245815703	88,9569785499567
32879,99805	0,435143699999969	1,745289917	1,00148463190252	88,9229080858002
32889,99805	0,435829099999978	1,747526001	1,00138673787848	89,0368370611912
32899,99805	0,436872199999982	1,750134277	1,00159351627647	89,1697293014725
32909,99805	0,435322499999984	1,746540649	1,00153530212619	88,9866331584042
32919,99805	0,43648479999996	1,75135022	1,00122047645708	89,2316818668161
32929,99805	0,436127199999987	1,748923828	1,00135497597726	89,1080566566465
32939,99805	0,436901999999975	1,7535354	1,00164595671757	89,3430172721251
32949,99805	0,435978199999965	1,751549072	1,0014024788119	89,2418134202884
32959,99805	0,43591859999998	1,751022095	1,00127058761209	89,2149638253427
32969,99805	0,43675300000001	1,753383789	1,00153744438932	89,3352926580731
32979,99805	0,437468299999978	1,757925781	1,00122187362869	89,5667081571305
32989,99805	0,43615699999998	1,750208252	1,00158364306377	89,1734983441178
32999,99805	0,437408699999992	1,755587891	1,00113543601182	89,4475921434758
33009,99805	0,436335799999995	1,751550049	1,00150484338504	89,2418631986549
33019,99805	0,436067600000001	1,751980835	1,00142073505426	89,2638118408315
33029,99805	0,43505429999999	1,747254883	1,00145855169916	89,0230235390024
33039,99805	0,436008000000015	1,747446411	1,00148286168509	89,0327819330514
33049,99805	0,437319300000013	1,757578369	1,00151732491811	89,5490074387324
33059,99805	0,436216599999966	1,752705933	1,00160571877526	89,3007557446375
33069,99805	0,436901999999975	1,752790039	1,00143731409061	89,3050409639782
33079,99805	0,436246400000016	1,750983643	1,00158084872055	89,2130046874204
33089,99805	0,435799299999985	1,749393311	1,00106753367157	89,1319769195496
33099,99805	0,434845699999983	1,745021973	1,00153101659981	88,9092562796148
33109,99805	0,435560899999984	1,747543457	1,00141998996274	89,0377264482601
33119,99805	0,434487999999988	1,74110083	1,00135795634333	88,7094731747083
33129,99805	0,436901999999975	1,750202026	1,00141337615038	89,1731811280379
33139,99805	0,43708079999999	1,751944214	1,00140173372038	89,2619459927651
33149,99805	0,435888799999987	1,747282349	1,00144439296009	89,0244229377898
33159,99805	0,436335799999995	1,752611938	1,00146218414533	89,2959666785551
33169,99805	0,437706699999978	1,760604858	1,0012812059163	89,7032077240536
33179,99805	0,435680100000013	1,750561523	1,00161587102223	89,1914975798645
33189,99805	0,436633799999981	1,751516602	1,00143042224411	89,2401590665919
33199,99805	0,43538209999997	1,748057251	1,00138152123774	89,063904366434
33209,99805	0,436008000000015	1,751850952	1,00140983671565	89,2571942731951
33219,99805	0,435650299999963	1,747404541	1,0014573405504	89,0306486472716
33229,99805	0,436335799999995	1,752200562	1,0015105250829	89,2750069801804
33239,99805	0,434428400000002	1,740335327	1,00134323953571	88,6704706271972
33249,99805	0,437170299999991	1,752756958	1,00125792005617	89,3033554796963
33259,99805	0,436663599999974	1,751877686	1,00143284354151	89,2585563764202
33269,99805	0,435233100000005	1,744974731	1,00133010592255	88,9068492892444
33279,99805	0,437140499999998	1,754652832	1,00133336632301	89,3999506801855
33289,99805	0,437140499999998	1,753873901	1,00151378548337	89,3602639730983
33299,99805	0,436246400000016	1,752908447	1,0014042480292	89,3110738778214
33309,99805	0,438392099999987	1,764589355	1,00122643718922	89,9062187293015
33319,99805	0,437408699999992	1,757653687	1,0014624631796	89,5528449075254
33329,99805	0,436067600000001	1,75163501	1,00134044519249	89,2461919804351
33339,99805	0,437468299999978	1,758294189	1,00142585768345	89,585478626382
33349,99805	0,437289499999963	1,75804248	1,00143424071312	89,5726539970449
33359,99805	0,43648479999996	1,757477905	1,00132852272809	89,5438887756662
33369,99805	0,436067600000001	1,753742676	1,00153967966387	89,3535780302644
33379,99805	0,436991400000011	1,755445557	1,00144681525761	89,4403401946299
33389,99805	0,437170299999991	1,757687134	1,00145314903557	89,5545490395883
33399,99805	0,436306000000002	1,753733398	1,00150204904181	89,3531053141081
33409,99805	0,436067600000001	1,752227173	1,00139102240474	89,2763628165283
33419,99805	0,437736499999971	1,758616821	1,00141542540209	89,6019167982881
33429,99805	0,437468299999978	1,757593384	1,00134277347847	89,5497724563102
33439,99805	0,437289499999963	1,754027954	1,00144392790297	89,3681130075916
33449,99805	0,437289499999963	1,753975342	1,00121703003377	89,365432414531
33459,99805	0,438064300000008	1,76322644	1,00143759412501	89,8367779079839
33469,99805	0,437468299999978	1,757650513	1,00133597464339	89,5526831915219
33479,99805	0,438392099999987	1,764311646	1,0015343700117	89,8920693942019
33489,99805	0,43928619999997	1,77012915	1,00145044770377	90,1884725123554
33499,99805	0,438213299999973	1,762339844	1,00155132209388	89,7916056452846
33509,99805	0,437885499999993	1,760028076	1,0013204187327	89,6738205533194
33519,99805	0,437736499999971	1,760483032	1,00152878132526	89,6970006623529
33529,99805	0,43895839999999	1,77166272	1,00160189930613	90,2666082437458
33539,99805	0,438362299999994	1,76877478	1,0014072293954	90,1194670606817
33549,99805	0,438451799999996	1,766729126	1,00126797929172	90,0152405359963
33559,99805	0,438362299999994	1,767083008	1,00169765106704	90,0332709023284
33569,99805	0,437796100000014	1,7626427	1,00152216851303	89,8070362256076
33579,99805	0,437289499999963	1,761168335	1,00158420213244	89,731917002089
33589,99805	0,438570999999968	1,766326416	1,00146311525969	89,9947223722423
33599,99805	0,438064300000008	1,764560181	1,00145165885254	89,9047323075355
33609,99805	0,43895839999999	1,768576294	1,00139279162205	90,1093541549906
33619,99805	0,43863060000001	1,767111938	1,00141048879574	90,0347448922403
33629,99805	0,438570999999968	1,768289063	1,00142883804952	90,0947196718806
33639,99805	0,438988199999983	1,769028076	1,00125642987314	90,1323725480206
33649,99805	0,439107400000012	1,770433594	1,00175046355384	90,2039840016304
33659,99805	0,438660400000003	1,768880127	1,00138235934068	90,1248345136801
33669,99805	0,438898800000004	1,768875488	1,00138981125598	90,124598155602
33679,99805	0,438541199999975	1,766686157	1,00138748297	90,013051255923
33689,99805	0,438809399999968	1,769609375	1,00155635171165	90,1619898609059
33699,99805	0,438541199999975	1,767149902	1,00131762438948	90,0366791664544
33709,99805	0,439047799999969	1,771289795	1,00124739476338	90,2476076323432
33719,99805	0,439107400000012	1,769893555	1,00138571275257	90,1764688948897
33729,99805	0,438779599999975	1,767647583	1,00148686717707	90,0620361237071
33739,99805	0,438481599999989	1,76636438	1,00147056717499	89,9966566464564
33749,99805	0,439315999999963	1,772124878	1,00145426617279	90,2901552962755
33759,99805	0,43863060000001	1,76915271	1,00142511259194	90,1387226779437
33769,99805	0,438451799999996	1,768240845	1,00170156354759	90,0922629540939
33779,99805	0,438392099999987	1,767480103	1,00163012177261	90,053502980588
33789,99805	0,438541199999975	1,767398315	1,00149469113807	90,049335863861
33799,99805	0,438153699999987	1,762954956	1,00132079177852	89,822945738014
33809,99805	0,437498099999971	1,76381665	1,00143563788473	89,8668492382942
33819,99805	0,436335799999995	1,758369751	1,00153399796601	89,5893285270291
33829,99805	0,437825900000007	1,763555786	1,00144448697164	89,853558159678
33839,99805	0,437289499999963	1,761033691	1,00155309231131	89,7250568604473
33849,99805	0,437915299999986	1,765452271	1,00149012657741	89,9501844907525
33859,99805	0,437825900000007	1,764248901	1,00157209364519	89,8888725225455
33869,99805	0,436961599999961	1,762844849	1,00133886199803	89,8173357619606
33879,99805	0,437706699999978	1,761626221	1,00167837069888	89,7552463952718
33889,99805	0,437468299999978	1,761486328	1,00143908430804	89,7481188159169
33899,99805	0,437408699999992	1,760077881	1,00154917983075	89,6763581291079
33909,99805	0,436961599999961	1,761630981	1,00165145139247	89,7554889183268
33919,99805	0,437319300000013	1,761260986	1,00121945133117	89,7366375910735
33929,99805	0,438481599999989	1,767015015	1,0012573609875	90,0298066439089
33939,99805	0,439107400000012	1,774184082	1,00144048147965	90,3950721964641
33949,99805	0,437050999999997	1,760361084	1,00157703025154	89,6907873847251
33959,99805	0,436216599999966	1,755861084	1,0015254289135	89,4615113873745
33969,99805	0,436246400000016	1,754819336	1,00155132209388	89,4084340958883
33979,99805	0,436663599999974	1,751286865	1,00141281808184	89,2284539155245
33989,99805	0,436425199999974	1,752375244	1,00147839113598	89,2839070667957
33999,99805	0,436395399999981	1,757233521	1,00164744690061	89,5314373567025
34009,99805	0,436812599999996	1,752570557	1,00101583932211	89,2938583074336
34019,99805	0,435322499999984	1,7469729	1,00122299076591	89,0086564426555
34029,99805	0,434845699999983	1,744240234	1,0012553117358	88,8694265043053
34039,99805	0,436306000000002	1,747697876	1,00141384220763	89,0455941305345
34049,99805	0,437289499999963	1,753333374	1,00141672956227	89,3327240026494
34059,99805	0,436246400000016	1,751664307	1,00131194269161	89,2476846690783
34069,99805	0,435501299999999	1,746287964	1,00146581659149	88,9737588016508
34079,99805	0,436633799999981	1,751023438	1,00150204904181	89,2150322514903
34089,99805	0,43505429999999	1,746055908	1,00131389893189	88,9619354970194
34099,99805	0,437825900000007	1,758643555	1,0013827323865	89,6032789015132
34109,99805	0,435560899999984	1,748782715	1,00147140527793	89,1008669180211
34119,99805	0,43675300000001	1,756557251	1,0013231200645	89,4969812503184
34129,99805	0,437706699999978	1,759227905	1,0015775893202	89,6330516635247
34139,99805	0,436246400000016	1,752265625	1,00150326019058	89,2783219544505
34149,99805	0,43648479999996	1,754770386	1,00127626930996	89,4059400825394
34159,99805	0,436306000000002	1,752302124	1,00152598698204	89,2801815865899
34169,99805	0,437498099999971	1,758902588	1,00157805437733	89,6164766902736
34179,99805	0,436901999999975	1,753868774	1,00131473703483	89,360002751312
34189,99805	0,436901999999975	1,75261084	1,00156240645534	89,2959107352117
34199,99805	0,436872199999982	1,752574463	1,00144588414325	89,2940573189993
34209,99805	0,435739699999999	1,75017041	1,00127291589807	89,1715702858307
34219,99805	0,436991400000011	1,753749146	1,00129210325479	89,3539076781984
34229,99805	0,436425199999974	1,752215454	1,00132600741914	89,2757657308809
34239,99805	0,43648479999996	1,750986694	1,00154256701852	89,2131601365466
34249,99805	0,43648479999996	1,755687622	1,00130952139421	89,4526734600296
34259,99805	0,437289499999963	1,754514893	1,00144662923476	89,3929226575636
34269,99805	0,434905299999969	1,743892944	1,00128129892773	88,8517320018342
34279,99805	0,435143699999969	1,745036743	1,00125559077007	88,9100088143883
34289,99805	0,436246400000016	1,75001355	1,00146264920245	89,1635782340653
34299,99805	0,43615699999998	1,749193726	1,00154070378966	89,1218080195649
34309,99805	0,435590699999977	1,746045044	1,00158634439557	88,9613819738116
34319,99805	0,435322499999984	1,745937012	1,0013155761379	88,9558777194681
34329,99805	0,436008000000015	1,750134155	1,00142753488946	89,1697230855454
34339,99805	0,436216599999966	1,7528573	1,00121423569055	89,3084679268355
34349,99805	0,435978199999965	1,749417603	1,00146283622542	89,1332146023335
34359,99805	0,43672319999996	1,751298706	1,00135422988562	89,2290572170989
34369,99805	0,437289499999963	1,753351563	1,00149701942404	89,3336507362307
34379,99805	0,436961599999961	1,75554895	1,00172941296826	89,4456080908952
34389,99805	0,43675300000001	1,751044556	1,00151341243755	89,2161082182708
34399,99805	0,437319300000013	1,754870361	1,00136997181916	89,4110338309472
34409,99805	0,437289499999963	1,754746582	1,00164325538577	89,4047272634636
34419,99805	0,436306000000002	1,753154541	1,00147885619311	89,3236124216641
34429,99805	0,436008000000015	1,751242432	1,00156417667277	89,2261900443267
34439,99805	0,435173499999962	1,749583008	1,00168451745387	89,1416420237428
34449,99805	0,435829099999978	1,749692993	1,00136456915557	89,1472457838692
34459,99805	0,437140499999998	1,754305054	1,00151033906005	89,3822313140062
34469,99805	0,437736499999971	1,757539551	1,00126676814296	89,547029653029
34479,99805	0,435680100000013	1,7487323	1,00146311525969	89,0982982625974
34489,99805	0,43675300000001	1,753088013	1,00145277598975	89,3202228053192
34499,99805	0,436812599999996	1,751703613	1,00137518745978	89,2496873184898
34509,99805	0,437647099999992	1,758147827	1,00155896003202	89,5780214500433
34519,99805	0,435799299999985	1,751145752	1,00134948030225	89,2212641768992
34529,99805	0,436663599999974	1,754648071	1,00132638046496	89,3997081061803
34539,99805	0,435322499999984	1,748709595	1,00139381674796	89,0971414378153
34549,99805	0,437229899999977	1,756186646	1,0012528904384	89,47809884343
34559,99805	0,437229899999977	1,756387085	1,00157144156509	89,488311254904
34569,99805	0,437289499999963	1,757064087	1,00148649413125	89,5228046568503
34579,99805	0,437736499999971	1,757733276	1,00163561744763	89,5568999847149
34589,99805	0,437378899999999	1,755949463	1,00134519577599	89,4660143170123
34599,99805	0,436246400000016	1,753004517	1,00131473703483	89,3159686656137
34609,99805	0,43538209999997	1,747859009	1,00112593484482	89,0538038925969
34619,99805	0,436246400000016	1,750398193	1,00154275304137	89,1831758801651
34629,99805	0,43708079999999	1,754667725	1,00145454620718	89,4007094818363
34639,99805	0,436425199999974	1,75327832	1,00156594589008	89,3299189891476
34649,99805	0,438064300000008	1,762344604	1,00139493388518	89,7918481683395
34659,99805	0,438034500000015	1,761219604	1,00142790693516	89,7345291690019
34669,99805	0,438660400000003	1,766286499	1,00152216851303	89,9926885922454
34679,99805	0,438243099999966	1,762912964	1,00133150309416	89,8208062363071
34689,99805	0,437319300000013	1,759661621	1,00154443024737	89,6551495898507
34699,99805	0,436872199999982	1,756873779	1,00151946718123	89,5131084220716
34709,99805	0,437647099999992	1,756853394	1,00167622843576	89,5120698018036
34719,99805	0,437885499999993	1,759556763	1,00144700128046	89,6498070515107
34729,99805	0,437736499999971	1,760224487	1,00131408495474	89,6838277373007
34739,99805	0,438570999999968	1,76559729	1,00126481190268	89,9575732409436
34749,99805	0,439315999999963	1,768990234	1,00141849977971	90,1304444897335
34759,99805	0,439405399999998	1,774602905	1,00137127597934	90,4164113211393
34769,99805	0,439047799999969	1,771217896	1,00164437252299	90,243944362358
34779,99805	0,439226599999984	1,771628174	1,0014620911339	90,2648481173893
34789,99805	0,438541199999975	1,768388672	1,00133923404373	90,0997947725073
34799,99805	0,438570999999968	1,768280029	1,00152226152445	90,0942593875783
34809,99805	0,438869000000011	1,769669434	1,00144569712027	90,165049880267
34819,99805	0,438302700000008	1,765321411	1,00143899129662	89,9435171447496
34829,99805	0,439703500000007	1,775720093	1,00161065538161	90,4733322973455
34839,99805	0,438570999999968	1,768712646	1,00121274550751	90,1163013196107
34849,99805	0,43863060000001	1,767966431	1,00140806749834	90,0782814999745
34859,99805	0,438481599999989	1,767199463	1,00127533719547	90,0392043103888
34869,99805	0,437974899999972	1,763583252	1,00134053820391	89,8549575584654
34879,99805	0,438481599999989	1,764498657	1,00153073756554	89,9015976460998
34889,99805	0,438481599999989	1,764638306	1,00146264920245	89,9087127936006
34899,99805	0,437706699999978	1,762795288	1,00143526583903	89,8148106180262
34909,99805	0,43863060000001	1,766806763	1,0015013039503	90,0191961583533
34919,99805	0,43708079999999	1,759366333	1,0014144012763	89,640104600805
34929,99805	0,437915299999986	1,76210144	1,00139186050768	89,7794589086462
34939,99805	0,438243099999966	1,765980957	1,00141384220763	89,977121159627
34949,99805	0,438481599999989	1,766744751	1,00143153938132	90,0160366332094
34959,99805	0,438064300000008	1,763789551	1,0013994054344	89,8654685382381
34969,99805	0,437706699999978	1,763841797	1,00172102993859	89,8681304835176
34979,99805	0,438898800000004	1,768808838	1,00133588063184	90,1212023233301
34989,99805	0,438541199999975	1,766031372	1,00142250427156	89,9796898150507
34999,99805	0,438809399999968	1,767210571	1,00131697330951	90,0397702654507
35009,99805	0,438541199999975	1,766414063	1,00155588665453	89,9991880063178
35019,99805	0,437915299999986	1,762471069	1,0013346704832	89,7982915881184
35029,99805	0,438302700000008	1,765224243	1,00157954456036	89,9385664136139
35039,99805	0,43863060000001	1,767581543	1,00137220709371	90,0586713710705
35049,99805	0,438064300000008	1,762922363	1,00164074007683	89,8212851174403
35059,99805	0,438302700000008	1,765820313	1,00136009860646	89,968936312223
35069,99805	0,438779599999975	1,768203247	1,0013899042674	90,0903473276609
35079,99805	0,437885499999993	1,762616821	1,00156007816936	89,8057176848219
35089,99805	0,437885499999993	1,763119629	1,00123295699003	89,831335863861
35099,99805	0,437825900000007	1,762119019	1,00130011423876	89,7803545625924
35109,99805	0,438719999999989	1,76743042	1,00143936334232	90,0509716207266
35119,99805	0,437140499999998	1,762353027	1,00129983420436	89,7922773220564
35129,99805	0,436961599999961	1,760170654	1,0013370917806	89,6810849340195
35139,99805	0,436306000000002	1,756824219	1,00127850458451	89,5105833290875
35149,99805	0,437885499999993	1,764256226	1,00156752908454	89,889245732919
35159,99805	0,43708079999999	1,756760254	1,00138040410052	89,5073242981607
35169,99805	0,437825900000007	1,76040979	1,00152757117662	89,69326896622
35179,99805	0,437498099999971	1,758443604	1,00139577198812	89,5930913537474
35189,99805	0,436663599999974	1,757440674	1,00153511510322	89,5419918479645
35199,99805	0,439107400000012	1,76847583	1,001269935532	90,1042354919244
35209,99805	0,436812599999996	1,759677002	1,00150167699612	89,6559332552097
35219,99805	0,43863060000001	1,765934326	1,00159985005443	89,9747452998421
35229,99805	0,436335799999995	1,754195801	1,00133383138013	89,3766648494421
35239,99805	0,438809399999968	1,766985718	1,00161698915957	90,0283139552657
35249,99805	0,437647099999992	1,761171265	1,00151518265498	89,7320662862384
35259,99805	0,43708079999999	1,755708252	1,00150353922485	89,4537245631019
35269,99805	0,436425199999974	1,755714722	1,0013683886247	89,4540542110358
35279,99805	0,438570999999968	1,765806519	1,00141700959667	89,9682335048658
35289,99805	0,436306000000002	1,755011353	1,00125177230106	89,4182174045957
35299,99805	0,438362299999994	1,763684326	1,00145491825288	89,8601073011667
35309,99805	0,435739699999999	1,752642334	1,00123379509297	89,2975153614918
35319,99805	0,437289499999963	1,762197144	1,0014212011115	89,7843350486575
35329,99805	0,436663599999974	1,75884436	1,00143656899909	89,6135099607683
35339,99805	0,437319300000013	1,759144043	1,00143731409061	89,6287788760381
35349,99805	0,437408699999992	1,760209229	1,0014795082732	89,683050338819
35359,99805	0,436008000000015	1,753069824	1,00145687449316	89,3192960717379
35369,99805	0,436872199999982	1,754194458	1,00132973387685	89,3765964232944
35379,99805	0,437706699999978	1,759095215	1,00159863890566	89,6262910786162
35389,99805	0,436067600000001	1,753367065	1,00139204653053	89,3344405665665
35399,99805	0,437468299999978	1,758025513	1,00125512571295	89,5717895246344
35409,99805	0,436991400000011	1,758403198	1,00129815799848	89,5910326590921
35419,99805	0,436008000000015	1,753038818	1,00132908179676	89,3177163091659
35429,99805	0,43538209999997	1,74912915	1,0014290250725	89,1185178580527
35439,99805	0,436872199999982	1,758270874	1,00132712555648	89,5842907219646
35449,99805	0,435262899999998	1,748264893	1,00134258745562	89,0744837723544
35459,99805	0,43615699999998	1,751525269	1,0014577125961	89,2406006521628
35469,99805	0,437170299999991	1,755360229	1,00150856984275	89,4359927141183
35479,99805	0,436901999999975	1,754942749	1,00162294989171	89,4147220155908
35489,99805	0,436008000000015	1,753509155	1,0013950268966	89,3416800835584
35499,99805	0,436633799999981	1,750776733	1,00133308628862	89,2024625770622
35509,99805	0,435560899999984	1,749935425	1,00143479978179	89,1595977480002
35519,99805	0,436663599999974	1,752038696	1,00158196685788	89,2667598716054
35529,99805	0,437378899999999	1,755594482	1,00137602556272	89,4479279563866
35539,99805	0,436633799999981	1,755692017	1,0013251693162	89,4528973862536
35549,99805	0,43615699999998	1,756393433	1,00139484087375	89,4886346869109
35559,99805	0,436216599999966	1,754041992	1,00129219626622	89,3688282468029
35569,99805	0,436246400000016	1,752723022	1,00172009882423	89,301626432975
35579,99805	0,436306000000002	1,755154297	1,00134435667293	89,4255004330769
35589,99805	0,437736499999971	1,760388306	1,00134472971875	89,6921743516584
35599,99805	0,436127199999987	1,754884521	1,00129396648365	89,4117552860855
35609,99805	0,437408699999992	1,758902222	1,00147829812456	89,6164580424925
35619,99805	0,43591859999998	1,75227002	1,00132600741914	89,2785458806746
35629,99805	0,436991400000011	1,75359082	1,00137258013953	89,3458409334081
35639,99805	0,435590699999977	1,74799353	1,00138636483266	89,0606577673613
35649,99805	0,435829099999978	1,746871826	1,00127533719547	89,0035066999542
35659,99805	0,43708079999999	1,751668335	1,00131781141245	89,2478898965711
35669,99805	0,437140499999998	1,751088989	1,00131035949715	89,2183720894686
35679,99805	0,436663599999974	1,750026733	1,00140210576608	89,1642499108371
35689,99805	0,436067600000001	1,749586914	1,00161503291929	89,1418410353085
35699,99805	0,436216599999966	1,748418701	1,00139362972499	89,0823203240434
35709,99805	0,437498099999971	1,753765015	1,00147634188428	89,3547162072655
35719,99805	0,438123899999994	1,75788501	1,00126984252057	89,5646308656443
35729,99805	0,437796100000014	1,756125	1,0014355448733	89,4749579660672
35739,99805	0,437825900000007	1,75820813	1,00142092107711	89,5810939012585
35749,99805	0,437825900000007	1,758668457	1,00136056366358	89,6045476639323
35759,99805	0,437408699999992	1,757733276	1,00134715101615	89,5568999847149
35769,99805	0,439137200000005	1,76753186	1,00156939231339	90,0561400112091
35779,99805	0,438481599999989	1,763029907	1,00141877881398	89,8267645080756
35789,99805	0,438213299999973	1,764026855	1,00143731409061	89,8775592296327
35799,99805	0,438988199999983	1,768715698	1,00118936563583	90,1164568196872
35809,99805	0,439554399999963	1,772908081	1,00151341243755	90,3300596627095
35819,99805	0,438809399999968	1,767779541	1,00122997662396	90,0687594130534
35829,99805	0,438988199999983	1,765815186	1,00135106349671	89,9686750904366
35839,99805	0,438779599999975	1,763530029	1,00145231093263	89,8522458348194
35849,99805	0,436127199999987	1,752547119	1,00142688280937	89,292664136139
35859,99805	0,438541199999975	1,763130127	1,00144374188012	89,8318707392877
35869,99805	0,438660400000003	1,764423584	1,00133765084927	89,8977726601111
35879,99805	0,438660400000003	1,763920044	1,00159985005443	89,8721171855098
35889,99805	0,437974899999972	1,759171631	1,00158997684173	89,6301844907526
35899,99805	0,438541199999975	1,76503186	1,00135041141661	89,9287644571254
35909,99805	0,439405399999998	1,772868164	1,0012645328684	90,3280258827126
35919,99805	0,439047799999969	1,767759399	1,00130206947891	90,0677331736893
35929,99805	0,439315999999963	1,771350952	1,00129778495266	90,2507235950476
35939,99805	0,439137200000005	1,769931519	1,00153157566848	90,1784031691038
35949,99805	0,439375600000005	1,770122437	1,00148621509698	90,1881304835176
35959,99805	0,438243099999966	1,762527466	1,00134398462723	89,8011650277679
35969,99805	0,438809399999968	1,767773438	1,00137388329959	90,0684484638508
35979,99805	0,439196799999991	1,768693359	1,00119895981426	90,1153186426861
35989,99805	0,438362299999994	1,761463501	1,00129666781544	89,7469557752076
35999,99805	0,438719999999989	1,764701294	1,00140191974323	89,9119220461609
36009,99805	0,439226599999984	1,771337891	1,00143424071312	90,2500581342029
36019,99805	0,439315999999963	1,774089355	1,00139875335431	90,3902458348194
36029,99805	0,44006109999998	1,777655029	1,00146590960291	90,5719177153921
36039,99805	0,43952459999997	1,773403931	1,001414773322	90,3553233301065
36049,99805	0,438809399999968	1,768536743	1,00120883302696	90,1073390227748
36059,99805	0,439405399999998	1,7727948	1,00142492656909	90,3242879706527
36069,99805	0,438809399999968	1,767554688	1,001289401923	90,0573031028685
36079,99805	0,439643799999999	1,773455933	1,00142185219147	90,3579728435319
36089,99805	0,439405399999998	1,771466431	1,00128306814504	90,2566072756916
36099,99805	0,439643799999999	1,77521814	1,00146013489362	90,4477576807459
36109,99805	0,439852499999972	1,774706421	1,00131306082895	90,4216854842819
36119,99805	0,439971700000001	1,775323853	1,00150558847655	90,4531437815255
36129,99805	0,440031299999987	1,777543091	1,00145044770377	90,5662144494829
36139,99805	0,438988199999983	1,769767456	1,00159845288281	90,1700441228919
36149,99805	0,439882299999965	1,773955322	1,00135404386277	90,3834168237632
36159,99805	0,43952459999997	1,773290161	1,00150027982451	90,3495267233913
36169,99805	0,44062729999996	1,77964917	1,00147485170125	90,6735196413104
36179,99805	0,440150500000016	1,777727661	1,00150530944228	90,5756183318897
36189,99805	0,441461800000013	1,790121338	1,00150204904181	91,2070789218933
36199,99805	0,440269699999988	1,779363647	1,00144131958259	90,658972181179
36209,99805	0,440448500000002	1,782927246	1,00140052257162	90,8405383400418
36219,99805	0,440299499999981	1,779958862	1,00145612940164	90,6892985173485
36229,99805	0,439554399999963	1,773489624	1,00135367181708	90,3596894074489
36239,99805	0,439554399999963	1,775036987	1,00128651456835	90,4385278952464
36249,99805	0,43952459999997	1,775720093	1,00141700959667	90,4733322973455
36259,99805	0,439614000000006	1,775365845	1,00131669327511	90,4552832832323
36269,99805	0,439554399999963	1,774601318	1,00140480709787	90,4163304631375
36279,99805	0,439196799999991	1,77044104	1,00137220709371	90,2043633769807
36289,99805	0,439882299999965	1,776414307	1,00160571877526	90,5087026545065
36299,99805	0,439703500000007	1,774993652	1,00143237748426	90,4363199673919
36309,99805	0,438570999999968	1,769493164	1,00141356317336	90,1560688846996
36319,99805	0,438451799999996	1,767421875	1,00141505335639	90,0505362510827
36329,99805	0,438869000000011	1,770492554	1,00141048879574	90,2069880266979
36339,99805	0,439882299999965	1,776198853	1,00156492176429	90,4977252254547
36349,99805	0,439315999999963	1,772948853	1,0014842588567	90,332137005146
36359,99805	0,439315999999963	1,774916504	1,00159901195148	90,4323892596933
36369,99805	0,439405399999998	1,773757568	1,00139083538177	90,3733412136343
36379,99805	0,439792899999986	1,777208496	1,00125112022097	90,5491667600754
36389,99805	0,438988199999983	1,770305054	1,00152663906213	90,1974348601417
36399,99805	0,439107400000012	1,770154907	1,00152151643294	90,189784837214
36409,99805	0,43895839999999	1,770332886	1,00148761226859	90,1988529067102
36419,99805	0,438570999999968	1,767487427	1,00124888494641	90,0538761400112
36429,99805	0,437050999999997	1,762578979	1,00139009029025	89,8037896265349
36439,99805	0,436872199999982	1,759557129	1,00155095004818	89,6498256992918
36449,99805	0,436663599999974	1,757533203	1,00146264920245	89,5467062210221
36459,99805	0,437378899999999	1,758600952	1,00120780890117	89,601108269221
36469,99805	0,437468299999978	1,762846924	1,00138189428356	89,8174414836704
36479,99805	0,437319300000013	1,761252441	1,00136289294968	89,7362022214297
36489,99805	0,437140499999998	1,75925293	1,00145538431012	89,6343266928211
36499,99805	0,438779599999975	1,765358765	1,00137164802504	89,9454203393285
36509,99805	0,436633799999981	1,755108276	1,0012812059163	89,4231556529271
36519,99805	0,437736499999971	1,759983398	1,00140080260601	89,6715441993173
36529,99805	0,436127199999987	1,751518311	1,00143805918213	89,2402461405207
36539,99805	0,437796100000014	1,7598573	1,00169783708988	89,6651194782697
36549,99805	0,438362299999994	1,763108643	1,00148453789097	89,8307761247261
36559,99805	0,43708079999999	1,75930481	1,00149217582912	89,6369699903195
36569,99805	0,438779599999975	1,766681885	1,00150959396854	90,0128335965761
36579,99805	0,43648479999996	1,75681311	1,0013463129132	89,5100173230754
36589,99805	0,437289499999963	1,757101685	1,00122718228074	89,5247202832832
36599,99805	0,438243099999966	1,761437256	1,00126779326887	89,7456185866409
36609,99805	0,438988199999983	1,766220093	1,00129052006033	89,9893051918276
36619,99805	0,439107400000012	1,76899292	1,00149394604655	90,1305813420288
36629,99805	0,437408699999992	1,762330811	1,00137993804328	89,7911454119325
36639,99805	0,43708079999999	1,758895264	1,00148845037153	89,6161035308504
36649,99805	0,436127199999987	1,753817017	1,00142660277497	89,3573657206909
36659,99805	0,436335799999995	1,753319458	1,00152030528418	89,3320149793652
36669,99805	0,435233100000005	1,744145752	1,00120110207739	88,8646126254649
36679,99805	0,435322499999984	1,745734375	1,0014474673377	88,9455533194069
36689,99805	0,435739699999999	1,745955444	1,00146507149997	88,9568168339532
36699,99805	0,437378899999999	1,752253052	1,0014433688343	89,2776813573139
36709,99805	0,437140499999998	1,751252197	1,00154526835032	89,2266875732409
36719,99805	0,437498099999971	1,754423462	1,00122913852102	89,3882642278494
36729,99805	0,437468299999978	1,75547998	1,0013929776449	89,4420940541091
36739,99805	0,436008000000015	1,750310547	1,00135823537761	89,1787102970398
36749,99805	0,437170299999991	1,752087891	1,00159966403158	89,2692663677587
36759,99805	0,436008000000015	1,748769775	1,00169066520898	89,1002076221532
36769,99805	0,436633799999981	1,748639526	1,00152496285625	89,0935714067356
36779,99805	0,43675300000001	1,751675903	1,00148258265082	89,2482754878484
36789,99805	0,437319300000013	1,753472412	1,00150977999138	89,3398080195649
36799,99805	0,437468299999978	1,753351196	1,00135124951955	89,3336320374994
36809,99805	0,437229899999977	1,753275635	1,00128483836247	89,3297821878025
36819,99805	0,43538209999997	1,745797729	1,00158597234987	88,9487812197483
36829,99805	0,435829099999978	1,747256226	1,00118051754905	89,0230919651501
36839,99805	0,437468299999978	1,753788574	1,00144616317752	89,355916543537
36849,99805	0,437408699999992	1,755128662	1,00136140276665	89,4241943241453
36859,99805	0,43648479999996	1,75137915	1,00141030277289	89,233155856728
36869,99805	0,436335799999995	1,751405029	1,00157311777098	89,2344743975136
36879,99805	0,438153699999987	1,756940918	1,00128334817943	89,5165291690019
36889,99805	0,43648479999996	1,751917969	1,00120538660364	89,2606088041983
36899,99805	0,438153699999987	1,757032959	1,00160776702684	89,5212186783513
36909,99805	0,437885499999993	1,758039673	1,0015006518702	89,5725109797728
36919,99805	0,436812599999996	1,755858643	1,00162714140654	89,4613870178835
36929,99805	0,43675300000001	1,751395264	1,00151909513554	89,2339768685994
36939,99805	0,437557700000013	1,754949463	1,00143098031265	89,4150640953788
36949,99805	0,438034500000015	1,757841675	1,00142278430596	89,5624229377898
36959,99805	0,437915299999986	1,756032349	1,00155625870023	89,4702373770826
36969,99805	0,43895839999999	1,763278198	1,00124199209979	89,8394149895552
36979,99805	0,438898800000004	1,765297363	1,00139642406821	89,9422918938197
36989,99805	0,439047799999969	1,768994629	1,00184677438341	90,1306684159576
36999,99805	0,437796100000014	1,758034302	1,00160515970659	89,5722373261324
37009,99805	0,436812599999996	1,755029175	1,00144485901733	89,4191254394457
37019,99805	0,437050999999997	1,754631836	1,00125009609518	89,3988809293321
37029,99805	0,437736499999971	1,755503906	1,00127906365318	89,4433130891119
37039,99805	0,438392099999987	1,759916138	1,00126835233754	89,6681172874102
37049,99805	0,438392099999987	1,758713745	1,0012117203816	89,6068550975697
37059,99805	0,436544400000002	1,751342651	1,0014579926305	89,2312962245886
37069,99805	0,437557700000013	1,755404297	1,00128586248826	89,4382379884852
37079,99805	0,437885499999993	1,754114746	1,00137043687628	89,3725350792276
37089,99805	0,438362299999994	1,759096558	1,00149850960708	89,6263595047639
37099,99805	0,438302700000008	1,759339722	1,00133746482642	89,6387487644571
37109,99805	0,437647099999992	1,755363159	1,00125344850694	89,4361419982677
37119,99805	0,438809399999968	1,764760864	1,00163319615023	89,9149571508636
37129,99805	0,438034500000015	1,758846436	1,00153381094304	89,6136157334284
37139,99805	0,437796100000014	1,756049683	1,0015469445562	89,4711205482244
37149,99805	0,438392099999987	1,760567139	1,00143219146141	89,7012859326438
37159,99805	0,438898800000004	1,763599609	1,00133047896837	89,8557909512406
37169,99805	0,438302700000008	1,759397949	1,00125689493026	89,6417154430122
37179,99805	0,438809399999968	1,763345825	1,00128167097343	89,8428606001936
37189,99805	0,437736499999971	1,757499268	1,00126481190268	89,5449772252509
37199,99805	0,437974899999972	1,75955542	1,00140173372038	89,649738625363
37209,99805	0,439137200000005	1,763839478	1,00149236285209	89,8680123299536
37219,99805	0,438451799999996	1,761183472	1,00144718730331	89,7326882355938
37229,99805	0,437825900000007	1,757196289	1,00135087747386	89,5295403780507
37239,99805	0,43952459999997	1,766740356	1,00133168911701	90,0158127069853
37249,99805	0,439703500000007	1,768499756	1,00141216600175	90,1054545269272
37259,99805	0,438809399999968	1,765112793	1,00141719561952	89,9328880114129
37269,99805	0,439703500000007	1,771830933	1,00152486984483	90,2751787333775
37279,99805	0,438869000000011	1,764922852	1,00140862656701	89,9232104753656
37289,99805	0,439614000000006	1,771421021	1,00152198249018	90,2542936261273
37299,99805	0,438243099999966	1,760577393	1,00128195100782	89,7018083762164
37309,99805	0,43863060000001	1,765664795	1,00162080762858	89,961012635655
37319,99805	0,440120699999966	1,773720581	1,00143396167884	90,3714567177867
37329,99805	0,43928619999997	1,769549805	1,00134025916964	90,1589547562032
37339,99805	0,439047799999969	1,766097046	1,00142175918005	89,9830359199063
37349,99805	0,44006109999998	1,775476196	1,00139204653053	90,4609056911398
37359,99805	0,439107400000012	1,767456177	1,00147336151821	90,0522839455852
37369,99805	0,439971700000001	1,772131714	1,00153073756554	90,2905035919906
37379,99805	0,438869000000011	1,766564453	1,00119672453971	90,0068504101493
37389,99805	0,439196799999991	1,770648804	1,00117939941171	90,2149489988281
37399,99805	0,439554399999963	1,768629883	1,0014842588567	90,1120845264177
37409,99805	0,439315999999963	1,771570068	1,00135749028609	90,2618876038111
37419,99805	0,437617299999999	1,760281128	1,00135814236618	89,6867136088042
37429,99805	0,438779599999975	1,765497437	1,00144802640637	89,9524857084628
37439,99805	0,438779599999975	1,764772827	1,00152878132526	89,915566668365
37449,99805	0,43928619999997	1,768004883	1,0010434097085	90,0802406378968
37459,99805	0,439375600000005	1,76784314	1,00146823788889	90,0719997961991
37469,99805	0,439941900000008	1,773133423	1,00142753488946	90,3415408875529
37479,99805	0,43928619999997	1,768655762	1,00135292672556	90,1134030672034
37489,99805	0,437498099999971	1,7614552	1,00143833921652	89,7465328374179
37499,99805	0,436991400000011	1,75904834	1,00145715452755	89,6239027869771
37509,99805	0,438570999999968	1,763285889	1,00148267566224	89,8398068477098
37519,99805	0,439047799999969	1,765990723	1,00105682235593	89,9776187394915
37529,99805	0,438123899999994	1,763610596	1,00138217331783	89,8563507413257
37539,99805	0,437408699999992	1,761847656	1,00140806749834	89,7665285575992
37549,99805	0,439226599999984	1,768911743	1,00137369727675	90,1264453558873
37559,99805	0,439196799999991	1,768541992	1,00163226403574	90,1076064604881
37569,99805	0,438302700000008	1,762077759	1,00136075068655	89,7782523564478
37579,99805	0,437885499999993	1,760753662	1,00164875106079	89,7107893208335
37589,99805	0,438362299999994	1,762501465	1,0014869601885	89,7998402710552
37599,99805	0,437885499999993	1,757334717	1,00129443254089	89,5365933153309
37609,99805	0,436991400000011	1,755449219	1,00129014701451	89,4405267743415
37619,99805	0,437140499999998	1,755149902	1,00132218895013	89,4252765068528
37629,99805	0,43863060000001	1,760450195	1,00142790693516	89,6953276099251
37639,99805	0,438898800000004	1,766148682	1,00152421776473	89,9856667855505
37649,99805	0,43672319999996	1,756800049	1,00132162988146	89,5093518622306
37659,99805	0,435739699999999	1,749380859	1,00162267085744	89,1313424873898
37669,99805	0,436663599999974	1,75442395	1,00134482273017	89,3882890915576
37679,99805	0,436425199999974	1,752290649	1,00160040912309	89,2795969327967
37689,99805	0,437050999999997	1,748612671	1,00147382657533	89,0922031385337
37699,99805	0,436246400000016	1,748027466	1,00149059263466	89,0623868140826
37709,99805	0,436067600000001	1,748552124	1,00162117967428	89,0891182554644
37719,99805	0,436067600000001	1,749027222	1,00139381674796	89,113324603862
37729,99805	0,435739699999999	1,746304688	1,0012863285455	88,9746108931574
37739,99805	0,435829099999978	1,744728027	1,0014024788119	88,8942796657666
37749,99805	0,436395399999981	1,745541138	1,00149795153853	88,9357078514292
37759,99805	0,435322499999984	1,742382324	1,00142203921444	88,7747655780303
37769,99805	0,436663599999974	1,749927246	1,00138394353526	89,1591810261375
37779,99805	0,437408699999992	1,75262207	1,00147485170125	89,2964829062006
37789,99805	0,437170299999991	1,754296875	1,00125922421636	89,3818145921435
37799,99805	0,435829099999978	1,746522949	1,00135795634333	88,9857313394813
37809,99805	0,437170299999991	1,753574463	1,00138245335223	89,3450075406328
37819,99805	0,438153699999987	1,757939453	1,00149152374902	89,5674047485607
37829,99805	0,43648479999996	1,752269897	1,00159808083712	89,2785396137973
37839,99805	0,435650299999963	1,746481445	1,001269935532	88,9836167014826
37849,99805	0,437915299999986	1,758504883	1,00132358612174	89,5962135323789
37859,99805	0,436812599999996	1,753438232	1,00131511008065	89,3380665409895
37869,99805	0,435233100000005	1,740415527	1,0013445436959	88,6745568349722
37879,99805	0,435739699999999	1,744654785	1,00130039327303	88,8905479696337
37889,99805	0,435799299999985	1,744412109	1,00151630079232	88,8781835736486
37899,99805	0,436246400000016	1,746795776	1,00148602907413	88,9996319355989
37909,99805	0,436425199999974	1,748490723	1,00145957582495	89,0859898609059
37919,99805	0,434756300000004	1,737022461	1,00135702422884	88,5016793702553
37929,99805	0,434994700000004	1,739063354	1,0016164300909	88,6056633209355
37939,99805	0,437617299999999	1,750881592	1,00147457166685	89,2078051663525
37949,99805	0,436306000000002	1,74262915	1,00129424551792	88,7873414174352
37959,99805	0,435978199999965	1,744612427	1,00119998394005	88,8883898201457
37969,99805	0,434666899999968	1,735032959	1,00133364535729	88,400313802415
37979,99805	0,435650299999963	1,741078979	1,00145119279529	88,7083598614154
37989,99805	0,437825900000007	1,751357544	1,00146087998514	89,2320550262394
37999,99805	0,436812599999996	1,747456665	1,00152011926133	89,033304376624
38009,99805	0,434428400000002	1,73301062	1,00125829210187	88,297275182147
38019,99805	0,437885499999993	1,752613037	1,00150922192284	89,2960226728486
38029,99805	0,437796100000014	1,755156494	1,00169476371239	89,4256123707138
38039,99805	0,437289499999963	1,750693848	1,00146190411093	89,1982395679421
38049,99805	0,436812599999996	1,752230713	1,00159090895622	89,2765431803128
38059,99805	0,438153699999987	1,755934448	1,00149804454996	89,4652492994345
38069,99805	0,437736499999971	1,75278125	1,00135823537761	89,3045931624803
38079,99805	0,436961599999961	1,754104858	1,00147969529617	89,3720312834361
38089,99805	0,438392099999987	1,758892456	1,00154098382406	89,615960462628
38099,99805	0,437289499999963	1,755214722	1,00109249673771	89,4285791002191
38109,99805	0,437170299999991	1,755224365	1,00138152123774	89,4290704132063
38119,99805	0,43672319999996	1,750381348	1,00149990677869	89,1823176236817
38129,99805	0,437468299999978	1,753963623	1,00124515948883	89,3648353288837
38139,99805	0,437140499999998	1,752793457	1,00138571275257	89,3052151118358
38149,99805	0,437706699999978	1,757142334	1,0015155557008	89,5267913588424
38159,99805	0,436335799999995	1,749854736	1,0014314463699	89,1554866255668
38169,99805	0,435560899999984	1,744354736	1,00116952619901	88,8752604065828
38179,99805	0,437706699999978	1,752897827	1,00133625367766	89,3105327864676
38189,99805	0,438392099999987	1,759304443	1,00144290277705	89,6369512915881
38199,99805	0,437617299999999	1,752511597	1,00127291589807	89,2908542823661
38209,99805	0,438541199999975	1,759359863	1,00146386035121	89,6397749528711
38219,99805	0,437378899999999	1,752743896	1,00137742273433	89,3026899679014
38229,99805	0,437289499999963	1,752717285	1,00131781141245	89,3013341315535
38239,99805	0,436901999999975	1,748546509	1,00164418650014	89,0888321699699
38249,99805	0,436872199999982	1,74780188	1,00137649161997	89,0508931573852
38259,99805	0,437408699999992	1,750764526	1,00147019412917	89,2018406277067
38269,99805	0,437796100000014	1,753639648	1,00137658463139	89,34832873083
38279,99805	0,438541199999975	1,75809082	1,00135898046912	89,5751169307587
38289,99805	0,437885499999993	1,756039429	1,00143936334232	89,4705981046518
38299,99805	0,438541199999975	1,75916687	1,00145119279529	89,6299419167473
38309,99805	0,437319300000013	1,751760254	1,00139595901109	89,2525731899934
38319,99805	0,439464999999984	1,767338501	1,00155905304345	90,0462883273042
38329,99805	0,439196799999991	1,768928711	1,00159249215068	90,127309879248
38339,99805	0,438213299999973	1,761296875	1,00133401840311	89,7384661435777
38349,99805	0,438570999999968	1,762731079	1,00133308628862	89,8115391552453
38359,99805	0,438362299999994	1,759378174	1,00134174935268	89,6407079023794
38369,99805	0,438392099999987	1,761332642	1,00134063121534	89,7402884801549
38379,99805	0,43863060000001	1,761428711	1,00151928115839	89,745183216997
38389,99805	0,438809399999968	1,762041382	1,00132340009889	89,7763989402354
38399,99805	0,438153699999987	1,758918335	1,00142203921444	89,6172790034137
38409,99805	0,43895839999999	1,762372192	1,00134892123358	89,793253783054
38419,99805	0,438660400000003	1,76129895	1,00143386866742	89,7385718652876
38429,99805	0,438302700000008	1,760894165	1,00125847812472	89,7179479798237
38439,99805	0,439643799999999	1,770150269	1,00151974621551	90,1895485300861
38449,99805	0,440388899999959	1,777091309	1,00138813505009	90,5431960564528
38459,99805	0,438570999999968	1,765080078	1,00134854818776	89,9312211749121
38469,99805	0,439137200000005	1,764578247	1,00155830795193	89,9056527742396
38479,99805	0,439882299999965	1,771291748	1,00149320095503	90,2477071381261
38489,99805	0,438869000000011	1,763725098	1,00150447133934	89,8621846436032
38499,99805	0,439137200000005	1,768414063	1,00147466467827	90,1010884495848
38509,99805	0,439375600000005	1,769884399	1,00144169262841	90,1760023946604
38519,99805	0,439464999999984	1,771464844	1,00145538431012	90,2565264176899
38529,99805	0,439614000000006	1,771318604	1,00135804935476	90,2490754572783
38539,99805	0,439882299999965	1,773801025	1,00129303536928	90,3755553574158
38549,99805	0,439226599999984	1,769807739	1,00115117694523	90,17209655067
38559,99805	0,439315999999963	1,769829102	1,00132330708747	90,1731850002548
38569,99805	0,439703500000007	1,771704346	1,00136764253306	90,2687290976716
38579,99805	0,439464999999984	1,768992676	1,00130691307384	90,1305689101748
38589,99805	0,439196799999991	1,768613281	1,00146069396229	90,1112386508381
38599,99805	0,439226599999984	1,766865845	1,00148984754314	90,0222063993478
38609,99805	0,439464999999984	1,769436279	1,00112602785624	90,153170581342
38619,99805	0,439137200000005	1,770296997	1,00136112273225	90,1970243542059
38629,99805	0,439196799999991	1,770455688	1,00153204172573	90,2051096958272
38639,99805	0,439643799999999	1,773764038	1,00151248132318	90,3736708615683
38649,99805	0,440776299999982	1,783442139	1,00166551611999	90,8667722525093
38659,99805	0,440120699999966	1,777427856	1,00143628996482	90,5603432006929
38669,99805	0,437915299999986	1,766446289	1,00142641675212	90,0008299281602
38679,99805	0,439375600000005	1,769702759	1,00122960357814	90,1667477964029
38689,99805	0,437378899999999	1,760748169	1,00166430597136	89,7105094512661
38699,99805	0,439554399999963	1,771216431	1,00127412704683	90,2438697202833
38709,99805	0,438451799999996	1,763857544	1,00148500394822	89,8689327966577
38719,99805	0,438064300000008	1,762778564	1,00125009609518	89,8139585265196
38729,99805	0,437885499999993	1,764216187	1,00114642636173	89,887205736995
38739,99805	0,438869000000011	1,766650635	1,00146432640845	90,0112414021501
38749,99805	0,437050999999997	1,75974292	1,00140136067456	89,6592917919193
38759,99805	0,438481599999989	1,762397583	1,00124925699211	89,7945474601315
38769,99805	0,438719999999989	1,76540979	1,00136997181916	89,9480200743873
38779,99805	0,438451799999996	1,765439697	1,00128129892773	89,9495438426657
38789,99805	0,437408699999992	1,759754517	1,0015929572078	89,6598826616396
38799,99805	0,437408699999992	1,760813599	1,00130113836455	89,7138431242676
38809,99805	0,438392099999987	1,762396118	1,00126360175404	89,7944728180568
38819,99805	0,437229899999977	1,759893066	1,00147652790713	89,6669417638967
38829,99805	0,436246400000016	1,753216187	1,00140592523521	89,3267532990269
38839,99805	0,438153699999987	1,762202026	1,00126788628029	89,7845837876395
38849,99805	0,439226599999984	1,768129395	1,00143787315928	90,0865845518928
38859,99805	0,438123899999994	1,761869141	1,00130141739882	89,767623223111
38869,99805	0,436961599999961	1,758967651	1,00145501226443	89,6197916645438
38879,99805	0,438570999999968	1,764593506	1,00127356797816	89,9064302236715
38889,99805	0,438451799999996	1,764486694	1,00144439296009	89,9009881285984
38899,99805	0,438153699999987	1,762062744	1,0013878550157	89,7774873388699
38909,99805	0,437647099999992	1,758407715	1,00132852272809	89,5912628012432
38919,99805	0,438123899999994	1,757446899	1,00130598195947	89,5423090130942
38929,99805	0,438660400000003	1,76447998	1,00155924006642	89,9006460488103
38939,99805	0,438362299999994	1,761394287	1,00140191974323	89,7434293065675
38949,99805	0,439614000000006	1,770773438	1,0015203982956	90,2212991287512
38959,99805	0,43895839999999	1,765785889	1,00164856403782	89,9671824017935
38969,99805	0,437170299999991	1,758743042	1,00114195581262	89,6083477862129
38979,99805	0,438660400000003	1,76431665	1,00166151162813	89,8923243491109
38989,99805	0,438660400000003	1,763953369	1,00138506067248	89,8738151016457
38999,99805	0,437915299999986	1,762833374	1,00131101157725	89,8167511081673
39009,99805	0,437170299999991	1,756615845	1,00143219146141	89,4999666276048
39019,99805	0,436812599999996	1,754491333	1,00135357880565	89,3917222703419
39029,99805	0,43675300000001	1,755571777	1,00140322390341	89,4467711316044
39039,99805	0,438451799999996	1,762271118	1,00148006734187	89,7881040403526
39049,99805	0,437885499999993	1,757818848	1,00124022288248	89,5612598970806
39059,99805	0,439196799999991	1,766430054	1,00155309231131	90,000002751312
39069,99805	0,43615699999998	1,750362671	1,00129545666668	89,1813660263922
39079,99805	0,43648479999996	1,753189331	1,00161177251883	89,3253849798747
39089,99805	0,43672319999996	1,753122192	1,00129471157516	89,3219642329444
39099,99805	0,437974899999972	1,756368164	1,0014934799893	89,4873472257604
39109,99805	0,437915299999986	1,756571045	1,00135264669116	89,4976840576757
39119,99805	0,437050999999997	1,755174561	1,00144942357798	89,4265328883681
39129,99805	0,438064300000008	1,756589966	1,0013636380412	89,4986480868192
39139,99805	0,438570999999968	1,762448608	1,00135246066832	89,7971471951903
39149,99805	0,437647099999992	1,752884644	1,00141551841351	89,3098611096958
39159,99805	0,436127199999987	1,745898315	1,00118200773208	88,9539060987415
39169,99805	0,438481599999989	1,757209106	1,00129703986114	89,5301934070413
39179,99805	0,436872199999982	1,752202148	1,00139269861062	89,2750877872319
39189,99805	0,437289499999963	1,75190686	1,00144923655501	89,2600427981862
39199,99805	0,438302700000008	1,756901123	1,00124180607694	89,514501604932
39209,99805	0,438213299999973	1,759139648	1,00144886450932	89,628554949814
39219,99805	0,436246400000016	1,749025146	1,00119113585326	89,1132188312019
39229,99805	0,437140499999998	1,755285767	1,00133318030016	89,432198858715
39239,99805	0,436395399999981	1,748356445	1,00132218895013	89,0791483670454
39249,99805	0,438034500000015	1,754870239	1,00128241606494	89,4110276150201
39259,99805	0,437647099999992	1,75424292	1,00150046584736	89,3790655729353
39269,99805	0,436127199999987	1,748526855	1,00140368996066	89,087830794314
39279,99805	0,43672319999996	1,750888916	1,00143172540417	89,2081783257757
39289,99805	0,437706699999978	1,754113525	1,00145622241306	89,372472869007
39299,99805	0,437408699999992	1,753440063	1,00151210927748	89,3381598308453
39309,99805	0,436067600000001	1,74892334	1,00154778265914	89,1080317929383
39319,99805	0,43648479999996	1,748463135	1,00132097780137	89,0845842461915
39329,99805	0,43538209999997	1,740076538	1,00128418628237	88,6572852702909
39339,99805	0,436216599999966	1,745588989	1,00150922192284	88,9381458704845
39349,99805	0,436425199999974	1,749404175	1,00148714621134	89,1325304427574
39359,99805	0,435829099999978	1,744172607	1,00146739978595	88,8659808936669
39369,99805	0,43591859999998	1,747712524	1,00165350064417	89,046340449381
39379,99805	0,437885499999993	1,754324219	1,00115443734569	89,3832077750038
39389,99805	0,436216599999966	1,746123169	1,00118927262441	88,9653624598767
39399,99805	0,43672319999996	1,746233276	1,00147829812456	88,9709724359301
39409,99805	0,436306000000002	1,748724487	1,00139223255338	89,0979001885158
39419,99805	0,437289499999963	1,750299805	1,00150977999138	89,178162989759
39429,99805	0,43648479999996	1,74877002	1,00136754952163	89,1002201049575
39439,99805	0,437229899999977	1,748966675	1,0015442432244	89,1102397207928
39449,99805	0,437885499999993	1,754213013	1,001474385644	89,3775418046569
39459,99805	0,436306000000002	1,748998047	1,00129052006033	89,1118381311459
39469,99805	0,43675300000001	1,748528687	1,00139996350295	89,08792413512
39479,99805	0,43675300000001	1,751831543	1,00154582741898	89,2562053803434
39489,99805	0,437498099999971	1,752500122	1,00153809646941	89,2902696285729
39499,99805	0,437706699999978	1,753857544	1,00150158398469	89,359430580323
39509,99805	0,438064300000008	1,759488892	1,00161838633118	89,6463490090182
39519,99805	0,438362299999994	1,757522217	1,00158215288073	89,5461464818872
39529,99805	0,437706699999978	1,751444336	1,00128800475139	89,2364770978754
39539,99805	0,436335799999995	1,746540161	1,00138710992418	88,9866082946961
39549,99805	0,436663599999974	1,749702026	1,00131818345815	89,1477060172212
39559,99805	0,438243099999966	1,755181885	1,00134761707339	89,4269060477913
39569,99805	0,436961599999961	1,751611084	1,00119560640237	89,2449729454323
39579,99805	0,437647099999992	1,751798462	1,00147391958676	89,2545198960616
39589,99805	0,438153699999987	1,753549194	1,00138263937508	89,3437200794824
39599,99805	0,438123899999994	1,755383301	1,00142539162621	89,4371682376318
39609,99805	0,437706699999978	1,752792847	1,00120417545488	89,3051840322005
39619,99805	0,43895839999999	1,760255127	1,00157432891974	89,6853888520915
39629,99805	0,439703500000007	1,767591187	1,00146507149997	90,0591627350079
39639,99805	0,43928619999997	1,76301001	1,00126024834215	89,8257507515158
39649,99805	0,438988199999983	1,760687378	1,00143899129662	89,7074121363428
39659,99805	0,439375600000005	1,766549072	1,00133131707131	90,0060667447903
39669,99805	0,439137200000005	1,762173828	1,00143098031265	89,7831470932899
39679,99805	0,438541199999975	1,758810059	1,0015370713435	89,6117623172161
39689,99805	0,438988199999983	1,762186768	1,00122150058287	89,7838063891578
39699,99805	0,438719999999989	1,761500854	1,0014791362275	89,7488589188363
39709,99805	0,439464999999984	1,766563965	1,00141244503602	90,0068255464411
39719,99805	0,438719999999989	1,762435303	1,0014263237407	89,7964693024915
39729,99805	0,439137200000005	1,762981689	1,00146404637406	89,8243077902889
39739,99805	0,438898800000004	1,762845093	1,00140611125806	89,8173481938146
39749,99805	0,438570999999968	1,761285522	1,00162537118911	89,7378877057115
39759,99805	0,439405399999998	1,76738623	1,00169839615855	90,0487201304326
39769,99805	0,439852499999972	1,7682677	1,00136233388101	90,0936312222958
39779,99805	0,439703500000007	1,768408081	1,00145892374486	90,1007836653589
39789,99805	0,440359099999966	1,77921875	1,00177393543682	90,651589646915
39799,99805	0,439971700000001	1,77439563	1,00153297284009	90,4058506139502
39809,99805	0,440359099999966	1,777788452	1,00141998996274	90,5787156468131
39819,99805	0,439643799999999	1,772226685	1,00139037032465	90,2953423854894
39829,99805	0,440448500000002	1,776613281	1,00141421525345	90,5188404239058
39839,99805	0,439852499999972	1,7725271	1,00117409075967	90,3106485963214
39849,99805	0,439852499999972	1,770209229	1,00140601824664	90,1925525551536
39859,99805	0,438988199999983	1,767704468	1,00150577549952	90,0649344270648
39869,99805	0,439405399999998	1,769856079	1,00140676333815	90,1745594843838
39879,99805	0,43895839999999	1,76506311	1,00143191242714	89,9303566515514
39889,99805	0,44006109999998	1,772245239	1,00147671392998	90,2962877159016
39899,99805	0,439941900000008	1,772445557	1,00169047918613	90,3064939623987
39909,99805	0,439614000000006	1,769679565	1,00139120842759	90,1655660569623
39919,99805	0,43928619999997	1,766920166	1,00128502438532	90,0249740663372
39929,99805	0,439882299999965	1,769581299	1,00151844305544	90,1605593824833
39939,99805	0,4397333	1,770106812	1,00157069647358	90,1873343863046
39949,99805	0,439792899999986	1,768064819	1,00135804935476	90,0832943903806
39959,99805	0,439375600000005	1,766194092	1,00134314652429	89,9879804351149
39969,99805	0,4397333	1,769164429	1,0017350016547	90,139319763591
39979,99805	0,4397333	1,768977051	1,00155253324264	90,1297728129617
39989,99805	0,439047799999969	1,76594104	1,00133895500946	89,9750873796301
39999,99805	0,440150500000016	1,776847534	1,00161941045697	90,5307756661742
40009,99805	0,440210100000002	1,774552734	1,00145221792121	90,4138550975697
40019,99805	0,437825900000007	1,762170532	1,00127217080655	89,7829791613594
40029,99805	0,439137200000005	1,767632935	1,00144597715467	90,0612898048606
40039,99805	0,439226599999984	1,767910645	1,00150465736219	90,0754391909105
40049,99805	0,439375600000005	1,767046509	1,00142110709995	90,031411270189
40059,99805	0,439792899999986	1,771214478	1,00125186531248	90,2437702145004
40069,99805	0,439882299999965	1,775487793	1,00149161776057	90,46149656086
40079,99805	0,440537899999981	1,777503906	1,00142166616862	90,5642179650481
40089,99805	0,440537899999981	1,778888062	1,00151518265498	90,6347410200234
40099,99805	0,439703500000007	1,772914795	1,00159398233371	90,3304017424976
40109,99805	0,439315999999963	1,768102905	1,00150158398469	90,0852348805217
40119,99805	0,439643799999999	1,769514648	1,00132945384245	90,1571634992612
40129,99805	0,439375600000005	1,768347046	1,00147056717499	90,0976739185815
40139,99805	0,439554399999963	1,771171753	1,00128716664844	90,2415933662811
40149,99805	0,440537899999981	1,776751099	1,00125158627821	90,5258622815509
40159,99805	0,440448500000002	1,775386841	1,00138617880982	90,4563530340857
40169,99805	0,440120699999966	1,774608154	1,00149832358423	90,4166787588526
40179,99805	0,440120699999966	1,774169312	1,00126732721162	90,3943196616905
40189,99805	0,440269699999988	1,774130005	1,00137900692891	90,3923169613288
40199,99805	0,439554399999963	1,770530518	1,00147121925508	90,208922300912
40209,99805	0,437468299999978	1,758998169	1,00115732470034	89,6213465634076
40219,99805	0,437229899999977	1,757854492	1,00149674038977	89,5630759667805
40229,99805	0,439226599999984	1,765848633	1,00133643970051	89,9703792224996
40239,99805	0,439882299999965	1,772268188	1,00148463190252	90,2974569725378
40249,99805	0,439226599999984	1,767122925	1,0012624836167	90,0353046823254
40259,99805	0,439137200000005	1,767220581	1,00155160212827	90,0402802771692
40269,99805	0,439107400000012	1,767346924	1,00141095485298	90,046717481021
40279,99805	0,439226599999984	1,768491089	1,0012065977524	90,1050129413563
40289,99805	0,439554399999963	1,770781738	1,00141486733354	90,2217220155908
40299,99805	0,439703500000007	1,770577271	1,00165713409045	90,211304376624
40309,99805	0,439196799999991	1,768337646	1,00142008297416	90,0971949864982
40319,99805	0,436901999999975	1,757162109	1,00147634188428	89,5277988994752
40329,99805	0,436812599999996	1,755259644	1,00126956248618	89,4308678860753
40339,99805	0,436306000000002	1,750375488	1,00154107683548	89,1820190553829
40349,99805	0,437289499999963	1,757188721	1,00150027982451	89,5291547867733
40359,99805	0,436812599999996	1,753417847	1,00137611957427	89,3370279207215
40369,99805	0,435978199999965	1,748307129	1,00137872689452	89,0766357059153
40379,99805	0,436306000000002	1,749105225	1,00107722086142	89,1172988740001
40389,99805	0,437825900000007	1,753959961	1,00133802289497	89,3646487491721
40399,99805	0,438302700000008	1,757017212	1,00131650725226	89,5204163652112
40409,99805	0,438481599999989	1,759919556	1,00141123388726	89,6682914352677
40419,99805	0,43648479999996	1,751253052	1,00160040912309	89,2267311356805
40429,99805	0,436335799999995	1,749347656	1,00142408846615	89,1296507871809
40439,99805	0,437170299999991	1,754303955	1,00128735267129	89,3821753197126
40449,99805	0,43675300000001	1,748911987	1,00142054903141	89,1074533550721
40459,99805	0,438213299999973	1,755393921	1,00137583953987	89,4377093289856
40469,99805	0,438481599999989	1,758913818	1,00141216600175	89,6170488612625
40479,99805	0,439137200000005	1,764967773	1,00149254887494	89,9254992102716
40489,99805	0,437170299999991	1,756119019	1,00131175666876	89,4746532327916
40499,99805	0,437617299999999	1,75288855	1,00131743836663	89,3100601212615
40509,99805	0,437229899999977	1,7510354	1,00141924487122	89,2156417180415
40519,99805	0,435650299999963	1,743979248	1,00134212139837	88,8561292097621
40529,99805	0,436901999999975	1,750935913	1,0014137491962	89,2105728333418
40539,99805	0,438213299999973	1,753370972	1,00139493388518	89,3346396290824
40549,99805	0,43863060000001	1,758420898	1,0011831248693	89,591934478015
40559,99805	0,43895839999999	1,762611084	1,00117232054223	89,8054253834004
40569,99805	0,437289499999963	1,755864624	1,00121963735402	89,4616917511591
40579,99805	0,437885499999993	1,755641846	1,00153576718331	89,4503411626841
40589,99805	0,437498099999971	1,752481812	1,00148006734187	89,2893367300148
40599,99805	0,437557700000013	1,753806274	1,00149003356599	89,3568183624599
40609,99805	0,437557700000013	1,755722778	1,00144485901733	89,4544646660213
40619,99805	0,439196799999991	1,76421167	1,00137174103647	89,8869755948438
40629,99805	0,438451799999996	1,759008545	1,00145873772201	89,6218752229072
40639,99805	0,438034500000015	1,75667981	1,00137434935684	89,5032256585316
40649,99805	0,438660400000003	1,760638916	1,00151937416981	89,704942986702
40659,99805	0,436633799999981	1,752258911	1,00142185219147	89,2779798746624
40669,99805	0,438451799999996	1,758045898	1,00136866765897	89,5728281449024
40679,99805	0,43863060000001	1,759660278	1,00133141008273	89,6550811637031
40689,99805	0,439643799999999	1,770115967	1,00147895020465	90,1878008355836
40699,99805	0,440031299999987	1,769833496	1,00140769445252	90,1734088755286
40709,99805	0,439137200000005	1,764294434	1,00167883575601	89,8911924389871
40719,99805	0,437706699999978	1,757771729	1,0015993849973	89,5588591735874
40729,99805	0,438541199999975	1,758045288	1,00157749530866	89,5727970652672
40739,99805	0,438362299999994	1,756425659	1,0013132468518	89,4902766087532
40749,99805	0,439792899999986	1,767654053	1,00151648681516	90,0623657716411
40759,99805	0,438123899999994	1,758825317	1,00133290026577	89,6125397156978
40769,99805	0,438779599999975	1,762176392	1,00141617049361	89,7832777296581
40779,99805	0,438898800000004	1,76342749	1,00134752406197	89,8470214500433
40789,99805	0,440031299999987	1,769769653	1,00142613771785	90,1701560605289
40799,99805	0,438719999999989	1,761172363	1,00128064684764	89,7321222295817
40809,99805	0,438988199999983	1,764345459	1,00150186301897	89,893792174046
40819,99805	0,43928619999997	1,764838867	1,00113403884021	89,9189314210017
40829,99805	0,439315999999963	1,764217896	1,00137183404789	89,8872928109237
40839,99805	0,438660400000003	1,759869873	1,00125354151837	89,6657600754063
40849,99805	0,439047799999969	1,762477905	1,00151611376934	89,7986398838335
40859,99805	0,438809399999968	1,762422974	1,00128139193915	89,7958411372089
40869,99805	0,440686900000003	1,774893066	1,00159742875702	90,4311950883986
40879,99805	0,439614000000006	1,766950073	1,0015711615307	90,0264978346156
40889,99805	0,43895839999999	1,762051758	1,00128195100782	89,7769275997351
40899,99805	0,439792899999986	1,76904895	1,00142269129454	90,133436082947
40909,99805	0,43952459999997	1,765309082	1,00151788398677	89,9428889794671
40919,99805	0,438302700000008	1,758683838	1,00122615815495	89,6053313292913
40929,99805	0,43928619999997	1,765870239	1,0014961813211	89,9714800529882
40939,99805	0,439792899999986	1,765755249	1,00152757117662	89,9656212870026
40949,99805	0,440120699999966	1,770180298	1,00152607999347	90,1910785142915
40959,99805	0,439464999999984	1,765398315	1,00137677065424	89,9474354205941
40969,99805	0,439107400000012	1,763418335	1,00136997181916	89,8465550007643
40979,99805	0,438809399999968	1,760803833	1,00121060324439	89,7133455444031
40989,99805	0,439464999999984	1,764778076	1,00159603158541	89,9158341060784
40999,99805	0,439614000000006	1,765525635	1,00142483355766	89,9539224028125
41009,99805	0,440716699999996	1,773549194	1,00140629728091	90,3627245121516
41019,99805	0,439792899999986	1,768953125	1,00140033654877	90,1285537779589
41029,99805	0,439941900000008	1,768144043	1,00129545666668	90,0873308707393
41039,99805	0,44006109999998	1,770524658	1,00132284103022	90,2086237326132
41049,99805	0,440359099999966	1,776555664	1,00136261291529	90,515904824986
41059,99805	0,439315999999963	1,76831543	1,00133085101407	90,0960630763744
41069,99805	0,440597499999967	1,776175415	1,00137425634541	90,4965310541601
41079,99805	0,440448500000002	1,776040894	1,00160832609551	90,4896771793957
41089,99805	0,439792899999986	1,771635742	1,0013950268966	90,2652337086666
41099,99805	0,440448500000002	1,775191162	1,00135776932036	90,4463831456667
41109,99805	0,440359099999966	1,777259399	1,00125512571295	90,5517602792072
41119,99805	0,440537899999981	1,77654126	1,00143722107919	90,5151709379936
41129,99805	0,440210100000002	1,776065063	1,0013732312195	90,4909085953024
41139,99805	0,439405399999998	1,768369995	1,00147550378134	90,0988431752178
41149,99805	0,440388899999959	1,77719397	1,00154834172781	90,548426657156
41159,99805	0,440150500000016	1,77319873	1,00141458729915	90,3448682936771
41169,99805	0,439137200000005	1,763946045	1,00130206947891	89,8734419422225
41179,99805	0,439196799999991	1,765882446	1,00153101659981	89,9721020023437
41189,99805	0,439703500000007	1,768704468	1,00140052257162	90,1158846486982
41199,99805	0,438869000000011	1,764510376	1,00130859027985	89,9021947317471
41209,99805	0,43895839999999	1,765848511	1,00133429743738	89,9703730065726
41219,99805	0,439196799999991	1,765281128	1,00148537699404	89,9414647169715
41229,99805	0,439464999999984	1,7678302	1,00147885619311	90,0713405003312
41239,99805	0,439882299999965	1,77215625	1,00164381445444	90,2917537066286
41249,99805	0,439375600000005	1,768428589	1,00112053318135	90,1018285525042
41259,99805	0,439047799999969	1,764094971	1,00147317449524	89,8810297549294
41269,99805	0,4397333	1,770414307	1,00130206947891	90,2030013247058
41279,99805	0,438362299999994	1,764689087	1,00120482753497	89,9113000968054
41289,99805	0,437557700000013	1,758688965	1,00160879215276	89,6055925510776
41299,99805	0,43863060000001	1,764514526	1,00123230490994	89,9024061751669
41309,99805	0,439315999999963	1,765614502	1,00151192225451	89,9584501961584
41319,99805	0,438660400000003	1,763011963	1,00139362972499	89,8258502572986
41329,99805	0,438362299999994	1,761875732	1,00144243771993	89,7679590360218
41339,99805	0,439703500000007	1,771444336	1,00165163841544	90,2554815305447
41349,99805	0,439405399999998	1,766096802	1,00154526835032	89,9830234880522
41359,99805	0,438123899999994	1,762538086	1,00135031840519	89,8017061191216
41369,99805	0,439196799999991	1,764946533	1,00154303307576	89,9244170275641
41379,99805	0,438123899999994	1,760726318	1,00162444007475	89,7093961379732
41389,99805	0,438243099999966	1,763661987	1,00143191242714	89,8589691241657
41399,99805	0,439196799999991	1,764885742	1,00149981376726	89,9213197126408
41409,99805	0,438779599999975	1,763312744	1,00128483836247	89,8411751159118
41419,99805	0,438541199999975	1,757988892	1,00126537097134	89,569923676568
41429,99805	0,437885499999993	1,760862915	1,00159351627647	89,7163557853977
41439,99805	0,439792899999986	1,769297852	1,00127971573327	90,146117695012
41449,99805	0,439107400000012	1,764631226	1,0014842588567	89,9083520660315
41459,99805	0,437378899999999	1,756524414	1,00145082074959	89,4953081978907
41469,99805	0,436306000000002	1,749154053	1,00140061558304	89,119786671422
41479,99805	0,437319300000013	1,752674194	1,00141617049361	89,2991386355531
41489,99805	0,437319300000013	1,751132446	1,00123100074975	89,2205862332501
41499,99805	0,438064300000008	1,755704102	1,00122084850278	89,4535131196821
41509,99805	0,437796100000014	1,752069946	1,00135879444627	89,2683520660315
41519,99805	0,438541199999975	1,757195923	1,00128558345398	89,5295217302695
41529,99805	0,438123899999994	1,756315552	1,00137723671148	89,4846666326999
41539,99805	0,43928619999997	1,762320557	1,00143247149581	89,7906229683599
41549,99805	0,438034500000015	1,755628418	1,00145631542449	89,449657003108
41559,99805	0,438988199999983	1,762223633	1,00126257662812	89,7856846690783
41569,99805	0,439554399999963	1,767223999	1,00124422737434	90,0404544250268
41579,99805	0,437647099999992	1,757652466	1,00140592523521	89,5527826973047
41589,99805	0,437229899999977	1,755387939	1,00152440378758	89,4374045447598
41599,99805	0,438809399999968	1,761362793	1,00161540496499	89,7418246802874
41609,99805	0,438869000000011	1,761436401	1,00154703756762	89,7455750242014
41619,99805	0,438570999999968	1,759617432	1,00128567646541	89,652898150507
41629,99805	0,438719999999989	1,760590576	1,00133522855175	89,7024800529882
41639,99805	0,439315999999963	1,763837402	1,00116999225626	89,8679065572935
41649,99805	0,438779599999975	1,762075562	1,00122028943411	89,7781404188108
41659,99805	0,438392099999987	1,75784082	1,00149217582912	89,5623793753503
41669,99805	0,436544400000002	1,751518433	1,00145659545889	89,2402523564478
41679,99805	0,43708079999999	1,753221313	1,00134323953571	89,3270144698629
41689,99805	0,438243099999966	1,758807129	1,00129154418612	89,6116130330667
41699,99805	0,436961599999961	1,75376062	1,00131604119502	89,3544922810414
41709,99805	0,438869000000011	1,759969482	1,00153213473715	89,670835176033
41719,99805	0,436574199999995	1,749839844	1,0015857853269	89,1547278748663
41729,99805	0,438362299999994	1,757477417	1,00126304268537	89,543863911958
41739,99805	0,437140499999998	1,754298706	1,00145119279529	89,3819078819993
41749,99805	0,438451799999996	1,756327759	1,00142380843175	89,4852885820553
41759,99805	0,438153699999987	1,75608252	1,0015200262499	89,4727936006522
41769,99805	0,43648479999996	1,748908569	1,00126062138797	89,1072792072146
41779,99805	0,437736499999971	1,752216064	1,00146013489362	89,2757968105161
41789,99805	0,438123899999994	1,755421631	1,00117232054223	89,439121159627
41799,99805	0,439375600000005	1,764789429	1,00129927513569	89,9164125439446
41809,99805	0,438213299999973	1,755578003	1,0015179769982	89,4470883476843
41819,99805	0,438243099999966	1,756694824	1,00148994055457	89,5039906251592
41829,99805	0,436574199999995	1,750775269	1,00110311504193	89,2023879859377
41839,99805	0,439882299999965	1,768222412	1,00138906616446	90,0913237886585
41849,99805	0,438392099999987	1,757132202	1,00153129663421	89,5262751311968
41859,99805	0,438869000000011	1,761291626	1,00146870394613	89,7381987058644
41869,99805	0,439196799999991	1,76144397	1,00143004919829	89,7459606664289
41879,99805	0,439554399999963	1,765968262	1,00171097070305	89,9764743465634
41889,99805	0,439137200000005	1,763101929	1,00119001771593	89,8304340449381
41899,99805	0,439047799999969	1,763267456	1,00124636963747	89,8388676822744
41909,99805	0,438898800000004	1,761472656	1,00144681525761	89,7474222244867
41919,99805	0,439047799999969	1,761787354	1,00140331691484	89,7634561573343
41929,99805	0,437647099999992	1,755916016	1,00151415852919	89,4643101849493
41939,99805	0,438570999999968	1,756805176	1,00138953222171	89,5096130840169
41949,99805	0,43952459999997	1,765415649	1,00159286419637	89,9483185917359
41959,99805	0,438123899999994	1,757450928	1,00139186050768	89,5425142915372
41969,99805	0,437915299999986	1,756603271	1,00138962523313	89,499325979518
41979,99805	0,438153699999987	1,7565271	1,00140350293769	89,495445050186
41989,99805	0,437796100000014	1,756042847	1,00124636963747	89,4707722525093
41999,99805	0,438809399999968	1,761477417	1,00140527315512	89,7476647984919
42009,99805	0,439226599999984	1,760871216	1,00134323953571	89,7167787231874
42019,99805	0,439464999999984	1,764742676	1,00155849397478	89,9140304682325
42029,99805	0,439464999999984	1,763001465	1,00117949242314	89,8253153818719
42039,99805	0,43895839999999	1,760995972	1,00133168911701	89,7231350690376
42049,99805	0,439137200000005	1,761664429	1,0013851536839	89,75719310134
42059,99805	0,43952459999997	1,763157715	1,00130672705099	89,8332763540022
42069,99805	0,439614000000006	1,765126221	1,001424274489	89,933572170989
42079,99805	0,440299499999981	1,771211182	1,0014379661707	90,2436022825699
42089,99805	0,439703500000007	1,768804077	1,00152496285625	90,1209597493249
42099,99805	0,440597499999967	1,774324707	1,0015738628625	90,4022370713813
42109,99805	0,441104199999984	1,778519043	1,00157451494259	90,6159394201865
42119,99805	0,43952459999997	1,766453613	1,00145305602415	90,0012030875834
42129,99805	0,440388899999959	1,772077271	1,00142921109534	90,2877297090742
42139,99805	0,439882299999965	1,768179199	1,00146190411093	90,089122076731
42149,99805	0,439971700000001	1,769101563	1,00164036803113	90,1361167269578
42159,99805	0,439852499999972	1,769600952	1,001675017287	90,1615607071891
42169,99805	0,439941900000008	1,76806543	1,00145994887077	90,083325520966
42179,99805	0,440716699999996	1,774469116	1,00124040890533	90,4095947419371
42189,99805	0,440537899999981	1,778477051	1,00151359946052	90,6137999184797
42199,99805	0,441133999999977	1,780269531	1,0013827323865	90,7051271717532
42209,99805	0,440806099999975	1,779700439	1,00139027731322	90,6761318082234
42219,99805	0,440716699999996	1,777359131	1,00141393521905	90,5568416467112
42229,99805	0,441282999999999	1,782399048	1,00142529861479	90,8136265348754
42239,99805	0,441104199999984	1,780909668	1,00156818116463	90,737742293779
42249,99805	0,440478299999995	1,777007568	1,00157498099983	90,538929433943
42259,99805	0,439882299999965	1,772137573	1,00136848163612	90,2908021093392
42269,99805	0,440537899999981	1,77540332	1,00134081723819	90,457192642788
42279,99805	0,440806099999975	1,776924438	1,00151276135758	90,5346939420186
42289,99805	0,439882299999965	1,770032593	1,00130253553616	90,1835529118052
42299,99805	0,44062729999996	1,775226074	1,00141877881398	90,4481619198044
42309,99805	0,440359099999966	1,772582886	1,00116598676428	90,3134909053854
42319,99805	0,440359099999966	1,773795532	1,00144392790297	90,3752754878484
42329,99805	0,44006109999998	1,772978027	1,00135665218315	90,3336234269119
42339,99805	0,440716699999996	1,777475952	1,00156315154686	90,5627937025526
42349,99805	0,440716699999996	1,776920654	1,00132619444211	90,53450114638
42359,99805	0,440150500000016	1,773046143	1,00134063121534	90,3370939522087
42369,99805	0,440269699999988	1,774654419	1,00148863639438	90,4190359708565
42379,99805	0,439375600000005	1,773490234	1,00119672453971	90,3597204870841
42389,99805	0,438779599999975	1,768622437	1,00147829812456	90,1117051510674
42399,99805	0,439614000000006	1,76857373	1,00152021227275	90,1092235186223
42409,99805	0,440359099999966	1,775663086	1,00131939460691	90,4704277780608
42419,99805	0,440716699999996	1,77635083	1,00107060804919	90,5054684872879
42429,99805	0,439047799999969	1,766401367	1,00160990928997	89,998541142304
42439,99805	0,439405399999998	1,768540771	1,00150447133934	90,1075442502675
42449,99805	0,439792899999986	1,771874756	1,00120175415748	90,2774115249401
42459,99805	0,439315999999963	1,769671387	1,00137481541408	90,1651493860498
42469,99805	0,438392099999987	1,76843103	1,00163300912726	90,1019529219952
42479,99805	0,438898800000004	1,766318359	1,0012937804608	89,9943118663066
42489,99805	0,440120699999966	1,774421021	1,00152188947876	90,4071442910277
42499,99805	0,439643799999999	1,771571167	1,00130821723402	90,2619435981047
42509,99805	0,440865699999961	1,780972412	1,00120818094686	90,7409391144851
42519,99805	0,441282999999999	1,784160767	1,00159966403158	90,9033865083813
42529,99805	0,439971700000001	1,773777588	1,00161549797641	90,3743612370714
42539,99805	0,4397333	1,773652832	1,0013732312195	90,3680048912213
42549,99805	0,44006109999998	1,773740723	1,00116431055839	90,3724829571509
42559,99805	0,439941900000008	1,7720448	1,00140667032673	90,2860753044276
42569,99805	0,437796100000014	1,763271362	1,00135832838903	89,8390666938401
42579,99805	0,437647099999992	1,761752319	1,00159882592863	89,7616711163194
42589,99805	0,43895839999999	1,763038574	1,00143675602207	89,8272060936465
42599,99805	0,437647099999992	1,761012695	1,00145519828727	89,7239871095939
42609,99805	0,438034500000015	1,76236731	1,00115983900916	89,7930050440719
42619,99805	0,438362299999994	1,76672229	1,00120678377525	90,0148922402812
42629,99805	0,438541199999975	1,767243286	1,00134258745562	90,0414371019514
42639,99805	0,437706699999978	1,761784424	1,00131073254297	89,7633068731849
42649,99805	0,438153699999987	1,763853271	1,00153893457236	89,8687150863606
42659,99805	0,439107400000012	1,768072144	1,00148761226859	90,0836676007541
42669,99805	0,438392099999987	1,766360352	1,00141812673389	89,9964514189637
42679,99805	0,438481599999989	1,765887939	1,00156119530658	89,9723818719111
42689,99805	0,437468299999978	1,760748779	1,00142408846615	89,7105405309013
42699,99805	0,437647099999992	1,759630249	1,00145585036737	89,6535511794976
42709,99805	0,438719999999989	1,763033936	1,00130970741706	89,8269697865186
42719,99805	0,438064300000008	1,760722168	1,00146581659149	89,7091846945534
42729,99805	0,439107400000012	1,76502771	1,0017132059776	89,9285530137056
42739,99805	0,437557700000013	1,757301514	1,00128539743114	89,534901615122
42749,99805	0,437736499999971	1,759268555	1,00152468282186	89,6351227900341
42759,99805	0,437885499999993	1,758256714	1,00147019412917	89,5835692668263
42769,99805	0,437617299999999	1,75624646	1,00137909994034	89,4811463799868
42779,99805	0,437050999999997	1,753161865	1,00138822806152	89,3239855810873
42789,99805	0,437617299999999	1,756424316	1,00142613771785	89,4902081826056
42799,99805	0,437468299999978	1,752699463	1,00134258745562	89,3004260967035
42809,99805	0,438481599999989	1,758567139	1,00142883804952	89,5993854893769
42819,99805	0,438809399999968	1,761941284	1,00143237748426	89,7712989249503
42829,99805	0,43895839999999	1,760910156	1,00137481541408	89,7187627248179
42839,99805	0,439941900000008	1,770928833	1,00170482294794	90,2292165384419
42849,99805	0,438898800000004	1,762794189	1,00149180378342	89,8147546237326
42859,99805	0,438779599999975	1,762235596	1,00145100677244	89,7862941865797
42869,99805	0,438809399999968	1,762309937	1,00138217331783	89,7900818770062
42879,99805	0,439047799999969	1,762073364	1,00115462336854	89,7780284302237
42889,99805	0,438779599999975	1,761853271	1,00175828751483	89,7668146430937
42899,99805	0,438779599999975	1,761383789	1,00137304519665	89,7428944311408
42909,99805	0,438988199999983	1,761310913	1,0012287654752	89,739181382789
42919,99805	0,437647099999992	1,756417725	1,00146367432836	89,4898723696948
42929,99805	0,438719999999989	1,759784424	1,00152486984483	89,661406429918
42939,99805	0,437378899999999	1,754045654	1,00163999498531	89,3690148265145
42949,99805	0,438034500000015	1,754790405	1,00152347267322	89,4069600550262
42959,99805	0,438481599999989	1,759920654	1,0013973561827	89,6683473786111
42969,99805	0,437617299999999	1,75525293	1,00163058782986	89,4305258062872
42979,99805	0,437289499999963	1,752779175	1,001453242047	89,3044874407704
42989,99805	0,439315999999963	1,761912354	1,00159016286458	89,7698249350385
42999,99805	0,439226599999984	1,761541382	1,00144644221179	89,7509238294187
43009,99805	0,438243099999966	1,753573486	1,00139959145725	89,3449577622663
43019,99805	0,438362299999994	1,755545898	1,00150512341943	89,4454525908188
43029,99805	0,439614000000006	1,762562012	1,00142921109534	89,8029251541244
43039,99805	0,438660400000003	1,758876221	1,00140219977762	89,6151332857798
43049,99805	0,43895839999999	1,760306641	1,00123845266505	89,6880135018087
43059,99805	0,439196799999991	1,76252002	1,00140518014369	89,8007856524176
43069,99805	0,439375600000005	1,762082764	1,00139316466787	89,778507362307
43079,99805	0,440031299999987	1,767555542	1,00141458729915	90,0573466143578
43089,99805	0,439792899999986	1,764619385	1,00143247149581	89,9077487644571
43099,99805	0,438123899999994	1,755007935	1,00159985005443	89,4180432567382
43109,99805	0,439614000000006	1,76243103	1,00164157817977	89,7962515921944
43119,99805	0,437796100000014	1,755882813	1,00161223857607	89,4626184847404
43129,99805	0,43952459999997	1,76195166	1,00143871126222	89,77182758445
43139,99805	0,439464999999984	1,763456055	1,00141672956227	89,8484768431243
43149,99805	0,439852499999972	1,766770264	1,00130216349046	90,0173365262139
43159,99805	0,440776299999982	1,772869507	1,00137872689452	90,3280943088603
43169,99805	0,440120699999966	1,768395264	1,00134100426116	90,1001306363683
43179,99805	0,440597499999967	1,775165161	1,00128455932819	90,445058388954
43189,99805	0,440210100000002	1,772000122	1,0015036332364	90,2837989504254
43199,99805	0,439226599999984	1,768827148	1,00113459790887	90,1221352218882
43209,99805	0,439047799999969	1,76472229	1,00151155020882	89,9129917970143
43219,99805	0,439882299999965	1,766906738	1,00132079177852	90,0242899067611
43229,99805	0,439882299999965	1,76859375	1,00163468633326	90,1102435420594
43239,99805	0,440299499999981	1,768111328	1,00126462587983	90,0856640342385
43249,99805	0,440031299999987	1,769005005	1,00163086686413	90,1311970754573
43259,99805	0,439852499999972	1,767672852	1,00124953702651	90,0633235848576
43269,99805	0,439971700000001	1,769471558	1,00147177732363	90,154968054211
43279,99805	0,440716699999996	1,772496216	1,00135227464547	90,3090750496765
43289,99805	0,440359099999966	1,77245874	1,00147280244954	90,3071656391705
43299,99805	0,440359099999966	1,771271729	1,00144793239483	90,2466871656392
43309,99805	0,44062729999996	1,771832397	1,00137695767721	90,275253324502
43319,99805	0,439554399999963	1,764793457	1,00138673787848	89,9166177714373
43329,99805	0,440806099999975	1,776002441	1,00142865202668	90,4877179905233
43339,99805	0,441461800000013	1,778616821	1,00124897795784	90,6209212309574
43349,99805	0,440478299999995	1,772734253	1,00130206947891	90,3212030875834
43359,99805	0,440299499999981	1,771346313	1,0013350425289	90,2504872369695
43369,99805	0,440955099999996	1,774303955	1,00168749882007	90,4011797523819
43379,99805	0,440269699999988	1,769781006	1,00140434204075	90,1707344983951
43389,99805	0,440150500000016	1,769123291	1,00132638046496	90,1372237733734
43399,99805	0,441461800000013	1,778268555	1,00133765084927	90,60317700107
43409,99805	0,440210100000002	1,771312622	1,00156240645534	90,2487706730524
43419,99805	0,440597499999967	1,774202637	1,00143265751866	90,3960175778265
43429,99805	0,440716699999996	1,771931152	1,0014791362275	90,2802849136394
43439,99805	0,440895500000011	1,777461548	1,00145761958468	90,5620598155602
43449,99805	0,440597499999967	1,772704102	1,00145966883638	90,319666887451
43459,99805	0,440478299999995	1,77261792	1,00161382177053	90,3152758954502
43469,99805	0,441104199999984	1,774968506	1,0013108255544	90,4350387731187
43479,99805	0,441640599999971	1,780067139	1,0014723363923	90,6948152544964
43489,99805	0,440776299999982	1,77544397	1,00128083287048	90,4592637692974
43499,99805	0,440895500000011	1,778297974	1,00137006483058	90,6046759056402
43509,99805	0,442177000000015	1,786658325	1,00138133521489	91,0306376420237
43519,99805	0,440806099999975	1,779463867	1,00155896003202	90,6640784123911
43529,99805	0,440895500000011	1,778425537	1,00138729594703	90,6111752687624
43539,99805	0,441282999999999	1,779556885	1,00148053339911	90,668817700107
43549,99805	0,441431999999963	1,780963135	1,00142706883222	90,7404664492791
43559,99805	0,441014800000005	1,775450928	1,00127515117262	90,4596182809395
43569,99805	0,441104199999984	1,77690332	1,00130514385653	90,5336179752382
43579,99805	0,440895500000011	1,777863525	1,00144346184572	90,5825406328018
43589,99805	0,440776299999982	1,776691895	1,00156222043249	90,5228458246293
43599,99805	0,439464999999984	1,76974646	1,00153446302313	90,1689743720385
43609,99805	0,440865699999961	1,77585376	1,00136466216699	90,4801426606206
43619,99805	0,440478299999995	1,772055908	1,00125670890741	90,2866412594895
43629,99805	0,439941900000008	1,769912964	1,00125698794168	90,1774577877414
43639,99805	0,440865699999961	1,77730481	1,00126257662812	90,5540739797218
43649,99805	0,440359099999966	1,771289551	1,00131566914932	90,2475952004891
43659,99805	0,440806099999975	1,773287964	1,00150642757962	90,3494147857543
43669,99805	0,439614000000006	1,770797485	1,00133299327719	90,2225243287308
43679,99805	0,439792899999986	1,770564331	1,00121973036544	90,2106450807561
43689,99805	0,440865699999961	1,776530396	1,00126956248618	90,5146174147858
43699,99805	0,440150500000016	1,773093262	1,00141095485298	90,3394946757018
43709,99805	0,441223400000013	1,777208618	1,00147857715883	90,5491729760024
43719,99805	0,43928619999997	1,769903564	1,00146386035121	90,176978855658
43729,99805	0,440448500000002	1,771518311	1,00135218163404	90,25925057319
43739,99805	0,439226599999984	1,76917041	1,00145538431012	90,1396244968666
43749,99805	0,438451799999996	1,761206055	1,00142753488946	89,733838844449
43759,99805	0,438451799999996	1,7634375	1,00143275053008	89,8475314617619
43769,99805	0,440716699999996	1,773253174	1,00162928366967	90,3476422275437
43779,99805	0,44006109999998	1,771229126	1,00152589397062	90,2445165333469
43789,99805	0,440031299999987	1,769799438	1,00148444487955	90,1716736128802
43799,99805	0,438392099999987	1,764765869	1,00137835484882	89,9152121567229
43809,99805	0,4397333	1,769278198	1,00130477081071	90,145116319356
43819,99805	0,439882299999965	1,769733643	1,00135497597726	90,1683213430478
43829,99805	0,440716699999996	1,77781665	1,00159649664254	90,5801523411627
43839,99805	0,440031299999987	1,770817383	1,00130197646749	90,2235381362409
43849,99805	0,440359099999966	1,775117432	1,00152831626814	90,4426265858256
43859,99805	0,439971700000001	1,771952026	1,00149040661181	90,2813484485658
43869,99805	0,438362299999994	1,762218506	1,00131129061152	89,785423447292
43879,99805	0,438570999999968	1,764756348	1,00121227945027	89,9147270596627
43889,99805	0,438541199999975	1,76413501	1,00130458478786	89,8830697508534
43899,99805	0,437915299999986	1,756550415	1,00151471659773	89,4966329546034
43909,99805	0,437170299999991	1,753748779	1,00157414289689	89,3538889794671
43919,99805	0,438541199999975	1,757871826	1,00139307165644	89,5639591379222
43929,99805	0,438988199999983	1,761920166	1,00136643238442	89,7702229581699
43939,99805	0,437617299999999	1,754650269	1,0014045280636	89,3998200947674
43949,99805	0,438719999999989	1,75874585	1,00136512822423	89,6084908544352
43959,99805	0,439971700000001	1,766765137	1,0013081242226	90,0170753044276
43969,99805	0,438570999999968	1,759429565	1,00115676563167	89,6433262852194
43979,99805	0,438988199999983	1,760675171	1,00150381925925	89,7067901869873
43989,99805	0,437050999999997	1,752881104	1,00130160442179	89,3096807459113
43999,99805	0,437706699999978	1,75788916	1,00109612918387	89,564842309064
44009,99805	0,437706699999978	1,757912109	1,00131212971458	89,5660115657003
44019,99805	0,439137200000005	1,761452515	1,0013899042674	89,7463960360728
44029,99805	0,438898800000004	1,760652954	1,00138049711195	89,7056582259133
44039,99805	0,438898800000004	1,761768921	1,001696160884	89,7625169918989
44049,99805	0,438153699999987	1,76048584	1,00143219146141	89,6971437305752
44059,99805	0,43708079999999	1,753673096	1,00140825352119	89,3500329138432
44069,99805	0,438541199999975	1,760537109	1,00142343638605	89,6997558974881
44079,99805	0,437796100000014	1,755844971	1,0014310743242	89,4606904264534
44089,99805	0,437617299999999	1,754490112	1,00133010592255	89,3916600601213
44099,99805	0,437736499999971	1,755903076	1,00153455603455	89,4636508890814
44109,99805	0,437825900000007	1,754088257	1,00150465736219	89,3711854588067
44119,99805	0,437468299999978	1,751634644	1,00141048879574	89,246173332654
44129,99805	0,438213299999973	1,753713501	1,00139595901109	89,3520915575483
44139,99805	0,438034500000015	1,750725464	1,00148230261642	89,1998504101493
44149,99805	0,437140499999998	1,749061523	1,00134295950132	89,1150722474143
44159,99805	0,437557700000013	1,752918579	1,00138049711195	89,311590105467
44169,99805	0,437229899999977	1,75117981	1,00148230261642	89,2229994395476
44179,99805	0,439971700000001	1,762927368	1,0012600623193	89,8215401232995
44189,99805	0,439554399999963	1,763092285	1,00151648681516	89,8299426810007
44199,99805	0,439137200000005	1,760880371	1,00158131477779	89,7172451724665
44209,99805	0,438213299999973	1,755641357	1,00162807252091	89,4503162480257
44219,99805	0,438243099999966	1,755175171	1,00136056366358	89,4265639680033
44229,99805	0,43863060000001	1,757302246	1,00144644221179	89,5349389106843
44239,99805	0,43928619999997	1,761231079	1,00133206216283	89,7351138227951
44249,99805	0,439226599999984	1,76052771	1,00137583953987	89,699277016355
44259,99805	0,439971700000001	1,766921387	1,00154778265914	90,0250362765578
44269,99805	0,440299499999981	1,769684692	1,00154843473923	90,1658272787487
44279,99805	0,439315999999963	1,764266479	1,00143042224411	89,8897681255414
44289,99805	0,43928619999997	1,763982178	1,00145491825288	89,8752829265807
44299,99805	0,440031299999987	1,769806519	1,00128167097343	90,1720343913996
44309,99805	0,44006109999998	1,770337891	1,00143712806776	90,1991079125694
44319,99805	0,439554399999963	1,765276489	1,00152524189052	89,9412283588934
44329,99805	0,440120699999966	1,77200415	1,00131874252682	90,2840041779182
44339,99805	0,44006109999998	1,768143311	1,00139186050768	90,0872935751771
44349,99805	0,440210100000002	1,769229492	1,00158792759002	90,1426347378611
44359,99805	0,43928619999997	1,764472046	1,00145119279529	89,9002418097519
44369,99805	0,440448500000002	1,771407349	1,00138971824455	90,2535970346971
44379,99805	0,439941900000008	1,767753174	1,00143628996482	90,0674160085596
44389,99805	0,439882299999965	1,765904663	1,00142231824872	89,9732339634177
44399,99805	0,439792899999986	1,764956421	1,00116049108926	89,9249208233556
44409,99805	0,439703500000007	1,764941528	1,00134836216491	89,9241620217048
44419,99805	0,440269699999988	1,769157349	1,00155504855159	90,1389590360218
44429,99805	0,440478299999995	1,770402954	1,00126574401716	90,2024228868396
44439,99805	0,439852499999972	1,768156128	1,00138487464963	90,0879466041677
44449,99805	0,440031299999987	1,767818481	1,0015254289135	90,0707434146839
44459,99805	0,440359099999966	1,770365479	1,00168842993443	90,2005135272838
44469,99805	0,439792899999986	1,765261719	1,00126425383413	89,9404758241198
44479,99805	0,439882299999965	1,76584729	1,00123901173372	89,970310796352
44489,99805	0,440120699999966	1,769434082	1,0014402954568	90,1530586437051
44499,99805	0,439882299999965	1,768496338	1,00128679460275	90,1052803790697
44509,99805	0,440955099999996	1,775266357	1,00159929098576	90,4502143475824
44519,99805	0,43952459999997	1,768313354	1,00135227464547	90,0959573037143
44529,99805	0,440537899999981	1,772548218	1,00140098862886	90,3117245631019
44539,99805	0,440895500000011	1,775826416	1,00151872208972	90,4787494777602
44549,99805	0,441282999999999	1,781098999	1,00132489028193	90,7473887501911
44559,99805	0,440388899999959	1,773005859	1,00140191974323	90,3350414734804
44569,99805	0,440776299999982	1,775589966	1,00145910976771	90,466702297855
44579,99805	0,441223400000013	1,780164917	1,00151732491811	90,6997970652672
44589,99805	0,438243099999966	1,763953735	1,00134025916964	89,8738337494268
44599,99805	0,440478299999995	1,773301636	1,00152859530241	90,3501113771845
44609,99805	0,440716699999996	1,773987549	1,00127943569887	90,3850587965558
44619,99805	0,440537899999981	1,774330322	1,00140294486914	90,4025231568757
44629,99805	0,440359099999966	1,773544312	1,0014672137631	90,3624757731696
44639,99805	0,440597499999967	1,774975708	1,00123947779096	90,4354057166149
44649,99805	0,439882299999965	1,768700195	1,00143889828519	90,1156669384012
44659,99805	0,441014800000005	1,776810547	1,00136540725851	90,5288911703266
44669,99805	0,441640599999971	1,780849854	1,00158876569297	90,7346947572222
44679,99805	0,441461800000013	1,779457886	1,00155719081472	90,6637736791155
44689,99805	0,440150500000016	1,771203857	1,0014379661707	90,2432290721965
44699,99805	0,44062729999996	1,773968018	1,00148742624574	90,384063687777
44709,99805	0,440895500000011	1,777496948	1,00140136067456	90,563863453406
44719,99805	0,441342599999984	1,780030029	1,00132181590431	90,6929244917715
44729,99805	0,441610799999978	1,782972778	1,00128083287048	90,8428582055332
44739,99805	0,440865699999961	1,779569824	1,00142390144318	90,6694769450247
44749,99805	0,44226649999996	1,7900271	1,00170277369623	91,202277474907
44759,99805	0,440150500000016	1,776875732	1,00152663906213	90,5322123605238
44769,99805	0,441610799999978	1,782657104	1,00134966632509	90,8267745452693
44779,99805	0,441640599999971	1,782692139	1,00144010843383	90,8285595862842
44789,99805	0,441044599999998	1,780660034	1,00145231093263	90,7250233861517
44799,99805	0,439196799999991	1,770706421	1,00149273489779	90,217884597748
44809,99805	0,440955099999996	1,775387573	1,00129489759801	90,4563903296479
44819,99805	0,441640599999971	1,782587524	1,00154638548753	90,823229428848
44829,99805	0,440895500000011	1,774384155	1,00141142091023	90,4052659601569
44839,99805	0,440448500000002	1,773829834	1,0013929776449	90,3770231823509
44849,99805	0,440359099999966	1,775670166	1,00137649161997	90,47078850563
44859,99805	0,439226599999984	1,768885254	1,00133997913525	90,1250957354665
44869,99805	0,440269699999988	1,77204895	1,00142706883222	90,2862867478474
44879,99805	0,441223400000013	1,778962524	1,00150428531649	90,6385348754267
44889,99805	0,439882299999965	1,774091309	1,00134081723819	90,3903453915525
44899,99805	0,441461800000013	1,780874878	1,0014212011115	90,7359697355684
44909,99805	0,440716699999996	1,77824707	1,00157954456036	90,6020823355582
44919,99805	0,440359099999966	1,773828613	1,00137705068864	90,3769609721302
44929,99805	0,440150500000016	1,772053589	1,00132945384245	90,2865231059255
44939,99805	0,439226599999984	1,767875732	1,00143479978179	90,0736603658226
44949,99805	0,440150500000016	1,771920776	1,00131408495474	90,2797562541397
44959,99805	0,441133999999977	1,780245239	1,00129527064383	90,7038894889693
44969,99805	0,441521399999999	1,783778442	1,001860001008	90,8839069648953
44979,99805	0,439196799999991	1,770152832	1,00136056366358	90,1896791155042
44989,99805	0,439107400000012	1,769843018	1,00133895500946	90,173894023539
44999,99805	0,438779599999975	1,767338257	1,00141598447076	90,0462758954502
45009,99805	0,439137200000005	1,767396362	1,00148714621134	90,0492363580782
45019,99805	0,4397333	1,766543823	1,00169541579248	90,005799307077
45029,99805	0,437706699999978	1,759126465	1,00140313089199	89,6278832730422
45039,99805	0,440806099999975	1,774465576	1,00149264188636	90,4094143781525
45049,99805	0,440120699999966	1,771167847	1,00166346786841	90,2413943547155
45059,99805	0,440299499999981	1,771408936	1,00123267795576	90,2536778926988
45069,99805	0,439315999999963	1,76657312	1,00149152374902	90,0072919957202
45079,99805	0,439315999999963	1,767495972	1,00140843954404	90,0543115096551
45089,99805	0,439941900000008	1,768204834	1,00100503499504	90,0904281856626
45099,99805	0,438869000000011	1,767638916	1,00115061787656	90,0615945381362
45109,99805	0,440537899999981	1,772598755	1,00146767982034	90,3142994344526
45119,99805	0,439792899999986	1,768163574	1,00172345223612	90,088325979518
45129,99805	0,439464999999984	1,771180908	1,001291079129	90,2420598155602
45139,99805	0,438451799999996	1,764130005	1,00171637336664	89,8828147449941
45149,99805	0,438034500000015	1,760866211	1,00125186531248	89,7165237173282
45159,99805	0,438719999999989	1,763212036	1,00130449177644	89,8360440209915
45169,99805	0,440120699999966	1,767544678	1,00160199231755	90,05679309115
45179,99805	0,437378899999999	1,755259399	1,00152207550161	89,430855403271
45189,99805	0,439315999999963	1,767218506	1,00162099365143	90,0401745554593
45199,99805	0,438660400000003	1,7587948	1,0015905359104	89,6109848677842
45209,99805	0,437617299999999	1,754245483	1,0013656872929	89,3791961583533
45219,99805	0,437408699999992	1,752316772	1,00131538911493	89,2809279054364
45229,99805	0,438719999999989	1,759628906	1,0015370713435	89,65348275335
45239,99805	0,439614000000006	1,761755005	1,00146013489362	89,7618079686147
45249,99805	0,436961599999961	1,750625366	1,00130374668492	89,1947503948642
45259,99805	0,43952459999997	1,760479004	1,00154778265914	89,6967954348601
45269,99805	0,439643799999999	1,764467773	1,00152105037569	89,9000240994548
45279,99805	0,439703500000007	1,764286743	1,00158364306377	89,8908005808325
45289,99805	0,440120699999966	1,767826294	1,00141002373862	90,0711414887655
45299,99805	0,43895839999999	1,760714355	1,00123044268121	89,7087866204718
45309,99805	0,438988199999983	1,760349854	1,00135199461107	89,6902152137362
45319,99805	0,440359099999966	1,770826904	1,00125931722778	90,2240232333011
45329,99805	0,438362299999994	1,76113147	1,00131781141245	89,7300387221684
45339,99805	0,437885499999993	1,758612915	1,00128847080863	89,6017177867224
45349,99805	0,437706699999978	1,755216309	1,00163692160781	89,4286599582208
45359,99805	0,439703500000007	1,762756592	1,0014811854792	89,8128390482499
45369,99805	0,438451799999996	1,756906494	1,00148071942196	89,5147752585724
45379,99805	0,438153699999987	1,757844849	1,00145119279529	89,5625846537933
45389,99805	0,439643799999999	1,762468262	1,00128781872854	89,7981485708463
45399,99805	0,437319300000013	1,753716797	1,00143610394197	89,3522594894788
45409,99805	0,437915299999986	1,757815186	1,00142380843175	89,5610733173689
45419,99805	0,438034500000015	1,757796387	1,00163999498531	89,5601155041524
45429,99805	0,438898800000004	1,757899658	1,00150959396854	89,5653771844907
45439,99805	0,437647099999992	1,756134033	1,00125764002177	89,4754181994192
45449,99805	0,437050999999997	1,750781006	1,00129964818151	89,2026802873593
45459,99805	0,437915299999986	1,757829956	1,00169327352936	89,5618258521424
45469,99805	0,437378899999999	1,755109741	1,00150447133934	89,4232302950018
45479,99805	0,4397333	1,764063721	1,001291079129	89,8794375605034
45489,99805	0,437617299999999	1,756120361	1,00150381925925	89,474721607989
45499,99805	0,43672319999996	1,748635254	1,00127794551584	89,0933537473888
45509,99805	0,439882299999965	1,765257935	1,00148323473091	89,9402830284812
45519,99805	0,43895839999999	1,759783325	1,00149180378342	89,6613504356244
45529,99805	0,437736499999971	1,758165649	1,0013994054344	89,5789294848933
45539,99805	0,43895839999999	1,760999023	1,00146488547712	89,7232905181638
45549,99805	0,439554399999963	1,76582666	1,00144905053216	89,9692596932797
45559,99805	0,438481599999989	1,761750977	1,00173332544881	89,7616027411219
45569,99805	0,438451799999996	1,76255603	1,00130374668492	89,8026203698986
45579,99805	0,440388899999959	1,768683472	1,00134556782169	90,1148148978448
45589,99805	0,439196799999991	1,764063721	1,00153660528626	89,8794375605034
45599,99805	0,439792899999986	1,764649658	1,0014941320694	89,9092911805166
45609,99805	0,438809399999968	1,762074463	1,00151779097535	89,7780844245172
45619,99805	0,439226599999984	1,763361816	1,00138133521489	89,8436753451877
45629,99805	0,439971700000001	1,766033325	1,00139782123982	89,9797893208335
45639,99805	0,439047799999969	1,759661133	1,00121945133117	89,6551247261426
45649,99805	0,43952459999997	1,76373877	1,00137146200219	89,8628812350334
45659,99805	0,439643799999999	1,761833252	1,0011248177076	89,7657946706068
45669,99805	0,438541199999975	1,758524902	1,00152393773034	89,5972335048658
45679,99805	0,438243099999966	1,756073486	1,00142939711819	89,4723333163499
45689,99805	0,440597499999967	1,768407593	1,001320046687	90,1007588016508
45699,99805	0,438570999999968	1,758544678	1,00147382657533	89,5982410964488
45709,99805	0,440388899999959	1,770798218	1,00130290858198	90,2225616752433
45719,99805	0,440210100000002	1,768418335	1,00156501477571	90,1013061089316
45729,99805	0,440299499999981	1,767650757	1,00156166136382	90,0621978397106
45739,99805	0,441014800000005	1,773874878	1,00161540496499	90,3793181841341
45749,99805	0,440806099999975	1,770956787	1,00144374188012	90,2306408009375
45759,99805	0,439971700000001	1,763430542	1,00134938729082	89,8471769501197
45769,99805	0,44062729999996	1,77001001	1,0013640100869	90,18240230295
45779,99805	0,44062729999996	1,769802368	1,00149217582912	90,1718228970296
45789,99805	0,441044599999998	1,772816162	1,00148584205116	90,3253763692872
45799,99805	0,441610799999978	1,780559937	1,00166216370823	90,7199234218169
45809,99805	0,441104199999984	1,775386475	1,00134780309624	90,4563343863046
45819,99805	0,441342599999984	1,780129517	1,00140527315512	90,6979934274214
45829,99805	0,441044599999998	1,775173096	1,00144169262841	90,4454626789627
45839,99805	0,441849199999979	1,78165564	1,00144243771993	90,7757497325114
45849,99805	0,441342599999984	1,77670166	1,00133420442595	90,5233433535436
45859,99805	0,441133999999977	1,777197998	1,00142548563776	90,5486318846487
45869,99805	0,440776299999982	1,770990967	1,00135981857207	90,2323822795129
45879,99805	0,442355899999995	1,784050171	1,00137630559712	90,8977516176695
45889,99805	0,441372399999977	1,779246948	1,00151713889526	90,6530263412646
45899,99805	0,441551199999992	1,780957153	1,00131902156109	90,7401616650532
45909,99805	0,440686900000003	1,774252441	1,00154200794985	90,3985551026647
45919,99805	0,441282999999999	1,777983643	1,00110758559103	90,5886606715239
45929,99805	0,441372399999977	1,777793823	1,0013977282284	90,5789893004535
45939,99805	0,44006109999998	1,768191772	1,00133643970051	90,0897626738676
45949,99805	0,440388899999959	1,770260742	1,00152896834823	90,1951771539206
45959,99805	0,4397333	1,765949219	1,00152384471891	89,9755041014928
45969,99805	0,439196799999991	1,764710938	1,00135879444627	89,9124134100983
45979,99805	0,439315999999963	1,766593994	1,0015442432244	90,0083555306466
45989,99805	0,439107400000012	1,765907349	1,00136512822423	89,973370815713
45999,99805	0,438988199999983	1,764540161	1,00154340512146	89,9037122840984
46009,99805	0,438719999999989	1,763953369	1,00134873521073	89,8738151016457
46019,99805	0,440120699999966	1,768254395	1,00174086937541	90,092953329597
46029,99805	0,438809399999968	1,762713379	1,00143479978179	89,8106373363224
46039,99805	0,440716699999996	1,770449829	1,00135367181708	90,2048111784786
46049,99805	0,439375600000005	1,76890686	1,0014168225737	90,1261965659551
46059,99805	0,439941900000008	1,766677734	1,00116235431811	90,0126221022061
46069,99805	0,439554399999963	1,764831543	1,00148090544481	89,9185582615784
46079,99805	0,439703500000007	1,763708008	1,00132908179676	89,8613139043155
46089,99805	0,440478299999995	1,77008667	1,00153753740075	90,1863081469404
46099,99805	0,440865699999961	1,772448486	1,00168097801913	90,3066431955979
46109,99805	0,440210100000002	1,769819702	1,00136261291529	90,1727060681714
46119,99805	0,440597499999967	1,769850708	1,00120799492401	90,1742858307434
46129,99805	0,440269699999988	1,770252808	1,00145668847031	90,1947729148622
46139,99805	0,439792899999986	1,767515991	1,00150465736219	90,055331482142
46149,99805	0,440388899999959	1,771001465	1,00141216600175	90,2329171549396
46159,99805	0,440478299999995	1,771480713	1,0014212011115	90,257334946757
46169,99805	0,439226599999984	1,764470093	1,00128996099166	89,900142303969
46179,99805	0,439792899999986	1,76590332	1,00132293404165	89,9731655372701
46189,99805	0,44006109999998	1,766783569	1,00131837048112	90,0180144189127
46199,99805	0,441104199999984	1,775221191	1,0014406675025	90,4479131298721
46209,99805	0,441104199999984	1,775579224	1,00119318510497	90,4661549905742
46219,99805	0,441223400000013	1,778309814	1,00114763751049	90,6052791562643
46229,99805	0,44006109999998	1,768062622	1,00136969178476	90,0831824527437
46239,99805	0,438779599999975	1,764184204	1,00139362972499	89,8855761960564
46249,99805	0,440150500000016	1,76827002	1,00143163239275	90,09374942681
46259,99805	0,439405399999998	1,762016235	1,00149655436692	89,775117695012
46269,99805	0,437408699999992	1,753303467	1,00140210576608	89,331200234371
46279,99805	0,4397333	1,76465625	1,00156911327912	89,9096270443776
46289,99805	0,43928619999997	1,764184448	1,00138692390133	89,8855886279105
46299,99805	0,439882299999965	1,766617676	1,00134584785608	90,0095621337953
46309,99805	0,440776299999982	1,773018555	1,00148360677661	90,3356883374943
46319,99805	0,439643799999999	1,76706311	1,001445418086	90,0322570948184
46329,99805	0,439047799999969	1,765786987	1,0012842792938	89,9672383451368
46339,99805	0,439792899999986	1,765022705	1,00153334588591	89,9282980078463
46349,99805	0,439614000000006	1,767252563	1,0015247768334	90,0419097671575
46359,99805	0,438302700000008	1,76014624	1,00150316717915	89,6798410353085
46369,99805	0,438481599999989	1,760625366	1,00141142091023	89,7042526111989
46379,99805	0,440388899999959	1,76767627	1,00140080260601	90,0634977327151
46389,99805	0,437736499999971	1,756089478	1,00124851190059	89,4731481122943
46399,99805	0,440031299999987	1,765233154	1,00157581910277	89,9390204310389
46409,99805	0,437557700000013	1,754509399	1,00128483836247	89,3926427370459
46419,99805	0,437974899999972	1,757561035	1,00142390144318	89,5481242675906
46429,99805	0,437617299999999	1,754175415	1,00105831253897	89,3756261782239
46439,99805	0,437289499999963	1,75171875	1,00138170726059	89,2504585519947
46449,99805	0,437647099999992	1,756985352	1,0014869601885	89,51879309115
46459,99805	0,439941900000008	1,765357422	1,00128316215658	89,9453519131808
46469,99805	0,437617299999999	1,755153687	1,0016215527201	89,4254693534417
46479,99805	0,439792899999986	1,765911743	1,00159882592863	89,9735946909869
46489,99805	0,43952459999997	1,764079834	1,00139875335431	89,8802585214246
46499,99805	0,438869000000011	1,761536011	1,00131473703483	89,7506501757783
46509,99805	0,439554399999963	1,764939941	1,00171777053825	89,9240811637031
46519,99805	0,43863060000001	1,763292603	1,00142092107711	89,8401489274979
46529,99805	0,439315999999963	1,764743408	1,00135544103439	89,9140677637948
46539,99805	0,438392099999987	1,762173584	1,0015105250829	89,7831346614358
46549,99805	0,440537899999981	1,771427368	1,00132265500737	90,254617007184
46559,99805	0,440686900000003	1,7725	1,00131967364118	90,3092678453151
46569,99805	0,439554399999963	1,76827356	1,00158345704092	90,0939297905946
46579,99805	0,437974899999972	1,760720459	1,00155113607103	89,7090976206247
46589,99805	0,437498099999971	1,757195923	1,0013929776449	89,5295217302695
46599,99805	0,437289499999963	1,752020386	1,00131715933236	89,2658269730473
46609,99805	0,439852499999972	1,763467651	1,00132218895013	89,8490676618943
46619,99805	0,437468299999978	1,75312561	1,00149292092063	89,322138380802
46629,99805	0,439971700000001	1,763501099	1,00148099845623	89,8507718449075
46639,99805	0,437378899999999	1,752495117	1,00151518265498	89,2900146227136
46649,99805	0,439941900000008	1,763453125	1,00137462839111	89,8483275589749
46659,99805	0,438809399999968	1,762493164	1,00136056366358	89,7994173332654
46669,99805	0,437706699999978	1,754487061	1,00140070859447	89,3915046109951
46679,99805	0,43928619999997	1,76025708	1,00161922443412	89,6854883578743
46689,99805	0,439792899999986	1,766325317	1,00148817133726	89,9946663779487
46699,99805	0,440478299999995	1,769325317	1,00155979813497	90,1475170428491
46709,99805	0,439196799999991	1,76114502	1,00138198729498	89,7307290976716
46719,99805	0,440210100000002	1,765732544	1,0013681085903	89,9644644622204
46729,99805	0,439226599999984	1,759025635	1,00151406451764	89,6227459621949
46739,99805	0,439196799999991	1,759463867	1,0015152756664	89,6450739797218
46749,99805	0,439107400000012	1,760681396	1,00127254285225	89,707107352117
46759,99805	0,439405399999998	1,759666992	1,00140154769753	89,6554232434911
46769,99805	0,440686900000003	1,767892212	1,00151033906005	90,0745000254751
46779,99805	0,440955099999996	1,77233374	1,00137341824247	90,3007968614664
46789,99805	0,440269699999988	1,765967529	1,001358515412	89,976437000051
46799,99805	0,440716699999996	1,769423462	1,00124022288248	90,1525175523514
46809,99805	0,440955099999996	1,771610352	1,00156818116463	90,2639400825394
46819,99805	0,438719999999989	1,762707275	1,00161149348455	89,8103263361696
46829,99805	0,43928619999997	1,763431885	1,00133690575775	89,8472453762674
46839,99805	0,440299499999981	1,768547974	1,0013973561827	90,1079112447139
46849,99805	0,440031299999987	1,763723999	1,00153511510322	89,8621286493096
46859,99805	0,439107400000012	1,763686523	1,00140033654877	89,8602192388037
46869,99805	0,440359099999966	1,765682251	1,00141998996274	89,9619020227238
46879,99805	0,440686900000003	1,770280762	1,00150288814488	90,1961971773577
46889,99805	0,439315999999963	1,766678223	1,00133047896837	90,0126470168645
46899,99805	0,441372399999977	1,774347534	1,00142762790089	90,4034001120905
46909,99805	0,441104199999984	1,774504395	1,00163068084128	90,4113922148061
46919,99805	0,440776299999982	1,773436157	1,0013224679844	90,3569652519488
46929,99805	0,441789599999993	1,780025757	1,00168349332808	90,6927068324247
46939,99805	0,440955099999996	1,772807861	1,001561288318	90,3249534314974
46949,99805	0,441700200000014	1,777346802	1,00137537348263	90,5562134814287
46959,99805	0,440955099999996	1,776443848	1,00148984754314	90,5102077750038
46969,99805	0,441938600000015	1,781515869	1,00143982939956	90,7686283690834
46979,99805	0,4417598	1,78162854	1,0017761717115	90,7743689815051
46989,99805	0,440806099999975	1,774804077	1,00121078926723	90,4266610791257
46999,99805	0,441610799999978	1,779276733	1,00127151872646	90,654543893616
47009,99805	0,441342599999984	1,779054688	1,00128083287048	90,6432306516533
47019,99805	0,441878999999972	1,781146606	1,00135264669116	90,7498143373924
47029,99805	0,440716699999996	1,773564087	1,0014863081084	90,3634833138024
47039,99805	0,441461800000013	1,777538208	1,00145557033297	90,5659656595506
47049,99805	0,442177000000015	1,786804321	1,00157125554225	91,0380761705813
47059,99805	0,440865699999961	1,776130981	1,00144364786857	90,494267132012
47069,99805	0,441551199999992	1,77775354	1,00124189908836	90,5769368726754
47079,99805	0,441551199999992	1,779549805	1,00123221189851	90,6684569725378
47089,99805	0,441700200000014	1,780967407	1,00152365869607	90,7406841086259
47099,99805	0,441133999999977	1,773802734	1,00143479978179	90,3756424313446
47109,99805	0,439614000000006	1,769361938	1,00172354524754	90,1493828909156
47119,99805	0,440686900000003	1,770511841	1,0012501891066	90,2079707036226
47129,99805	0,440716699999996	1,773088135	1,00134528878741	90,3392334539155
47139,99805	0,440776299999982	1,773711792	1,0013994054344	90,3710089162888
47149,99805	0,441193599999963	1,774819824	1,00131650725226	90,4274633922658
47159,99805	0,439643799999999	1,768770874	1,00151415852919	90,119268049116
47169,99805	0,441372399999977	1,775856079	1,00138291840935	90,4802608141845
47179,99805	0,441551199999992	1,781496094	1,00141402823048	90,7676208284506
47189,99805	0,441849199999979	1,780649536	1,00144262374278	90,724488510725
47199,99805	0,442117399999972	1,783818848	1,00150381925925	90,8859656595506
47209,99805	0,441849199999979	1,781616211	1,00141794071104	90,7737408162226
47219,99805	0,439464999999984	1,767908325	1,00129918212427	90,0753209863963
47229,99805	0,44062729999996	1,77463501	1,00160832609551	90,4180470780048
47239,99805	0,440716699999996	1,7723479	1,00169206238059	90,3015183166047
47249,99805	0,441193599999963	1,775867432	1,0013732312195	90,4808392520508
47259,99805	0,441044599999998	1,776756714	1,00138608579839	90,5261483670454
47269,99805	0,441461800000013	1,777485962	1,00121693702235	90,5633037142712
47279,99805	0,441014800000005	1,774380249	1,00152812924517	90,4050669485912
47289,99805	0,441938600000015	1,780582642	1,00136885368182	90,7210802465991
47299,99805	0,440895500000011	1,772811523	1,00143163239275	90,3251400112091
47309,99805	0,441104199999984	1,773278564	1,00150419130494	90,348935853671
47319,99805	0,441193599999963	1,775163208	1,001503353202	90,4449588831711
47329,99805	0,441223400000013	1,775391357	1,00159193308201	90,4565831252866
47339,99805	0,441104199999984	1,773753906	1,00129135816327	90,3731546339227
47349,99805	0,441640599999971	1,779471558	1,00145082074959	90,6644702705457
47359,99805	0,441849199999979	1,779147705	1,00114484316727	90,647969888419
47369,99805	0,441640599999971	1,778625	1,00127533719547	90,6213379528201
47379,99805	0,440806099999975	1,773823364	1,00131445800056	90,3766935344169
47389,99805	0,440120699999966	1,771667847	1,00157982459476	90,2668694655322
47399,99805	0,440359099999966	1,770218262	1,00155076402533	90,1930127885056
47409,99805	0,441133999999977	1,773520996	1,00132218895013	90,361287817802
47419,99805	0,439315999999963	1,765745483	1,00123463419604	89,9651237071381
47429,99805	0,439554399999963	1,76762915	1,00132926781961	90,0610969582718
47439,99805	0,439941900000008	1,766322998	1,00162444007475	89,9945482243848
47449,99805	0,440359099999966	1,76935791	1,00148733223419	90,1491776634228
47459,99805	0,43928619999997	1,768139648	1,00139344370214	90,0871069445152
47469,99805	0,438719999999989	1,764295654	1,00149655436692	89,8912545982575
47479,99805	0,438988199999983	1,765244385	1,0014818375593	89,939592652978
47489,99805	0,438660400000003	1,764047363	1,00148342075376	89,8786041167779
47499,99805	0,441431999999963	1,778264526	1,00155784289481	90,602971722627
47509,99805	0,43895839999999	1,76506897	1,00138869311864	89,9306552198502
47519,99805	0,440478299999995	1,77100769	1,00130225650189	90,2332343200693
47529,99805	0,439703500000007	1,764391724	1,00154741061344	89,8961493860498
47539,99805	0,438302700000008	1,759509888	1,00141486733354	89,6474187598716
47549,99805	0,438988199999983	1,762488403	1,00125307646125	89,7991747592602
47559,99805	0,439226599999984	1,76344165	1,00135301973698	89,8477429051816
47569,99805	0,439196799999991	1,761739136	1,00111988110125	89,7609994395476
47579,99805	0,438153699999987	1,757165039	1,00155700379174	89,5279481836246
47589,99805	0,43895839999999	1,761296509	1,00197428804554	89,7384474957966
47599,99805	0,437468299999978	1,752662109	1,0013128748061	89,2985229021246
47609,99805	0,438660400000003	1,760456055	1,00130691307384	89,6956261782239
47619,99805	0,437915299999986	1,756355225	1,00128837779721	89,4866879808427
47629,99805	0,439971700000001	1,76419519	1,00128409327095	89,8861359351913
47639,99805	0,440299499999981	1,767197021	1,00149692641262	90,0390798899475
47649,99805	0,438362299999994	1,759939331	1,00144169262841	89,6692989759005
47659,99805	0,438988199999983	1,759575317	1,00140154769753	89,6507523819229
47669,99805	0,438481599999989	1,758428833	1,00136829461315	89,5923387680236
47679,99805	0,440031299999987	1,76332251	1,0012168430108	89,8416726957762
47689,99805	0,439643799999999	1,760779175	1,00172540747627	89,7120892138381
47699,99805	0,437885499999993	1,754885132	1,00169467070097	89,4117864166709
47709,99805	0,437974899999972	1,757329346	1,00152468282186	89,5363196616905
47719,99805	0,439971700000001	1,763086182	1,00153492908037	89,829631731798
47729,99805	0,438302700000008	1,757218628	1,0012764553328	89,5306785550517
47739,99805	0,437617299999999	1,753404541	1,00156119530658	89,3363499770724
47749,99805	0,438541199999975	1,757975342	1,00147289546097	89,5692333010649
47759,99805	0,439941900000008	1,762865234	1,00165070630095	89,8183743822286
47769,99805	0,438779599999975	1,754879761	1,0014427167542	89,4115127630305
47779,99805	0,438869000000011	1,758666382	1,00128614252265	89,6044419422225
47789,99805	0,438302700000008	1,756631104	1,00146022790505	89,5007440770367
47799,99805	0,438809399999968	1,755463623	1,00159454140238	89,4412606613339
47809,99805	0,439554399999963	1,759170288	1,00155216019682	89,6301160646049
47819,99805	0,43928619999997	1,757046509	1,00123724151629	89,5219090538544
47829,99805	0,440299499999981	1,766921509	1,00167837069888	90,0250424924848
47839,99805	0,440597499999967	1,767661743	1,00136792256745	90,0627575788455
47849,99805	0,440537899999981	1,768817017	1,00161978350279	90,1216190451928
47859,99805	0,439643799999999	1,762240234	1,00130281457043	89,7865304937077
47869,99805	0,440806099999975	1,769161255	1,00123072171548	90,1391580475875
47879,99805	0,44006109999998	1,767510498	1,00158643740699	90,0550516125745
47889,99805	0,440776299999982	1,768864258	1,00184621531474	90,124025984613
47899,99805	0,43863060000001	1,757875122	1,0012499090722	89,5641270698528
47909,99805	0,439792899999986	1,76308728	1,00132638046496	89,8296876751414
47919,99805	0,4397333	1,762294434	1,00126807230314	89,7892919957202
47929,99805	0,440120699999966	1,761958374	1,00147000810632	89,772169664238
47939,99805	0,439047799999969	1,759197632	1,00156725005026	89,6315092474652
47949,99805	0,440031299999987	1,764799072	1,00139866034289	89,9169038569318
47959,99805	0,440478299999995	1,767877563	1,00145221792121	90,0737536556784
47969,99805	0,440895500000011	1,770187134	1,00133839594079	90,1914268100066
47979,99805	0,440210100000002	1,765351196	1,00145966883638	89,9450346971009
47989,99805	0,439614000000006	1,760235107	1,00138170726059	89,6843688286544
47999,99805	0,441193599999963	1,770494263	1,00148714621134	90,2070751006267
48009,99805	0,440299499999981	1,766009521	1,00143414770169	89,9785765017578
48019,99805	0,439941900000008	1,764615845	1,00139484087375	89,9075684006725
48029,99805	0,440388899999959	1,767755371	1,00144569712027	90,0675279461966
48039,99805	0,439226599999984	1,764677002	1,00139623804536	89,910684363377
48049,99805	0,43952459999997	1,765691895	1,00152328565024	89,9623933866612
48059,99805	0,440031299999987	1,767669678	1,00146656168301	90,0631618688541
48069,99805	0,440359099999966	1,766385742	1,00124674268329	89,997745045091
48079,99805	0,441044599999998	1,770901367	1,00158019664045	90,2278171396546
48089,99805	0,440716699999996	1,771137695	1,00144169262841	90,2398581036328
48099,99805	0,441610799999978	1,778119629	1,00132451723611	90,595589188363
48109,99805	0,441849199999979	1,778184692	1,00128502438532	90,5989041626331
48119,99805	0,441193599999963	1,776286133	1,00155849397478	90,5021721607989
48129,99805	0,441938600000015	1,782185303	1,00134174935268	90,8027361797524
48139,99805	0,441938600000015	1,782061768	1,00140061558304	90,7964420441229
48149,99805	0,440269699999988	1,773796997	1,00146525752282	90,3753501299231
48159,99805	0,440448500000002	1,774004272	1,00140685634958	90,3859108371121
48169,99805	0,440031299999987	1,768320435	1,00134025916964	90,0963180822337
48179,99805	0,440210100000002	1,771059692	1,0013227480188	90,2358838334947
48189,99805	0,441044599999998	1,773122314	1,00133997913525	90,3409748815407
48199,99805	0,442117399999972	1,781681274	1,00146367432836	90,7770557904927
48209,99805	0,441223400000013	1,773871094	1,00153111061136	90,3791253884955
48219,99805	0,441461800000013	1,775483154	1,0013343904488	90,4612602027819
48229,99805	0,441700200000014	1,778113892	1,00143563788473	90,5952968869415
48239,99805	0,441521399999999	1,781184814	1,00140890560128	90,7517610434605
48249,99805	0,441789599999993	1,784278809	1,00157675021714	90,9094007744434
48259,99805	0,441282999999999	1,776374878	1,00146488547712	90,5066937382178
48269,99805	0,441551199999992	1,778946167	1,00141849977971	90,6377014826515
48279,99805	0,442355899999995	1,783179321	1,00122802038368	90,85338161716
48289,99805	0,442713499999968	1,787580688	1,00135655917172	91,0776322413003
48299,99805	0,442206800000008	1,784071777	1,00150996701436	90,8988524481582
48309,99805	0,442922099999976	1,790706909	1,00141197897877	91,2369138941255
48319,99805	0,441372399999977	1,776502686	1,0014795082732	90,5132055841443
48329,99805	0,441968400000007	1,780736572	1,00152896834823	90,7289230142151
48339,99805	0,441640599999971	1,782151733	1,00118666530416	90,8010257808122
48349,99805	0,441640599999971	1,780744629	1,00134435667293	90,7293335201508
48359,99805	0,442624099999989	1,786648193	1,00147736601007	91,0301214143782
48369,99805	0,441700200000014	1,779766479	1,00155942608927	90,67949656086
48379,99805	0,441461800000013	1,778119995	1,00135124951955	90,5956078361441
48389,99805	0,441700200000014	1,779421387	1,00164502460308	90,6619140469761
48399,99805	0,441968400000007	1,780365112	1,00157581910277	90,7099970448871
48409,99805	0,441431999999963	1,776550903	1,00129815799848	90,5156622509808
48419,99805	0,439971700000001	1,772227295	1,00129787796408	90,2953734651246
48429,99805	0,439852499999972	1,771942993	1,00143340261018	90,2808882152137
48439,99805	0,439226599999984	1,767417969	1,00156315154686	90,050337239517
48449,99805	0,441372399999977	1,776052246	1,00164614274042	90,4902555663117
48459,99805	0,440865699999961	1,773038452	1,00166886953188	90,3367020940541
48469,99805	0,439196799999991	1,767002441	1,00156939231339	90,0291659958221
48479,99805	0,441431999999963	1,775093994	1,00123901173372	90,441432414531
48489,99805	0,441878999999972	1,781976807	1,00141598447076	90,7921132623427
48499,99805	0,441938600000015	1,781265869	1,00155253324264	90,7558908136751
48509,99805	0,441789599999993	1,781019287	1,0017271776937	90,7433274061242
48519,99805	0,441700200000014	1,782121826	1,0014672137631	90,7995020125338
48529,99805	0,4417598	1,78336499	1,00159798782569	90,8628414938605
48539,99805	0,439882299999965	1,772028931	1,00118973868165	90,2852667753605
48549,99805	0,43863060000001	1,763469604	1,00136801557888	89,8491671676772
48559,99805	0,439614000000006	1,767782104	1,00141048879574	90,0688899984715
48569,99805	0,439852499999972	1,769843018	1,00146665469443	90,173894023539
48579,99805	0,439941900000008	1,770682739	1,00144187865126	90,2166779945993
48589,99805	0,439315999999963	1,76752771	1,00130234951331	90,0559285677893
48599,99805	0,439405399999998	1,767786499	1,00132433121326	90,0691139246956
48609,99805	0,439226599999984	1,766374878	1,00134528878741	89,9971915218831
48619,99805	0,440448500000002	1,767550781	1,00130644801672	90,0571040403526
48629,99805	0,440448500000002	1,768556519	1,00126546398277	90,1083466143578
48639,99805	0,438392099999987	1,760346558	1,00133224818568	89,6900472818057
48649,99805	0,439226599999984	1,764942505	1,00132554236202	89,9242118000713
48659,99805	0,43863060000001	1,759922363	1,00138291840935	89,6684344525399
48669,99805	0,438869000000011	1,762407593	1,00127366098958	89,79505747185
48679,99805	0,438213299999973	1,759519775	1,00157600512562	89,6479225047129
48689,99805	0,439315999999963	1,766521362	1,00155849397478	90,0046549141489
48699,99805	0,438660400000003	1,761144531	1,00138161424916	89,7307041830132
48709,99805	0,43863060000001	1,760804565	1,00136820160173	89,7133828399653
48719,99805	0,440120699999966	1,765309692	1,00135246066832	89,9429200591023
48729,99805	0,438392099999987	1,757701172	1,00156818116463	89,5552642787996
48739,99805	0,440269699999988	1,76478186	1,00151155020882	89,916026901717
48749,99805	0,438779599999975	1,757452026	1,00139996350295	89,5425702348805
48759,99805	0,438869000000011	1,755100342	1,0015609162723	89,4227514138687
48769,99805	0,439137200000005	1,763198608	1,00142660277497	89,8353598614154
48779,99805	0,438064300000008	1,756279663	1,00152878132526	89,4828380801956
48789,99805	0,438898800000004	1,756623779	1,00134705800472	89,5003708666633
48799,99805	0,438153699999987	1,755508423	1,0013350425289	89,4435432312631
48809,99805	0,439554399999963	1,758830933	1,00145538431012	89,6128258521425
48819,99805	0,439107400000012	1,757888672	1,00113422486305	89,5648174453559
48829,99805	0,437974899999972	1,753810425	1,00143377465587	89,3570298568299
48839,99805	0,438123899999994	1,754342285	1,00175456205724	89,3841282417079
48849,99805	0,437557700000013	1,748002075	1,00147159130078	89,0610931370052
48859,99805	0,437468299999978	1,749665649	1,00135422988562	89,1458526010088
48869,99805	0,437617299999999	1,751806396	1,00131604119502	89,25492413512
48879,99805	0,439107400000012	1,757974121	1,00136820160173	89,5691710908443
48889,99805	0,439047799999969	1,757639282	1,00144402091439	89,5521109695827
48899,99805	0,439554399999963	1,761045532	1,00140881258986	89,7256601620217
48909,99805	0,439852499999972	1,763432983	1,00143358863302	89,8473013196107
48919,99805	0,4397333	1,76117749	1,00155914605487	89,732383451368
48929,99805	0,438541199999975	1,758943115	1,00139139445044	89,6185415499057
48939,99805	0,438988199999983	1,759401123	1,00120939209562	89,6418771590156
48949,99805	0,437170299999991	1,749161011	1,00150223606479	89,1201411830641
48959,99805	0,437468299999978	1,749302124	1,00140210576608	89,1273309216895
48969,99805	0,438869000000011	1,755265747	1,00163291611583	89,4311788352779
48979,99805	0,438153699999987	1,75569397	1,00140303788057	89,4529968920365
48989,99805	0,437319300000013	1,748875488	1,00131091856582	89,1055937229327
48999,99805	0,438869000000011	1,754944092	1,00143675602207	89,4147904417384
49009,99805	0,439375600000005	1,75739978	1,00169895522722	89,5399082896011
49019,99805	0,439882299999965	1,761842896	1,00118536114397	89,7662860345443
49029,99805	0,437468299999978	1,75192981	1,00140555218939	89,2612121057727
49039,99805	0,439107400000012	1,757911865	1,00162378799465	89,5659991338462
49049,99805	0,439375600000005	1,759546387	1,00135357880565	89,649278392011
49059,99805	0,438898800000004	1,75558313	1,00134128329543	89,4473495694706
49069,99805	0,438302700000008	1,757547241	1,0012914511747	89,5474214602334
49079,99805	0,437706699999978	1,74931604	1,00124972304936	89,1280399449738
49089,99805	0,438570999999968	1,755894531	1,00129238328919	89,4632155194375
49099,99805	0,437736499999971	1,750508179	1,00170025938741	89,1887796912417
49109,99805	0,437736499999971	1,752434204	1,00134957331367	89,2869110918633
49119,99805	0,439464999999984	1,758097046	1,00141291109326	89,5754341468385
49129,99805	0,440448500000002	1,76636438	1,00148053339911	89,9966566464564
49139,99805	0,437974899999972	1,755055664	1,00152701210795	89,4204750598665
49149,99805	0,44006109999998	1,762987549	1,0014795082732	89,8246063585877
49159,99805	0,439614000000006	1,760225708	1,00137239311656	89,6838899475213
49169,99805	0,440448500000002	1,766095459	1,00138888014161	89,9829550619045
49179,99805	0,439405399999998	1,760407471	1,00147662091855	89,693150812656
49189,99805	0,440359099999966	1,766065063	1,00136382406405	89,9814063789677
49199,99805	0,440895500000011	1,76962085	1,00123612437907	90,1625745146991
49209,99805	0,440120699999966	1,765684814	1,0015952864939	89,9620326081419
49219,99805	0,440269699999988	1,762918213	1,00145063372662	89,8210736740205
49229,99805	0,438034500000015	1,756087402	1,00152794322232	89,4730423396342
49239,99805	0,438898800000004	1,755706421	1,00145221792121	89,453631273246
49249,99805	0,438809399999968	1,757869019	1,00159798782569	89,5638161206501
49259,99805	0,4397333	1,762319092	1,00169588184973	89,7905483262852
49269,99805	0,439554399999963	1,760464966	1,00134072422676	89,6960801956489
49279,99805	0,439941900000008	1,765217529	1,0015639896498	89,9382243338259
49289,99805	0,439375600000005	1,763570923	1,00137434935684	89,8543293931829
49299,99805	0,440448500000002	1,765779175	1,00119961189435	89,9668403220054
49309,99805	0,440120699999966	1,765454346	1,00134668595902	89,9502902124624
49319,99805	0,439315999999963	1,763985596	1,00131762438948	89,8754570744383
49329,99805	0,438869000000011	1,761219116	1,00153371793161	89,7345043052937
49339,99805	0,439852499999972	1,762729126	1,00153884156093	89,8114396494625
49349,99805	0,439315999999963	1,762235352	1,00153586019474	89,7862817547256
49359,99805	0,440299499999981	1,765061401	1,00129238328919	89,9302695776227
49369,99805	0,440716699999996	1,767951538	1,00161307667901	90,0775226983237
49379,99805	0,441193599999963	1,768807007	1,00123705549344	90,1211090334743
49389,99805	0,440597499999967	1,766427124	1,00139893937716	89,9998534671626
49399,99805	0,440031299999987	1,762861328	1,00139009029025	89,8181753706629
49409,99805	0,43928619999997	1,763134521	1,00132833670524	89,8320946145616
49419,99805	0,439971700000001	1,763758911	1,00140881258986	89,8639074234473
49429,99805	0,441044599999998	1,772382568	1,00161326270186	90,3032846588883
49439,99805	0,440865699999961	1,772567017	1,00156268548961	90,3126823763183
49449,99805	0,441968400000007	1,778481934	1,00135003837079	90,6140487084119
49459,99805	0,440895500000011	1,773106079	1,00108336861653	90,3401477046925
49469,99805	0,441551199999992	1,776175537	1,00133597464339	90,4965372700871
49479,99805	0,441223400000013	1,774160034	1,00131818345815	90,3938469455342
49489,99805	0,440388899999959	1,770437134	1,00120883302696	90,204164365415
49499,99805	0,440478299999995	1,767529907	1,00140704237243	90,0560405054262
49509,99805	0,440210100000002	1,766161987	1,0013970761483	89,9863446782494
49519,99805	0,441282999999999	1,77509375	1,00118265981218	90,4414199826769
49529,99805	0,441431999999963	1,776074341	1,00148723922277	90,4913813114587
49539,99805	0,441133999999977	1,77217627	1,00132768462515	90,2927737300657
49549,99805	0,441640599999971	1,77590918	1,00160087518034	90,4829663219035
49559,99805	0,440448500000002	1,768588745	1,00146367432836	90,1099885362001
49569,99805	0,439554399999963	1,766865234	1,00139595901109	90,0221752687624
49579,99805	0,441193599999963	1,772286621	1,00155551360871	90,2983961379732
49589,99805	0,441640599999971	1,77707373	1,00133159610558	90,5423004025068
49599,99805	0,441640599999971	1,778481201	1,00153185570288	90,6140113618994
49609,99805	0,441014800000005	1,773407227	1,00134594086751	90,355491262037
49619,99805	0,441431999999963	1,77544397	1,00120864700411	90,4592637692974
49629,99805	0,440895500000011	1,772444336	1,00142446051184	90,3064317521781
49639,99805	0,441014800000005	1,772997559	1,00122299076591	90,3346185866409
49649,99805	0,440269699999988	1,768495483	1,00146861093471	90,1052368166302
49659,99805	0,44062729999996	1,767551392	1,00131883553824	90,057135170938
49669,99805	0,440269699999988	1,765772827	1,00150111792745	89,9665168899985
49679,99805	0,440299499999981	1,765259033	1,00146227715675	89,9403389718245
49689,99805	0,438988199999983	1,763329712	1,00153399796601	89,8420396392724
49699,99805	0,441282999999999	1,774894409	1,00168041995059	90,4312635145463
49709,99805	0,440478299999995	1,768853149	1,0011732516566	90,1234599786009
49719,99805	0,441431999999963	1,774813232	1,00146488547712	90,4271275284048
49729,99805	0,440716699999996	1,768839233	1,00146544354567	90,1227509553167
49739,99805	0,439614000000006	1,766545532	1,0012986230556	90,0058863810058
49749,99805	0,438988199999983	1,763051025	1,00137248612798	89,8278404748561
49759,99805	0,438213299999973	1,757456909	1,00141719561952	89,5428190248128
49769,99805	0,440686900000003	1,769782227	1,00142278430596	90,1707967086157
49779,99805	0,439554399999963	1,764852661	1,00132852272809	89,9196342283589
49789,99805	0,438660400000003	1,761687256	1,00143042224411	89,7583561420492
49799,99805	0,438898800000004	1,763805542	1,00132814968227	89,8662832832323
49809,99805	0,439107400000012	1,763343018	1,00154256701852	89,8427175829215
49819,99805	0,43928619999997	1,764804565	1,00109426595502	89,9171837264992
49829,99805	0,439614000000006	1,762536499	1,00129750591839	89,8016252611199
49839,99805	0,439882299999965	1,765371826	1,00143899129662	89,9460858001732
49849,99805	0,438243099999966	1,759454834	1,00159668366551	89,6446137463698
49859,99805	0,440120699999966	1,764223511	1,00153073756554	89,8875788964182
49869,99805	0,438064300000008	1,758515869	1,00155746984899	89,5967732715137
49879,99805	0,438719999999989	1,759979736	1,00141598447076	89,6713576196056
49889,99805	0,438064300000008	1,756550415	1,00145603639022	89,4966329546034
49899,99805	0,438153699999987	1,756877686	1,00147634188428	89,5133074845876
49909,99805	0,437617299999999	1,753110596	1,00151788398677	89,3213734141744
49919,99805	0,438302700000008	1,758164673	1,00146544354567	89,578879757477
49929,99805	0,438660400000003	1,759661865	1,00115834882613	89,6551620217048
49939,99805	0,438153699999987	1,756914429	1,00138552672972	89,515179548581
49949,99805	0,438392099999987	1,755543823	1,00143321658733	89,4453468691089
49959,99805	0,438123899999994	1,755331299	1,00152840927957	89,4345187242065
49969,99805	0,437647099999992	1,753533813	1,00141020976147	89,3429364141234
49979,99805	0,438719999999989	1,755359741	1,00140592523521	89,4359678504102
49989,99805	0,438392099999987	1,756216309	1,00124907096926	89,4796101798543
49999,99805	0,439792899999986	1,761469238	1,00145622241306	89,7472480766291
50009,99805	0,440448500000002	1,766732666	1,00178846622159	90,0154208997809
50019,99805	0,438660400000003	1,75756311	1,00149022058896	89,5482299893005
50029,99805	0,43952459999997	1,758272583	1,00138459561536	89,5843777958934
50039,99805	0,43708079999999	1,747012817	1,00115946696347	89,0106902226525
50049,99805	0,439137200000005	1,756473877	1,00146414038561	89,49273332654
50059,99805	0,437617299999999	1,751751953	1,00165759914758	89,2521502522036
50069,99805	0,438570999999968	1,757156494	1,00118703734986	89,5275128139807
50079,99805	0,439971700000001	1,761381348	1,00133057197979	89,7427700616498
50089,99805	0,439405399999998	1,761820801	1,00157190762234	89,7651602893973
50099,99805	0,438809399999968	1,755865967	1,00154247400709	89,4617601773068
50109,99805	0,439137200000005	1,760369995	1,00144793239483	89,6912414021501
50119,99805	0,43708079999999	1,747033813	1,00124907096926	89,0117599735059
50129,99805	0,440388899999959	1,76629126	1,00181314925334	89,9929311662506
50139,99805	0,438570999999968	1,756800293	1,00138496766105	89,5093642940847
50149,99805	0,439703500000007	1,759883789	1,00139996350295	89,6664690986906
50159,99805	0,438153699999987	1,755593262	1,00162248383447	89,4478657971162
50169,99805	0,438541199999975	1,756010864	1,00149273489779	89,4691427115708
50179,99805	0,440031299999987	1,763067627	1,00121488777064	89,8286863504356
50189,99805	0,439107400000012	1,761712769	1,00144551109743	89,7596560350538
50199,99805	0,438392099999987	1,757797607	1,00151387849479	89,5601776634228
50209,99805	0,43952459999997	1,763278198	1,00133886199803	89,8394149895552
50219,99805	0,438213299999973	1,756402832	1,00138506067248	89,489113568044
50229,99805	0,439226599999984	1,758307617	1,00126630308583	89,5861627859581
50239,99805	0,438243099999966	1,753573486	1,00134715101615	89,3449577622663
50249,99805	0,438451799999996	1,753171997	1,00152617400501	89,3245018087329
50259,99805	0,439464999999984	1,758008789	1,00135264669116	89,5709374331278
50269,99805	0,438362299999994	1,754696899	1,00127412704683	89,4021959036022
50279,99805	0,440299499999981	1,761701294	1,00123686947059	89,7590713812605
50289,99805	0,44006109999998	1,76210083	1,00127775949299	89,7794278290111
50299,99805	0,441372399999977	1,772356812	1,00150558847655	90,3019723849799
50309,99805	0,442087599999979	1,779311157	1,00156799514178	90,6562978040455
50319,99805	0,440478299999995	1,769929932	1,00140806749834	90,1783223111021
50329,99805	0,440597499999967	1,768001465	1,001406949361	90,0800664900392
50339,99805	0,440150500000016	1,765028564	1,00142101408853	89,9285965251949
50349,99805	0,440120699999966	1,763855469	1,00135581408021	89,8688270749478
50359,99805	0,440478299999995	1,765982544	1,001424274489	89,9772020176288
50369,99805	0,440865699999961	1,769308594	1,00143675602207	90,1466650022928
50379,99805	0,441640599999971	1,775230713	1,00134258745562	90,4483982778825
50389,99805	0,441521399999999	1,778855713	1,00151294738043	90,6330928313038
50399,99805	0,440776299999982	1,771824341	1,00140611125806	90,2748428695165
50409,99805	0,439792899999986	1,769778076	1,00140806749834	90,1705852142457
50419,99805	0,441700200000014	1,778036377	1,00140732240682	90,5913474805116
50429,99805	0,439047799999969	1,764495239	1,0014597618478	89,9014234982422
50439,99805	0,441938600000015	1,779781982	1,00141281808184	90,680286442146
50449,99805	0,441968400000007	1,781320435	1,00123379509297	90,7586709634687
50459,99805	0,441193599999963	1,774994995	1,00132144385861	90,4363883935395
50469,99805	0,441372399999977	1,777734741	1,00142306334023	90,5759790594589
50479,99805	0,441968400000007	1,77966748	1,00118741039568	90,6744525398686
50489,99805	0,442445299999974	1,786795898	1,00122951056672	91,0376470168645
50499,99805	0,442087599999979	1,784311279	1,0012676062459	90,9110551281398
50509,99805	0,441938600000015	1,780415161	1,00120324434051	90,7125470525297
50519,99805	0,442027999999993	1,783646118	1,00127515117262	90,8771650277679
50529,99805	0,441938600000015	1,782962158	1,00151704588383	90,8423171141794
50539,99805	0,441640599999971	1,781323608	1,00153595320616	90,7588326285219
50549,99805	0,442594299999996	1,784345093	1,00137025085343	90,9127779589341
50559,99805	0,442087599999979	1,782125244	1,00142846600383	90,7996761603913
50569,99805	0,441878999999972	1,779967163	1,00147000810632	90,6897214551383
50579,99805	0,442117399999972	1,780699341	1,00150419130494	90,7270260865135
50589,99805	0,441789599999993	1,779915405	1,00134063121534	90,687084373567
50599,99805	0,442117399999972	1,781144043	1,00158215288073	90,7496837519743
50609,99805	0,441223400000013	1,7744552	1,00134892123358	90,4088857186529
50619,99805	0,441431999999963	1,777756836	1,00158438815529	90,5771048046059
50629,99805	0,44253470000001	1,78506665	1,00120482753497	90,9495414480053
50639,99805	0,441610799999978	1,778387695	1,00145491825288	90,6092472104754
50649,99805	0,441700200000014	1,778035034	1,00131445800056	90,5912790543639
50659,99805	0,441461800000013	1,777203613	1,00149431809225	90,5489179701432
50669,99805	0,442087599999979	1,780192505	1,00137518745978	90,7012026799817
50679,99805	0,440955099999996	1,772207764	1,0013683886247	90,2943783563459
50689,99805	0,441789599999993	1,780410645	1,00136028462931	90,7123169613288
50699,99805	0,4417598	1,780165649	1,00125968927348	90,6998343608295
50709,99805	0,441551199999992	1,780170654	1,00122280474306	90,7000893666888
50719,99805	0,441878999999972	1,779382202	1,00139661109118	90,6599175625414
50729,99805	0,441878999999972	1,781193115	1,00136429012129	90,7521839812503
50739,99805	0,441551199999992	1,780511719	1,00134556782169	90,7174667040302
50749,99805	0,4417598	1,780144287	1,00161866536545	90,6987459621949
50759,99805	0,442355899999995	1,784515259	1,00142017598559	90,9214479543486
50769,99805	0,442683699999975	1,789078979	1,00145575735594	91,1539704998217
50779,99805	0,443011500000011	1,790410889	1,0012764553328	91,2218316095175
50789,99805	0,439971700000001	1,774599854	1,00122187362869	90,4162558720131
50799,99805	0,440895500000011	1,775044312	1,00133420442595	90,4389011056198
50809,99805	0,441014800000005	1,776662476	1,00145538431012	90,5213469200591
50819,99805	0,439792899999986	1,770923096	1,0016260232692	90,2289242370204
50829,99805	0,440865699999961	1,770501953	1,00145892374486	90,207466907831
50839,99805	0,438779599999975	1,762814087	1,00130188345607	89,8157684312427
50849,99805	0,440776299999982	1,77463269	1,00121600490786	90,4179288734906
50859,99805	0,441551199999992	1,777871704	1,00147969529617	90,5829573546645
50869,99805	0,441610799999978	1,778559204	1,00155160212827	90,6179856320375
50879,99805	0,440895500000011	1,773904175	1,00151807000962	90,3808108727773
50889,99805	0,441133999999977	1,775410034	1,00145612940164	90,457534722576
50899,99805	0,4397333	1,770673584	1,00122103452563	90,2162115453202
50909,99805	0,440806099999975	1,770243164	1,00152980645118	90,1942815509248
50919,99805	0,440478299999995	1,774189331	1,00153790944644	90,3953396341774
50929,99805	0,441104199999984	1,773266479	1,00152198249018	90,3483201202425
50939,99805	0,441133999999977	1,774076416	1,00163477934469	90,3895865899017
50949,99805	0,439315999999963	1,765716187	1,00147969529617	89,9636310694452
50959,99805	0,440210100000002	1,770625	1,00129564268953	90,2137361797524
50969,99805	0,441372399999977	1,773953491	1,00151229530033	90,3833235339074
50979,99805	0,440806099999975	1,769163696	1,00115527544864	90,1392824170785
50989,99805	0,440031299999987	1,764765137	1,00143955036529	89,9151748611607
50999,99805	0,441044599999998	1,770224609	1,00172605955637	90,1933361695623
51009,99805	0,439643799999999	1,764822144	1,00155998515794	89,9180793804453
51019,99805	0,43952459999997	1,764195435	1,0013036536735	89,8861484179956
51029,99805	0,441223400000013	1,770891235	1,00136056366358	90,227300912009
51039,99805	0,439792899999986	1,76674231	1,00156818116463	90,0159122637183
51049,99805	0,438541199999975	1,760246704	1,00169830314713	89,6849596983747
51059,99805	0,440806099999975	1,770494263	1,00130989343991	90,2070751006267
51069,99805	0,439226599999984	1,763733887	1,00136168180092	89,8626324451011
51079,99805	0,440865699999961	1,772552979	1,00139325767929	90,3119671371071
51089,99805	0,4397333	1,768077881	1,00157311777098	90,0839599021756
51099,99805	0,439852499999972	1,76694812	1,00145361509282	90,0263983288327
51109,99805	0,44062729999996	1,769145752	1,00130085933028	90,1383681663015
51119,99805	0,438898800000004	1,763275269	1,00136550026993	89,839265756356
51129,99805	0,440686900000003	1,77097937	1,00141775468819	90,2317914097926
51139,99805	0,439137200000005	1,765789429	1,00150223606479	89,967362765578
51149,99805	0,43928619999997	1,762463013	1,00150046584736	89,7978811331329
51159,99805	0,438302700000008	1,758587036	1,00153744438932	89,6003992459367
51169,99805	0,440806099999975	1,770462524	1,00151881510114	90,2054579915423
51179,99805	0,440388899999959	1,768492554	1,00132712555648	90,105087583431
51189,99805	0,439971700000001	1,7637146	1,00138226632926	89,8616497681765
51199,99805	0,438123899999994	1,758617676	1,00155132209388	89,6019603607276
51209,99805	0,438988199999983	1,76464624	1,00149608830968	89,9091170326591
51219,99805	0,440895500000011	1,769785156	1,0014361969534	90,1709459418148
51229,99805	0,439137200000005	1,762365112	1,00143740810216	89,7928930554848
51239,99805	0,438779599999975	1,761157227	1,00135264669116	89,7313510470271
51249,99805	0,43952459999997	1,758916504	1,00135348479411	89,6171857135579
51259,99805	0,439196799999991	1,760096069	1,00142166616862	89,6772848117389
51269,99805	0,441014800000005	1,772166992	1,00171888767547	90,2923010139094
51279,99805	0,440597499999967	1,766423584	1,0014096506928	89,999673103378
51289,99805	0,437974899999972	1,75442041	1,00124115399684	89,388108727773
51299,99805	0,438660400000003	1,762132935	1,00142231824872	89,7810635858766
51309,99805	0,441342599999984	1,773623535	1,0012481398549	90,3665122025781
51319,99805	0,43895839999999	1,763972778	1,00176145490387	89,8748039944974
51329,99805	0,440955099999996	1,768276001	1,00125475266713	90,0940541600856
51339,99805	0,439226599999984	1,762033081	1,00158084872055	89,7759760024456
51349,99805	0,439643799999999	1,763903931	1,00128167097343	89,8712962245886
51359,99805	0,439971700000001	1,766418945	1,00128912288872	89,9994367452999
51369,99805	0,441044599999998	1,769874634	1,00140806749834	90,1755048657462
51379,99805	0,439882299999965	1,760726318	1,00139335069072	89,7093961379732
51389,99805	0,43895839999999	1,761379272	1,00137416333399	89,7426642889897
51399,99805	0,439703500000007	1,762977051	1,00130393270777	89,824071483161
51409,99805	0,43895839999999	1,761200073	1,00124003585951	89,7335340602232
51419,99805	0,44006109999998	1,767987549	1,00137835484882	90,079357466755
51429,99805	0,440776299999982	1,768056274	1,00112863617661	90,0828590207367
51439,99805	0,440955099999996	1,7717323	1,00156445570704	90,2701533601671
51449,99805	0,440716699999996	1,770832031	1,00168526254539	90,2242844550874
51459,99805	0,439196799999991	1,761926392	1,0014236224089	89,7705401742498
51469,99805	0,440895500000011	1,768936523	1,00129070608318	90,1277079023794
51479,99805	0,439405399999998	1,763073608	1,00133122405989	89,8289910837112
51489,99805	0,439554399999963	1,761710693	1,00150186301897	89,7595502623936
51499,99805	0,441431999999963	1,773264282	1,00172736371655	90,3482081826056
51509,99805	0,440686900000003	1,766598999	1,00143675602207	90,0086105365058
51519,99805	0,440448500000002	1,766674316	1,00126108644509	90,0124479543486
51529,99805	0,441104199999984	1,769855225	1,00136540725851	90,1745159728945
51539,99805	0,440359099999966	1,765604614	1,00135152955395	89,9579464003668
51549,99805	0,441700200000014	1,774263306	1,00142054903141	90,3991086768227
51559,99805	0,441104199999984	1,769235229	1,00147596883846	90,1429270392826
51569,99805	0,440895500000011	1,769409668	1,00152440378758	90,1518147449941
51579,99805	0,440597499999967	1,766868042	1,00153157566848	90,0223183369848
51589,99805	0,441014800000005	1,768891846	1,0013299198997	90,1254315993275
51599,99805	0,441193599999963	1,769487915	1,00127095965779	90,1558014469863
51609,99805	0,442206800000008	1,780665894	1,00151248132318	90,7253219544505
51619,99805	0,441342599999984	1,776099487	1,00147839113598	90,4926625057319
51629,99805	0,440478299999995	1,770606689	1,00145147282969	90,212803230244
51639,99805	0,440806099999975	1,771581421	1,00142231824872	90,2624660416773
51649,99805	0,441133999999977	1,771570679	1,00142865202668	90,2619187343965
51659,99805	0,441461800000013	1,772757813	1,00120445548928	90,3224034748051
51669,99805	0,441789599999993	1,77634082	1,00146171808808	90,5049584755694
51679,99805	0,441640599999971	1,774702515	1,0014692630148	90,4214864727162
51689,99805	0,442087599999979	1,777762329	1,00136233388101	90,5773846741733
51699,99805	0,441521399999999	1,775507813	1,00151713889526	90,4625165842971
51709,99805	0,443249900000012	1,787944214	1,00161903741115	91,0961539715698
51719,99805	0,441521399999999	1,777093262	1,00151602075792	90,5432955622357
51729,99805	0,441133999999977	1,772791016	1,00135218163404	90,324095175014
51739,99805	0,442117399999972	1,779976318	1,00147140527793	90,6901879044174
51749,99805	0,441014800000005	1,77027478	1,00160217934052	90,1958923931319
51759,99805	0,440895500000011	1,769845337	1,00127049460066	90,174012177103
51769,99805	0,4417598	1,776297974	1,00141458729915	90,5027754623733
51779,99805	0,442177000000015	1,778559448	1,00149273489779	90,6179980638916
51789,99805	0,441878999999972	1,778215698	1,00146386035121	90,6004839252051
51799,99805	0,441521399999999	1,776777588	1,00139605202251	90,5272119019718
51809,99805	0,442713499999968	1,782337646	1,00138776200427	90,8104980893667
51819,99805	0,442206800000008	1,778381958	1,00140983671565	90,6089549090538
51829,99805	0,442594299999996	1,780647705	1,00137649161997	90,7243952208692
51839,99805	0,442117399999972	1,780652588	1,00132451723611	90,7246440108014
51849,99805	0,44226649999996	1,782987915	1,00134053820391	90,8436294390381
51859,99805	0,441700200000014	1,778672119	1,0015108051173	90,6237386763133
51869,99805	0,442773100000011	1,783166626	1,00132218895013	90,8527348040964
51879,99805	0,44226649999996	1,780804443	1,00150083889318	90,7323810567076
51889,99805	0,442117399999972	1,777371582	1,00132693953363	90,5574760279207
51899,99805	0,440359099999966	1,771198242	1,0014307942898	90,242942986702
51909,99805	0,442087599999979	1,779523438	1,00148956850887	90,667113568044
51919,99805	0,442177000000015	1,780365112	1,00134873521073	90,7099970448871
51929,99805	0,442177000000015	1,780111938	1,00141933788265	90,6970977734753
51939,99805	0,44250489999996	1,781368408	1,00131911557264	90,7611151984511
51949,99805	0,442713499999968	1,785945679	1,00128893686587	90,9943281703775
51959,99805	0,440776299999982	1,776837769	1,00124674268329	90,5302781372599
51969,99805	0,44250489999996	1,784234253	1,00163999498531	90,9071306363683
51979,99805	0,441610799999978	1,774727051	1,0014191518598	90,4227365873542
51989,99805	0,441878999999972	1,778396118	1,00127058761209	90,6096763641922
51999,99805	0,44062729999996	1,774738525	1,00152524189052	90,4233211901972
52009,99805	0,441044599999998	1,774302002	1,00139064935892	90,4010802465991
52019,99805	0,442206800000008	1,779225586	1,00158876569297	90,6519379426301
52029,99805	0,440120699999966	1,770493408	1,00121181339303	90,2070315381872
52039,99805	0,440686900000003	1,772752197	1,00120259226042	90,3221173383604
52049,99805	0,44226649999996	1,780067749	1,00144262374278	90,6948463341316
52059,99805	0,441133999999977	1,775065186	1,00142408846615	90,4399646405462
52069,99805	0,441193599999963	1,774803711	1,00151136418597	90,4266424313446
52079,99805	0,441104199999984	1,773670044	1,00126900341751	90,368881846436
52089,99805	0,440120699999966	1,772524902	1,00140545917797	90,3105366077342
52099,99805	0,440299499999981	1,768927368	1,00141505335639	90,1272414531003
52109,99805	0,441044599999998	1,772556885	1,00149133772618	90,3121661486727
52119,99805	0,441282999999999	1,775293457	1,00142986317544	90,4515950985887
52129,99805	0,440955099999996	1,773265503	1,00139558596527	90,3482703928262
52139,99805	0,439703500000007	1,769857178	1,00161531195356	90,1746154786773
52149,99805	0,439852499999972	1,767539795	1,00140760144109	90,0565443012177
52159,99805	0,440716699999996	1,770178589	1,00134351856998	90,1909914403628
52169,99805	0,440776299999982	1,770772461	1,00137937897461	90,2212493503847
52179,99805	0,440806099999975	1,771478516	1,00151453057488	90,2572230091201
52189,99805	0,440537899999981	1,76603772	1,00136512822423	89,9800132470576
52199,99805	0,440299499999981	1,766013184	1,00138012406613	89,9787631324196
52209,99805	0,440388899999959	1,767586304	1,00141831275673	90,0589139450757
52219,99805	0,440150500000016	1,766954712	1,00144010843383	90,0267341926937
52229,99805	0,43928619999997	1,762539307	1,00142054903141	89,8017683293422
52239,99805	0,43928619999997	1,763098877	1,00134892123358	89,8302785448617
52249,99805	0,440269699999988	1,765691406	1,00122736830359	89,9623684720029
52259,99805	0,441282999999999	1,775008423	1,00144085352535	90,4370725531156
52269,99805	0,440210100000002	1,770182861	1,00162574423493	90,1912090997096
52279,99805	0,440597499999967	1,767880737	1,00119746963122	90,0739153716819
52289,99805	0,438869000000011	1,758189087	1,00142688280937	89,5801236561879
52299,99805	0,439315999999963	1,763313843	1,00128139193915	89,8412311102053
52309,99805	0,43952459999997	1,764494995	1,00124292321415	89,9014110663881
52319,99805	0,438660400000003	1,7582677	1,00143750111358	89,5841290059612
52329,99805	0,438481599999989	1,75443396	1,00159277118495	89,3887991032761
52339,99805	0,440150500000016	1,763369507	1,00166737934885	89,8440672033423
52349,99805	0,43928619999997	1,760566406	1,00137854087167	89,7012485861314
52359,99805	0,440537899999981	1,765559082	1,0013636380412	89,9556265348754
52369,99805	0,439137200000005	1,760769287	1,00141933788265	89,7115854180466
52379,99805	0,439315999999963	1,763044434	1,00132656648781	89,8275046619453
52389,99805	0,441342599999984	1,771590454	1,00133187613998	90,2629262750293
52399,99805	0,440150500000016	1,763672729	1,00122205965154	89,8595164314465
52409,99805	0,439703500000007	1,761853149	1,00132507630477	89,7668084271667
52419,99805	0,440895500000011	1,770055176	1,00150819679693	90,1847035206603
52429,99805	0,440895500000011	1,770373413	1,00143656899909	90,2009177663423
52439,99805	0,440537899999981	1,769805664	1,00174291862712	90,1719908289601
52449,99805	0,440388899999959	1,766216797	1,00131585517217	89,9891372598971
52459,99805	0,439554399999963	1,765465454	1,00128455932819	89,9508561675243
52469,99805	0,440716699999996	1,770470337	1,00139539994242	90,2058560656239
52479,99805	0,439852499999972	1,766687988	1,00136736349879	90,0131445457788
52489,99805	0,439703500000007	1,765165039	1,00141244503602	89,9355499566923
52499,99805	0,439137200000005	1,761224487	1,00127785250441	89,7347779589341
52509,99805	0,438898800000004	1,758126099	1,00144569712027	89,5769144036277
52519,99805	0,438302700000008	1,7568573	1,00135367181708	89,5122688133693
52529,99805	0,438362299999994	1,7549104	1,0012651849485	89,4130738268712
52539,99805	0,439703500000007	1,757870605	1,00135218163404	89,5638969277016
52549,99805	0,43952459999997	1,757188354	1,00142213222587	89,529136088042
52559,99805	0,440210100000002	1,760953369	1,00144923655501	89,7209644367453
52569,99805	0,438898800000004	1,756700806	1,00136494220139	89,504295409385
52579,99805	0,440448500000002	1,764518555	1,00160711594687	89,9026114536098
52589,99805	0,440865699999961	1,765099731	1,00089456642651	89,9322224996179
52599,99805	0,441282999999999	1,769892944	1,00140527315512	90,1764377643043
52609,99805	0,441104199999984	1,770290771	1,00150111792745	90,1967071381261
52619,99805	0,439196799999991	1,760147583	1,00143172540417	89,6799094614562
52629,99805	0,440686900000003	1,766233765	1,00170370581072	89,9900017832578
52639,99805	0,440895500000011	1,768221558	1,00170044541026	90,0912802771692
52649,99805	0,441521399999999	1,771743408	1,00171581429797	90,270719315229
52659,99805	0,44006109999998	1,762797241	1,00146115901941	89,814910123809
52669,99805	0,44062729999996	1,766642822	1,00123966381381	90,0108433280685
52679,99805	0,439852499999972	1,763864746	1,00132321307592	89,8692997401539
52689,99805	0,44062729999996	1,7653302	1,00111522352918	89,9439649462475
52699,99805	0,438869000000011	1,75722644	1,00145082074959	89,5310765781831
52709,99805	0,440895500000011	1,768320557	1,0015564457232	90,0963242981607
52719,99805	0,441431999999963	1,770470703	1,00138776200427	90,205874713405
52729,99805	0,441223400000013	1,770421265	1,00131762438948	90,2033558363479
52739,99805	0,440478299999995	1,76771106	1,00118293884645	90,0652702909258
52749,99805	0,440478299999995	1,768909546	1,0013128748061	90,1263334182504
52759,99805	0,441878999999972	1,774174316	1,00147280244954	90,3945746165996
52769,99805	0,44062729999996	1,765362183	1,00146115901941	89,945594487186
52779,99805	0,440806099999975	1,766339478	1,00136177481234	89,9953878840373
52789,99805	0,440806099999975	1,766185181	1,00125167928964	89,9875264176899
52799,99805	0,441223400000013	1,768351196	1,00142529861479	90,0978853620013
52809,99805	0,440478299999995	1,763219482	1,00140154769753	89,8364233963418
52819,99805	0,440895500000011	1,76614856	1,00129024102606	89,9856605696235
52829,99805	0,440955099999996	1,766533447	1,00145240394405	90,0052706475773
52839,99805	0,440865699999961	1,768659424	1,00131585517217	90,113589646915
52849,99805	0,441342599999984	1,769072632	1,00136056366358	90,1346426860957
52859,99805	0,442683699999975	1,780538208	1,00171777053825	90,718816324451
52869,99805	0,441461800000013	1,77267627	1,00148658714268	90,3182488408825
52879,99805	0,442117399999972	1,777554077	1,00148202358215	90,5667741886177
52889,99805	0,441372399999977	1,774017578	1,00140313089199	90,3865887807612
52899,99805	0,441551199999992	1,772870605	1,00138673787848	90,3281502522036
52909,99805	0,441014800000005	1,76768335	1,00156380362695	90,0638584602843
52919,99805	0,442683699999975	1,78215332	1,00151136418597	90,8011066388139
52929,99805	0,44229630000001	1,775444336	1,00135823537761	90,4592824170785
52939,99805	0,441551199999992	1,773046631	1,00147159130078	90,3371188159169
52949,99805	0,441700200000014	1,774712036	1,00144467299448	90,4219715697763
52959,99805	0,441700200000014	1,774890747	1,00140173372038	90,4310769348347
52969,99805	0,442177000000015	1,776867432	1,00134649893605	90,5317894736842
52979,99805	0,441700200000014	1,77387854	1,00154629247611	90,3795047638457
52989,99805	0,442922099999976	1,781335327	1,00148761226859	90,7594297141693
52999,99805	0,441789599999993	1,7746427	1,00131604119502	90,4184388852092
53009,99805	0,442624099999989	1,778935547	1,00132749760218	90,6371603912977
53019,99805	0,441938600000015	1,773844238	1,00121032320999	90,3777570693432
53029,99805	0,441700200000014	1,772444092	1,00139577198812	90,306419320324
53039,99805	0,44226649999996	1,777960327	1,00124292321415	90,5874727161563
53049,99805	0,441431999999963	1,771541504	1,00130113836455	90,2604322616804
53059,99805	0,441878999999972	1,774108032	1,00138552672972	90,3911974321088
53069,99805	0,442713499999968	1,781606201	1,00145082074959	90,773230804504
53079,99805	0,442027999999993	1,777583496	1,00148463190252	90,568273093188
53089,99805	0,440478299999995	1,770985229	1,00142017598559	90,2320899271412
53099,99805	0,441610799999978	1,772637939	1,00135041141661	90,316295867937
53109,99805	0,441104199999984	1,769252686	1,00146320827112	90,1438164773017
53119,99805	0,440150500000016	1,766793335	1,00161624306793	90,0185119987772
53129,99805	0,440031299999987	1,767452881	1,0012887498429	90,0521160136547
53139,99805	0,442087599999979	1,774272461	1,00157609813705	90,3995751261018
53149,99805	0,441938600000015	1,77518689	1,00168498351112	90,4461654863199
53159,99805	0,441640599999971	1,772695801	1,00132908179676	90,3192439496612
53169,99805	0,441968400000007	1,775601563	1,00158457517826	90,4672931675753
53179,99805	0,439852499999972	1,764884277	1,00139577198812	89,9212450705661
53189,99805	0,440895500000011	1,768362549	1,00125996930787	90,0984637998675
53199,99805	0,439971700000001	1,765241455	1,0012740340354	89,9394433688286
53209,99805	0,44062729999996	1,766092041	1,00149767150414	89,982780914047
53219,99805	0,440806099999975	1,766674194	1,00160189930613	90,0124417384216
53229,99805	0,440686900000003	1,767577271	1,00131604119502	90,0584537117236
53239,99805	0,440806099999975	1,767870972	1,00139167448483	90,0734178427676
53249,99805	0,439703500000007	1,764498657	1,00121712304519	89,9015976460998
53259,99805	0,440269699999988	1,763834595	1,00131278179468	89,8677635400214
53269,99805	0,440955099999996	1,767452026	1,00155942608927	90,0520724512152
53279,99805	0,440388899999959	1,764512329	1,00163543142478	89,9022942375299
53289,99805	0,438869000000011	1,759107056	1,00152105037569	89,6268943801906
53299,99805	0,439643799999999	1,762098267	1,00132880176236	89,779297243593
53309,99805	0,43928619999997	1,762177612	1,00149133772618	89,7833398889285
53319,99805	0,440150500000016	1,763520752	1,0015923051277	89,8517731696133
53329,99805	0,439941900000008	1,762843018	1,00122028943411	89,8172424721048
53339,99805	0,440359099999966	1,761172363	1,0011227684559	89,7321222295817
53349,99805	0,438869000000011	1,757946289	1,00137602556272	89,5677530442757
53359,99805	0,440269699999988	1,762531494	1,00137192805944	89,8013702552606
53369,99805	0,439315999999963	1,761668701	1,00140210576608	89,7574107606868
53379,99805	0,439554399999963	1,761659424	1,00159016286458	89,7569380954807
53389,99805	0,440210100000002	1,762341919	1,00148910245162	89,7917113669944
53399,99805	0,440359099999966	1,764611328	1,0015101530372	89,9073382585214
53409,99805	0,439882299999965	1,759169678	1,00164595671757	89,6300849849697
53419,99805	0,43863060000001	1,755036621	1,00154061077824	89,4195048147959
53429,99805	0,438570999999968	1,753796265	1,00131883553824	89,3563084016916
53439,99805	0,439047799999969	1,755278931	1,00157227966804	89,431850563
53449,99805	0,438451799999996	1,753499146	1,00120408244346	89,34117012279
53459,99805	0,438898800000004	1,754435791	1,00147242940372	89,3888923931319
53469,99805	0,438392099999987	1,754995239	1,00164409348872	89,4173963927243
53479,99805	0,438898800000004	1,756244629	1,00142688280937	89,4810530901309
53489,99805	0,439226599999984	1,7574198	1,00145519828727	89,5409283130382
53499,99805	0,43895839999999	1,755365967	1,00155244023122	89,43628506649
53509,99805	0,440150500000016	1,759680542	1,00136233388101	89,6561136189942
53519,99805	0,43863060000001	1,754700684	1,00138263937508	89,4023887501911
53529,99805	0,438988199999983	1,754244019	1,0012627636511	89,3791215672288
53539,99805	0,439703500000007	1,759268799	1,00139866034289	89,6351352218882
53549,99805	0,440269699999988	1,762928711	1,00143992241098	89,8216085494472
53559,99805	0,438213299999973	1,75084668	1,00146059995075	89,2060263922148
53569,99805	0,438570999999968	1,753400513	1,00126937646333	89,3361447495797
53579,99805	0,439554399999963	1,754436157	1,00138524669533	89,388911040913
53589,99805	0,439882299999965	1,756719849	1,00154955287657	89,5052656544556
53599,99805	0,440299499999981	1,758752197	1,00140601824664	89,6088142354919
53609,99805	0,438719999999989	1,754333252	1,00139614503394	89,3836680083558
53619,99805	0,438898800000004	1,753556519	1,00126136647948	89,3440932898558
53629,99805	0,440210100000002	1,7603479	1,00124832587775	89,6901156570031
53639,99805	0,440537899999981	1,763861694	1,00116887411892	89,8691442400774
53649,99805	0,441372399999977	1,767910156	1,00142408846615	90,0754142762521
53659,99805	0,440895500000011	1,764289673	1,00133578762041	89,8909498649819
53669,99805	0,441104199999984	1,769114624	1,00133252822007	90,1367821878025
53679,99805	0,440806099999975	1,765101563	1,00122457396037	89,9323158404239
53689,99805	0,439643799999999	1,760512451	1,00136801557888	89,6984995669231
53699,99805	0,440537899999981	1,763906006	1,00127999476754	89,8714019462985
53709,99805	0,441342599999984	1,768094604	1,0012788766302	90,084811942732
53719,99805	0,440716699999996	1,765614502	1,00136121574368	89,9584501961584
53729,99805	0,441431999999963	1,770046875	1,00138673787848	90,1842805828705
53739,99805	0,440806099999975	1,768074463	1,00139931142286	90,083785754318
53749,99805	0,440806099999975	1,768299683	1,00138636483266	90,0952607632343
53759,99805	0,440865699999961	1,766872559	1,00140229278905	90,0225484791359
53769,99805	0,440150500000016	1,763247681	1,00127226381797	89,8378601416416
53779,99805	0,441968400000007	1,77548999	1,00162481312057	90,461608498497
53789,99805	0,441282999999999	1,769963867	1,00146311525969	90,1800513068732
53799,99805	0,441968400000007	1,774489502	1,00153790944644	90,4106334131554
53809,99805	0,441968400000007	1,773309082	1,00158643740699	90,3504907525348
53819,99805	0,441849199999979	1,775067017	1,00139586599966	90,440057930402
53829,99805	0,442385699999988	1,778207397	1,00145035469235	90,6000609874153
53839,99805	0,441849199999979	1,773398804	1,00149329396645	90,3550621083202
53849,99805	0,442385699999988	1,77978064	1,0013537648285	90,6802180669486
53859,99805	0,442355899999995	1,778766235	1,00163217102431	90,6285339073725
53869,99805	0,442027999999993	1,776561768	1,0016072089583	90,5162158251388
53879,99805	0,441461800000013	1,77429541	1,0013469649933	90,4007443827381
53889,99805	0,44229630000001	1,779052246	1,00113534300039	90,6431062312121
53899,99805	0,441551199999992	1,773963867	1,00143498580463	90,383852193407
53909,99805	0,441610799999978	1,773821289	1,00139362972499	90,376587812707
53919,99805	0,441461800000013	1,772736328	1,00148360677661	90,3213088092933
53929,99805	0,443369099999984	1,787014526	1,00155188116255	91,0487861619198
53939,99805	0,442594299999996	1,782290894	1,00140983671565	90,8081160646049
53949,99805	0,443011500000011	1,786381836	1,00135702422884	91,0165504661945
53959,99805	0,442683699999975	1,78172522	1,00142464653469	90,7792948489326
53969,99805	0,442773100000011	1,784324463	1,00141095485298	90,9117268558618
53979,99805	0,441849199999979	1,775966675	1,00154536136174	90,4858957048963
53989,99805	0,442624099999989	1,780338623	1,00162732742939	90,7086474244663
53999,99805	0,442713499999968	1,782497559	1,00136885368182	90,8186456921588
54009,99805	0,441968400000007	1,779493408	1,00177533260843	90,6655835328884
54019,99805	0,44226649999996	1,778308716	1,00132330708747	90,605223212921
54029,99805	0,442385699999988	1,780314209	1,00150558847655	90,7074035257553
54039,99805	0,44226649999996	1,780818359	1,00133122405989	90,7330900799918
54049,99805	0,443696999999986	1,790625366	1,00141849977971	91,2327592602028
54059,99805	0,442594299999996	1,783183594	1,00143526583903	90,8535993274571
54069,99805	0,441849199999979	1,778549194	1,00150968697996	90,617475620319
54079,99805	0,441938600000015	1,778002075	1,00157581910277	90,5895997860091
54089,99805	0,440299499999981	1,771392944	1,0012723568294	90,2528630967545
54099,99805	0,442027999999993	1,775835083	1,00133131707131	90,4791910633311
54109,99805	0,442206800000008	1,778186768	1,00159482043665	90,5990099352932
54119,99805	0,440359099999966	1,771608887	1,00135190159965	90,2638654404647
54129,99805	0,440478299999995	1,771730957	1,00146190411093	90,2700849340195
54139,99805	0,441938600000015	1,774042603	1,00131445800056	90,3878638100576
54149,99805	0,441431999999963	1,771942749	1,00120734284392	90,2808757833596
54159,99805	0,439971700000001	1,768361328	1,00135422988562	90,0984015896469
54169,99805	0,441461800000013	1,772171021	1,00143191242714	90,2925062923524
54179,99805	0,439852499999972	1,765742065	1,00134407763865	89,9649495592806
54189,99805	0,441521399999999	1,772108643	1,00135991258361	90,2893281194273
54199,99805	0,441461800000013	1,771033569	1,00145622241306	90,234552860855
54209,99805	0,441610799999978	1,771540771	1,0014795082732	90,2603949151679
54219,99805	0,440448500000002	1,76819165	1,00139446882805	90,0897564579406
54229,99805	0,440269699999988	1,765848267	1,00121870623965	89,9703605747185
54239,99805	0,44062729999996	1,765233887	1,00134407763865	89,9390577775513
54249,99805	0,440806099999975	1,768381226	1,00113934749225	90,099415397157
54259,99805	0,44062729999996	1,769275635	1,00154033174397	90,1449857339379
54269,99805	0,440150500000016	1,76617688	1,00152589397062	89,9871034799001
54279,99805	0,440150500000016	1,763636108	1,00160776702684	89,85765058338
54289,99805	0,440478299999995	1,766374146	1,00132433121326	89,9971542263209
54299,99805	0,440359099999966	1,763744385	1,00140732240682	89,8631673205279
54309,99805	0,43952459999997	1,76151123	1,0013708099221	89,749387578336
54319,99805	0,439703500000007	1,7629823	1,00134174935268	89,8243389208743
54329,99805	0,440716699999996	1,767511475	1,00133765084927	90,0551013909411
54339,99805	0,441133999999977	1,768357422	1,00140098862886	90,0982025780812
54349,99805	0,43928619999997	1,758200195	1,00137276616238	89,5806896112498
54359,99805	0,44006109999998	1,761539917	1,00138394353526	89,750849187344
54369,99805	0,439137200000005	1,7602146	1,00148602907413	89,6833239924594
54379,99805	0,440895500000011	1,766010498	1,00136950576191	89,9786262801243
54389,99805	0,440359099999966	1,767666138	1,00114065165244	90,0629815050696
54399,99805	0,439107400000012	1,761371948	1,0015687402333	89,7422911295664
54409,99805	0,439643799999999	1,76322644	1,00167632144718	89,8367779079839
54419,99805	0,439375600000005	1,762843262	1,00124469343158	89,8172549039588
54429,99805	0,44006109999998	1,765424927	1,00125354151837	89,9487913078922
54439,99805	0,441342599999984	1,770262451	1,00160907118703	90,1952642278494
54449,99805	0,440716699999996	1,767166626	1,00126425383413	90,037531257961
54459,99805	0,441133999999977	1,769651123	1,00154433623583	90,1641169307587
54469,99805	0,439614000000006	1,765466187	1,00140145468611	89,9508935140368
54479,99805	0,44062729999996	1,770223999	1,00117222753081	90,1933050899272
54489,99805	0,441551199999992	1,773567139	1,00146032091647	90,3636388138789
54499,99805	0,439464999999984	1,765291992	1,00145482524145	89,9420182401794
54509,99805	0,438779599999975	1,759345215	1,00157609813705	89,6390286340246
54519,99805	0,438660400000003	1,756327759	1,00132218895013	89,4852885820553
54529,99805	0,441521399999999	1,769574585	1,00152440378758	90,1602173026953
54539,99805	0,44006109999998	1,766474976	1,00120100906596	90,0022915371682
54549,99805	0,441014800000005	1,766398193	1,00140042956019	89,9983794263005
54559,99805	0,439941900000008	1,76576001	1,00138766899285	89,9658638610078
54569,99805	0,439315999999963	1,762558716	1,00148165053633	89,8027572221939
54579,99805	0,43928619999997	1,759119507	1,00136075068655	89,6275287614001
54589,99805	0,43952459999997	1,762988892	1,00133820991794	89,8246747847353
54599,99805	0,439107400000012	1,759422852	1,00144048147965	89,6429842563815
54609,99805	0,439405399999998	1,759289185	1,00152682608511	89,6361738931064
54619,99805	0,438898800000004	1,758819702	1,00157581910277	89,6122536302033
54629,99805	0,439464999999984	1,760397949	1,00139689012545	89,6926656646456
54639,99805	0,439137200000005	1,758401489	1,0014260437063	89,5909455851633
54649,99805	0,438898800000004	1,755767334	1,00121470074767	89,4567348040964
54659,99805	0,438719999999989	1,753105347	1,00132321307592	89,321105976461
54669,99805	0,439375600000005	1,757139282	1,00125745399893	89,526635858766
54679,99805	0,439554399999963	1,760595703	1,00149850960708	89,7027412747746
54689,99805	0,440806099999975	1,763768188	1,00142371542033	89,8643800886534
54699,99805	0,439703500000007	1,760193115	1,00126164551376	89,6822293269476
54709,99805	0,440806099999975	1,764744019	1,00131371290904	89,9140988943802
54719,99805	0,43952459999997	1,761944824	1,00138021707755	89,7714792887349
54729,99805	0,439703500000007	1,761967773	1,00172810880807	89,7726485453712
54739,99805	0,441223400000013	1,766366211	1,00137407032257	89,9967499363122
54749,99805	0,440388899999959	1,760717285	1,00142548563776	89,7089359046212
54759,99805	0,439941900000008	1,762615112	1,0013561861259	89,8056306108932
54769,99805	0,440776299999982	1,761610718	1,00158615837272	89,7544565139858
54779,99805	0,439643799999999	1,75773938	1,00142660277497	89,5572109848678
54789,99805	0,440686900000003	1,761534058	1,00120147512321	89,7505506699954
54799,99805	0,439941900000008	1,75613916	1,00140937165852	89,4756794212055
54809,99805	0,440448500000002	1,7614375	1,00153381094304	89,7456310184949
54819,99805	0,440359099999966	1,762238647	1,00146479146558	89,7864496357059
54829,99805	0,44062729999996	1,76647937	1,00148323473091	90,0025154124421
54839,99805	0,440537899999981	1,76261438	1,00133802289497	89,8055933153309
54849,99805	0,441342599999984	1,766824463	1,00135702422884	90,0200979772762
54859,99805	0,441521399999999	1,767508667	1,0014433688343	90,0549583227187
54869,99805	0,44062729999996	1,761677856	1,0012645328684	89,7578772099659
54879,99805	0,441104199999984	1,765326538	1,00112882219946	89,9437783665359
54889,99805	0,441551199999992	1,766482422	1,00135311274841	90,0026709125185
54899,99805	0,441521399999999	1,767599976	1,00139269861062	90,0596105365058
54909,99805	0,441014800000005	1,764749756	1,00137984503186	89,9143911958017
54919,99805	0,4397333	1,760881592	1,00128763270569	89,7173073826871
54929,99805	0,440955099999996	1,764670044	1,00141998996274	89,9103298517349
54939,99805	0,442683699999975	1,779890503	1,00181100699021	90,6858156111479
54949,99805	0,442594299999996	1,780824463	1,00143517182748	90,7334010801447
54959,99805	0,442385699999988	1,777893555	1,00157432891974	90,5840706679574
54969,99805	0,441461800000013	1,771787231	1,00124571755737	90,2729521067917
54979,99805	0,442206800000008	1,780814209	1,001792564725	90,7328786365721
54989,99805	0,443011500000011	1,781296021	1,00124199209979	90,7574270647577
54999,99805	0,443041300000004	1,784460449	1,00141877881398	90,9186553727009
55009,99805	0,44286249999999	1,781138306	1,00137723671148	90,7493914505528
55019,99805	0,442087599999979	1,778725342	1,00142986317544	90,6264503999592
55029,99805	0,442594299999996	1,780381958	1,00138263937508	90,7108553523208
55039,99805	0,44250489999996	1,778942993	1,00163366120735	90,637539766648
55049,99805	0,44229630000001	1,778783447	1,00148034737626	90,6294108625872
55059,99805	0,442922099999976	1,781166748	1,00150707865959	90,7508405767565
55069,99805	0,44250489999996	1,778475586	1,00131641424084	90,613725276405
55079,99805	0,44253470000001	1,777930664	1,0013009523417	90,585961379732
55089,99805	0,443130699999983	1,782921875	1,00137258013953	90,8402646864014
55099,99805	0,443518100000006	1,786671753	1,00167604141279	91,0313218015998
55109,99805	0,442594299999996	1,780223633	1,00161112043873	90,7027886584807
55119,99805	0,442624099999989	1,784087646	1,00148584205116	90,8996609772253
55129,99805	0,44253470000001	1,780761108	1,00145789961907	90,7301731288531
55139,99805	0,442177000000015	1,777554932	1,00127766648157	90,5668177510572
55149,99805	0,441610799999978	1,773164917	1,00129294135773	90,343145513833
55159,99805	0,441878999999972	1,77450708	1,0014065773153	90,4115290161512
55169,99805	0,442385699999988	1,780477295	1,00133271424292	90,7157127936007
55179,99805	0,442594299999996	1,780848999	1,00142641675212	90,7346511947827
55189,99805	0,442355899999995	1,779894653	1,00144979562368	90,6860270545677
55199,99805	0,443130699999983	1,785845093	1,00150884887702	90,9892032913843
55209,99805	0,442445299999974	1,780365723	1,00135814236618	90,7100281754726
55219,99805	0,443607600000007	1,789047485	1,00160851311848	91,1523658735416
55229,99805	0,443249900000012	1,785380859	1,00132554236202	90,9655504661945
55239,99805	0,442951899999969	1,78510791	1,00141486733354	90,9516436541499
55249,99805	0,442922099999976	1,784260742	1,00169755805561	90,9084802567891
55259,99805	0,442713499999968	1,781384033	1,00133597464339	90,7619112956641
55269,99805	0,443190299999969	1,784710571	1,00147596883846	90,9313991440363
55279,99805	0,44286249999999	1,782616699	1,00148491093679	90,8247159015642
55289,99805	0,44310089999999	1,785795288	1,00144392790297	90,9866657155959
55299,99805	0,442832699999997	1,783767944	1,00114270090414	90,8833720894686
55309,99805	0,44342869999997	1,788616577	1,00148518997106	91,1304110154379
55319,99805	0,442832699999997	1,784541382	1,00133252822007	90,9227789269883
55329,99805	0,442951899999969	1,785921387	1,0013970761483	90,9930904875936
55339,99805	0,442206800000008	1,779893555	1,00145585036737	90,6859711112243
55349,99805	0,442177000000015	1,777581299	1,00128949593454	90,568161155551
55359,99805	0,441789599999993	1,774479614	1,00141672956227	90,4101296173639
55369,99805	0,44250489999996	1,777912476	1,00118107661772	90,5850346971009
55379,99805	0,44250489999996	1,780454224	1,00136494220139	90,7145373210374
55389,99805	0,441104199999984	1,773403442	1,00162974972691	90,3552984154481
55399,99805	0,440388899999959	1,770629272	1,00146386035121	90,2139538390992
55409,99805	0,441968400000007	1,776372681	1,00138291840935	90,5065818005808
55419,99805	0,441700200000014	1,772026489	1,00135460293144	90,2851423549192
55429,99805	0,441014800000005	1,774003418	1,00160739498115	90,3858673256229
55439,99805	0,440210100000002	1,77054187	1,00131976765273	90,209500687828
55449,99805	0,440776299999982	1,770023071	1,00128083287048	90,1830677637948
55459,99805	0,440686900000003	1,772476196	1,00138962523313	90,3080550262394
55469,99805	0,442177000000015	1,777739746	1,0014045280636	90,5762340653182
55479,99805	0,442206800000008	1,779056152	1,00158792759002	90,6433052427778
55489,99805	0,441789599999993	1,774025513	1,00140508713227	90,3869930707699
55499,99805	0,441521399999999	1,773988647	1,00127878361878	90,3851147398991
55509,99805	0,44229630000001	1,780161743	1,00168163009923	90,6996353492638
55519,99805	0,440955099999996	1,773635864	1,00139754220555	90,3671403678606
55529,99805	0,442683699999975	1,782118408	1,00128455932819	90,7993278646762
55539,99805	0,442832699999997	1,782523804	1,00115732470034	90,8199828807255
55549,99805	0,442355899999995	1,780533936	1,00127524418404	90,7185986651042
55559,99805	0,441133999999977	1,774391113	1,0014842588567	90,4056204717991
55569,99805	0,443130699999983	1,787988892	1,00165862427349	91,0984303255719
55579,99805	0,4417598	1,778043213	1,00133383138013	90,5916957762266
55589,99805	0,441282999999999	1,777349243	1,00131110458867	90,5563378509196
55599,99805	0,440686900000003	1,772556152	1,00142213222587	90,3121288021603
55609,99805	0,441551199999992	1,776740479	1,00131427197771	90,5253211901972
55619,99805	0,442355899999995	1,781087769	1,00164763292345	90,7468165792021
55629,99805	0,441133999999977	1,770726074	1,00121227945027	90,2188859224538
55639,99805	0,441700200000014	1,774307861	1,00148956850887	90,4013787639476
55649,99805	0,440865699999961	1,767394287	1,00145715452755	90,0491306363683
55659,99805	0,441193599999963	1,769495605	1,00098417043231	90,1561932541907
55669,99805	0,44006109999998	1,767253906	1,0016260232692	90,0419781933052
55679,99805	0,440120699999966	1,768027466	1,00136140276665	90,0813912467519
55689,99805	0,440448500000002	1,767391846	1,00126425383413	90,0490062668773
55699,99805	0,439614000000006	1,767253906	1,0014818375593	90,0419781933052
55709,99805	0,440478299999995	1,763336548	1,00141402823048	89,8423879349875
55719,99805	0,439554399999963	1,76378064	1,00163599049345	89,8650145208132
55729,99805	0,439971700000001	1,764583252	1,00154880778505	89,9059077800988
55739,99805	0,440686900000003	1,765245361	1,00146833090031	89,9396423803944
55749,99805	0,441342599999984	1,770856079	1,00148882341735	90,2255097060172
55759,99805	0,440716699999996	1,767742065	1,00137164802504	90,0668500025475
55769,99805	0,441044599999998	1,76736084	1,00138748297	90,0474265043053
55779,99805	0,440895500000011	1,766575928	1,00143656899909	90,0074350639425
55789,99805	0,439941900000008	1,766435669	1,00159761477987	90,0002888368064
55799,99805	0,440865699999961	1,767334229	1,00106623051151	90,0460706679574
55809,99805	0,439405399999998	1,762572876	1,00148090544481	89,8034786773323
55819,99805	0,438898800000004	1,758209717	1,0015639896498	89,5811747592602
55829,99805	0,438988199999983	1,756143555	1,00154843473923	89,4759033474296
55839,99805	0,439315999999963	1,755711548	1,00130495683356	89,4538924950324
55849,99805	0,440359099999966	1,760522095	1,00142706883222	89,6989909308606
55859,99805	0,438570999999968	1,753979858	1,00154778265914	89,3656625057319
55869,99805	0,439614000000006	1,754384399	1,00151583473507	89,3862739593417
55879,99805	0,440448500000002	1,761722778	1,00178604492419	89,7601659958221
55889,99805	0,439464999999984	1,757956055	1,00144597715467	89,5682506241402
55899,99805	0,439375600000005	1,756319458	1,0014692630148	89,4848656442656
55909,99805	0,439852499999972	1,758068481	1,00153548814904	89,5739787537576
55919,99805	0,439852499999972	1,755182251	1,0014045280636	89,4269246955724
55929,99805	0,440388899999959	1,763944946	1,00137462839111	89,8733859479289
55939,99805	0,439226599999984	1,755796387	1,0011997979172	89,4582150608855
55949,99805	0,439882299999965	1,761381592	1,00139558596527	89,7427824935039
55959,99805	0,440865699999961	1,761933716	1,00147792507874	89,770913333673
55969,99805	0,441282999999999	1,765905518	1,00144234470851	89,9732775258572
55979,99805	0,440686900000003	1,762809937	1,00137500143693	89,8155569878229
55989,99805	0,440120699999966	1,762454834	1,00159351627647	89,7974644112702
55999,99805	0,441551199999992	1,770081665	1,00157581910277	90,1860531410812
56009,99805	0,440865699999961	1,765508545	1,00130896232554	89,9530516635247
56019,99805	0,441610799999978	1,769924438	1,00150400528209	90,1780423905844
56029,99805	0,441104199999984	1,766323242	1,00125559077007	89,9945606562389
56039,99805	0,440895500000011	1,762967041	1,0014427167542	89,8235614714424
56049,99805	0,44062729999996	1,765376099	1,00124636963747	89,9463035104703
56059,99805	0,440597499999967	1,761567871	1,00140238580047	89,7522734498395
56069,99805	0,441938600000015	1,770023193	1,00143656899909	90,1830739797218
56079,99805	0,441461800000013	1,767315918	1,00158196685788	90,0451377184491
56089,99805	0,439941900000008	1,761340942	1,00152598698204	89,7407113669944
56099,99805	0,441223400000013	1,765694092	1,00164353442005	89,9625053242982
56109,99805	0,439882299999965	1,760318481	1,0012427371913	89,6886167524329
56119,99805	0,441372399999977	1,764231812	1,00145277598975	89,888001834208
56129,99805	0,440478299999995	1,760199585	1,00141142091023	89,6825589748815
56139,99805	0,440806099999975	1,759707886	1,00146404637406	89,6575068018546
56149,99805	0,440478299999995	1,757810791	1,00153949364102	89,5608493911449
56159,99805	0,441014800000005	1,763309937	1,0012310947613	89,8410320986396
56169,99805	0,441878999999972	1,768344727	1,00145454620718	90,0975557650176
56179,99805	0,440686900000003	1,761233643	1,00125587080447	89,7352444591634
56189,99805	0,44229630000001	1,773793457	1,0016505202781	90,3751697661385
56199,99805	0,441521399999999	1,769033325	1,00135190159965	90,1326399857339
56209,99805	0,441521399999999	1,768984741	1,00145836467619	90,1301646201661
56219,99805	0,442773100000011	1,781046265	1,00166831046322	90,7447019412035
56229,99805	0,442027999999993	1,774942505	1,00140788147549	90,433714016406
56239,99805	0,442683699999975	1,776974121	1,00161028233579	90,5372253018801
56249,99805	0,442087599999979	1,773936523	1,00146190411093	90,3824590105467
56259,99805	0,441551199999992	1,768130249	1,00125102720954	90,0866280633821
56269,99805	0,44226649999996	1,775100708	1,00138832107294	90,4417744943191
56279,99805	0,442355899999995	1,775524536	1,00149320095503	90,4633686248535
56289,99805	0,441640599999971	1,771061157	1,00146292923684	90,2359584755694
56299,99805	0,441461800000013	1,771232422	1,0014096506928	90,2446844652774
56309,99805	0,441700200000014	1,77203479	1,00129480458659	90,285565292709
56319,99805	0,441610799999978	1,771950562	1,00152598698204	90,2812738574413
56329,99805	0,443369099999984	1,783319092	1,00148146451348	90,860502980588
56339,99805	0,442445299999974	1,776090942	1,00133820991794	90,492227136088
56349,99805	0,44253470000001	1,777310181	1,00150726568256	90,5543476333622
56359,99805	0,442445299999974	1,775358398	1,00140937165852	90,4549038569318
56369,99805	0,442385699999988	1,773990723	1,0015054024537	90,3852205125592
56379,99805	0,442713499999968	1,775872314	1,00120156813463	90,4810879910328
56389,99805	0,443279700000005	1,780869629	1,00154759663629	90,735702297855
56399,99805	0,44250489999996	1,777642334	1,00145119279529	90,5712709023284
56409,99805	0,443041300000004	1,784799072	1,00150866285417	90,9359082896011
56419,99805	0,443518100000006	1,786777954	1,00152291360455	91,0367327660875
56429,99805	0,441938600000015	1,773947876	1,00132777763657	90,3830374484129
56439,99805	0,442355899999995	1,776035767	1,00153138964563	90,4894159576094
56449,99805	0,441849199999979	1,773989624	1,00157516702268	90,3851645182657
56459,99805	0,443339299999991	1,782062744	1,00150083889318	90,7964917715392
56469,99805	0,442713499999968	1,779012207	1,00152226152445	90,6410662352881
56479,99805	0,443011500000011	1,781187012	1,00138170726059	90,7518730320477
56489,99805	0,44226649999996	1,776130493	1,00115946696347	90,4942422683039
56499,99805	0,443279700000005	1,783889648	1,00143023522113	90,8895729352423
56509,99805	0,442773100000011	1,784609985	1,00155896003202	90,926274265043
56519,99805	0,443756599999972	1,789419678	1,00157404988547	91,171329189382
56529,99805	0,443756599999972	1,78896228	1,00139689012545	91,1480246599073
56539,99805	0,442832699999997	1,783464966	1,00145035469235	90,8679352932185
56549,99805	0,442206800000008	1,77868457	1,00142883804952	90,6243730575228
56559,99805	0,44253470000001	1,780316406	1,00125903719339	90,7075154633923
56569,99805	0,44250489999996	1,780807983	1,00149804454996	90,7325614204922
56579,99805	0,442177000000015	1,779781372	1,00131231573743	90,6802553625108
56589,99805	0,440359099999966	1,770131592	1,00139689012545	90,1885969327967
56599,99805	0,441282999999999	1,774680298	1,00144253073136	90,4203545116421
56609,99805	0,44229630000001	1,774260498	1,00163040180701	90,3989656086004
56619,99805	0,441640599999971	1,772889771	1,00157609813705	90,3291267641514
56629,99805	0,440478299999995	1,770116455	1,00148798431429	90,1878256992918
56639,99805	0,440865699999961	1,768576294	1,00125233136973	90,1093541549906
56649,99805	0,440448500000002	1,76738501	1,00155979813497	90,0486579711622
56659,99805	0,441700200000014	1,772745361	1,00125931722778	90,3217690426453
56669,99805	0,441640599999971	1,770604614	1,00134016515809	90,2126975085342
56679,99805	0,440597499999967	1,769808838	1,00142101408853	90,1721525449636
56689,99805	0,439315999999963	1,758477783	1,00133960708955	89,5948327813726
56699,99805	0,440597499999967	1,766277588	1,00148025336472	89,9922345748204
56709,99805	0,440388899999959	1,767069214	1,00154778265914	90,0325680949712
56719,99805	0,441133999999977	1,766405273	1,00141905884837	89,9987401538697
56729,99805	0,441014800000005	1,763056519	1,00158028965188	89,8281203953737
56739,99805	0,439315999999963	1,758863159	1,00124357529425	89,6144677739848
56749,99805	0,441133999999977	1,765418945	1,00149674038977	89,9484865236664
56759,99805	0,441044599999998	1,767933594	1,00138729594703	90,0766084475468
56769,99805	0,4397333	1,762789063	1,00145938980211	89,8144934528965
56779,99805	0,439226599999984	1,758662476	1,00142613771785	89,6042429306568
56789,99805	0,439107400000012	1,758703979	1,0015516951397	89,6063575177052
56799,99805	0,438869000000011	1,755282471	1,00135041141661	89,4320309267845
56809,99805	0,440895500000011	1,76487439	1,0010093195213	89,9207413257248
56819,99805	0,439464999999984	1,758821777	1,00147652790713	89,6123593519132
56829,99805	0,440031299999987	1,762898193	1,00145007565808	89,8200536505834
56839,99805	0,440388899999959	1,760303223	1,00145156584111	89,6878393539512
56849,99805	0,440210100000002	1,76030127	1,00136615235002	89,6877398481683
56859,99805	0,441133999999977	1,765231323	1,00156147534097	89,9389271411831
56869,99805	0,44062729999996	1,761559448	1,00155672475747	89,7518442961227
56879,99805	0,438481599999989	1,749678711	1,0013445436959	89,1465181128038
56889,99805	0,438809399999968	1,753311279	1,00126704817735	89,3315982575024
56899,99805	0,440299499999981	1,757790649	1,00137537348263	89,5598231517807
56909,99805	0,4397333	1,760637329	1,00135795634333	89,7048621287003
56919,99805	0,439941900000008	1,761346069	1,00148360677661	89,7409725887808
56929,99805	0,439196799999991	1,75372583	1,00152207550161	89,3527197228308
56939,99805	0,439464999999984	1,757962402	1,00168731179709	89,5685740051969
56949,99805	0,438898800000004	1,754279175	1,00154126285833	89,3809127732206
56959,99805	0,440776299999982	1,761882202	1,00165713409045	89,7682886839558
56969,99805	0,440865699999961	1,763367432	1,00128819177436	89,8439614816324
56979,99805	0,439792899999986	1,758927124	1,00143899129662	89,6177268049116
56989,99805	0,43952459999997	1,758235596	1,00161307667901	89,5824933000459
56999,99805	0,440716699999996	1,761351074	1,00138450160381	89,74122759464
57009,99805	0,439852499999972	1,76044751	1,001337371815	89,69519080858
57019,99805	0,438570999999968	1,75261377	1,00132200292728	89,2960600193611
57029,99805	0,439882299999965	1,760740723	1,00139409578223	89,7101300759158
57039,99805	0,439107400000012	1,755883301	1,0013878550157	89,4626433484486
57049,99805	0,440776299999982	1,762026367	1,00152393773034	89,7756339226576
57059,99805	0,43863060000001	1,754364258	1,00125307646125	89,3852477709278
57069,99805	0,440686900000003	1,763750488	1,00150484338504	89,8634782697305
57079,99805	0,440120699999966	1,757394531	1,00141421525345	89,5396408518877
57089,99805	0,439196799999991	1,755138794	1,00126919044048	89,4247105517909
57099,99805	0,43863060000001	1,750266479	1,00151648681516	89,1764650226728
57109,99805	0,440388899999959	1,758891113	1,0014478393834	89,6158920364804
57119,99805	0,441193599999963	1,764793335	1,00141514636782	89,9166115555103
57129,99805	0,440865699999961	1,760764771	1,00149217582912	89,7113553268457
57139,99805	0,440299499999981	1,758481934	1,00137202107086	89,5950442757426
57149,99805	0,439792899999986	1,758457642	1,00144439296009	89,5938065929587
57159,99805	0,441133999999977	1,763261963	1,0014260437063	89,838587812707
57169,99805	0,439464999999984	1,757153076	1,00149543622958	89,5273386661232
57179,99805	0,440269699999988	1,760110352	1,00127962272185	89,6780125337545
57189,99805	0,440388899999959	1,759264404	1,0015183490439	89,6349112956641
57199,99805	0,440478299999995	1,760639404	1,00171208884038	89,7049678504102
57209,99805	0,439137200000005	1,755100098	1,00142846600383	89,4227389820146
57219,99805	0,442206800000008	1,771716309	1,00149925469859	90,269338615173
57229,99805	0,441610799999978	1,767081665	1,00175148867975	90,0332024761808
57239,99805	0,440210100000002	1,757768311	1,00157134855367	89,5586850257299
57249,99805	0,440537899999981	1,762718628	1,00122513302904	89,8109047740358
57259,99805	0,441014800000005	1,762952515	1,00148602907413	89,822821368523
57269,99805	0,4397333	1,759265747	1,00156957833624	89,6349797218118
57279,99805	0,440776299999982	1,760565918	1,00148230261642	89,7012237224232
57289,99805	0,439852499999972	1,759394775	1,00159863890566	89,6415537270087
57299,99805	0,439971700000001	1,758384033	1,00122317678876	89,5900561980945
57309,99805	0,44062729999996	1,759504517	1,00152654605071	89,6471451062312
57319,99805	0,439971700000001	1,756167725	1,00162593025778	89,4771348142864
57329,99805	0,440686900000003	1,758605103	1,00131846349254	89,601319763591
57339,99805	0,439614000000006	1,758082153	1,00155039097951	89,5746753451877
57349,99805	0,440686900000003	1,759813721	1,0014941320694	89,6628991185612
57359,99805	0,440895500000011	1,75992688	1,00137062389925	89,668664594691
57369,99805	0,44062729999996	1,759120361	1,00129452555232	89,6275722728894
57379,99805	0,4417598	1,766941162	1,0012215935943	90,0260438171906
57389,99805	0,440448500000002	1,761580078	1,00142846600383	89,752895399195
57399,99805	0,441461800000013	1,766187622	1,00128027380182	89,9876507871809
57409,99805	0,44006109999998	1,759850952	1,0013299198997	89,6647960462628
57419,99805	0,441461800000013	1,764557739	1,00134808313064	89,9046078870943
57429,99805	0,441193599999963	1,763666382	1,00129722688411	89,8591930503898
57439,99805	0,44226649999996	1,771936523	1,00158187384646	90,2805585672798
57449,99805	0,441700200000014	1,769150879	1,0015302715083	90,1386293880878
57459,99805	0,442594299999996	1,776212036	1,00145966883638	90,4983969022265
57469,99805	0,442951899999969	1,777455933	1,00159379631086	90,5617737300657
57479,99805	0,4417598	1,76915564	1,00144942357798	90,138871962093
57489,99805	0,442177000000015	1,77267749	1,00149217582912	90,3183110001529
57499,99805	0,443011500000011	1,777342773	1,00150521643086	90,5560082029857
57509,99805	0,441849199999979	1,768391846	1,00136643238442	90,0999564885107
57519,99805	0,442355899999995	1,777024292	1,00140303788057	90,5397815254496
57529,99805	0,442713499999968	1,777633057	1,00132200292728	90,5707982371223
57539,99805	0,442773100000011	1,776945313	1,00169439066657	90,5357575278952
57549,99805	0,44310089999999	1,778349121	1,00128223004209	90,6072818566261
57559,99805	0,443339299999991	1,781221924	1,0011057233623	90,7536518061854
57569,99805	0,441878999999972	1,770448242	1,00136130975522	90,2047303204769
57579,99805	0,441968400000007	1,774008545	1,00151965320408	90,3861285474092
57589,99805	0,442922099999976	1,777955811	1,0013227480188	90,5872426249554
57599,99805	0,44286249999999	1,78060022	1,00158233890358	90,721975849595
57609,99805	0,442027999999993	1,773197144	1,00134910725643	90,3447874866256
57619,99805	0,442385699999988	1,77589978	1,0014692630148	90,4824873898202
57629,99805	0,441849199999979	1,772127075	1,00145100677244	90,2902672339125
57639,99805	0,441193599999963	1,770915771	1,00151508964355	90,228551026647
57649,99805	0,442385699999988	1,77476123	1,00136540725851	90,4244780149794
57659,99805	0,441223400000013	1,767396973	1,00135087747386	90,0492674886636
57669,99805	0,44310089999999	1,779886353	1,00166849748619	90,6856041677281
57679,99805	0,441193599999963	1,770107422	1,0015905359104	90,1873654659398
57689,99805	0,441700200000014	1,77124231	1,00137583953987	90,2451882610689
57699,99805	0,442385699999988	1,775390991	1,00147494471267	90,4565644775055
57709,99805	0,440537899999981	1,766674805	1,0012958297125	90,012472869007
57719,99805	0,440388899999959	1,767061035	1,00126732721162	90,0321513731085
57729,99805	0,440537899999981	1,768072266	1,00132675251066	90,0836738166811
57739,99805	0,442027999999993	1,7720979	1,00132498329335	90,2887807611963
57749,99805	0,441610799999978	1,771738037	1,00139763521697	90,2704456615886
57759,99805	0,441551199999992	1,7691875	1,00147494471267	90,1404952361543
57769,99805	0,439792899999986	1,763165771	1,00143358863302	89,8336868089876
57779,99805	0,441104199999984	1,769696289	1,00141309711611	90,1664181484689
57789,99805	0,439941900000008	1,759699585	1,00147662091855	89,6570838640648
57799,99805	0,440359099999966	1,762125854	1,00151192225451	89,7807028073572
57809,99805	0,43952459999997	1,759306885	1,00143936334232	89,6370757120294
57819,99805	0,44226649999996	1,771598755	1,00159267817352	90,2633492128191
57829,99805	0,441849199999979	1,770097778	1,00136317198395	90,1868741020023
57839,99805	0,442355899999995	1,773797119	1,00152049230715	90,3753563458501
57849,99805	0,440210100000002	1,764138184	1,00140909162413	89,8832314668569
57859,99805	0,440865699999961	1,764862671	1,00130868329127	89,9201442400774
57869,99805	0,44226649999996	1,770872925	1,00145948281353	90,2263680134509
57879,99805	0,442087599999979	1,770093994	1,0010938008979	90,1866813063637
57889,99805	0,440448500000002	1,763708862	1,00141095485298	89,8613574158048
57899,99805	0,442117399999972	1,769994751	1,00150819679693	90,1816248535181
57909,99805	0,44229630000001	1,77427063	1,00135199461107	90,399481836246
57919,99805	0,441223400000013	1,766441772	1,00122280474306	90,0005997860091
57929,99805	0,441640599999971	1,766520752	1,00134705800472	90,0046238345137
57939,99805	0,441849199999979	1,768182617	1,00141896483683	90,0892962245886
57949,99805	0,440031299999987	1,760746582	1,00126462587983	89,7104285932644
57959,99805	0,441372399999977	1,76522522	1,00158317800665	89,9386161919804
57969,99805	0,439882299999965	1,759775757	1,00136102972083	89,6609648443471
57979,99805	0,441372399999977	1,762808228	1,00134584785608	89,8154699138941
57989,99805	0,440478299999995	1,762509521	1,00140732240682	89,8002507260407
57999,99805	0,439405399999998	1,752966187	1,0013732312195	89,3140157436185
58009,99805	0,441878999999972	1,765187744	1,00138114919204	89,9367067814745
58019,99805	0,441431999999963	1,762724731	1,00138245335223	89,8112157232384
58029,99805	0,439643799999999	1,756650879	1,00146348830551	89,5017516176695
58039,99805	0,439941900000008	1,758718628	1,00140015052592	89,6071038875019
58049,99805	0,440478299999995	1,759791626	1,00146330128254	89,6617733734142
58059,99805	0,440269699999988	1,759595581	1,00146777283177	89,651784837214
58069,99805	0,441610799999978	1,763821533	1,00139521391957	89,8670980282264
58079,99805	0,439315999999963	1,754571289	1,00146311525969	89,3957960462628
58089,99805	0,440537899999981	1,758671631	1,00125605682732	89,6047093799358
58099,99805	0,441193599999963	1,762646362	1,00144001542241	89,8072228053192
58109,99805	0,440299499999981	1,761857422	1,00148230261642	89,7670261374637
58119,99805	0,441431999999963	1,76430835	1,00128176498497	89,8919014622714
58129,99805	0,439226599999984	1,756147339	1,00160553175229	89,4760961430682
58139,99805	0,441133999999977	1,763732788	1,00138235934068	89,8625764508076
58149,99805	0,441372399999977	1,76529248	1,00131278179468	89,9420431038875
58159,99805	0,439464999999984	1,757295288	1,00123873169932	89,5345843990421
58169,99805	0,439226599999984	1,755778809	1,00143573089615	89,4573194578896
58179,99805	0,441104199999984	1,763650879	1,00143284354151	89,8584031691038
58189,99805	0,439852499999972	1,75913855	1,00140862656701	89,6284990064707
58199,99805	0,441968400000007	1,767563721	1,00119374417364	90,0577633362205
58209,99805	0,44226649999996	1,771497559	1,00138291840935	90,2581932541907
58219,99805	0,441700200000014	1,764960693	1,00144998164653	89,9251384827024
58229,99805	0,439375600000005	1,755272705	1,00135469594287	89,4315333469201
58239,99805	0,439792899999986	1,75617627	1,00145687449316	89,4775701839303
58249,99805	0,439882299999965	1,757588501	1,00144644221179	89,549523666378
58259,99805	0,440686900000003	1,758726929	1,0015013039503	89,6075268252917
58269,99805	0,439137200000005	1,751538452	1,001435916919	89,2412723289346
58279,99805	0,439614000000006	1,755219482	1,00137742273433	89,4288216232741
58289,99805	0,439614000000006	1,753212891	1,00153828249226	89,3265853670963
58299,99805	0,43928619999997	1,753230835	1,00150642757962	89,3274996178733
58309,99805	0,440359099999966	1,752878906	1,00116887411892	89,3095687573241
58319,99805	0,440120699999966	1,756626343	1,00146218414533	89,5005015030315
58329,99805	0,439315999999963	1,7523927	1,00133942006658	89,2847964538646
58339,99805	0,440388899999959	1,753708618	1,00169625389543	89,351842767616
58349,99805	0,44062729999996	1,761938354	1,00150167699612	89,7711496408009
58359,99805	0,441610799999978	1,763679688	1,00128716664844	89,8598709940388
58369,99805	0,440210100000002	1,758741333	1,00139083538177	89,6082607122841
58379,99805	0,44006109999998	1,756357788	1,00127058761209	89,4868185662608
58389,99805	0,440895500000011	1,758769531	1,00146805186604	89,6096974066337
58399,99805	0,440150500000016	1,758335327	1,00170212161614	89,5875746165996
58409,99805	0,440210100000002	1,756032471	1,00142567166061	89,4702435930096
58419,99805	0,441640599999971	1,761641602	1,00148304770794	89,7560300606308
58429,99805	0,440955099999996	1,758553345	1,00168908201452	89,5986826820197
58439,99805	0,44226649999996	1,767440674	1,00147159130078	90,0514940642992
58449,99805	0,4397333	1,756382324	1,00137677065424	89,4880686808988
58459,99805	0,442177000000015	1,766790283	1,00152980645118	90,0183564987008
58469,99805	0,441372399999977	1,760970459	1,00147038015202	89,721835176033
58479,99805	0,440388899999959	1,760183472	1,00130197646749	89,6817380139604
58489,99805	0,439703500000007	1,755414063	1,00155570063168	89,4387355683497
58499,99805	0,439882299999965	1,754370972	1,00129117214043	89,3855898507158
58509,99805	0,441193599999963	1,758915894	1,00145352108127	89,6171546339227
58519,99805	0,4417598	1,764364136	1,00127449909252	89,8947437713354
58529,99805	0,441551199999992	1,762371216	1,00118014450323	89,7932040556376
58539,99805	0,442087599999979	1,765392212	1,00120398943203	89,9471244713914
58549,99805	0,443130699999983	1,772748535	1,00146125203084	90,3219307586488
58559,99805	0,442177000000015	1,766534668	1,00144960960083	90,0053328577979
58569,99805	0,442594299999996	1,76805127	1,00137043687628	90,0826040658277
58579,99805	0,443041300000004	1,772223389	1,00143889828519	90,2951744535589
58589,99805	0,443130699999983	1,777988525	1,00150251509906	90,5889094105059
58599,99805	0,442713499999968	1,771615967	1,00145603639022	90,2642261680338
58609,99805	0,442027999999993	1,767813232	1,0013561861259	90,0704759769705
58619,99805	0,442087599999979	1,768350464	1,00126080741082	90,0978480664391
58629,99805	0,442445299999974	1,7713396	1,00131352688619	90,2501452081317
58639,99805	0,442951899999969	1,772114624	1,0012600623193	90,2896328527029
58649,99805	0,441521399999999	1,763417358	1,00141766167676	89,8465052223977
58659,99805	0,442385699999988	1,768091675	1,00130216349046	90,0846627095328
58669,99805	0,442177000000015	1,767014648	1,00135739727466	90,0297879451776
58679,99805	0,44253470000001	1,769802979	1,00154498831592	90,171854027615
58689,99805	0,442445299999974	1,770234253	1,00152393773034	90,1938275334998
58699,99805	0,442832699999997	1,771679321	1,00150950095711	90,2674540683752
58709,99805	0,443279700000005	1,774638306	1,00139139445044	90,4182150099353
58719,99805	0,443339299999991	1,775558472	1,00158122176637	90,4650976715749
58729,99805	0,442683699999975	1,770107178	1,00128856382005	90,1873530340857
58739,99805	0,442922099999976	1,772397583	1,00151583473507	90,3040496764661
58749,99805	0,44253470000001	1,770844604	1,00130775117678	90,224925052224
58759,99805	0,442922099999976	1,770315918	1,00160273740907	90,1979883833495
58769,99805	0,443249900000012	1,773391357	1,00140499412084	90,3546826820197
58779,99805	0,442355899999995	1,769434204	1,00137602556272	90,1530648596321
58789,99805	0,442832699999997	1,770332642	1,00137006483058	90,1988404748561
58799,99805	0,442385699999988	1,770784668	1,00141700959667	90,2218712997401
58809,99805	0,443011500000011	1,77440564	1,00142650976355	90,4063606256687
58819,99805	0,443577800000014	1,777197144	1,00147662091855	90,5485883731594
58829,99805	0,44286249999999	1,775503296	1,00120603868373	90,462286442146
58839,99805	0,442922099999976	1,773734131	1,00132470425908	90,3721470932899
58849,99805	0,444114200000001	1,782846558	1,00117912037744	90,8364272685586
58859,99805	0,443577800000014	1,778622559	1,00132489028193	90,6212135833291
58869,99805	0,443190299999969	1,777123535	1,00154321909861	90,5448379782952
58879,99805	0,44310089999999	1,775731812	1,00136494220139	90,4739293829928
58889,99805	0,444024799999966	1,784842529	1,00175735640047	90,9381224333826
58899,99805	0,44310089999999	1,777874268	1,00153967966387	90,5830879910328
58909,99805	0,443369099999984	1,776700806	1,00121693702235	90,5232998420543
58919,99805	0,443458499999963	1,780095337	1,00148146451348	90,696251948846
58929,99805	0,443190299999969	1,780791138	1,00152198249018	90,7317031640088
58939,99805	0,443130699999983	1,781117065	1,00153614022913	90,7483092168951
58949,99805	0,44253470000001	1,775453369	1,00142585768345	90,4597426504305
58959,99805	0,442683699999975	1,774354492	1,001252610404	90,4037546237326
58969,99805	0,443130699999983	1,777573364	1,00132218895013	90,5677568655424
58979,99805	0,443875800000001	1,781843384	1,00126620907429	90,7853153309217
58989,99805	0,44310089999999	1,777463745	1,00133802289497	90,5621717531971
58999,99805	0,444591000000003	1,78934314	1,00157526003411	91,1674295613186
59009,99805	0,443577800000014	1,782853149	1,00164437252299	90,8367630814694
59019,99805	0,44342869999997	1,783589844	1,00137239311656	90,8742978549957
59029,99805	0,443130699999983	1,781743774	1,00138189428356	90,7802401793448
59039,99805	0,443041300000004	1,777726318	1,00138776200427	90,5755499057421
59049,99805	0,443279700000005	1,781267822	1,00158420213244	90,7559903194579
59059,99805	0,44286249999999	1,778250366	1,0014597618478	90,6022502674887
59069,99805	0,442624099999989	1,776616821	1,00130458478786	90,5190207876904
59079,99805	0,443130699999983	1,77836499	1,00114996579647	90,6080903856932
59089,99805	0,44286249999999	1,776289795	1,00114568127021	90,5023587405105
59099,99805	0,443339299999991	1,780350464	1,00149087166893	90,7092507260407
59109,99805	0,443041300000004	1,779399414	1,00158084872055	90,6607945177562
59119,99805	0,443279700000005	1,781134644	1,00148342075376	90,7492048708412
59129,99805	0,443696999999986	1,783493408	1,00138645784409	90,8693844194222
59139,99805	0,441849199999979	1,773548706	1,00151667283801	90,3626996484435
59149,99805	0,440865699999961	1,769282959	1,00127030757769	90,1453588933612
59159,99805	0,442117399999972	1,772507568	1,00133122405989	90,3096534365925
59169,99805	0,442385699999988	1,774404785	1,00143740810216	90,4063170632292
59179,99805	0,441342599999984	1,770310669	1,0013486421993	90,1977209456361
59189,99805	0,442385699999988	1,773233032	1,00141579844791	90,3466159881796
59199,99805	0,443041300000004	1,778624023	1,00126779326887	90,6212881744536
59209,99805	0,44342869999997	1,780690796	1,00128865683148	90,7265907168696
59219,99805	0,44062729999996	1,769012451	1,00170119050177	90,1315764508076
59229,99805	0,440895500000011	1,768620239	1,0013326212315	90,1115931624803
59239,99805	0,440150500000016	1,762971191	1,00134510176444	89,8237729148622
59249,99805	0,441282999999999	1,767634644	1,00132768462515	90,0613768787894
59259,99805	0,442922099999976	1,775286499	1,00139856633134	90,4512405869466
59269,99805	0,440299499999981	1,76310791	1,00146898298041	89,8307387782137
59279,99805	0,44006109999998	1,760234619	1,00118899359014	89,6843439649463
59289,99805	0,439792899999986	1,758836792	1,00142008297416	89,613124369491
59299,99805	0,441610799999978	1,765164795	1,00149394604655	89,9355375248382
59309,99805	0,441104199999984	1,761051514	1,00165759914758	89,7259649462475
59319,99805	0,439971700000001	1,761367432	1,001435916919	89,7420610383655
59329,99805	0,44062729999996	1,765189819	1,00134808313064	89,9368125031844
59339,99805	0,441461800000013	1,76690686	1,00142483355766	90,0242961226881
59349,99805	0,441431999999963	1,765984741	1,00147298847239	89,9773139552657
59359,99805	0,440448500000002	1,766095093	1,00132377214459	89,9829364141234
59369,99805	0,441849199999979	1,768421509	1,00156995138206	90,101467824935
59379,99805	0,439792899999986	1,75705542	1,00133206216283	89,5223630712794
59389,99805	0,440478299999995	1,758274292	1,00130644801672	89,5844648698222
59399,99805	0,441789599999993	1,766037109	1,00132833670524	89,9799821164722
59409,99805	0,438988199999983	1,75149707	1,00148640111983	89,239163906863
59419,99805	0,439792899999986	1,756590088	1,00143498580463	89,4986543027462
59429,99805	0,439852499999972	1,758031494	1,00157153457652	89,57209425791
59439,99805	0,439315999999963	1,754346313	1,00137146200219	89,3843334692006
59449,99805	0,440806099999975	1,761660889	1,00131203670316	89,7570127375554
59459,99805	0,441700200000014	1,765141113	1,00136773654461	89,9343309216895
59469,99805	0,442027999999993	1,766733154	1,00142967715259	90,0154457634891
59479,99805	0,442624099999989	1,77128833	1,00132023270985	90,2475329902685
59489,99805	0,441431999999963	1,764430054	1,001356838206	89,898102308045
59499,99805	0,441700200000014	1,764061768	1,00153949364102	89,8793380547205
59509,99805	0,441461800000013	1,76447937	1,00147056717499	89,9006149691751
59519,99805	0,441461800000013	1,762675415	1,00138040410052	89,8087030621083
59529,99805	0,441282999999999	1,760883057	1,00133597464339	89,7173820247618
59539,99805	0,440806099999975	1,764886597	1,00143573089615	89,9213632750803
59549,99805	0,442027999999993	1,768439697	1,00139102240474	90,1023945075661
59559,99805	0,442594299999996	1,771540161	1,00151248132318	90,2603638355327
59569,99805	0,439703500000007	1,75669165	1,00141840676828	89,5038289091558
59579,99805	0,442594299999996	1,771906982	1,00136689744154	90,2790534467825
59589,99805	0,442355899999995	1,772094116	1,00150316717915	90,2885879655577
59599,99805	0,441878999999972	1,767563721	1,00138170726059	90,0577633362205
59609,99805	0,442087599999979	1,769431519	1,00156464172989	90,1529280582871
59619,99805	0,440299499999981	1,760336182	1,00142380843175	89,689518622306
59629,99805	0,441133999999977	1,762310669	1,0015159277465	89,7901191725684
59639,99805	0,440388899999959	1,760301758	1,00122401589182	89,6877647118765
59649,99805	0,441044599999998	1,760367798	1,00136531424708	89,6911294645132
59659,99805	0,440806099999975	1,761701294	1,00163319615023	89,7590713812605
59669,99805	0,441133999999977	1,761273193	1,00136727048736	89,737259540429
59679,99805	0,442683699999975	1,77040332	1,00153809646941	90,2024415346207
59689,99805	0,440895500000011	1,763398071	1,00130719310823	89,8455225454731
59699,99805	0,4417598	1,764763916	1,0014236224089	89,91511265094
59709,99805	0,442177000000015	1,76800708	1,00137779578015	90,0803525755337
59719,99805	0,4417598	1,76445105	1,00117399774824	89,8991720588985
59729,99805	0,442594299999996	1,771592529	1,0014795082732	90,2630319967392
59739,99805	0,443696999999986	1,780535156	1,00146842491186	90,7186608243746
59749,99805	0,442445299999974	1,770255859	1,00131538911493	90,1949283639884
59759,99805	0,442713499999968	1,772362549	1,0014402954568	90,3022646864014
59769,99805	0,442445299999974	1,770638306	1,00148342075376	90,2144141234014
59779,99805	0,443011500000011	1,773149048	1,00135227464547	90,3423369847659
59789,99805	0,44226649999996	1,770991943	1,00138943821016	90,2324320069292
59799,99805	0,44226649999996	1,768116943	1,00130225650189	90,085950119733
59809,99805	0,442445299999974	1,770962158	1,00154806269354	90,2309144545779
59819,99805	0,442087599999979	1,765875732	1,00136512822423	89,9717599225557
59829,99805	0,44286249999999	1,773848389	1,00135674519457	90,3779685637133
59839,99805	0,442177000000015	1,768217407	1,00142846600383	90,0910687827992
59849,99805	0,443667199999993	1,776676514	1,00132889477379	90,5220621592704
59859,99805	0,443935399999987	1,780515747	1,00150922192284	90,7176719315229
59869,99805	0,443518100000006	1,780597534	1,00138701691276	90,7218389972996
59879,99805	0,442683699999975	1,774153687	1,00160087518034	90,3935235644775
59889,99805	0,44453139999996	1,788804199	1,00145929679068	91,1399703979212
59899,99805	0,443786399999965	1,784502686	1,00140219977762	90,920807357212
59909,99805	0,443667199999993	1,781541016	1,00157255870231	90,7699096143068
59919,99805	0,442355899999995	1,773966553	1,00147596883846	90,3839890457024
59929,99805	0,44342869999997	1,776696777	1,00136885368182	90,5230945636114
59939,99805	0,443846000000008	1,779874023	1,00143628996482	90,6849759514954
59949,99805	0,443696999999986	1,78320105	1,00148584205116	90,8544887145259
59959,99805	0,443190299999969	1,778400391	1,001136740172	90,6098940744892
59969,99805	0,44420359999998	1,78481604	1,00142762790089	90,9367728129617
59979,99805	0,443875800000001	1,78276355	1,00141468031057	90,8321979925613
59989,99805	0,444739999999967	1,789204224	1,00142073505426	91,1603517603302
59999,99805	0,443756599999972	1,786337402	1,00168861595728	91,0142865440465
60009,99805	0,443041300000004	1,778724487	1,0014696350605	90,6264068375198
60019,99805	0,443458499999963	1,779315674	1,00136447614414	90,6565279461966
60029,99805	0,444352600000002	1,788095581	1,00138422256954	91,1038661537678
60039,99805	0,443935399999987	1,783515991	1,0013752804712	90,8705350282774
60049,99805	0,443846000000008	1,786512573	1,00142576467203	91,0232115453202
60059,99805	0,44310089999999	1,780344238	1,00149590228683	90,7089335099608
60069,99805	0,443696999999986	1,78652356	1,00122466697179	91,0237713354053
60079,99805	0,444739999999967	1,794136353	1,00136298596111	91,411644826005
60089,99805	0,44506789999997	1,796142822	1,0012072498325	91,5138748662557
60099,99805	0,444114200000001	1,789972534	1,00134687198187	91,1994973251134
60109,99805	0,443518100000006	1,784654053	1,0011466133847	90,92851953941
60119,99805	0,444263199999966	1,789958374	1,00145603639022	91,198775869975
60129,99805	0,443011500000011	1,779593872	1,00145501226443	90,6707021959545
60139,99805	0,442385699999988	1,781313477	1,00167008068065	90,7583164518266
60149,99805	0,442773100000011	1,781949341	1,00140909162413	90,7907138635553
60159,99805	0,443577800000014	1,785537231	1,00177663676862	90,9735176542518
60169,99805	0,443458499999963	1,784500854	1,00144532507458	90,920714016406
60179,99805	0,442951899999969	1,77985022	1,00147457166685	90,6837631833698
60189,99805	0,441610799999978	1,773931519	1,00153483606895	90,3822040556376
60199,99805	0,442206800000008	1,777300415	1,00127608228698	90,5538500534977
60209,99805	0,442594299999996	1,775846191	1,00132116382422	90,479757018393
60219,99805	0,443041300000004	1,78134021	1,00131809044672	90,7596785041015
60229,99805	0,441700200000014	1,774838501	1,00126900341751	90,4284149895552
60239,99805	0,441610799999978	1,775992188	1,00112127827286	90,4871955979009
60249,99805	0,442117399999972	1,776491821	1,00147103223211	90,5126520099863
60259,99805	0,440895500000011	1,768741943	1,00140629728091	90,1177940082539
60269,99805	0,442594299999996	1,774522827	1,0012090190498	90,4123313292913
60279,99805	0,441968400000007	1,769817505	1,0011006927444	90,1725941305345
60289,99805	0,442027999999993	1,773933594	1,00148146451348	90,3823097773475
60299,99805	0,442177000000015	1,77161438	1,00164213724844	90,2641453100321
60309,99805	0,441878999999972	1,769769043	1,00129983420436	90,1701249808937
60319,99805	0,440478299999995	1,765027466	1,0012863285455	89,9285405818515
60329,99805	0,440388899999959	1,763903442	1,00138431558096	89,8712713099302
60339,99805	0,440537899999981	1,765235352	1,00168954807177	89,939132419626
60349,99805	0,440269699999988	1,76027478	1,00120790191259	89,6863901767973
60359,99805	0,441223400000013	1,765457153	1,00148360677661	89,9504332297346
60369,99805	0,441551199999992	1,765404663	1,00125941023921	89,947758852601
60379,99805	0,439703500000007	1,758428589	1,00141393521905	89,5923263361696
60389,99805	0,439852499999972	1,75876709	1,00133383138013	89,6095730371427
60399,99805	0,441372399999977	1,764526001	1,00129173120909	89,9029908289601
60409,99805	0,439315999999963	1,75561792	1,00137872689452	89,4491221276812
60419,99805	0,440299499999981	1,758817627	1,00110050672155	89,6121479084934
60429,99805	0,440478299999995	1,757371704	1,00153176269146	89,5384778111785
60439,99805	0,440120699999966	1,760317261	1,00153753740075	89,6885545931625
60449,99805	0,440716699999996	1,762572998	1,00157144156509	89,8034848932593
60459,99805	0,440806099999975	1,761627808	1,00122923153244	89,7553272532736
60469,99805	0,441223400000013	1,762911621	1,00147177732363	89,8207378101595
60479,99805	0,440895500000011	1,760076782	1,00105458708138	89,6763021348143
60489,99805	0,441014800000005	1,761166992	1,0014092786471	89,7318485759413
60499,99805	0,441223400000013	1,764093628	1,00126732721162	89,8809613287818
60509,99805	0,442027999999993	1,76765564	1,00158438815529	90,0624466296428
60519,99805	0,440359099999966	1,760766602	1,00123575133325	89,7114486167015
60529,99805	0,440806099999975	1,760128906	1,00155821494051	89,6789578641667
60539,99805	0,440597499999967	1,762122192	1,00141877881398	89,7805162276456
60549,99805	0,441044599999998	1,76080896	1,00146684071728	89,7136067661894
60559,99805	0,440448500000002	1,76017627	1,00121349059903	89,6813710704642
60569,99805	0,439792899999986	1,757924438	1,00129741290696	89,5666397309828
60579,99805	0,440210100000002	1,761784302	1,00145184487538	89,7633006572579
60589,99805	0,441342599999984	1,764845337	1,00133150309416	89,9192610689357
60599,99805	0,441431999999963	1,765667603	1,00119150789896	89,9611557038773
60609,99805	0,441938600000015	1,768492554	1,00132162988146	90,105087583431
60619,99805	0,440359099999966	1,762971436	1,00142026899701	89,8237853976665
60629,99805	0,442594299999996	1,77358728	1,00146087998514	90,3646650022928
60639,99805	0,441223400000013	1,763525024	1,00140154769753	89,8519908289601
60649,99805	0,440597499999967	1,761255249	1,00130495683356	89,736345289652
60659,99805	0,440120699999966	1,760190674	1,00134063121534	89,6821049574566
60669,99805	0,439137200000005	1,753866821	1,00154703756762	89,3599032455291
60679,99805	0,440537899999981	1,760177734	1,00131743836663	89,6814456615886
60689,99805	0,440597499999967	1,76011731	1,00159072193325	89,6783670453967
60699,99805	0,4417598	1,764655518	1,00155393041425	89,9095897488154
60709,99805	0,441104199999984	1,763128174	1,00136578030433	89,8317712335049
60719,99805	0,440686900000003	1,760667725	1,0013346704832	89,706410811637
60729,99805	0,440865699999961	1,759006104	1,00148817133726	89,6217508534162
60739,99805	0,442087599999979	1,765366211	1,00150922192284	89,9457997146788
60749,99805	0,441640599999971	1,765177002	1,00128735267129	89,9361594741937
60759,99805	0,441014800000005	1,764026611	1,00140871957843	89,8775467977786
60769,99805	0,441104199999984	1,762019531	1,00143163239275	89,7752856269425
60779,99805	0,44253470000001	1,769675293	1,00128278911076	90,1653483976155
60789,99805	0,4417598	1,765183228	1,0013227480188	89,9364766902736
60799,99805	0,441014800000005	1,761825562	1,00162052859431	89,7654028634025
60809,99805	0,442027999999993	1,766568848	1,00152831626814	90,0070743363734
60819,99805	0,441878999999972	1,765123413	1,0013204187327	89,9334291027666
60829,99805	0,440716699999996	1,761285767	1,00153306585152	89,7379001885158
60839,99805	0,44062729999996	1,760432007	1,00148584205116	89,694400927294
60849,99805	0,440299499999981	1,760583618	1,00127179776073	89,7021255413461
60859,99805	0,440537899999981	1,757446899	1,00163720064209	89,5423090130942
60869,99805	0,441968400000007	1,76697937	1,00145184487538	90,0279905232588
60879,99805	0,44229630000001	1,770276123	1,00125372854134	90,1959608192796
60889,99805	0,441014800000005	1,764147583	1,00146898298041	89,88371034799
60899,99805	0,440597499999967	1,762117798	1,00137546749418	89,7802923523717
60909,99805	0,440448500000002	1,761733521	1,00127356797816	89,7607133540531
60919,99805	0,442087599999979	1,766648926	1,00130933537136	90,0111543282213
60929,99805	0,441461800000013	1,767588623	1,00152067833	90,0590320986396
60939,99805	0,442177000000015	1,767307007	1,0012427371913	90,0446837010241
60949,99805	0,440448500000002	1,761689697	1,00150549546513	89,7584805115402
60959,99805	0,442206800000008	1,767958862	1,00141225901317	90,077895857747
60969,99805	0,441431999999963	1,764959473	1,00158280496083	89,925076323432
60979,99805	0,442355899999995	1,769651367	1,00135301973698	90,1641293626127
60989,99805	0,443041300000004	1,776393311	1,001252610404	90,5076329036531
60999,99805	0,442594299999996	1,7724021	1,00124404135149	90,3042798186172
61009,99805	0,443369099999984	1,779298218	1,0013735112539	90,6556385591277
61019,99805	0,442445299999974	1,775624268	1,00130318761625	90,4684499923575
61029,99805	0,443667199999993	1,781305298	1,00146497848855	90,7578997299638
61039,99805	0,443875800000001	1,782231445	1,00134715101615	90,805087124879
61049,99805	0,443190299999969	1,777393799	1,00151387849479	90,5586079889948
61059,99805	0,443339299999991	1,778801636	1,001453242047	90,6303375961686
61069,99805	0,44342869999997	1,779923828	1,00103484065598	90,6875135272838
61079,99805	0,443696999999986	1,782598511	1,00151257433461	90,8237892189331
61089,99805	0,443786399999965	1,784279907	1,00167771861879	90,9094567177867
61099,99805	0,443249900000012	1,77737207	1,00134081723819	90,5575008916289
61109,99805	0,443667199999993	1,78117041	1,0013302919454	90,7510271564681
61119,99805	0,442922099999976	1,776485718	1,0014168225737	90,5123410607836
61129,99805	0,442087599999979	1,774061035	1,00137500143693	90,3888029245427
61139,99805	0,44310089999999	1,779672852	1,00133168911701	90,6747262444592
61149,99805	0,44226649999996	1,775948853	1,0013422144098	90,4849876700464
61159,99805	0,442117399999972	1,773839844	1,00151788398677	90,3775331940694
61169,99805	0,443458499999963	1,78049231	1,00135469594287	90,7164778111785
61179,99805	0,44286249999999	1,779228149	1,00138291840935	90,6520685280481
61189,99805	0,443339299999991	1,781168335	1,00137705068864	90,7509214347583
61199,99805	0,443249900000012	1,780611084	1,00152589397062	90,7225293728028
61209,99805	0,442951899999969	1,778140381	1,00127794551584	90,5966465073623
61219,99805	0,442087599999979	1,774894897	1,0013326212315	90,4312883782545
61229,99805	0,443339299999991	1,78177832	1,00147280244954	90,7820003057013
61239,99805	0,441014800000005	1,76880896	1,00145231093263	90,1212085392572
61249,99805	0,441968400000007	1,773488892	1,00136652539584	90,3596521118867
61259,99805	0,443696999999986	1,781614502	1,00150856984275	90,7736537422938
61269,99805	0,442624099999989	1,775205078	1,00129508362086	90,4470921689509
61279,99805	0,443190299999969	1,778552124	1,00140313089199	90,6176249044683
61289,99805	0,442683699999975	1,776971191	1,00148099845623	90,5370760177307
61299,99805	0,443279700000005	1,779520996	1,00136466216699	90,6669891476028
61309,99805	0,443041300000004	1,778220337	1,00143750111358	90,6007202832832
61319,99805	0,441968400000007	1,775660278	1,00136494220139	90,4702847098385
61329,99805	0,443607600000007	1,779821777	1,0013660593386	90,6823140062159
61339,99805	0,444114200000001	1,787259033	1,00125512571295	91,0612438477607
61349,99805	0,443786399999965	1,785736694	1,00144644221179	90,9836803383095
61359,99805	0,444322800000009	1,790419189	1,00152086435284	91,2222544963571
61369,99805	0,443279700000005	1,781850708	1,00127328894389	90,7856884903449
61379,99805	0,443518100000006	1,782276978	1,00123230490994	90,8074070413206
61389,99805	0,441551199999992	1,775641357	1,00161903741115	90,469320680695
61399,99805	0,442624099999989	1,776277832	1,00126602305144	90,5017492230091
61409,99805	0,442445299999974	1,775893066	1,00142408846615	90,4821453100321
61419,99805	0,442027999999993	1,774558228	1,00135087747386	90,4141350180873
61429,99805	0,441640599999971	1,774015015	1,00143386866742	90,3864581953432
61439,99805	0,442355899999995	1,772547729	1,00136354502978	90,3116996484435
61449,99805	0,442027999999993	1,77453125	1,00144867848647	90,4127604830081
61459,99805	0,441700200000014	1,773412842	1,00165657502179	90,3557773475315
61469,99805	0,442087599999979	1,772962158	1,00143973638814	90,3328148978448
61479,99805	0,44342869999997	1,781650146	1,00132898878533	90,7754698119937
61489,99805	0,442713499999968	1,777516357	1,00143917731947	90,5648523462577
61499,99805	0,441104199999984	1,772291382	1,00163189199004	90,2986387119784
61509,99805	0,443339299999991	1,779101929	1,00149832358423	90,6456375910735
61519,99805	0,441223400000013	1,771642578	1,0013036536735	90,2655820043817
61529,99805	0,441431999999963	1,771463257	1,00123984983666	90,2564455596882
61539,99805	0,442385699999988	1,774638672	1,00119476829943	90,4182336577164
61549,99805	0,441789599999993	1,769881348	1,00122522604046	90,1758469455342
61559,99805	0,442087599999979	1,775920166	1,00123379509297	90,4835260610384
61569,99805	0,442773100000011	1,774537842	1,0013776097573	90,4130963468691
61579,99805	0,442117399999972	1,772181274	1,00145361509282	90,2930286849748
61589,99805	0,442773100000011	1,77628418	1,00086997640619	90,5020726550161
61599,99805	0,443279700000005	1,781820679	1,00146944903765	90,7841585061395
61609,99805	0,441640599999971	1,773077759	1,00142799994658	90,3387047944159
61619,99805	0,443279700000005	1,77974292	1,00142371542033	90,6782962245886
61629,99805	0,441193599999963	1,771530396	1,0014049001093	90,2598663066184
61639,99805	0,441133999999977	1,770957886	1,00144551109743	90,2306967952311
61649,99805	0,44062729999996	1,764493774	1,00133047896837	89,9013488561675
61659,99805	0,441193599999963	1,764392578	1,00130393270777	89,8961928975391
61669,99805	0,440359099999966	1,762761841	1,00128297513361	89,8131064859632
61679,99805	0,441133999999977	1,769546997	1,00115145697962	90,1588116879808
61689,99805	0,440478299999995	1,76350354	1,00116151621517	89,8508962143985
61699,99805	0,44062729999996	1,765834106	1,00128362721371	89,96963906863
61709,99805	0,441193599999963	1,766831177	1,00134733803912	90,0204400570642
61719,99805	0,440388899999959	1,764553833	1,00159575155102	89,9044088755286
61729,99805	0,440150500000016	1,758780273	1,00136456915557	89,6102447139145
61739,99805	0,440806099999975	1,762166138	1,00153176269146	89,7827552860855
61749,99805	0,44006109999998	1,761146729	1,00146032091647	89,7308161716004
61759,99805	0,441610799999978	1,766443237	1,00148640111983	90,0006744280838
61769,99805	0,439971700000001	1,761515381	1,00140499412084	89,749599072706
61779,99805	0,440448500000002	1,760876831	1,00136140276665	89,7170648086819
61789,99805	0,439375600000005	1,757130737	1,00132218895013	89,5262004891221
61799,99805	0,440537899999981	1,759814453	1,00113841637789	89,6629364141234
61809,99805	0,440120699999966	1,76008667	1,00135795634333	89,6768059306058
61819,99805	0,441640599999971	1,765640137	1,00130272155901	89,9597563050899
61829,99805	0,439882299999965	1,760646851	1,00154461627022	89,7053472767107
61839,99805	0,440895500000011	1,761879395	1,00166477102848	89,7681456666837
61849,99805	0,441461800000013	1,767195679	1,00137015784201	90,0390115147501
61859,99805	0,440955099999996	1,764141479	1,00135422988562	89,8833993478372
61869,99805	0,440478299999995	1,764597046	1,00149282790921	89,9066105874561
61879,99805	0,440716699999996	1,761068726	1,00138021707755	89,7268419014623
61889,99805	0,440686900000003	1,762468262	1,00148602907413	89,7981485708463
61899,99805	0,440716699999996	1,767263672	1,00158401610959	90,0424757731696
61909,99805	0,441878999999972	1,769967529	1,00134482273017	90,1802378865848
61919,99805	0,441878999999972	1,771558716	1,00156184738667	90,2613092168951
61929,99805	0,442594299999996	1,774094604	1,00121227945027	90,3905132725327
61939,99805	0,442683699999975	1,77563916	1,00126462587983	90,469208743058
61949,99805	0,442027999999993	1,772189941	1,0013463129132	90,2934702705457
61959,99805	0,441521399999999	1,770698486	1,00132442422468	90,2174803077394
61969,99805	0,441610799999978	1,768346924	1,00148081243338	90,0976677026545
61979,99805	0,44226649999996	1,772365601	1,00152896834823	90,3024201864778
61989,99805	0,442832699999997	1,775310547	1,00113450389733	90,4524658378764
61999,99805	0,44226649999996	1,773338257	1,00158122176637	90,3519772252509
62009,99805	0,442355899999995	1,77283252	1,00119393019648	90,3262098130127
62019,99805	0,442624099999989	1,774591797	1,00129266232346	90,4158453660773
62029,99805	0,442206800000008	1,771328247	1,00146879695756	90,2495667702654
62039,99805	0,441938600000015	1,771223877	1,00132805667084	90,2442490956336
62049,99805	0,442027999999993	1,768933228	1,00138534070687	90,1275400213991
62059,99805	0,441610799999978	1,767897461	1,00151564871222	90,0747674631885
62069,99805	0,441700200000014	1,768694702	1,00147177732363	90,1153870688338
62079,99805	0,440597499999967	1,764564819	1,00128241606494	89,9049686146635
62089,99805	0,441431999999963	1,768266113	1,00137900692891	90,0935503642941
62099,99805	0,442922099999976	1,776254761	1,00130225650189	90,5005737504458
62109,99805	0,44250489999996	1,775755981	1,00109165863477	90,4751607988995
62119,99805	0,443369099999984	1,781075928	1,00141319012754	90,7462132776278
62129,99805	0,442773100000011	1,777822876	1,0014597618478	90,5804695572426
62139,99805	0,443786399999965	1,786110962	1,00142781392373	91,0027493758598
62149,99805	0,442951899999969	1,780447021	1,00137407032257	90,7141703265909
62159,99805	0,443458499999963	1,784463135	1,00163505837896	90,9187922249962
62169,99805	0,443756599999972	1,784100464	1,00147829812456	90,9003140571662
62179,99805	0,443279700000005	1,783320068	1,0015271981308	90,8605527080043
62189,99805	0,443041300000004	1,7821073	1,00149198980627	90,7987619096143
62199,99805	0,442773100000011	1,778097656	1,00141533239066	90,594469659143
62209,99805	0,443130699999983	1,778999023	1,00137956499746	90,6403945075661
62219,99805	0,443667199999993	1,784417114	1,00137462839111	90,9164474448464
62229,99805	0,443130699999983	1,780183472	1,00136102972083	90,7007424466296
62239,99805	0,443458499999963	1,782166138	1,00128483836247	90,8017597187548
62249,99805	0,443667199999993	1,786120361	1,00154144888118	91,0032282569929
62259,99805	0,443667199999993	1,784003174	1,00138114919204	90,8953571101034
62269,99805	0,442594299999996	1,777319214	1,0014842588567	90,5548078667142
62279,99805	0,443846000000008	1,787211304	1,00133904802088	91,0588120446324
62289,99805	0,443935399999987	1,785719727	1,00142585768345	90,982815865899
62299,99805	0,443994999999973	1,788541382	1,0015639896498	91,1265798135222
62309,99805	0,443011500000011	1,780839111	1,00144327582287	90,7341473989912
62319,99805	0,443696999999986	1,78896582	1,00157246569088	91,1482050236919
62329,99805	0,444114200000001	1,790140869	1,00166281578832	91,208074030672
62339,99805	0,444173799999987	1,790461914	1,00142762790089	91,2244313445764
62349,99805	0,445008299999984	1,798288818	1,00132116382422	91,6232138380802
62359,99805	0,444263199999966	1,792670532	1,00148472491394	91,33696092118
62369,99805	0,443577800000014	1,787060913	1,00144253073136	91,0511495898507
62379,99805	0,444352600000002	1,7918927	1,00130281457043	91,2973302083864
62389,99805	0,443846000000008	1,790034058	1,00149785752698	91,2026319865492
62399,99805	0,443130699999983	1,783669189	1,00153269380582	90,8783405003312
62409,99805	0,443369099999984	1,785225098	1,00148491093679	90,9576144087227
62419,99805	0,442773100000011	1,779492554	1,00135199461107	90,6655400213991
62429,99805	0,44253470000001	1,782132935	1,00137416333399	90,8000680185459
62439,99805	0,441700200000014	1,777085693	1,00132638046496	90,5429099200082
62449,99805	0,443130699999983	1,781683594	1,00140890560128	90,7771739950069
62459,99805	0,443249900000012	1,782123413	1,00140564520082	90,7995828705355
62469,99805	0,442594299999996	1,77827478	1,00144234470851	90,6034941661996
62479,99805	0,442087599999979	1,780724976	1,00130859027985	90,728332195445
62489,99805	0,443369099999984	1,783233521	1,00128325516801	90,8561431191726
62499,99805	0,442773100000011	1,780720825	1,00154498831592	90,728120701075
62509,99805	0,442832699999997	1,780793701	1,00136028462931	90,7318337494268
62519,99805	0,442624099999989	1,781833984	1,00145659545889	90,7848363988383
62529,99805	0,44250489999996	1,777412842	1,00110041371013	90,5595782340653
62539,99805	0,442117399999972	1,775664673	1,00153222774858	90,4705086360626
62549,99805	0,442206800000008	1,7765896	1,00131976765273	90,5176338717073
62559,99805	0,443279700000005	1,782516846	1,00115713867749	90,8196283690834
62569,99805	0,442683699999975	1,779949341	1,00140881258986	90,6888134202884
62579,99805	0,442385699999988	1,781153564	1,00152198249018	90,7501688490345
62589,99805	0,44226649999996	1,777633057	1,00148779829144	90,5707982371223
62599,99805	0,442087599999979	1,78019751	1,00142315635166	90,7014576858409
62609,99805	0,443518100000006	1,78498999	1,0014934799893	90,9456356040149
62619,99805	0,441282999999999	1,774150391	1,00146190411093	90,393355632547
62629,99805	0,440895500000011	1,771489136	1,00128893686587	90,2577641004738
62639,99805	0,442832699999997	1,777997681	1,00130840325687	90,5893759107352
62649,99805	0,441044599999998	1,773519897	1,00141831275673	90,3612318235084
62659,99805	0,44062729999996	1,7691073	1,00120780890117	90,1364090283793
62669,99805	0,442385699999988	1,774971313	1,00160441461508	90,4351817903908
62679,99805	0,441193599999963	1,772766113	1,00144178563984	90,3228263616447
62689,99805	0,442385699999988	1,773953125	1,0015851332468	90,3833048861263
62699,99805	0,440865699999961	1,768916992	1,00134370559296	90,1267127936007
62709,99805	0,441282999999999	1,769658325	1,00128297513361	90,1644838742549
62719,99805	0,441968400000007	1,771960205	1,00139866034289	90,2817651704285
62729,99805	0,442355899999995	1,775153564	1,00171404408054	90,4444675192337
62739,99805	0,44253470000001	1,777249634	1,00159314423077	90,551262750293
62749,99805	0,440478299999995	1,767301147	1,00143479978179	90,0443851327253
62759,99805	0,4417598	1,770750366	1,00170100447893	90,2201236052377
62769,99805	0,440895500000011	1,768232178	1,00144131958259	90,091821368523
62779,99805	0,440150500000016	1,763861328	1,00156659797017	89,8691255922963
62789,99805	0,440776299999982	1,765831421	1,00128018079039	89,9695022672849
62799,99805	0,4417598	1,766615479	1,00149674038977	90,0094501961584
62809,99805	0,441789599999993	1,769498291	1,00131538911493	90,156330106486
62819,99805	0,439792899999986	1,761694336	1,00148705319992	89,7587168696184
62829,99805	0,43952459999997	1,75742395	1,00150745170541	89,5411397564579
62839,99805	0,441431999999963	1,76464502	1,00172149599584	89,9090548733887
62849,99805	0,442087599999979	1,767097778	1,00122699625789	90,034023437102
62859,99805	0,439405399999998	1,757557007	1,00140191974323	89,5479190400978
62869,99805	0,440269699999988	1,762777222	1,00125587080447	89,8138901513222
62879,99805	0,440806099999975	1,767298584	1,00115862886053	90,0442545473073
62889,99805	0,440269699999988	1,764725586	1,0015224475473	89,9131597289448
62899,99805	0,439614000000006	1,760412842	1,00144728131486	89,6934244662964
62909,99805	0,441640599999971	1,768520264	1,00160497268362	90,1064994140725
62919,99805	0,440597499999967	1,762051758	1,00137705068864	89,7769275997351
62929,99805	0,440269699999988	1,76252478	1,00106772069454	89,8010281754726
62939,99805	0,441014800000005	1,765187744	1,00130952139421	89,9367067814745
62949,99805	0,43952459999997	1,758925781	1,00131687929796	89,617658378764
62959,99805	0,441193599999963	1,76330127	1,00146739978595	89,8405905130687
62969,99805	0,439643799999999	1,758444214	1,00149636734395	89,5931224333826
62979,99805	0,440597499999967	1,759726074	1,00145557033297	89,6584334844857
62989,99805	0,440269699999988	1,762168701	1,00158084872055	89,7828858715036
62999,99805	0,43895839999999	1,753941406	1,00141840676828	89,3637033678097
63009,99805	0,4417598	1,766443237	1,00155542059729	90,0006744280838
63019,99805	0,439792899999986	1,760172852	1,00132293404165	89,6811969226066
63029,99805	0,441223400000013	1,763695679	1,00100354381189	89,860685739033
63039,99805	0,439971700000001	1,75946521	1,00121786813671	89,6451424058695
63049,99805	0,441610799999978	1,766844849	1,00134966632509	90,0211366484944
63059,99805	0,440299499999981	1,762875122	1,00151331942612	89,8188781780201
63069,99805	0,441104199999984	1,76280835	1,00150437832791	89,8154761298212
63079,99805	0,439792899999986	1,758014893	1,00141561242506	89,5712484332807
63089,99805	0,43952459999997	1,754510742	1,00130672705099	89,3927111631936
63099,99805	0,441014800000005	1,761495117	1,00132470425908	89,7485666174148
63109,99805	0,441193599999963	1,761110352	1,00126416082271	89,728962755388
63119,99805	0,440478299999995	1,761991333	1,00146283622542	89,7738489325929
63129,99805	0,439971700000001	1,757619751	1,00154023873254	89,551115860804
63139,99805	0,441193599999963	1,764012085	1,00123658943619	89,8768066948591
63149,99805	0,440686900000003	1,762974976	1,0015060545338	89,8239657614511
63159,99805	0,440955099999996	1,764581787	1,00154619946468	89,9058331380242
63169,99805	0,44226649999996	1,76842688	1,00138291840935	90,1017414785754
63179,99805	0,441789599999993	1,766821289	1,00137183404789	90,0199362612727
63189,99805	0,441431999999963	1,766814331	1,00145063372662	90,0195817496306
63199,99805	0,441044599999998	1,766965698	1,00132796365942	90,0272939318286
63209,99805	0,441640599999971	1,764661011	1,00135367181708	89,9098696183829
63219,99805	0,440537899999981	1,760263428	1,00131026648573	89,6858117898813
63229,99805	0,441223400000013	1,763151245	1,00147755303304	89,8329467060682
63239,99805	0,441044599999998	1,766404785	1,00132144385861	89,9987152901615
63249,99805	0,441610799999978	1,765839478	1,00141728863094	89,9699127732206
63259,99805	0,44229630000001	1,770809082	1,00149720544689	90,2231151984511
63269,99805	0,442445299999974	1,769791382	1,00145501226443	90,1712631578947
63279,99805	0,442027999999993	1,767570679	1,00134342555856	90,0581178478626
63289,99805	0,4417598	1,767128418	1,00135152955395	90,0355845518928
63299,99805	0,441789599999993	1,767584595	1,00144374188012	90,0588268711469
63309,99805	0,440806099999975	1,763665405	1,00137854087167	89,8591432720232
63319,99805	0,441342599999984	1,763288452	1,00118442902948	89,8399374331278
63329,99805	0,440686900000003	1,761223999	1,00136140276665	89,734753095226
63339,99805	0,441372399999977	1,763363647	1,00148686717707	89,8437686350436
63349,99805	0,442027999999993	1,765658936	1,00135926050352	89,9607141183064
63359,99805	0,442027999999993	1,769676758	1,00146171808808	90,1654230396902
63369,99805	0,441342599999984	1,765339233	1,00149720544689	89,9444251795995
63379,99805	0,44226649999996	1,768812988	1,00147056717499	90,1214137667499
63389,99805	0,441700200000014	1,764972412	1,0014072293954	89,9257355683497
63399,99805	0,442832699999997	1,771123779	1,00137258013953	90,2391490803485
63409,99805	0,442773100000011	1,775225464	1,00144076051393	90,4481308401692
63419,99805	0,441968400000007	1,768319336	1,00142576467203	90,0962620879401
63429,99805	0,443130699999983	1,77809082	1,00127487213834	90,5941213634279
63439,99805	0,442832699999997	1,774995483	1,00137658463139	90,4364132572477
63449,99805	0,442445299999974	1,774918457	1,00153213473715	90,4324887654761
63459,99805	0,44286249999999	1,776367676	1,00141598447076	90,5063267947216
63469,99805	0,442385699999988	1,775418579	1,001320046687	90,4579700922199
63479,99805	0,442922099999976	1,777253784	1,00144513905173	90,5514741937127
63489,99805	0,443667199999993	1,784062256	1,00120063602014	90,898367351098
63499,99805	0,444322800000009	1,788126709	1,00156622492435	91,1054521322668
63509,99805	0,443339299999991	1,780311035	1,00139893937716	90,7072418097519
63519,99805	0,443607600000007	1,785812012	1,00163468633326	90,9875178071025
63529,99805	0,442773100000011	1,779680542	1,00142408846615	90,6751180516635
63539,99805	0,442445299999974	1,777712036	1,00115145697962	90,5748222346767
63549,99805	0,441789599999993	1,776125977	1,001414773322	90,494012177103
63559,99805	0,443994999999973	1,786003418	1,0014266957864	90,9972699852244
63569,99805	0,441700200000014	1,77315625	1,00131520309208	90,3427039282621
63579,99805	0,44310089999999	1,779707642	1,00155234721979	90,6764988026698
63589,99805	0,443190299999969	1,779964355	1,00137388329959	90,689578386916
63599,99805	0,443846000000008	1,786220947	1,00138748297	91,0083531359861
63609,99805	0,443249900000012	1,782017944	1,00147792507874	90,79420920161
63619,99805	0,443190299999969	1,782579956	1,00135963254922	90,8228438375707
63629,99805	0,443786399999965	1,787300293	1,00140061558304	91,0633460539053
63639,99805	0,443875800000001	1,78814978	1,00128996099166	91,1066276048301
63649,99805	0,443756599999972	1,785358643	1,00126639609726	90,9644185560707
63659,99805	0,444948699999998	1,798707886	1,00182646888935	91,6445654455597
63669,99805	0,442951899999969	1,781536865	1,0014024788119	90,7696981199368
63679,99805	0,442832699999997	1,779557983	1,00141747465379	90,6688736434504
63689,99805	0,441878999999972	1,777082764	1,00156203440964	90,542760686809
63699,99805	0,441521399999999	1,773671875	1,00127729343575	90,3689751362919
63709,99805	0,441372399999977	1,774266602	1,00160730196972	90,3992766087533
63719,99805	0,440895500000011	1,769997803	1,00133057197979	90,1817803535945
63729,99805	0,440359099999966	1,76611731	1,00139558596527	89,9840683751974
63739,99805	0,441610799999978	1,770204468	1,00159286419637	90,1923099811484
63749,99805	0,441938600000015	1,770875854	1,00163915688237	90,22651724665
63759,99805	0,440537899999981	1,766676636	1,00122420191467	90,0125661588628
63769,99805	0,441700200000014	1,768245605	1,00142557864918	90,0925054771488
63779,99805	0,442594299999996	1,774954712	1,00139623804536	90,4343359657614
63789,99805	0,4417598	1,770434082	1,00140508713227	90,2040088653386
63799,99805	0,441700200000014	1,768319946	1,00141421525345	90,0962931675753
63809,99805	0,440388899999959	1,765432861	1,0014113278988	89,9491955469506
63819,99805	0,442355899999995	1,772663818	1,00140117465171	90,3176144087227
63829,99805	0,441223400000013	1,766221069	1,00135404386277	89,9893549192439
63839,99805	0,44253470000001	1,775007568	1,0015200262499	90,4370289906761
63849,99805	0,441282999999999	1,769901367	1,00153446302313	90,1768669180211
63859,99805	0,442832699999997	1,776831055	1,00141561242506	90,5299360574718
63869,99805	0,441610799999978	1,769985229	1,00181631664238	90,1811397055077
63879,99805	0,440537899999981	1,765865723	1,00155467550577	89,9712499617874
63889,99805	0,4397333	1,761057983	1,00151099114015	89,7262945432313
63899,99805	0,44006109999998	1,763327515	1,00134510176444	89,8419277016355
63909,99805	0,439792899999986	1,760632324	1,00168526254539	89,704607122841
63919,99805	0,440686900000003	1,765885742	1,00123789359638	89,9722699342742
63929,99805	0,441342599999984	1,76754895	1,0014478393834	90,0570107504968
63939,99805	0,439703500000007	1,760620605	1,00145715452755	89,7040100371937
63949,99805	0,441551199999992	1,77217041	1,00147382657533	90,292475161767
63959,99805	0,441610799999978	1,768949829	1,00153101659981	90,1283858460284
63969,99805	0,441521399999999	1,770663452	1,00132852272809	90,2156953176746
63979,99805	0,440597499999967	1,765670288	1,00152663906213	89,9612925052224
63989,99805	0,4397333	1,760868286	1,00144662923476	89,7166294390381
63999,99805	0,440269699999988	1,763802979	1,00141700959667	89,8661526978142
64009,99805	0,439852499999972	1,762537109	1,00130821723402	89,8016563407551
64019,99805	0,439971700000001	1,762202515	1,00135422988562	89,7846087022979
64029,99805	0,442594299999996	1,775019531	1,00158047667485	90,4376385081775
64039,99805	0,440686900000003	1,770080933	1,00137090293352	90,1860158455189
64049,99805	0,440865699999961	1,765137329	1,00132060575567	89,9341381260509
64059,99805	0,441551199999992	1,770377319	1,00131837048112	90,201116777908
64069,99805	0,441193599999963	1,767207397	1,0014379661707	90,0396085494472
64079,99805	0,4397333	1,761755737	1,0013326212315	89,7618452641769
64089,99805	0,440031299999987	1,760688599	1,00140583222379	89,7074743465634
64099,99805	0,440359099999966	1,765068115	1,001136740172	89,9306116574107
64109,99805	0,442624099999989	1,775261108	1,00134081723819	90,4499469098691
64119,99805	0,439941900000008	1,763097168	1,00145184487538	89,8301914709329
64129,99805	0,442206800000008	1,771965698	1,00141197897877	90,2820450399959
64139,99805	0,441193599999963	1,764709961	1,00118340490369	89,9123636317318
64149,99805	0,439882299999965	1,761879761	1,00152943340536	89,7681643144648
64159,99805	0,439464999999984	1,757997314	1,00131892854966	89,5703527793346
64169,99805	0,441610799999978	1,76791272	1,00163254407014	90,0755449126204
64179,99805	0,441342599999984	1,767484741	1,0015254289135	90,0537392877159
64189,99805	0,440537899999981	1,76385437	1,00134948030225	89,8687710806542
64199,99805	0,439792899999986	1,758354858	1,00146777283177	89,5885697253783
64209,99805	0,439226599999984	1,756226074	1,00136494220139	89,4801077087685
64219,99805	0,440865699999961	1,760726807	1,00140350293769	89,7094210526316
64229,99805	0,439405399999998	1,754694214	1,00135124951955	89,4020591022571
64239,99805	0,439852499999972	1,759494019	1,00147242940372	89,6466102308045
64249,99805	0,438451799999996	1,749999878	1,00132461024753	89,1628816426351
64259,99805	0,439375600000005	1,753600586	1,00141095485298	89,3463385132725
64269,99805	0,440597499999967	1,757799438	1,00108849124573	89,5602709532786
64279,99805	0,440269699999988	1,761106445	1,00133560159757	89,7287636928721
64289,99805	0,440150500000016	1,761139893	1,00155458249434	89,7304678758853
64299,99805	0,4397333	1,757396973	1,00157134855367	89,5397652723289
64309,99805	0,438869000000011	1,751553223	1,00141142091023	89,2420249146584
64319,99805	0,439554399999963	1,755108276	1,00109734033264	89,4231556529271
64329,99805	0,439315999999963	1,753993774	1,00132489028193	89,3663715290162
64339,99805	0,439315999999963	1,751120728	1,00132451723611	89,219989198553
64349,99805	0,440448500000002	1,755113525	1,00145417316136	89,4234230906405
64359,99805	0,440210100000002	1,756672363	1,00141188596735	89,5028462322311
64369,99805	0,440806099999975	1,757765503	1,00113077843974	89,5585419575075
64379,99805	0,440210100000002	1,755573853	1,00134407763865	89,4468769042645
64389,99805	0,441282999999999	1,760096069	1,00142138713435	89,6772848117389
64399,99805	0,43928619999997	1,751387451	1,00148286168509	89,2335787945178
64409,99805	0,438719999999989	1,75031665	1,00147969529617	89,1790212462424
64419,99805	0,438988199999983	1,751763794	1,00146395336263	89,252753553778
64429,99805	0,439464999999984	1,754416992	1,00149180378342	89,3879345799154
64439,99805	0,440299499999981	1,753583496	1,00142446051184	89,3454677739848
64449,99805	0,440955099999996	1,759682861	1,00150149097327	89,6562317725582
64459,99805	0,441461800000013	1,762350586	1,00137565351702	89,7921529525653
64469,99805	0,441849199999979	1,766718262	1,00121609791928	90,0146870127885
64479,99805	0,440537899999981	1,76276355	1,00119011072735	89,813193559892
64489,99805	0,441849199999979	1,766328613	1,0011585358491	89,9948343098793
64499,99805	0,441342599999984	1,763317017	1,00115834882613	89,8413928262088
64509,99805	0,441938600000015	1,766233276	1,00160599780954	89,9899768685994
64519,99805	0,442087599999979	1,766896851	1,00131818345815	90,0237861619198
64529,99805	0,442445299999974	1,770715942	1,00140983671565	90,2183696948082
64539,99805	0,44229630000001	1,7678479	1,00174906638223	90,0722423192541
64549,99805	0,442206800000008	1,768046997	1,00140518014369	90,0823863555306
64559,99805	0,442027999999993	1,765242432	1,00143787315928	89,9394931471952
64569,99805	0,442922099999976	1,775385864	1,00154461627022	90,4563032557192
64579,99805	0,442445299999974	1,768589111	1,00115024583086	90,1100071839813
64589,99805	0,4417598	1,763292236	1,00174599300473	89,8401302287665
64599,99805	0,442206800000008	1,766868286	1,00097271402515	90,0223307688388
64609,99805	0,442445299999974	1,770583984	1,0014791362275	90,2116464054619
64619,99805	0,443041300000004	1,774807983	1,00151471659773	90,4268600906914
64629,99805	0,44229630000001	1,770299927	1,00136652539584	90,1971736383553
64639,99805	0,442445299999974	1,7687771	1,00132414519041	90,1195852651959
64649,99805	0,443369099999984	1,775954834	1,00137919295176	90,4852924033219
64659,99805	0,443339299999991	1,781327759	1,00144485901733	90,7590441228919
64669,99805	0,443875800000001	1,782921021	1,00147811110159	90,8402211749121
64679,99805	0,441849199999979	1,770970093	1,00135348479411	90,2313187445865
64689,99805	0,442117399999972	1,768089478	1,00140285085759	90,0845507718959
64699,99805	0,442087599999979	1,768793823	1,0014263237407	90,1204373057523
64709,99805	0,442624099999989	1,771658325	1,00160618383238	90,2663843175218
64719,99805	0,442027999999993	1,768844482	1,00127533719547	90,12301839303
64729,99805	0,443130699999983	1,77511853	1,00135702422884	90,442682529169
64739,99805	0,443249900000012	1,776953735	1,00148835736011	90,5361866306618
64749,99805	0,443041300000004	1,777397095	1,00173062411702	90,5587759209253
64759,99805	0,442445299999974	1,773850464	1,00142809295801	90,3780742854231
64769,99805	0,442027999999993	1,768671265	1,00142511259194	90,1141929484893
64779,99805	0,442951899999969	1,775177856	1,00134202838695	90,4457052020176
64789,99805	0,442773100000011	1,774310181	1,00142660277497	90,4014969684618
64799,99805	0,443279700000005	1,775955688	1,00139661109118	90,4853359148112
64809,99805	0,443458499999963	1,778995972	1,00140983671565	90,6402390584399
64819,99805	0,441789599999993	1,771077881	1,00132321307592	90,236810567076
64829,99805	0,44286249999999	1,775372925	1,00155281227691	90,4556440108015
64839,99805	0,442951899999969	1,774193237	1,00148286168509	90,3955386457431
64849,99805	0,44342869999997	1,776503784	1,00157889248027	90,5132615274876
64859,99805	0,443458499999963	1,779486328	1,00125177230106	90,6652228053192
64869,99805	0,443041300000004	1,777637085	1,00144895752074	90,5710034646151
64879,99805	0,443190299999969	1,77683252	1,00115657960882	90,5300106995466
64889,99805	0,444591000000003	1,789147949	1,00137919295176	91,1574845366077
64899,99805	0,44226649999996	1,775564209	1,00137164802504	90,4653899729964
64909,99805	0,442713499999968	1,776958374	1,0015060545338	90,53642298874
64919,99805	0,442087599999979	1,769887939	1,00133755783784	90,176182758445
64929,99805	0,442177000000015	1,770567871	1,0015806626977	90,2108254445407
64939,99805	0,442951899999969	1,775760864	1,001164030524	90,4754095888317
64949,99805	0,443279700000005	1,778715332	1,00144243771993	90,6259403882407
64959,99805	0,441461800000013	1,768468994	1,00126574401716	90,1038871962093
64969,99805	0,44253470000001	1,774547729	1,00126481190268	90,4136000917104
64979,99805	0,443935399999987	1,784491455	1,00135739727466	90,9202351352728
64989,99805	0,442445299999974	1,775671143	1,00137453537969	90,4708382839965
64999,99805	0,441849199999979	1,772936768	1,00134295950132	90,3315212717175
65009,99805	0,442713499999968	1,773703491	1,00158001061761	90,370585978499
65019,99805	0,442385699999988	1,771018433	1,00148835736011	90,2337816783003
65029,99805	0,441938600000015	1,769172241	1,00134417065008	90,1397177867224
65039,99805	0,443279700000005	1,780817871	1,00122150058287	90,7330652162837
65049,99805	0,44226649999996	1,774355591	1,00132945384245	90,4038106180262
65059,99805	0,442117399999972	1,774788818	1,0015660389015	90,4258836296938
65069,99805	0,443339299999991	1,778529053	1,00148761226859	90,616449431905
65079,99805	0,441461800000013	1,770765747	1,00155830795193	90,2209072705966
65089,99805	0,441878999999972	1,769500122	1,00170137652462	90,1564233963418
65099,99805	0,441968400000007	1,770852539	1,00151155020882	90,2253293422326
65109,99805	0,442027999999993	1,77269104	1,00147224338087	90,319001375656
65119,99805	0,441700200000014	1,769277466	1,00140918463555	90,1450790237938
65129,99805	0,440388899999959	1,761728516	1,00117474283976	89,7604583481938
65139,99805	0,441968400000007	1,768761841	1,00150288814488	90,118807815764
65149,99805	0,441282999999999	1,763660767	1,00127338195531	89,8589069648953
65159,99805	0,440686900000003	1,764106812	1,00135562705723	89,8816330565038
65169,99805	0,440955099999996	1,766135864	1,00118601322407	89,9850137056096
65179,99805	0,4417598	1,76873645	1,00144728131486	90,1175141386865
65189,99805	0,440716699999996	1,764820557	1,00121730906804	89,9179985224436
65199,99805	0,441700200000014	1,766695679	1,00140611125806	90,0135364039334
65209,99805	0,440359099999966	1,762190796	1,00122541306343	89,7840116166505
65219,99805	0,442117399999972	1,769422974	1,0015561656888	90,1524926886432
65229,99805	0,440895500000011	1,764095459	1,00160636985523	89,8810546186376
65239,99805	0,440150500000016	1,760803223	1,00145175186396	89,7133144647679
65249,99805	0,440150500000016	1,759625488	1,00123202587566	89,6533086054924
65259,99805	0,440537899999981	1,762423096	1,00130896232554	89,795847353136
65269,99805	0,440806099999975	1,760268066	1,00137434935684	89,6860480970092
65279,99805	0,440359099999966	1,761157593	1,00147047416357	89,7313696948082
65289,99805	0,440895500000011	1,764448242	1,00127189177228	89,8990289906761
65299,99805	0,441938600000015	1,767749634	1,00139204653053	90,0672356447751
65309,99805	0,4417598	1,773453003	1,0011807035719	90,3578235593825
65319,99805	0,440448500000002	1,761690186	1,00134333254714	89,7585054261986
65329,99805	0,439792899999986	1,757404175	1,0013204187327	89,5401322158252
65339,99805	0,440955099999996	1,760785278	1,0013108255544	89,7124001630407
65349,99805	0,440269699999988	1,759240356	1,00163030779546	89,6336860447343
65359,99805	0,441521399999999	1,762635864	1,00143265751866	89,8066879298925
65369,99805	0,439375600000005	1,754303101	1,00129033403748	89,3821318082234
65379,99805	0,439703500000007	1,75671814	1,00140173372038	89,5051785805268
65389,99805	0,439614000000006	1,7529823	1,00178092129487	89,3148367045397
65399,99805	0,442087599999979	1,766325806	1,00144225069696	89,9946912926071
65409,99805	0,441372399999977	1,763806519	1,00148956850887	89,8663330615988
65419,99805	0,440150500000016	1,761060181	1,00129834402133	89,7264065318184
65429,99805	0,441521399999999	1,764065308	1,00125819909044	89,8795184185051
65439,99805	0,4397333	1,756164063	1,00124115399684	89,4769482345748
65449,99805	0,441431999999963	1,760938721	1,0011033940762	89,7202181178988
65459,99805	0,43928619999997	1,75298877	1,00142250427156	89,3151663524736
65469,99805	0,439196799999991	1,750324585	1,00129741290696	89,1794255362511
65479,99805	0,439196799999991	1,751175781	1,00162611728075	89,2227941611046
65489,99805	0,440776299999982	1,758188477	1,00134771008482	89,5800925765527
65499,99805	0,440299499999981	1,75814502	1,00135152955395	89,5778784327712
65509,99805	0,441133999999977	1,75978186	1,00134705800472	89,6612757935497
65519,99805	0,441044599999998	1,759786011	1,00165946237643	89,6614872879197
65529,99805	0,441282999999999	1,762282959	1,00134146931828	89,7887073419269
65539,99805	0,44250489999996	1,771350342	1,00154601344183	90,2506925154125
65549,99805	0,443011500000011	1,773629761	1,00137602556272	90,366829418658
65559,99805	0,441968400000007	1,76585437	1,00151909513554	89,9706715239211
65569,99805	0,442922099999976	1,773787476	1,00143917731947	90,3748650328629
65579,99805	0,44062729999996	1,762510254	1,00155113607103	89,8002880725531
65589,99805	0,441372399999977	1,761699219	1,00136540725851	89,7589656595506
65599,99805	0,441640599999971	1,764431152	1,00147736601007	89,8981582513884
65609,99805	0,442087599999979	1,76894519	1,00161624306793	90,1281494879503
65619,99805	0,441849199999979	1,766877808	1,00159072193325	90,0228159168492
65629,99805	0,442206800000008	1,766933594	1,00133122405989	90,0256582259133
65639,99805	0,44226649999996	1,767476074	1,0013346704832	90,053297702145
65649,99805	0,442922099999976	1,775375	1,0015830839951	90,4557497325113
65659,99805	0,441372399999977	1,767144043	1,00141728863094	90,0363806491058
65669,99805	0,442713499999968	1,773004639	1,00141728863094	90,33497931421
65679,99805	0,44310089999999	1,77602356	1,00141617049361	90,4887940082539
65689,99805	0,443011500000011	1,777021362	1,00165350064417	90,5396322413003
65699,99805	0,440806099999975	1,765139038	1,00122299076591	89,9342251999796
65709,99805	0,441223400000013	1,764944702	1,0015636176041	89,9243237377083
65719,99805	0,440895500000011	1,763457764	1,00134314652429	89,848563917053
65729,99805	0,44229630000001	1,767539063	1,0014692630148	90,0565070056555
65739,99805	0,442355899999995	1,768926025	1,00147615586143	90,1271730269527
65749,99805	0,442027999999993	1,767584351	1,00156063723803	90,0588144392928
65759,99805	0,442951899999969	1,774763916	1,00151872208972	90,4246148672747
65769,99805	0,441878999999972	1,767784668	1,00137630559712	90,0690206348398
65779,99805	0,443249900000012	1,779475952	1,00161959647982	90,6646941458195
65789,99805	0,442117399999972	1,769614258	1,00138683088991	90,1622386508381
65799,99805	0,442445299999974	1,771221802	1,0015060545338	90,2441433739237
65809,99805	0,443696999999986	1,780276001	1,00135674519457	90,7054568196872
65819,99805	0,442773100000011	1,772808105	1,00123612437907	90,3249658633515
65829,99805	0,443875800000001	1,782480591	1,00138571275257	90,8177811687981
65839,99805	0,442624099999989	1,772787598	1,0014406675025	90,3239210271565
65849,99805	0,441640599999971	1,769190308	1,00136373105262	90,1406383043766
65859,99805	0,442832699999997	1,772853394	1,00145808564192	90,3272733479391
65869,99805	0,443994999999973	1,782649292	1,0014307942898	90,8263765221379
65879,99805	0,443339299999991	1,778051147	1,00139791425125	90,5921000152851
65889,99805	0,44342869999997	1,78104187	1,00141291109326	90,7444780149794
65899,99805	0,442832699999997	1,777983398	1,00152589397062	90,5886481887196
65909,99805	0,444501599999967	1,78910791	1,00159351627647	91,1554445406838
65919,99805	0,443011500000011	1,77537561	1,0013227480188	90,4557808121465
65929,99805	0,44342869999997	1,780067139	1,00132153687004	90,6948152544964
65939,99805	0,443518100000006	1,780234619	1,00154703756762	90,7033483976155
65949,99805	0,443756599999972	1,781347534	1,00154405720155	90,7600516635247
65959,99805	0,444322800000009	1,788198975	1,0012842792938	91,1091341009833
65969,99805	0,44342869999997	1,783702881	1,00156995138206	90,8800571151985
65979,99805	0,442027999999993	1,77568042	1,00147354754106	90,4713109492026
65989,99805	0,44310089999999	1,779473755	1,00143675602207	90,6645822081826
65999,99805	0,442922099999976	1,77782312	1,00150381925925	90,5804819890967
66009,99805	0,443339299999991	1,779579224	1,00137202107086	90,6699558771081
66019,99805	0,442951899999969	1,775963257	1,00139512090815	90,4857215570388
66029,99805	0,442355899999995	1,775352417	1,00134277347847	90,4545991236562
66039,99805	0,442773100000011	1,774520752	1,00125624285016	90,4122256075814
66049,99805	0,44310089999999	1,777875977	1,0014045280636	90,5831750649616
66059,99805	0,443935399999987	1,783494873	1,00147382657533	90,8694590614969
66069,99805	0,443041300000004	1,776578125	1,00146367432836	90,5170492179141
66079,99805	0,443607600000007	1,783307251	1,00138114919204	90,8598996790136
66089,99805	0,443935399999987	1,783245483	1,00129387347222	90,8567525857238
66099,99805	0,443846000000008	1,783135742	1,00151099114015	90,8511612574515
66109,99805	0,444859299999962	1,79035437	1,00149515719531	91,218951953941
66119,99805	0,443935399999987	1,785229858	1,00138599278697	90,9578569317777
66129,99805	0,443577800000014	1,781099365	1,0015588670206	90,7474073979722
66139,99805	0,442355899999995	1,776557495	1,0014212011115	90,5159981148418
66149,99805	0,443249900000012	1,779161621	1,00142483355766	90,6486789117033
66159,99805	0,442832699999997	1,775833008	1,0015738628625	90,4790853416212
66169,99805	0,443279700000005	1,778352173	1,00128781872854	90,6074373567025
66179,99805	0,44229630000001	1,773603394	1,00138552672972	90,3654860141642
66189,99805	0,443130699999983	1,774883789	1,00142576467203	90,4307224231925
66199,99805	0,441849199999979	1,772797485	1,00138692390133	90,3244247719978
66209,99805	0,443518100000006	1,779865723	1,0015013039503	90,6845530646558
66219,99805	0,44253470000001	1,774085815	1,00127179776073	90,3900654710348
66229,99805	0,441968400000007	1,772582153	1,00141020976147	90,313453558873
66239,99805	0,442087599999979	1,77345459	1,00137919295176	90,3579044173842
66249,99805	0,441789599999993	1,770928833	1,00136251990386	90,2292165384419
66259,99805	0,442027999999993	1,770177368	1,00142250427156	90,1909292301421
66269,99805	0,441461800000013	1,770439575	1,00149338697788	90,204288734906
66279,99805	0,442087599999979	1,769303345	1,00147391958676	90,1463975645794
66289,99805	0,442117399999972	1,768710083	1,00129936914724	90,1161707341927
66299,99805	0,443041300000004	1,774861694	1,00147261642669	90,4295966780456
66309,99805	0,442922099999976	1,777091309	1,00151574172365	90,5431960564528
66319,99805	0,441610799999978	1,771232666	1,00118303185787	90,2446968971315
66329,99805	0,443041300000004	1,777775269	1,0013343904488	90,5780439700413
66339,99805	0,440865699999961	1,766879028	1,0013950268966	90,0228780761196
66349,99805	0,442385699999988	1,773113037	1,00148165053633	90,3405022163346
66359,99805	0,443130699999983	1,779712158	1,00174133543266	90,6767288938707
66369,99805	0,440478299999995	1,766586914	1,00148761226859	90,0079948030774
66379,99805	0,442177000000015	1,770339355	1,00132256099583	90,1991825036939
66389,99805	0,440895500000011	1,767685547	1,00155476851719	90,0639703979212
66399,99805	0,441849199999979	1,76722876	1,00139009029025	90,040696999032
66409,99805	0,441521399999999	1,768712036	1,00125084118669	90,1162702399755
66419,99805	0,440776299999982	1,762742554	1,00143479978179	89,8121238090386
66429,99805	0,44250489999996	1,772618164	1,00177207320809	90,3152883273042
66439,99805	0,442177000000015	1,769221924	1,00126145949091	90,1422491465838
66449,99805	0,44286249999999	1,774210571	1,00127030757769	90,3964218168849
66459,99805	0,440478299999995	1,76370813	1,00146600261434	89,8613201202425
66469,99805	0,441044599999998	1,762070679	1,00137174103647	89,7778916288786
66479,99805	0,442027999999993	1,767499512	1,00137658463139	90,0544918734397
66489,99805	0,44006109999998	1,759758667	1,00140387598351	89,6600941050594
66499,99805	0,440299499999981	1,762127075	1,00163682859639	89,7807650175778
66509,99805	0,441521399999999	1,76386145	1,00136168180092	89,8691318082234
66519,99805	0,439792899999986	1,758184692	1,0013445436959	89,5798997299638
66529,99805	0,439703500000007	1,757258301	1,00138748297	89,5326999031946
66539,99805	0,440150500000016	1,759554077	1,00153381094304	89,6496701992154
66549,99805	0,440806099999975	1,764370483	1,00160469364935	89,8950671523921
66559,99805	0,44250489999996	1,771782593	1,00145203089823	90,2727157996637
66569,99805	0,44229630000001	1,771255005	1,00139344370214	90,2458350741326
66579,99805	0,440478299999995	1,762972046	1,00157544705708	89,8238164773017
66589,99805	0,442027999999993	1,769010376	1,00150139696172	90,1314707290977
66599,99805	0,441193599999963	1,766182495	1,00141030277289	89,9873895653946
66609,99805	0,442624099999989	1,771892578	1,00125689493026	90,2783195597901
66619,99805	0,440806099999975	1,766046509	1,00131743836663	89,9804610485556
66629,99805	0,440806099999975	1,76651001	1,00135916649197	90,0040765272329
66639,99805	0,441461800000013	1,763769287	1,00122410890325	89,864436082947
66649,99805	0,440150500000016	1,761971802	1,00130188345607	89,7728538238141
66659,99805	0,440388899999959	1,758628662	1,00144662923476	89,6025200998624
66669,99805	0,43952459999997	1,754783936	1,00163123990995	89,4066304580425
66679,99805	0,440388899999959	1,760307617	1,00117204150796	89,6880632292251
66689,99805	0,441282999999999	1,76278479	1,00138254636365	89,8142757425995
66699,99805	0,441461800000013	1,764512329	1,0014096506928	89,9022942375299
66709,99805	0,441431999999963	1,76483667	1,00146227715675	89,9188194833648
66719,99805	0,440388899999959	1,760941895	1,00136382406405	89,7203798339023
66729,99805	0,441521399999999	1,766924805	1,0014672137631	90,0252104244153
66739,99805	0,441789599999993	1,767691162	1,00138664386694	90,0642564834157
66749,99805	0,440895500000011	1,764706909	1,00131343387477	89,9122081316554
66759,99805	0,442445299999974	1,769663086	1,00132926781961	90,1647264482601
66769,99805	0,441372399999977	1,763641724	1,00136261291529	89,8579367198247
66779,99805	0,441610799999978	1,766131348	1,00149543622958	89,9847836144087
66789,99805	0,442445299999974	1,769108398	1,00127133270361	90,1364649717226
66799,99805	0,442683699999975	1,772929321	1,0014433688343	90,331141845417
66809,99805	0,441878999999972	1,766966064	1,00130644801672	90,0273125796097
66819,99805	0,441282999999999	1,762223389	1,00137434935684	89,7856722372242
66829,99805	0,442355899999995	1,769332031	1,00133578762041	90,1478591226372
66839,99805	0,441968400000007	1,76710437	1,00152347267322	90,034359300963
66849,99805	0,441104199999984	1,765559082	1,00155448948292	89,9556265348754
66859,99805	0,441342599999984	1,766799805	1,00132181590431	90,0188416467112
66869,99805	0,441700200000014	1,764310425	1,00149525020673	89,8920071839812
66879,99805	0,441640599999971	1,763133057	1,00136233388101	89,8320200234371
66889,99805	0,441133999999977	1,764970337	1,00130952139421	89,9256298466398
66899,99805	0,442445299999974	1,768102417	1,00138692390133	90,0852100168136
66909,99805	0,440806099999975	1,761362549	1,00127924967602	89,7418122484333
66919,99805	0,441223400000013	1,760794678	1,00129024102606	89,7128790951241
66929,99805	0,441282999999999	1,764005859	1,00133755783784	89,8764894787792
66939,99805	0,44250489999996	1,768632202	1,00122736830359	90,1122026799817
66949,99805	0,44253470000001	1,77045459	1,00146767982034	90,2050537524838
66959,99805	0,442177000000015	1,767437988	1,00130048628446	90,0513572120039
66969,99805	0,442713499999968	1,772314331	1,00129461856374	90,2998079686147
66979,99805	0,443011500000011	1,77580896	1,00132423820183	90,4778600906914
66989,99805	0,442117399999972	1,768627441	1,00142939711819	90,1119601059765
66999,99805	0,44229630000001	1,769853149	1,00149739246986	90,1744102002344
67009,99805	0,442087599999979	1,770507202	1,00129806498705	90,2077343455444
67019,99805	0,442713499999968	1,771175293	1,0014096506928	90,2417737300657
67029,99805	0,443249900000012	1,773888794	1,00141291109326	90,3800272074184
67039,99805	0,443249900000012	1,774990601	1,00120194018033	90,4361645182657
67049,99805	0,441342599999984	1,769156128	1,00134715101615	90,1388968258012
67059,99805	0,442027999999993	1,76922168	1,00141263105887	90,1422367147297
67069,99805	0,443875800000001	1,781874512	1,00148565602831	90,7869013094207
67079,99805	0,442445299999974	1,774343262	1,00136037764073	90,4031824527437
67089,99805	0,443041300000004	1,775595459	1,00136754952163	90,4669821674224
67099,99805	0,44286249999999	1,777089966	1,00157172059937	90,5431276303052
67109,99805	0,443786399999965	1,781226196	1,00111950805543	90,7538694655322
67119,99805	0,442385699999988	1,773229614	1,00145678148173	90,346441840322
67129,99805	0,44310089999999	1,778804443	1,00129089310615	90,6304806134407
67139,99805	0,443339299999991	1,779730347	1,00137723671148	90,677655627452
67149,99805	0,443667199999993	1,78276709	1,0014719643466	90,8323783563459
67159,99805	0,443041300000004	1,777025269	1,00124050191675	90,5398313038162
67169,99805	0,443756599999972	1,78464624	1,00112491071903	90,9281214653284
67179,99805	0,443756599999972	1,784566406	1,00132116382422	90,9240539053345
67189,99805	0,443756599999972	1,78355542	1,0014024788119	90,8725439445662
67199,99805	0,443249900000012	1,780812012	1,00138226632926	90,7327666989351
67209,99805	0,442832699999997	1,77707373	1,00157423590832	90,5423004025068
67219,99805	0,444114200000001	1,786812622	1,0013204187327	91,0384991083711
67229,99805	0,444114200000001	1,786351196	1,00128213703067	91,0149893514037
67239,99805	0,44310089999999	1,78103479	1,00122969758969	90,7441172874102
67249,99805	0,443041300000004	1,781464966	1,00116719791304	90,7660348499516
67259,99805	0,444412199999988	1,789454102	1,00148193057072	91,1730830998115
67269,99805	0,443607600000007	1,784621216	1,00136671141869	90,9268464869822
67279,99805	0,442445299999974	1,779611816	1,00125698794168	90,6716164467315
67289,99805	0,442773100000011	1,779640137	1,00112602785624	90,6730594079584
67299,99805	0,443249900000012	1,782489502	1,0013469649933	90,8182351862231
67309,99805	0,442713499999968	1,778814575	1,00128511739674	90,6309968410863
67319,99805	0,441789599999993	1,777551025	1,00146870394613	90,5666186885413
67329,99805	0,442027999999993	1,777274658	1,00123379509297	90,5525377286391
67339,99805	0,442594299999996	1,77617749	1,00141812673389	90,49663677587
67349,99805	0,441640599999971	1,774432495	1,00133606765481	90,4077288938707
67359,99805	0,442922099999976	1,780879761	1,00148211659357	90,7362185255006
67369,99805	0,443279700000005	1,782987305	1,00146609562576	90,8435983594029
67379,99805	0,441789599999993	1,777111572	1,00147298847239	90,5442284607938
67389,99805	0,441640599999971	1,776512451	1,00133420442595	90,5137031130586
67399,99805	0,442027999999993	1,777538208	1,00139362972499	90,5659656595506
67409,99805	0,442087599999979	1,773680176	1,00140629728091	90,3693980740816
67419,99805	0,442683699999975	1,776726074	1,00136214785816	90,5245872522545
67429,99805	0,443369099999984	1,780618164	1,00167222294377	90,7228901003719
67439,99805	0,440806099999975	1,768013184	1,00165778517042	90,0806635756866
67449,99805	0,442206800000008	1,771641357	1,00141598447076	90,2655197941611
67459,99805	0,441610799999978	1,772167603	1,00133643970051	90,2923321444948
67469,99805	0,442713499999968	1,777618286	1,00136745651021	90,5700456513986
67479,99805	0,442445299999974	1,775857422	1,00145063372662	90,4803292403322
67489,99805	0,44310089999999	1,776587402	1,00162173874295	90,5175218831202
67499,99805	0,443041300000004	1,778946289	1,00155625870023	90,6377076985785
67509,99805	0,441372399999977	1,771114258	1,0013179974353	90,2386639832883
67519,99805	0,441551199999992	1,770437622	1,00152570794777	90,2041892291231
67529,99805	0,440597499999967	1,764963013	1,0013302919454	89,9252566872166
67539,99805	0,442624099999989	1,77385376	1,00157879946884	90,3782422173536
67549,99805	0,442445299999974	1,772008057	1,00131306082895	90,2842032404341
67559,99805	0,441372399999977	1,770235962	1,00141849977971	90,1939146074286
67569,99805	0,441372399999977	1,766884521	1,00141365618478	90,0231579456871
67579,99805	0,440895500000011	1,768331421	1,00146143905381	90,0968778213685
67589,99805	0,441551199999992	1,765300415	1,00141309711611	89,9424473938962
67599,99805	0,442385699999988	1,773028442	1,00154461627022	90,3361920823356
67609,99805	0,441521399999999	1,767171143	1,00113618110333	90,0377614001121
67619,99805	0,44286249999999	1,77486145	1,00161689514802	90,4295842461915
67629,99805	0,440895500000011	1,764755615	1,00147354754106	89,9146897131503
67639,99805	0,439941900000008	1,760754272	1,00124776680908	89,7108204004687
67649,99805	0,440686900000003	1,760038086	1,0013970761483	89,674330565038
67659,99805	0,440031299999987	1,759020508	1,00122802038368	89,6224847404086
67669,99805	0,441789599999993	1,767135498	1,00139009029025	90,035945279462
67679,99805	0,439941900000008	1,760085815	1,00146767982034	89,6767623681663
67689,99805	0,44062729999996	1,762798096	1,00136205484674	89,8149536862485
67699,99805	0,439464999999984	1,756205933	1,00137863388309	89,4790815203546
67709,99805	0,440955099999996	1,760600342	1,00133085101407	89,7029776328527
67719,99805	0,440031299999987	1,757397827	1,00153939962948	89,5398087838182
67729,99805	0,440537899999981	1,762491821	1,00134333254714	89,7993489071178
67739,99805	0,440806099999975	1,762015015	1,00148714621134	89,7750555357416
67749,99805	0,439882299999965	1,758108032	1,0014263237407	89,5759938859734
67759,99805	0,440359099999966	1,760540894	1,00130924235994	89,699948744077
67769,99805	0,441372399999977	1,765210327	1,00124422737434	89,9378573903297
67779,99805	0,441551199999992	1,765362793	1,00134808313064	89,9456255668212
67789,99805	0,440806099999975	1,766603394	1,00125633586159	90,0088344627299
67799,99805	0,441342599999984	1,764216797	1,00178977038178	89,8872368166302
67809,99805	0,440150500000016	1,762653564	1,00126937646333	89,8075897488154
67819,99805	0,441878999999972	1,768937866	1,00145650244746	90,127776328527
67829,99805	0,440150500000016	1,76460022	1,00134025916964	89,9067723034595
67839,99805	0,440806099999975	1,765489136	1,00142297032881	89,9520627706731
67849,99805	0,442027999999993	1,770303467	1,00141048879574	90,1973540021399
67859,99805	0,440269699999988	1,761724487	1,00125484567855	89,7602530697509
67869,99805	0,441610799999978	1,765983276	1,00151257433461	89,977239313191
67879,99805	0,441193599999963	1,763994751	1,00125214434676	89,8759235237173
67889,99805	0,441223400000013	1,762014648	1,00132265500737	89,7750368370102
67899,99805	0,439375600000005	1,757950073	1,00147000810632	89,5679458399144
67909,99805	0,439882299999965	1,761173706	1,00152663906213	89,7321906557294
67919,99805	0,441193599999963	1,764493774	1,00160236536337	89,9013488561675
67929,99805	0,441342599999984	1,766005005	1,00130998745146	89,9783464105569
67939,99805	0,439643799999999	1,760974365	1,00140499412084	89,7220341875987
67949,99805	0,441938600000015	1,768848389	1,00130626099375	90,1232174555459
67959,99805	0,439852499999972	1,76075	1,00145687449316	89,7106027411219
67969,99805	0,43895839999999	1,753721313	1,00136438313272	89,3524895806797
67979,99805	0,440478299999995	1,763418091	1,00148928847447	89,8465425689102
67989,99805	0,440359099999966	1,762495483	1,00148779829144	89,7995354868294
67999,99805	0,441431999999963	1,767556519	1,00142883804952	90,0573963927243
68009,99805	0,44062729999996	1,762674438	1,00147857715883	89,8086532837418
68019,99805	0,440686900000003	1,76697168	1,00161084140446	90,0275987160544
68029,99805	0,441551199999992	1,76806958	1,00149729945844	90,0835369643858
68039,99805	0,441342599999984	1,767005859	1,00120985715275	90,0293401436796
68049,99805	0,441193599999963	1,767820801	1,00117790922868	90,0708616191981
68059,99805	0,442683699999975	1,776421509	1,00138673787848	90,5090695980028
68069,99805	0,439852499999972	1,759426514	1,00127487213834	89,6431708360931
68079,99805	0,439405399999998	1,756596436	1,00147308148382	89,4989777347532
68089,99805	0,4397333	1,75883606	1,00135190159965	89,6130870739288
68099,99805	0,441640599999971	1,765662842	1,00131585517217	89,9609131298721
68109,99805	0,44229630000001	1,771697388	1,00144308980002	90,2683745860295
68119,99805	0,441610799999978	1,76641626	1,00133494951747	89,9992999439548
68129,99805	0,440478299999995	1,762494141	1,00138440859239	89,7994671116319
68139,99805	0,441223400000013	1,769011963	1,00149701942404	90,1315515870994
68149,99805	0,440895500000011	1,764491699	1,00139912540001	89,9012431344576
68159,99805	0,44310089999999	1,776760254	1,00132526232762	90,52632873083
68169,99805	0,441104199999984	1,766823242	1,00141505335639	90,0200357670556
68179,99805	0,441878999999972	1,769435059	1,00131995367558	90,1531084220717
68189,99805	0,442683699999975	1,773319458	1,00145836467619	90,3510194120344
68199,99805	0,442087599999979	1,770796753	1,00148202358215	90,2224870331686
68209,99805	0,440865699999961	1,76705957	1,0014092786471	90,0320767310338
68219,99805	0,44250489999996	1,771995117	1,00147159130078	90,2835439445662
68229,99805	0,442832699999997	1,776857544	1,00141281808184	90,5312856778927
68239,99805	0,442624099999989	1,776325073	1,00141970992834	90,5041561624293
68249,99805	0,441461800000013	1,77175415	1,00153111061136	90,2712666225098
68259,99805	0,44226649999996	1,772539551	1,00148891642877	90,311282977531
68269,99805	0,442206800000008	1,773473022	1,00134295950132	90,3588435318694
68279,99805	0,44310089999999	1,779071045	1,001156206563	90,6440640444286
68289,99805	0,4417598	1,77542334	1,00116980623341	90,4582126662251
68299,99805	0,442951899999969	1,78150769	1,00138468862678	90,7682116472207
68309,99805	0,443190299999969	1,781959595	1,00155020495666	90,7912363071279
68319,99805	0,443518100000006	1,784719727	1,00137192805944	90,9318656442656
68329,99805	0,442177000000015	1,774854614	1,00140350293769	90,4292359504764
68339,99805	0,443607600000007	1,787074341	1,00146292923684	91,0518337494268
68349,99805	0,443846000000008	1,787092041	1,00131687929796	91,0527355683497
68359,99805	0,443011500000011	1,781075928	1,00134966632509	90,7462132776278
68369,99805	0,443607600000007	1,786762085	1,00141728863094	91,0359242370204
68379,99805	0,443369099999984	1,784284546	1,00140350293769	90,9096930758649
68389,99805	0,442832699999997	1,78199292	1,00140583222379	90,7929342232639
68399,99805	0,443011500000011	1,783029053	1,00143498580463	90,8457254292556
68409,99805	0,443369099999984	1,783596924	1,00134985234794	90,8746585825648
68419,99805	0,442594299999996	1,779747192	1,00154247400709	90,6785138839354
68429,99805	0,442773100000011	1,777761353	1,00145473223003	90,577334946757
68439,99805	0,442683699999975	1,779463013	1,00151425154061	90,6640349009018
68449,99805	0,443130699999983	1,780130493	1,00134025916964	90,6980431548377
68459,99805	0,44342869999997	1,782325317	1,00144923655501	90,8098699240842
68469,99805	0,443249900000012	1,780818726	1,001416450528	90,7331087787232
68479,99805	0,442713499999968	1,776244263	1,00154526835032	90,5000388750191
68489,99805	0,442445299999974	1,77744519	1,00142101408853	90,5612263718347
68499,99805	0,44286249999999	1,779897339	1,00127673436708	90,686163906863
68509,99805	0,442594299999996	1,777240356	1,00149450511522	90,5507900341367
68519,99805	0,443279700000005	1,783062256	1,0013033736391	90,8474171294645
68529,99805	0,443369099999984	1,786482178	1,00133662572336	91,0216629133337
68539,99805	0,443846000000008	1,788723633	1,00163766669933	91,1358655423651
68549,99805	0,443190299999969	1,784456543	1,00156799514178	90,9184563611352
68559,99805	0,443667199999993	1,787753906	1,00128455932819	91,0864577367912
68569,99805	0,443875800000001	1,790641113	1,00133522855175	91,2335615733428
68579,99805	0,443846000000008	1,791749634	1,00148705319992	91,2900409639782
68589,99805	0,442951899999969	1,784343628	1,001366339373	90,9127033168594
68599,99805	0,444620799999996	1,795515259	1,00142231824872	91,4819003923167
68609,99805	0,44229630000001	1,782992432	1,00148994055457	90,8438595811892
68619,99805	0,442087599999979	1,782054321	1,00141905884837	90,7960626178224
68629,99805	0,442445299999974	1,778829834	1,0013800310547	90,6317742905182
68639,99805	0,442773100000011	1,780733887	1,00123901173372	90,72878621287
68649,99805	0,442683699999975	1,782091064	1,00160515970659	90,7979346818159
68659,99805	0,442922099999976	1,781780396	1,00140257182332	90,7821060783615
68669,99805	0,44310089999999	1,782234497	1,00116142320375	90,8052426249554
68679,99805	0,441610799999978	1,77624707	1,00112546978769	90,5001818922912
68689,99805	0,442951899999969	1,780649414	1,00124264417988	90,724482294798
68699,99805	0,443458499999963	1,78705603	1,00147513073552	91,0509007999185
68709,99805	0,441789599999993	1,780080811	1,00151648681516	90,6955118459265
68719,99805	0,442683699999975	1,777185303	1,00159156003619	90,5479850715851
68729,99805	0,443011500000011	1,780592529	1,00140890560128	90,7215839914404
68739,99805	0,44253470000001	1,778237427	1,00141142091023	90,601591022571
68749,99805	0,442027999999993	1,775946655	1,00150577549952	90,4848756814592
68759,99805	0,441551199999992	1,776755859	1,00127449909252	90,5261048046059
68769,99805	0,441789599999993	1,779565796	1,00156799514178	90,669271717532
68779,99805	0,441789599999993	1,77712146	1,00122941755529	90,5447322565853
68789,99805	0,441342599999984	1,774579102	1,00129089310615	90,4151985530137
68799,99805	0,440686900000003	1,771618774	1,00145147282969	90,264369185306
68809,99805	0,441521399999999	1,773714966	1,00155039097951	90,3711706322923
68819,99805	0,441461800000013	1,772990112	1,00128670159132	90,3342391603403
68829,99805	0,441044599999998	1,771653931	1,00123267795576	90,2661604422479
68839,99805	0,442385699999988	1,776362915	1,00174524791322	90,5060842207164
68849,99805	0,442832699999997	1,78093103	1,00148276867366	90,7388306924135
68859,99805	0,441968400000007	1,772449219	1,00150558847655	90,3066805421104
68869,99805	0,441789599999993	1,775602173	1,00132013969843	90,4673242472105
68879,99805	0,441431999999963	1,774785278	1,0013683886247	90,4257032659092
68889,99805	0,440537899999981	1,768122314	1,00129629476962	90,0862237733734
68899,99805	0,440597499999967	1,764163574	1,00162267085744	89,8845250929842
68909,99805	0,441551199999992	1,768440308	1,00130234951331	90,1024256381515
68919,99805	0,441640599999971	1,771872559	1,00155104305961	90,2772995873032
68929,99805	0,440031299999987	1,765942871	1,00142557864918	89,9751806694859
68939,99805	0,44062729999996	1,768470581	1,00139586599966	90,103968054211
68949,99805	0,440865699999961	1,770215942	1,00126304268537	90,1928945839914
68959,99805	0,440537899999981	1,767991211	1,00145761958468	90,0795440464666
68969,99805	0,440269699999988	1,762654297	1,00165405971284	89,8076270953279
68979,99805	0,439792899999986	1,761696411	1,00141058180716	89,7588225913283
68989,99805	0,440120699999966	1,7622323	1,00140350293769	89,7861262546492
68999,99805	0,439882299999965	1,76264856	1,00164102011122	89,8073347939063
69009,99805	0,440806099999975	1,764842041	1,00142185219147	89,9190931370052
69019,99805	0,440150500000016	1,763167114	1,00135963254922	89,8337552351353
69029,99805	0,4397333	1,759962402	1,00129405949507	89,6704744484638
69039,99805	0,439971700000001	1,761394043	1,00128278911076	89,7434168747134
69049,99805	0,440150500000016	1,762618774	1,00126062138797	89,8058171906048
69059,99805	0,440210100000002	1,762018433	1,00149701942404	89,7752296835991
69069,99805	0,438719999999989	1,752143799	1,00151807000962	89,2721148927498
69079,99805	0,439196799999991	1,75628125	1,00138794802712	89,4829189381974
69089,99805	0,441461800000013	1,766720215	1,00152570794777	90,0147865185714
69099,99805	0,439941900000008	1,76070105	1,00149627433252	89,708108727773
69109,99805	0,440686900000003	1,766224243	1,00158597234987	89,9895166352474
69119,99805	0,439554399999963	1,759123535	1,00126127246794	89,6277339888929
69129,99805	0,439137200000005	1,757611938	1,00153567417189	89,5507177867224
69139,99805	0,440806099999975	1,762880859	1,00176769567041	89,8191704794416
69149,99805	0,440031299999987	1,757160034	1,00150624055665	89,5276931777653
69159,99805	0,440269699999988	1,763258789	1,00129610874677	89,8384260967035
69169,99805	0,440478299999995	1,759668823	1,00117585997697	89,6555165333469
69179,99805	0,438869000000011	1,753759888	1,00157740229723	89,3544549854792
69189,99805	0,440865699999961	1,76159729	1,00140294486914	89,7537723544098
69199,99805	0,440031299999987	1,761943115	1,00163654856199	89,7713922148061
69209,99805	0,439614000000006	1,760275269	1,00133299327719	89,6864150914557
69219,99805	0,439792899999986	1,756883423	1,00128129892773	89,5135997860091
69229,99805	0,439792899999986	1,759714233	1,00144960960083	89,6578301829113
69239,99805	0,440716699999996	1,764035767	1,00142036200844	89,8780132980079
69249,99805	0,440210100000002	1,762255493	1,00159668366551	89,7873079431396
69259,99805	0,4397333	1,757918457	1,00149096568048	89,5663349977072
69269,99805	0,441282999999999	1,764364014	1,00144923655501	89,8947375554084
69279,99805	0,441461800000013	1,765367554	1,00128167097343	89,9458681408264
69289,99805	0,439971700000001	1,760266113	1,00170836238268	89,6859485912264
69299,99805	0,44006109999998	1,760773438	1,00131762438948	89,7117969124166
69309,99805	0,439941900000008	1,760056641	1,00138571275257	89,6752759464004
69319,99805	0,440895500000011	1,764585083	1,00126620907429	89,9060010699547
69329,99805	0,441938600000015	1,769554077	1,00134035218107	90,15917241555
69339,99805	0,441789599999993	1,7700354	1,0015060545338	90,1836959290773
69349,99805	0,441044599999998	1,764102051	1,00158243191501	89,8813904824986
69359,99805	0,439792899999986	1,75862146	1,00125484567855	89,6021531563662
69369,99805	0,439464999999984	1,755064697	1,00131585517217	89,4209352932185
69379,99805	0,4397333	1,758089478	1,00133960708955	89,5750485555612
69389,99805	0,439464999999984	1,755904419	1,00129638778105	89,463719315229
69399,99805	0,439554399999963	1,756035278	1,00134649893605	89,4703866102817
69409,99805	0,439315999999963	1,755415283	1,00160143324888	89,4387977276201
69419,99805	0,441461800000013	1,763316528	1,00148034737626	89,8413679115504
69429,99805	0,441461800000013	1,762892944	1,00133085101407	89,81978621287
69439,99805	0,439703500000007	1,758287598	1,00141142091023	89,5851428134712
69449,99805	0,439703500000007	1,756917847	1,00124460042016	89,5153536964386
69459,99805	0,440388899999959	1,762643311	1,00110348708762	89,807067356193
69469,99805	0,44226649999996	1,772196167	1,00143293655293	90,2937874866256
69479,99805	0,441849199999979	1,772083862	1,00168582161406	90,288065521985
69489,99805	0,441521399999999	1,767773193	1,00136475517841	90,0684359810465
69499,99805	0,442594299999996	1,773709229	1,00163235704716	90,3708783308708
69509,99805	0,441849199999979	1,767565796	1,00145696750458	90,0578690579304
69519,99805	0,441551199999992	1,767161255	1,00138636483266	90,0372576043206
69529,99805	0,441551199999992	1,769130615	1,0011013448245	90,1375969327967
69539,99805	0,440031299999987	1,761561035	1,00140331691484	89,7519251541244
69549,99805	0,441461800000013	1,768848389	1,0012501891066	90,1232174555459
69559,99805	0,441789599999993	1,768142212	1,00150419130494	90,0872375808835
69569,99805	0,44062729999996	1,763086182	1,00115527544864	89,829631731798
69579,99805	0,441938600000015	1,769036987	1,00171581429797	90,1328265654456
69589,99805	0,440210100000002	1,759319092	1,00140331691484	89,6376976613848
69599,99805	0,440955099999996	1,761163818	1,00126024834215	89,7316868599379
69609,99805	0,441223400000013	1,765404175	1,00124599759177	89,9477339888929
69619,99805	0,441700200000014	1,767357056	1,00156147534097	90,0472337086666
69629,99805	0,440031299999987	1,759955322	1,0015203982956	89,6701137208947
69639,99805	0,440865699999961	1,762785034	1,00133206216283	89,8142881744536
69649,99805	0,441461800000013	1,76524707	1,00141216600175	89,9397294543231
69659,99805	0,442832699999997	1,773287598	1,0016719439095	90,3493961379732
69669,99805	0,441849199999979	1,766467041	1,00108728009697	90,0018872471595
69679,99805	0,441282999999999	1,766221191	1,00114195581262	89,989361135171
69689,99805	0,441372399999977	1,768762573	1,0013878550157	90,1188451113262
69699,99805	0,442594299999996	1,773693359	1,0015952864939	90,3700697508534
69709,99805	0,442117399999972	1,773362915	1,00153287982867	90,353233555816
69719,99805	0,442832699999997	1,776826538	1,0013800310547	90,5297059153207
69729,99805	0,44250489999996	1,774575195	1,00128483836247	90,4149994904978
69739,99805	0,442624099999989	1,775420288	1,00127431306968	90,4580571661487
69749,99805	0,443041300000004	1,778892456	1,0014842588567	90,6349648952973
69759,99805	0,443011500000011	1,777652954	1,00145752657325	90,5718119936822
69769,99805	0,441849199999979	1,769768188	1,0013057029252	90,1700814184542
69779,99805	0,442355899999995	1,772289795	1,00128772571711	90,2985578539767
69789,99805	0,44229630000001	1,772714844	1,00138710992418	90,3202141947318
69799,99805	0,443696999999986	1,784197266	1,00147867017026	90,9052461405207
69809,99805	0,443130699999983	1,778276489	1,00133485650605	90,6035812401284
69819,99805	0,44342869999997	1,78400769	1,00151313340327	90,8955872013043
69829,99805	0,442177000000015	1,777563599	1,00143936334232	90,5672593366281
69839,99805	0,443577800000014	1,783321289	1,00140583222379	90,8606149182249
69849,99805	0,44229630000001	1,777199829	1,00134957331367	90,5487251745045
69859,99805	0,441789599999993	1,771780396	1,00145361509282	90,2726038620268
69869,99805	0,44250489999996	1,773762085	1,00125559077007	90,3735713557854
69879,99805	0,4417598	1,774736084	1,00145165885254	90,4231968207062
69889,99805	0,443041300000004	1,77805896	1,00143852523937	90,5924980893667
69899,99805	0,443011500000011	1,780829712	1,00152403174189	90,733668517858
69909,99805	0,442206800000008	1,775685303	1,00137267315096	90,4715597391349
69919,99805	0,441014800000005	1,770550171	1,00126900341751	90,2099236256178
69929,99805	0,441610799999978	1,768567383	1,00145007565808	90,1089001375656
69939,99805	0,441938600000015	1,771623779	1,00127338195531	90,2646241911652
69949,99805	0,442832699999997	1,776995117	1,00141598447076	90,5382950527335
69959,99805	0,442445299999974	1,775550903	1,00128148495058	90,4647120293473
69969,99805	0,441610799999978	1,770010498	1,00157209364519	90,1824271666582
69979,99805	0,440806099999975	1,768147705	1,00130141739882	90,0875174504509
69989,99805	0,44250489999996	1,776582886	1,00143722107919	90,5172917919193
69999,99805	0,441104199999984	1,773371338	1,00131091856582	90,3536627095328
70009,99805	0,4417598	1,77367627	1,00126835233754	90,3691990625159
70019,99805	0,4417598	1,772225464	1,00135227464547	90,2952801752688
70029,99805	0,442117399999972	1,775219727	1,00144159961699	90,4478385387477
70039,99805	0,44286249999999	1,780181152	1,00132414519041	90,7006242421155
70049,99805	0,44226649999996	1,77530603	1,00133532256329	90,4522356957253
70059,99805	0,441431999999963	1,775714478	1,00150577549952	90,473046211851
70069,99805	0,440806099999975	1,771243408	1,00144895752074	90,2452442044123
70079,99805	0,440597499999967	1,76894165	1,00124422737434	90,1279691241657
70089,99805	0,442355899999995	1,775495728	1,00138217331783	90,4619008508687
70099,99805	0,441223400000013	1,772797974	1,00141421525345	90,3244496866561
70109,99805	0,440269699999988	1,76797522	1,00157060346215	90,0787293014725
70119,99805	0,440031299999987	1,764518799	1,00124012887093	89,9026238854639
70129,99805	0,440776299999982	1,770831787	1,00153399796601	90,2242720232333
70139,99805	0,440299499999981	1,766219116	1,00136894669325	89,9892554134611
70149,99805	0,440150500000016	1,766122437	1,00129508362086	89,9843295969838
70159,99805	0,441431999999963	1,766793823	1,001377981803	90,0185368624854
70169,99805	0,440537899999981	1,76453186	1,00126835233754	89,9032893463087
70179,99805	0,440150500000016	1,76381189	1,00135422988562	89,8666067152392
70189,99805	0,439971700000001	1,760953979	1,00141309711611	89,7209955163805
70199,99805	0,441223400000013	1,765393188	1,00162378799465	89,9471741988078
70209,99805	0,441044599999998	1,76714856	1,0013636380412	90,0366107912569
70219,99805	0,43952459999997	1,761290039	1,00126108644509	89,7381178478626
70229,99805	0,440806099999975	1,769888184	1,00153073756554	90,1761952412493
70239,99805	0,440776299999982	1,765690552	1,00141840676828	89,9623249605136
70249,99805	0,440031299999987	1,762873169	1,00126416082271	89,8187786722372
70259,99805	0,438809399999968	1,755684082	1,00147289546097	89,452493096245
70269,99805	0,438779599999975	1,754104858	1,00132796365942	89,3720312834361
70279,99805	0,440597499999967	1,761044312	1,00145994887077	89,7255980027513
70289,99805	0,439196799999991	1,753304199	1,00133057197979	89,3312375299333
70299,99805	0,439137200000005	1,751148926	1,0011319895885	89,2214258929026
70309,99805	0,441551199999992	1,767937622	1,00146050693932	90,0768136750395
70319,99805	0,441104199999984	1,764895752	1,0013465929476	89,9218297243593
70329,99805	0,439703500000007	1,759759521	1,00145380111566	89,6601376165487
70339,99805	0,439196799999991	1,757167114	1,00169597486115	89,5280539053345
70349,99805	0,439971700000001	1,757204956	1,00148034737626	89,5299819636216
70359,99805	0,440210100000002	1,761030762	1,00153409097743	89,7249076272482
70369,99805	0,439614000000006	1,758835205	1,00148779829144	89,6130435114893
70379,99805	0,440031299999987	1,76089624	1,00138114919204	89,7180537015336
70389,99805	0,440865699999961	1,76091748	1,00129424551792	89,7191358842411
70399,99805	0,439405399999998	1,757377441	1,00147205735802	89,5387701126
70409,99805	0,441044599999998	1,762657104	1,00161698915957	89,8077701126
70419,99805	0,43952459999997	1,757699219	1,00108877128012	89,5551647730168
70429,99805	0,440120699999966	1,76122937	1,00135180858822	89,7350267488664
70439,99805	0,439971700000001	1,760234009	1,00119868077998	89,6843128853111
70449,99805	0,440388899999959	1,763459229	1,0014024788119	89,8486385591277
70459,99805	0,440150500000016	1,76297644	1,00167538933269	89,8240403525756
70469,99805	0,440269699999988	1,761176636	1,00132805667084	89,7323399398788
70479,99805	0,441521399999999	1,766118286	1,00144569712027	89,9841181026137
70489,99805	0,438869000000011	1,751874512	1,00138683088991	89,2583946604168
70499,99805	0,440865699999961	1,76275415	1,00106138691658	89,8127146278086
70509,99805	0,440537899999981	1,76619458	1,00140527315512	89,9880052988231
70519,99805	0,439792899999986	1,760703735	1,00149832358423	89,7082455291181
70529,99805	0,440865699999961	1,76395166	1,00141263105887	89,8737280277169
70539,99805	0,441133999999977	1,766147217	1,00129070608318	89,9855921434758
70549,99805	0,439554399999963	1,758671997	1,00134407763865	89,6047280277169
70559,99805	0,4397333	1,762086426	1,00121246547312	89,7786939420187
70569,99805	0,440388899999959	1,761281616	1,00142865202668	89,7376886941458
70579,99805	0,441342599999984	1,767675537	1,0014215731572	90,0634603862027
70589,99805	0,441372399999977	1,769928467	1,00141617049361	90,1782476690274
70599,99805	0,441640599999971	1,771190918	1,00144467299448	90,2425698272788
70609,99805	0,440448500000002	1,766062012	1,00158112875494	89,9812509298415
70619,99805	0,43928619999997	1,759540161	1,00135385783993	89,6489611759311
70629,99805	0,439375600000005	1,756708374	1,00125717496465	89,5046810006624
70639,99805	0,439226599999984	1,754843018	1,0013994054344	89,409640699037
70649,99805	0,43952459999997	1,755133545	1,0013977282284	89,4244431140776
70659,99805	0,439405399999998	1,755831543	1,00141058180716	89,4600062668773
70669,99805	0,439464999999984	1,756637939	1,00166374690269	89,5010923218016
70679,99805	0,44062729999996	1,758773682	1,00090043414723	89,6099089010037
70689,99805	0,441431999999963	1,766186157	1,00133010592255	89,9875761451062
70699,99805	0,441431999999963	1,767419434	1,0015636176041	90,0504118815917
70709,99805	0,440448500000002	1,764925171	1,00143414770169	89,9233286289295
70719,99805	0,441282999999999	1,764100586	1,0015905359104	89,8813158404239
70729,99805	0,440597499999967	1,759518555	1,00161112043873	89,6478603454425
70739,99805	0,439464999999984	1,75527771	1,00145948281353	89,4317883527793
70749,99805	0,44226649999996	1,771647827	1,00166411894838	90,2658494420951
70759,99805	0,440597499999967	1,759312866	1,00153967966387	89,6373804453049
70769,99805	0,441551199999992	1,767002197	1,00153856152654	90,029153563968
70779,99805	0,440537899999981	1,760400757	1,00139307165644	89,692808732868
70789,99805	0,440895500000011	1,761865479	1,00156454871847	89,7674366433994
70799,99805	0,440955099999996	1,761635742	1,00135581408021	89,755731492332
70809,99805	0,440895500000011	1,762537842	1,00139670410261	89,8016936872675
70819,99805	0,440537899999981	1,762975464	1,00158131477779	89,8239906251592
70829,99805	0,439196799999991	1,753504272	1,00124422737434	89,3414312936261
70839,99805	0,441431999999963	1,763030762	1,00140098862886	89,8268080705151
70849,99805	0,440955099999996	1,764367676	1,00147988131902	89,89492413512
70859,99805	0,441014800000005	1,768498047	1,00130020725018	90,1053674529984
70869,99805	0,442117399999972	1,770595703	1,00124022288248	90,2122434911092
70879,99805	0,441700200000014	1,76995105	1,00131762438948	90,1793982778825
70889,99805	0,44226649999996	1,771887451	1,00122280474306	90,2780583380038
70899,99805	0,44229630000001	1,772493896	1,00132181590431	90,3089568451623
70909,99805	0,4397333	1,75849231	1,00143219146141	89,5955729352423
70919,99805	0,441342599999984	1,763299683	1,00153157566848	89,840509655067
70929,99805	0,441551199999992	1,76502417	1,0013486421993	89,928372649921
70939,99805	0,44062729999996	1,764333862	1,00143284354151	89,8932013043257
70949,99805	0,440597499999967	1,761490356	1,00143219146141	89,7483240434096
70959,99805	0,440776299999982	1,762845703	1,00152794322232	89,8173792734498
70969,99805	0,440895500000011	1,761882446	1,00159249215068	89,7683011158099
70979,99805	0,441610799999978	1,766532593	1,00143042224411	90,005227136088
70989,99805	0,442177000000015	1,769344849	1,00131212971458	90,1485122025781
70999,99805	0,441938600000015	1,768766846	1,00128558345398	90,1190628216233
71009,99805	0,442594299999996	1,773499878	1,00137937897461	90,3602118510216
71019,99805	0,44250489999996	1,775723022	1,00136121574368	90,4734815305447
71029,99805	0,44253470000001	1,776505981	1,00150922192284	90,5133734651246
71039,99805	0,442683699999975	1,777158936	1,00142250427156	90,5466416670913
71049,99805	0,441342599999984	1,770343872	1,00160059514594	90,199412645845
71059,99805	0,44286249999999	1,776466431	1,00162891062385	90,511358383859
71069,99805	0,441551199999992	1,771986084	1,00134258745562	90,2830837112141
71079,99805	0,44250489999996	1,775634399	1,00145938980211	90,4689661690528
71089,99805	0,44229630000001	1,77424939	1,00119933286008	90,3983996535385
71099,99805	0,441521399999999	1,770412964	1,00158364306377	90,2029328985581
71109,99805	0,442832699999997	1,776994507	1,00168405239675	90,5382639730983
71119,99805	0,44250489999996	1,775001709	1,00131604119502	90,4367304733276
71129,99805	0,442624099999989	1,777085693	1,00161549797641	90,5429099200082
71139,99805	0,44253470000001	1,774767822	1,00150288814488	90,4248138788404
71149,99805	0,441700200000014	1,767353027	1,00133383138013	90,0470284302237
71159,99805	0,44253470000001	1,7744646	1,0013469649933	90,4093646507362
71169,99805	0,44226649999996	1,773277954	1,00138673787848	90,3489047740358
71179,99805	0,442624099999989	1,776133545	1,00138412955811	90,4943977683803
71189,99805	0,442683699999975	1,776106812	1,00135879444627	90,4930357161054
71199,99805	0,443846000000008	1,784415894	1,00143479978179	90,916385285576
71209,99805	0,442624099999989	1,775873047	1,00126881739466	90,4811253375452
71219,99805	0,441938600000015	1,773238159	1,00123640341334	90,3468772099659
71229,99805	0,443458499999963	1,781884277	1,00127766648157	90,787398838335
71239,99805	0,443011500000011	1,779126099	1,00155160212827	90,6468690579304
71249,99805	0,442713499999968	1,77899707	1,00146022790505	90,6402950017833
71259,99805	0,442027999999993	1,775406006	1,00131129061152	90,4573294950833
71269,99805	0,443011500000011	1,780309937	1,00139269861062	90,7071858664085
71279,99805	0,443041300000004	1,77953064	1,0015230996274	90,6674805115402
71289,99805	0,442713499999968	1,778179932	1,00134966632509	90,5986616395781
71299,99805	0,443696999999986	1,785483276	1,00144569712027	90,9707686350436
71309,99805	0,443846000000008	1,787623901	1,00147811110159	91,0798339532277
71319,99805	0,44310089999999	1,780894409	1,00128455932819	90,7369648443471
71329,99805	0,441878999999972	1,775951538	1,00146059995075	90,4851244713915
71339,99805	0,442922099999976	1,780969727	1,00152794322232	90,7408023131401
71349,99805	0,44250489999996	1,777368652	1,00132656648781	90,5573267437713
71359,99805	0,442951899999969	1,778830933	1,00141319012754	90,6318302848117
71369,99805	0,441431999999963	1,770124268	1,00127077363494	90,1882237733734
71379,99805	0,442445299999974	1,774317627	1,00117548793128	90,4018763438121
71389,99805	0,442951899999969	1,779835449	1,00163403425317	90,6830105976461
71399,99805	0,442206800000008	1,775924561	1,00155458249434	90,4837499872625
71409,99805	0,441044599999998	1,773196655	1,00133699876918	90,3447625719672
71419,99805	0,441968400000007	1,773924805	1,00122736830359	90,3818619758496
71429,99805	0,442445299999974	1,775575684	1,00114745148764	90,4659746267896
71439,99805	0,440716699999996	1,772465454	1,00141505335639	90,3075077189586
71449,99805	0,442445299999974	1,776130981	1,00159509947093	90,494267132012
71459,99805	0,44062729999996	1,769471436	1,00149441110367	90,154961838284
71469,99805	0,439941900000008	1,766644653	1,00176993094496	90,0109366179243
71479,99805	0,442027999999993	1,771820068	1,00146264920245	90,2746251592195
71489,99805	0,441551199999992	1,77098645	1,0013350425289	90,2321521373618
71499,99805	0,441223400000013	1,766867188	1,00151238831176	90,0222748254955
71509,99805	0,4417598	1,768327515	1,00135953953779	90,0966788098028
71519,99805	0,440537899999981	1,764275513	1,00156464172989	89,8902284098436
71529,99805	0,440388899999959	1,766013794	1,0014505407152	89,9787942120548
71539,99805	0,441700200000014	1,770708374	1,00132181590431	90,2179841035309
71549,99805	0,441133999999977	1,76727124	1,00110013467586	90,0428613644469
71559,99805	0,440299499999981	1,76743042	1,00165070630095	90,0509716207266
71569,99805	0,441282999999999	1,765897095	1,00119644450531	89,9728483721404
71579,99805	0,441223400000013	1,767160522	1,00137015784201	90,0372202578081
71589,99805	0,4417598	1,768758911	1,00114288692699	90,1186585316146
71599,99805	0,440865699999961	1,76970459	1,00139866034289	90,1668410862587
71609,99805	0,439971700000001	1,765090332	1,00154191493843	89,9317436184847
71619,99805	0,44006109999998	1,764246094	1,00125084118669	89,8887295052734
71629,99805	0,442177000000015	1,774533936	1,00124469343158	90,4128973353034
71639,99805	0,44006109999998	1,765245239	1,00129610874677	89,9396361644673
71649,99805	0,44006109999998	1,763917969	1,00149273489779	89,8720114637999
71659,99805	0,439882299999965	1,762376709	1,00138906616446	89,7934839252051
71669,99805	0,440269699999988	1,764229736	1,00142529861479	89,8878960615479
71679,99805	0,441461800000013	1,76763855	1,00149608830968	90,0615758903551
71689,99805	0,441551199999992	1,767613892	1,00117381072527	90,0603195597901
71699,99805	0,438809399999968	1,753089844	1,00119448926515	89,320316095175
71709,99805	0,439315999999963	1,758894409	1,00124366830567	89,6160599684109
71719,99805	0,439226599999984	1,75552063	1,00108895730297	89,4441651806185
71729,99805	0,439882299999965	1,761027954	1,00147215036945	89,7247645590258
71739,99805	0,439405399999998	1,757428589	1,00165070630095	89,5413761145361
71749,99805	0,439971700000001	1,76092395	1,00159798782569	89,7194655321751
71759,99805	0,440120699999966	1,762370728	1,00143992241098	89,7931791919295
71769,99805	0,440806099999975	1,761975952	1,00135926050352	89,7730652672339
71779,99805	0,441700200000014	1,769094238	1,00160497268362	90,1357435165843
71789,99805	0,439554399999963	1,759988281	1,00126714118878	89,6717929892495
71799,99805	0,439852499999972	1,761658813	1,00184854360072	89,7569069648953
71809,99805	0,439405399999998	1,759316406	1,0015343700117	89,6375608090895
71819,99805	0,441342599999984	1,765061646	1,00153390495458	89,930282060427
71829,99805	0,440716699999996	1,764549072	1,00167557635566	89,9041663015234
71839,99805	0,439852499999972	1,758307129	1,00134119028401	89,58613792225
71849,99805	0,439852499999972	1,75828479	1,00131306082895	89,5849997452489
71859,99805	0,438988199999983	1,755164795	1,00143917731947	89,4260353085036
71869,99805	0,439852499999972	1,757901611	1,00153735037777	89,5654766902736
71879,99805	0,43952459999997	1,757858643	1,00136745651021	89,5632874611505
71889,99805	0,440150500000016	1,762447876	1,00145612940164	89,7971098996281
71899,99805	0,440359099999966	1,76361731	1,00141505335639	89,8566928211138
71909,99805	0,441551199999992	1,77035144	1,00138636483266	90,1997982371223
71919,99805	0,441223400000013	1,766852539	1,00143191242714	90,0215284556988
71929,99805	0,439643799999999	1,761196045	1,00139754220555	89,7333288327304
71939,99805	0,439107400000012	1,757273804	1,00140173372038	89,5334897844806
71949,99805	0,440537899999981	1,76044458	1,00158001061761	89,6950415244306
71959,99805	0,4397333	1,757135254	1,00156054322648	89,5264306312733
71969,99805	0,438988199999983	1,751666016	1,00130719310823	89,2477717430071
71979,99805	0,438123899999994	1,746941772	1,00152561493634	89,0070704641565
71989,99805	0,43928619999997	1,751295288	1,0014675858088	89,2288830692413
71999,99805	0,437974899999972	1,744956787	1,00144010843383	88,9059350384674
72009,99805	0,438153699999987	1,744300903	1,00144886450932	88,8725176033016
72019,99805	0,439941900000008	1,752270264	1,001337371815	89,2785583125287
72029,99805	0,439852499999972	1,753512817	1,0013438916158	89,34186666327
72039,99805	0,439315999999963	1,752978149	1,00152049230715	89,3146252101697
72049,99805	0,438988199999983	1,75159082	1,00133820991794	89,2439404901411
72059,99805	0,438869000000011	1,750697998	1,00140732240682	89,1984510113619
72069,99805	0,439375600000005	1,75703772	1,00140154769753	89,5214612523565
72079,99805	0,441014800000005	1,762516846	1,00137891291737	89,8006239364141
72089,99805	0,4397333	1,75697229	1,00153250778297	89,518127579355
72099,99805	0,439554399999963	1,755192017	1,00145035469235	89,4274222754369
72109,99805	0,438481599999989	1,746852539	1,00128204401925	89,0025240230295
72119,99805	0,439941900000008	1,751358398	1,00139912540001	89,2320985377286
72129,99805	0,43863060000001	1,74762439	1,00163524440181	89,0418500025475
72139,99805	0,438660400000003	1,7495625	1,00125484567855	89,1405971365975
72149,99805	0,440955099999996	1,760618774	1,00156957833624	89,7039167473379
72159,99805	0,439047799999969	1,753406738	1,00139186050768	89,3364619147093
72169,99805	0,438034500000015	1,746588867	1,00129173120909	88,989089876191
72179,99805	0,438034500000015	1,745871094	1,00148481792537	88,9525191827584
72189,99805	0,43863060000001	1,748956299	1,00142883804952	89,1097110612931
72199,99805	0,437885499999993	1,744043213	1,00153306585152	88,8593882406889
72209,99805	0,440150500000016	1,7552854	1,00152663906213	89,4321801599837
72219,99805	0,440299499999981	1,757973022	1,00137276616238	89,5691150965507
72229,99805	0,439971700000001	1,76003833	1,00135087747386	89,6743429968921
72239,99805	0,439464999999984	1,756102661	1,00128539743114	89,4738197890661
72249,99805	0,43928619999997	1,756996704	1,00134435667293	89,5193714780659
72259,99805	0,441223400000013	1,766311768	1,00140415501778	89,9939760533958
72269,99805	0,441223400000013	1,765036133	1,00140871957843	89,9289821674224
72279,99805	0,439614000000006	1,757787842	1,00155011194524	89,5596801345086
72289,99805	0,441223400000013	1,763290649	1,00147038015202	89,8400493707648
72299,99805	0,440299499999981	1,758287476	1,00122699625789	89,5851365975442
72309,99805	0,441193599999963	1,765858643	1,00143042224411	89,9708892342182
72319,99805	0,43952459999997	1,75679126	1,00138422256954	89,5089040607327
72329,99805	0,441193599999963	1,764387085	1,00138394353526	89,8959130279717
72339,99805	0,439941900000008	1,759869141	1,00155039097951	89,6657227798441
72349,99805	0,440388899999959	1,761637939	1,00151760395238	89,7558434299689
72359,99805	0,441431999999963	1,76660437	1,00155467550577	90,0088841901462
72369,99805	0,441133999999977	1,764610107	1,00129014701451	89,9072760483008
72379,99805	0,439405399999998	1,756895996	1,00133522855175	89,5142403831457
72389,99805	0,441431999999963	1,76620105	1,00158317800665	89,988334946757
72399,99805	0,441551199999992	1,766242798	1,00123509925316	89,9904620166098
72409,99805	0,4417598	1,769039917	1,00145994887077	90,132975849595
72419,99805	0,440895500000011	1,763867188	1,00110665447666	89,8694241605951
72429,99805	0,440388899999959	1,763374268	1,00146171808808	89,8443097773475
72439,99805	0,440210100000002	1,761825562	1,00153483606895	89,7654028634025
72449,99805	0,440776299999982	1,760119019	1,00126099343366	89,6784541193254
72459,99805	0,440806099999975	1,761440796	1,00140070859447	89,7457989504254
72469,99805	0,441849199999979	1,768032104	1,00160059514594	90,0816275538799
72479,99805	0,442355899999995	1,774681396	1,00168908201452	90,4204104549855
72489,99805	0,441551199999992	1,767422974	1,00140173372038	90,0505922453763
72499,99805	0,439941900000008	1,761579468	1,00151331942612	89,7528643195598
72509,99805	0,442445299999974	1,773649536	1,0016573201133	90,3678369592908
72519,99805	0,441551199999992	1,766021362	1,0013564661603	89,9791798033321
72529,99805	0,441551199999992	1,768425659	1,00121945133117	90,1016792683548
72539,99805	0,442594299999996	1,776714844	1,00156818116463	90,5240150812656
72549,99805	0,442624099999989	1,774999878	1,00135227464547	90,4366371834718
72559,99805	0,441968400000007	1,771582764	1,00149543622958	90,2625344678249
72569,99805	0,441104199999984	1,7700177	1,0016723159552	90,1827941101544
72579,99805	0,442355899999995	1,773205566	1,00147550378134	90,3452165893922
72589,99805	0,44253470000001	1,774620483	1,00146125203084	90,4173069241351
72599,99805	0,44226649999996	1,775797485	1,00158392309816	90,4772754368982
72609,99805	0,442683699999975	1,77639917	1,0012474877748	90,5079314210017
72619,99805	0,441431999999963	1,769246948	1,00145855169916	90,14352412493
72629,99805	0,442177000000015	1,771465576	1,00106837277464	90,2565637132522
72639,99805	0,441640599999971	1,770342041	1,0013755605056	90,1993193559892
72649,99805	0,44253470000001	1,775657593	1,00144411392582	90,4701479084934
72659,99805	0,441878999999972	1,772129639	1,00142744087791	90,2903978702807
72669,99805	0,442087599999979	1,77199646	1,00128195100782	90,2836123707138
72679,99805	0,441461800000013	1,768684204	1,00180839866984	90,114852193407
72689,99805	0,442445299999974	1,77270459	1,00130197646749	90,3196917511591
72699,99805	0,442087599999979	1,772820313	1,00130840325687	90,3255878636572
72709,99805	0,443011500000011	1,780636963	1,00168116504211	90,7238479135884
72719,99805	0,442624099999989	1,777925415	1,00132489028193	90,5856939420187
72729,99805	0,442624099999989	1,779366821	1,00166393292554	90,6591338971825
72739,99805	0,44226649999996	1,77524353	1,00151127017442	90,4490513068732
72749,99805	0,442713499999968	1,779144775	1,0016651440743	90,6478206042696
72759,99805	0,442624099999989	1,777431641	1,00150102491602	90,5605360472818
72769,99805	0,442951899999969	1,780724243	1,00131175666876	90,7282948489326
72779,99805	0,442951899999969	1,780873291	1,00162229781162	90,7358888775666
72789,99805	0,442385699999988	1,775462769	1,00129685383829	90,4602215825139
72799,99805	0,441968400000007	1,773391846	1,00138459561536	90,3547075966781
72809,99805	0,44250489999996	1,778992798	1,00137500143693	90,6400773424364
72819,99805	0,441461800000013	1,773905762	1,00141933788265	90,380891730779
72829,99805	0,442027999999993	1,774173584	1,00141160693308	90,3945373210373
72839,99805	0,442773100000011	1,778498535	1,00145119279529	90,6148945330412
72849,99805	0,442385699999988	1,776700439	1,00138748297	90,523281143323
72859,99805	0,442117399999972	1,774579102	1,00124534551168	90,4151985530137
72869,99805	0,442594299999996	1,776553223	1,00166523708572	90,515780455495
72879,99805	0,442683699999975	1,776965942	1,00134417065008	90,5368085800173
72889,99805	0,442922099999976	1,780526733	1,00127068062351	90,7182316706578
72899,99805	0,441193599999963	1,772760132	1,00147159130078	90,3225216283691
72909,99805	0,441610799999978	1,774016113	1,00134677897045	90,3865141386865
72919,99805	0,441521399999999	1,769521606	1,00123100074975	90,1575180109034
72929,99805	0,440895500000011	1,770683472	1,00150009380166	90,2167153411117
72939,99805	0,440806099999975	1,77111377	1,00127673436708	90,2386391195802
72949,99805	0,441193599999963	1,769905396	1,0014195239055	90,1770721964641
72959,99805	0,442355899999995	1,775874756	1,00135749028609	90,481212411474
72969,99805	0,440776299999982	1,769355713	1,00133299327719	90,1490657257859
72979,99805	0,441551199999992	1,770919067	1,00139521391957	90,2287189585775
72989,99805	0,440716699999996	1,769468384	1,00140238580047	90,1548063382076
72999,99805	0,441133999999977	1,76918689	1,00127673436708	90,1404641565191
73009,99805	0,442445299999974	1,778010864	1,00157190762234	90,590047587507
73019,99805	0,442027999999993	1,775267944	1,00111131204874	90,4502952055842
73029,99805	0,440537899999981	1,770671997	1,00122764833798	90,2161306873185
73039,99805	0,440537899999981	1,769639893	1,00119234700203	90,1635447597697
73049,99805	0,44226649999996	1,776949707	1,00135422988562	90,5359814031691
73059,99805	0,441521399999999	1,771338745	1,00120883302696	90,2501016456922
73069,99805	0,44006109999998	1,765013916	1,00119560640237	89,9278502063484
73079,99805	0,440388899999959	1,766919922	1,00132442422468	90,0249616344831
73089,99805	0,44006109999998	1,763801147	1,00125894418196	89,8660593570082
73099,99805	0,44006109999998	1,761002075	1,00124953702651	89,7234460182402
73109,99805	0,439554399999963	1,759447144	1,00128996099166	89,6442219391654
73119,99805	0,440299499999981	1,76543042	1,00160283042049	89,9490711774596
73129,99805	0,439137200000005	1,75853418	1,00149925469859	89,5977062210221
73139,99805	0,439375600000005	1,758427734	1,00130076631885	89,5922827737301
73149,99805	0,439852499999972	1,764186279	1,00137621258569	89,8856819177663
73159,99805	0,439941900000008	1,763849854	1,00164316237435	89,8685409894533
73169,99805	0,439792899999986	1,762851563	1,00171162278314	89,8176778417486
73179,99805	0,439703500000007	1,760216797	1,0016916903349	89,6834359300963
73189,99805	0,440478299999995	1,760609619	1,00136000559504	89,7034502980588
73199,99805	0,438302700000008	1,7519729	1,00117576696555	89,2634075508228
73209,99805	0,440269699999988	1,758376709	1,00149832358423	89,5896830386712
73219,99805	0,440299499999981	1,759943726	1,00125726797608	89,6695229021246
73229,99805	0,440776299999982	1,76350061	1,00148668115422	89,8507469302491
73239,99805	0,440478299999995	1,761094116	1,00129908911284	89,7281355275895
73249,99805	0,438660400000003	1,755058716	1,00138776200427	89,4206305599429
73259,99805	0,438213299999973	1,751779297	1,00143191242714	89,2535434350639
73269,99805	0,438898800000004	1,756322876	1,00132395816744	89,4850397921231
73279,99805	0,438660400000003	1,754155273	1,00144374188012	89,3745999388597
73289,99805	0,438988199999983	1,75604895	1,00157665720572	89,4710832017119
73299,99805	0,438660400000003	1,753391479	1,0012746861155	89,3356844652774
73309,99805	0,438392099999987	1,752792725	1,00143526583903	89,3051778162735
73319,99805	0,439375600000005	1,760450195	1,0017946139767	89,6953276099251
73329,99805	0,438898800000004	1,755011719	1,00162472010914	89,4182360523768
73339,99805	0,438541199999975	1,752687622	1,00122755532656	89,2998227951292
73349,99805	0,439107400000012	1,757979004	1,00144700128046	89,5694198807765
73359,99805	0,43863060000001	1,753615845	1,00114409807575	89,3471159627044
73369,99805	0,439107400000012	1,755314087	1,00140825352119	89,4336417689917
73379,99805	0,438302700000008	1,751293091	1,00130458478786	89,2287711316044
73389,99805	0,43952459999997	1,754299438	1,00135832838903	89,3819451775615
73399,99805	0,438869000000011	1,754069702	1,00124199209979	89,3702400774443
73409,99805	0,43952459999997	1,757604004	1,00135115650813	89,5503135476639
73419,99805	0,439137200000005	1,756536133	1,00130188345607	89,495905283538
73429,99805	0,439643799999999	1,759058716	1,00123705549344	89,6244314464768
73439,99805	0,438719999999989	1,753107178	1,00150111792745	89,3211992663168
73449,99805	0,438153699999987	1,751480835	1,00132982688828	89,2383367300148
73459,99805	0,437885499999993	1,745995972	1,00128567646541	88,9588817445356
73469,99805	0,438243099999966	1,749744385	1,00157982459476	89,1498642176594
73479,99805	0,438123899999994	1,749166626	1,00132619444211	89,1204272685586
73489,99805	0,438302700000008	1,749851929	1,00143880527377	89,1553436082947
73499,99805	0,43863060000001	1,756427856	1,00150801077408	89,4903885463902
73509,99805	0,438541199999975	1,752328491	1,00151685886086	89,2815249910837
73519,99805	0,439315999999963	1,755331055	1,00142548563776	89,4345062923524
73529,99805	0,438123899999994	1,750688965	1,00136196083519	89,1979907780099
73539,99805	0,439226599999984	1,75792981	1,00144644221179	89,5669134355735
73549,99805	0,43928619999997	1,755163208	1,0012335160587	89,4259544505019
73559,99805	0,439554399999963	1,76143042	1,00155309231131	89,7452702909258
73569,99805	0,438153699999987	1,749941772	1,00140145468611	89,1599211290569
73579,99805	0,437796100000014	1,747761841	1,00160646386678	89,0488531614613
73589,99805	0,438243099999966	1,747137329	1,0013633580068	89,0170341366485
73599,99805	0,438302700000008	1,749885498	1,00158047667485	89,1570539562847
73609,99805	0,437885499999993	1,746420166	1,00139539994242	88,9804945228512
73619,99805	0,438451799999996	1,749186646	1,00133774386069	89,1214472919957
73629,99805	0,439643799999999	1,75454541	1,00172289316745	89,3944775054772
73639,99805	0,438809399999968	1,7528302	1,00145715452755	89,3070871758292
73649,99805	0,438213299999973	1,750292358	1,00138888014161	89,1777835634585
73659,99805	0,438570999999968	1,752940674	1,00136410309832	89,312715850614
73669,99805	0,439614000000006	1,754537842	1,00148407283385	89,3940919141998
73679,99805	0,438034500000015	1,749302734	1,00160478666077	89,1273620013247
73689,99805	0,438660400000003	1,750595459	1,00128148495058	89,1932266265858
73699,99805	0,438153699999987	1,748828369	1,00162555821208	89,1031929994395
73709,99805	0,4397333	1,754302979	1,00113105847414	89,3821255922963
73719,99805	0,437796100000014	1,746286987	1,00136466216699	88,9737090232843
73729,99805	0,437825900000007	1,746471191	1,00153371793161	88,98309425791
73739,99805	0,438034500000015	1,745073486	1,00116412453554	88,9118808783818
73749,99805	0,439226599999984	1,752286377	1,00137341824247	89,2793792734498
73759,99805	0,438213299999973	1,747800049	1,00150465736219	89,0507998675294
73769,99805	0,441104199999984	1,765360352	1,00133904802088	89,9455011973302
73779,99805	0,440388899999959	1,761411621	1,00116896713034	89,7443124777093
73789,99805	0,440210100000002	1,761273193	1,00137984503186	89,737259540429
73799,99805	0,439047799999969	1,758990479	1,0013463129132	89,6209547562032
73809,99805	0,439405399999998	1,75549939	1,00132414519041	89,443082997911
73819,99805	0,438541199999975	1,753308228	1,0014361969534	89,3314428083762
73829,99805	0,440806099999975	1,764600342	1,00167855672173	89,9067785193866
73839,99805	0,4397333	1,75687085	1,00147867017026	89,5129591888725
73849,99805	0,43895839999999	1,752204468	1,00129592272393	89,2752059917461
73859,99805	0,438213299999973	1,748790039	1,00148407283385	89,1012400774443
73869,99805	0,43928619999997	1,756187256	1,0013950268966	89,4781299230652
73879,99805	0,43928619999997	1,754908325	1,00128735267129	89,4129681051613
73889,99805	0,44062729999996	1,75957251	1,00142269129454	89,6506093646507
73899,99805	0,438719999999989	1,754801758	1,00138664386694	89,4075384928924
73909,99805	0,438153699999987	1,749878418	1,00137854087167	89,1566932287156
73919,99805	0,438392099999987	1,75065686	1,00152654605071	89,1963550211444
73929,99805	0,438869000000011	1,7508302	1,00159798782569	89,2051867325623
73939,99805	0,438869000000011	1,751994019	1,00129936914724	89,2644835685535
73949,99805	0,439315999999963	1,752967407	1,00148025336472	89,3140779028889
73959,99805	0,43895839999999	1,752590332	1,00133597464339	89,2948658480665
73969,99805	0,439554399999963	1,75861731	1,00138180127214	89,6019417129465
73979,99805	0,439405399999998	1,755033569	1,00111587560927	89,4193493147195
73989,99805	0,440686900000003	1,758404419	1,00146367432836	89,5910948693127
73999,99805	0,441104199999984	1,763385498	1,00121274550751	89,8448819483365
74009,99805	0,441282999999999	1,768746216	1,00139381674796	90,118011718551
74019,99805	0,439375600000005	1,758623291	1,00139064935892	89,602246446222
74029,99805	0,439852499999972	1,758555298	1,00117725714858	89,5987821878025
74039,99805	0,442445299999974	1,776649902	1,00165443275866	90,5207062719723
74049,99805	0,441461800000013	1,768486816	1,00132889477379	90,1047952310593
74059,99805	0,441133999999977	1,767949829	1,00157432891974	90,077435624395
74069,99805	0,440299499999981	1,764243652	1,0012474877748	89,8886050848321
74079,99805	0,441044599999998	1,767813965	1,00111894898676	90,070513323483
74089,99805	0,441372399999977	1,767702271	1,00137071691068	90,0648224894278
74099,99805	0,441431999999963	1,767122803	1,00147615586143	90,0352984663983
74109,99805	0,441521399999999	1,769110107	1,00163720064209	90,1365520456514
74119,99805	0,441342599999984	1,768745483	1,00161484689644	90,1179743720385
74129,99805	0,442087599999979	1,771186035	1,00149804454996	90,2423210373465
74139,99805	0,440895500000011	1,765642212	1,00148779829144	89,9598620267998
74149,99805	0,441878999999972	1,774850098	1,0013108255544	90,4290058592755
74159,99805	0,442087599999979	1,776387695	1,00122233868582	90,5073467672084
74169,99805	0,441610799999978	1,77439563	1,0012474877748	90,4058506139502
74179,99805	0,440686900000003	1,770828125	1,00122960357814	90,2240854435217
74189,99805	0,439941900000008	1,764937134	1,00142716184364	89,9239381464309
74199,99805	0,441431999999963	1,770170288	1,00125922421636	90,190568502573
74209,99805	0,441342599999984	1,771358398	1,00179219167918	90,2511029703979
74219,99805	0,440686900000003	1,766058594	1,00127803852726	89,981076781984
74229,99805	0,440150500000016	1,767534058	1,00127720042432	90,0562519997962
74239,99805	0,441044599999998	1,767895142	1,00146674770586	90,0746493096245
74249,99805	0,441938600000015	1,773557739	1,00128716664844	90,3631598817955
74259,99805	0,442206800000008	1,775481079	1,00127580325271	90,461154481072
74269,99805	0,441789599999993	1,774477905	1,00127990175612	90,4100425434351
74279,99805	0,441282999999999	1,768696899	1,00128800475139	90,1154990064707
74289,99805	0,442027999999993	1,772768433	1,00146087998514	90,3229445661589
74299,99805	0,44226649999996	1,77684314	1,00152170245579	90,5305517909003
74309,99805	0,441461800000013	1,771020142	1,00151276135758	90,2338687522291
74319,99805	0,440686900000003	1,770398071	1,00147932225035	90,2021740969073
74329,99805	0,441044599999998	1,769208252	1,00159202609343	90,1415525551536
74339,99805	0,440597499999967	1,76736853	1,0013323411971	90,0478183115097
74349,99805	0,44006109999998	1,764678955	1,00138291840935	89,9107838691598
74359,99805	0,440269699999988	1,765146118	1,00152812924517	89,9345859275488
74369,99805	0,4417598	1,771745483	1,00173323243739	90,2708250369389
74379,99805	0,441342599999984	1,768688354	1,00143573089615	90,1150636368268
74389,99805	0,441133999999977	1,769291016	1,00134920026785	90,1457693992969
74399,99805	0,441878999999972	1,774011719	1,00172689865943	90,3862902634127
74409,99805	0,441044599999998	1,770551514	1,00136922672764	90,2099920517654
74419,99805	0,441640599999971	1,772354004	1,00154284605279	90,3018293167575
74429,99805	0,441342599999984	1,769909668	1,00138953222171	90,1772898558109
74439,99805	0,442206800000008	1,775817749	1,00151732491811	90,4783078921893
74449,99805	0,441789599999993	1,772509521	1,00142818596943	90,3097529423753
74459,99805	0,441521399999999	1,769606445	1,00150027982451	90,1618405767565
74469,99805	0,441461800000013	1,769428711	1,00144681525761	90,1527849900647
74479,99805	0,441521399999999	1,76889624	1,00140788147549	90,1256554746013
74489,99805	0,440716699999996	1,768733765	1,00139931142286	90,1173773373414
74499,99805	0,440686900000003	1,768116699	1,0012746861155	90,0859376878789
74509,99805	0,440448500000002	1,767635132	1,0017567973318	90,0614017424976
74519,99805	0,440299499999981	1,766801758	1,00156510778713	90,018941152494
74529,99805	0,4397333	1,761661743	1,00139912540001	89,7570562490447
74539,99805	0,441789599999993	1,771638916	1,00142585768345	90,2653954246701
74549,99805	0,440776299999982	1,769576782	1,00147727299865	90,1603292403322
74559,99805	0,441968400000007	1,774867432	1,00144895752074	90,4298890304173
74569,99805	0,439405399999998	1,762328735	1,00141002373862	89,7910396392724
74579,99805	0,439971700000001	1,764535645	1,0013033736391	89,9034821928975
74589,99805	0,440031299999987	1,76446936	1,00145966883638	89,9001049574566
74599,99805	0,441640599999971	1,770544067	1,00135422988562	90,2096126254649
74609,99805	0,440955099999996	1,769005371	1,00135115650813	90,1312157232384
74619,99805	0,439971700000001	1,76585437	1,00145361509282	89,9706715239211
74629,99805	0,440955099999996	1,76758374	1,0014168225737	90,0587833087074
74639,99805	0,440210100000002	1,767637207	1,00136671141869	90,0615074642075
74649,99805	0,440686900000003	1,766073364	1,00144895752074	89,9818293167575
74659,99805	0,440150500000016	1,764721191	1,00148258265082	89,9129358027208
74669,99805	0,440597499999967	1,764071899	1,00148267566224	89,8798542314159
74679,99805	0,440806099999975	1,764317139	1,001260434365	89,8923492637693
74689,99805	0,440537899999981	1,763959106	1,0013735112539	89,8741074030672
74699,99805	0,441610799999978	1,771452759	1,00146134604239	90,2559106842615
74709,99805	0,439703500000007	1,763917969	1,00136456915557	89,8720114637999
74719,99805	0,440806099999975	1,767941772	1,00131483104638	90,0770251184593
74729,99805	0,440210100000002	1,766954956	1,00144169262841	90,0267466245478
74739,99805	0,440478299999995	1,763992432	1,00147792507874	89,8758053701534
74749,99805	0,440686900000003	1,765453613	1,00137090293352	89,95025286595
74759,99805	0,442117399999972	1,775530518	1,00155728382614	90,4636734090793
74769,99805	0,440299499999981	1,768185913	1,00128996099166	90,0894641565191
74779,99805	0,439315999999963	1,762856201	1,00141933788265	89,8179141488766
74789,99805	0,440210100000002	1,768699707	1,00131501706923	90,115642074693
74799,99805	0,440120699999966	1,766737061	1,00176527337288	90,015644826005
74809,99805	0,439405399999998	1,764913086	1,00174208052418	89,9227128955011
74819,99805	0,439703500000007	1,762931519	1,00157805437733	89,8217516176695
74829,99805	0,439554399999963	1,760768066	1,00132172289289	89,711523207826
74839,99805	0,43952459999997	1,756169312	1,00158718249851	89,4772156722882
74849,99805	0,440359099999966	1,763420898	1,00150773073968	89,8466855861823
74859,99805	0,439137200000005	1,75939209	1,00155253324264	89,6414169256636
74869,99805	0,439047799999969	1,759300903	1,0012863285455	89,6367709278035
74879,99805	0,43863060000001	1,75858313	1,00165117235819	89,600200234371
74889,99805	0,438481599999989	1,753196289	1,00139866034289	89,3257394915168
74899,99805	0,438719999999989	1,757018677	1,00118554716682	89,5204910072859
74909,99805	0,438898800000004	1,756133545	1,00132330708747	89,475393335711
74919,99805	0,439405399999998	1,759703247	1,00141775468819	89,6572704437764
74929,99805	0,437796100000014	1,748433594	1,00135069045088	89,0830791256942
74939,99805	0,438213299999973	1,750674194	1,00111131204874	89,1972381922861
74949,99805	0,43863060000001	1,754494873	1,0013782618374	89,3919026341265
74959,99805	0,438302700000008	1,754627686	1,00130914834839	89,3986694859123
74969,99805	0,437825900000007	1,748890503	1,00135022539376	89,1063587405105
74979,99805	0,438153699999987	1,751449341	1,00149152374902	89,2367321037347
74989,99805	0,438213299999973	1,753168213	1,001281577962	89,3243090130942
74999,99805	0,438302700000008	1,754014648	1,00140052257162	89,3674350639425
75009,99805	0,438153699999987	1,75320166	1,00123854567647	89,3260131451572
75019,99805	0,438213299999973	1,751341309	1,00112761205082	89,2312278493912
75029,99805	0,438153699999987	1,749645508	1,0012935004264	89,1448264125949
75039,99805	0,438541199999975	1,753046997	1,00142949012962	89,3181330310287
75049,99805	0,440448500000002	1,761045044	1,00157768233163	89,7256352983135
75059,99805	0,439703500000007	1,757936035	1,0011221163758	89,5672306007031
75069,99805	0,438988199999983	1,758357056	1,00148295469651	89,5886817139655
75079,99805	0,437617299999999	1,747554688	1,00151732491811	89,0382986701992
75089,99805	0,438034500000015	1,750068848	1,00145035469235	89,1663956794212
75099,99805	0,440120699999966	1,760722656	1,00148807832583	89,7092095582616
75109,99805	0,438153699999987	1,752214111	1,00148258265082	89,2756973047333
75119,99805	0,438809399999968	1,759029419	1,00128455932819	89,6229387578336
75129,99805	0,439643799999999	1,762410278	1,00116468260409	89,7951942731951
75139,99805	0,441104199999984	1,769326294	1,00134594086751	90,1475668212157
75149,99805	0,439196799999991	1,762277832	1,00141970992834	89,7884461201406
75159,99805	0,439852499999972	1,759169189	1,00129983420436	89,6300600703113
75169,99805	0,440120699999966	1,760637085	1,00127692139005	89,7048496968462
75179,99805	0,439196799999991	1,755831665	1,00145361509282	89,4600124828043
75189,99805	0,439554399999963	1,758049927	1,00158233890358	89,5730334233454
75199,99805	0,439405399999998	1,7600354	1,00125745399893	89,6741937127426
75209,99805	0,438302700000008	1,75347168	1,00151043207148	89,3397707240027
75219,99805	0,438392099999987	1,753786865	1,00155607267738	89,3558294696082
75229,99805	0,438034500000015	1,751084229	1,00138506067248	89,2181295664136
75239,99805	0,437974899999972	1,749532715	1,00142762790089	89,1390795842462
75249,99805	0,438362299999994	1,751419189	1,00145473223003	89,235195852652
75259,99805	0,437915299999986	1,748737061	1,0014310743242	89,0985408366026
75269,99805	0,438541199999975	1,751718018	1,00144802640637	89,2504212564325
75279,99805	0,438481599999989	1,756992065	1,00170938750859	89,5191351199878
75289,99805	0,43895839999999	1,757963867	1,00128791173996	89,5686486472716
75299,99805	0,439643799999999	1,758846436	1,00139716915973	89,6136157334284
75309,99805	0,440210100000002	1,76146167	1,00159370229931	89,7468624853518
75319,99805	0,439375600000005	1,756337891	1,00166747236027	89,4858048097009
75329,99805	0,439107400000012	1,756265869	1,00168004690477	89,4821352728384
75339,99805	0,438213299999973	1,753291016	1,00134063121534	89,3305658531615
75349,99805	0,438719999999989	1,757126343	1,00125810607902	89,5259766138483
75359,99805	0,44062729999996	1,766098999	1,00136112273225	89,9831354256891
75369,99805	0,438660400000003	1,757515625	1,00162611728075	89,5458106180262
75379,99805	0,440806099999975	1,765491211	1,00166132560529	89,952168492383
75389,99805	0,438243099999966	1,750976685	1,00138999727883	89,2126501757783
75399,99805	0,438362299999994	1,754414795	1,00155020495666	89,3878226422785
75409,99805	0,440448500000002	1,763109619	1,00170314674205	89,8308258521425
75419,99805	0,439703500000007	1,758508911	1,00152030528418	89,5964187598716
75429,99805	0,439703500000007	1,762279419	1,00153334588591	89,7885269781424
75439,99805	0,441133999999977	1,768174072	1,00158587833832	90,0888608549447
75449,99805	0,440597499999967	1,765160522	1,00171981978995	89,9353198145412
75459,99805	0,440537899999981	1,763489746	1,00147578281561	89,8501934070413
75469,99805	0,439941900000008	1,763765869	1,00151499663213	89,8642619350894
75479,99805	0,439405399999998	1,761470825	1,00134966632509	89,7473289346309
75489,99805	0,43928619999997	1,760027588	1,00147373356391	89,6737956896113
75499,99805	0,43928619999997	1,757789429	1,00134649893605	89,5597609925103
75509,99805	0,438392099999987	1,752428345	1,00131762438948	89,2866125745147
75519,99805	0,439941900000008	1,757208862	1,00157339780537	89,5301809751872
75529,99805	0,440686900000003	1,762201782	1,0015366992978	89,7845713557854
75539,99805	0,439226599999984	1,755351318	1,00147848414741	89,4355386966933
75549,99805	0,43895839999999	1,756404419	1,00143740810216	89,4891944260458
75559,99805	0,438541199999975	1,755052246	1,00152207550161	89,420300912009
75569,99805	0,439315999999963	1,756964478	1,00127962272185	89,5177295562236
75579,99805	0,439196799999991	1,756766602	1,00137658463139	89,5076477301676
75589,99805	0,440210100000002	1,758002319	1,00134761707339	89,5706077851939
75599,99805	0,439196799999991	1,756028931	1,00117688510289	89,470063229225
75609,99805	0,440269699999988	1,759265381	1,00133131707131	89,6349610740307
75619,99805	0,44006109999998	1,758824097	1,00129703986114	89,6124775564274
75629,99805	0,440269699999988	1,759897217	1,00133942006658	89,6671532582667
75639,99805	0,442355899999995	1,777838623	1,00143992241098	90,5812718703827
75649,99805	0,439703500000007	1,762738525	1,00148602907413	89,8119185305956
75659,99805	0,440359099999966	1,761200073	1,00124897795784	89,7335340602232
75669,99805	0,440895500000011	1,766174072	1,00139428180508	89,9869604116778
75679,99805	0,439614000000006	1,76052832	1,00127924967602	89,6993080959902
75689,99805	0,44229630000001	1,775952393	1,0014890094402	90,485168033831
75699,99805	0,441849199999979	1,773410278	1,00139167448483	90,3556467111632
75709,99805	0,442087599999979	1,778123047	1,00142660277497	90,5957633362205
75719,99805	0,442951899999969	1,784493164	1,00139493388518	90,9203222092016
75729,99805	0,441014800000005	1,77275061	1,00117110939347	90,3220364803587
75739,99805	0,441044599999998	1,770514893	1,00124162005409	90,208126203699
75749,99805	0,440478299999995	1,772027344	1,00155849397478	90,2851859173587
75759,99805	0,439971700000001	1,766341309	1,00132265500737	89,9954811738931
75769,99805	0,441282999999999	1,772721069	1,00134519577599	90,3205313598614
75779,99805	0,440269699999988	1,766801025	1,00137854087167	90,0189038059816
75789,99805	0,440865699999961	1,770164551	1,00141216600175	90,1902762011515
75799,99805	0,441610799999978	1,773166382	1,00120231322615	90,3432201559077
75809,99805	0,441193599999963	1,770187378	1,00132172289289	90,1914392418607
75819,99805	0,442385699999988	1,780059692	1,0015564457232	90,6944358281959
75829,99805	0,442355899999995	1,780229736	1,00134733803912	90,7030996076833
75839,99805	0,442385699999988	1,782667358	1,00131538911493	90,8272969888419
75849,99805	0,441044599999998	1,775063477	1,00157563307993	90,4398775666174
75859,99805	0,44226649999996	1,781864624	1,00147541076991	90,7863975136292
75869,99805	0,439971700000001	1,769796753	1,00139307165644	90,1715368115351
75879,99805	0,441551199999992	1,773350708	1,00130030026161	90,3526116064605
75889,99805	0,440388899999959	1,76893811	1,00153222774858	90,1277887603811
75899,99805	0,440388899999959	1,767786621	1,0014505407152	90,0691201406226
75909,99805	0,439614000000006	1,765541382	1,00157432891974	89,9547247159525
75919,99805	0,441968400000007	1,775434204	1,00133224818568	90,4587661894329
75929,99805	0,441789599999993	1,773893921	1,00146851792329	90,3802884292047
75939,99805	0,439941900000008	1,765537354	1,00143461375894	89,9545194884598
75949,99805	0,441878999999972	1,774323486	1,00116645282152	90,4021748611606
75959,99805	0,440597499999967	1,771333984	1,00132013969843	90,249859071687
75969,99805	0,440269699999988	1,766088989	1,00149180378342	89,9826254139706
75979,99805	0,440597499999967	1,766398071	1,00130849726842	89,9983732103735
75989,99805	0,441193599999963	1,768888794	1,00153250778297	90,125276099251
75999,99805	0,441223400000013	1,770067139	1,00137015784201	90,1853130381617
76009,99805	0,440806099999975	1,767718384	1,00151611376934	90,065643450349
76019,99805	0,44006109999998	1,769067749	1,00151807000962	90,1343938961635
76029,99805	0,440806099999975	1,76761499	1,00150465736219	90,0603755031334
76039,99805	0,439614000000006	1,762947754	1,00141617049361	89,8225787945178
76049,99805	0,4397333	1,762854858	1,00151145719739	89,8178457227289
76059,99805	0,439792899999986	1,763686401	1,00142343638605	89,8602130228766
76069,99805	0,440597499999967	1,768667725	1,00130756515393	90,1140125847048
76079,99805	0,440806099999975	1,767161743	1,00128455932819	90,0372824680287
76089,99805	0,441282999999999	1,770404053	1,00157693724011	90,2024788811331
76099,99805	0,442385699999988	1,778380005	1,00145789961907	90,608855403271
76109,99805	0,442206800000008	1,77779126	1,00145817865334	90,5788587150354
76119,99805	0,440359099999966	1,768210938	1,00126127246794	90,0907391858155
76129,99805	0,440210100000002	1,76608667	1,00141365618478	89,9825072604066
76139,99805	0,440478299999995	1,766035156	1,0014310743242	89,9798826106894
76149,99805	0,439971700000001	1,766219116	1,00133867497506	89,9892554134611
76159,99805	0,440865699999961	1,768316772	1,00131818345815	90,0961314515718
76169,99805	0,441193599999963	1,77037793	1,00137807481443	90,2011479084934
76179,99805	0,439703500000007	1,765734253	1,00152878132526	89,9645515361492
76189,99805	0,439614000000006	1,764778564	1,00144048147965	89,9158589697865
76199,99805	0,439792899999986	1,764677734	1,00133876798648	89,9107216589392
76209,99805	0,439971700000001	1,766891968	1,00149729945844	90,0235373719876
76219,99805	0,440806099999975	1,76835791	1,00151611376934	90,0982274417894
76229,99805	0,441104199999984	1,77032251	1,00137388329959	90,1983242472105
76239,99805	0,44006109999998	1,767120605	1,00130905533697	90,0351864778112
76249,99805	0,440448500000002	1,764329346	1,0015421939727	89,8929712131248
76259,99805	0,440955099999996	1,768601563	1,00167557635566	90,110641616141
76269,99805	0,439941900000008	1,766058594	1,00135227464547	89,981076781984
76279,99805	0,440448500000002	1,76710437	1,00128996099166	90,034359300963
76289,99805	0,441700200000014	1,773916748	1,00126173852518	90,3814514699139
76299,99805	0,440597499999967	1,769655396	1,00144821242922	90,1643346410557
76309,99805	0,439971700000001	1,768018677	1,00152617400501	90,080943445254
76319,99805	0,439107400000012	1,762227661	1,0013994054344	89,7858898965711
76329,99805	0,439107400000012	1,759834106	1,00135348479411	89,6639377388292
76339,99805	0,439375600000005	1,761603394	1,00156818116463	89,7540833545626
76349,99805	0,440210100000002	1,763091919	1,00142930410677	89,8299240332195
76359,99805	0,438034500000015	1,75124939	1,00121749509089	89,2265445559688
76369,99805	0,439703500000007	1,759629761	1,00138776200427	89,6535263157895
76379,99805	0,438898800000004	1,757035522	1,00122792737226	89,5213492637693
76389,99805	0,438541199999975	1,755348145	1,00145994887077	89,4353770316401
76399,99805	0,439614000000006	1,761876099	1,00159472742523	89,7679777347532
76409,99805	0,439643799999999	1,763450317	1,00151453057488	89,8481844907525
76419,99805	0,439852499999972	1,760774414	1,00145100677244	89,7118466398329
76429,99805	0,439614000000006	1,760411743	1,00125167928964	89,6933684720029
76439,99805	0,438451799999996	1,755261353	1,0013973561827	89,4309549600041
76449,99805	0,439703500000007	1,76374231	1,00135348479411	89,863061598818
76459,99805	0,438988199999983	1,757740723	1,00134892123358	89,5572794110154
76469,99805	0,440269699999988	1,762990112	1,0013950268966	89,8247369440057
76479,99805	0,439554399999963	1,762025269	1,0008962426324	89,7755779793142
76489,99805	0,438719999999989	1,75849939	1,00160162027186	89,5959336628114
76499,99805	0,438869000000011	1,757429443	1,00135981857207	89,5414196260254
76509,99805	0,438809399999968	1,758020264	1,0014893814859	89,5715220869211
76519,99805	0,440597499999967	1,763914307	1,00132489028193	89,8718248840883
76529,99805	0,438481599999989	1,754651001	1,00133448346023	89,3998573903297
76539,99805	0,43928619999997	1,758985107	1,00154098382406	89,6206810516126
76549,99805	0,438302700000008	1,752821777	1,00119188094478	89,3066580221124
76559,99805	0,438570999999968	1,755938599	1,0013415623297	89,4654607938045
76569,99805	0,440448500000002	1,763178711	1,00127068062351	89,8343461048556
76579,99805	0,439196799999991	1,758970215	1,00161922443412	89,619922300912
76589,99805	0,438898800000004	1,759187744	1,00138412955811	89,6310054516737
76599,99805	0,438570999999968	1,75536377	1,0013101734743	89,4361731288531
76609,99805	0,438719999999989	1,757624634	1,00165210347256	89,5513646507362
76619,99805	0,439554399999963	1,763214233	1,00132535533905	89,8361559586284
76629,99805	0,440210100000002	1,765155396	1,00173341846024	89,9350586437051
76639,99805	0,439315999999963	1,761583862	1,0013272185679	89,7530881948337
76649,99805	0,439196799999991	1,761927368	1,00147177732363	89,7705899016661
76659,99805	0,440597499999967	1,766939819	1,00132768462515	90,025975391043
76669,99805	0,440210100000002	1,764212036	1,00146059995075	89,886994242625
76679,99805	0,437647099999992	1,752286743	1,0012403158939	89,279397921231
76689,99805	0,438451799999996	1,755516479	1,0011466133847	89,4439536862485
76699,99805	0,437796100000014	1,753709717	1,00138962523313	89,3518987619096
76709,99805	0,439107400000012	1,760275146	1,00117502187403	89,6864088245784
76719,99805	0,438451799999996	1,756487793	1,00118675831558	89,4934423498242
76729,99805	0,437974899999972	1,751379883	1,0013445436959	89,2331932032404
76739,99805	0,438392099999987	1,755563599	1,00132116382422	89,4463544606919
76749,99805	0,440448500000002	1,764723755	1,00116393751257	89,913066439089
76759,99805	0,440955099999996	1,769069214	1,00137518745978	90,1344685382381
76769,99805	0,438481599999989	1,758603271	1,00153297284009	89,6012264227849
76779,99805	0,437974899999972	1,753436646	1,001337371815	89,3379857339379
76789,99805	0,437319300000013	1,746823853	1,0014045280636	89,0010624649717
76799,99805	0,438034500000015	1,747828979	1,00153474305752	89,0522738574413
76809,99805	0,437706699999978	1,749466187	1,00135953953779	89,1356899679014
76819,99805	0,438302700000008	1,752522217	1,00159034988755	89,2913953737199
76829,99805	0,438809399999968	1,756513428	1,00140760144109	89,4947484587558
76839,99805	0,437915299999986	1,749981323	1,00137705068864	89,1619362612727
76849,99805	0,437378899999999	1,74583667	1,00149850960708	88,950765272329
76859,99805	0,437498099999971	1,745294067	1,00143302956436	88,9231195292199
76869,99805	0,437885499999993	1,747137817	1,00142408846615	89,0170590003567
76879,99805	0,439703500000007	1,754824951	1,00162434706332	89,4087201813828
76889,99805	0,438451799999996	1,75174292	1,00132023270985	89,2516900188516
76899,99805	0,438541199999975	1,75338855	1,00137807481443	89,3355352320783
76909,99805	0,438898800000004	1,75514978	1,00148826434868	89,4252702909258
76919,99805	0,439226599999984	1,755300659	1,00152263457027	89,4329576094156
76929,99805	0,439375600000005	1,757185303	1,00171423110351	89,5289806389158
76939,99805	0,439047799999969	1,757810791	1,00137220709371	89,5608493911449
76949,99805	0,439941900000008	1,759693726	1,00141486733354	89,6567853467163
76959,99805	0,439405399999998	1,76080835	1,00147028714059	89,7135756865542
76969,99805	0,438541199999975	1,755854004	1,00136708446451	89,4611506598054
76979,99805	0,438988199999983	1,757064575	1,00127999476754	89,5228295205584
76989,99805	0,438660400000003	1,754792358	1,0012746861155	89,4070595608091
76999,99805	0,43895839999999	1,756945435	1,00148602907413	89,516759311153
77009,99805	0,441521399999999	1,77017395	1,00144988863511	90,1907550822846
77019,99805	0,440716699999996	1,766362061	1,00162472010914	89,9965384928925
77029,99805	0,440478299999995	1,763849243	1,00132870875094	89,8685098588679
77039,99805	0,439941900000008	1,763834839	1,00128232305352	89,8677759718755
77049,99805	0,439882299999965	1,764685913	1,00146572358007	89,911138380802
77059,99805	0,440776299999982	1,764605713	1,00133494951747	89,907052173027
77069,99805	0,440269699999988	1,761332886	1,00148258265082	89,740300912009
77079,99805	0,441431999999963	1,770904175	1,00143414770169	90,2279602078769
77089,99805	0,440776299999982	1,766302002	1,00139856633134	89,9934784735314
77099,99805	0,439882299999965	1,764398193	1,0011899247045	89,8964789830336
77109,99805	0,440806099999975	1,765160034	1,00141496034497	89,935294950833
77119,99805	0,441461800000013	1,770046875	1,00145994887077	90,1842805828705
77129,99805	0,441551199999992	1,771559448	1,00134072422676	90,2613465124574
77139,99805	0,441223400000013	1,770787476	1,00149804454996	90,2220143679625
77149,99805	0,441223400000013	1,769654663	1,00137909994034	90,1642972945432
77159,99805	0,440448500000002	1,76405249	1,00157926552609	89,8788653385642
77169,99805	0,439137200000005	1,759264526	1,00127589626414	89,6349175115912
77179,99805	0,440955099999996	1,766722656	1,0011149444949	90,0149108880624
77189,99805	0,439971700000001	1,760584839	1,00151164322024	89,7021877515667
77199,99805	0,439703500000007	1,762390381	1,00148407283385	89,7941805166353
77209,99805	0,441282999999999	1,770326294	1,00111457144908	90,1985170428491
77219,99805	0,440150500000016	1,765651001	1,00138683088991	89,9603098282978
77229,99805	0,44006109999998	1,765842041	1,0015438711787	89,9700433586386
77239,99805	0,440299499999981	1,768249268	1,00144718730331	90,0926921078107
77249,99805	0,440359099999966	1,762234131	1,00136643238442	89,786219544505
77259,99805	0,439852499999972	1,763819458	1,00154126285833	89,8669923065165
77269,99805	0,441104199999984	1,767730713	1,00131864951539	90,0662716156315
77279,99805	0,441342599999984	1,771125854	1,00140210576608	90,2392548020584
77289,99805	0,441282999999999	1,769463013	1,00153334588591	90,1545326845672
77299,99805	0,441938600000015	1,772798096	1,00128772571711	90,3244559025832
77309,99805	0,442683699999975	1,780173584	1,00134771008482	90,7002386508381
77319,99805	0,441193599999963	1,776889893	1,00132908179676	90,5329338666123
77329,99805	0,440537899999981	1,773712036	1,00127850458451	90,3710213481429
77339,99805	0,440120699999966	1,769632813	1,00125512571295	90,1631840322005
77349,99805	0,441282999999999	1,772427979	1,00140257182332	90,3055983594029
77359,99805	0,441878999999972	1,776567261	1,00150288814488	90,5164956947063
77369,99805	0,441610799999978	1,77450061	1,00157209364519	90,4111993682173
77379,99805	0,44229630000001	1,780257202	1,00157647118287	90,7044990064707
77389,99805	0,440776299999982	1,769559204	1,00147391958676	90,1594336373363
77399,99805	0,440716699999996	1,772440796	1,00158662342984	90,3062513883935
77409,99805	0,440269699999988	1,76964856	1,00134668595902	90,1639863453406
77419,99805	0,44253470000001	1,782775024	1,00152673207356	90,8327825954043
77429,99805	0,441610799999978	1,776677856	1,00149329396645	90,5221305344678
77439,99805	0,442206800000008	1,77976416	1,0014764348957	90,6793784072961
77449,99805	0,441282999999999	1,77423877	1,00153921360663	90,3978585621848
77459,99805	0,441878999999972	1,779106201	1,00134212139837	90,6458552504204
77469,99805	0,441521399999999	1,777310669	1,00151611376934	90,5543724970704
77479,99805	0,441431999999963	1,774290527	1,00154200794985	90,4004955928058
77489,99805	0,439941900000008	1,769034912	1,00156967134766	90,1327208437357
77499,99805	0,441968400000007	1,775069824	1,00136233388101	90,4402009476741
77509,99805	0,442117399999972	1,778076416	1,00138440859239	90,5933874764355
77519,99805	0,440597499999967	1,773104736	1,00178380864952	90,3400792785449
77529,99805	0,440686900000003	1,773327148	1,00138254636365	90,3514112192388
77539,99805	0,440537899999981	1,773584473	1,0018671728889	90,3645219850206
77549,99805	0,44253470000001	1,782930176	1,00137453537969	90,8406876241912
77559,99805	0,441968400000007	1,77798999	1,00134715101615	90,5889840525806
77569,99805	0,441878999999972	1,775829346	1,00171618634367	90,4788987619096
77579,99805	0,440686900000003	1,76818457	1,00154070378966	90,0893957303714
77589,99805	0,442206800000008	1,778895142	1,00134044519249	90,6351017475926
77599,99805	0,441282999999999	1,772462769	1,00146851792329	90,3073709176135
77609,99805	0,440120699999966	1,769918701	1,00130123137597	90,1777500891629
77619,99805	0,441551199999992	1,776914917	1,00150409829352	90,5342088449585
77629,99805	0,440776299999982	1,773718018	1,00170659316537	90,3713261323687
77639,99805	0,4417598	1,775889404	1,00140890560128	90,4819587303205
77649,99805	0,439941900000008	1,770613892	1,00151341243755	90,2131702246905
77659,99805	0,439703500000007	1,766046875	1,00148500394822	89,9804796963367
77669,99805	0,440150500000016	1,769317993	1,00150027982451	90,1471438834259
77679,99805	0,439882299999965	1,765014282	1,00144504504018	89,9278688541295
77689,99805	0,439375600000005	1,761723267	1,00148807832583	89,7601909104805
77699,99805	0,439464999999984	1,760102417	1,00131743836663	89,6776082437459
77709,99805	0,440537899999981	1,764179443	1,00144262374278	89,8853336220513
77719,99805	0,440597499999967	1,764129883	1,00125344850694	89,8828085290671
77729,99805	0,440776299999982	1,768061157	1,00150549546513	90,083107810669
77739,99805	0,438570999999968	1,756942017	1,00132265500737	89,5165851632955
77749,99805	0,440031299999987	1,762481323	1,0014863081084	89,798814031691
77759,99805	0,438869000000011	1,758914185	1,00134081723819	89,6170675599939
77769,99805	0,439137200000005	1,759246216	1,00167697352727	89,6339846130331
77779,99805	0,4397333	1,762003784	1,00152468282186	89,7744833138024
77789,99805	0,439971700000001	1,767664551	1,00136913371622	90,0629006470678
77799,99805	0,43952459999997	1,763324341	1,00138450160381	89,841765985632
77809,99805	0,43928619999997	1,761520874	1,00145892374486	89,7498789422734
77819,99805	0,438898800000004	1,759289795	1,00148453789097	89,6362049727416
77829,99805	0,440895500000011	1,768015869	1,00128912288872	90,0808003770317
77839,99805	0,440686900000003	1,768622437	1,00136717747594	90,1117051510674
77849,99805	0,440895500000011	1,769213623	1,00164856403782	90,141826208794
77859,99805	0,438988199999983	1,760907227	1,00144877149789	89,7186134916187
77869,99805	0,438451799999996	1,756910767	1,00140871957843	89,5149929688694
77879,99805	0,438809399999968	1,758497192	1,00130225650189	89,5958216742243
77889,99805	0,439047799999969	1,762647949	1,00169280747211	89,8073036633209
77899,99805	0,438660400000003	1,757168335	1,00143321658733	89,5281161155551
77909,99805	0,438779599999975	1,756411133	1,0014144012763	89,4895365058338
77919,99805	0,438362299999994	1,751641357	1,00147885619311	89,2465153614918
77929,99805	0,437706699999978	1,749352661	1,00179321680509	89,1299057930402
77939,99805	0,438362299999994	1,751772705	1,00146190411093	89,2532075712029
77949,99805	0,4397333	1,759146973	1,0017905154733	89,6289281601875
77959,99805	0,440120699999966	1,76261792	1,00135246066832	89,8057736791155
77969,99805	0,438988199999983	1,760183472	1,00133206216283	89,6817380139604
77979,99805	0,438362299999994	1,755229004	1,00130421174204	89,4293067712845
77989,99805	0,438988199999983	1,758540405	1,00118824849862	89,5980233861517
77999,99805	0,439315999999963	1,759779175	1,00136624636157	89,6611389922046
78009,99805	0,43895839999999	1,756382324	1,00154498831592	89,4880686808988
78019,99805	0,43928619999997	1,760306152	1,00139931142286	89,6879885871504
78029,99805	0,437796100000014	1,750640747	1,00137379028817	89,1955340602232
78039,99805	0,440269699999988	1,764190552	1,00142623072927	89,8858996280634
78049,99805	0,438034500000015	1,753814453	1,00148295469651	89,3572350843226
78059,99805	0,438123899999994	1,752612671	1,00141989695132	89,2960040250675
78069,99805	0,438869000000011	1,759411743	1,00153008548545	89,6424182503694
78079,99805	0,438660400000003	1,7568573	1,00151630079232	89,5122688133693
78089,99805	0,438809399999968	1,755741943	1,00150838281977	89,4554411270189
78099,99805	0,439971700000001	1,760149658	1,00144532507458	89,680015183166
78109,99805	0,438481599999989	1,753164307	1,0012597822849	89,3241100015285
78119,99805	0,438541199999975	1,75346106	1,00128418628237	89,3392296326489
78129,99805	0,438362299999994	1,75242627	1,00135320575983	89,2865068528048
78139,99805	0,43928619999997	1,758586304	1,00145873772201	89,6003619503745
78149,99805	0,438392099999987	1,755924194	1,00144802640637	89,4647268558618
78159,99805	0,438123899999994	1,749482178	1,00127980874469	89,1365047128955
78169,99805	0,440031299999987	1,75876123	1,00148928847447	89,6092744688439
78179,99805	0,43863060000001	1,755621704	1,0012454385231	89,4493149233199
78189,99805	0,439792899999986	1,759696899	1,00144532507458	89,6569470117695
78199,99805	0,439107400000012	1,756952759	1,00155365137998	89,5171324705763
78209,99805	0,439971700000001	1,760369629	1,00138878713019	89,691222754369
78219,99805	0,437974899999972	1,751849731	1,00136671141869	89,2571320629745
78229,99805	0,439464999999984	1,756005371	1,00151508964355	89,4688628420034
78239,99805	0,437468299999978	1,747207397	1,00154722359047	89,0206041167779
78249,99805	0,439047799999969	1,756696533	1,00147615586143	89,504077699088
78259,99805	0,440210100000002	1,763990234	1,00144234470851	89,8756933815662
78269,99805	0,440269699999988	1,765819336	1,00153334588591	89,9688865338564
78279,99805	0,439882299999965	1,765733521	1,00146982208347	89,964514240587
78289,99805	0,438034500000015	1,753228516	1,00135544103439	89,3273814643094
78299,99805	0,438481599999989	1,754630859	1,00131548212635	89,3988311509655
78309,99805	0,438481599999989	1,752467163	1,0014573405504	89,2885903602181
78319,99805	0,438213299999973	1,751623657	1,00144662923476	89,2456135425689
78329,99805	0,438481599999989	1,75252002	1,00153930661805	89,2912834360829
78339,99805	0,438213299999973	1,750873169	1,00145026168093	89,2073760126357
78349,99805	0,439614000000006	1,75453125	1,00166011445652	89,3937560503388
78359,99805	0,439107400000012	1,755599365	1,00172363825897	89,4481767463188
78369,99805	0,439643799999999	1,758047852	1,0012287654752	89,5729277016355
78379,99805	0,437885499999993	1,752359253	1,00134240143277	89,2830923218016
78389,99805	0,438570999999968	1,754396973	1,00146628264873	89,3869146074285
78399,99805	0,437825900000007	1,750083008	1,00149804454996	89,1671171345595
78409,99805	0,437885499999993	1,74855896	1,0013152961035	89,0894665511795
78419,99805	0,437974899999972	1,747127563	1,00145994887077	89,016536556784
78429,99805	0,43928619999997	1,75233252	1,00116645282152	89,2817302695267
78439,99805	0,438392099999987	1,751612061	1,00126257662812	89,2450227237989
78449,99805	0,437974899999972	1,751368652	1,00124916398069	89,2326209813013
78459,99805	0,440359099999966	1,762625488	1,00142809295801	89,8061592703928
78469,99805	0,439464999999984	1,763552612	1,0013302919454	89,8533964436745
78479,99805	0,440120699999966	1,763653564	1,00133522855175	89,8585399704489
78489,99805	0,439464999999984	1,762896973	1,00133997913525	89,819991491313
78499,99805	0,438570999999968	1,756940186	1,00136559428148	89,5164918734397
78509,99805	0,43863060000001	1,757273804	1,00122308377733	89,5334897844806
78519,99805	0,439226599999984	1,761561157	1,00155514156301	89,7519313700515
78529,99805	0,440031299999987	1,759352173	1,00138748297	89,6393831456667
78539,99805	0,437408699999992	1,746981689	1,00142511259194	89,0091042441535
78549,99805	0,43895839999999	1,756755737	1,00117232054223	89,5070941560096
78559,99805	0,437736499999971	1,749378784	1,00145184487538	89,1312367656799
78569,99805	0,438809399999968	1,755529907	1,00129070608318	89,4446378458246
78579,99805	0,44006109999998	1,758535767	1,00081753596509	89,5977870790238
78589,99805	0,437825900000007	1,750275635	1,00159249215068	89,1769315229021
78599,99805	0,438153699999987	1,753329224	1,00134081723819	89,3325125592296
78609,99805	0,438064300000008	1,751492798	1,00151872208972	89,2389462475162
78619,99805	0,439107400000012	1,756645386	1,00165955538786	89,5014717481021
78629,99805	0,437289499999963	1,745303955	1,00151844305544	88,9236233250115
78639,99805	0,438213299999973	1,75173291	1,00156967134766	89,251180007133
78649,99805	0,437825900000007	1,751547729	1,00134566083311	89,2417449941407
78659,99805	0,439882299999965	1,757275879	1,00146311525969	89,5335955061905
78669,99805	0,440359099999966	1,76426355	1,00153138964563	89,8896188923422
78679,99805	0,43952459999997	1,760276245	1,00139269861062	89,686464818872
78689,99805	0,440806099999975	1,766193848	1,0015009319046	89,9879680032608
78699,99805	0,439464999999984	1,758189331	1,00142511259194	89,580136088042
78709,99805	0,438660400000003	1,757062012	1,00138869311864	89,5226989351404
78719,99805	0,437974899999972	1,752158569	1,00144765336055	89,2728674275233
78729,99805	0,438570999999968	1,755403687	1,00144113355975	89,4382069088501
78739,99805	0,438898800000004	1,756763672	1,00148640111983	89,5074984460182
78749,99805	0,439107400000012	1,759881958	1,00143545186188	89,6663758088348
78759,99805	0,438988199999983	1,759134399	1,00152896834823	89,6282875121007
78769,99805	0,441521399999999	1,770919922	1,00135776932036	90,228762521017
78779,99805	0,44062729999996	1,765701172	1,00151257433461	89,9628660518673
78789,99805	0,440716699999996	1,766328979	1,00125941023921	89,9948529576604
78799,99805	0,440776299999982	1,767999756	1,00144774637198	90,0799794161105
78809,99805	0,439703500000007	1,764143555	1,0012597822849	89,8835051204973
78819,99805	0,440269699999988	1,764783813	1,00156818116463	89,9161264074999
78829,99805	0,440955099999996	1,768301025	1,00155104305961	90,0953291384318
78839,99805	0,440597499999967	1,767479248	1,00129843703275	90,0534594181485
78849,99805	0,441521399999999	1,773329956	1,00153641926341	90,3515542874612
78859,99805	0,439375600000005	1,762647339	1,00141598447076	89,8072725836857
78869,99805	0,4417598	1,772578491	1,00138524669533	90,3132669791614
78879,99805	0,440448500000002	1,767745361	1,00134212139837	90,067017934478
78889,99805	0,441014800000005	1,768938721	1,00170417086784	90,1278198909665
78899,99805	0,441014800000005	1,768942749	1,00138878713019	90,1280251184593
78909,99805	0,439405399999998	1,760801636	1,00159360928789	89,7132336067662
78919,99805	0,440955099999996	1,766161743	1,00113143051983	89,9863322463953
78929,99805	0,440895500000011	1,765309082	1,001289401923	89,9428889794671
78939,99805	0,439703500000007	1,762963013	1,0014361969534	89,8233562439497
78949,99805	0,440597499999967	1,766085815	1,00151387849479	89,9824636979671
78959,99805	0,441640599999971	1,772351196	1,00130467779929	90,3016862485352
78969,99805	0,441193599999963	1,768378052	1,00142567166061	90,0992536811535
78979,99805	0,440806099999975	1,765969604	1,00149320095503	89,9765427217608
78989,99805	0,441104199999984	1,768875488	1,00133662572336	90,124598155602
78999,99805	0,440895500000011	1,767563354	1,00149133772618	90,0577446374892
79009,99805	0,442385699999988	1,778999878	1,0015734908168	90,6404380700056
79019,99805	0,441133999999977	1,770975342	1,00126201855958	90,2315861822999
79029,99805	0,441282999999999	1,769499268	1,00131073254297	90,1563798848525
79039,99805	0,441789599999993	1,773295166	1,00154405720155	90,3497817292505
79049,99805	0,439971700000001	1,767174683	1,00146460544273	90,0379417638967
79059,99805	0,439971700000001	1,767357056	1,00131743836663	90,0472337086666
79069,99805	0,439703500000007	1,763508179	1,00137546749418	89,8511325724767
79079,99805	0,441372399999977	1,771631104	1,00128865683148	90,2649974015387
79089,99805	0,4417598	1,772858643	1,00131473703483	90,3275407856524
79099,99805	0,442355899999995	1,777373413	1,00146479146558	90,5575693177765
79109,99805	0,441193599999963	1,77186084	1,00130998745146	90,2767025016559
79119,99805	0,4417598	1,776537354	1,00157740229723	90,5149719264279
79129,99805	0,442027999999993	1,776856323	1,00147242940372	90,5312234676721
79139,99805	0,442027999999993	1,7789198	1,00140434204075	90,6363580781576
79149,99805	0,441700200000014	1,773521606	1,001320046687	90,3613188974372
79159,99805	0,441431999999963	1,773174683	1,00129052006033	90,3436430936975
79169,99805	0,442206800000008	1,776954102	1,0014137491962	90,5362053293932
79179,99805	0,440955099999996	1,768750977	1,00133951407812	90,1182542925562
79189,99805	0,44226649999996	1,778339233	1,00144774637198	90,6067780608346
79199,99805	0,4417598	1,774351196	1,00145426617279	90,4035866918021
79209,99805	0,441342599999984	1,771262817	1,00144644221179	90,246233097264
79219,99805	0,441342599999984	1,771811768	1,00156976435909	90,2742022723799
79229,99805	0,441372399999977	1,772505981	1,00150251509906	90,3095725785907
79239,99805	0,439792899999986	1,766002686	1,00133532256329	89,9782282569929
79249,99805	0,441849199999979	1,775807983	1,00148761226859	90,4778103123249
79259,99805	0,440716699999996	1,772288818	1,00129294135773	90,2985080756101
79269,99805	0,441551199999992	1,774308472	1,00151704588383	90,401409894533
79279,99805	0,441431999999963	1,77401709	1,00117306563375	90,3865639170531
79289,99805	0,440865699999961	1,771590942	1,00125084118669	90,2629511387375
79299,99805	0,441700200000014	1,772078003	1,00129396648365	90,2877670046365
79309,99805	0,440299499999981	1,767919678	1,00157507401126	90,0758994242625
79319,99805	0,441968400000007	1,774766846	1,0016985821814	90,4247641514241
79329,99805	0,441700200000014	1,773015259	1,00144625618894	90,3355204055638
79339,99805	0,442087599999979	1,775125	1,00147084620926	90,443012177103
79349,99805	0,441878999999972	1,773132935	1,001453242047	90,3415160238447
79359,99805	0,440269699999988	1,768655884	1,00134687198187	90,1134092831304
79369,99805	0,442117399999972	1,776574341	1,00155095004818	90,5168564222754
79379,99805	0,441133999999977	1,769849976	1,00125428761001	90,1742485351811
79389,99805	0,440120699999966	1,766619751	1,00126574401716	90,0096678555052
79399,99805	0,442385699999988	1,777861694	1,00145221792121	90,5824473429459
79409,99805	0,441878999999972	1,773144165	1,0013660593386	90,3420881948337
79419,99805	0,441044599999998	1,771982422	1,00133923404373	90,2828971315025
79429,99805	0,441014800000005	1,768997559	1,00155113607103	90,130817700107
79439,99805	0,439971700000001	1,766560547	1,0013831044322	90,0066513985836
79449,99805	0,442117399999972	1,775434204	1,00127524418404	90,4587661894329
79459,99805	0,441372399999977	1,772071289	1,00152421776473	90,2874249248484
79469,99805	0,442445299999974	1,778805542	1,00134826915348	90,6305366077343
79479,99805	0,440537899999981	1,769475464	1,00140983671565	90,1551670657768
79489,99805	0,441521399999999	1,77219812	1,00150046584736	90,2938869924084
79499,99805	0,440895500000011	1,767780151	1,00125764002177	90,0687904926886
79509,99805	0,442117399999972	1,777565918	1,00144057449108	90,5673774901921
79519,99805	0,440597499999967	1,766885254	1,00153763041217	90,0231952921995
79529,99805	0,441878999999972	1,773660889	1,00132656648781	90,368415397157
79539,99805	0,440478299999995	1,765265503	1,00130356066207	89,9406686197585
79549,99805	0,442027999999993	1,774069702	1,00134938729082	90,3892445101136
79559,99805	0,441372399999977	1,771307251	1,00138021707755	90,248497019412
79569,99805	0,440597499999967	1,767887573	1,0012335160587	90,074263667397
79579,99805	0,440120699999966	1,767303467	1,00160748799257	90,0445033372395
79589,99805	0,440895500000011	1,768595337	1,00144262374278	90,1103244000611
79599,99805	0,440865699999961	1,768219604	1,00144877149789	90,0911807204361
79609,99805	0,441193599999963	1,770992065	1,00118405698379	90,2324382228563
79619,99805	0,439643799999999	1,763964844	1,00132926781961	89,8743997554389
79629,99805	0,440031299999987	1,766729004	1,00145678148173	90,0152343200693
79639,99805	0,439315999999963	1,760376099	1,00137276616238	89,6915524023029
79649,99805	0,440955099999996	1,769882568	1,00155448948292	90,1759091048046
79659,99805	0,440359099999966	1,769538208	1,00129778495266	90,1583638864829
79669,99805	0,440895500000011	1,77042749	1,00166262876535	90,2036730014776
79679,99805	0,439047799999969	1,762841675	1,00159407534513	89,8171740459571
79689,99805	0,438779599999975	1,758720215	1,00138133521489	89,6071847455036
79699,99805	0,440031299999987	1,766560425	1,00123873169932	90,0066451826565
79709,99805	0,439315999999963	1,764251221	1,00188049252491	89,8889907270597
79719,99805	0,43895839999999	1,761176392	1,00122783436083	89,7323275080247
79729,99805	0,439107400000012	1,761955322	1,00115257411684	89,7720141641616
79739,99805	0,438809399999968	1,761299072	1,00157088249643	89,7385780812147
79749,99805	0,439554399999963	1,766432983	1,00124422737434	90,0001519845111
79759,99805	0,438809399999968	1,760618164	1,00125484567855	89,7038856677027
79769,99805	0,438481599999989	1,756408325	1,00145892374486	89,4893934376115
79779,99805	0,438481599999989	1,756585693	1,00173379050594	89,4984303765221
79789,99805	0,438719999999989	1,753302002	1,00128176498497	89,3311255922963
79799,99805	0,439405399999998	1,756755371	1,00152822325672	89,5070755082285
79809,99805	0,438213299999973	1,751125122	1,00133820991794	89,2202130738269
79819,99805	0,438898800000004	1,756642456	1,00139130143901	89,5013224639527
79829,99805	0,440031299999987	1,757470459	1,00146171808808	89,5435094003159
79839,99805	0,437617299999999	1,748210205	1,0013564661603	89,0716974066337
79849,99805	0,438034500000015	1,749636353	1,00157404988547	89,1443599633158
79859,99805	0,438660400000003	1,753596802	1,00142911808392	89,3461457176339
79869,99805	0,438034500000015	1,750949707	1,00161838633118	89,211275640699
79879,99805	0,438243099999966	1,750633667	1,00119514134525	89,195173332654
79889,99805	0,438302700000008	1,752860718	1,00131967364118	89,308642074693
79899,99805	0,438392099999987	1,75294104	1,00143982939956	89,3127344983951
79909,99805	0,438451799999996	1,752864502	1,00147242940372	89,3088348703317
79919,99805	0,438243099999966	1,753447266	1,00145994887077	89,3385268252917
79929,99805	0,438064300000008	1,751723511	1,00138971824455	89,2507011259999
79939,99805	0,438570999999968	1,755047974	1,00126341473107	89,4200832526622
79949,99805	0,438660400000003	1,755910522	1,00153483606895	89,4640302644317
79959,99805	0,437706699999978	1,747987549	1,00133364535729	89,0603530340857
79969,99805	0,439554399999963	1,760869995	1,00143563788473	89,7167165129668
79979,99805	0,438719999999989	1,75576062	1,00146125203084	89,4563927243084
79989,99805	0,440776299999982	1,768834717	1,00148295469651	90,1225208641158
79999,99805	0,439703500000007	1,759985229	1,00110330106478	89,6716374891731
80009,99805	0,439196799999991	1,759854126	1,00157144156509	89,6649577622663
80019,99805	0,438243099999966	1,754757568	1,0014168225737	89,4052870025985
80029,99805	0,438034500000015	1,753369019	1,00151248132318	89,3345401232995
80039,99805	0,438481599999989	1,755396851	1,00115974599774	89,437858613135
80049,99805	0,437915299999986	1,752955933	1,0013636380412	89,3134933000459
80059,99805	0,438541199999975	1,75850061	1,00141356317336	89,5959958220818
80069,99805	0,437825900000007	1,752714355	1,00142092107711	89,3011848474041
80079,99805	0,437796100000014	1,750674316	1,00137714370006	89,1972444082132
80089,99805	0,439643799999999	1,758407837	1,00130710009681	89,5912690171702
80099,99805	0,440150500000016	1,763538696	1,00155327833416	89,8526874203903
80109,99805	0,439315999999963	1,757753906	1,00135246066832	89,5579510877872
80119,99805	0,438064300000008	1,754405029	1,00184025458261	89,387325062414
80129,99805	0,437885499999993	1,75317334	1,00149674038977	89,3245702348805
80139,99805	0,438451799999996	1,755579834	1,00146767982034	89,4471816375401
80149,99805	0,437825900000007	1,7509552	1,00144532507458	89,2115555102665
80159,99805	0,437468299999978	1,749081665	1,00147652790713	89,1160984867784
80169,99805	0,437647099999992	1,748509766	1,00136866765897	89,0869601059765
80179,99805	0,438302700000008	1,752976074	1,00142008297416	89,3145194884598
80189,99805	0,437647099999992	1,75114978	1,00127803852726	89,2214694043919
80199,99805	0,440269699999988	1,763658936	1,0015759121142	89,8588136750395
80209,99805	0,439703500000007	1,759098022	1,0014402954568	89,6264340958883
80219,99805	0,439464999999984	1,760327515	1,00143889828519	89,6890770367351
80229,99805	0,439107400000012	1,760736572	1,00137649161997	89,7099185815458
80239,99805	0,437647099999992	1,748966431	1,0014065773153	89,1102272889387
80249,99805	0,437974899999972	1,750307739	1,0015101530372	89,1785672288174
80259,99805	0,439047799999969	1,752292114	1,00136466216699	89,2796715748714
80269,99805	0,437736499999971	1,749917114	1,00138953222171	89,1586647984919
80279,99805	0,439554399999963	1,757893799	1,00145380111566	89,5650786671422
80289,99805	0,438779599999975	1,756660889	1,00138729594703	89,5022616293881
80299,99805	0,43863060000001	1,756926514	1,00147857715883	89,5157952820095
80309,99805	0,43895839999999	1,759569214	1,0012651849485	89,6504414327202
80319,99805	0,439971700000001	1,761864624	1,00143852523937	89,7673930809599
80329,99805	0,439047799999969	1,755230347	1,00150242208763	89,4293751974321
80339,99805	0,438392099999987	1,753329956	1,00141905884837	89,3325498547919
80349,99805	0,438779599999975	1,757672363	1,00153176269146	89,5537964538646
80359,99805	0,437974899999972	1,753649048	1,00140685634958	89,3488076629133
80369,99805	0,438362299999994	1,753057495	1,00125708195323	89,3186679064554
80379,99805	0,438451799999996	1,75564209	1,00127524418404	89,4503535945381
80389,99805	0,437170299999991	1,746985474	1,00142250427156	89,0092970907423
80399,99805	0,436663599999974	1,741112427	1,00143675602207	88,7100640444286
80409,99805	0,439047799999969	1,753162231	1,001406949361	89,3240042288684
80419,99805	0,438719999999989	1,750289551	1,00153893457236	89,1776405461864
80429,99805	0,438660400000003	1,754604126	1,00153157566848	89,3974690986906
80439,99805	0,438719999999989	1,753230469	1,00125652288456	89,3274809700922
80449,99805	0,437468299999978	1,74854126	1,00152328565024	89,0885647322566
80459,99805	0,437885499999993	1,752820923	1,00131604119502	89,3066145106231
80469,99805	0,440269699999988	1,763433594	1,00157134855367	89,8473324501962
80479,99805	0,43895839999999	1,755822876	1,0015946344138	89,4595646813064
80489,99805	0,437974899999972	1,755060547	1,00157302475955	89,4207238497987
80499,99805	0,439703500000007	1,760185547	1,00139474786233	89,6818437356703
80509,99805	0,439971700000001	1,764546143	1,00134482273017	89,9040170683243
80519,99805	0,438213299999973	1,754765503	1,00144225069696	89,4056912926071
80529,99805	0,438541199999975	1,753792969	1,00131361989762	89,3561404697611
80539,99805	0,439226599999984	1,75951123	1,00159426136798	89,647487135069
80549,99805	0,439226599999984	1,755549316	1,00135292672556	89,4456267386763
80559,99805	0,438034500000015	1,752084351	1,00124534551168	89,2690860039741
80569,99805	0,438719999999989	1,756018555	1,00169187635775	89,4695345697254
80579,99805	0,438123899999994	1,754188721	1,00128847080863	89,3763041218729
80589,99805	0,437706699999978	1,748477173	1,00132945384245	89,0852994854028
80599,99805	0,439047799999969	1,758792969	1,00152170245579	89,6108915779284
80609,99805	0,439375600000005	1,758164063	1,00130374668492	89,5788486778417
80619,99805	0,439971700000001	1,763770386	1,00150204904181	89,8644920772405
80629,99805	0,438660400000003	1,756814575	1,00129424551792	89,5100919651501
80639,99805	0,437885499999993	1,752146973	1,00149087166893	89,2722766087533
80649,99805	0,437468299999978	1,747885376	1,00139307165644	89,0551472970907
80659,99805	0,437736499999971	1,751727539	1,0014645124313	89,2509063534926
80669,99805	0,437885499999993	1,752448853	1,00135767630894	89,28765746166
80679,99805	0,43863060000001	1,757680908	1,00123202587566	89,5542318235084
80689,99805	0,440150500000016	1,764257568	1,00166542310857	89,8893141081164
80699,99805	0,438451799999996	1,757659058	1,00151862907829	89,5531185611657
80709,99805	0,438243099999966	1,755525269	1,00140769445252	89,4444015386967
80719,99805	0,438570999999968	1,759563599	1,00132852272809	89,6501553472258
80729,99805	0,438064300000008	1,752830688	1,00132833670524	89,3071120395374
80739,99805	0,438034500000015	1,751800659	1,00131632122941	89,2546318336985
80749,99805	0,437885499999993	1,752146973	1,00136727048736	89,2722766087533
80759,99805	0,438243099999966	1,753919189	1,00137407032257	89,3625714067356
80769,99805	0,439703500000007	1,759694946	1,00130160442179	89,6568475059867
80779,99805	0,438451799999996	1,757076416	1,00130514385653	89,5234328221328
80789,99805	0,439375600000005	1,758512939	1,00140257182332	89,5966239873644
80799,99805	0,437170299999991	1,745886597	1,00129769194123	88,9533090640444
80809,99805	0,438392099999987	1,75543396	1,00130113836455	89,4397493249096
80819,99805	0,44006109999998	1,765642578	1,00135031840519	89,9598806745809
80829,99805	0,439792899999986	1,762338013	1,00137071691068	89,7915123554287
80839,99805	0,438481599999989	1,757751343	1,00138729594703	89,5578205023692
80849,99805	0,437885499999993	1,753059448	1,00148034737626	89,3187674122382
80859,99805	0,438392099999987	1,755589111	1,00128521040816	89,4476543027462
80869,99805	0,437885499999993	1,751933838	1,00137872689452	89,2614173332654
80879,99805	0,43895839999999	1,759763184	1,00146572358007	89,6603242472105
80889,99805	0,439464999999984	1,758192383	1,00140676333815	89,5802915881184
80899,99805	0,440537899999981	1,766677124	1,0017738424254	90,012591022571
80909,99805	0,439852499999972	1,763029785	1,00116784999313	89,8267582921486
80919,99805	0,439375600000005	1,762512573	1,00152421776473	89,8004062261171
80929,99805	0,440537899999981	1,767627441	1,00157628516002	90,061009884343
80939,99805	0,440269699999988	1,769477661	1,00134174935268	90,1552790034137
80949,99805	0,439315999999963	1,765231201	1,00176201297242	89,938920925256
80959,99805	0,438869000000011	1,762569214	1,00130057929588	89,8032920976206
80969,99805	0,440537899999981	1,767575928	1,00149850960708	90,058385285576
80979,99805	0,440686900000003	1,769448364	1,00116086413508	90,1537863147705
80989,99805	0,440895500000011	1,773191162	1,00123584434468	90,3444827023998
80999,99805	0,441551199999992	1,775989746	1,00146590960291	90,4870711774596
81009,99805	0,442177000000015	1,780952271	1,00149198980627	90,7399129260712
81019,99805	0,43952459999997	1,766537964	1,00139223255338	90,0055007897284
81029,99805	0,438719999999989	1,760257813	1,00134761707339	89,6855257043868
81039,99805	0,439196799999991	1,764420044	1,00141635751658	89,8975922963265
81049,99805	0,438869000000011	1,760849487	1,00136717747594	89,7156716258216
81059,99805	0,439226599999984	1,761616211	1,00152757117662	89,7547363835533
81069,99805	0,438988199999983	1,760823364	1,00112882219946	89,7143406531818
81079,99805	0,439464999999984	1,765298584	1,00157134855367	89,9423541040403
81089,99805	0,441104199999984	1,771448975	1,00143517182748	90,2557178886228
81099,99805	0,440359099999966	1,766263794	1,00147541076991	89,9915317674632
81109,99805	0,441044599999998	1,770311646	1,00152440378758	90,1977707240027
81119,99805	0,440269699999988	1,769102661	1,00138869311864	90,1361726703011
81129,99805	0,440359099999966	1,767092285	1,00141263105887	90,0337435675345
81139,99805	0,441521399999999	1,774727539	1,00139279162205	90,4227614510623
81149,99805	0,441133999999977	1,775060181	1,00138245335223	90,4397096346869
81159,99805	0,441431999999963	1,775349365	1,00138729594703	90,4544436235798
81169,99805	0,440359099999966	1,769549438	1,00143517182748	90,1589360574719
81179,99805	0,441282999999999	1,77402478	1,00126779326887	90,3869557242574
81189,99805	0,441431999999963	1,776837646	1,00132321307592	90,5302718703826
81199,99805	0,440448500000002	1,769943115	1,0012764553328	90,1789939878739
81209,99805	0,439971700000001	1,76934375	1,00138012406613	90,1484562082845
81219,99805	0,440686900000003	1,771004883	1,00146367432836	90,2330913027972
81229,99805	0,441104199999984	1,772084717	1,00152999247402	90,2881090844245
81239,99805	0,439614000000006	1,766023926	1,00127878361878	89,9793104397004
81249,99805	0,439047799999969	1,763125	1,00135292672556	89,8316095175014
81259,99805	0,438451799999996	1,75888147	1,0014045280636	89,6154007234932
81269,99805	0,439971700000001	1,766213257	1,0014355448733	89,9889568961125
81279,99805	0,440150500000016	1,763746948	1,00128996099166	89,8632979059459
81289,99805	0,441640599999971	1,775994141	1,00142688280937	90,4872951036837
81299,99805	0,440686900000003	1,770527344	1,00137723671148	90,2087605849086
81309,99805	0,440597499999967	1,769638672	1,00141393521905	90,1634825495491
81319,99805	0,441104199999984	1,773568481	1,00143694204491	90,3637071890763
81329,99805	0,440716699999996	1,770387695	1,00143535885046	90,2016454374076
81339,99805	0,441461800000013	1,773946655	1,00119094983042	90,3829752381923
81349,99805	0,439464999999984	1,766526489	1,00156454871847	90,0049161359352
81359,99805	0,441282999999999	1,774442993	1,00156203440964	90,4082637692974
81369,99805	0,440776299999982	1,771366333	1,0015970557112	90,2515072604066
81379,99805	0,441104199999984	1,773202026	1,0015370713435	90,3450362256076
81389,99805	0,441372399999977	1,77579541	1,00147550378134	90,4771697151883
81399,99805	0,441193599999963	1,769961304	1,0015108051173	90,1799207214551
81409,99805	0,439971700000001	1,768848389	1,00122653020065	90,1232174555459
81419,99805	0,441700200000014	1,777296631	1,00161484689644	90,5536572578591
81429,99805	0,44062729999996	1,768727051	1,00151751094095	90,1170352575534
81439,99805	0,440686900000003	1,770416626	1,00140387598351	90,2031194782697
81449,99805	0,439792899999986	1,769176636	1,00142511259194	90,1399417129465
81459,99805	0,439405399999998	1,76264856	1,00152924738251	89,8073347939063
81469,99805	0,43952459999997	1,764704712	1,00175931264075	89,9120961940184
81479,99805	0,441193599999963	1,774434082	1,00152589397062	90,4078097518724
81489,99805	0,440686900000003	1,769822754	1,00149739246986	90,1728615682478
81499,99805	0,439315999999963	1,7647146	1,00146935602623	89,91259998981
81509,99805	0,441461800000013	1,774866577	1,00137919295176	90,4298454679778
81519,99805	0,440537899999981	1,768928955	1,00139716915973	90,1273223111021
81529,99805	0,439643799999999	1,768549683	1,00138552672972	90,1079983186427
81539,99805	0,438809399999968	1,764000366	1,00142278430596	89,8762096092118
81549,99805	0,441104199999984	1,775026123	1,00136196083519	90,4379743720385
81559,99805	0,4417598	1,778368042	1,0012859564998	90,6082458857696
81569,99805	0,441551199999992	1,775957764	1,00135665218315	90,4854416874714
81579,99805	0,441372399999977	1,775498291	1,00165545688445	90,4620314362868
81589,99805	0,439107400000012	1,764619873	1,00140937165852	89,9077736281653
81599,99805	0,439047799999969	1,763674927	1,00130710009681	89,8596284200336
81609,99805	0,438809399999968	1,761987793	1,00149236285209	89,7736685688083
81619,99805	0,439882299999965	1,769663452	1,00142138713435	90,1647450960412
81629,99805	0,439614000000006	1,76741626	1,00143917731947	90,0502501655882
81639,99805	0,438213299999973	1,759968628	1,0013520876225	89,6707916645438
81649,99805	0,440031299999987	1,768303467	1,00158187384646	90,095453558873
81659,99805	0,438809399999968	1,762203369	1,00138645784409	89,7846522137871
81669,99805	0,438898800000004	1,761307373	1,00128278911076	89,7390010190044
81679,99805	0,438541199999975	1,760052002	1,00151397150622	89,6750395883222
81689,99805	0,440359099999966	1,768053467	1,0014774590215	90,0827160034646
81699,99805	0,438123899999994	1,757524292	1,00135013238234	89,5462522035971
81709,99805	0,438570999999968	1,760352173	1,00136624636157	89,6903333673002
81719,99805	0,439614000000006	1,763577271	1,00115788376901	89,8546528251898
81729,99805	0,43952459999997	1,761926025	1,00146171808808	89,7705214755184
81739,99805	0,438719999999989	1,760533081	1,00160162027186	89,6995506699954
81749,99805	0,440388899999959	1,766021484	1,00145380111566	89,9791860192592
81759,99805	0,439971700000001	1,764891602	1,00138170726059	89,9216182809395
81769,99805	0,43895839999999	1,762884155	1,00140322390341	89,8193384113721
81779,99805	0,438869000000011	1,759554443	1,00151313340327	89,6496888469965
81789,99805	0,4397333	1,763488037	1,00134668595902	89,8501063331125
81799,99805	0,438570999999968	1,759549194	1,00133094402549	89,6494214092831
81809,99805	0,440031299999987	1,76587439	1,00158187384646	89,9716915473582
81819,99805	0,439643799999999	1,761720337	1,00136931973907	89,7600416263311
81829,99805	0,438302700000008	1,757596802	1,00120324434051	89,5499466041677
81839,99805	0,438988199999983	1,763214966	1,00155430346007	89,8361933051409
81849,99805	0,438869000000011	1,761497437	1,00140732240682	89,748684821929
81859,99805	0,440806099999975	1,768733398	1,00132749760218	90,1173586386101
81869,99805	0,440478299999995	1,76792041	1,00145715452755	90,0759367198247
81879,99805	0,439375600000005	1,765615112	1,00147000810632	89,9584812757936
81889,99805	0,439792899999986	1,764406006	1,00161270363319	89,8968770571152
81899,99805	0,440120699999966	1,765243164	1,00138617880982	89,9395304427574
81909,99805	0,440299499999981	1,766656616	1,00101779556239	90,0115461354257
81919,99805	0,439107400000012	1,763984863	1,00146581659149	89,8754197279258
81929,99805	0,437408699999992	1,752283813	1,00149729945844	89,2792486370816
81939,99805	0,438213299999973	1,757314819	1,00163123990995	89,5355795078209
81949,99805	0,437378899999999	1,751085571	1,00119961189435	89,218197941611
81959,99805	0,438153699999987	1,75655127	1,00141719561952	89,4966765170429
81969,99805	0,439852499999972	1,76435083	1,00160795404982	89,8940658276863
81979,99805	0,440686900000003	1,768579834	1,00128893686587	90,1095345187752
81989,99805	0,439643799999999	1,763331665	1,00171655938949	89,8421391450553
81999,99805	0,438481599999989	1,761089355	1,0015541164371	89,7278929535844
82009,99805	0,437647099999992	1,753207153	1,00125372854134	89,3262930147246
82019,99805	0,437915299999986	1,753836304	1,00145454620718	89,3583483976155
82029,99805	0,438869000000011	1,754814819	1,00133448346023	89,4082039537372
82039,99805	0,438034500000015	1,755433472	1,00148165053633	89,4397244612014
82049,99805	0,437885499999993	1,753596313	1,00139158047329	89,3461208029755
82059,99805	0,438570999999968	1,755174927	1,00129154418612	89,4265515361492
82069,99805	0,436991400000011	1,747966187	1,00130458478786	89,0592646354512
82079,99805	0,438362299999994	1,756761475	1,0012740340354	89,5073865083813
82089,99805	0,439703500000007	1,762627563	1,00148491093679	89,8062649921027
82099,99805	0,437557700000013	1,752054565	1,00125670890741	89,2675684006725
82109,99805	0,43863060000001	1,759631348	1,00133271424292	89,6536071737912
82119,99805	0,437825900000007	1,755704346	1,00139996350295	89,4535255515362
82129,99805	0,437796100000014	1,753141113	1,00143293655293	89,322928262088
82139,99805	0,437825900000007	1,753904663	1,00161289065616	89,3618313038162
82149,99805	0,437796100000014	1,754829102	1,00148919546305	89,4089316757528
82159,99805	0,439137200000005	1,757724854	1,00124422737434	89,5564708819483
82169,99805	0,438034500000015	1,754474365	1,0013231200645	89,3908577469812
82179,99805	0,437915299999986	1,754515503	1,00142716184364	89,3929537371988
82189,99805	0,438570999999968	1,75394043	1,00144392790297	89,3636536403934
82199,99805	0,437468299999978	1,750510742	1,00120203319175	89,1889102766597
82209,99805	0,438213299999973	1,756943237	1,00120678377525	89,5166473225659
82219,99805	0,437706699999978	1,7528479	1,00139931142286	89,3079889947521
82229,99805	0,437289499999963	1,751405029	1,00141812673389	89,2344743975136
82239,99805	0,438213299999973	1,755360596	1,00129024102606	89,4360114128497
82249,99805	0,437229899999977	1,74912854	1,00108448575375	89,1184867784175
82259,99805	0,439703500000007	1,759883789	1,00155020495666	89,6664690986906
82269,99805	0,437170299999991	1,747174072	1,00158690346423	89,018906200642
82279,99805	0,437706699999978	1,750456909	1,00141840676828	89,1861674733785
82289,99805	0,437408699999992	1,749044678	1,00139689012545	89,1142139909309
82299,99805	0,437468299999978	1,749702026	1,00131837048112	89,1477060172212
82309,99805	0,43708079999999	1,748312134	1,00128316215658	89,0768907117746
82319,99805	0,4397333	1,76211731	1,00147811110159	89,7802674886636
82329,99805	0,43863060000001	1,756427856	1,00154275304137	89,4903885463902
82339,99805	0,437557700000013	1,752967407	1,00141766167676	89,3140779028889
82349,99805	0,438660400000003	1,754543579	1,00145668847031	89,3943842156213
82359,99805	0,437050999999997	1,749664551	1,00144923655501	89,1457966576655
82369,99805	0,437647099999992	1,75178894	1,00135301973698	89,2540347480512
82379,99805	0,438034500000015	1,754560791	1,00141794071104	89,3952611708361
82389,99805	0,43708079999999	1,748344849	1,00147773905589	89,0785575482753
82399,99805	0,436663599999974	1,745328125	1,00136987880773	88,9248547918684
82409,99805	0,435829099999978	1,734628784	1,00117716413716	88,3797209965863
82419,99805	0,437319300000013	1,746200806	1,00153409097743	88,9693180822337
82429,99805	0,437140499999998	1,750973511	1,00126434684555	89,2124884597748
82439,99805	0,437408699999992	1,75275293	1,00139456183948	89,3031502522036
82449,99805	0,438213299999973	1,753824707	1,00151238831176	89,3577575278952
82459,99805	0,437796100000014	1,751354858	1,00150465736219	89,2319181739441
82469,99805	0,436544400000002	1,744033447	1,00139074237034	88,8588906608244
82479,99805	0,436872199999982	1,744680298	1,00153967966387	88,8918478626382
82489,99805	0,435739699999999	1,737206909	1,00159482043665	88,5110770367351
82499,99805	0,436872199999982	1,743991089	1,00134687198187	88,8567325113364
82509,99805	0,436127199999987	1,73842627	1,00157172059937	88,5732037499363
82519,99805	0,43672319999996	1,743994751	1,00153492908037	88,856919091048
82529,99805	0,436574199999995	1,742787598	1,00146935602623	88,7954143781526
82539,99805	0,436395399999981	1,741470947	1,00160869914133	88,7283307178886
82549,99805	0,436872199999982	1,743654419	1,00116598676428	88,8395791002191
82559,99805	0,437647099999992	1,74877832	1,00119514134525	89,100642991797
82569,99805	0,437468299999978	1,749825317	1,00139623804536	89,1539877209966
82579,99805	0,437229899999977	1,750175293	1,00172736371655	89,171819075763
82589,99805	0,438153699999987	1,753365112	1,00138999727883	89,3343410607836
82599,99805	0,43672319999996	1,746454468	1,00152570794777	88,9822422173537
82609,99805	0,436216599999966	1,741193481	1,0016116795074	88,7141937636929
82619,99805	0,435262899999998	1,732733643	1,0013640100869	88,2831631426097
82629,99805	0,43538209999997	1,732973877	1,00149599529825	88,2954031181536
82639,99805	0,43708079999999	1,739415771	1,00157572609135	88,6236190451929
82649,99805	0,435680100000013	1,734209717	1,0011391614694	88,3583694400571
82659,99805	0,437378899999999	1,746069458	1,00150512341943	88,9626258725226
82669,99805	0,438541199999975	1,752267944	1,001483886811	89,2784401080145
82679,99805	0,43672319999996	1,742887817	1,00157712326296	88,8005205584144
82689,99805	0,435560899999984	1,736440308	1,00135227464547	88,4720185458807
82699,99805	0,435799299999985	1,735878174	1,00163580347048	88,443377693993
82709,99805	0,436395399999981	1,740853882	1,00170417086784	88,6968911193764
82719,99805	0,437140499999998	1,745816162	1,0013878550157	88,9497203851837
82729,99805	0,437915299999986	1,747405884	1,00144355485715	89,0307170734193
82739,99805	0,43672319999996	1,744527222	1,00141468031057	88,8840486065115
82749,99805	0,436663599999974	1,745783081	1,00145137881814	88,9480349009018
82759,99805	0,43672319999996	1,744432373	1,00147475868982	88,8792160289397
82769,99805	0,436574199999995	1,744084473	1,00125847812472	88,8614904468335
82779,99805	0,436395399999981	1,741938354	1,00144728131486	88,7521452081317
82789,99805	0,437796100000014	1,74705542	1,00135069045088	89,0128608549447
82799,99805	0,438541199999975	1,750745972	1,00126770025744	89,2008952972946
82809,99805	0,438362299999994	1,752121826	1,00147755303304	89,2709953635298
82819,99805	0,43672319999996	1,746463013	1,00154722359047	88,9826775869975
82829,99805	0,438362299999994	1,752627319	1,00122681023504	89,296750343914
82839,99805	0,43672319999996	1,745970825	1,00132973387685	88,9576004993122
82849,99805	0,437408699999992	1,748752686	1,00136754952163	89,0993369338157
82859,99805	0,437408699999992	1,748609741	1,00143414770169	89,0920538543843
82869,99805	0,438392099999987	1,753259521	1,00146171808808	89,3289611759311
82879,99805	0,438570999999968	1,752560059	1,00158569231547	89,2933234320069
82889,99805	0,437825900000007	1,750743164	1,00130886931412	89,2007522290722
82899,99805	0,436633799999981	1,741718018	1,00140788147549	88,7409190400978
82909,99805	0,43591859999998	1,737883057	1,00120324434051	88,5455269271921
82919,99805	0,43675300000001	1,742459106	1,00148761226859	88,7786776379477
82929,99805	0,436991400000011	1,747178467	1,0015469445562	89,0191301268661
82939,99805	0,436961599999961	1,746449707	1,00170249466196	88,9819996433485
82949,99805	0,437498099999971	1,746750732	1,00156417667277	88,9973369338157
82959,99805	0,436901999999975	1,746221069	1,00151564871222	88,9703504865746
82969,99805	0,438153699999987	1,750418457	1,00135050442804	89,1842083354563
82979,99805	0,437229899999977	1,750964844	1,00149832358423	89,2120468742039
82989,99805	0,438809399999968	1,755023682	1,00151704588383	89,4188455698782
82999,99805	0,438809399999968	1,753369629	1,00128278911076	89,3345712029347
83009,99805	0,438392099999987	1,753231567	1,0011486626364	89,3275369134356
83019,99805	0,437617299999999	1,751714478	1,00145575735594	89,2502408926479
83029,99805	0,439137200000005	1,758570313	1,00167883575601	89,5995472053804
83039,99805	0,437885499999993	1,755934448	1,00134258745562	89,4652492994345
83049,99805	0,438988199999983	1,7564823	1,00133699876918	89,4931624802568
83059,99805	0,437229899999977	1,751110596	1,00142474054624	89,2194729709074
83069,99805	0,437050999999997	1,750607422	1,00149012657741	89,1938361440872
83079,99805	0,436872199999982	1,750274414	1,00145314903557	89,1768693126815
83089,99805	0,436991400000011	1,748536987	1,00185087288682	89,0883470219595
83099,99805	0,436961599999961	1,748675781	1,00143377465587	89,0954186070209
83109,99805	0,437170299999991	1,74898584	1,0014791362275	89,1112161817904
83119,99805	0,43591859999998	1,741686523	1,00143656899909	88,7393143628675
83129,99805	0,438481599999989	1,753279785	1,00144467299448	89,3299936312223
83139,99805	0,438451799999996	1,753240112	1,00126024834215	89,3279722830794
83149,99805	0,438243099999966	1,75393811	1,00139381674796	89,3635354358792
83159,99805	0,438809399999968	1,756249878	1,00144364786857	89,4813205278443
83169,99805	0,43675300000001	1,7467052	1,00140732240682	88,9950170683243
83179,99805	0,437796100000014	1,755072876	1,00174468884455	89,4213520150813
83189,99805	0,437229899999977	1,752854248	1,00139484087375	89,3083124267591
83199,99805	0,436991400000011	1,748279907	1,00164986819801	89,075248738982
83209,99805	0,436395399999981	1,745431152	1,00137453537969	88,9301040403526
83219,99805	0,437319300000013	1,749261597	1,00129238328919	89,1252660620574
83229,99805	0,43675300000001	1,74791748	1,0014937600237	89,0567830030061
83239,99805	0,438869000000011	1,757088989	1,00159584556257	89,5240734192694
83249,99805	0,436544400000002	1,745788208	1,0014764348957	88,9482961226881
83259,99805	0,438064300000008	1,749043457	1,00131781141245	89,1141517807102
83269,99805	0,436574199999995	1,745010742	1,00146143905381	88,9086840576757
83279,99805	0,438809399999968	1,75464856	1,00129135816327	89,3997330208386
83289,99805	0,438719999999989	1,753323486	1,00141943089407	89,3322202068579
83299,99805	0,43648479999996	1,74416333	1,00134892123358	88,8655082284608
83309,99805	0,438362299999994	1,753390747	1,00144718730331	89,3356471697152
83319,99805	0,43708079999999	1,749659668	1,00156063723803	89,1455478677332
83329,99805	0,439047799999969	1,75666687	1,00136289294968	89,5025663626637
83339,99805	0,437557700000013	1,751690552	1,0016334751845	89,2490218576451
83349,99805	0,438451799999996	1,753161987	1,00154284605279	89,3239917970143
83359,99805	0,437408699999992	1,749300049	1,00143340261018	89,1272251999796
83369,99805	0,437319300000013	1,746849487	1,00150437832791	89,0023685229531
83379,99805	0,438869000000011	1,754793823	1,00129545666668	89,4071342028838
83389,99805	0,438153699999987	1,756083862	1,00130868329127	89,4728619758496
83399,99805	0,439137200000005	1,759511841	1,00148071942196	89,6475182656545
83409,99805	0,438988199999983	1,756873779	1,00142175918005	89,5131084220716
83419,99805	0,438481599999989	1,753447021	1,00155271926549	89,3385143424874
83429,99805	0,437289499999963	1,751677979	1,00127999476754	89,2483812605085
83439,99805	0,437140499999998	1,749020386	1,00142138713435	89,1129763081469
83449,99805	0,439375600000005	1,759431396	1,00147140527793	89,6434195750752
83459,99805	0,439703500000007	1,765537964	1,00137434935684	89,954550568095
83469,99805	0,440120699999966	1,768323242	1,00170212161614	90,0964610995058
83479,99805	0,438988199999983	1,758095459	1,00142548563776	89,5753532888368
83489,99805	0,43863060000001	1,760196411	1,00154796968211	89,6823972588781
83499,99805	0,439971700000001	1,764574707	1,00133047896837	89,905472410455
83509,99805	0,438213299999973	1,757818359	1,00154824871638	89,5612349824222
83519,99805	0,438481599999989	1,754071655	1,00142529861479	89,3703395832272
83529,99805	0,439375600000005	1,762858765	1,00141402823048	89,8180447852448
83539,99805	0,439941900000008	1,764846436	1,00151518265498	89,9193170632292
83549,99805	0,439941900000008	1,764772827	1,0015247768334	89,915566668365
83559,99805	0,439196799999991	1,761023438	1,00133318030016	89,7245344678249
83569,99805	0,439554399999963	1,763056885	1,00115629957443	89,8281390431548
83579,99805	0,439315999999963	1,761615479	1,00141244503602	89,754699087991
83589,99805	0,439107400000012	1,762104858	1,00155793590623	89,7796330565038
83599,99805	0,438570999999968	1,760663452	1,00118182170923	89,70619310134
83609,99805	0,439554399999963	1,764478516	1,00136727048736	89,9005714576859
83619,99805	0,439405399999998	1,764969849	1,00145650244746	89,9256049829317
83629,99805	0,439643799999999	1,765724121	1,00131473703483	89,9640353085036
83639,99805	0,438570999999968	1,761888428	1,00167660048145	89,7686059000357
83649,99805	0,439464999999984	1,765855957	1,00147839113598	89,9707523819229
83659,99805	0,439554399999963	1,767690552	1,00137705068864	90,0642254037805
83669,99805	0,439047799999969	1,764810669	1,00130421174204	89,9174947266521
83679,99805	0,43952459999997	1,765505615	1,00134482273017	89,9529023793753
83689,99805	0,438213299999973	1,761646973	1,00141048879574	89,7563037142712
83699,99805	0,437885499999993	1,758048706	1,0012287654752	89,5729712131248
83709,99805	0,439792899999986	1,764160645	1,00137127597934	89,884375859785
83719,99805	0,437796100000014	1,757389404	1,00138021707755	89,5393796301014
83729,99805	0,439196799999991	1,762424927	1,00128576947683	89,7959406429918
83739,99805	0,439643799999999	1,764586426	1,00129964818151	89,9060694961023
83749,99805	0,439882299999965	1,766056641	1,00126919044048	89,9809772762012
83759,99805	0,439405399999998	1,762744019	1,00146628264873	89,8121984511133
83769,99805	0,44062729999996	1,772302002	1,00138217331783	90,2991798033322
83779,99805	0,439226599999984	1,764703979	1,0014481194178	89,912058847506
83789,99805	0,439315999999963	1,7651073	1,00144290277705	89,9326081418454
83799,99805	0,438809399999968	1,765109741	1,00131352688619	89,9327325113364
83809,99805	0,439792899999986	1,766482544	1,00128018079039	90,0026771284455
83819,99805	0,439137200000005	1,765033325	1,00135050442804	89,9288390992001
83829,99805	0,44006109999998	1,768796387	1,00156752908454	90,1205679421206
83839,99805	0,438243099999966	1,75983313	1,00150866285417	89,6638880114129
83849,99805	0,439614000000006	1,76447229	1,00139409578223	89,900254241606
83859,99805	0,439196799999991	1,761436523	1,00127962272185	89,7455812401284
83869,99805	0,43863060000001	1,761914673	1,00138897315304	89,7699430886024
83879,99805	0,440210100000002	1,767652954	1,0013806831348	90,0623097773475
83889,99805	0,439464999999984	1,763266846	1,00127086664636	89,8388366026392
83899,99805	0,439971700000001	1,766196411	1,00118973868165	89,9880985886789
83909,99805	0,439405399999998	1,763433594	1,00116673185579	89,8473324501962
83919,99805	0,439703500000007	1,765499512	1,00131520309208	89,9525914301727
83929,99805	0,440359099999966	1,770535645	1,00138953222171	90,2091835226983
83939,99805	0,439941900000008	1,766713379	1,00125968927348	90,0144382228563
83949,99805	0,44006109999998	1,770355347	1,00134202838695	90,1999972996383
83959,99805	0,439375600000005	1,764629883	1,00144551109743	89,9082836398838
83969,99805	0,440806099999975	1,772180542	1,00133252822007	90,2929913894125
83979,99805	0,440150500000016	1,769291992	1,00141859279113	90,1458191267132
83989,99805	0,437915299999986	1,757996582	1,00120426946643	89,5703154837724
83999,99805	0,438570999999968	1,761656128	1,00125987529633	89,7567701635502
84009,99805	0,438064300000008	1,758576172	1,00150922192284	89,5998457227289
84019,99805	0,439315999999963	1,760178223	1,00145137881814	89,681470576247
84029,99805	0,439226599999984	1,761638062	1,00143675602207	89,7558496968462
84039,99805	0,440716699999996	1,771169434	1,00136438313272	90,2414752127172
84049,99805	0,43895839999999	1,764202148	1,00138506067248	89,8864904468334
84059,99805	0,439941900000008	1,766130249	1,00140862656701	89,9847276201151
84069,99805	0,440478299999995	1,769181274	1,0014191518598	90,1401780200744
84079,99805	0,440269699999988	1,766510742	1,0012863285455	90,0041138227951
84089,99805	0,441610799999978	1,780960938	1,00144048147965	90,7403545116421
84099,99805	0,440597499999967	1,770392334	1,0014941320694	90,2018817954858
84109,99805	0,441521399999999	1,780950806	1,00155765587184	90,7398382839965
84119,99805	0,440716699999996	1,773224731	1,00131203670316	90,3461930503898
84129,99805	0,44062729999996	1,77231958	1,00135730426324	90,300075406328
84139,99805	0,441193599999963	1,777917236	1,00136438313272	90,5852772201559
84149,99805	0,441282999999999	1,78075354	1,00129070608318	90,7297875375758
84159,99805	0,440806099999975	1,776826294	1,00155709780329	90,5296934834667
84169,99805	0,440478299999995	1,774030151	1,0014236224089	90,3872293778978
84179,99805	0,440865699999961	1,77661377	1,00122476098334	90,5188653385642
84189,99805	0,44062729999996	1,777573608	1,0013827323865	90,5677692973964
84199,99805	0,440776299999982	1,778285034	1,0014914307376	90,6040166097723
84209,99805	0,440478299999995	1,773926025	1,00128046082479	90,38192413512
84219,99805	0,438719999999989	1,768456909	1,00142734786649	90,1032714627809
84229,99805	0,439405399999998	1,771635376	1,00128297513361	90,2652150608855
84239,99805	0,439614000000006	1,768367676	1,00147028714059	90,0987250216538
84249,99805	0,439405399999998	1,76700708	1,00140033654877	90,0294023539002
84259,99805	0,439643799999999	1,767823486	1,00137360426532	90,0709984205431
84269,99805	0,43952459999997	1,766421753	1,00126574401716	89,9995798135222
84279,99805	0,438988199999983	1,769441528	1,00148407283385	90,1534380190554
84289,99805	0,438481599999989	1,764251343	1,00133616066623	89,8889969429867
84299,99805	0,437885499999993	1,759579712	1,00153297284009	89,6509763081469
84309,99805	0,438392099999987	1,762712769	1,0017084553941	89,8106062566872
84319,99805	0,437915299999986	1,759962524	1,00136056366358	89,6704806643909
84329,99805	0,438898800000004	1,765944946	1,00114819657916	89,9752863911958
84339,99805	0,439405399999998	1,766060181	1,00137267315096	89,9811576399857
84349,99805	0,43863060000001	1,764727905	1,00140145468611	89,9132778825088
84359,99805	0,440359099999966	1,77169751	1,00149273489779	90,2683808019565
84369,99805	0,439643799999999	1,768570679	1,0012267162235	90,1090680694961
84379,99805	0,438213299999973	1,763283447	1,00134100426116	89,8396824272686
84389,99805	0,438451799999996	1,764652588	1,00130644801672	89,909440464666
84399,99805	0,438123899999994	1,762626343	1,00134510176444	89,8062028328323
84409,99805	0,438243099999966	1,764891724	1,00122578510913	89,9216244968666
84419,99805	0,438988199999983	1,764678955	1,0015465725105	89,9107838691598
84429,99805	0,438451799999996	1,764995728	1,0012839072481	89,9269235237173
84439,99805	0,438481599999989	1,764139038	1,00154778265914	89,8832749783462
84449,99805	0,438123899999994	1,761528564	1,0012283934295	89,7502707494778
84459,99805	0,439047799999969	1,764939087	1,00145650244746	89,9240376522138
84469,99805	0,438719999999989	1,763721558	1,00158662342984	89,8620042798186
84479,99805	0,437289499999963	1,757447876	1,00151276135758	89,5423587914608
84489,99805	0,43863060000001	1,765460571	1,00143675602207	89,9506073775921
84499,99805	0,439941900000008	1,769722046	1,00142054903141	90,1677304733276
84509,99805	0,439554399999963	1,767140869	1,0015541164371	90,0362189331024
84519,99805	0,438392099999987	1,764969727	1,00137425634541	89,9255987670046
84529,99805	0,438660400000003	1,766561035	1,00146134604239	90,0066762622917
84539,99805	0,437617299999999	1,758970459	1,00149748548129	89,6199347327661
84549,99805	0,438451799999996	1,762118164	1,0012573609875	89,7803110001529
84559,99805	0,437915299999986	1,761276245	1,00117716413716	89,7374150405054
84569,99805	0,439941900000008	1,770283447	1,00143601093055	90,1963339787028
84579,99805	0,43928619999997	1,766569702	1,00151630079232	90,0071178478626
84589,99805	0,438153699999987	1,764319946	1,00131548212635	89,8924922810414
84599,99805	0,438541199999975	1,764131836	1,00119970490578	89,88290803485
84609,99805	0,438302700000008	1,765749268	1,00149962774441	89,965316553727
84619,99805	0,437468299999978	1,759456543	1,00142203921444	89,6447008202986
84629,99805	0,437736499999971	1,760625122	1,00144178563984	89,7042401793448
84639,99805	0,438213299999973	1,764053101	1,00124311023712	89,8788964691496
84649,99805	0,438541199999975	1,760937378	1,00122969758969	89,7201496917512
84659,99805	0,438153699999987	1,760556396	1,0014137491962	89,7007385744128
84669,99805	0,436991400000011	1,754865479	1,0013343904488	89,4107850919652
84679,99805	0,437706699999978	1,75897937	1,00136196083519	89,6203887501911
84689,99805	0,436812599999996	1,752850708	1,00133820991794	89,3081320629745
84699,99805	0,437647099999992	1,756944824	1,00140601824664	89,5167281805676
84709,99805	0,436544400000002	1,749141846	1,00143982939956	89,1191647220666
84719,99805	0,43708079999999	1,75388916	1,00144998164653	89,3610414225302
84729,99805	0,437647099999992	1,75860437	1,00135879444627	89,6012824170785
84739,99805	0,439137200000005	1,76419165	1,00134566083311	89,8859555714067
84749,99805	0,438064300000008	1,761234131	1,00170025938741	89,7352693228716
84759,99805	0,437378899999999	1,757248535	1,00125335549552	89,5322023233301
84769,99805	0,438481599999989	1,763794556	1,00157730928581	89,8657235440974
84779,99805	0,438660400000003	1,7605177	1,00152412475331	89,6987670046365
84789,99805	0,43952459999997	1,766529175	1,00143573089615	90,0050529882305
84799,99805	0,438243099999966	1,761479248	1,00139251258777	89,7477580883477
84809,99805	0,437647099999992	1,758113525	1,00110488425923	89,5762737555408
84819,99805	0,436961599999961	1,755057861	1,00126416082271	89,4205869975034
84829,99805	0,437706699999978	1,756673462	1,0014215731572	89,5029022265247
84839,99805	0,438034500000015	1,761599731	1,00144234470851	89,7538967239008
84849,99805	0,437140499999998	1,755707642	1,00124441439731	89,4536934834667
84859,99805	0,438451799999996	1,762389893	1,00131110458867	89,7941556529271
84869,99805	0,437915299999986	1,762437256	1,00160255138622	89,7965688082743
84879,99805	0,438779599999975	1,762776855	1,00135981857207	89,8138714525908
84889,99805	0,437498099999971	1,758749634	1,00142129412293	89,6086836500739
84899,99805	0,439196799999991	1,764881104	1,00145575735594	89,9210834055128
84909,99805	0,437706699999978	1,758987061	1,00156995138206	89,6207806083457
84919,99805	0,438869000000011	1,763424316	1,00139120842759	89,8468597340399
84929,99805	0,436633799999981	1,753014771	1,00121945133117	89,3164911091863
84939,99805	0,438869000000011	1,762811279	1,00124953702651	89,8156253630203
84949,99805	0,437647099999992	1,759599243	1,00145426617279	89,6519714169257
84959,99805	0,43708079999999	1,755869385	1,0013656872929	89,4619343251643
84969,99805	0,437825900000007	1,760657959	1,00174878734795	89,7059132317726
84979,99805	0,437378899999999	1,757814941	1,00131743836663	89,5610608345646
84989,99805	0,437647099999992	1,759827515	1,00166253575393	89,6636019259184
84999,99805	0,437825900000007	1,761563354	1,00146590960291	89,7520433076884
85009,99805	0,437796100000014	1,75897998	1,00136317198395	89,6204198298263
85019,99805	0,43672319999996	1,749534058	1,00139689012545	89,1391480103939
85029,99805	0,436961599999961	1,753093994	1,00155719081472	89,3205275385948
85039,99805	0,436961599999961	1,753841675	1,00153641926341	89,3586220512559
85049,99805	0,436395399999981	1,750234985	1,0017929367707	89,1748603963927
85059,99805	0,437378899999999	1,756607666	1,00142352939748	89,4995499057421
85069,99805	0,437319300000013	1,756065186	1,00140732240682	89,4719104295104
85079,99805	0,438153699999987	1,759127808	1,00160385554641	89,6279516991899
85089,99805	0,436425199999974	1,751531006	1,00150922192284	89,2408929535843
85099,99805	0,43708079999999	1,754682373	1,0013636380412	89,4014558006827
85109,99805	0,436574199999995	1,752866333	1,00133066499122	89,3089281601875
85119,99805	0,436633799999981	1,753631348	1,00143498580463	89,3479058439904
85129,99805	0,436008000000015	1,748305176	1,00166710031458	89,0765362001325
85139,99805	0,438123899999994	1,754728027	1,00151331942612	89,4037818821012
85149,99805	0,436961599999961	1,754599121	1,00149273489779	89,3972140928313
85159,99805	0,436663599999974	1,751417236	1,00138412955811	89,2350963468691
85169,99805	0,43708079999999	1,755019165	1,00137602556272	89,4186154277271
85179,99805	0,437408699999992	1,756450806	1,00158131477779	89,4915578539767
85189,99805	0,436335799999995	1,750263794	1,00151406451764	89,1763282213278
85199,99805	0,436901999999975	1,753951172	1,00136903970467	89,3642009476741
85209,99805	0,436425199999974	1,749736328	1,00130886931412	89,1494537117237
85219,99805	0,436335799999995	1,747937744	1,0014795082732	89,0578154582972
85229,99805	0,438898800000004	1,763311646	1,0017874420958	89,8411191725684
85239,99805	0,43895839999999	1,765235474	1,00136885368182	89,9391386355531
85249,99805	0,439852499999972	1,771417603	1,00169699898694	90,2541194782697
85259,99805	0,437706699999978	1,763040527	1,00143852523937	89,8273055994294
85269,99805	0,436901999999975	1,756681519	1,0013656872929	89,5033127324604
85279,99805	0,439137200000005	1,766177612	1,0015660389015	89,9871407754624
85289,99805	0,438541199999975	1,76227832	1,00113385281736	89,7884709838488
85299,99805	0,438541199999975	1,764546265	1,0013732312195	89,9040232842513
85309,99805	0,43895839999999	1,765133057	1,00146563056864	89,933920466704
85319,99805	0,439107400000012	1,769347412	1,00147615586143	90,1486427879961
85329,99805	0,438064300000008	1,76627002	1,00169187635775	89,9918489835431
85339,99805	0,439107400000012	1,767800293	1,00158438815529	90,0698167320528
85349,99805	0,439792899999986	1,771782471	1,00168489049969	90,2727095837367
85359,99805	0,438809399999968	1,764255493	1,00126257662812	89,8892083864065
85369,99805	0,438243099999966	1,766005493	1,0013683886247	89,978371274265
85379,99805	0,43895839999999	1,764324097	1,00132926781961	89,8927037754114
85389,99805	0,437647099999992	1,761095581	1,00150307416773	89,7282101696643
85399,99805	0,438243099999966	1,763398193	1,00131715933236	89,8455287614001
85409,99805	0,438481599999989	1,764226929	1,00148826434868	89,8877530442758
85419,99805	0,438034500000015	1,762807007	1,00166188367383	89,8154077036735
85429,99805	0,439614000000006	1,770537109	1,00146125203084	90,2092581138228
85439,99805	0,439941900000008	1,771976929	1,00152570794777	90,2826172619351
85449,99805	0,437915299999986	1,763224243	1,00141514636782	89,836665970347
85459,99805	0,439047799999969	1,764844238	1,00167380613823	89,9192050746421
85469,99805	0,438123899999994	1,762458618	1,00149906867575	89,7976572069089
85479,99805	0,437974899999972	1,763576538	1,00147755303304	89,8546154786773
85489,99805	0,437140499999998	1,758108398	1,00127859759593	89,5760125337545
85499,99805	0,437468299999978	1,761088501	1,00139279162205	89,7278494420951
85509,99805	0,439941900000008	1,77269873	1,00149832358423	90,3193931828603
85519,99805	0,438988199999983	1,766242676	1,00147792507874	89,9904558006827
85529,99805	0,438869000000011	1,76554126	1,00136251990386	89,9547185000255
85539,99805	0,439137200000005	1,76734314	1,00146488547712	90,0465246853824
85549,99805	0,438898800000004	1,765744873	1,00154247400709	89,9650926275029
85559,99805	0,44006109999998	1,77579834	1,00161941045697	90,4773189993376
85569,99805	0,438153699999987	1,768346802	1,00142129412293	90,0976614867275
85579,99805	0,439137200000005	1,768494141	1,00130206947891	90,1051684414327
85589,99805	0,440031299999987	1,773272095	1,00131958062976	90,3486062566872
85599,99805	0,43952459999997	1,771754761	1,00146628264873	90,2712977530952
85609,99805	0,438988199999983	1,773461548	1,00125587080447	90,3582589290263
85619,99805	0,437408699999992	1,762692627	1,00142548563776	89,8095800173231
85629,99805	0,438541199999975	1,765981323	1,00141030277289	89,9771398074082
85639,99805	0,438064300000008	1,766269165	1,00145557033297	89,9918054211036
85649,99805	0,437736499999971	1,762796997	1,00146684071728	89,814897691955
85659,99805	0,437617299999999	1,761579346	1,00164176520274	89,7528581036328
85669,99805	0,440299499999981	1,775912354	1,00145603639022	90,483128037907
85679,99805	0,438213299999973	1,766416748	1,00115592752873	89,9993248076629
85689,99805	0,438213299999973	1,765140381	1,00135329877126	89,9342936261273
85699,99805	0,438481599999989	1,769810547	1,00148453789097	90,1722396188923
85709,99805	0,438123899999994	1,769032593	1,00138217331783	90,1326026901717
85719,99805	0,439971700000001	1,774788452	1,00141207299032	90,4258649819127
85729,99805	0,438362299999994	1,769088745	1,00129117214043	90,1354636470169
85739,99805	0,439941900000008	1,774004028	1,00136727048736	90,3858984052581
85749,99805	0,439643799999999	1,770984985	1,0015036332364	90,2320774952871
85759,99805	0,438898800000004	1,771102417	1,00156175437525	90,238060681714
85769,99805	0,438988199999983	1,767803101	1,00152188947876	90,0699598002751
85779,99805	0,439643799999999	1,770745972	1,00161447385062	90,2198997299638
85789,99805	0,438988199999983	1,767253296	1,001252610404	90,0419471136699
85799,99805	0,440359099999966	1,777942139	1,00152999247402	90,5865460335253
85809,99805	0,437796100000014	1,764101563	1,00142846600383	89,8813656187905
85819,99805	0,440299499999981	1,776567871	1,00128083287048	90,5165267743415
85829,99805	0,439882299999965	1,77674231	1,00139446882805	90,525414480053
85839,99805	0,440537899999981	1,783742798	1,00154144888118	90,8820908951954
85849,99805	0,438451799999996	1,773942627	1,00138729594703	90,3827700106996
85859,99805	0,438719999999989	1,773936279	1,00165443275866	90,3824465786926
85869,99805	0,438570999999968	1,77287793	1,00142986317544	90,3285234625771
85879,99805	0,43952459999997	1,776005249	1,00135301973698	90,4878610587456
85889,99805	0,437408699999992	1,765799805	1,00156687700444	89,9678914250777
85899,99805	0,439375600000005	1,773125366	1,00136447614414	90,3411303816172
85909,99805	0,438541199999975	1,772313599	1,00124217812264	90,2997706730524
85919,99805	0,437706699999978	1,765271851	1,00115974599774	89,9409920517654
85929,99805	0,437498099999971	1,764136841	1,00143023522113	89,8831630407092
85939,99805	0,437736499999971	1,765592529	1,00131212971458	89,9573306669384
85949,99805	0,437617299999999	1,764802612	1,0013656872929	89,9170842207164
85959,99805	0,437706699999978	1,765449341	1,00117027129053	89,9500352066032
85969,99805	0,436901999999975	1,760059814	1,00146367432836	89,6754376114536
85979,99805	0,437885499999993	1,766672485	1,00145333505842	90,0123546644928
85989,99805	0,437498099999971	1,765154053	1,00136075068655	89,9349902175575
85999,99805	0,439375600000005	1,775140381	1,00135572106878	90,4437958424619
86009,99805	0,439554399999963	1,776985474	1,00156054322648	90,5378037397463
86019,99805	0,438392099999987	1,773938721	1,00150726568256	90,3825709991338
86029,99805	0,437498099999971	1,766886841	1,0014024788119	90,0232761502013
86039,99805	0,43708079999999	1,762880005	1,00141123388726	89,8191269679523
86049,99805	0,437050999999997	1,762294434	1,00118303185787	89,7892919957202
86059,99805	0,43675300000001	1,759749756	1,00131101157725	89,6596400876344
86069,99805	0,437706699999978	1,768458618	1,00148360677661	90,1033585367096
86079,99805	0,437408699999992	1,767708374	1,00160189930613	90,0651334386305
86089,99805	0,438541199999975	1,77034314	1,00161568499938	90,1993753502828
86099,99805	0,436306000000002	1,757243286	1,00144485901733	89,5319348856168
86109,99805	0,436246400000016	1,757409668	1,00162974972691	89,5404120853926
86119,99805	0,43615699999998	1,754949097	1,00131762438948	89,4150454475977
86129,99805	0,43708079999999	1,760830322	1,00158280496083	89,714695164824
86139,99805	0,43615699999998	1,753473511	1,00146954204908	89,3398640138585
86149,99805	0,436574199999995	1,757414551	1,00155216019682	89,5406608753248
86159,99805	0,43591859999998	1,750661865	1,00128437230522	89,1966100270036
86169,99805	0,435799299999985	1,750018433	1,00114018659532	89,1638270239976
86179,99805	0,435590699999977	1,747071777	1,00153250778297	89,01369424772
86189,99805	0,436425199999974	1,753599976	1,00169383259802	89,3463074336373
86199,99805	0,437468299999978	1,762075073	1,00150512341943	89,7781155041525
86209,99805	0,437468299999978	1,762959473	1,00116896713034	89,8231758801651
86219,99805	0,435590699999977	1,748941284	1,00117632603422	89,1089460437153
86229,99805	0,43672319999996	1,754595093	1,00144504504018	89,3970088653386
86239,99805	0,436991400000011	1,755729126	1,00146134604239	89,4547880980282
86249,99805	0,438064300000008	1,763528076	1,00156287251258	89,8521463290365
86259,99805	0,437885499999993	1,762639404	1,00130123137597	89,8068682936771
86269,99805	0,437468299999978	1,76328833	1,00138198729498	89,8399312172008
86279,99805	0,437289499999963	1,762286865	1,00139335069072	89,7889063534926
86289,99805	0,435680100000013	1,753145874	1,00153818948084	89,3231708360931
86299,99805	0,436574199999995	1,757983032	1,00171842261834	89,5696251082692
86309,99805	0,436425199999974	1,759381836	1,00135963254922	89,640894482091
86319,99805	0,437736499999971	1,763987915	1,00146013489362	89,8755752280022
86329,99805	0,436663599999974	1,759416626	1,00130076631885	89,6426670403016
86339,99805	0,435799299999985	1,751432129	1,00132572838487	89,2358551485199
86349,99805	0,435084099999983	1,746380493	1,00155989114639	88,9784731747083
86359,99805	0,43591859999998	1,749440796	1,00137183404789	89,1343962908239
86369,99805	0,434935099999961	1,743467285	1,00136801557888	88,8300445814439
86379,99805	0,43538209999997	1,747641357	1,00158876569297	89,042714474958
86389,99805	0,43481589999999	1,742950439	1,00149869663005	88,8037111631936
86399,99805	0,434756300000004	1,743259766	1,00135227464547	88,8194714424008
