BAM 5.2 *RELAX01-V03* VH5204_I_15.lis
-------------------------------------

Versuchsbezeichnung                 				RELAX-Versuch
Versuchs-Datum                      				18.04.2023
Projekt                             				VH5204
Werkstoff                           				CuZn23Si2,5
Bearbeiter                          				NN
Prüfmaschine                        				M33
Probenbezeichnung                   				I_15
Probenform                          				ZUG 005.004
Probenquerschnitt                   			mm²	19,784
Prüftemperatur                      			°C	100
Prüfgeschwindigkeit 1               			%/s	0,025
Anfangsmesslänge                    			mm	25
Steigung des elastischen Teils (mE)    			GPa	62,7
Dehngrenze (Rp0,2)                  			MPa	127
Anfangsdehnung                      			%	1,01
Anfangsspannung                     			MPa	157
Belastungszeit t                    			s	86400
Restspannung                        			MPa	145
-



-
[Daten]
Zeit	Weg	Kraft	Dehnung	Spannung
sec	mm	kN	%	MPa
-36,99707031	0	0,251566406	0,0257386616002463	12,71564933
-36,91308594	0,008761883	0,301882019	0,0266784686002463	15,25889704
-36,83691406	0,01758337	0,352444946	0,0286874156002463	17,81464549
-36,76757813	0,024318695	0,402561676	0,0326868876002463	20,34784048
-36,67480469	0,030606985	0,452736938	0,0367278906002463	22,88399406
-36,54785156	0,03695488	0,503096649	0,0404958016002463	25,42947074
-36,40527344	0,043094158	0,553244812	0,0444177176002463	27,96425455
-36,25390625	0,049293041	0,603358887	0,0483029156002463	30,49731534
-36,10058594	0,055104494	0,653453918	0,0521713236002463	33,02941359
-35,9296875	0,061124563	0,703500488	0,0567370896002463	35,55906229
-35,74609375	0,067174435	0,753698059	0,0612896996002463	38,09634346
-35,56152344	0,073045492	0,804009338	0,0660691476002463	40,63937214
-35,36425781	0,079095364	0,854120972	0,0709881286002463	43,17230953
-35,16699219	0,08481741	0,904242432	0,0759393456002463	45,70574361
-34,98242188	0,09059906	0,954409119	0,0803586226002463	48,24146374
-34,80761719	0,096231699	1,004427307	0,0849656306002463	50,76967788
-34,61035156	0,10201335	1,054623047	0,0899836436002463	53,3068665
-34,41894531	0,107467175	1,104677612	0,0948119806002463	55,83691934
-34,22070313	0,113040209	1,154939453	0,0998781136002463	58,37744911
-34,02832031	0,118553638	1,205096069	0,104636193600246	60,9126602
-33,83398438	0,123858452	1,255126831	0,109544997600246	63,44150986
-33,6328125	0,12922287	1,305442993	0,114526210600246	65,98478534
-33,43457031	0,134557486	1,355817505	0,119550253600246	68,53101015
-33,2421875	0,139772892	1,405900024	0,124225935600246	71,06247596
-33,04882813	0,145047903	1,455970947	0,129212678600246	73,5933556
-32,84863281	0,150263309	1,506134644	0,134107512600246	76,12892456
-32,64550781	0,155419111	1,556165649	0,139343512600246	78,65778657
-32,42773438	0,160694122	1,606172607	0,144797838600246	81,18543305
-32,22363281	0,165969133	1,656283447	0,149785443600246	83,71833033
-32,03710938	0,170946121	1,706434937	0,154532988600246	86,25328227
-31,81835938	0,176250935	1,756499023	0,160175498600246	88,78381639
-31,59667969	0,181555748	1,806667114	0,165491336600246	91,31960747
-31,38378906	0,186771154	1,856743042	0,170824578600246	93,85074009
-31,15136719	0,192284584	1,907078247	0,176902692600246	96,39497812
-30,89550781	0,197857618	1,95736853	0,183437562600246	98,93694553
-30,61914063	0,203639269	2,007402588	0,190220326600246	101,4659618
-30,32617188	0,209629536	2,057527588	0,197798986600246	103,9995748
-29,95996094	0,216305256	2,107639893	0,206959359600246	106,5325461
-29,484375	0,223845243	2,157658447	0,219027378600246	109,0607788
-28,97851563	0,231593847	2,207751709	0,231915835600246	111,5927876
-28,24023438	0,24086237	2,257883789	0,250238466600246	114,1267584
-27,37988281	0,250905752	2,307931641	0,271952461600246	116,6564719
-27,234375	0,252574682	2,317346191	0,275582803600246	117,1323388
-26,40429688	0,261664391	2,358060303	0,296396512600246	119,1902701
-25,19824219	0,273913145	2,408182861	0,326507871600246	121,7237597
-23,81835938	0,287234783	2,458189941	0,361121126600246	124,2514123
-22,40820313	0,300705433	2,508311523	0,396250497600246	126,7848526
-20,79980469	0,315546989	2,558355225	0,436589384600246	129,3143563
-19,05957031	0,331282616	2,608369629	0,480032137600246	131,8423791
-17,30957031	0,347584486	2,658396729	0,523777103600246	134,3710437
-17,234375	0,348329544	2,660938477	0,525638118600246	134,4995186
-15,48144531	0,364631414	2,708398438	0,569552259600246	136,8984249
-13,84375	0,380396843	2,758416016	0,610549591600246	139,4266081
-12,02636719	0,397652388	2,808463623	0,655963115600246	141,9563093
-10,15429688	0,415563583	2,858512695	0,702704100600246	144,4860845
-8,177734375	0,434070826	2,908517822	0,752095349600246	147,0136384
-7,234375	0,443071127	2,929841064	0,775487378600246	148,0914408
-6,263671875	0,452488661	2,958575195	0,799933432600246	149,5438332
-4,248046875	0,471681356	3,008635986	0,850295352600246	152,0742007
-2,111328125	0,491976738	3,058683105	0,903713127600246	154,6038771
0	0,512093306	3,10873877	0,956494996600246	157,1339855
2,765625	0,529140234	3,099803711	1,01165537060025	156,682355
12,765625	0,528246164	3,072012451	1,01147189960025	155,2776209
22,765625	0,528305769	3,069184326	1,01155720860025	155,1346708
27,50976563	0,527620316	3,058681885	1,01147786060025	154,6038154
32,765625	0,528454781	3,066456299	1,01161439160025	154,9967802
42,765625	0,528663397	3,068459473	1,01154128360025	155,0980324
52,765625	0,528901815	3,067876221	1,01164251760025	155,0685514
62,765625	0,528305769	3,062816162	1,01142784860025	154,8127862
72,765625	0,52896142	3,067516113	1,01145923360025	155,0503494
82,765625	0,528633595	3,065702881	1,01154938560025	154,958698
92,765625	0,529319048	3,070877197	1,01157406560025	155,2202384
102,765625	0,528544188	3,062091309	1,01157769760025	154,7761478
112,765625	0,528037548	3,058624512	1,01155134160025	154,6009155
122,765625	0,528126955	3,057602295	1,01156354160025	154,5492466
132,765625	0,528454781	3,062679688	1,01146500760025	154,805888
142,765625	0,528901815	3,068988037	1,01148726660025	155,1247491
152,765625	0,528872013	3,06840625	1,01164717460025	155,0953422
162,765625	0,52857399	3,061874268	1,01151446160025	154,7651773
172,765625	0,528633595	3,062748291	1,01161131860025	154,8093556
182,765625	0,529527664	3,07001123	1,01160852460025	155,1764674
192,765625	0,528723001	3,06353418	1,01167306560025	154,849079
202,765625	0,52806735	3,056104736	1,01148717360025	154,4735512
212,765625	0,52806735	3,055186279	1,01152871060025	154,4271269
222,765625	0,528812408	3,059447754	1,01145923360025	154,642527
232,765625	0,528454781	3,059520264	1,01172689560025	154,6461921
242,765625	0,528544188	3,059835938	1,01154910660025	154,6621481
252,765625	0,528305769	3,05655835	1,01157509060025	154,4964795
262,765625	0,52806735	3,055572754	1,01149890760025	154,4466616
272,765625	0,528901815	3,063335449	1,01141890760025	154,839034
282,765625	0,528872013	3,063612549	1,01154547460025	154,8530403
292,765625	0,528395176	3,058772217	1,01163599860025	154,6083814
302,765625	0,528126955	3,052785645	1,01162556760025	154,3057847
312,765625	0,528663397	3,058817627	1,01148847760025	154,6106767
322,765625	0,529140234	3,06427832	1,01155329760025	154,8866923
332,765625	0,528395176	3,055435791	1,01158291360025	154,4397387
342,765625	0,529110432	3,061758301	1,01162966560025	154,7593156
352,765625	0,529378653	3,063680176	1,01167213360025	154,8564585
362,765625	0,52896142	3,057921143	1,01150663760025	154,565363
372,765625	0,528395176	3,05161499	1,01168042260025	154,2466129
382,765625	0,527709723	3,043910156	1,01146361060025	153,8571652
392,765625	0,527828932	3,043661865	1,01160787260025	153,8446151
402,765625	0,528246164	3,049085205	1,01155292460025	154,1187427
412,765625	0,527650118	3,04162793	1,01171870060025	153,741808
422,765625	0,52806735	3,042509277	1,01172084260025	153,7863565
432,765625	0,527918339	3,041940674	1,01142794160025	153,7576159
442,765625	0,527620316	3,036732422	1,01153932760025	153,4943602
452,765625	0,527381897	3,03402124	1,01150747660025	153,3573211
462,765625	0,527918339	3,036681152	1,01140046760025	153,4917687
472,765625	0,52806735	3,040254639	1,01152992160025	153,6723938
482,765625	0,528395176	3,042274414	1,01154938560025	153,7744851
492,765625	0,527888536	3,038268555	1,01157406560025	153,5720054
502,765625	0,527888536	3,037819092	1,01157304160025	153,5492869
512,765625	0,527501106	3,035942627	1,01155068960025	153,4544393
522,765625	0,528663397	3,044104736	1,01156158560025	153,8670004
532,765625	0,528395176	3,040499756	1,01141732460025	153,6847835
542,765625	0,528216362	3,039166992	1,01152405360025	153,6174177
552,765625	0,528454781	3,043235596	1,01161401960025	153,8230689
562,765625	0,52729249	3,032342773	1,01157816360025	153,2724815
572,765625	0,527888536	3,03789624	1,01159790760025	153,5531864
582,765625	0,528484583	3,043267334	1,01155022360025	153,8246732
592,765625	0,528633595	3,04611792	1,01141508860025	153,9687586
602,765625	0,529050827	3,048709473	1,01157453160025	154,0997509
612,765625	0,528305769	3,043041504	1,01156112060025	153,8132584
622,765625	0,528872013	3,047863281	1,01148596260025	154,0569794
632,765625	0,527709723	3,032955322	1,01153783760025	153,3034433
642,765625	0,528246164	3,037723145	1,01162100460025	153,5444371
652,765625	0,528812408	3,042664063	1,01154305260025	153,7941803
662,765625	0,527977943	3,035183105	1,01153187660025	153,4160486
672,765625	0,528633595	3,040029297	1,01157387960025	153,6610037
682,765625	0,528723001	3,041849854	1,01149080560025	153,7530253
692,765625	0,528901815	3,043540771	1,01145439060025	153,8384943
702,765625	0,52806735	3,037723389	1,01148978160025	153,5444495
712,765625	0,529140234	3,045107178	1,01156642860025	153,9176697
722,765625	0,529140234	3,046544678	1,01137886060025	153,9903294
732,765625	0,529199839	3,049593018	1,01154780260025	154,1444105
742,765625	0,529050827	3,04658667	1,01157406560025	153,992452
752,765625	0,528723001	3,04274585	1,01139981560025	153,7983143
762,765625	0,528723001	3,041861084	1,01148940860025	153,753593
772,765625	0,529319048	3,046939453	1,01154174860025	154,0102837
782,765625	0,528723001	3,040034912	1,01143967560025	153,6612875
792,765625	0,52806735	3,035423096	1,01153858260025	153,4281791
802,765625	0,528991222	3,046020996	1,01156484560025	153,9638595
812,765625	0,52806735	3,036024658	1,01153420560025	153,4585856
822,765625	0,527799129	3,031818115	1,01159828060025	153,2459622
832,765625	0,527501106	3,02819873	1,01139497260025	153,0630171
842,765625	0,52896142	3,040602051	1,01148549660025	153,689954
852,765625	0,528305769	3,03552417	1,01159502060025	153,433288
862,765625	0,528633595	3,038623047	1,01145616060025	153,5899235
872,765625	0,529050827	3,039257813	1,01144042060025	153,6220083
882,765625	0,528544188	3,036157715	1,01154780260025	153,4653111
892,765625	0,528901815	3,03899585	1,01155376260025	153,6087672
902,765625	0,529289246	3,041382568	1,01153522960025	153,729406
912,765625	0,52946806	3,043201416	1,01156158560025	153,8213413
922,765625	0,528991222	3,040431641	1,01162919960025	153,6813405
932,765625	0,528991222	3,037920166	1,01149881460025	153,5543958
942,765625	0,528663397	3,036145996	1,01156223760025	153,4647188
952,765625	0,528872013	3,036163574	1,01155767460025	153,4656073
962,765625	0,528723001	3,033938965	1,01140270260025	153,3531624
972,765625	0,528872013	3,0344021	1,01158049160025	153,376572
982,765625	0,528037548	3,027489502	1,01150468260025	153,0271685
992,765625	0,52896142	3,035624512	1,01157155160025	153,4383599
1002,765625	0,52946806	3,038742432	1,01163460160025	153,5959579
1012,765625	0,52985549	3,042723877	1,01175893360025	153,7972036
1022,765625	0,529617071	3,039404785	1,01161271560025	153,6294372
1032,765625	0,528782606	3,032706787	1,01149965360025	153,2908809
1042,765625	0,52857399	3,029793701	1,01147702160025	153,1436363
1052,765625	0,529706478	3,041148193	1,01154798860025	153,7175593
1062,765625	0,528156757	3,027046875	1,01157481060025	153,0047955
1072,765625	0,528305769	3,026686035	1,01160954960025	152,9865566
1082,765625	0,528633595	3,028383789	1,01156847760025	153,0723711
1092,765625	0,528782606	3,029313477	1,01153103860025	153,1193629
1102,765625	0,529229641	3,035020996	1,01163413660025	153,4078546
1112,765625	0,528782606	3,030929932	1,01160461360025	153,2010681
1122,765625	0,528812408	3,029233643	1,01148903560025	153,1153277
1132,765625	0,529646873	3,035994385	1,01149602060025	153,4570554
1142,765625	0,529140234	3,032499268	1,01150058460025	153,2803916
1152,765625	0,528901815	3,030224854	1,01155609160025	153,1654293
1162,765625	0,529378653	3,030823975	1,01144964160025	153,1957124
1172,765625	0,529378653	3,032479492	1,01167986360025	153,279392
1182,765625	0,528872013	3,028950439	1,01158030560025	153,1010129
1192,765625	0,529617071	3,032568848	1,01152312260025	153,2839086
1202,765625	0,52985549	3,034338135	1,01153206360025	153,3733388
1212,765625	0,528991222	3,028693359	1,01132996660025	153,0880186
1222,765625	0,528812408	3,027845215	1,01154770960025	153,0451483
1232,765625	0,52896142	3,025438721	1,01161699960025	152,9235099
1242,765625	0,529944897	3,034104004	1,01154454260025	153,3615044
1252,765625	0,529050827	3,028280762	1,01153671960025	153,0671635
1262,765625	0,529617071	3,030811768	1,01156866460025	153,1950954
1272,765625	0,529974699	3,034140625	1,01141052560025	153,3633555
1282,765625	0,529110432	3,026404297	1,01140940760025	152,9723159
1292,765625	0,529706478	3,030798584	1,01151343660025	153,194429
1302,765625	0,529438257	3,031332764	1,01149602060025	153,2214296
1312,765625	0,529795885	3,0308479	1,01161206360025	153,1969218
1322,765625	0,529140234	3,021424805	1,01160638260025	152,720623
1332,765625	0,52896142	3,020206787	1,01146007160025	152,6590572
1342,765625	0,529140234	3,021415527	1,01152330860025	152,720154
1352,765625	0,529706478	3,025362305	1,01158198160025	152,9196474
1362,765625	0,529110432	3,020056396	1,01153411160025	152,6514555
1372,765625	0,528365374	3,012654541	1,01141266760025	152,2773221
1382,765625	0,529289246	3,019540771	1,01154966560025	152,6253928
1392,765625	0,529885292	3,02570459	1,01155944360025	152,9369485
1402,765625	0,529378653	3,021495117	1,01148596260025	152,724177
1412,765625	0,529378653	3,020918457	1,01144433260025	152,6950292
1422,765625	0,529319048	3,019256104	1,01138202660025	152,611004
1432,765625	0,529229641	3,020620605	1,01150030460025	152,679974
1442,765625	0,529617071	3,019846924	1,01155124860025	152,6408676
1452,765625	0,529944897	3,023103027	1,01158831460025	152,8054502
1462,765625	0,529199839	3,01625293	1,01160256460025	152,4592059
1472,765625	0,529706478	3,020541992	1,01147543860025	152,6760004
1482,765625	0,530183315	3,023226074	1,01165425260025	152,8116697
1492,765625	0,529140234	3,015017822	1,01159651060025	152,3967763
1502,765625	0,529944897	3,018994629	1,01144936160025	152,5977876
1512,765625	0,52973628	3,017791748	1,01158309960025	152,5369869
1522,765625	0,529438257	3,013534668	1,01136405260025	152,3218089
1532,765625	0,530213118	3,020008301	1,01145960660025	152,6490245
1536,617188	0,528872013	3,008553711	1,01161951460025	152,070042
1542,765625	0,52973628	3,015904785	1,01152731360025	152,4416086
1552,765625	0,529527664	3,01301416	1,01155450760025	152,2954994
1562,765625	0,530123711	3,019470947	1,01165853660025	152,6218635
1572,765625	0,530034304	3,020325928	1,01137792960025	152,6650792
1582,765625	0,528991222	3,007773682	1,01146249360025	152,0306147
1592,765625	0,530123711	3,017412598	1,01158235460025	152,5178224
1602,765625	0,529795885	3,013449951	1,01149974660025	152,3175268
1612,765625	0,52985549	3,014574219	1,01145318060025	152,374354
1622,765625	0,529974699	3,017413818	1,01155748860025	152,5178841
1632,765625	0,53063035	3,02089502	1,01150766260025	152,6938445
1642,765625	0,529885292	3,015575195	1,01144638160025	152,4249492
1652,765625	0,529885292	3,01611792	1,01159977060025	152,4523817
1662,765625	0,529319048	3,007571289	1,01158840860025	152,0203846
1672,765625	0,530183315	3,017935791	1,01144870960025	152,5442676
1682,765625	0,530391932	3,020660156	1,01152722060025	152,6819731
1692,765625	0,530302525	3,018993896	1,01146621860025	152,5977505
1702,765625	0,530272722	3,017199219	1,01157751160025	152,5070369
1712,765625	0,529944897	3,015557617	1,01161141160025	152,4240607
1722,765625	0,530391932	3,018641846	1,01150896660025	152,5799558
1732,765625	0,530064106	3,014457031	1,01159297160025	152,3684306
1742,765625	0,529527664	3,009017334	1,01156270360025	152,0934762
1752,765625	0,529438257	3,003175781	1,01160656860025	151,7982097
1762,765625	0,52946806	3,005762939	1,01138444860025	151,92898
1772,765625	0,530183315	3,011848145	1,01154202860025	152,2365621
1782,765625	0,530391932	3,01282373	1,01149955960025	152,285874
1792,765625	0,531047583	3,020155273	1,01144535660025	152,6564534
1802,765625	0,529944897	3,010501953	1,01139674160025	152,1685176
1812,765625	0,530600548	3,015291992	1,01149602060025	152,4106345
1822,765625	0,530064106	3,011548096	1,01148531060025	152,2213959
1832,765625	0,530183315	3,009191895	1,01148521760025	152,1022996
1842,765625	0,52985549	3,006797119	1,01153709260025	151,9812535
1852,765625	0,529646873	3,004260986	1,01157788460025	151,8530624
1862,765625	0,529795885	3,004932129	1,01151185360025	151,8869859
1872,765625	0,529617071	3,006154053	1,01158337860025	151,9487491
1882,765625	0,530123711	3,008172119	1,01144135260025	152,0507541
1892,765625	0,530481339	3,010780029	1,01155637060025	152,1825733
1902,765625	0,530362129	3,009934082	1,01164847860025	152,1398141
1912,765625	0,529885292	3,007818848	1,01145960660025	152,0328977
1922,765625	0,530362129	3,011255615	1,01158254060025	152,2066122
1932,765625	0,529974699	3,005514648	1,01151949060025	151,9164299
1942,765625	0,530302525	3,007414307	1,01151930360025	152,0124498
1952,765625	0,529706478	3,001681885	1,01158244760025	151,7226994
1962,765625	0,530213118	3,006246582	1,01146836060025	151,9534261
1972,765625	0,530689955	3,011585938	1,01165751260025	152,2233086
1982,765625	0,529795885	3,003594482	1,01146426260025	151,8193734
1992,765625	0,529527664	2,999875	1,01143380860025	151,6313688
2002,765625	0,530481339	3,00939917	1,01152265660025	152,1127765
2012,765625	0,531226397	3,015872803	1,01162258760025	152,4399921
2022,765625	0,530868769	3,01312085	1,01156726760025	152,3008921
2032,765625	0,530183315	3,007364746	1,01157434560025	152,0099447
2042,765625	0,530928373	3,012168701	1,01149974660025	152,2527649
2052,765625	0,530719757	3,011022217	1,01161020160025	152,1948148
2062,765625	0,531196594	3,014079834	1,01147515960025	152,3493648
2072,765625	0,529974699	3,00242749	1,01151669660025	151,7603867
2082,765625	0,530302525	3,005634766	1,01145318060025	151,9225013
2092,765625	0,530600548	3,005967285	1,01159678960025	151,9393088
2102,765625	0,530272722	3,004418213	1,01153066660025	151,8610095
2112,765625	0,529617071	2,998128662	1,01160992160025	151,5430986
2122,765625	0,529199839	2,994033203	1,01165723260025	151,3360899
2132,765625	0,529885292	2,996382324	1,01152144560025	151,4548284
2142,765625	0,52973628	2,996618652	1,01145820960025	151,4667738
2152,765625	0,52973628	2,994657227	1,01144824460025	151,3676318
2162,765625	0,529050827	2,990609375	1,01152321560025	151,1630295
2172,765625	0,52973628	2,992594482	1,01142626460025	151,2633685
2182,765625	0,530272722	2,997891602	1,01162798960025	151,5311161
2192,765625	0,529885292	2,997057617	1,01150263360025	151,4889616
2202,765625	0,530391932	2,999416504	1,01157015460025	151,6081937
2212,765625	0,530272722	3,000105469	1,01140111960025	151,643018
2222,765625	0,530451536	3,000901855	1,01155860560025	151,6832721
2232,765625	0,529974699	2,999337402	1,01153550860025	151,6041954
2242,765625	0,530451536	3,00375	1,01154826860025	151,8272341
2252,765625	0,529617071	2,99579248	1,01154426360025	151,4250142
2262,765625	0,529617071	2,994349854	1,01138947760025	151,3520953
2272,765625	0,528812408	2,987621338	1,01150924560025	151,0119965
2282,765625	0,52985549	2,992927002	1,01142589260025	151,280176
2292,765625	0,52946806	2,990726318	1,01156149260025	151,1689405
2302,765625	0,52946806	2,989562988	1,01149760460025	151,1101389
2312,765625	0,530362129	2,999012451	1,01153914160025	151,5877705
2322,765625	0,529617071	2,992964844	1,01142803460025	151,2820887
2332,765625	0,529199839	2,989464844	1,01162882760025	151,1051781
2342,765625	0,530600548	3,000330078	1,01148838460025	151,6543711
2352,765625	0,530362129	3,002008789	1,01151949060025	151,7392231
2362,765625	0,530123711	2,998652588	1,01154826860025	151,5695809
2372,765625	0,530272722	3,000049316	1,01155888560025	151,6401798
2382,765625	0,530809164	3,005150146	1,01163469460025	151,8980058
2392,765625	0,530034304	2,997776367	1,01149164360025	151,5252915
2402,765625	0,530689955	3,000256104	1,01148000260025	151,650632
2412,765625	0,530540943	2,999468018	1,01153793060025	151,6107975
2422,765625	0,531107187	3,007185547	1,01159474160025	152,0008869
2432,765625	0,530272722	3,000621582	1,01145914060025	151,6691054
2442,765625	0,529944897	2,996813721	1,01152936260025	151,4766337
2452,765625	0,530183315	2,996296631	1,01145299360025	151,4504969
2462,765625	0,530302525	2,999013916	1,01157769760025	151,5878445
2472,765625	0,530213118	2,997841064	1,01144489160025	151,5285617
2482,765625	0,530034304	2,996256348	1,01159595160025	151,4484608
2492,765625	0,529974699	2,995820068	1,01146025860025	151,4264086
2502,765625	0,530391932	2,996219238	1,01165341460025	151,446585
2512,765625	0,529557467	2,988644775	1,01145904760025	151,063727
2522,765625	0,529289246	2,987404297	1,01140149160025	151,0010259
2532,765625	0,52973628	2,9905979	1,01150943160025	151,1624495
2542,765625	0,529974699	2,992403076	1,01142188760025	151,2536937
2552,765625	0,529319048	2,987256104	1,01153951360025	150,9935354
2562,765625	0,529527664	2,987956299	1,01154519460025	151,0289274
2572,765625	0,530451536	2,996025879	1,01162789660025	151,4368115
2582,765625	0,52946806	2,987246582	1,01148288960025	150,9930541
2592,765625	0,53063035	2,994513428	1,01152014260025	151,3603633
2602,765625	0,530540943	2,996531982	1,01146258660025	151,462393
2612,765625	0,530600548	2,997907959	1,01157481060025	151,5319429
2622,765625	0,529706478	2,991715576	1,01160777960025	151,2189434
2632,765625	0,529438257	2,987027832	1,01149946660025	150,9819972
2642,765625	0,52985549	2,991571289	1,01156233160025	151,2116503
2652,765625	0,530362129	2,995566406	1,01144172460025	151,4135871
2662,765625	0,530719757	2,998571533	1,01158570760025	151,5654839
2672,765625	0,530689955	2,997032715	1,01153942060025	151,4877029
2682,765625	0,530928373	2,99961084	1,01145178360025	151,6180166
2692,765625	0,530719757	2,999541992	1,01149648660025	151,6145366
2702,765625	0,529885292	2,991272949	1,01146063060025	151,1965704
2712,765625	0,530272722	2,99330542	1,01145578760025	151,2993035
2722,765625	0,530213118	2,990848389	1,01142896560025	151,1751106
2732,765625	0,530272722	2,992763428	1,01143054860025	151,271908
2742,765625	0,531047583	2,999344482	1,01149341360025	151,6045533
2752,765625	0,530719757	2,998549805	1,01133546060025	151,5643856
2762,765625	0,53101778	3,001997803	1,01153867560025	151,7386677
2772,765625	0,530719757	2,999294434	1,01153597460025	151,6020235
2782,765625	0,530868769	2,99908374	1,01141425060025	151,5913738
2792,765625	0,53101778	3,002523926	1,01150188860025	151,7652611
2802,765625	0,530213118	2,993329102	1,01144600860025	151,3005005
2812,765625	0,530719757	2,997188232	1,01148512460025	151,4955637
2822,765625	0,53063035	2,996733398	1,01149099160025	151,4725737
2832,765625	0,531196594	2,999640869	1,01153522960025	151,6195344
2842,765625	0,530362129	2,994312744	1,01175297260025	151,3502196
2852,765625	0,530064106	2,991674316	1,01150607960025	151,2168579
2862,765625	0,530809164	2,99664502	1,01150980460025	151,4681065
2872,765625	0,529795885	2,988459473	1,01150002560025	151,0543607
2882,765625	0,530600548	2,994075684	1,01159511360025	151,3382371
2892,765625	0,53063035	2,995396729	1,01171013160025	151,4050105
2902,765625	0,530451536	2,996380859	1,01154938560025	151,4547543
2912,765625	0,530302525	2,993437988	1,01153867560025	151,3060043
2922,765625	0,530481339	2,993927246	1,01153411160025	151,3307342
2932,765625	0,530302525	2,992791992	1,01159325060025	151,2733518
2942,765625	0,530272722	2,992269531	1,01154854760025	151,2469436
2952,765625	0,530362129	2,992287354	1,01157509060025	151,2478444
2962,765625	0,530213118	2,993214355	1,01141471660025	151,2947005
2972,765625	0,530928373	2,996055176	1,01144340160025	151,4382923
2982,765625	0,530928373	2,996878418	1,01153085260025	151,4799039
2992,765625	0,530391932	2,993092285	1,01144889560025	151,2885304
3002,765625	0,530123711	2,989284668	1,01149136460025	151,096071
3012,765625	0,53063035	2,99320166	1,01161159860025	151,2940588
3022,765625	0,530600548	2,991291748	1,01148763860025	151,1975206
3032,765625	0,530272722	2,99079541	1,01149369260025	151,1724328
3042,765625	0,530958176	2,995296143	1,01147879160025	151,3999263
3052,765625	0,531107187	2,999048584	1,01150552060025	151,5895968
3062,765625	0,530779362	2,997287842	1,01152675460025	151,5005986
3072,765625	0,530779362	2,994513916	1,01149685960025	151,360388
3082,765625	0,530689955	2,994512695	1,01157089960025	151,3603263
3092,765625	0,531375408	2,998783691	1,01140912860025	151,5762076
3102,765625	0,531286001	3,000906006	1,01147897760025	151,6834819
3112,765625	0,531435013	3,000696533	1,01156428660025	151,6728939
3122,765625	0,531196594	2,997798584	1,01158570760025	151,5264145
3132,765625	0,531852245	3,005165771	1,01158393760025	151,8987956
3142,765625	0,531882048	3,006781982	1,01149080560025	151,9804884
3152,765625	0,53101778	2,999887939	1,01162323960025	151,6320228
3162,765625	0,531047583	2,998314209	1,01155124860025	151,5524772
3172,765625	0,529974699	2,989255371	1,01146957160025	151,0945901
3182,765625	0,531107187	2,997678711	1,01152945560025	151,5203554
3192,765625	0,530362129	2,989726563	1,01130109560025	151,1184069
3202,765625	0,530958176	2,994479004	1,01161997960025	151,3586233
3212,765625	0,530540943	2,991156494	1,01147432160025	151,1906841
3222,765625	0,531047583	2,995593994	1,01149974660025	151,4149815
3232,765625	0,53063035	2,991640137	1,01140810460025	151,2151302
3242,765625	0,530689955	2,992768066	1,01149723160025	151,2721425
3252,765625	0,53063035	2,993307129	1,01155888560025	151,2993899
3262,765625	0,531435013	3,000080078	1,01156149260025	151,6417346
3272,765625	0,531554222	3,000168457	1,01152386760025	151,6462018
3282,765625	0,531673431	3,001262207	1,01149369260025	151,7014864
3292,765625	0,531345606	2,997915771	1,01152414660025	151,5323378
3302,765625	0,531613827	3,002502197	1,01145280760025	151,7641628
3312,765625	0,530600548	2,994564941	1,01148512460025	151,3629671
3322,765625	0,529974699	2,988147217	1,01165509060025	151,0385775
3332,765625	0,530302525	2,988597656	1,01165220360025	151,0613453
3342,765625	0,530481339	2,992326172	1,01142654460025	151,2498065
3352,765625	0,530600548	2,991380859	1,01142626460025	151,2020248
3362,765625	0,530481339	2,99089917	1,01150524060025	151,1776774
3372,765625	0,529885292	2,985732178	1,01144759260025	150,9165072
3382,765625	0,531047583	2,995427979	1,01165164460025	151,4065901
3392,765625	0,530928373	2,993876709	1,01153839660025	151,3281798
3402,765625	0,531196594	2,995373535	1,01146575260025	151,4038382
3412,765625	0,530451536	2,990239502	1,01139376160025	151,1443339
3422,765625	0,531703234	2,999143799	1,01138752160025	151,5944096
3432,765625	0,53063035	2,988706543	1,01141574060025	151,0668491
3442,765625	0,531345606	2,995601807	1,01159772160025	151,4153764
3452,765625	0,531286001	2,997044189	1,01172149460025	151,4882829
3462,765625	0,531464815	2,998565918	1,01153467060025	151,5652001
3472,765625	0,530928373	2,993929688	1,01135986160025	151,3308576
3482,765625	0,530868769	2,994466797	1,01164698860025	151,3580063
3492,765625	0,531196594	2,996054688	1,01153588160025	151,4382677
3502,765625	0,531345606	2,997145508	1,01164978260025	151,4934042
3512,765625	0,531047583	2,995117676	1,01152843060025	151,3909056
3522,765625	0,530540943	2,991365723	1,01151222560025	151,2012597
3532,765625	0,53101778	2,994343262	1,01158114360025	151,3517621
3542,765625	0,530719757	2,992496582	1,01152917560025	151,25842
3552,765625	0,530719757	2,990740967	1,01150999060025	151,1696809
3562,765625	0,529944897	2,982914795	1,01140214360025	150,7741
3572,765625	0,530302525	2,986704834	1,01155106260025	150,9656709
3582,765625	0,530272722	2,987459473	1,01145802260025	151,0038148
3592,765625	0,530213118	2,987094238	1,01156251760025	150,9853537
3602,765625	0,530809164	2,991408936	1,01152405360025	151,203444
3612,765625	0,530302525	2,987353027	1,01160712760025	150,9984345
3622,765625	0,531107187	2,993215576	1,01162342560025	151,2947622
3632,765625	0,531345606	2,994827637	1,01145141060025	151,3762453
3642,765625	0,530391932	2,988462158	1,01141816260025	151,0544965
3652,765625	0,531375408	2,996492432	1,01160032860025	151,4603938
3662,765625	0,530868769	2,992225098	1,01153550860025	151,2446976
3672,765625	0,530868769	2,991894043	1,01152237760025	151,2279642
3682,765625	0,530302525	2,987307373	1,01149164360025	150,9961268
3692,765625	0,530868769	2,991885742	1,01167120260025	151,2275446
3702,765625	0,531703234	2,998683838	1,01156978160025	151,5711604
3712,765625	0,530958176	2,992319824	1,01138985060025	151,2494857
3722,765625	0,530540943	2,987213135	1,01143688160025	150,9913635
3732,765625	0,53152442	2,994342773	1,01160014260025	151,3517374
3742,765625	0,531107187	2,993469727	1,01154407760025	151,3076085
3752,765625	0,530809164	2,991369141	1,01166803660025	151,2014325
3762,765625	0,530451536	2,985509766	1,01150831460025	150,9052651
3772,765625	0,53152442	2,996033691	1,01141797660025	151,4372064
3782,765625	0,530928373	2,989376709	1,01146994360025	151,1007233
3792,765625	0,531107187	2,992696045	1,01154025860025	151,2685021
3802,765625	0,531196594	2,992358887	1,01157397260025	151,2514601
3812,765625	0,531375408	2,993508545	1,01158403060025	151,3095706
3822,765625	0,530928373	2,98985376	1,01143986260025	151,1248362
3832,765625	0,53113699	2,990844482	1,01160004960025	151,1749132
3842,765625	0,531226397	2,992078857	1,01143883760025	151,2373058
3852,765625	0,531226397	2,991268311	1,01151790660025	151,196336
3862,765625	0,531673431	2,995863525	1,01166226160025	151,4286052
3872,765625	0,531703234	2,998575684	1,01152675460025	151,5656937
3882,765625	0,531345606	2,99451123	1,01164065560025	151,3602522
3892,765625	0,530451536	2,986828857	1,01150263360025	150,9719398
3902,765625	0,531196594	2,989314453	1,01160936260025	151,0975765
3912,765625	0,531673431	2,994009766	1,01149536860025	151,3349053
3922,765625	0,53152442	2,995037842	1,01143539160025	151,3868703
3932,765625	0,530928373	2,990466797	1,01149453060025	151,1558227
3942,765625	0,531107187	2,991736328	1,01146882660025	151,2199923
3952,765625	0,53101778	2,990185547	1,01155087560025	151,1416067
3962,765625	0,530779362	2,987293945	1,01157816360025	150,9954481
3972,765625	0,531107187	2,989748535	1,01151893160025	151,1195175
3982,765625	0,530719757	2,985932129	1,01167958460025	150,9266139
3992,765625	0,530213118	2,980964844	1,01147664960025	150,675538
4002,765625	0,531196594	2,98984375	1,01167381060025	151,1243303
4012,765625	0,53113699	2,990049072	1,01155990960025	151,1347085
4022,765625	0,530034304	2,977665283	1,01147022360025	150,5087588
4032,765625	0,530272722	2,980269043	1,01155217960025	150,6403681
4042,765625	0,531226397	2,987968262	1,01152563660025	151,029532
4052,765625	0,531345606	2,989096924	1,01147543860025	151,0865813
4062,765625	0,531047583	2,986390381	1,01144014160025	150,9497766
4072,765625	0,531375408	2,991880127	1,01149043260025	151,2272608
4082,765625	0,531703234	2,993388672	1,01151399560025	151,3035115
4092,765625	0,531464815	2,993033203	1,01154891960025	151,285544
4102,765625	0,531345606	2,990929199	1,01163180760025	151,1791953
4112,765625	0,530719757	2,984426758	1,01160470660025	150,8505235
4122,765625	0,531047583	2,985501221	1,01142458860025	150,9048332
4132,765625	0,531703234	2,993026611	1,01164279760025	151,2852108
4142,765625	0,531345606	2,989475586	1,01150058460025	151,1057211
4152,765625	0,530958176	2,987024658	1,01153597460025	150,9818367
4162,765625	0,531435013	2,989607178	1,01152647560025	151,1123725
4172,765625	0,53113699	2,987066406	1,01159455460025	150,9839469
4182,765625	0,530689955	2,983312744	1,01147189960025	150,7942147
4192,765625	0,531613827	2,992085693	1,01139143360025	151,2376513
4202,765625	0,53113699	2,98714209	1,01160796560025	150,9877724
4212,765625	0,531196594	2,987322754	1,01150924560025	150,9969043
4222,765625	0,531613827	2,990396729	1,01153448460025	151,1522811
4232,765625	0,531971455	2,995725342	1,01161737260025	151,4216206
4242,765625	0,531613827	2,990938477	1,01147143360025	151,1796642
4252,765625	0,531375408	2,990869629	1,01146677760025	151,1761842
4262,765625	0,531435013	2,989393555	1,01160573060025	151,1015747
4272,765625	0,531107187	2,985049072	1,01155432160025	150,881979
4282,765625	0,531882048	2,992244629	1,01151623060025	151,2456848
4292,765625	0,531792641	2,992962646	1,01147739460025	151,2819777
4302,765625	0,531613827	2,992095215	1,01146510060025	151,2381326
4312,765625	0,531613827	2,991567627	1,01147199260025	151,2114652
4322,765625	0,532209873	3,000498535	1,01161578860025	151,6628859
4332,765625	0,531345606	2,992822021	1,01163739560025	151,2748697
4342,765625	0,531435013	2,99190918	1,01159157460025	151,2287293
4352,765625	0,531345606	2,990305664	1,01154286660025	151,1476781
4362,765625	0,531375408	2,988979248	1,01156866460025	151,0806332
4372,765625	0,53152442	2,993181152	1,01155925760025	151,2930223
4382,765625	0,531792641	2,994075684	1,01149266860025	151,3382371
4392,765625	0,530689955	2,986367432	1,01147245860025	150,9486166
4402,765625	0,531435013	2,991543213	1,01154975860025	151,2102311
4412,765625	0,530928373	2,986840576	1,01149080560025	150,9725322
4422,765625	0,530958176	2,986881348	1,01145113160025	150,974593
4432,765625	0,531196594	2,986624512	1,01151092260025	150,961611
4442,765625	0,531435013	2,989619385	1,01157872260025	151,1129895
4452,765625	0,531435013	2,990829346	1,01147776660025	151,1741481
4462,765625	0,531345606	2,989415771	1,01165499760025	151,1026977
4472,765625	0,531375408	2,989844727	1,01147515960025	151,1243796
4482,765625	0,53229928	2,996763916	1,01155972360025	151,4741163
4492,765625	0,531107187	2,988059814	1,01158989860025	151,0341596
4502,765625	0,531971455	2,994847412	1,01156866460025	151,3772448
4512,765625	0,531196594	2,989577393	1,01164698860025	151,110867
4522,765625	0,531375408	2,989492676	1,01146733660025	151,1065849
4532,765625	0,530868769	2,985943115	1,01151911760025	150,9271692
4542,765625	0,53063035	2,981677734	1,01154100360025	150,7115717
4552,765625	0,53113699	2,985978027	1,01157350660025	150,9289339
4562,765625	0,531375408	2,987123779	1,01139273760025	150,9868469
4572,765625	0,531286001	2,986962158	1,01147013060025	150,9786776
4582,765625	0,531286001	2,988800537	1,01153178360025	151,0716001
4592,765625	0,531852245	2,994872559	1,01155646360025	151,3785159
4602,765625	0,531941652	2,994777588	1,01163404260025	151,3737155
4612,765625	0,531375408	2,988998535	1,01146975760025	151,0816081
4622,765625	0,531554222	2,991515625	1,01155460160025	151,2088367
4632,765625	0,530719757	2,982605957	1,01142458860025	150,7584895
4642,765625	0,531107187	2,986500244	1,01148801160025	150,9553298
4652,765625	0,531703234	2,992020752	1,01144898960025	151,2343688
4662,765625	0,531971455	2,994274658	1,01139292360025	151,3482945
4672,765625	0,531196594	2,987449951	1,01156866460025	151,0033336
4682,765625	0,531703234	2,990871582	1,01147432160025	151,176283
4692,765625	0,530928373	2,984534912	1,01145746460025	150,8559903
4702,765625	0,532418489	2,996333984	1,01149061960025	151,452385
4712,765625	0,531941652	2,992385254	1,01153401860025	151,2527929
4722,765625	0,531345606	2,989420166	1,01157034060025	151,1029198
4732,765625	0,531554222	2,990825439	1,01149825660025	151,1739506
4742,765625	0,531852245	2,994557617	1,01143772060025	151,3625969
4752,765625	0,531554222	2,992729004	1,01166626660025	151,270168
4762,765625	0,531226397	2,988221924	1,01152088760025	151,0423536
4772,765625	0,531941652	2,993572998	1,01157304160025	151,3128284
4782,765625	0,531464815	2,986561768	1,01167017860025	150,9584395
4792,765625	0,531762838	2,988539795	1,01150319260025	151,0584207
4802,765625	0,531435013	2,986613281	1,01166496260025	150,9610433
4812,765625	0,531196594	2,987559326	1,01153625460025	151,008862
4822,765625	0,531464815	2,985491943	1,01153290160025	150,9043643
4832,765625	0,530391932	2,977641113	1,01149797660025	150,5075371
4842,765625	0,53113699	2,982154297	1,01146677760025	150,73566
4852,765625	0,53113699	2,982772949	1,01159325060025	150,7669303
4862,765625	0,530689955	2,980383057	1,01151464760025	150,646131
4872,765625	0,53063035	2,979337646	1,01143976860025	150,5932899
4882,765625	0,531345606	2,986048584	1,01150831460025	150,9325002
4892,765625	0,531554222	2,990837158	1,01147478660025	151,174543
4902,765625	0,532090664	2,995533203	1,01153439160025	151,4119088
4912,765625	0,531673431	2,99273877	1,01154566060025	151,2706616
4922,765625	0,531107187	2,986916016	1,01162417060025	150,9763453
4932,765625	0,531554222	2,988755371	1,01164503260025	151,0693172
4942,765625	0,531375408	2,989925537	1,01157406560025	151,1284643
4952,765625	0,531107187	2,985844971	1,01152749960025	150,9222084
4962,765625	0,531792641	2,990216797	1,01160675560025	151,1431863
4972,765625	0,531882048	2,991994385	1,01145373860025	151,233036
4982,765625	0,531792641	2,990780029	1,01153886160025	151,1716553
4992,765625	0,531613827	2,990458984	1,01164261160025	151,1554278
5002,765625	0,531286001	2,986138184	1,01152563660025	150,9370291
5012,765625	0,531375408	2,988302734	1,01163199360025	151,0464383
5022,765625	0,53152442	2,987201904	1,01147851260025	150,9907958
5032,765625	0,531941652	2,991490479	1,01143446060025	151,2075656
5042,765625	0,531196594	2,985720947	1,01154966560025	150,9159395
5052,765625	0,531435013	2,988462158	1,01140866260025	151,0544965
5062,765625	0,531613827	2,989334473	1,01158663860025	151,0985884
5072,765625	0,531226397	2,985823242	1,01153383260025	150,9211101
5082,765625	0,531107187	2,985635986	1,01139515860025	150,9116451
5092,765625	0,531047583	2,982281982	1,01151399560025	150,742114
5102,765625	0,53063035	2,97732251	1,01150980460025	150,491433
5112,765625	0,530719757	2,978932617	1,01159828060025	150,5728173
5122,765625	0,531375408	2,985576172	1,01156009560025	150,9086217
5132,765625	0,531286001	2,984501221	1,01145699860025	150,8542873
5142,765625	0,531882048	2,990480957	1,01153755760025	151,1565385
5152,765625	0,531792641	2,991281982	1,01141210860025	151,197027
5162,765625	0,531762838	2,99192627	1,01150924560025	151,2295931
5172,765625	0,531226397	2,98844043	1,01161755860025	151,0533982
5182,765625	0,53152442	2,991708496	1,01153485760025	151,2185855
5192,765625	0,531464815	2,989344482	1,01168973560025	151,0990943
5202,765625	0,530958176	2,985859619	1,01144321460025	150,9229488
5212,765625	0,531435013	2,987311035	1,01151120160025	150,9963119
5222,765625	0,531375408	2,987806885	1,01154687160025	151,0213751
5232,765625	0,530779362	2,980061279	1,01167390360025	150,6298665
5242,765625	0,531882048	2,991326904	1,01162370560025	151,1992976
5252,765625	0,531226397	2,987568604	1,01147106160025	151,009331
5262,765625	0,532120466	2,994148193	1,01150393760025	151,3419022
5272,765625	0,531673431	2,990481201	1,01149983960025	151,1565508
5282,765625	0,531613827	2,988969727	1,01146538060025	151,080152
5292,765625	0,531613827	2,988445068	1,01155590460025	151,0536327
5302,765625	0,531196594	2,985155762	1,01161699960025	150,8873717
5312,765625	0,530809164	2,98126416	1,01151343660025	150,6906672
5322,765625	0,531435013	2,987587158	1,01154100360025	151,0102688
5332,765625	0,53113699	2,983464844	1,01148465860025	150,8019027
5342,765625	0,531554222	2,98848877	1,01157825660025	151,0558416
5352,765625	0,531226397	2,985531982	1,01142756860025	150,9063881
5362,765625	0,532031059	2,992603516	1,01146482160025	151,2638251
5372,765625	0,532090664	2,994353516	1,01149816260025	151,3522804
5382,765625	0,532090664	2,996287109	1,01154770960025	151,4500156
5392,765625	0,532031059	2,996042725	1,01158514860025	151,437663
5402,765625	0,531762838	2,992109619	1,01140195760025	151,2388607
5412,765625	0,531971455	2,995375244	1,01151995560025	151,4039246
5422,765625	0,531345606	2,986870361	1,01151669660025	150,9740377
5432,765625	0,531286001	2,984674072	1,01146882660025	150,8630243
5442,765625	0,532090664	2,991438477	1,01135203860025	151,2049371
5452,765625	0,531196594	2,984980225	1,01151120160025	150,878499
5462,765625	0,531345606	2,98497876	1,01141881460025	150,878425
5472,765625	0,531762838	2,99045874	1,01155767460025	151,1554155
5482,765625	0,531375408	2,986351074	1,01142700960025	150,9477898
5492,765625	0,531673431	2,986696777	1,01147562460025	150,9652637
5502,765625	0,531971455	2,989265625	1,01150300560025	151,0951084
5512,765625	0,532120466	2,99001709	1,01145178360025	151,1330919
5522,765625	0,531345606	2,983818359	1,01148642860025	150,8197715
5532,765625	0,530958176	2,981075439	1,01149620760025	150,6811282
5542,765625	0,53063035	2,97851416	1,01172447460025	150,551666
5552,765625	0,530868769	2,979758057	1,01150961860025	150,6145399
5562,765625	0,531464815	2,984296875	1,01154370460025	150,8439585
5572,765625	0,530928373	2,980027832	1,01146845360025	150,6281759
5582,765625	0,531345606	2,983431885	1,01150505460025	150,8002368
5592,765625	0,531464815	2,987140869	1,01163460160025	150,9877107
5602,765625	0,531673431	2,990178223	1,01151865260025	151,1412365
5612,765625	0,531941652	2,992284424	1,01154975860025	151,2476963
5622,765625	0,532031059	2,991161377	1,01136125860025	151,1909309
5632,765625	0,531882048	2,992049072	1,01146277260025	151,2358003
5642,765625	0,531554222	2,988069092	1,01147301760025	151,0346286
5652,765625	0,531703234	2,98955249	1,01143231860025	151,1096083
5662,765625	0,531554222	2,988072998	1,01140745260025	151,034826
5672,765625	0,531673431	2,988248047	1,01155143460025	151,043674
5682,765625	0,532448292	2,996728516	1,01145178360025	151,4723269
5692,765625	0,531792641	2,992060059	1,01138686960025	151,2363556
5702,765625	0,532031059	2,993638672	1,01160209860025	151,316148
5712,765625	0,532120466	2,994761719	1,01153904760025	151,3729134
5722,765625	0,532031059	2,993797607	1,01148121260025	151,3241815
5732,765625	0,532180071	2,994494629	1,01154566060025	151,3594131
5742,765625	0,531971455	2,993187256	1,01142021160025	151,2933308
5752,765625	0,531286001	2,988429932	1,01144861660025	151,0528676
5762,765625	0,531375408	2,986315674	1,01152526460025	150,9460005
5772,765625	0,531852245	2,993109619	1,01146640460025	151,2894065
5782,765625	0,531345606	2,984703857	1,01158952560025	150,8645298
5792,765625	0,531703234	2,988106445	1,01157127160025	151,0365166
5802,765625	0,53113699	2,981511475	1,01140437860025	150,7031679
5812,765625	0,531226397	2,983047852	1,01158254060025	150,7808255
5822,765625	0,531375408	2,984687988	1,01149546260025	150,8637277
5832,765625	0,531345606	2,985796387	1,01147376260025	150,9197527
5842,765625	0,531286001	2,985298096	1,01166803660025	150,8945661
5852,765625	0,531613827	2,989881348	1,01158812860025	151,1262307
5862,765625	0,53063035	2,980414795	1,01161811760025	150,6477353
5872,765625	0,531375408	2,98562915	1,01148745260025	150,9112996
5882,765625	0,530689955	2,981397949	1,01152666160025	150,6974297
5892,765625	0,531941652	2,99044165	1,01147301760025	151,1545517
5902,765625	0,531226397	2,983903564	1,01162398460025	150,8240783
5912,765625	0,531226397	2,984804199	1,01164363560025	150,8696017
5922,765625	0,530779362	2,979042236	1,01155944360025	150,5783581
5932,765625	0,530809164	2,978972656	1,01151334360025	150,5748411
5942,765625	0,530481339	2,97653833	1,01159017760025	150,4517959
5952,765625	0,53113699	2,98221167	1,01156372860025	150,7385599
5962,765625	0,531613827	2,987019043	1,01155003760025	150,9815529
5972,765625	0,53113699	2,982748779	1,01152759260025	150,7657086
5982,765625	0,530958176	2,980436279	1,01143073560025	150,6488212
5992,765625	0,530481339	2,976350586	1,01152666160025	150,4423062
6002,765625	0,531107187	2,982582031	1,01151334360025	150,7572802
6012,765625	0,532031059	2,991419189	1,01153243560025	151,2039623
6022,765625	0,531107187	2,981608643	1,01144097960025	150,7080794
6032,765625	0,531286001	2,983665039	1,01132717260025	150,8120218
6042,765625	0,531792641	2,987699707	1,01154705760025	151,0159577
6052,765625	0,531554222	2,988799072	1,01150943160025	151,0715261
6062,765625	0,531554222	2,989050049	1,01156791860025	151,0842119
6072,765625	0,531375408	2,985150391	1,01159092260025	150,8871002
6082,765625	0,530809164	2,982207275	1,01150393760025	150,7383378
6092,765625	0,531792641	2,991348389	1,01160451960025	151,2003836
6102,765625	0,531375408	2,98700415	1,01142375060025	150,9808002
6112,765625	0,531613827	2,989648682	1,01152656860025	151,1144704
6122,765625	0,531882048	2,990178223	1,01154798860025	151,1412365
6132,765625	0,531703234	2,990959473	1,01150179560025	151,1807255
6142,765625	0,53152442	2,991020264	1,01159977060025	151,1837982
6152,765625	0,531613827	2,9900979	1,01158133060025	151,1371765
6162,765625	0,531047583	2,984332764	1,01147460060025	150,8457725
6172,765625	0,531226397	2,985623779	1,01159762860025	150,9110281
6182,765625	0,531047583	2,983769287	1,01161681360025	150,8172911
6192,765625	0,531107187	2,984150635	1,01145457760025	150,8365667
6202,765625	0,531286001	2,986204346	1,01151427460025	150,9403733
6212,765625	0,531792641	2,989672119	1,01154947860025	151,115655
6222,765625	0,531703234	2,989789551	1,01143213260025	151,1215907
6232,765625	0,531703234	2,988670898	1,01144172460025	151,0650474
6242,765625	0,531941652	2,989915283	1,01148018860025	151,127946
6252,765625	0,531613827	2,989545166	1,01148708060025	151,1092381
6262,765625	0,531226397	2,985259521	1,01162212160025	150,8926163
6272,765625	0,530689955	2,978271729	1,01158291360025	150,5394121
6282,765625	0,531852245	2,988149902	1,01153159760025	151,0387132
6292,765625	0,531554222	2,987318604	1,01169038760025	150,9966945
6302,765625	0,531792641	2,988365723	1,01155376260025	151,0496221
6312,765625	0,530958176	2,981228516	1,01155534660025	150,6888655
6322,765625	0,531554222	2,987779053	1,01159474160025	151,0199683
6332,765625	0,531226397	2,984078369	1,01152805860025	150,8329139
6342,765625	0,531792641	2,989272705	1,01155022360025	151,0954663
6352,765625	0,531971455	2,989895264	1,01160293660025	151,1269341
6362,765625	0,532209873	2,993477783	1,01155655660025	151,3080157
6372,765625	0,532180071	2,991505371	1,01147189960025	151,2083184
6382,765625	0,532120466	2,991487549	1,01141443760025	151,2074176
6392,765625	0,532627106	2,994241943	1,01151082860025	151,3466409
6402,765625	0,532180071	2,991129639	1,01157369360025	151,1893267
6412,765625	0,531554222	2,987193604	1,01140316860025	150,9903762
6422,765625	0,531047583	2,98301123	1,01145830260025	150,7789744
6432,765625	0,531852245	2,990308838	1,01158328560025	151,1478386
6442,765625	0,531882048	2,988776367	1,01141490260025	151,0703784
6452,765625	0,532269478	2,995300293	1,01164484660025	151,4001361
6462,765625	0,531464815	2,9885	1,01149052660025	151,0564092
6472,765625	0,531613827	2,990058838	1,01145401860025	151,1352021
6482,765625	0,531852245	2,992111572	1,01153448460025	151,2389594
6492,765625	0,530719757	2,982256836	1,01144936160025	150,7408429
6502,765625	0,532120466	2,992077393	1,01152163260025	151,2372317
6512,765625	0,53113699	2,98457959	1,01146863960025	150,8582486
6522,765625	0,531107187	2,984887939	1,01151539260025	150,8738344
6532,765625	0,53101778	2,981992432	1,01157313460025	150,7274783
6542,765625	0,531435013	2,986842773	1,01147460060025	150,9726432
6552,765625	0,531345606	2,986505127	1,01157285460025	150,9555766
6562,765625	0,531673431	2,988572021	1,01157695260025	151,0600496
6572,765625	0,530958176	2,984382324	1,01158319260025	150,8482776
6582,765625	0,53113699	2,982949951	1,01163422960025	150,775877
6592,765625	0,531852245	2,989835449	1,01161793060025	151,1239107
6602,765625	0,53152442	2,988434326	1,01149108460025	151,0530897
6612,765625	0,532180071	2,99531665	1,01170510260025	151,4009629
6622,765625	0,532209873	2,993929688	1,01137429760025	151,3308576
6632,765625	0,532209873	2,996280518	1,01168861860025	151,4496824
6642,765625	0,531762838	2,989877441	1,01150039860025	151,1260332
6652,765625	0,531464815	2,987762207	1,01150840760025	151,0191168
6662,765625	0,532031059	2,994550537	1,01153429860025	151,362239
6672,765625	0,531762838	2,990523682	1,01156577660025	151,158698
6682,765625	0,53268671	2,998552979	1,01144796460025	151,564546
6692,765625	0,532448292	2,997739746	1,01138193360025	151,5234405
6702,765625	0,531703234	2,989452393	1,01165406660025	151,1045488
6712,765625	0,532031059	2,989177246	1,01148447260025	151,0906412
6722,765625	0,531971455	2,991333496	1,01163394960025	151,1996308
6732,765625	0,532209873	2,99442334	1,01165276260025	151,3558097
6742,765625	0,532418489	2,996081299	1,01156363460025	151,4396128
6752,765625	0,532180071	2,992491943	1,01147189960025	151,2581856
6762,765625	0,531882048	2,992302979	1,01152349460025	151,2486342
6772,765625	0,53152442	2,987387939	1,01142589260025	151,0001991
6782,765625	0,531941652	2,990968506	1,01155795360025	151,1811821
6792,765625	0,531852245	2,988324219	1,01166868860025	151,0475242
6802,765625	0,531703234	2,986364014	1,01151520660025	150,9484439
6812,765625	0,531613827	2,988540527	1,01150728960025	151,0584577
6822,765625	0,531435013	2,98497998	1,01147562460025	150,8784867
6832,765625	0,531971455	2,990941406	1,01157136460025	151,1798123
6842,765625	0,531345606	2,98408667	1,01151008360025	150,8333335
6852,765625	0,531554222	2,985808105	1,01150719660025	150,920345
6862,765625	0,532120466	2,991207031	1,01155394960025	151,1932385
6872,765625	0,531762838	2,989196533	1,01149229560025	151,0916161
6882,765625	0,531852245	2,98963501	1,01147124760025	151,1137793
6892,765625	0,531792641	2,989510498	1,01165937460025	151,1074857
6902,765625	0,531941652	2,990496582	1,01145383160025	151,1573282
6912,765625	0,531882048	2,988685059	1,01163488160025	151,0657632
6922,765625	0,531375408	2,982097168	1,01169904960025	150,7327723
6932,765625	0,531196594	2,982311279	1,01144917560025	150,7435948
6942,765625	0,531464815	2,984599365	1,01160414760025	150,8592481
6952,765625	0,531882048	2,98626709	1,01148056060025	150,9435448
6962,765625	0,531971455	2,99044043	1,01161821060025	151,15449
6972,765625	0,531703234	2,988780518	1,01145699860025	151,0705882
6982,765625	0,531107187	2,983366943	1,01149527560025	150,7969543
6992,765625	0,531286001	2,98357373	1,01175790860025	150,8074065
7002,765625	0,530868769	2,980128174	1,01155730160025	150,6332478
7012,765625	0,531345606	2,983727539	1,01163255260025	150,8151809
7022,765625	0,530868769	2,978820557	1,01159893260025	150,5671531
7032,765625	0,531554222	2,983375488	1,01161811760025	150,7973862
7042,765625	0,531435013	2,985562988	1,01159995660025	150,9079553
7052,765625	0,531345606	2,982405029	1,01162724460025	150,7483335
7062,765625	0,531703234	2,986174316	1,01154342560025	150,9388555
7072,765625	0,531673431	2,986489502	1,01153625460025	150,9547868
7082,765625	0,531196594	2,982513916	1,01156978160025	150,7538372
7092,765625	0,531941652	2,98951001	1,01150114360025	151,1074611
7102,765625	0,531375408	2,987005127	1,01163339060025	150,9808495
7112,765625	0,531852245	2,990131348	1,01151203960025	151,1388671
7122,765625	0,531971455	2,990023926	1,01161560260025	151,1334374
7132,766602	0,53113699	2,982156982	1,01153867560025	150,7357957
7142,766602	0,531345606	2,983552734	1,01149359960025	150,8063452
7152,766602	0,531286001	2,982226563	1,01164540560025	150,7393127
7162,766602	0,531464815	2,985496582	1,01150766260025	150,9045988
7172,766602	0,531464815	2,983249756	1,01163814060025	150,7910309
7182,766602	0,530719757	2,978997559	1,01161644060025	150,5760998
7192,766602	0,531226397	2,981310791	1,01150570660025	150,6930242
7202,766602	0,530958176	2,97971167	1,01150002560025	150,6121952
7212,766602	0,531464815	2,983829346	1,01166272760025	150,8203268
7222,766602	0,531375408	2,981473633	1,01157546260025	150,7012552
7232,766602	0,531196594	2,981743652	1,01150877960025	150,7149036
7242,766602	0,531286001	2,982813477	1,01154463560025	150,7689788
7252,766602	0,532865524	2,996788818	1,01145392560025	151,475375
7262,766602	0,531464815	2,986685303	1,01145737060025	150,9646837
7272,766602	0,531673431	2,987885986	1,01160237760025	151,0253733
7282,766602	0,531792641	2,988664551	1,01139245760025	151,0647266
7292,766602	0,531107187	2,981618896	1,01144144560025	150,7085977
7302,766602	0,530600548	2,977018066	1,01165462560025	150,4760446
7312,766602	0,531345606	2,983043945	1,01152833760025	150,780628
7322,766602	0,531375408	2,983659668	1,01146174860025	150,8117503
7332,766602	0,532209873	2,989193848	1,01155571860025	151,0914804
7342,766602	0,531941652	2,98812085	1,01151669660025	151,0372447
7352,766602	0,530958176	2,97799292	1,01150160860025	150,5253194
7362,766602	0,531375408	2,98076001	1,01154277360025	150,6651845
7372,766602	0,531464815	2,981225586	1,01146342460025	150,6887174
7382,766602	0,53229928	2,991734131	1,01147534560025	151,2198813
7392,766602	0,531703234	2,986989502	1,01158654560025	150,9800597
7402,766602	0,532269478	2,989930176	1,01152722060025	151,1286987
7412,766602	0,531435013	2,984020996	1,01164177260025	150,830014
7422,766602	0,53152442	2,98351001	1,01150086360025	150,8041857
7432,766602	0,531673431	2,985118164	1,01155814060025	150,8854713
7442,766602	0,531286001	2,982841064	1,01163413660025	150,7703733
7452,766602	0,531971455	2,985556396	1,01156288960025	150,9076221
7462,766602	0,531971455	2,987542236	1,01150766260025	151,0079982
7472,766602	0,531613827	2,983800049	1,01154100360025	150,818846
7482,766602	0,531226397	2,98257373	1,01148000260025	150,7568606
7492,766602	0,530719757	2,978156982	1,01149127160025	150,5336121
7502,766602	0,532031059	2,986654297	1,01160209860025	150,9631165
7512,766602	0,531375408	2,982997559	1,01156046860025	150,7782834
7522,766602	0,531673431	2,985155518	1,01149825660025	150,8873594
7532,766602	0,531435013	2,981696289	1,01158421760025	150,7125096
7542,766602	0,530779362	2,976026855	1,01153597460025	150,425943
7552,766602	0,531345606	2,977799072	1,01153969960025	150,5155212
7562,766602	0,531047583	2,975458496	1,01142952460025	150,3972147
7572,766602	0,53063035	2,974485596	1,01158552060025	150,3480386
7582,766602	0,531047583	2,976538818	1,01154184160025	150,4518206
7592,766602	0,530809164	2,974369873	1,01163935160025	150,3421893
7602,766602	0,53063035	2,972017822	1,01151306460025	150,2233028
7612,766602	0,53152442	2,979603027	1,01151539260025	150,6067038
7622,766602	0,532209873	2,989674561	1,01168368260025	151,1157784
7632,766602	0,531375408	2,983287109	1,01151045660025	150,792919
7642,766602	0,531703234	2,984370361	1,01170165660025	150,8476729
7652,766602	0,530868769	2,978172119	1,01146230660025	150,5343772
7662,766602	0,531673431	2,982081787	1,01159455460025	150,7319949
7672,766602	0,531971455	2,987309082	1,01160917660025	150,9962132
7682,766602	0,531435013	2,982850586	1,01155488060025	150,7708545
7692,766602	0,532835722	2,994895752	1,01146342460025	151,3796882
7702,766602	0,532597303	2,994741211	1,01152526460025	151,3718768
7712,766602	0,531971455	2,990426514	1,01142849960025	151,1537866
7722,766602	0,531554222	2,984090576	1,01154668460025	150,8335309
7732,766602	0,531345606	2,981342773	1,01152964160025	150,6946408
7742,766602	0,531554222	2,982789795	1,01162379860025	150,7677818
7752,766602	0,531882048	2,987018799	1,01149630060025	150,9815406
7762,766602	0,531971455	2,988355225	1,01146277260025	151,0490914
7772,766602	0,531673431	2,98658667	1,01151706860025	150,9596982
7782,766602	0,531286001	2,981162842	1,01147739460025	150,685546
7792,766602	0,532716513	2,993362305	1,01163143560025	151,3021788
7802,766602	0,532358885	2,992911621	1,01155376260025	151,2793986
7812,766602	0,531792641	2,987687988	1,01160004960025	151,0153654
7822,766602	0,531703234	2,987733154	1,01161513760025	151,0176483
7832,766602	0,531762838	2,985033691	1,01157117860025	150,8812015
7842,766602	0,53152442	2,983807129	1,01153383260025	150,8192038
7852,766602	0,531703234	2,98630127	1,01159110860025	150,9452724
7862,766602	0,531464815	2,982910889	1,01143418160025	150,7739026
7872,766602	0,531703234	2,983303711	1,01155506660025	150,7937581
7882,766602	0,530779362	2,975179443	1,01148661460025	150,3831098
7892,766602	0,532031059	2,985100586	1,01146817460025	150,8845828
7902,766602	0,532358885	2,989823975	1,01141816260025	151,1233307
7912,766602	0,532209873	2,989176514	1,01148242360025	151,0906042
7922,766602	0,531375408	2,982313477	1,01139478660025	150,7437059
7932,766602	0,532209873	2,986334961	1,01149890760025	150,9469754
7942,766602	0,53113699	2,978575928	1,01148028160025	150,5547881
7952,766602	0,531762838	2,983349854	1,01150943160025	150,7960905
7962,766602	0,531196594	2,979735596	1,01149164360025	150,6134046
7972,766602	0,531792641	2,984808838	1,01154826860025	150,8698361
7982,766602	0,531345606	2,980223389	1,01144219060025	150,6380605
7992,766602	0,532180071	2,987612061	1,01164140060025	151,0115275
8002,766602	0,531375408	2,979863525	1,01160591660025	150,6198709
8012,766602	0,53152442	2,981131836	1,01155907160025	150,6839788
8022,766602	0,531435013	2,981676025	1,01153010760025	150,7114853
8032,766602	0,531226397	2,977521729	1,01160899060025	150,5015027
8042,766602	0,531375408	2,979164063	1,01139776660025	150,5845159
8052,766602	0,53229928	2,987630371	1,01165965460025	151,012453
8062,766602	0,53229928	2,989660156	1,01142347060025	151,1150504
8072,766602	0,53268671	2,99388916	1,01157127160025	151,3288091
8082,766602	0,531554222	2,983488281	1,01150347160025	150,8030874
8092,766602	0,532209873	2,98896582	1,01159995660025	151,0799545
8102,766602	0,53229928	2,989143066	1,01152144560025	151,0889136
8112,766602	0,532716513	2,993081055	1,01147096860025	151,2879627
8122,766602	0,531703234	2,984207275	1,01140661360025	150,8394296
8132,766602	0,531554222	2,983794434	1,01155637060025	150,8185622
8142,766602	0,531792641	2,982753418	1,01154258660025	150,7659431
8152,766602	0,531226397	2,978492188	1,01150589260025	150,5505554
8162,766602	0,53152442	2,980970703	1,01150328560025	150,6758342
8172,766602	0,531882048	2,983168457	1,01163003860025	150,7869216
8182,766602	0,532120466	2,987640137	1,01154957160025	151,0129467
8192,766602	0,532507896	2,991790771	1,01154351860025	151,2227442
8202,766602	0,532031059	2,987324463	1,01148363460025	150,9969906
8212,766602	0,531792641	2,985119141	1,01171711660025	150,8855207
8222,766602	0,531762838	2,985388184	1,01161495060025	150,8991197
8232,766602	0,532180071	2,990425293	1,01143772060025	151,1537249
8242,766602	0,531673431	2,981625488	1,01147478660025	150,7089309
8252,766602	0,53229928	2,986421387	1,01152442660025	150,9513438
8262,766602	0,532835722	2,995737549	1,01149378560025	151,4222376
8272,766602	0,531971455	2,987037354	1,01141602060025	150,9824784
8282,766602	0,531882048	2,98767041	1,01149974660025	151,0144769
8292,766602	0,532269478	2,98985498	1,01152004860025	151,1248979
8302,766602	0,532180071	2,990020996	1,01162314660025	151,1332893
8312,766602	0,532031059	2,987884033	1,01150812860025	151,0252746
8322,766602	0,532954931	2,99731543	1,01155944360025	151,501993
8332,766602	0,533014536	2,996269287	1,01143632360025	151,4491148
8342,766602	0,532209873	2,99069458	1,01149238860025	151,1673362
8352,766602	0,531554222	2,984764648	1,01142337760025	150,8676025
8362,766602	0,532925129	2,993833984	1,01143473960025	151,3260202
8372,766602	0,532925129	2,995915039	1,01167567260025	151,431209
8382,766602	0,531852245	2,986263672	1,01148465860025	150,943372
8392,766602	0,532209873	2,989860107	1,01166011960025	151,1251571
8402,766602	0,532597303	2,991013428	1,01157648760025	151,1834527
8412,766602	0,532418489	2,989493652	1,01163441560025	151,1066343
8422,766602	0,531852245	2,98412085	1,01154975860025	150,8350611
8432,766602	0,531792641	2,983655273	1,01154044460025	150,8115282
8442,766602	0,531226397	2,97980127	1,01146426260025	150,6167241
8452,766602	0,531762838	2,982566895	1,01151446160025	150,7565151
8462,766602	0,531375408	2,978953613	1,01158607960025	150,5738786
8472,766602	0,531703234	2,982632324	1,01148372760025	150,7598223
8482,766602	0,531554222	2,981591309	1,01148875660025	150,7072032
8492,766602	0,53152442	2,981054688	1,01157713960025	150,6800792
8502,766602	0,531762838	2,981868652	1,01155329760025	150,7212218
8512,766602	0,532925129	2,99277002	1,01159865260025	151,2722412
8522,766602	0,532597303	2,991067871	1,01163339060025	151,1862046
8532,766602	0,532269478	2,989326172	1,01153550860025	151,0981688
8542,766602	0,531882048	2,986223389	1,01153550860025	150,9413359
8552,766602	0,532537699	2,989900391	1,01163441560025	151,1271932
8562,766602	0,531613827	2,981479492	1,01151967660025	150,7015514
8572,766602	0,531107187	2,978426514	1,01143175960025	150,5472358
8582,766602	0,531286001	2,978733398	1,01146826760025	150,5627476
8592,766602	0,531971455	2,984476318	1,01151064260025	150,8530286
8602,766602	0,53268671	2,989692139	1,01146640460025	151,1166669
8612,766602	0,532209873	2,987681396	1,01143287760025	151,0150322
8622,766602	0,531852245	2,982658691	1,01151269160025	150,761155
8632,766602	0,532358885	2,987946045	1,01152386760025	151,0284091
8642,766602	0,531762838	2,982608154	1,01148875660025	150,7586006
8652,766602	0,531941652	2,985877441	1,01149471760025	150,9238496
8662,766602	0,532716513	2,990008545	1,01159678960025	151,13266
8672,766602	0,532180071	2,986831543	1,01153411160025	150,9720756
8682,766602	0,532448292	2,989416748	1,01162854860025	151,1027471
8692,766602	0,531345606	2,978778076	1,01132652060025	150,5650059
8702,766602	0,531762838	2,980668945	1,01156987460025	150,6605815
8712,766602	0,531435013	2,978246094	1,01156093460025	150,5381163
8722,766602	0,53101778	2,973955322	1,01147040960025	150,3212355
8732,766602	0,53101778	2,973103516	1,01146798860025	150,2781801
8742,766602	0,531435013	2,976647217	1,01159539260025	150,4572997
8752,766602	0,531613827	2,978386719	1,01147562460025	150,5452244
8762,766602	0,532269478	2,983028564	1,01156139960025	150,7798506
8772,766602	0,531435013	2,976944824	1,01152628860025	150,4723425
8782,766602	0,531435013	2,975493408	1,01141974560025	150,3989794
8792,766602	0,531107187	2,97481543	1,01166850160025	150,3647104
8802,766602	0,532031059	2,981615967	1,01159716260025	150,7084496
8812,766602	0,53113699	2,977224121	1,01147059560025	150,4864598
8822,766602	0,53152442	2,979895752	1,01159082960025	150,6214998
8832,766602	0,532090664	2,984612305	1,01157807060025	150,8599022
8842,766602	0,532269478	2,986688477	1,01145094460025	150,9648441
8852,766602	0,531286001	2,977320801	1,01142216660025	150,4913466
8862,766602	0,532627106	2,987400879	1,01157481060025	151,0008532
8872,766602	0,532090664	2,984662109	1,01146817460025	150,8624196
8882,766602	0,532418489	2,986799561	1,01152209760025	150,970459
8892,766602	0,532120466	2,986684326	1,01156307660025	150,9646344
8902,766602	0,532507896	2,988598877	1,01151054960025	151,061407
8912,766602	0,532507896	2,98903833	1,01162370560025	151,0836196
8922,766602	0,532925129	2,993458496	1,01167241360025	151,3070408
8932,766602	0,531852245	2,985024414	1,01155525260025	150,8807326
8942,766602	0,532031059	2,984967529	1,01149164360025	150,8778573
8952,766602	0,531852245	2,982673096	1,01157034060025	150,7618831
8962,766602	0,532835722	2,99149707	1,01147627660025	151,2078988
8972,766602	0,532120466	2,986635986	1,01160880460025	150,962191
8982,766602	0,531971455	2,985656494	1,01146836060025	150,9126817
8992,766602	0,532418489	2,988003418	1,01141052560025	151,031309
9002,766602	0,532776117	2,990692383	1,01157546260025	151,1672252
9012,766602	0,532269478	2,987924316	1,01151231960025	151,0273108
9022,766602	0,532209873	2,986979004	1,01151846560025	150,9795291
9032,766602	0,532090664	2,984043457	1,01139646260025	150,8311493
9042,766602	0,530868769	2,972395996	1,01150812860025	150,2424179
9052,766602	0,532180071	2,983974609	1,01147236560025	150,8276693
9062,766602	0,531792641	2,981314941	1,01147590460025	150,693234
9072,766602	0,532031059	2,982749268	1,01150561360025	150,7657333
9082,766602	0,531673431	2,97990625	1,01150924560025	150,6220304
9092,766602	0,531226397	2,975295166	1,01145774360025	150,3889591
9102,766602	0,531226397	2,97484082	1,01168554560025	150,3659937
9112,766602	0,532269478	2,983533203	1,01155786060025	150,805358
9122,766602	0,53229928	2,984501953	1,01147786060025	150,8543244
9132,766602	0,531762838	2,980498047	1,01143753360025	150,6519433
9142,766602	0,531941652	2,982353516	1,01150086360025	150,7457297
9152,766602	0,532090664	2,981090576	1,01141099160025	150,6818933
9162,766602	0,531435013	2,978052246	1,01144843060025	150,5283181
9172,766602	0,532269478	2,98358252	1,01158440360025	150,8078508
9182,766602	0,53152442	2,977592529	1,01146724360025	150,5050813
9192,766602	0,532120466	2,983342285	1,01162677860025	150,7957079
9202,766602	0,532090664	2,980896729	1,01147143360025	150,6720951
9212,766602	0,531673431	2,977958984	1,01154491560025	150,5236041
9222,766602	0,531703234	2,976458008	1,01154407760025	150,4477359
9232,766602	0,531792641	2,978813477	1,01151641660025	150,5667952
9242,766602	0,531613827	2,977334229	1,01152247060025	150,4920253
9252,766602	0,532507896	2,98542627	1,01150831460025	150,9010448
9262,766602	0,532120466	2,985127686	1,01165946760025	150,8859526
9272,766602	0,531613827	2,980490967	1,01157816360025	150,6515855
9282,766602	0,53113699	2,974463135	1,01157248260025	150,3469033
9292,766602	0,531852245	2,980473877	1,01146947860025	150,6507216
9302,766602	0,531196594	2,973579346	1,01168507960025	150,3022314
9312,766602	0,532090664	2,980908691	1,01156568360025	150,6726997
9322,766602	0,531941652	2,980120361	1,01151967660025	150,6328529
9332,766602	0,531673431	2,977655029	1,01148093360025	150,5082405
9342,766602	0,532090664	2,979958008	1,01154649860025	150,6246466
9352,766602	0,532507896	2,984990967	1,01144219060025	150,879042
9362,766602	0,532180071	2,982789307	1,01155571860025	150,7677571
9372,766602	0,531762838	2,97799585	1,01144461160025	150,5254675
9382,766602	0,531971455	2,979793457	1,01147562460025	150,6163292
9392,766602	0,532120466	2,981036865	1,01151064260025	150,6791784
9402,766602	0,531882048	2,979535645	1,01151753460025	150,6032978
9412,766602	0,531375408	2,975584229	1,01169727960025	150,40357
9422,766602	0,531554222	2,97685376	1,01173229760025	150,4677396
9432,766602	0,531047583	2,971966064	1,01148549660025	150,2206866
9442,766602	0,531196594	2,972178955	1,01151548560025	150,2314474
9452,766602	0,53152442	2,974681396	1,01147618360025	150,3579355
9462,766602	0,531971455	2,978921143	1,01163665060025	150,5722373
9472,766602	0,532090664	2,979352539	1,01153308760025	150,5940426
9482,766602	0,531435013	2,975269287	1,01155087560025	150,387651
9492,766602	0,531613827	2,974376709	1,01139664860025	150,3425348
9502,766602	0,532180071	2,979225342	1,01155227260025	150,5876133
9512,766602	0,533014536	2,986787842	1,01161476460025	150,9698666
9522,766602	0,532269478	2,982694824	1,01157406560025	150,7629814
9532,766602	0,532209873	2,981715088	1,01146640460025	150,7134598
9542,766602	0,532209873	2,980943604	1,01151623060025	150,6744644
9552,766602	0,532180071	2,981585449	1,01156838460025	150,7069071
9562,766602	0,53268671	2,985973877	1,01166002660025	150,9287241
9572,766602	0,532269478	2,981828857	1,01162966560025	150,7192103
9582,766602	0,531375408	2,97401001	1,01153355360025	150,3239997
9592,766602	0,531703234	2,974091309	1,01148605560025	150,328109
9602,766602	0,532209873	2,980467285	1,01149043260025	150,6503885
9612,766602	0,532031059	2,977783203	1,01144451860025	150,5147191
9622,766602	0,531882048	2,977698975	1,01156233160025	150,5104617
9632,766602	0,532180071	2,980359863	1,01141229460025	150,6449587
9642,766602	0,531762838	2,977973145	1,01151054960025	150,5243199
9652,766602	0,531286001	2,973558594	1,01145066560025	150,3011825
9662,766602	0,531375408	2,974266602	1,01150384360025	150,3369693
9672,766602	0,532418489	2,982012939	1,01134505360025	150,7285149
9682,766602	0,532209873	2,980199463	1,01145094460025	150,6368511
9692,766602	0,53113699	2,972781738	1,01152219160025	150,2619156
9702,766602	0,531554222	2,973181885	1,01148139960025	150,2821414
9712,766602	0,532448292	2,983045166	1,01145765060025	150,7806898
9722,766602	0,532209873	2,981179443	1,01152060760025	150,6863851
9732,766602	0,532090664	2,979125244	1,01143855860025	150,5825538
9742,766602	0,531762838	2,975693359	1,01153690560025	150,4090861
9752,766602	0,530958176	2,969867188	1,01158049160025	150,114597
9762,766602	0,531971455	2,979108398	1,01161718560025	150,5817023
9772,766602	0,533163548	2,988529541	1,01144451860025	151,0579024
9782,766602	0,532418489	2,986142334	1,01151203960025	150,9372389
9792,766602	0,532209873	2,98322168	1,01150542760025	150,7896118
9802,766602	0,533163548	2,989435791	1,01147245860025	151,1037096
9812,766602	0,533103943	2,989782227	1,01140773160025	151,1212205
9822,766602	0,531703234	2,977939941	1,01151380960025	150,5226416
9832,766602	0,532865524	2,987962891	1,01160694160025	151,0292605
9842,766602	0,532507896	2,985883301	1,01158235460025	150,9241458
9852,766602	0,531762838	2,978423096	1,01142412260025	150,5470631
9862,766602	0,532418489	2,984528564	1,01151390260025	150,8556695
9872,766602	0,532180071	2,982255371	1,01152153960025	150,7407689
9882,766602	0,533163548	2,992626709	1,01138444860025	151,2649974
9892,766602	0,532627106	2,988481201	1,01147059560025	151,055459
9902,766602	0,532448292	2,987507568	1,01148382060025	151,0062459
9912,766602	0,532627106	2,98751416	1,01141574060025	151,0065791
9922,766602	0,532358885	2,985859863	1,01129979160025	150,9229611
9932,766602	0,531673431	2,976721436	1,01159669660025	150,4610511
9942,766602	0,532090664	2,981702881	1,01142859360025	150,7128427
9952,766602	0,532090664	2,981930664	1,01164307660025	150,7243563
9962,766602	0,531882048	2,978760498	1,01144535660025	150,5641174
9972,766602	0,531673431	2,977921143	1,01145420460025	150,5216914
9982,766602	0,53152442	2,977101074	1,01152722060025	150,4802403
9992,766602	0,531941652	2,978291016	1,01154389060025	150,540387
10002,7666	0,531286001	2,973104736	1,01154072460025	150,2782418
10012,7666	0,530868769	2,968612549	1,01141620660025	150,0511802
10022,7666	0,530481339	2,966697754	1,01149797660025	149,9543952
10032,7666	0,531375408	2,972026367	1,01149285460025	150,2237347
10042,7666	0,53113699	2,972133545	1,01152545060025	150,2291521
10052,7666	0,53229928	2,980721436	1,01156316960025	150,6632347
10062,7666	0,532835722	2,985579102	1,01143632360025	150,9087698
10072,7666	0,53229928	2,983445801	1,01148726660025	150,8009402
10082,7666	0,532418489	2,983810547	1,01138323760025	150,8193766
10092,7666	0,532031059	2,980202393	1,01161113260025	150,6369992
10102,7666	0,531554222	2,975479248	1,01154342560025	150,3982636
10112,7666	0,531554222	2,973444336	1,01159055060025	150,2954072
10122,7666	0,532925129	2,985561523	1,01159353060025	150,9078813
10132,7666	0,532448292	2,981928711	1,01156363460025	150,7242575
10142,7666	0,532120466	2,978817139	1,01163152860025	150,5669803
10152,7666	0,532448292	2,983057861	1,01146780160025	150,7813314
10162,7666	0,53268671	2,983275146	1,01157397260025	150,7923143
10172,7666	0,532358885	2,981211426	1,01156484560025	150,6880017
10182,7666	0,531852245	2,97480542	1,01156996760025	150,3642044
10192,7666	0,531464815	2,970774658	1,01144498460025	150,1604659
10202,7666	0,532090664	2,977288574	1,01161560260025	150,4897177
10212,7666	0,531792641	2,973596924	1,01154472960025	150,3031199
10222,7666	0,531941652	2,974039307	1,01150766260025	150,3254805
10232,7666	0,532925129	2,984214355	1,01153569560025	150,8397875
10242,7666	0,532120466	2,97916333	1,01151706860025	150,5844789
10252,7666	0,532209873	2,98084668	1,01159017760025	150,6695653
10262,7666	0,532954931	2,986551025	1,01155515960025	150,9578966
10272,7666	0,532120466	2,979830078	1,01159008460025	150,6181803
10282,7666	0,530719757	2,96545459	1,01149704560025	149,8915583
10292,7666	0,532209873	2,978379883	1,01178016760025	150,5448788
10302,7666	0,532865524	2,983574219	1,01149434460025	150,8074312
10312,7666	0,53229928	2,981401611	1,01162156360025	150,6976148
10322,7666	0,532031059	2,979764404	1,01155674360025	150,6148607
10332,7666	0,531464815	2,97362207	1,01158766360025	150,3043909
10342,7666	0,532627106	2,983448242	1,01149359960025	150,8010636
10352,7666	0,532180071	2,980913574	1,01147683560025	150,6729465
10362,7666	0,533342361	2,988443848	1,01142589260025	151,0535709
10372,7666	0,533044338	2,988360107	1,01152302960025	151,0493382
10382,7666	0,532418489	2,981302734	1,01144256260025	150,692617
10392,7666	0,532418489	2,982440674	1,01146901260025	150,7501352
10402,7666	0,532358885	2,981601563	1,01148046760025	150,7077215
10412,7666	0,531882048	2,977016602	1,01151380960025	150,4759706
10422,7666	0,532716513	2,983354004	1,01165825760025	150,7963002
10432,7666	0,532835722	2,984454834	1,01155730160025	150,8519427
10442,7666	0,532418489	2,979900391	1,01140195760025	150,6217343
10452,7666	0,532954931	2,985647461	1,01146444960025	150,9122251
10462,7666	0,532627106	2,98277832	1,01143753360025	150,7672018
10472,7666	0,532597303	2,983985352	1,01153429860025	150,8282123
10482,7666	0,532180071	2,979157959	1,01139432060025	150,5842074
10492,7666	0,532627106	2,981390625	1,01148335460025	150,6970595
10502,7666	0,532209873	2,980871094	1,01149844260025	150,6707993
10512,7666	0,532507896	2,980197021	1,01154016560025	150,6367277
10522,7666	0,532448292	2,983768799	1,01149061960025	150,8172664
10532,7666	0,53229928	2,981486084	1,01147534560025	150,7018846
10542,7666	0,532031059	2,97894458	1,01150654460025	150,573422
10552,7666	0,532716513	2,983657227	1,01146007160025	150,8116269
10562,7666	0,533342361	2,990385742	1,01147320360025	151,1517257
10572,7666	0,532031059	2,979951416	1,01158254060025	150,6243134
10582,7666	0,531882048	2,976048096	1,01153383260025	150,4270166
10592,7666	0,532418489	2,981141113	1,01136647360025	150,6844477
10602,7666	0,531971455	2,977903809	1,01150160860025	150,5208152
10612,7666	0,532209873	2,97787793	1,01157751160025	150,5195072
10622,7666	0,532418489	2,98126001	1,01149061960025	150,6904574
10632,7666	0,532358885	2,983378174	1,01144228360025	150,7975219
10642,7666	0,53229928	2,981021973	1,01166300760025	150,6784256
10652,7666	0,531762838	2,977353027	1,01144796460025	150,4929755
10662,7666	0,532120466	2,981432129	1,01154454260025	150,6991573
10672,7666	0,531286001	2,972632568	1,01159334460025	150,2543757
10682,7666	0,531792641	2,972406494	1,01152330860025	150,2429486
10692,7666	0,532031059	2,976743652	1,01156223760025	150,4621741
10702,7666	0,53101778	2,966349121	1,01144815060025	149,9367732
10712,7666	0,531196594	2,972093994	1,01172875860025	150,227153
10722,7666	0,532269478	2,978601807	1,01147189960025	150,5560962
10732,7666	0,532507896	2,984479004	1,01169485860025	150,8531644
10742,7666	0,532537699	2,985087646	1,01143092160025	150,8839288
10752,7666	0,531673431	2,976521484	1,01153150460025	150,4509444
10762,7666	0,532358885	2,982937988	1,01177243760025	150,7752724
10772,7666	0,532090664	2,981422607	1,01141862760025	150,6986761
10782,7666	0,532269478	2,981291504	1,01157546260025	150,6920493
10792,7666	0,531941652	2,979986816	1,01156382160025	150,6261027
10802,7666	0,531882048	2,97754248	1,01161578860025	150,5025516
10812,7666	0,53152442	2,976412109	1,01149723160025	150,445416
10822,7666	0,531792641	2,978915527	1,01147199260025	150,5719535
10832,7666	0,532835722	2,987145996	1,01152219160025	150,9879699
10842,7666	0,532776117	2,988703369	1,01161839660025	151,0666887
10852,7666	0,531941652	2,978918701	1,01153513660025	150,5721139
10862,7666	0,53113699	2,971210449	1,01139981560025	150,1824934
10872,7666	0,532418489	2,981704834	1,01149881460025	150,7129415
10882,7666	0,53268671	2,983303223	1,01160368160025	150,7937335
10892,7666	0,531345606	2,969771729	1,01149276160025	150,109772
10902,7666	0,531941652	2,975446777	1,01149881460025	150,3966224
10912,7666	0,53101778	2,968661377	1,01159511360025	150,0536482
10922,7666	0,531852245	2,974676025	1,01143175960025	150,357664
10932,7666	0,531375408	2,972161865	1,01159455460025	150,2305836
10942,7666	0,531941652	2,975469238	1,01144600860025	150,3977577
10952,7666	0,53101778	2,968758545	1,01149983960025	150,0585597
10962,7666	0,531852245	2,975962158	1,01146249360025	150,4226728
10972,7666	0,531673431	2,974282959	1,01143306360025	150,3377961
10982,7666	0,532209873	2,979378418	1,01137774260025	150,5953507
10992,7666	0,532448292	2,981942383	1,01141192260025	150,7249486
11002,7666	0,532835722	2,985330078	1,01159557960025	150,8961827
11012,7666	0,531435013	2,974164551	1,01145653260025	150,3318111
11022,7666	0,531435013	2,973000977	1,01153383260025	150,2729972
11032,7666	0,53113699	2,97117627	1,01153308760025	150,1807657
11042,7666	0,532090664	2,977970215	1,01152722060025	150,5241718
11052,7666	0,531941652	2,976312012	1,01144964160025	150,4403564
11062,7666	0,530928373	2,970526123	1,01143334260025	150,1479035
11072,7666	0,531345606	2,973025879	1,01155786060025	150,2742559
11082,7666	0,531792641	2,974572998	1,01157229660025	150,3524564
11092,7666	0,531703234	2,975117676	1,01148037460025	150,3799877
11102,7666	0,531703234	2,976267334	1,01145392560025	150,4380982
11112,7666	0,531703234	2,975598633	1,01153169060025	150,4042981
11122,7666	0,531792641	2,977661865	1,01149499660025	150,508586
11132,7666	0,531762838	2,977056885	1,01154864060025	150,4780067
11142,7666	0,531971455	2,981595947	1,01155068960025	150,7074377
11152,7666	0,532180071	2,982039307	1,01148884960025	150,7298477
11162,7666	0,531941652	2,979718506	1,01149741760025	150,6125407
11172,7666	0,532180071	2,984951416	1,01152591660025	150,8770429
11182,7666	0,53229928	2,983951904	1,01151986260025	150,8265216
11192,7666	0,532418489	2,985980469	1,01143175960025	150,9290573
11202,7666	0,532716513	2,986444092	1,01147767360025	150,9524915
11212,7666	0,532954931	2,990061768	1,01162296060025	151,1353502
11222,7666	0,532597303	2,985635254	1,01147245860025	150,9116081
11232,7666	0,532269478	2,98258667	1,01159762860025	150,7575147
11242,7666	0,532031059	2,982574707	1,01157890860025	150,75691
11252,7666	0,531375408	2,974672119	1,01152992160025	150,3574666
11262,7666	0,531435013	2,974623291	1,01161439160025	150,3549985
11272,7666	0,531286001	2,97545166	1,01159036360025	150,3968692
11282,7666	0,530928373	2,970513428	1,01158812860025	150,1472618
11292,7666	0,531047583	2,968727539	1,01162258760025	150,0569925
11302,7666	0,53152442	2,974442627	1,01167138860025	150,3458667
11312,7666	0,53101778	2,968668945	1,01155311060025	150,0540308
11322,7666	0,531703234	2,974532959	1,01156950260025	150,3504326
11332,7666	0,532180071	2,977046387	1,01144172460025	150,4774761
11342,7666	0,531792641	2,975460938	1,01150719660025	150,3973381
11352,7666	0,532090664	2,976824707	1,01151325060025	150,4662711
11362,7666	0,531971455	2,979049316	1,01144014160025	150,578716
11372,7666	0,530958176	2,97049585	1,01156512560025	150,1463733
11382,7666	0,531435013	2,97202417	1,01153280860025	150,2236236
11392,7666	0,532448292	2,981916016	1,01151744160025	150,7236158
11402,7666	0,531941652	2,977227539	1,01158337860025	150,4866326
11412,7666	0,532120466	2,980213623	1,01142673060025	150,6375669
11422,7666	0,531852245	2,978115723	1,01147078260025	150,5315266
11432,7666	0,531882048	2,978301025	1,01149657960025	150,5408929
11442,7666	0,532090664	2,979797607	1,01160135360025	150,616539
11452,7666	0,531613827	2,975550537	1,01158654560025	150,401867
11462,7666	0,53268671	2,986740967	1,01141844160025	150,9674973
11472,7666	0,532269478	2,982759033	1,01148158560025	150,7662269
11482,7666	0,531464815	2,976161377	1,01141797660025	150,4327425
11492,7666	0,53152442	2,976538574	1,01151921060025	150,4518082
11502,7666	0,532358885	2,982110596	1,01154957160025	150,7334511
11512,7666	0,531554222	2,975462158	1,01152079460025	150,3973998
11522,7666	0,532448292	2,981656738	1,01155571860025	150,7105104
11532,7666	0,532120466	2,980421143	1,01148093360025	150,6480561
11542,7666	0,532865524	2,987668701	1,01159511360025	151,0143905
11552,7666	0,532031059	2,979907715	1,01150105060025	150,6221045
11562,7666	0,532209873	2,981727783	1,01148866360025	150,7141015
11572,7666	0,531792641	2,97888501	1,01163218060025	150,5704109
11582,7666	0,531971455	2,980341797	1,01164577760025	150,6440455
11592,7666	0,531673431	2,976684082	1,01157937460025	150,4591631
11602,7666	0,532180071	2,980348877	1,01153951360025	150,6444034
11612,7666	0,532120466	2,982602783	1,01147357560025	150,7583291
11622,7666	0,532448292	2,983552734	1,01150868660025	150,8063452
11632,7666	0,532269478	2,983051514	1,01152070060025	150,7810106
11642,7666	0,532180071	2,981181396	1,01162147060025	150,6864838
11652,7666	0,531464815	2,974025635	1,01153467060025	150,3247895
11662,7666	0,530868769	2,968361084	1,01161811760025	150,0384697
11672,7666	0,531047583	2,966877441	1,01147189960025	149,9634776
11682,7666	0,531375408	2,973585938	1,01143092160025	150,3025646
11692,7666	0,53229928	2,980803711	1,01137699760025	150,6673934
11702,7666	0,531852245	2,976669678	1,01142561260025	150,458435
11712,7666	0,532031059	2,980194824	1,01146444960025	150,6366167
11722,7666	0,532120466	2,980493652	1,01162277360025	150,6517212
11732,7666	0,531792641	2,977864502	1,01168787360025	150,5188284
11742,7666	0,531703234	2,977017822	1,01148260960025	150,4760323
11752,7666	0,53152442	2,974725586	1,01146882660025	150,3601691
11762,7666	0,531375408	2,971713379	1,01155432160025	150,2079144
11772,7666	0,530868769	2,969198975	1,01151585860025	150,0808216
11782,7666	0,530719757	2,967672607	1,01156270360025	150,00367
11792,7666	0,530809164	2,968820068	1,01151390260025	150,0616694
11802,7666	0,531196594	2,972097412	1,01139590360025	150,2273257
11812,7666	0,531226397	2,972613037	1,01158729060025	150,2533885
11822,7666	0,531613827	2,973656738	1,01155106260025	150,3061433
11832,7666	0,532120466	2,981102783	1,01148819760025	150,6825103
11842,7666	0,531941652	2,978043945	1,01156428660025	150,5278986
11852,7666	0,532031059	2,979194092	1,01145997860025	150,5860338
11862,7666	0,531852245	2,978405518	1,01154584660025	150,5461746
11872,7666	0,531882048	2,978195313	1,01149387860025	150,5355496
11882,7666	0,531852245	2,97795874	1,01152088760025	150,5235918
11892,7666	0,530809164	2,968902588	1,01151157360025	150,0658405
11902,7666	0,531852245	2,976397949	1,01152163260025	150,4447002
11912,7666	0,530958176	2,970391357	1,01162081860025	150,1410917
11922,7666	0,531345606	2,973920166	1,01156382160025	150,3194585
11932,7666	0,531673431	2,976783936	1,01156158560025	150,4642102
11942,7666	0,531941652	2,977043945	1,01153355360025	150,4773527
11952,7666	0,530928373	2,970395508	1,01156801260025	150,1413014
11962,7666	0,531196594	2,972337158	1,01136107260025	150,2394439
11972,7666	0,531554222	2,973752441	1,01150058460025	150,3109807
11982,7666	0,531286001	2,973178467	1,01148056060025	150,2819686
11992,7666	0,53101778	2,970833252	1,01154873360025	150,1634276
12002,7666	0,531941652	2,979718994	1,01152312260025	150,6125654
12012,7666	0,532507896	2,987411621	1,01148940860025	151,0013961
12022,7666	0,532597303	2,98699585	1,01159855960025	150,9803806
12032,7666	0,532507896	2,986735107	1,01154342560025	150,9672011
12042,7666	0,531613827	2,978802246	1,01154584660025	150,5662276
12052,7666	0,532031059	2,979835693	1,01149192360025	150,6184641
12062,7666	0,532209873	2,98291626	1,01166775660025	150,7741741
12072,7666	0,532269478	2,98300293	1,01155171360025	150,7785549
12082,7666	0,532120466	2,982977783	1,01158058460025	150,7772838
12092,7666	0,531464815	2,977630371	1,01148139960025	150,5069941
12102,7666	0,530689955	2,968947754	1,01144777860025	150,0681234
12112,7666	0,530689955	2,968152344	1,01153206360025	150,0279187
12122,7666	0,531345606	2,974097412	1,01141555460025	150,3284175
12132,7666	0,530540943	2,96667334	1,01151660360025	149,9531611
12142,7666	0,530689955	2,96640332	1,01157834960025	149,9395128
12152,7666	0,531107187	2,969238525	1,01151818660025	150,0828207
12162,7666	0,531464815	2,974649658	1,01142207360025	150,3563313
12172,7666	0,532031059	2,98017749	1,01142449560025	150,6357405
12182,7666	0,531673431	2,976730713	1,01152219160025	150,4615201
12192,7666	0,531613827	2,97603833	1,01159176060025	150,426523
12202,7666	0,531613827	2,975159668	1,01158188860025	150,3821102
12212,7666	0,531673431	2,977954102	1,01158552060025	150,5233573
12222,7666	0,531286001	2,973102539	1,01161224960025	150,2781308
12232,7666	0,530809164	2,969717529	1,01171581260025	150,1070324
12242,7666	0,531286001	2,971609375	1,01153569560025	150,2026575
12252,7666	0,531792641	2,977084717	1,01163814060025	150,4794135
12262,7666	0,531941652	2,979389893	1,01159138860025	150,5959307
12272,7666	0,532031059	2,980615234	1,01147106160025	150,6578667
12282,7666	0,531047583	2,972429443	1,01145858160025	150,2441085
12292,7666	0,530868769	2,967300537	1,01140791760025	149,9848634
12302,7666	0,531613827	2,976031738	1,01151911760025	150,4261898
12312,7666	0,531613827	2,975416504	1,01165499760025	150,3950922
12322,7666	0,532090664	2,978845703	1,01162817560025	150,5684241
12332,7666	0,531703234	2,975847412	1,01143362260025	150,4168728
12342,7666	0,53152442	2,974190186	1,01150971160025	150,3331068
12352,7666	0,531345606	2,973868896	1,01158133060025	150,316867
12362,7666	0,532090664	2,978744141	1,01156149260025	150,5632906
12372,7666	0,531673431	2,975534668	1,01147040960025	150,4010649
12382,7666	0,532180071	2,979581055	1,01161476460025	150,6055931
12392,7666	0,53113699	2,970942627	1,01151893160025	150,1689561
12402,7666	0,531882048	2,977518555	1,01147022360025	150,5013422
12412,7666	0,532120466	2,97873291	1,01149872160025	150,5627229
12422,7666	0,531554222	2,972958252	1,01151464760025	150,2708376
12432,7666	0,531464815	2,974673828	1,01153644060025	150,357553
12442,7666	0,531107187	2,970293457	1,01164363560025	150,1361432
12452,7666	0,531196594	2,970470703	1,01155897860025	150,1451023
12462,7666	0,53063035	2,965877441	1,01145522860025	149,9129317
12472,7666	0,530958176	2,968705078	1,01155776760025	150,0558572
12482,7666	0,531435013	2,971838135	1,01159604460025	150,2142203
12492,7666	0,531554222	2,974585693	1,01161336760025	150,3530981
12502,7666	0,53229928	2,982161865	1,01162351860025	150,7360425
12512,7666	0,531792641	2,978592041	1,01148465860025	150,5556026
12522,7666	0,531464815	2,973954102	1,01151045660025	150,3211738
12532,7666	0,531971455	2,97836499	1,01160079460025	150,5441261
12542,7666	0,531971455	2,97840918	1,01157220360025	150,5463597
12552,7666	0,530779362	2,968858643	1,01157769760025	150,0636192
12562,7666	0,531613827	2,976607178	1,01144554360025	150,4552759
12572,7666	0,531882048	2,978058105	1,01147152760025	150,5286143
12582,7666	0,53113699	2,972278809	1,01148056060025	150,2364946
12592,7666	0,531792641	2,977710693	1,01161793060025	150,5110541
12602,7666	0,531941652	2,978446289	1,01159157460025	150,5482354
12612,7666	0,531971455	2,979217773	1,01150393760025	150,5872308
12622,7666	0,531345606	2,974518311	1,01157834960025	150,3496922
12632,7666	0,532358885	2,984488037	1,01160507860025	150,853621
12642,7666	0,531673431	2,977202881	1,01147590460025	150,4853862
12652,7666	0,531554222	2,974945801	1,01156139960025	150,3713001
12662,7666	0,531673431	2,977023438	1,01148987460025	150,4763161
12672,7666	0,532507896	2,985245117	1,01166198260025	150,8918883
12682,7666	0,532448292	2,98361499	1,01148624160025	150,809492
12692,7666	0,531047583	2,972462646	1,01152125960025	150,2457868
12702,7666	0,532418489	2,98513916	1,01165518360025	150,8865326
12712,7666	0,532507896	2,985044434	1,01150151560025	150,8817445
12722,7666	0,531375408	2,976393799	1,01159231960025	150,4444904
12732,7666	0,531613827	2,976640869	1,01154323860025	150,4569788
12742,7666	0,532358885	2,981175293	1,01159418260025	150,6861753
12752,7666	0,531286001	2,974244629	1,01143706860025	150,3358587
12762,7666	0,53101778	2,97107959	1,01148111960025	150,175879
12772,7666	0,532269478	2,981607666	1,01158347260025	150,70803
12782,7666	0,53229928	2,981203613	1,01149033960025	150,6876068
12792,7666	0,531613827	2,976347656	1,01154612660025	150,4421581
12802,7666	0,531703234	2,977609375	1,01139990860025	150,5059328
12812,7666	0,531673431	2,976531738	1,01160051560025	150,4514627
12822,7666	0,531613827	2,974001465	1,01153522960025	150,3235678
12832,7666	0,531226397	2,971298096	1,01153411160025	150,1869236
12842,7666	0,531882048	2,975696777	1,01148065460025	150,4092589
12852,7666	0,531852245	2,97601416	1,01157415860025	150,4253013
12862,7666	0,53113699	2,970105225	1,01161336760025	150,1266288
12872,7666	0,530928373	2,966839111	1,01158170260025	149,9615402
12882,7666	0,530689955	2,963179688	1,01154566060025	149,7765713
12892,7666	0,532031059	2,97616626	1,01168666260025	150,4329893
12902,7666	0,531286001	2,972064941	1,01156838460025	150,2256845
12912,7666	0,532031059	2,974783936	1,01158058460025	150,3631185
12922,7666	0,531613827	2,971494629	1,01153224960025	150,1968575
12932,7666	0,531554222	2,972904297	1,01154985160025	150,2681104
12942,7666	0,53152442	2,973849121	1,01163180760025	150,3158674
12952,7666	0,53152442	2,971014404	1,01159138860025	150,1725841
12962,7666	0,530868769	2,963724609	1,01140605560025	149,8041149
12972,7666	0,531107187	2,966063965	1,01150309860025	149,9223597
12978,31152	0,530183315	2,958424072	1,01140614860025	149,5361945
12982,7666	0,53063035	2,962818359	1,01158049160025	149,7583077
12992,7666	0,531226397	2,967742188	1,01150216760025	150,007187
13002,7666	0,532209873	2,978965332	1,01145196960025	150,5744709
13012,7666	0,532209873	2,980003906	1,01145373860025	150,6269666
13022,7666	0,531226397	2,97220752	1,01153308760025	150,2328912
13032,7666	0,531226397	2,971567871	1,01159613860025	150,2005596
13042,7666	0,532627106	2,98375293	1,01140158460025	150,8164643
13052,7666	0,531435013	2,972662354	1,01155543960025	150,2558812
13062,7666	0,531286001	2,969640625	1,01146910560025	150,1031452
13072,7666	0,53152442	2,972538086	1,01163860660025	150,2496
13082,7666	0,532358885	2,9781521	1,01149462360025	150,5333653
13092,7666	0,531613827	2,973195313	1,01143306360025	150,2828201
13102,7666	0,531286001	2,969671631	1,01152051460025	150,1047124
13112,7666	0,530719757	2,964059326	1,01150635860025	149,8210335
13122,7666	0,531613827	2,970965576	1,01159632460025	150,1701161
13132,7666	0,531554222	2,970459229	1,01147376260025	150,1445223
13142,7666	0,532090664	2,977436768	1,01151027060025	150,4972082
13152,7666	0,530958176	2,966558105	1,01141071160025	149,9473365
13162,7666	0,531464815	2,968442383	1,01151893160025	150,042579
13172,7666	0,531852245	2,971868896	1,01158589360025	150,2157752
13182,7666	0,532209873	2,975388184	1,01143650960025	150,3936607
13192,7666	0,532597303	2,980584473	1,01148884960025	150,6563118
13202,7666	0,531852245	2,974437744	1,01149909460025	150,3456199
13212,7666	0,531345606	2,968726563	1,01146677760025	150,0569431
13222,7666	0,53063035	2,963033203	1,01161644060025	149,7691672
13232,7666	0,530779362	2,962904785	1,01156158560025	149,7626762
13242,7666	0,532358885	2,975528564	1,01151325060025	150,4007564
13252,7666	0,53229928	2,979491943	1,01154025860025	150,6010889
13262,7666	0,532180071	2,977643066	1,01154426360025	150,5076358
13272,7666	0,531613827	2,973676758	1,01162901360025	150,3071552
13282,7666	0,531435013	2,971137695	1,01146193460025	150,178816
13292,7666	0,532627106	2,98159668	1,01164186560025	150,7074747
13302,7666	0,532865524	2,984565674	1,01161252960025	150,8575452
13312,7666	0,532716513	2,982809326	1,01152647560025	150,768769
13322,7666	0,533044338	2,986738281	1,01153681260025	150,9673616
13332,7666	0,532269478	2,978243896	1,01158896660025	150,5380053
13342,7666	0,531971455	2,97665918	1,01164149360025	150,4579044
13352,7666	0,531792641	2,973294189	1,01144647460025	150,2878179
13362,7666	0,531882048	2,976075439	1,01154854760025	150,4283987
13372,7666	0,532627106	2,980033936	1,01148689360025	150,6284844
13382,7666	0,53268671	2,979897217	1,01167241360025	150,6215738
13392,7666	0,532418489	2,980516357	1,01159008460025	150,6528689
13402,7666	0,532090664	2,976838135	1,01149602060025	150,4669498
13412,7666	0,53268671	2,981057373	1,01155441460025	150,680215
13422,7666	0,531464815	2,971972168	1,01153113160025	150,2209951
13432,7666	0,53268671	2,981433838	1,01162035260025	150,6992437
13442,7666	0,532358885	2,980145752	1,01127678760025	150,6341363
13452,7666	0,531345606	2,971558838	1,01167464860025	150,200103
13462,7666	0,532269478	2,977468994	1,01151157360025	150,4988371
13472,7666	0,531882048	2,974148438	1,01145019960025	150,3309966
13482,7666	0,532090664	2,974900879	1,01159315760025	150,3690295
13492,7666	0,531762838	2,973655518	1,01157304160025	150,3060816
13502,7666	0,531703234	2,972030273	1,01155674360025	150,2239321
13512,7666	0,531464815	2,970937256	1,01146519460025	150,1686846
13522,7666	0,531852245	2,974699951	1,01150160860025	150,3588734
13532,7666	0,531703234	2,972519775	1,01152498560025	150,2486745
13542,7666	0,531882048	2,975815674	1,01151576460025	150,4152686
13552,7666	0,532537699	2,980119141	1,01155357660025	150,6327912
13562,7666	0,532269478	2,979192871	1,01152284260025	150,5859721
13572,7666	0,53229928	2,979710205	1,01156093460025	150,6121212
13582,7666	0,532418489	2,979555664	1,01151203960025	150,6043097
13592,7666	0,531792641	2,974812988	1,01165080660025	150,364587
13602,7666	0,532090664	2,977056152	1,01152703360025	150,4779697
13612,7666	0,531971455	2,975003418	1,01149695260025	150,3742124
13622,7666	0,531286001	2,969198975	1,01141527560025	150,0808216
13632,7666	0,531107187	2,966239014	1,01156009560025	149,9312077
13642,7666	0,53229928	2,977105225	1,01165723260025	150,4804501
13652,7666	0,531554222	2,97220166	1,01153224960025	150,232595
13662,7666	0,531762838	2,9730625	1,01159157460025	150,276107
13672,7666	0,532835722	2,981886719	1,01172000360025	150,722135
13682,7666	0,531852245	2,976039551	1,01152163260025	150,4265847
13692,7666	0,531554222	2,968682617	1,01163162160025	150,0547219
13702,7666	0,530958176	2,96288916	1,01152070060025	149,7618864
13712,7666	0,531673431	2,967888428	1,01156363460025	150,0145788
13722,7666	0,531435013	2,967977539	1,01159688360025	150,0190831
13732,7666	0,531107187	2,964955322	1,01152042160025	149,8663224
13742,7666	0,53229928	2,976216553	1,01149499660025	150,4355314
13752,7666	0,532716513	2,980038086	1,01164279760025	150,6286942
13762,7666	0,532269478	2,978498291	1,01155674360025	150,5508639
13772,7666	0,531435013	2,970367188	1,01151548560025	150,13987
13782,7666	0,531196594	2,964128906	1,01150645160025	149,8245505
13792,7666	0,531226397	2,964071045	1,01162556760025	149,8216258
13802,7666	0,531435013	2,965768066	1,01162417060025	149,9074033
13812,7666	0,531673431	2,968702393	1,01144805760025	150,0557214
13822,7666	0,530481339	2,96002417	1,01146957160025	149,6170729
13832,7666	0,530958176	2,961827148	1,01148186460025	149,708206
13842,7666	0,531107187	2,965331787	1,01145522860025	149,8853511
13852,7666	0,531852245	2,96989209	1,01160545160025	150,1158557
13862,7666	0,531882048	2,973773193	1,01142877960025	150,3120296
13872,7666	0,531047583	2,965995605	1,01143958260025	149,9189044
13882,7666	0,530958176	2,964063721	1,01155851260025	149,8212556
13892,7666	0,531107187	2,964831543	1,01146603260025	149,8600659
13902,7666	0,531464815	2,966262939	1,01139469260025	149,9324171
13912,7666	0,531792641	2,969523438	1,01149946660025	150,0972219
13922,7666	0,531703234	2,971135254	1,01154454260025	150,1786926
13932,7666	0,531435013	2,9667146	1,01149723160025	149,9552466
13942,7666	0,531226397	2,964896729	1,01156745360025	149,8633607
13952,7666	0,53101778	2,962505127	1,01163506760025	149,7424751
13962,7666	0,531226397	2,963540039	1,01153867560025	149,7947856
13972,7666	0,531971455	2,972158691	1,01148372760025	150,2304231
13982,7666	0,531882048	2,97160791	1,01157872260025	150,2025834
13992,7666	0,532597303	2,977452881	1,01159017760025	150,4980227
14002,7666	0,53319335	2,983973633	1,01153886160025	150,8276199
14012,7666	0,533342361	2,984740479	1,01158933960025	150,8663808
14022,7666	0,531792641	2,973214844	1,01154491560025	150,2838073
14032,7666	0,531375408	2,967399658	1,01148605560025	149,9898735
14042,7666	0,531613827	2,967310547	1,01155134160025	149,9853693
14052,7666	0,531941652	2,970399658	1,01152265660025	150,1415112
14062,7666	0,531673431	2,967731445	1,01148065460025	150,006644
14072,7666	0,532537699	2,976107422	1,01168880460025	150,4300153
14082,7666	0,532031059	2,971475342	1,01159390260025	150,1958826
14092,7666	0,532627106	2,977014404	1,01151222560025	150,4758595
14102,7666	0,532180071	2,974727783	1,01141713760025	150,3602802
14112,7666	0,53229928	2,97428418	1,01150896660025	150,3378578
14122,7666	0,532031059	2,970192627	1,01166086460025	150,1310467
14132,7666	0,531196594	2,963766113	1,01154361160025	149,8062128
14142,7666	0,531375408	2,962299316	1,01144954760025	149,7320722
14152,7666	0,532120466	2,971657227	1,01150281960025	150,2050762
14162,7666	0,531047583	2,961544678	1,01147040960025	149,6939283
14172,7666	0,532031059	2,970293457	1,01164922360025	150,1361432
14182,7666	0,531554222	2,963659424	1,01148512460025	149,80082
14192,7666	0,531762838	2,969052734	1,01151064260025	150,0734298
14202,7666	0,531286001	2,963467041	1,01140633460025	149,7910959
14212,7666	0,532448292	2,973793701	1,01150002560025	150,3130662
14222,7666	0,531852245	2,969891357	1,01149518260025	150,1158187
14232,7666	0,532090664	2,9711604	1,01158319260025	150,1799636
14242,7666	0,531464815	2,966893311	1,01149322660025	149,9642797
14252,7666	0,531554222	2,967342529	1,01159231960025	149,9869859
14262,7666	0,531882048	2,970125977	1,01146724360025	150,1276777
14272,7666	0,531047583	2,963964355	1,01149182960025	149,8162331
14282,7666	0,53113699	2,962770752	1,01159921160025	149,7559013
14292,7666	0,530958176	2,961714111	1,01152545060025	149,7024925
14302,7666	0,530600548	2,95811792	1,01154845460025	149,5207198
14312,7666	0,530302525	2,955359863	1,01154016560025	149,3813113
14322,7666	0,531375408	2,96254126	1,01141574060025	149,7443014
14332,7666	0,530958176	2,958939453	1,01151390260025	149,5622449
14342,7666	0,530958176	2,962094238	1,01159660360025	149,7217063
14352,7666	0,53152442	2,965957764	1,01156810560025	149,9169917
14362,7666	0,532597303	2,976538574	1,01155227260025	150,4518082
14372,7666	0,531554222	2,969419678	1,01154566060025	150,0919772
14382,7666	0,531852245	2,970740479	1,01148642860025	150,1587383
14392,7666	0,532269478	2,974948242	1,01151157360025	150,3714235
14402,7666	0,531882048	2,971227051	1,01157108560025	150,1833325
14412,7666	0,531554222	2,968157471	1,01143772060025	150,0281779
14422,7666	0,531226397	2,964881104	1,01149937360025	149,8625709
14432,7666	0,532358885	2,974499268	1,01154826860025	150,3487297
14442,7666	0,532537699	2,976367432	1,01150794160025	150,4431577
14452,7666	0,533103943	2,984515869	1,01163078360025	150,8550278
14462,7666	0,53229928	2,978242432	1,01144712660025	150,5379312
14472,7666	0,532090664	2,976371094	1,01153066660025	150,4433428
14482,7666	0,532835722	2,981533447	1,01156614960025	150,7042786
14492,7666	0,532269478	2,978120605	1,01162705760025	150,5317734
14502,7666	0,531286001	2,966797852	1,01160712760025	149,9594547
14512,7666	0,531971455	2,972940674	1,01148111960025	150,2699491
14522,7666	0,530719757	2,963091064	1,01139869760025	149,7720918
14532,7666	0,53113699	2,966079346	1,01163665060025	149,9231372
14542,7666	0,531554222	2,967245605	1,01170510260025	149,9820868
14552,7666	0,531941652	2,969844238	1,01151688260025	150,113437
14562,7666	0,531286001	2,966005371	1,01151148060025	149,9193981
14572,7666	0,530928373	2,963714355	1,01153644060025	149,8035966
14582,7666	0,53152442	2,969388428	1,01160470660025	150,0903977
14592,7666	0,532180071	2,971880859	1,01149341360025	150,2163799
14602,7666	0,531971455	2,974500732	1,01156894360025	150,3488037
14612,7666	0,53152442	2,97128125	1,01152256360025	150,1860721
14622,7666	0,531554222	2,970974854	1,01144395960025	150,170585
14632,7666	0,531226397	2,969208984	1,01144032760025	150,0813276
14642,7666	0,531673431	2,969992432	1,01148987460025	150,1209276
14652,7666	0,531375408	2,969653564	1,01143697560025	150,1037993
14662,7666	0,531464815	2,970014648	1,01168629060025	150,1220506
14672,7666	0,531047583	2,96611377	1,01157890860025	149,9248771
14682,7666	0,531196594	2,966328369	1,01161364660025	149,9357243
14692,7666	0,530958176	2,96639917	1,01149387860025	149,939303
14702,7666	0,531792641	2,973266357	1,01160684860025	150,2864111
14712,7666	0,531673431	2,971266602	1,01144815060025	150,1853317
14722,7666	0,53152442	2,971747559	1,01150747660025	150,2096421
14732,7666	0,532448292	2,979056396	1,01161364660025	150,5790738
14742,7666	0,531762838	2,973435547	1,01155329760025	150,2949629
14752,7666	0,531464815	2,972359619	1,01158133060025	150,2405792
14762,7666	0,531941652	2,974590088	1,01156214460025	150,3533203
14772,7666	0,531375408	2,971531738	1,01144759260025	150,1987332
14782,7666	0,532090664	2,979309326	1,01155637060025	150,5918584
14792,7666	0,53152442	2,972275879	1,01144321460025	150,2363465
14802,7666	0,53229928	2,977349121	1,01149341360025	150,4927781
14812,7666	0,531196594	2,967547119	1,01147851260025	149,9973271
14822,7666	0,531613827	2,971965088	1,01157639460025	150,2206373
14832,7666	0,530868769	2,96390625	1,01150831460025	149,8132961
14842,7666	0,531375408	2,967018066	1,01154174860025	149,9705856
14852,7666	0,531435013	2,967280273	1,01150393760025	149,9838391
14862,7666	0,53268671	2,980687988	1,01158570760025	150,6615441
14872,7666	0,532120466	2,9783396	1,01159576560025	150,5428427
14882,7666	0,532031059	2,975439941	1,01149024660025	150,3962769
14892,7666	0,531435013	2,971521973	1,01162342560025	150,1982396
14902,7666	0,531673431	2,971768311	1,01156950260025	150,210691
14912,7666	0,531613827	2,972131836	1,01154454260025	150,2290657
14922,7666	0,531107187	2,966262939	1,01147022360025	149,9324171
14932,7666	0,530600548	2,961526367	1,01164037560025	149,6930028
14942,7666	0,530719757	2,962252441	1,01154491560025	149,7297029
14952,7666	0,531375408	2,967086426	1,01150617260025	149,9740409
14962,7666	0,531852245	2,973719727	1,01158580060025	150,3093271
14972,7666	0,531435013	2,971703125	1,01162417060025	150,2073961
14982,7666	0,531941652	2,975831787	1,01151092260025	150,4160831
14992,7666	0,532448292	2,979028076	1,01159716260025	150,5776423
15002,7666	0,53113699	2,969003662	1,01158850160025	150,0709494
15012,7666	0,532358885	2,979061523	1,01152852460025	150,579333
15022,7666	0,531971455	2,975230957	1,01160796560025	150,3857136
15032,7666	0,531792641	2,974244629	1,01147543860025	150,3358587
15042,7666	0,532627106	2,980140137	1,01155041060025	150,6338524
15052,7666	0,532925129	2,982601807	1,01143893060025	150,7582798
15062,7666	0,531882048	2,976745117	1,01149164360025	150,4622481
15072,7666	0,531762838	2,973316162	1,01136908160025	150,2889285
15082,7666	0,531792641	2,973820557	1,01150579960025	150,3144236
15092,7666	0,530928373	2,965566895	1,01155106260025	149,8972349
15102,7666	0,532120466	2,974960938	1,01156167960025	150,3720652
15112,7666	0,53268671	2,981898926	1,01161280860025	150,722752
15122,7666	0,531792641	2,975730225	1,01155366960025	150,4109495
15132,7666	0,531554222	2,97309375	1,01163702360025	150,2776865
15142,7666	0,53101778	2,965133789	1,01155692960025	149,8753432
15152,7666	0,531673431	2,971494141	1,01132521660025	150,1968328
15162,7666	0,532269478	2,978396973	1,01157313460025	150,5457427
15172,7666	0,531613827	2,973913574	1,01151557860025	150,3191253
15182,7666	0,532627106	2,980368164	1,01147925760025	150,6453783
15192,7666	0,531703234	2,973130127	1,01152582360025	150,2795252
15202,7666	0,531941652	2,973121582	1,01139096760025	150,2790933
15212,7666	0,53101778	2,96577417	1,01145308660025	149,9077118
15222,7666	0,532180071	2,974589355	1,01152666160025	150,3532832
15232,7666	0,531345606	2,969496826	1,01161094660025	150,0958768
15242,7666	0,531375408	2,970106201	1,01164316960025	150,1266782
15252,7666	0,532090664	2,975237061	1,01151511260025	150,3860221
15262,7666	0,531375408	2,968520264	1,01154407760025	150,0465156
15272,7666	0,530809164	2,963351318	1,01149341360025	149,7852466
15282,7666	0,531375408	2,96912915	1,01168424160025	150,0772923
15292,7666	0,531435013	2,96808374	1,01163702360025	150,0244511
15302,7666	0,530958176	2,965865967	1,01155199360025	149,9123517
15312,7666	0,53063035	2,960592041	1,01152349460025	149,6457764
15322,7666	0,531464815	2,967467041	1,01147432160025	149,9932795
15332,7666	0,532448292	2,978584717	1,01158691760025	150,5552323
15342,7666	0,531792641	2,974215332	1,01142300560025	150,3343779
15352,7666	0,53152442	2,969019043	1,01143129360025	150,0717268
15362,7666	0,531613827	2,970472656	1,01165937460025	150,145201
15372,7666	0,532120466	2,973713379	1,01150570660025	150,3090062
15382,7666	0,531613827	2,969656738	1,01144861660025	150,1039597
15392,7666	0,531852245	2,972707764	1,01148680060025	150,2581765
15402,7666	0,531286001	2,967260986	1,01160610360025	149,9828643
15412,7666	0,531196594	2,96732373	1,01159390260025	149,9860357
15422,7666	0,531971455	2,972809814	1,01148745260025	150,2633347
15432,7666	0,531762838	2,969459961	1,01151082860025	150,0940134
15442,7666	0,531464815	2,968984619	1,01133983860025	150,0699868
15452,7666	0,532031059	2,973575195	1,01148959460025	150,3020216
15462,7666	0,531792641	2,972802734	1,01150226060025	150,2629769
15472,7666	0,531613827	2,971602295	1,01156447360025	150,2022996
15482,7666	0,531047583	2,966746338	1,01155488060025	149,9568509
15492,7666	0,530928373	2,96521875	1,01148838460025	149,8796376
15502,7666	0,531792641	2,971077881	1,01161252960025	150,1757926
15512,7666	0,531375408	2,967593262	1,01146910560025	149,9996594
15522,7666	0,531226397	2,967778076	1,01143446060025	150,009001
15532,7666	0,531762838	2,970452637	1,01149797660025	150,1441891
15542,7666	0,531613827	2,968970215	1,01147962960025	150,0692587
15552,7666	0,531196594	2,966194824	1,01144312160025	149,9289741
15562,7666	0,531226397	2,966531982	1,01153020060025	149,9460161
15572,7666	0,531762838	2,969772949	1,01137494860025	150,1098337
15582,7666	0,531673431	2,970722168	1,01157080660025	150,1578128
15592,7666	0,531792641	2,971400146	1,01154985160025	150,1920818
15602,7666	0,531554222	2,969523682	1,01159055060025	150,0972342
15612,7666	0,531286001	2,967556396	1,01156456660025	149,997796
15622,7666	0,530958176	2,962897949	1,01157965360025	149,7623306
15632,7666	0,530540943	2,958931396	1,01146361060025	149,5618377
15642,7666	0,531345606	2,966333008	1,01150701060025	149,9359587
15652,7666	0,531196594	2,965524414	1,01146761560025	149,8950876
15662,7666	0,531673431	2,969929688	1,01175157560025	150,1177561
15672,7666	0,531613827	2,969635254	1,01149713860025	150,1028737
15682,7666	0,530719757	2,964790527	1,01159371660025	149,8579927
15692,7666	0,53113699	2,965164795	1,01147720860025	149,8769104
15702,7666	0,531435013	2,967881104	1,01147981560025	150,0142086
15712,7666	0,531613827	2,970531738	1,01149583460025	150,1481873
15722,7666	0,530958176	2,964118896	1,01157499760025	149,8240445
15732,7666	0,530689955	2,961601563	1,01161821060025	149,6968036
15742,7666	0,531047583	2,962002686	1,01163236660025	149,7170787
15752,7666	0,530928373	2,963148682	1,01145997860025	149,7750041
15762,7666	0,530809164	2,963325684	1,01165704660025	149,7839508
15772,7666	0,531554222	2,970384766	1,01151241260025	150,1407585
15782,7666	0,530958176	2,964520996	1,01148903560025	149,844369
15792,7666	0,530719757	2,962233643	1,01163357760025	149,7287527
15802,7666	0,530600548	2,95861499	1,01163581260025	149,5458446
15812,7666	0,530779362	2,960967529	1,01129755660025	149,6647558
15822,7666	0,53113699	2,966627197	1,01155907160025	149,9508288
15832,7666	0,531226397	2,967383545	1,01153169060025	149,9890591
15842,7666	0,531047583	2,966430176	1,01143511260025	149,9408702
15852,7666	0,530958176	2,965145508	1,01150300560025	149,8759355
15862,7666	0,531196594	2,966716553	1,01152470560025	149,9553454
15872,7666	0,531882048	2,97369165	1,01146100360025	150,3079079
15882,7666	0,531852245	2,974148926	1,01144731260025	150,3310213
15892,7666	0,531464815	2,972430664	1,01160191260025	150,2441702
15902,7666	0,531882048	2,975174805	1,01160777960025	150,3828753
15912,7666	0,531286001	2,969076172	1,01161057360025	150,0746144
15922,7666	0,531226397	2,968495361	1,01151334360025	150,0452568
15932,7666	0,530809164	2,966317871	1,01148056060025	149,9351936
15942,7666	0,531375408	2,97266626	1,01157145760025	150,2560786
15952,7666	0,531107187	2,96952124	1,01148614860025	150,0971108
15962,7666	0,531971455	2,975807861	1,01148046760025	150,4148737
15972,7666	0,531792641	2,974776611	1,01159613860025	150,3627482
15982,7666	0,531673431	2,972193115	1,01156978160025	150,2321631
15992,7666	0,531613827	2,972063477	1,01150393760025	150,2256104
16002,7666	0,531792641	2,973318115	1,01153653360025	150,2890273
16012,7666	0,530391932	2,9611521	1,01153224960025	149,6740851
16022,7666	0,531196594	2,965645752	1,01146426260025	149,9012208
16032,7666	0,531673431	2,971666016	1,01157695260025	150,2055204
16042,7666	0,530958176	2,964783936	1,01159110860025	149,8576595
16052,7666	0,53101778	2,964393555	1,01159092260025	149,8379273
16062,7666	0,531345606	2,967660156	1,01149890760025	150,0030407
16072,7666	0,530302525	2,959831299	1,01142570660025	149,607324
16082,7666	0,530481339	2,961169189	1,01152247060025	149,6749489
16092,7666	0,531345606	2,965394531	1,01158188860025	149,8885226
16102,7666	0,530779362	2,962016846	1,01169383360025	149,7177945
16112,7666	0,530928373	2,963638428	1,01162389160025	149,7997588
16122,7666	0,531762838	2,970457764	1,01155534660025	150,1444482
16132,7666	0,531464815	2,968279785	1,01159632460025	150,0343603
16142,7666	0,530928373	2,96312207	1,01151921060025	149,773659
16152,7666	0,531196594	2,965587158	1,01141788260025	149,8982591
16162,7666	0,531673431	2,971835693	1,01158580060025	150,2140969
16172,7666	0,531047583	2,966287842	1,01155748860025	149,9336758
16182,7666	0,530928373	2,963384033	1,01153774460025	149,7869002
16192,7666	0,530302525	2,957433105	1,01152423960025	149,4861052
16202,7666	0,530779362	2,9614021	1,01153495060025	149,6867216
16212,7666	0,532031059	2,972216064	1,01161215660025	150,2333231
16222,7666	0,53152442	2,970772461	1,01140596160025	150,1603549
16232,7666	0,531762838	2,97358374	1,01171311260025	150,3024535
16242,7666	0,531345606	2,967650635	1,01160796560025	150,0025594
16252,7666	0,530868769	2,963210938	1,01150617260025	149,7781509
16262,7666	0,531226397	2,966451416	1,01153504360025	149,9419438
16272,7666	0,531852245	2,971632813	1,01152368160025	150,2038421
16282,7666	0,531762838	2,971903809	1,01149304060025	150,2175399
16292,7666	0,531375408	2,971746338	1,01150486860025	150,2095804
16302,7666	0,53113699	2,966002441	1,01155506660025	149,91925
16312,7666	0,530868769	2,9632854	1,01162463660025	149,7819147
16322,7666	0,531554222	2,96760791	1,01150943160025	150,0003998
16332,7666	0,530868769	2,963075195	1,01147236560025	149,7712897
16342,7666	0,530391932	2,95999585	1,01146640460025	149,6156414
16352,7666	0,530958176	2,964446777	1,01133229460025	149,8406175
16362,7666	0,531286001	2,967522949	1,01149052660025	149,9961054
16372,7666	0,531375408	2,967753418	1,01154472960025	150,0077546
16382,7666	0,531196594	2,964371338	1,01142151560025	149,8368044
16392,7666	0,531554222	2,968244873	1,01140065360025	150,0325957
16402,7666	0,53113699	2,966630615	1,01157192360025	149,9510016
16412,7666	0,53101778	2,964706787	1,01157332060025	149,85376
16422,7666	0,531345606	2,967790771	1,01155394960025	150,0096427
16432,7666	0,530958176	2,964538818	1,01154538060025	149,8452698
16442,7666	0,530183315	2,957897217	1,01133350560025	149,5095641
16452,7666	0,531107187	2,965141357	1,01157043360025	149,8757257
16462,7666	0,530719757	2,962323486	1,01152526460025	149,7332939
16472,7666	0,53063035	2,960532227	1,01147739460025	149,6427531
16482,7666	0,530868769	2,959954834	1,01150635860025	149,6135682
16492,7666	0,530719757	2,960086182	1,01152479860025	149,6202073
16502,7666	0,531882048	2,971380615	1,01161625460025	150,1910946
16512,7666	0,53152442	2,966396729	1,01143036260025	149,9391796
16522,7666	0,53101778	2,963890625	1,01168088860025	149,8125063
16532,7666	0,531613827	2,96846167	1,01142570660025	150,0435539
16542,7666	0,531703234	2,970449219	1,01156605660025	150,1440163
16552,7666	0,531613827	2,971042969	1,01138230660025	150,1740279
16562,7666	0,531703234	2,972734863	1,01153969960025	150,2595463
16572,7666	0,531971455	2,973608154	1,01160535860025	150,3036875
16582,7666	0,532448292	2,979484863	1,01147655660025	150,6007311
16592,7666	0,532448292	2,979398193	1,01155217960025	150,5963503
16602,7666	0,532090664	2,977037598	1,01159474160025	150,4770318
16612,7666	0,531673431	2,973625244	1,01154258660025	150,3045514
16622,7666	0,532090664	2,97586377	1,01159930460025	150,4176996
16632,7666	0,532180071	2,975995605	1,01158440360025	150,4243634
16642,7666	0,53152442	2,972421875	1,01148205160025	150,243726
16652,7666	0,530868769	2,963950439	1,01146091060025	149,8155297
16662,7666	0,531286001	2,9692229	1,01142412260025	150,082031
16672,7666	0,53101778	2,964347412	1,01148614860025	149,835595
16682,7666	0,530362129	2,957052002	1,01145494960025	149,466842
16692,7666	0,530600548	2,959566162	1,01153969960025	149,5939225
16702,7666	0,531941652	2,972321777	1,01143334260025	150,2386665
16712,7666	0,532269478	2,975543213	1,01156167960025	150,4014968
16722,7666	0,53152442	2,968988525	1,01154286660025	150,0701843
16732,7666	0,531613827	2,970772461	1,01155963060025	150,1603549
16742,7666	0,531613827	2,969056885	1,01149955960025	150,0736395
16752,7666	0,532090664	2,973172363	1,01144694060025	150,2816601
16762,7666	0,532209873	2,974493652	1,01147981560025	150,3484458
16772,7666	0,532031059	2,974897461	1,01163143560025	150,3688567
16782,7666	0,531286001	2,966240967	1,01144395960025	149,9313064
16792,7666	0,532090664	2,974715088	1,01141611360025	150,3596385
16802,7666	0,532269478	2,977009766	1,01156568360025	150,475625
16812,7666	0,531703234	2,972453613	1,01163972360025	150,2453302
16822,7666	0,532448292	2,977067383	1,01163031760025	150,4785373
16832,7666	0,531613827	2,970339111	1,01154333260025	150,1384508
16842,7666	0,531375408	2,968379639	1,01149602060025	150,0394075
16852,7666	0,531703234	2,971182617	1,01157369360025	150,1810866
16862,7666	0,531613827	2,970025879	1,01153336660025	150,1226182
16872,7666	0,531613827	2,969823242	1,01166123760025	150,1123758
16882,7666	0,531971455	2,971703613	1,01154547460025	150,2074208
16892,7666	0,532120466	2,974090576	1,01143157360025	150,328072
16902,7666	0,531852245	2,970928955	1,01152731360025	150,168265
16912,7666	0,532269478	2,972931396	1,01149639360025	150,2694802
16922,7666	0,531673431	2,970967529	1,01148121260025	150,1702148
16932,7666	0,531941652	2,972699219	1,01145597460025	150,2577446
16942,7666	0,532209873	2,975367188	1,01152787260025	150,3925994
16952,7666	0,531613827	2,969941162	1,01163925860025	150,1183361
16962,7666	0,531792641	2,969159912	1,01140372660025	150,0788472
16972,7666	0,531375408	2,966538086	1,01146072360025	149,9463246
16982,7666	0,53152442	2,967438721	1,01156382160025	149,991848
16992,7666	0,531852245	2,971529541	1,01158095760025	150,1986222
17002,7666	0,531792641	2,970084229	1,01158170260025	150,1255676
17012,7666	0,531435013	2,966772949	1,01139506560025	149,958196
17022,7666	0,531673431	2,969196045	1,01155748860025	150,0806735
17032,7666	0,532090664	2,971172607	1,01152545060025	150,1805806
17042,7666	0,531107187	2,963634277	1,01144759260025	149,799549
17052,7666	0,530928373	2,96175	1,01152144560025	149,7043065
17062,7666	0,53101778	2,961943115	1,01160023560025	149,7140677
17072,7666	0,530928373	2,958548584	1,01153969960025	149,5424881
17082,7666	0,530451536	2,955098877	1,01155152760025	149,3681195
17092,7666	0,530868769	2,959829834	1,01164326260025	149,60725
17102,7666	0,530958176	2,960880615	1,01142449560025	149,6603627
17112,7666	0,530600548	2,957420898	1,01150831460025	149,4854882
17122,7666	0,530868769	2,957150391	1,01149182960025	149,4718151
17132,7666	0,531435013	2,962150146	1,01151222560025	149,7245323
17142,7666	0,530958176	2,957358643	1,01155022360025	149,4823414
17152,7666	0,531554222	2,963317139	1,01148000260025	149,7835189
17162,7666	0,532180071	2,969622559	1,01146184160025	150,102232
17172,7666	0,53101778	2,959375	1,01137429760025	149,58426
17182,7666	0,530958176	2,959834473	1,01166123760025	149,6074845
17192,7666	0,53101778	2,959621582	1,01157350660025	149,5967237
17202,7666	0,531196594	2,960374268	1,01142132860025	149,6347689
17212,7666	0,53113699	2,960960205	1,01145373860025	149,6643856
17222,7666	0,531613827	2,966875244	1,01161420560025	149,9633666
17232,7666	0,531196594	2,961676025	1,01160368160025	149,7005674
17242,7666	0,53113699	2,961021729	1,01150281960025	149,6674954
17252,7666	0,531673431	2,964514648	1,01136591560025	149,8440481
17262,7666	0,531464815	2,963136719	1,01154361160025	149,7743995
17272,7666	0,531882048	2,967779297	1,01166095860025	150,0090627
17282,7666	0,531941652	2,968011719	1,01148717360025	150,0208107
17292,7666	0,532031059	2,969505615	1,01135594960025	150,096321
17302,7666	0,531673431	2,968596436	1,01146249360025	150,0503657
17312,7666	0,532031059	2,972492676	1,01151818660025	150,2473047
17322,7666	0,532269478	2,9730896	1,01152843060025	150,2774767
17332,7666	0,532180071	2,971725586	1,01152684760025	150,2085314
17342,7666	0,53113699	2,96351123	1,01164959560025	149,7933295
17352,7666	0,532180071	2,971428223	1,01140130560025	150,1935009
17362,7666	0,530958176	2,963023193	1,01164568460025	149,7686612
17372,7666	0,531673431	2,964939941	1,01133704460025	149,865545
17382,7666	0,531673431	2,966210938	1,01156298260025	149,9297886
17392,7666	0,531792641	2,970424805	1,01156773260025	150,1427823
17402,7666	0,531852245	2,967979248	1,01151911760025	150,0191694
17412,7666	0,531286001	2,964654297	1,01146556660025	149,8511068
17422,7666	0,531554222	2,966220703	1,01147124760025	149,9302822
17432,7666	0,531673431	2,965923828	1,01155152760025	149,9152764
17442,7666	0,531107187	2,960876465	1,01154230760025	149,6601529
17452,7666	0,531435013	2,962634521	1,01153811660025	149,7490154
17462,7666	0,531464815	2,965401611	1,01139813860025	149,8888805
17472,7666	0,532209873	2,971086914	1,01159734860025	150,1762492
17482,7666	0,531375408	2,96521167	1,01148484560025	149,8792797
17492,7666	0,532120466	2,970453613	1,01155730160025	150,1442384
17502,7666	0,532090664	2,972188232	1,01163096960025	150,2319163
17512,7666	0,531464815	2,964739746	1,01145941960025	149,8554259
17522,7666	0,531435013	2,963952148	1,01160275060025	149,8156161
17532,7666	0,531882048	2,966315674	1,01155590460025	149,9350826
17542,7666	0,531286001	2,962030273	1,01166906060025	149,7184732
17552,7666	0,531792641	2,966936768	1,01148428660025	149,9664763
17562,7666	0,531464815	2,963531494	1,01149462360025	149,7943537
17572,7666	0,531792641	2,964916016	1,01151809360025	149,8643356
17582,7666	0,531464815	2,963405029	1,01143334260025	149,7879614
17592,7666	0,531464815	2,963432617	1,01150924560025	149,7893559
17602,7666	0,531792641	2,966192383	1,01148288960025	149,9288507
17612,7666	0,532120466	2,968205811	1,01156251760025	150,0306212
17622,7666	0,532180071	2,968148682	1,01158086460025	150,0277336
17632,7666	0,531941652	2,96551416	1,01155804660025	149,8945694
17642,7666	0,531852245	2,965091064	1,01148372760025	149,8731836
17652,7666	0,531196594	2,962714844	1,01152684760025	149,7530754
17662,7666	0,53101778	2,958869385	1,01157909460025	149,5587032
17672,7666	0,530928373	2,956479492	1,01151231960025	149,437904
17682,7666	0,53063035	2,953429443	1,01152051460025	149,2837365
17692,7666	0,530928373	2,956422852	1,01151343660025	149,435041
17702,7666	0,531435013	2,960468018	1,01149099160025	149,6395076
17712,7666	0,530958176	2,956953613	1,01158552060025	149,4618688
17722,7666	0,531047583	2,955403809	1,01159343760025	149,3835326
17732,7666	0,53152442	2,961552246	1,01148922260025	149,6943109
17742,7666	0,531196594	2,959118164	1,01152787260025	149,571278
17752,7666	0,53113699	2,959497314	1,01158617260025	149,5904425
17762,7666	0,530958176	2,957039063	1,01148037460025	149,466188
17772,7666	0,531047583	2,957132813	1,01141862760025	149,4709266
17782,7666	0,532269478	2,969633545	1,01155711560025	150,1027873
17792,7666	0,531852245	2,968779785	1,01154472960025	150,0596333
17802,7666	0,531613827	2,966956055	1,01156316960025	149,9674512
17812,7666	0,531375408	2,962030762	1,01146584660025	149,7184979
17822,7666	0,531375408	2,962499512	1,01158291360025	149,7421913
17832,7666	0,531703234	2,963137939	1,01161970060025	149,7744612
17842,7666	0,530719757	2,954901367	1,01155413560025	149,3581362
17852,7666	0,530868769	2,95451416	1,01149583460025	149,3385645
17862,7666	0,53113699	2,955802979	1,01142719660025	149,403709
17872,7666	0,531047583	2,954393066	1,01148940860025	149,3324437
17882,7666	0,530719757	2,95376709	1,01148531060025	149,3008032
17892,7666	0,531435013	2,959106934	1,01150719660025	149,5707104
17902,7666	0,531792641	2,965158691	1,01158431060025	149,8766019
17912,7666	0,531464815	2,962357178	1,01153969960025	149,7349969
17922,7666	0,531226397	2,960455078	1,01153569560025	149,6388535
17932,7666	0,531882048	2,966048828	1,01151650960025	149,9215946
17942,7666	0,532448292	2,968873291	1,01162538160025	150,0643596
17952,7666	0,532090664	2,966235596	1,01156056160025	149,931035
17962,7666	0,531375408	2,961293701	1,01152368160025	149,6812425
17972,7666	0,532031059	2,964830322	1,01161476460025	149,8600042
17982,7666	0,532031059	2,965216553	1,01162854860025	149,8795265
17992,7666	0,53101778	2,959004639	1,01137569360025	149,5655398
18002,7666	0,531703234	2,963614258	1,01158375160025	149,7985371
18012,7666	0,531345606	2,959535156	1,01161755860025	149,5923552
18022,7666	0,530809164	2,956094238	1,01162836160025	149,418431
18032,7666	0,531286001	2,959603027	1,01165043460025	149,5957859
18042,7666	0,530600548	2,954150146	1,01155311060025	149,3201651
18052,7666	0,530928373	2,956984375	1,01144889560025	149,4634237
18062,7666	0,531196594	2,959470215	1,01160601060025	149,5890727
18072,7666	0,532120466	2,967393799	1,01158477560025	149,9895774
18082,7666	0,531286001	2,960763428	1,01166086460025	149,6544393
18092,7666	0,531047583	2,956335693	1,01165332160025	149,4306355
18102,7666	0,531107187	2,955138916	1,01154668460025	149,3701433
18112,7666	0,531375408	2,957763916	1,01160107460025	149,5028263
18122,7666	0,531673431	2,961063477	1,01157378660025	149,6696056
18132,7666	0,531047583	2,955408936	1,01145522860025	149,3837917
18142,7666	0,531554222	2,961973145	1,01159176060025	149,7155856
18152,7666	0,532120466	2,965381104	1,01148344860025	149,8878439
18162,7666	0,53113699	2,959836182	1,01165816460025	149,6075708
18172,7666	0,531971455	2,964528809	1,01157918760025	149,8447639
18182,7666	0,532418489	2,96840625	1,01159418260025	150,0407526
18192,7666	0,532180071	2,966186768	1,01153727860025	149,9285669
18202,7666	0,532269478	2,967343994	1,01176191360025	149,98706
18212,7666	0,531852245	2,963914063	1,01165835060025	149,813691
18222,7666	0,531971455	2,967189697	1,01169038760025	149,9792609
18232,7666	0,532448292	2,968106201	1,01147664960025	150,0255864
18242,7666	0,532090664	2,965102295	1,01166179660025	149,8737513
18252,7666	0,531762838	2,962871094	1,01148167860025	149,7609732
18262,7666	0,53152442	2,959644043	1,01154491560025	149,597859
18272,7666	0,531345606	2,957546875	1,01164279760025	149,4918558
18282,7666	0,532209873	2,964213623	1,01157983960025	149,8288325
18292,7666	0,531673431	2,961123535	1,01150579960025	149,6726413
18302,7666	0,53152442	2,957705811	1,01159790760025	149,4998893
18312,7666	0,531554222	2,958226807	1,01154025860025	149,5262235
18322,7666	0,53152442	2,958149414	1,01158952560025	149,5223117
18332,7666	0,530928373	2,952712646	1,01144321460025	149,2475054
18342,7666	0,530868769	2,951978027	1,01148614860025	149,2103734
18352,7666	0,531882048	2,961086426	1,01156549760025	149,6707656
18362,7666	0,532835722	2,970516846	1,01158663860025	150,1474346
18372,7666	0,532597303	2,968701172	1,01153094560025	150,0556597
18382,7666	0,532507896	2,968637207	1,01147860560025	150,0524266
18392,7666	0,532269478	2,966803467	1,01155990960025	149,9597385
18402,7666	0,532418489	2,967915039	1,01141276060025	150,0159239
18412,7666	0,532925129	2,969059082	1,01148847760025	150,0737506
18422,7666	0,532269478	2,964938721	1,01150207460025	149,8654833
18432,7666	0,531703234	2,960087646	1,01168526560025	149,6202814
18442,7666	0,531196594	2,954389893	1,01146295860025	149,3322833
18452,7666	0,53152442	2,957759033	1,01154715060025	149,5025795
18462,7666	0,531673431	2,958714111	1,01158375160025	149,5508548
18472,7666	0,532180071	2,963223633	1,01155786060025	149,7787926
18482,7666	0,531971455	2,963043213	1,01159036360025	149,7696731
18492,7666	0,531286001	2,957620117	1,01151911760025	149,4955579
18502,7666	0,532776117	2,968998291	1,01165462560025	150,0706779
18512,7666	0,531882048	2,962548828	1,01142896560025	149,744684
18522,7666	0,532537699	2,967471191	1,01151315760025	149,9934893
18532,7666	0,533670187	2,978621338	1,01165946760025	150,5570834
18542,7666	0,531941652	2,964721436	1,01159557960025	149,8545004
18552,7666	0,531435013	2,96035498	1,01159846660025	149,633794
18562,7666	0,531792641	2,961357178	1,01164940960025	149,684451
18572,7666	0,531554222	2,96131543	1,01164493960025	149,6823408
18582,7666	0,531941652	2,962307617	1,01148614860025	149,7324918
18592,7666	0,53113699	2,958157471	1,01158645260025	149,5227189
18602,7666	0,531703234	2,963085449	1,01153830260025	149,771808
18612,7666	0,532031059	2,966363525	1,01146724360025	149,9375013
18622,7666	0,531852245	2,963087891	1,01164233160025	149,7719314
18632,7666	0,532358885	2,967422607	1,01143073560025	149,9910335
18642,7666	0,531435013	2,959615723	1,01151054960025	149,5964276
18652,7666	0,531673431	2,960934082	1,01140633460025	149,6630652
18662,7666	0,532418489	2,969122803	1,01163022460025	150,0769714
18672,7666	0,532597303	2,970702881	1,01158095760025	150,1568379
18682,7666	0,532180071	2,968600586	1,01159893260025	150,0505755
18692,7666	0,532776117	2,969887451	1,01144675360025	150,1156213
18702,7666	0,532537699	2,968951904	1,01166384560025	150,0683332
18712,7666	0,531852245	2,965208252	1,01171003860025	149,879107
18722,7666	0,533014536	2,974458252	1,01162733760025	150,3466565
18732,7666	0,53268671	2,970209229	1,01155720860025	150,1318858
18742,7666	0,532120466	2,965243164	1,01160098060025	149,8808716
18752,7666	0,531971455	2,964144531	1,01159474160025	149,8253402
18762,7666	0,531464815	2,958047363	1,01143753360025	149,5171534
18772,7666	0,531971455	2,962295898	1,01149043260025	149,7318994
18782,7666	0,532269478	2,966791748	1,01153793060025	149,9591462
18792,7666	0,531941652	2,9650354	1,01158077160025	149,87037
18802,7666	0,532597303	2,97015918	1,01153671960025	150,129356
18812,7666	0,532031059	2,964834473	1,01155068960025	149,8602139
18822,7666	0,532418489	2,968872559	1,01144563660025	150,0643226
18832,7666	0,531971455	2,96281958	1,01148521760025	149,7583694
18842,7666	0,531762838	2,963927002	1,01150440260025	149,814345
18852,7666	0,532597303	2,969657227	1,01160414760025	150,1039844
18862,7666	0,532597303	2,970212158	1,01152247060025	150,1320339
18872,7666	0,532776117	2,970923096	1,01153290160025	150,1679688
18882,7666	0,532507896	2,970422607	1,01148065460025	150,1426712
18892,7666	0,532627106	2,971234619	1,01136554260025	150,1837151
18902,7666	0,53268671	2,969101807	1,01155087560025	150,0759102
18912,7666	0,531762838	2,962856445	1,01148521760025	149,7602328
18922,7666	0,532120466	2,964703613	1,01156996760025	149,8535995
18932,7666	0,531971455	2,963880859	1,01131916260025	149,8120127
18942,7666	0,532269478	2,964952881	1,01139208560025	149,866199
18952,7666	0,531435013	2,958095215	1,01157043360025	149,5195721
18962,7666	0,531703234	2,96205835	1,01149322660025	149,7198923
18972,7666	0,531971455	2,96386792	1,01161755860025	149,8113587
18982,7666	0,532031059	2,964422852	1,01156652160025	149,8394082
18992,7666	0,531375408	2,958002686	1,01155776760025	149,5148951
19002,7666	0,531673431	2,960229492	1,01159678960025	149,6274511
19012,7666	0,532031059	2,962992676	1,01157630060025	149,7671187
19022,7666	0,531554222	2,958200195	1,01159865260025	149,5248785
19032,7666	0,531047583	2,952864746	1,01157406560025	149,2551934
19042,7666	0,530719757	2,952140137	1,01134468060025	149,2185674
19052,7666	0,531435013	2,956280518	1,01155609160025	149,4278466
19062,7666	0,532090664	2,962376953	1,01173332160025	149,7359964
19072,7666	0,531882048	2,962788574	1,01157499760025	149,7568022
19082,7666	0,532120466	2,964211426	1,01145904760025	149,8287215
19092,7666	0,53229928	2,966251465	1,01155227260025	149,9318371
19102,7666	0,53229928	2,966952148	1,01163739560025	149,9672538
19112,7666	0,532448292	2,969006348	1,01167651160025	150,0710851
19122,7666	0,532507896	2,969104736	1,01147935060025	150,0760582
19132,7666	0,531792641	2,963085449	1,01157546260025	149,771808
19142,7666	0,532209873	2,966536621	1,01145541560025	149,9462506
19152,7666	0,532090664	2,964719482	1,01164782660025	149,8544017
19162,7666	0,532031059	2,965760254	1,01138686960025	149,9070084
19172,7666	0,532537699	2,969473877	1,01151129460025	150,0947168
19182,7666	0,531882048	2,964979492	1,01157564860025	149,8675441
19192,7666	0,53152442	2,958844238	1,01161541660025	149,5574322
19202,7666	0,532031059	2,962012207	1,01155702260025	149,71756
19212,7666	0,531375408	2,958942871	1,01157071260025	149,5624177
19222,7666	0,53152442	2,959965088	1,01160070160025	149,6140865
19232,7666	0,532597303	2,969025879	1,01146379760025	150,0720723
19242,7666	0,531673431	2,961585449	1,01153532260025	149,6959891
19252,7666	0,533163548	2,975196045	1,01173388060025	150,3839489
19262,7666	0,532180071	2,963838867	1,01144759260025	149,8098902
19272,7666	0,531613827	2,9614729	1,01155795360025	149,6903003
19282,7666	0,531852245	2,962576172	1,01156074760025	149,7460661
19292,7666	0,531852245	2,961258789	1,01151557860025	149,6794778
19302,7666	0,532269478	2,966328125	1,01157136460025	149,9357119
19312,7666	0,532269478	2,967285156	1,01145336660025	149,9840859
19322,7666	0,531673431	2,961892578	1,01151120160025	149,7115132
19332,7666	0,531554222	2,959400391	1,01150570660025	149,5855434
19342,7666	0,531613827	2,956642578	1,01149583460025	149,4461473
19352,7666	0,531464815	2,955878662	1,01151120160025	149,4075345
19362,7666	0,532448292	2,965875977	1,01155199360025	149,9128577
19372,7666	0,53229928	2,963556152	1,01153252860025	149,7956001
19382,7666	0,53268671	2,968594971	1,01159474160025	150,0502917
19392,7666	0,531703234	2,961673828	1,01155087560025	149,7004563
19402,7666	0,532031059	2,96405249	1,01143948960025	149,8206879
19412,7666	0,532031059	2,960098389	1,01174542960025	149,6208243
19422,7666	0,530868769	2,952076904	1,01150524060025	149,2153712
19432,7666	0,530779362	2,951318115	1,01162566060025	149,1770176
19442,7666	0,530809164	2,951836914	1,01146007160025	149,2032407
19452,7666	0,531941652	2,960486084	1,01151399560025	149,6404207
19462,7666	0,532031059	2,961432129	1,01164307660025	149,6882394
19472,7666	0,532090664	2,964280518	1,01148642860025	149,8322138
19482,7666	0,531882048	2,962454102	1,01147823260025	149,739896
19492,7666	0,531882048	2,962705811	1,01151949060025	149,7526188
19502,7666	0,532448292	2,96809668	1,01162677860025	150,0251051
19512,7666	0,532180071	2,964627441	1,01149806960025	149,8497494
19522,7666	0,531971455	2,964360596	1,01165099260025	149,8362614
19532,7666	0,532031059	2,965224854	1,01165881660025	149,8799461
19542,7666	0,532031059	2,962145508	1,01154277360025	149,7242978
19552,7666	0,532507896	2,966089111	1,01148624160025	149,9236308
19562,7666	0,532031059	2,962923828	1,01150058460025	149,7636387
19572,7666	0,53152442	2,956655029	1,01158170260025	149,4467767
19582,7666	0,531673431	2,95877832	1,01158440360025	149,5541003
19592,7666	0,53152442	2,958740479	1,01155571860025	149,5521876
19602,7666	0,530272722	2,94772876	1,01140307460025	148,9955904
19612,7666	0,531375408	2,95599585	1,01162435760025	149,4134578
19622,7666	0,530868769	2,952278809	1,01156736060025	149,2255767
19632,7666	0,530779362	2,950904053	1,01149341360025	149,1560884
19642,7666	0,530958176	2,950910645	1,01148642860025	149,1564216
19652,7666	0,531673431	2,958610596	1,01145569460025	149,5456225
19662,7666	0,531345606	2,958630127	1,01156652160025	149,5466097
19672,7666	0,532031059	2,96237085	1,01156847760025	149,7356879
19682,7666	0,531375408	2,958651611	1,01147087560025	149,5476957
19692,7666	0,530958176	2,952662354	1,01154128360025	149,2449633
19702,7666	0,53101778	2,953675049	1,01156819860025	149,2961509
19712,7666	0,530958176	2,952926025	1,01165676760025	149,2582908
19722,7666	0,531226397	2,955205322	1,01147217960025	149,3734999
19732,7666	0,532269478	2,966073975	1,01156950260025	149,9228657
19742,7666	0,53101778	2,955895752	1,01156475260025	149,4083983
19752,7666	0,530928373	2,951153076	1,01156950260025	149,1686755
19762,7666	0,530689955	2,949041748	1,01144358760025	149,0619565
19772,7666	0,531613827	2,957600586	1,01160712760025	149,4945707
19782,7666	0,531435013	2,958039063	1,01148745260025	149,5167339
19792,7666	0,531226397	2,957114258	1,01150701060025	149,4699888
19802,7666	0,531554222	2,958987305	1,01152386760025	149,5646636
19812,7666	0,531345606	2,958322021	1,01157453160025	149,5310363
19822,7666	0,53113699	2,957168701	1,01150002560025	149,4727407
19832,7666	0,531673431	2,958906494	1,01152628860025	149,560579
19842,7666	0,531375408	2,959286865	1,01147720860025	149,5798052
19852,7666	0,531703234	2,960595215	1,01149499660025	149,6459369
19862,7666	0,53152442	2,959224609	1,01163357760025	149,5766584
19872,7666	0,532537699	2,968693848	1,01148428660025	150,0552895
19882,7666	0,532090664	2,96575415	1,01159800060025	149,9066999
19892,7666	0,532418489	2,97053418	1,01150626560025	150,1483107
19902,7666	0,532418489	2,970804932	1,01143818560025	150,1619961
19912,7666	0,531345606	2,962119873	1,01151827960025	149,7230021
19922,7666	0,530779362	2,95585498	1,01148093360025	149,4063375
19932,7666	0,53101778	2,957057617	1,01135092060025	149,4671258
19942,7666	0,530809164	2,955056152	1,01146910560025	149,36596
19952,7666	0,53113699	2,957579346	1,01151045660025	149,4934971
19962,7666	0,531464815	2,961246094	1,01152889660025	149,6788361
19972,7666	0,530779362	2,954494873	1,01150766260025	149,3375896
19982,7666	0,530123711	2,946956055	1,01140251660025	148,9565333
19992,7666	0,530868769	2,953029297	1,01152321560025	149,2635108
20002,7666	0,530689955	2,952141113	1,01161467160025	149,2186167
20012,7666	0,530451536	2,948333008	1,01150505460025	149,0261326
20022,7666	0,531107187	2,955031982	1,01162808260025	149,3647383
20032,7666	0,531107187	2,95785376	1,01157695260025	149,5073676
20042,7666	0,530928373	2,956328369	1,01163469460025	149,4302653
20052,7666	0,530719757	2,953174561	1,01144060760025	149,2708532
20062,7666	0,530600548	2,95298291	1,01151949060025	149,2611661
20072,7666	0,531047583	2,9550979	1,01145280760025	149,3680702
20082,7666	0,531464815	2,960969238	1,01164754760025	149,6648422
20092,7666	0,531435013	2,960523193	1,01156009560025	149,6422965
20102,7666	0,531226397	2,957320068	1,01155953760025	149,4803916
20112,7666	0,530868769	2,953669434	1,01156978160025	149,295867
20122,7666	0,529974699	2,945439941	1,01145401860025	148,8799
20132,7666	0,53101778	2,956069824	1,01151902460025	149,4171969
20142,7666	0,531673431	2,959393311	1,01135613660025	149,5851855
20152,7666	0,531554222	2,961101318	1,01151520660025	149,6715183
20162,7666	0,531345606	2,95865332	1,01153867560025	149,5477821
20172,7666	0,531196594	2,957818604	1,01153280860025	149,5055906
20182,7666	0,530779362	2,953614502	1,01148139960025	149,2930905
20192,7666	0,530600548	2,949093994	1,01162985160025	149,0645974
20202,7666	0,53113699	2,954721191	1,01145643960025	149,3490291
20212,7666	0,530719757	2,951904053	1,01152312260025	149,2066343
20222,7666	0,531762838	2,961551025	1,01147478660025	149,6942492
20232,7666	0,531941652	2,961471924	1,01142272560025	149,6902509
20242,7666	0,531613827	2,959794922	1,01151911760025	149,6054853
20252,7666	0,532418489	2,968895508	1,01154454260025	150,0654826
20262,7666	0,531286001	2,959068604	1,01149648660025	149,5687729
20272,7666	0,531792641	2,962395996	1,01158337860025	149,736959
20282,7666	0,530451536	2,949726318	1,01151753460025	149,0965588
20292,7666	0,530958176	2,954459473	1,01165350760025	149,3358003
20302,7666	0,531286001	2,955340332	1,01151800060025	149,3803241
20312,7666	0,530302525	2,948109131	1,01156093460025	149,0148166
20322,7666	0,531464815	2,957185791	1,01139394760025	149,4736045
20332,7666	0,530779362	2,953958984	1,01168042260025	149,3105026
20342,7666	0,531047583	2,953412598	1,01152787260025	149,282885
20352,7666	0,530868769	2,95124292	1,01154454260025	149,1732167
20362,7666	0,531047583	2,954441162	1,01149667260025	149,3348748
20372,7666	0,530868769	2,951786621	1,01155478760025	149,2006986
20382,7666	0,531196594	2,953271484	1,01152992160025	149,2757523
20392,7666	0,531554222	2,957586426	1,01162696460025	149,4938549
20402,7666	0,530719757	2,951212646	1,01142412260025	149,1716865
20412,7666	0,530213118	2,94629834	1,01162072460025	148,9232885
20422,7666	0,530362129	2,94576416	1,01142561260025	148,8962879
20432,7666	0,530451536	2,94580835	1,01148437960025	148,8985215
20442,7666	0,530868769	2,951027344	1,01149164360025	149,1623202
20452,7666	0,530362129	2,945552734	1,01154100360025	148,8856012
20462,7666	0,530391932	2,944060059	1,01151865260025	148,8101526
20472,7666	0,530451536	2,945073242	1,01156251760025	148,8613648
20482,7666	0,530362129	2,945630371	1,01156754660025	148,8895254
20492,7666	0,531107187	2,949412842	1,01141816260025	149,0807138
20502,7666	0,53152442	2,956734131	1,01153010760025	149,4507749
20512,7666	0,531673431	2,957237305	1,01152247060025	149,4762083
20522,7666	0,531762838	2,957328125	1,01154202860025	149,4807989
20532,7666	0,53152442	2,956973389	1,01151297060025	149,4628684
20542,7666	0,532031059	2,962645996	1,01151092260025	149,7495954
20552,7666	0,531673431	2,960105469	1,01150384360025	149,6211822
20562,7666	0,53152442	2,960106934	1,01163860660025	149,6212562
20572,7666	0,530779362	2,952039551	1,01171590660025	149,2134832
20582,7666	0,531375408	2,957090088	1,01146985060025	149,4687671
20592,7666	0,531226397	2,955556885	1,01149294760025	149,39127
20602,7666	0,531375408	2,956672119	1,01149890760025	149,4476405
20612,7666	0,531792641	2,959649658	1,01169420660025	149,5981429
20622,7666	0,531852245	2,960835938	1,01147301760025	149,6581044
20632,7666	0,531435013	2,958812988	1,01149788360025	149,5558526
20642,7666	0,531226397	2,956454102	1,01148400660025	149,4366206
20652,7666	0,530362129	2,94981665	1,01147562460025	149,1011247
20662,7666	0,530302525	2,947482178	1,01152349460025	148,9831267
20672,7666	0,530034304	2,944966064	1,01150263360025	148,8559475
20682,7666	0,531554222	2,958644775	1,01153746460025	149,5473502
20692,7666	0,531375408	2,959503662	1,01154295960025	149,5907633
20702,7666	0,531226397	2,956305176	1,01150030460025	149,429093
20712,7666	0,530928373	2,952561035	1,01164279760025	149,2398421
20722,7666	0,531375408	2,954537109	1,01153495060025	149,3397245
20732,7666	0,531375408	2,957432861	1,01152889660025	149,4860929
20742,7666	0,53152442	2,955914551	1,01153597460025	149,4093485
20752,7666	0,531047583	2,954518555	1,01159995660025	149,3387866
20762,7666	0,530600548	2,949398438	1,01163422960025	149,0799857
20772,7666	0,531226397	2,955049072	1,01161616160025	149,3656021
20782,7666	0,531464815	2,957047852	1,01154761660025	149,4666322
20792,7666	0,531703234	2,96219751	1,01160954960025	149,7269263
20802,7666	0,53101778	2,955630615	1,01153532260025	149,3949967
20812,7666	0,531673431	2,95904541	1,01154007260025	149,5676006
20822,7666	0,531613827	2,958140381	1,01141732460025	149,5218551
20832,7666	0,531047583	2,95391748	1,01153569560025	149,3084048
20842,7666	0,530928373	2,952119385	1,01154286660025	149,2175184
20852,7666	0,531286001	2,955177979	1,01153783760025	149,3721178
20862,7666	0,531435013	2,956334961	1,01152470560025	149,4305985
20872,7666	0,531435013	2,960141846	1,01152526460025	149,6230209
20882,7666	0,531375408	2,9576604	1,01148866360025	149,497594
20892,7666	0,530809164	2,952865479	1,01157387960025	149,2552304
20902,7666	0,531464815	2,958488281	1,01155152760025	149,53944
20912,7666	0,530779362	2,951167969	1,01166719760025	149,1694283
20922,7666	0,530928373	2,95035376	1,01152675460025	149,1282733
20932,7666	0,530451536	2,948576416	1,01163422960025	149,0384359
20942,7666	0,530779362	2,948880859	1,01144535660025	149,0538243
20952,7666	0,53113699	2,951917969	1,01158440360025	149,2073377
20962,7666	0,53101778	2,95305249	1,01158952560025	149,2646831
20972,7666	0,531286001	2,955010254	1,01156121360025	149,36364
20982,7666	0,530451536	2,948643311	1,01147460060025	149,0418172
20992,7666	0,53063035	2,948800049	1,01150086360025	149,0497396
21002,7666	0,530302525	2,945709961	1,01156428660025	148,8935484
21012,7666	0,531107187	2,94992749	1,01151557860025	149,1067272
21022,7666	0,530958176	2,94962085	1,01169392660025	149,0912277
21032,7666	0,530809164	2,948939941	1,01151827960025	149,0568106
21042,7666	0,531464815	2,956337158	1,01154426360025	149,4307096
21052,7666	0,53152442	2,955857178	1,01150831460025	149,4064485
21062,7666	0,531703234	2,959426758	1,01151790660025	149,5868762
21072,7666	0,531673431	2,959060059	1,01166961960025	149,568341
21082,7666	0,531226397	2,95335376	1,01160079460025	149,279911
21092,7666	0,531792641	2,958698486	1,01151362260025	149,550065
21102,7666	0,531464815	2,957427979	1,01138314460025	149,4858461
21112,7666	0,530779362	2,951191895	1,01150458960025	149,1706376
21122,7666	0,530689955	2,945984863	1,01146687060025	148,9074436
21132,7666	0,530809164	2,948701904	1,01148698760025	149,0447788
21142,7666	0,530868769	2,950593506	1,01143650960025	149,1403915
21152,7666	0,530779362	2,948638184	1,01166663960025	149,041558
21162,7666	0,530809164	2,949306885	1,01163143560025	149,0753581
21172,7666	0,530600548	2,946733643	1,01149639360025	148,9452913
21182,7666	0,530928373	2,947852783	1,01146882660025	149,0018592
21192,7666	0,530600548	2,945530518	1,01152498560025	148,8844782
21202,7666	0,531345606	2,952947021	1,01161029460025	149,2593521
21212,7666	0,530779362	2,948335693	1,01136200360025	149,0262684
21222,7666	0,530034304	2,944563477	1,01159241260025	148,8355983
21232,7666	0,530600548	2,946746094	1,01149238860025	148,9459206
21242,7666	0,53101778	2,952384766	1,01140549660025	149,2309324
21252,7666	0,53152442	2,955788086	1,01156531160025	149,4029562
21262,7666	0,531375408	2,956775391	1,01159874560025	149,4528604
21272,7666	0,530779362	2,951901855	1,01150505460025	149,2065232
21282,7666	0,530600548	2,949074707	1,01154407760025	149,0636225
21292,7666	0,53101778	2,950333984	1,01150663760025	149,1272738
21302,7666	0,531673431	2,959231445	1,01159958360025	149,5770039
21312,7666	0,530958176	2,951772217	1,01144572960025	149,1999705
21322,7666	0,530809164	2,949422852	1,01157108560025	149,0812198
21332,7666	0,531882048	2,959704346	1,01153839660025	149,6009071
21342,7666	0,531673431	2,959144043	1,01147022360025	149,5725861
21352,7666	0,531375408	2,959189453	1,01168209960025	149,5748814
21362,7666	0,531941652	2,961507324	1,01147897760025	149,6920402
21372,7666	0,531852245	2,963012939	1,01150905960025	149,7681429
21382,7666	0,531941652	2,962472656	1,01149285460025	149,7408338
21392,7666	0,531613827	2,963258545	1,01155674360025	149,7805573
21402,7666	0,531852245	2,962128174	1,01153085260025	149,7234216
21412,7666	0,531464815	2,958466553	1,01145960660025	149,5383417
21422,7666	0,53268671	2,969046631	1,01151921060025	150,0731213
21432,7666	0,531971455	2,962246826	1,01148093360025	149,729419
21442,7666	0,532031059	2,96290332	1,01154947860025	149,7626021
21452,7666	0,531464815	2,959119629	1,01134421560025	149,571352
21462,7666	0,531882048	2,961249023	1,01141760360025	149,6789842
21472,7666	0,531762838	2,962050537	1,01158030560025	149,7194974
21482,7666	0,531435013	2,957921387	1,01144675360025	149,5107858
21492,7666	0,531971455	2,96509668	1,01154305260025	149,8734674
21502,7666	0,532090664	2,965434814	1,01158971160025	149,8905588
21512,7666	0,531852245	2,963856445	1,01154649860025	149,8107787
21522,7666	0,532120466	2,96344873	1,01153094560025	149,7901704
21532,7666	0,532031059	2,963688721	1,01147692860025	149,8023009
21542,7666	0,53152442	2,961119873	1,01158747660025	149,6724562
21552,7666	0,531345606	2,956859619	1,01136358660025	149,4571178
21562,7666	0,531375408	2,956418701	1,01145904760025	149,4348312
21572,7666	0,531464815	2,956869873	1,01151511260025	149,4576361
21582,7666	0,531196594	2,955107422	1,01161690660025	149,3685514
21592,7666	0,530958176	2,950967285	1,01144153860025	149,1592845
21602,7666	0,530958176	2,951559814	1,01148940860025	149,1892345
21612,7666	0,530928373	2,951885986	1,01146836060025	149,2057211
21622,7666	0,531435013	2,957108398	1,01155208660025	149,4696926
21632,7666	0,53152442	2,957868164	1,01152368160025	149,5080956
21642,7666	0,531286001	2,953358398	1,01148335460025	149,2801455
21652,7666	0,531703234	2,958195557	1,01135753360025	149,524644
21662,7666	0,531345606	2,95689502	1,01156987460025	149,4589072
21672,7666	0,531882048	2,960181885	1,01155730160025	149,6250447
21682,7666	0,531673431	2,957797363	1,01158682460025	149,5045169
21692,7666	0,531792641	2,960542236	1,01158049160025	149,643259
21702,7666	0,531047583	2,954290283	1,01150822160025	149,3272484
21712,7666	0,531345606	2,957606445	1,01148847760025	149,4948668
21722,7666	0,531613827	2,959497803	1,01143278460025	149,5904672
21732,7666	0,531107187	2,9536521	1,01157229660025	149,2949909
21742,7666	0,531196594	2,951919189	1,01153094560025	149,2073994
21752,7666	0,531107187	2,952923584	1,01153429860025	149,2581674
21762,7666	0,531435013	2,955776855	1,01152805860025	149,4023886
21772,7666	0,53152442	2,956289551	1,01150868660025	149,4283032
21782,7666	0,531971455	2,959520264	1,01145131760025	149,5916025
21792,7666	0,531673431	2,956824219	1,01144824460025	149,4553285
21802,7666	0,53113699	2,953614746	1,01157173760025	149,2931028
21812,7666	0,531792641	2,958275879	1,01161811760025	149,5287039
21822,7666	0,532090664	2,961547852	1,01146510060025	149,6940887
21832,7666	0,531941652	2,961254395	1,01153169060025	149,6792557
21842,7666	0,531047583	2,955462158	1,01161392660025	149,3864819
21852,7666	0,531673431	2,957226807	1,01154519460025	149,4756777
21862,7666	0,53152442	2,957664795	1,01148717360025	149,4978162
21872,7666	0,531345606	2,956580322	1,01158710460025	149,4430005
21882,7666	0,531762838	2,959614258	1,01160507860025	149,5963535
21892,7666	0,53152442	2,95794458	1,01143753360025	149,5119582
21902,7666	0,530928373	2,952510742	1,01142896560025	149,2372999
21912,7666	0,530809164	2,952003418	1,01156251760025	149,2116568
21922,7666	0,531673431	2,958853271	1,01159399660025	149,5578888
21932,7666	0,53113699	2,95602417	1,01151706860025	149,4148893
21942,7666	0,531375408	2,957889404	1,01153047960025	149,5091692
21952,7666	0,530928373	2,955173096	1,01140186460025	149,371871
21962,7666	0,53113699	2,957108643	1,01163497460025	149,4697049
21972,7666	0,53152442	2,957513428	1,01127213060025	149,4901652
21982,7666	0,531554222	2,959677246	1,01156354160025	149,5995373
21992,7666	0,53229928	2,967411621	1,01154053860025	149,9904782
22002,7666	0,531196594	2,959110596	1,01151921060025	149,5708955
22012,7666	0,531226397	2,957427979	1,01169010860025	149,4858461
22022,7666	0,531554222	2,960980713	1,01156531160025	149,6654222
22032,7666	0,531375408	2,957626953	1,01159911860025	149,4959034
22042,7666	0,531196594	2,955397217	1,01142561260025	149,3831994
22052,7666	0,531435013	2,958885986	1,01152340160025	149,5595424
22062,7666	0,53101778	2,953998291	1,01157406560025	149,3124894
22072,7666	0,530362129	2,948691162	1,01144070060025	149,0442359
22082,7666	0,530600548	2,950472656	1,01152917560025	149,1342831
22092,7666	0,53063035	2,950724365	1,01143688160025	149,1470059
22102,7666	0,53101778	2,953157959	1,01148801160025	149,2700141
22112,7666	0,531613827	2,961506836	1,01162808260025	149,6920156
22122,7666	0,53113699	2,957956055	1,01147338960025	149,5125381
22132,7666	0,531464815	2,961999756	1,01144694060025	149,7169306
22142,7666	0,531226397	2,959546387	1,01136824360025	149,5929229
22152,7666	0,530928373	2,954042969	1,01142542660025	149,3147477
22162,7666	0,53113699	2,955925049	1,01146975760025	149,4098791
22172,7666	0,53152442	2,958241943	1,01144489160025	149,5269886
22182,7666	0,531345606	2,959176025	1,01155571860025	149,5742027
22192,7666	0,531286001	2,958291748	1,01152181860025	149,5295061
22202,7666	0,531792641	2,961163574	1,01147087560025	149,6746651
22212,7666	0,531882048	2,962522949	1,01161336760025	149,7433759
22222,7666	0,531107187	2,956052002	1,01147851260025	149,4162961
22232,7666	0,530302525	2,948992188	1,01156326260025	149,0594515
22242,7666	0,530868769	2,952045166	1,01157713960025	149,213767
22252,7666	0,531196594	2,954328125	1,01135455260025	149,3291612
22262,7666	0,531673431	2,959665039	1,01156689460025	149,5989203
22272,7666	0,531107187	2,956295654	1,01141853460025	149,4286117
22282,7666	0,531941652	2,962035889	1,01158663860025	149,718757
22292,7666	0,53063035	2,94984082	1,01133704460025	149,1023464
22302,7666	0,530540943	2,951002441	1,01147506660025	149,1610615
22312,7666	0,53063035	2,951275879	1,01161821060025	149,1748827
22322,7666	0,530868769	2,951847168	1,01162761660025	149,203759
22332,7666	0,530779362	2,950415771	1,01155087560025	149,1314078
22342,7666	0,531226397	2,952054443	1,01149872160025	149,2142359
22352,7666	0,531613827	2,957528076	1,01154361160025	149,4909056
22362,7666	0,531345606	2,956790283	1,01162677860025	149,4536132
22372,7666	0,531286001	2,957169434	1,01145336660025	149,4727777
22382,7666	0,531435013	2,958795898	1,01144386660025	149,5549888
22392,7666	0,531375408	2,95851709	1,01156885060025	149,5408962
22402,7666	0,530958176	2,954997803	1,01152889660025	149,3630107
22412,7666	0,530928373	2,954117432	1,01135920960025	149,3185115
22422,7666	0,531107187	2,95601416	1,01149238860025	149,4143833
22432,7666	0,53152442	2,95931665	1,01153932760025	149,5813107
22442,7666	0,531047583	2,956078857	1,01151539260025	149,4176535
22452,7666	0,531554222	2,958775146	1,01147767360025	149,5539399
22462,7666	0,531673431	2,959466064	1,01154668460025	149,5888629
22472,7666	0,531375408	2,956036377	1,01145047960025	149,4155063
22482,7666	0,531286001	2,957131348	1,01149033960025	149,4708526
22492,7666	0,531375408	2,955668945	1,01163795460025	149,3969342
22502,7666	0,530272722	2,945395264	1,01155786060025	148,8776417
22512,7666	0,531435013	2,956107666	1,01161159860025	149,4191097
22522,7666	0,530928373	2,951304199	1,01150486860025	149,1763142
22532,7666	0,53113699	2,953464111	1,01159734860025	149,2854888
22542,7666	0,530689955	2,9489375	1,01139925660025	149,0566872
22552,7666	0,530928373	2,952056152	1,01151557860025	149,2143223
22562,7666	0,530958176	2,950472412	1,01160694160025	149,1342707
22572,7666	0,531345606	2,954667725	1,01163944460025	149,3463266
22582,7666	0,531435013	2,955925049	1,01157611460025	149,4098791
22592,7666	0,530481339	2,951924561	1,01155171360025	149,2076709
22602,7666	0,530451536	2,949921387	1,01161644060025	149,1064187
22612,7666	0,531703234	2,959746826	1,01137168960025	149,6030543
22622,7666	0,531554222	2,95996875	1,01153793060025	149,6142716
22632,7666	0,53113699	2,956923828	1,01166850160025	149,4603633
22642,7666	0,531047583	2,957400635	1,01144498460025	149,4844639
22652,7666	0,530958176	2,951952637	1,01159837360025	149,20909
22662,7666	0,530600548	2,948446289	1,01154146960025	149,0318585
22672,7666	0,530809164	2,950994141	1,01157155160025	149,160642
22682,7666	0,530719757	2,94990332	1,01147506660025	149,1055055
22692,7666	0,531673431	2,958808105	1,01140586860025	149,5556058
22702,7666	0,531345606	2,956303955	1,01154798860025	149,4290313
22712,7666	0,53152442	2,958557129	1,01154007260025	149,54292
22722,7666	0,532090664	2,96487207	1,01157276160025	149,8621144
22732,7666	0,532120466	2,96551709	1,01143678860025	149,8947174
22742,7666	0,53152442	2,959875732	1,01149192360025	149,60957
22752,7666	0,531762838	2,961387939	1,01158403060025	149,6860058
22762,7666	0,531345606	2,958104492	1,01150943160025	149,5200411
22772,7666	0,53113699	2,955100586	1,01146314560025	149,3682059
22782,7666	0,53113699	2,955178711	1,01152945560025	149,3721548
22792,7666	0,530481339	2,949708008	1,01165639460025	149,0956332
22802,7666	0,530302525	2,94773584	1,01142840660025	148,9959482
22812,7666	0,530958176	2,952518799	1,01148922260025	149,2377072
22822,7666	0,530451536	2,947883545	1,01151883860025	149,0034141
22832,7666	0,530719757	2,950230225	1,01161131860025	149,1220291
22842,7666	0,530302525	2,945970459	1,01156307660025	148,9067155
22852,7666	0,530779362	2,950079346	1,01146472860025	149,1144028
22862,7666	0,531107187	2,952500977	1,01153727860025	149,2368063
22872,7666	0,531464815	2,956490967	1,01135613660025	149,438484
22882,7666	0,531226397	2,954538818	1,01146593960025	149,3398109
22892,7666	0,531554222	2,957334473	1,01152079460025	149,4811197
22902,7666	0,530391932	2,948280518	1,01150905960025	149,0234795
22912,7666	0,531435013	2,956530029	1,01153373960025	149,4404584
22922,7666	0,53063035	2,950641602	1,01149099160025	149,1428226
22932,7666	0,531464815	2,95811499	1,01146817460025	149,5205717
22942,7666	0,53113699	2,954262451	1,01158477560025	149,3258416
22952,7666	0,530481339	2,950380371	1,01150188860025	149,1296184
22962,7666	0,531345606	2,956167236	1,01141751060025	149,4221207
22972,7666	0,531554222	2,957409668	1,01162575460025	149,4849205
22982,7666	0,531554222	2,958799072	1,01154612660025	149,5551492
22992,7666	0,531673431	2,959915771	1,01163236660025	149,6115938
23002,7666	0,530779362	2,952484375	1,01154612660025	149,2359672
23012,7666	0,530958176	2,952664063	1,01152694060025	149,2450497
23022,7666	0,530958176	2,953286133	1,01151054960025	149,2764928
23032,7666	0,531435013	2,959019287	1,01154286660025	149,5662802
23042,7666	0,531882048	2,962977295	1,01159474160025	149,7663412
23052,7666	0,530928373	2,955906494	1,01156708060025	149,4089413
23062,7666	0,530272722	2,949878906	1,01159455460025	149,1042714
23072,7666	0,53063035	2,951673584	1,01149453060025	149,194985
23082,7666	0,529974699	2,94633667	1,01155292460025	148,9252259
23092,7666	0,530689955	2,952925781	1,01157369360025	149,2582785
23102,7666	0,531792641	2,961088623	1,01160964260025	149,6708766
23112,7666	0,530779362	2,953044922	1,01156689460025	149,2643005
23122,7666	0,53152442	2,957218506	1,01158095760025	149,4752581
23132,7666	0,531345606	2,957481445	1,01157238960025	149,4885486
23142,7666	0,53101778	2,954917725	1,01160135360025	149,358963
23152,7666	0,530362129	2,949487793	1,01154631260025	149,0845023
23162,7666	0,530719757	2,951009033	1,01142961760025	149,1613947
23172,7666	0,530779362	2,95118042	1,01153513660025	149,1700576
23182,7666	0,530600548	2,949879395	1,01156838460025	149,1042961
23192,7666	0,531196594	2,956313965	1,01148111960025	149,4295372
23202,7666	0,531196594	2,956461182	1,01150021160025	149,4369784
23212,7666	0,532031059	2,966078857	1,01159678960025	149,9231125
23222,7666	0,531345606	2,958446777	1,01166822260025	149,5373422
23232,7666	0,530689955	2,954375977	1,01155990960025	149,3315799
23242,7666	0,531107187	2,956660889	1,01154975860025	149,4470728
23252,7666	0,53113699	2,95634375	1,01161122560025	149,4310428
23262,7666	0,531047583	2,955920898	1,01154910660025	149,4096694
23272,7666	0,531226397	2,958352051	1,01166021360025	149,5325541
23282,7666	0,53113699	2,956748779	1,01146826760025	149,4515153
23292,7666	0,530391932	2,950114258	1,01153690560025	149,1161675
23302,7666	0,530272722	2,948406494	1,01160181960025	149,0298471
23312,7666	0,530183315	2,946702637	1,01148950160025	148,9437241
23322,7666	0,529944897	2,9435896	1,01143576460025	148,7863728
23332,7666	0,530123711	2,945852783	1,01156288960025	148,9007674
23342,7666	0,530481339	2,947105469	1,01146416960025	148,9640856
23352,7666	0,530689955	2,95050293	1,01158086460025	149,1358133
23362,7666	0,530958176	2,95290918	1,01147897760025	149,2574393
23372,7666	0,531107187	2,953013428	1,01144340160025	149,2627086
23382,7666	0,530958176	2,952907959	1,01153373960025	149,2573776
23392,7666	0,531196594	2,953207031	1,01151576460025	149,2724945
23402,7666	0,531286001	2,954900879	1,01168666260025	149,3581116
23412,7666	0,530213118	2,947475586	1,01151911760025	148,9827935
23422,7666	0,530272722	2,946307373	1,01150505460025	148,9237451
23432,7666	0,530362129	2,946972168	1,01146156160025	148,9573478
23442,7666	0,530064106	2,945714111	1,01164577760025	148,8937582
23452,7666	0,530451536	2,949222168	1,01156326260025	149,071076
23462,7666	0,530540943	2,950713867	1,01147674260025	149,1464753
23472,7666	0,530958176	2,952137939	1,01138547260025	149,2184563
23482,7666	0,53113699	2,954009033	1,01159949060025	149,3130324
23492,7666	0,531286001	2,957357422	1,01168386860025	149,4822797
23502,7666	0,530809164	2,952901855	1,01165862960025	149,2570691
23512,76465	0,530034304	2,943435547	1,01160815260025	148,7785861
23522,76465	0,530183315	2,942164307	1,01161709260025	148,7143301
23532,76465	0,530183315	2,942375244	1,01147078260025	148,7249921
23542,76465	0,53063035	2,946706543	1,01141052560025	148,9439215
23552,76465	0,531286001	2,953543457	1,01148298260025	149,2894994
23562,76465	0,53101778	2,952104736	1,01155115560025	149,216778
23572,76465	0,53101778	2,953744629	1,01150561360025	149,2996679
23582,76465	0,53113699	2,951631348	1,01145634660025	149,1928502
23592,76465	0,531673431	2,957236572	1,01153616060025	149,4761713
23602,76465	0,531554222	2,958352783	1,01158756960025	149,5325911
23612,76465	0,531762838	2,959001709	1,01160917660025	149,5653917
23622,76465	0,530779362	2,950778564	1,01161178460025	149,1497455
23632,76465	0,531613827	2,956294922	1,01162659260025	149,4285747
23642,76465	0,531196594	2,95460498	1,01152507860025	149,3431551
23652,76465	0,531941652	2,961428223	1,01149182960025	149,688042
23662,76465	0,531762838	2,959766357	1,01139804560025	149,6040415
23672,76465	0,531673431	2,958091553	1,01147916360025	149,519387
23682,76465	0,532120466	2,963094482	1,01152368160025	149,7722646
23692,76465	0,53229928	2,964460693	1,01155413560025	149,8413209
23702,76465	0,531941652	2,960998047	1,01141993160025	149,6662984
23712,76465	0,532090664	2,962056152	1,01153271460025	149,7197813
23722,76465	0,531554222	2,958682373	1,01157667360025	149,5492506
23732,76465	0,530600548	2,949120117	1,01152228460025	149,0659178
23742,76465	0,530779362	2,950904297	1,01158133060025	149,1561007
23752,76465	0,531673431	2,95718042	1,01151669660025	149,473333
23762,76465	0,530928373	2,952580811	1,01162603360025	149,2408416
23772,76465	0,531286001	2,955885986	1,01138789460025	149,4079047
23782,76465	0,530719757	2,951813965	1,01153886160025	149,2020807
23792,76465	0,531196594	2,954362305	1,01148726660025	149,3308888
23802,76465	0,530213118	2,947993408	1,01151231960025	149,0089673
23812,76465	0,530391932	2,946224609	1,01158114360025	148,9195617
23822,76465	0,530779362	2,948547119	1,01162621960025	149,0369551
23832,76465	0,529944897	2,943174561	1,01163842060025	148,7653943
23842,76465	0,530064106	2,94269043	1,01161774460025	148,7409235
23852,76465	0,530451536	2,945737793	1,01152898960025	148,8949552
23862,76465	0,530362129	2,946263672	1,01147003660025	148,9215362
23872,76465	0,53113699	2,952241943	1,01167166860025	149,2237133
23882,76465	0,530809164	2,952359863	1,01158375160025	149,2296736
23892,76465	0,531345606	2,958263672	1,01162296060025	149,5280869
23902,76465	0,530958176	2,953151855	1,01153448460025	149,2697056
23912,76465	0,531107187	2,95463208	1,01151287760025	149,3445249
23922,76465	0,530302525	2,948027588	1,01152265660025	149,0106949
23932,76465	0,530958176	2,95285791	1,01152079460025	149,2548479
23942,76465	0,531554222	2,95669165	1,01144097960025	149,4486277
23952,76465	0,531345606	2,956946533	1,01149192360025	149,461511
23962,76465	0,531971455	2,965766602	1,01160070160025	149,9073292
23972,76465	0,531852245	2,963789063	1,01160135360025	149,8073728
23982,76465	0,532090664	2,964633301	1,01150524060025	149,8500455
23992,76465	0,530391932	2,947726318	1,01148326160025	148,995467
24002,76465	0,530958176	2,95320752	1,01149425160025	149,2725192
24012,76465	0,531345606	2,957894287	1,01146780160025	149,509416
24022,76465	0,531762838	2,962250488	1,01157909460025	149,7296041
24032,76465	0,531792641	2,963002441	1,01145457760025	149,7676123
24042,76465	0,531673431	2,960906982	1,01146556660025	149,6616954
24052,76465	0,531196594	2,957573486	1,01154491560025	149,4932009
24062,76465	0,532180071	2,965404785	1,01178519660025	149,8890409
24072,76465	0,531375408	2,960721924	1,01168219260025	149,6523415
24082,76465	0,53101778	2,956005127	1,01176172760025	149,4139268
24092,76465	0,531703234	2,96074707	1,01149453060025	149,6536125
24102,76465	0,531673431	2,962244385	1,01161355360025	149,7292956
24112,76465	0,532448292	2,96917749	1,01155925760025	150,0797357
24122,76465	0,531345606	2,958624512	1,01161094660025	149,5463259
24132,76465	0,531196594	2,957685059	1,01154361160025	149,4988404
24142,76465	0,531554222	2,95988623	1,01163739560025	149,6101006
24152,76465	0,531107187	2,9550354	1,01141536860025	149,3649111
24162,76465	0,530689955	2,952883301	1,01158226160025	149,2561313
24172,76465	0,531554222	2,959480713	1,01156009560025	149,5896034
24182,76465	0,53101778	2,955998779	1,01142458860025	149,4136059
24192,76465	0,531554222	2,957888428	1,01138482060025	149,5091199
24202,76465	0,530779362	2,952719238	1,01158347260025	149,2478386
24212,76465	0,530481339	2,949868896	1,01157015460025	149,1037655
24222,76465	0,530689955	2,951538818	1,01146798860025	149,1881732
24232,76465	0,531703234	2,960326172	1,01144563660025	149,6323378
24242,76465	0,531464815	2,958451904	1,01160768660025	149,5376013
24252,76465	0,530928373	2,95275	1,01144358760025	149,2493934
24262,76465	0,53063035	2,951528564	1,01135874360025	149,1876549
24272,76465	0,531613827	2,960568604	1,01140000160025	149,6445918
24282,76465	0,530719757	2,953051025	1,01146240060025	149,264609
24292,76465	0,530272722	2,948984863	1,01154826860025	149,0590812
24302,76465	0,531047583	2,955357178	1,01147702160025	149,3811756
24312,76465	0,531941652	2,964547852	1,01155087560025	149,8457264
24322,76465	0,53113699	2,956282959	1,01150524060025	149,42797
24332,76465	0,531226397	2,956214844	1,01152144560025	149,4245271
24342,76465	0,531464815	2,959652588	1,01143874460025	149,5982909
24352,76465	0,530719757	2,952151367	1,01150039860025	149,219135
24362,76465	0,530302525	2,94961084	1,01158710460025	149,0907218
24372,76465	0,531047583	2,954619873	1,01155292460025	149,3439079
24382,76465	0,530451536	2,950156982	1,01150440260025	149,1183271
24392,76465	0,531107187	2,954964111	1,01161625460025	149,3613077
24402,76465	0,530779362	2,951069336	1,01146500760025	149,1644428
24412,76465	0,530928373	2,952477539	1,01153811660025	149,2356217
24422,76465	0,531435013	2,954738281	1,01151511260025	149,3498929
24432,76465	0,53101778	2,955126709	1,01142496060025	149,3695263
24442,76465	0,531286001	2,954072998	1,01152666160025	149,3162656
24452,76465	0,530600548	2,94907666	1,01156801260025	149,0637212
24462,76465	0,530779362	2,950863037	1,01139348260025	149,1540152
24472,76465	0,530868769	2,951685547	1,01157108560025	149,1955897
24482,76465	0,530928373	2,953381348	1,01150086360025	149,2813055
24492,76465	0,530034304	2,943549316	1,01147273760025	148,7843367
24502,76465	0,530451536	2,945546143	1,01149443760025	148,885268
24512,76465	0,53063035	2,948540039	1,01148000260025	149,0365972
24522,76465	0,530928373	2,952358398	1,01160442660025	149,2295996
24532,76465	0,530481339	2,950920166	1,01184163460025	149,1569029
24542,76465	0,531047583	2,951407959	1,01145439060025	149,1815588
24552,76465	0,530034304	2,94378833	1,01149983960025	148,7964178
24562,76465	0,530868769	2,950114502	1,01150300560025	149,1161798
24572,76465	0,531375408	2,954195557	1,01169672060025	149,3224604
24582,76465	0,531345606	2,953507568	1,01140866260025	149,2876854
24592,76465	0,530958176	2,951955322	1,01133173560025	149,2092258
24602,76465	0,531554222	2,957674316	1,01164298360025	149,4982974
24612,76465	0,531047583	2,953341309	1,01142896560025	149,2792817
24622,76465	0,531673431	2,957829834	1,01141555460025	149,5061582
24632,76465	0,53113699	2,953984375	1,01149555560025	149,311786
24642,76465	0,530928373	2,951999268	1,01164959560025	149,211447
24652,76465	0,531613827	2,958085693	1,01169429960025	149,5190908
24662,76465	0,531554222	2,955711914	1,01139692860025	149,399106
24672,76465	0,532120466	2,962006592	1,01149322660025	149,7172762
24682,76465	0,531107187	2,953192627	1,01147767360025	149,2717664
24692,76465	0,531375408	2,955078613	1,01147460060025	149,3670953
24702,76465	0,530451536	2,947609131	1,01158654560025	148,9895436
24712,76465	0,530600548	2,949286377	1,01154891960025	149,0743215
24722,76465	0,530183315	2,944869873	1,01146845360025	148,8510854
24732,76465	0,531554222	2,954085693	1,01163078360025	149,3169073
24742,76465	0,530868769	2,948702881	1,01153280860025	149,0448282
24752,76465	0,530451536	2,944711914	1,01142458860025	148,8431012
24762,76465	0,530868769	2,948322998	1,01158645260025	149,0256267
24772,76465	0,530302525	2,943721191	1,01162202860025	148,7930242
24782,76465	0,530451536	2,942563721	1,01153467060025	148,7345188
24792,76465	0,530391932	2,944102539	1,01150058460025	148,8122998
24802,76465	0,530689955	2,945986328	1,01168293760025	148,9075176
24812,76465	0,530540943	2,945941895	1,01151976960025	148,9052717
24822,76465	0,53063035	2,946772705	1,01151986260025	148,9472657
24832,76465	0,530302525	2,94419043	1,01159297160025	148,8167423
24842,76465	0,529974699	2,941981689	1,01154007260025	148,7050995
24852,76465	0,531613827	2,953784912	1,01155869860025	149,301704
24862,76465	0,53063035	2,946312988	1,01143362260025	148,9240289
24872,76465	0,531673431	2,955543213	1,01160098060025	149,3905789
24882,76465	0,532090664	2,960013184	1,01157453160025	149,6165176
24892,76465	0,531852245	2,959150879	1,01134682260025	149,5729316
24902,76465	0,530689955	2,948640137	1,01152479860025	149,0416567
24912,76465	0,531554222	2,957927002	1,01170817660025	149,5110696
24922,76465	0,530481339	2,948594482	1,01154854760025	149,0393491
24932,76465	0,531107187	2,951705078	1,01154230760025	149,1965769
24942,76465	0,531762838	2,956554199	1,01147916360025	149,4416801
24952,76465	0,531762838	2,959299805	1,01163422960025	149,5804592
24962,76465	0,532120466	2,961979248	1,01149909460025	149,7158941
24972,76465	0,531375408	2,957276367	1,01144498460025	149,4781827
24982,76465	0,532120466	2,962900635	1,01159148160025	149,7624664
24992,76465	0,531286001	2,957533936	1,01153047960025	149,4912018
25002,76465	0,531345606	2,955353516	1,01150058460025	149,3809905
25012,76465	0,530928373	2,952860352	1,01143418160025	149,2549713
25022,76465	0,531435013	2,956806641	1,01155190060025	149,45444
25032,76465	0,530928373	2,952408447	1,01138668360025	149,2321294
25042,76465	0,530689955	2,949796387	1,01158486960025	149,1001004
25052,76465	0,531762838	2,959908691	1,01163646460025	149,6112359
25062,76465	0,53101778	2,953878418	1,01162202860025	149,3064303
25072,76465	0,532031059	2,963127686	1,01166403160025	149,7739429
25082,76465	0,531107187	2,955184326	1,01151818660025	149,3724386
25092,76465	0,531226397	2,956082275	1,01147301760025	149,4178263
25102,76465	0,53152442	2,957651611	1,01147758060025	149,4971498
25112,76465	0,531196594	2,955777344	1,01145141060025	149,4024133
25122,76465	0,530451536	2,946999512	1,01146081660025	148,9587299
25132,76465	0,531673431	2,956994141	1,01141108460025	149,4639173
25142,76465	0,530451536	2,949275879	1,01171599960025	149,0737909
25152,76465	0,530689955	2,948380859	1,01153727860025	149,0285513
25162,76465	0,530868769	2,9503125	1,01155879260025	149,1261878
25172,76465	0,531882048	2,961356934	1,01157630060025	149,6844386
25182,76465	0,531286001	2,956761963	1,01171208760025	149,4521817
25192,76465	0,530809164	2,952553223	1,01132679960025	149,2394472
25202,76465	0,531345606	2,953881104	1,01150505460025	149,3065661
25212,76465	0,531107187	2,952983398	1,01164056260025	149,2611908
25222,76465	0,530689955	2,95209082	1,01146184160025	149,2160746
25232,76465	0,531196594	2,956091553	1,01160433360025	149,4182952
25242,76465	0,530928373	2,954185059	1,01144805760025	149,3219298
25252,76465	0,531345606	2,957119873	1,01180680360025	149,4702726
25262,76465	0,531107187	2,953876221	1,01145457760025	149,3063193
25272,76465	0,531435013	2,956448486	1,01158133060025	149,4363368
25282,76465	0,531673431	2,960058105	1,01150458960025	149,6187882
25292,76465	0,531673431	2,958426514	1,01155311060025	149,5363179
25302,76465	0,530540943	2,949487793	1,01153616060025	149,0845023
25312,76465	0,530481339	2,947027832	1,01159008460025	148,9601613
25322,76465	0,53063035	2,94772998	1,01153066660025	148,9956521
25332,76465	0,530123711	2,944904297	1,01160843160025	148,8528254
25342,76465	0,52973628	2,939988037	1,01145178360025	148,6043286
25352,76465	0,531107187	2,953055664	1,01158878060025	149,2648435
25362,76465	0,530451536	2,946732422	1,01152787260025	148,9452296
25372,76465	0,530064106	2,942815186	1,01152917560025	148,7472294
25382,76465	0,530362129	2,94373584	1,01155394960025	148,7937647
25392,76465	0,530391932	2,943365967	1,01155366960025	148,7750691
25402,76465	0,530183315	2,942116455	1,01151380960025	148,7119114
25412,76465	0,530451536	2,943476563	1,01153467060025	148,7806592
25422,76465	0,530689955	2,944058838	1,01147432160025	148,8100909
25432,76465	0,531554222	2,954492676	1,01164158660025	149,3374786
25442,76465	0,531196594	2,953612305	1,01144097960025	149,2929794
25452,76465	0,531196594	2,954046875	1,01149648660025	149,3149452
25462,76465	0,531047583	2,950612305	1,01143017660025	149,1413417
25472,76465	0,531107187	2,952810059	1,01148884960025	149,2524292
25482,76465	0,530809164	2,950402588	1,01150682460025	149,1307414
25492,76465	0,530779362	2,948740723	1,01146072360025	149,0467409
25502,76465	0,530928373	2,949858643	1,01153401860025	149,1032472
25512,76465	0,531613827	2,955062256	1,01144479860025	149,3662685
25522,76465	0,531554222	2,953966797	1,01161197060025	149,3108975
25532,76465	0,531613827	2,955815918	1,01156326260025	149,404363
25542,76465	0,532090664	2,960278076	1,01158635960025	149,6299068
25552,76465	0,53152442	2,954481689	1,01156531160025	149,3369232
25562,76465	0,531047583	2,951143311	1,01159418260025	149,1681819
25572,76465	0,531554222	2,955378662	1,01150524060025	149,3822615
25582,76465	0,531047583	2,952013916	1,01145224860025	149,2121874
25592,76465	0,531435013	2,957459717	1,01151073560025	149,4874503
25602,76465	0,531196594	2,952948242	1,01142281860025	149,2594138
25612,76465	0,530540943	2,95210791	1,01150822160025	149,2169384
25622,76465	0,531941652	2,961943359	1,01151772060025	149,71408
25632,76465	0,530719757	2,949712891	1,01148819760025	149,09588
25642,76465	0,531882048	2,960536133	1,01150505460025	149,6429505
25652,76465	0,531703234	2,957424561	1,01151408860025	149,4856733
25662,76465	0,530719757	2,951258301	1,01158924660025	149,1739942
25672,76465	0,531226397	2,954576416	1,01152703360025	149,3417113
25682,76465	0,530302525	2,944670166	1,01160051560025	148,840991
25692,76465	0,530868769	2,949503418	1,01138444860025	149,0852921
25702,76465	0,53152442	2,957647949	1,01148465860025	149,4969647
25712,76465	0,530958176	2,952847412	1,01149760460025	149,2543172
25722,76465	0,531196594	2,953289307	1,01166906060025	149,2766532
25732,76465	0,53152442	2,957063965	1,01163991060025	149,4674467
25742,76465	0,531107187	2,951881836	1,01149704560025	149,2055113
25752,76465	0,530362129	2,945625488	1,01161159860025	148,8892786
25762,76465	0,530064106	2,940839844	1,01166067860025	148,6473839
25772,76465	0,529944897	2,942420166	1,01159008460025	148,7272627
25782,76465	0,531226397	2,951159424	1,01143595060025	149,1689964
25792,76465	0,531107187	2,950199219	1,01162975860025	149,1204619
25802,76465	0,531226397	2,953377441	1,01150766260025	149,281108
25812,76465	0,530958176	2,950911377	1,01137941960025	149,1564586
25822,76465	0,530868769	2,949014404	1,01155646360025	149,0605744
25832,76465	0,530868769	2,949138672	1,01154975860025	149,0668556
25842,76465	0,531345606	2,951479492	1,01155627760025	149,1851745
25852,76465	0,530600548	2,946079346	1,01156074760025	148,9122193
25862,76465	0,530034304	2,940073242	1,01169411360025	148,6086354
25872,76465	0,530540943	2,944789063	1,01154593960025	148,8470007
25882,76465	0,529885292	2,93816748	1,01160414760025	148,5123069
25892,76465	0,530481339	2,943384033	1,01151921060025	148,7759823
25902,76465	0,529617071	2,935516846	1,01165602260025	148,3783282
25912,76465	0,530183315	2,942203369	1,01172652360025	148,7163045
25922,76465	0,53063035	2,945227539	1,01143194560025	148,8691639
25932,76465	0,530391932	2,942645264	1,01150421660025	148,7386405
25942,76465	0,530809164	2,943796631	1,01155963060025	148,7968374
25952,76465	0,530183315	2,941686768	1,01153606760025	148,6901925
25962,76465	0,531554222	2,954731689	1,01155748860025	149,3495597
25972,76465	0,531047583	2,952871094	1,01153681260025	149,2555142
25982,76465	0,531613827	2,955849609	1,01159110860025	149,406066
25992,76465	0,531226397	2,95459082	1,01156363460025	149,3424394
26002,76465	0,531882048	2,95999585	1,01157713960025	149,6156414
26012,76465	0,530689955	2,949888184	1,01145792960025	149,1047404
26022,76465	0,530123711	2,944702881	1,01151073560025	148,8426446
26032,76465	0,53113699	2,952673828	1,01160694160025	149,2455433
26042,76465	0,531196594	2,954978516	1,01158058460025	149,3620358
26052,76465	0,530183315	2,947518555	1,01156587060025	148,9849654
26062,76465	0,529944897	2,942221924	1,01156484560025	148,7172424
26072,76465	0,530868769	2,950578613	1,01159055060025	149,1396388
26082,76465	0,530779362	2,951019043	1,01160330960025	149,1619007
26092,76465	0,530868769	2,9516604	1,01149359960025	149,1943187
26102,76465	0,531435013	2,956715332	1,01158403060025	149,4498247
26112,76465	0,53152442	2,958210938	1,01137671860025	149,5254214
26122,76465	0,53229928	2,964880615	1,01157834960025	149,8625463
26132,76465	0,531435013	2,959206299	1,01167287960025	149,5757329
26142,76465	0,53113699	2,956724854	1,01161653460025	149,450306
26152,76465	0,531464815	2,959419189	1,01153187660025	149,5864936
26162,76465	0,531107187	2,954237305	1,01143036260025	149,3245706
26172,76465	0,532090664	2,962052734	1,01162826860025	149,7196085
26182,76465	0,531792641	2,961036377	1,01150002560025	149,6682358
26192,76465	0,531375408	2,95894043	1,01153644060025	149,5622943
26202,76465	0,532209873	2,963936035	1,01149788360025	149,8148016
26212,76465	0,531703234	2,960199951	1,01161234360025	149,6259579
26222,76465	0,531435013	2,957393799	1,01160759360025	149,4841184
26232,76465	0,532209873	2,964766846	1,01151772060025	149,8567957
26242,76465	0,532180071	2,965082764	1,01165509060025	149,872764
26252,76465	0,530958176	2,95278833	1,01141620660025	149,2513309
26262,76465	0,531196594	2,954812256	1,01161718560025	149,353632
26272,76465	0,531762838	2,959966064	1,01154193560025	149,6141359
26282,76465	0,530719757	2,951655762	1,01157918760025	149,1940842
26292,76465	0,530183315	2,946904053	1,01159148160025	148,9539048
26302,76465	0,530600548	2,947881348	1,01154230760025	149,0033031
26312,76465	0,530213118	2,945946045	1,01145019960025	148,9054814
26322,76465	0,530302525	2,9464021	1,01150607960025	148,9285331
26332,76465	0,531047583	2,952779541	1,01142458860025	149,2508866
26342,76465	0,531047583	2,953656982	1,01156400760025	149,2952377
26352,76465	0,53063035	2,949027832	1,01145876760025	149,0612531
26362,76465	0,531554222	2,956865723	1,01161429860025	149,4574263
26372,76465	0,531435013	2,957633301	1,01162361260025	149,4962243
26382,76465	0,531375408	2,958060791	1,01159269260025	149,5178321
26392,76465	0,530719757	2,951870117	1,01159455460025	149,204919
26402,76465	0,531613827	2,95854834	1,01151688260025	149,5424757
26412,76465	0,531852245	2,95983252	1,01152042160025	149,6073857
26422,76465	0,530809164	2,953050537	1,01151092260025	149,2645844
26432,76465	0,531435013	2,956800537	1,01146491460025	149,4541315
26442,76465	0,531286001	2,956562012	1,01148093360025	149,442075
26452,76465	0,531762838	2,960428711	1,01142877960025	149,6375208
26462,76465	0,531792641	2,960471924	1,01149639360025	149,639705
26472,76465	0,531286001	2,955602051	1,01159818660025	149,3935529
26482,76465	0,530958176	2,953957275	1,01155376260025	149,3104163
26492,76465	0,532031059	2,961852539	1,01152405360025	149,7094894
26502,76465	0,531047583	2,957130127	1,01155674360025	149,4707909
26512,76465	0,53152442	2,956575195	1,01143976860025	149,4427414
26522,76465	0,530809164	2,950522217	1,01166850160025	149,1367882
26532,76465	0,530123711	2,945219238	1,01164410160025	148,8687444
26542,76465	0,530868769	2,948096924	1,01153290160025	149,0141995
26552,76465	0,531047583	2,948926514	1,01149583460025	149,0561319
26562,76465	0,530719757	2,94655957	1,01159557960025	148,9364926
26572,76465	0,53152442	2,958199463	1,01155366960025	149,5248414
26582,76465	0,531345606	2,957969971	1,01149816260025	149,5132415
26592,76465	0,53101778	2,954275879	1,01154286660025	149,3265204
26602,76465	0,53152442	2,955630615	1,01162482260025	149,3949967
26612,76465	0,530868769	2,950484131	1,01147217960025	149,1348631
26622,76465	0,53101778	2,951736816	1,01150002560025	149,1981812
26632,76465	0,531464815	2,956591553	1,01149881460025	149,4435682
26642,76465	0,53113699	2,954001953	1,01140093260025	149,3126745
26652,76465	0,530213118	2,944792725	1,01164037560025	148,8471858
26662,76465	0,529974699	2,942222412	1,01162892060025	148,7172671
26672,76465	0,529795885	2,940085205	1,01153290160025	148,60924
26682,76465	0,530928373	2,95079541	1,01151259860025	149,150597
26692,76465	0,530600548	2,947560303	1,01164279760025	148,9870756
26702,76465	0,53101778	2,950209229	1,01155217960025	149,1209679
26712,76465	0,531762838	2,957763428	1,01165378660025	149,5028016
26722,76465	0,531435013	2,954532227	1,01159753560025	149,3394777
26732,76465	0,531435013	2,956026367	1,01145457760025	149,4150004
26742,76465	0,53063035	2,949453613	1,01138370360025	149,0827746
26752,76465	0,530689955	2,948672852	1,01149080560025	149,0433103
26762,76465	0,530600548	2,949234375	1,01159418260025	149,071693
26772,76465	0,531226397	2,953672119	1,01158924660025	149,2960028
26782,76465	0,531107187	2,953027588	1,01147916360025	149,2634244
26792,76465	0,530928373	2,952241211	1,01167325160025	149,2236763
26802,76465	0,53152442	2,955694092	1,01155106260025	149,3982052
26812,76465	0,531375408	2,954741943	1,01147860560025	149,350078
26822,76465	0,531375408	2,954992188	1,01147124760025	149,3627268
26832,76465	0,531703234	2,958188721	1,01159082960025	149,5242985
26842,76465	0,531375408	2,957649658	1,01153951360025	149,4970511
26852,76465	0,530928373	2,952018311	1,01156875760025	149,2124096
26862,76465	0,530868769	2,948531494	1,01146500760025	149,0361653
26872,76465	0,53063035	2,947369629	1,01150226060025	148,9774378
26882,76465	0,53101778	2,951004883	1,01156065460025	149,1611849
26892,76465	0,530689955	2,949082031	1,01135762660025	149,0639927
26902,76465	0,530600548	2,949623291	1,01173248360025	149,0913511
26912,76465	0,530779362	2,950928223	1,01146472860025	149,1573101
26922,76465	0,530362129	2,946131104	1,01143036260025	148,9148354
26932,76465	0,531464815	2,955175781	1,01139534460025	149,3720067
26942,76465	0,530958176	2,950936523	1,01145858160025	149,1577297
26952,76465	0,530213118	2,944902832	1,01165080660025	148,8527513
26962,76465	0,530213118	2,942259033	1,01150589260025	148,7191181
26972,76465	0,53063035	2,946728516	1,01165602260025	148,9450321
26982,76465	0,530362129	2,94600415	1,01161122560025	148,9084184
26992,76465	0,529944897	2,942378418	1,01156410060025	148,7251525
27002,76465	0,530719757	2,94786792	1,01161867660025	149,0026243
27012,76465	0,53101778	2,950955322	1,01157453160025	149,1586799
27022,76465	0,530719757	2,948709229	1,01148801160025	149,045149
27032,76465	0,53113699	2,952793701	1,01175613960025	149,2516024
27042,76465	0,531047583	2,951338379	1,01151604460025	149,1780418
27052,76465	0,531196594	2,952826904	1,01159669660025	149,2532806
27062,76465	0,531107187	2,951663818	1,01162230860025	149,1944914
27072,76465	0,530451536	2,944796143	1,01149481060025	148,8473586
27082,76465	0,530034304	2,941533447	1,01155041060025	148,6824427
27092,76465	0,530451536	2,944247559	1,01154798860025	148,8196299
27102,76465	0,530809164	2,94839502	1,01160070160025	149,0292671
27112,76465	0,531107187	2,948843018	1,01147143360025	149,0519115
27122,76465	0,531375408	2,952630615	1,01157509060025	149,243359
27132,76465	0,53113699	2,950404053	1,01164484660025	149,1308154
27142,76465	0,531554222	2,956440186	1,01146156160025	149,4359172
27152,76465	0,531435013	2,956530029	1,01158356560025	149,4404584
27162,76465	0,531286001	2,953982666	1,01158514860025	149,3116997
27172,76465	0,531107187	2,952061279	1,01152926960025	149,2145814
27182,76465	0,531047583	2,951259521	1,01159008460025	149,1740559
27192,76465	0,531852245	2,96073999	1,01152405360025	149,6532547
27202,76465	0,530958176	2,952311523	1,01144582260025	149,2272303
27212,76465	0,530868769	2,950250244	1,01154193560025	149,1230411
27222,76465	0,531047583	2,950810791	1,01146035160025	149,1513744
27232,76465	0,531107187	2,951050049	1,01150319260025	149,1634679
27242,76465	0,531375408	2,953422607	1,01148857060025	149,283391
27252,76465	0,53063035	2,94697168	1,01162351860025	148,9573231
27262,76465	0,53063035	2,947415771	1,01152219160025	148,9797701
27272,76465	0,530719757	2,947913818	1,01165769860025	149,0049443
27282,76465	0,530868769	2,948591797	1,01154305260025	149,0392133
27292,76465	0,531554222	2,95447998	1,01157015460025	149,3368369
27302,76465	0,530809164	2,94733667	1,01152163260025	148,9757718
27312,76465	0,531792641	2,958695801	1,01144582260025	149,5499293
27322,76465	0,531554222	2,956978271	1,01158794260025	149,4631152
27332,76465	0,530958176	2,95126416	1,01168247160025	149,1742903
27342,76465	0,530272722	2,944243896	1,01151231960025	148,8194448
27352,76465	0,531196594	2,94958252	1,01148419360025	149,0892903
27362,76465	0,531971455	2,958177002	1,01143734760025	149,5237061
27372,76465	0,531047583	2,951888428	1,01155190060025	149,2058445
27382,76465	0,530868769	2,947122559	1,01144070060025	148,9649494
27392,76465	0,530689955	2,945797607	1,01154072460025	148,8979785
27402,76465	0,530779362	2,9461875	1,01153346060025	148,917686
27412,76465	0,530928373	2,947606201	1,01144144560025	148,9893955
27422,76465	0,53063035	2,945044922	1,01159818660025	148,8599334
27432,76465	0,530719757	2,947515869	1,01174058660025	148,9848296
27442,76465	0,531226397	2,95048877	1,01150132960025	149,1350975
27452,76465	0,530809164	2,948210938	1,01151129460025	149,0199625
27462,76465	0,530600548	2,94396875	1,01160368160025	148,8055373
27472,76465	0,530481339	2,942936035	1,01154463560025	148,7533378
27482,76465	0,530928373	2,946576904	1,01132977960025	148,9373688
27492,76465	0,530540943	2,9426604	1,01144405360025	148,7394056
27502,76465	0,531107187	2,948032959	1,01150365760025	149,0109664
27512,76465	0,530451536	2,943506836	1,01146947860025	148,7821894
27522,76465	0,531226397	2,948773438	1,01155990960025	149,0483945
27532,76465	0,531196594	2,948368652	1,01155348360025	149,0279343
27542,76465	0,530779362	2,945863281	1,01153932760025	148,9012981
27552,76465	0,53101778	2,949420166	1,01168368260025	149,081084
27562,76465	0,531196594	2,94880835	1,01146072360025	149,0501592
27572,76465	0,531196594	2,950404297	1,01143213260025	149,1308278
27582,76465	0,532120466	2,958627686	1,01155068960025	149,5464863
27592,76465	0,530868769	2,947716553	1,01149937360025	148,9949733
27602,76465	0,53101778	2,948645996	1,01150803460025	149,0419529
27612,76465	0,531941652	2,957813477	1,01157592860025	149,5053314
27622,76465	0,531196594	2,951443115	1,01159008460025	149,1833358
27632,76465	0,531047583	2,95097998	1,01147497260025	149,1599262
27642,76465	0,532031059	2,957803467	1,01147897760025	149,5048255
27652,76465	0,531703234	2,955759277	1,01141350560025	149,4015001
27662,76465	0,532120466	2,960084229	1,01151967660025	149,6201086
27672,76465	0,532180071	2,960953125	1,01158924660025	149,6640277
27682,76465	0,531852245	2,957449219	1,01151976960025	149,4869197
27692,76465	0,531971455	2,961479004	1,01151427460025	149,6906088
27702,76465	0,532507896	2,963535889	1,01161057360025	149,7945759
27712,76465	0,531196594	2,952569336	1,01158896660025	149,2402616
27722,76465	0,531613827	2,954381592	1,01156456660025	149,3318637
27732,76465	0,531375408	2,953608887	1,01143641660025	149,2928066
27742,76465	0,531435013	2,954104004	1,01161578860025	149,3178328
27752,76465	0,530719757	2,945986328	1,01138174760025	148,9075176
27762,76465	0,530779362	2,945717773	1,01141732460025	148,8939433
27772,76465	0,531286001	2,949568604	1,01161392660025	149,0885869
27782,76465	0,530689955	2,944560059	1,01156549760025	148,8354255
27792,76465	0,530362129	2,939050781	1,01160703460025	148,5569542
27802,76465	0,530123711	2,939938965	1,01154109660025	148,6018482
27812,76465	0,529795885	2,936261475	1,01147301760025	148,4159662
27822,76465	0,531435013	2,948975586	1,01157695260025	149,0586123
27832,76465	0,53152442	2,951576904	1,01141611360025	149,1900983
27842,76465	0,531703234	2,953926514	1,01149378560025	149,3088614
27852,76465	0,530958176	2,946508545	1,01148279660025	148,9339135
27862,76465	0,531196594	2,947577881	1,01144144560025	148,9879641
27872,76465	0,531554222	2,953221436	1,01139869760025	149,2732226
27882,76465	0,53063035	2,944111084	1,01143650960025	148,8127317
27892,76465	0,530928373	2,944391357	1,01146752260025	148,8268984
27902,76465	0,530928373	2,944993408	1,01145671960025	148,8573296
27912,76465	0,531345606	2,948695557	1,01151846560025	149,044458
27922,76465	0,531703234	2,953088623	1,01156465960025	149,2665095
27932,76465	0,531286001	2,949488037	1,01164279760025	149,0845146
27942,76465	0,530928373	2,945727051	1,01142971060025	148,8944122
27952,76465	0,530779362	2,944853271	1,01160004960025	148,8502462
27962,76465	0,530868769	2,945774658	1,01157276160025	148,8968186
27972,76465	0,530391932	2,939230469	1,01159585860025	148,5660366
27982,76465	0,530391932	2,93886084	1,01145411160025	148,5473534
27992,76465	0,530302525	2,938671143	1,01139469260025	148,537765
28002,76465	0,530213118	2,93776001	1,01141918660025	148,491711
28012,76465	0,531464815	2,947272949	1,01152014260025	148,972551
28022,76465	0,530689955	2,941337646	1,01147786060025	148,6725458
28032,76465	0,530451536	2,939587402	1,01145569460025	148,5840782
28042,76465	0,530272722	2,936570801	1,01141369160025	148,4316013
28052,76465	0,530958176	2,941445557	1,01145960660025	148,6780002
28062,76465	0,531464815	2,946368652	1,01157276160025	148,9268425
28072,76465	0,530928373	2,941449951	1,01162966560025	148,6782224
28082,76465	0,530719757	2,941645752	1,01142430960025	148,6881193
28092,76465	0,531286001	2,945951416	1,01157313460025	148,9057529
28102,76465	0,531107187	2,946003906	1,01153103860025	148,9084061
28112,76465	0,531852245	2,951368652	1,01168219260025	149,179572
28122,76465	0,531792641	2,952190918	1,01166319360025	149,2211341
28132,76465	0,53152442	2,949775635	1,01150738360025	149,0990515
28142,76465	0,53101778	2,94308252	1,01172568560025	148,760742
28152,76465	0,53101778	2,942228027	1,01141080460025	148,7175509
28162,76465	0,530809164	2,939022705	1,01153290160025	148,555535
28172,76465	0,529944897	2,932758301	1,01154146960025	148,2388951
28182,76465	0,530123711	2,93527002	1,01146100360025	148,3658522
28192,76465	0,530272722	2,936643799	1,01153224960025	148,4352911
28202,76465	0,530272722	2,934551025	1,01145113160025	148,32951
28212,76465	0,529974699	2,932421631	1,01153243560025	148,2218778
28222,76465	0,530481339	2,935968018	1,01155115560025	148,4011331
28232,76465	0,53063035	2,938293701	1,01155748860025	148,5186869
28242,76465	0,529885292	2,933217529	1,01150347160025	148,2621072
28252,76465	0,530451536	2,936849121	1,01153578860025	148,4456693
28262,76465	0,530362129	2,937543945	1,01149304060025	148,4807898
28272,76465	0,531107187	2,944845459	1,01155897860025	148,8498513
28282,76465	0,53113699	2,94535376	1,01146798860025	148,8755439
28292,76465	0,530689955	2,942506592	1,01138510060025	148,7316312
28302,76465	0,530481339	2,940383057	1,01155571860025	148,6242952
28312,76465	0,53113699	2,942949463	1,01169821160025	148,7540165
28322,76465	0,531196594	2,946504395	1,01157872260025	148,9337037
28332,76465	0,531852245	2,952740723	1,01146565960025	149,2489245
28342,76465	0,53101778	2,94759082	1,01143492660025	148,9886181
28352,76465	0,531554222	2,949809814	1,01149704560025	149,1007791
28362,76465	0,531613827	2,951025879	1,01140456460025	149,1622462
28372,76465	0,53152442	2,949617432	1,01142961760025	149,091055
28382,76465	0,531941652	2,954380859	1,01152628860025	149,3318267
28392,76465	0,530689955	2,945531738	1,01162296060025	148,8845399
28402,76465	0,532358885	2,95830249	1,01153923460025	149,530049
28412,76465	0,531464815	2,951708984	1,01132866260025	149,1967744
28422,76465	0,531613827	2,95205835	1,01150281960025	149,2144334
28432,76465	0,531941652	2,955758301	1,01152042160025	149,4014507
28442,76465	0,531941652	2,954914795	1,01152368160025	149,3588149
28452,76465	0,531613827	2,954614258	1,01156689460025	149,343624
28462,76465	0,53113699	2,948078857	1,01154891960025	149,0132864
28472,76465	0,53113699	2,947086182	1,01162342560025	148,9631107
28482,76465	0,530868769	2,942908691	1,01151800060025	148,7519557
28492,76465	0,530362129	2,938887451	1,01141844160025	148,5486985
28502,76465	0,530689955	2,941704102	1,01156354160025	148,6910686
28512,76465	0,531226397	2,945066406	1,01146249360025	148,8610193
28522,76465	0,531464815	2,947353516	1,01145616060025	148,9766233
28532,76465	0,53101778	2,945675049	1,01151027060025	148,8917837
28542,76465	0,530451536	2,940521973	1,01164279760025	148,6313169
28552,76465	0,530928373	2,941689941	1,01148437960025	148,6903529
28562,76465	0,531226397	2,945630859	1,01157397260025	148,8895501
28572,76465	0,532031059	2,954231689	1,01155972360025	149,3242868
28582,76465	0,531762838	2,9521604	1,01162342560025	149,2195916
28592,76465	0,53101778	2,947686035	1,01154258660025	148,9934308
28602,76465	0,530928373	2,946698486	1,01157257560025	148,9435143
28612,76465	0,530779362	2,942711914	1,01152191160025	148,7420094
28622,76465	0,531345606	2,946603516	1,01171003860025	148,9387139
28632,76465	0,53101778	2,944194824	1,01149779060025	148,8169644
28642,76465	0,530958176	2,943310791	1,01148614860025	148,7722802
28652,76465	0,530481339	2,937595459	1,01147841860025	148,4833936
28662,76465	0,529885292	2,933391113	1,01146221360025	148,2708812
28672,76465	0,529944897	2,934016602	1,01143017660025	148,302497
28682,76465	0,530391932	2,936523438	1,01142058360025	148,4292073
28692,76465	0,53101778	2,941257324	1,01155488060025	148,6684859
28702,76465	0,53101778	2,941815186	1,01155245960025	148,6966835
28712,76465	0,531673431	2,948064453	1,01141713760025	149,0125583
28722,76465	0,53101778	2,943518799	1,01154649860025	148,7827941
28732,76465	0,531792641	2,950774902	1,01148354160025	149,1495604
28742,76465	0,531196594	2,947642334	1,01154007260025	148,9912219
28752,76465	0,531345606	2,946296875	1,01149378560025	148,9232145
28762,76465	0,531196594	2,944679688	1,01142300560025	148,8414723
28772,76465	0,53113699	2,943068359	1,01155050360025	148,7600263
28782,76465	0,530362129	2,938049805	1,01160135360025	148,5063589
28792,76465	0,530719757	2,940182617	1,01138724260025	148,6141638
28802,76465	0,531226397	2,944316406	1,01171097060025	148,8231099
28812,76465	0,531792641	2,951141113	1,01154184160025	149,1680708
28822,76465	0,531375408	2,94862915	1,01156950260025	149,0411014
28832,76465	0,531464815	2,950921387	1,01159688360025	149,1569646
28842,76465	0,530928373	2,945627197	1,01145858160025	148,889365
28852,76465	0,531107187	2,946300293	1,01140866260025	148,9233872
28862,76465	0,53101778	2,9441604	1,01163860660025	148,8152244
28872,76465	0,530958176	2,945578857	1,01157453160025	148,8869216
28882,76465	0,530481339	2,939631592	1,01145485660025	148,5863118
28892,76465	0,530689955	2,939532959	1,01162854860025	148,5813263
28902,76465	0,530689955	2,939186035	1,01160796560025	148,5637907
28912,76465	0,530868769	2,941251221	1,01150244660025	148,6681774
28922,76465	0,530689955	2,941762207	1,01159166760025	148,6940056
28932,76465	0,531375408	2,948778564	1,01141341260025	149,0486537
28942,76465	0,530928373	2,943178955	1,01147795360025	148,7656164
28952,76465	0,530928373	2,943081299	1,01143799960025	148,7606803
28962,76465	0,530481339	2,939053711	1,01147916360025	148,5571023
28972,76465	0,530481339	2,937174316	1,01158496260025	148,4621066
28982,76465	0,530481339	2,939098145	1,01154146960025	148,5593482
28992,76465	0,530689955	2,940505127	1,01154472960025	148,6304654
29002,76465	0,530451536	2,937107422	1,01159297160025	148,4587253
29012,76465	0,530540943	2,938597412	1,01170491660025	148,5340382
29022,76465	0,53063035	2,938450195	1,01136535660025	148,526597
29032,76465	0,530064106	2,934231934	1,01163758160025	148,3133812
29042,76465	0,530302525	2,934427002	1,01147655660025	148,3232411
29052,76465	0,531107187	2,942938477	1,01139515860025	148,7534612
29062,76465	0,530958176	2,941793457	1,01148605560025	148,6955852
29072,76465	0,530958176	2,941813965	1,01144656760025	148,6966218
29082,76465	0,530719757	2,940187988	1,01159716260025	148,6144353
29092,76465	0,530868769	2,940299561	1,01156139960025	148,6200748
29102,76465	0,53101778	2,9421875	1,01159343760025	148,7155024
29112,76465	0,53101778	2,942366211	1,01162519560025	148,7245355
29122,76465	0,531226397	2,943149658	1,01149294760025	148,7641356
29132,76465	0,531762838	2,950756592	1,01144721960025	149,1486348
29142,76465	0,53063035	2,940560547	1,01150980460025	148,6332666
29152,76465	0,530958176	2,941884521	1,01163022460025	148,7001881
29162,76465	0,53101778	2,944858887	1,01132493660025	148,8505301
29172,76465	0,531286001	2,944826904	1,01158030560025	148,8489135
29182,76465	0,532269478	2,954455566	1,01154230760025	149,3356028
29192,76465	0,531613827	2,948203125	1,01165145860025	149,0195676
29202,76465	0,530928373	2,94235791	1,01149797660025	148,724116
29212,76465	0,530779362	2,940414551	1,01150505460025	148,6258871
29222,76465	0,530809164	2,940547607	1,01145578760025	148,6326126
29232,76465	0,530868769	2,940425781	1,01143455360025	148,6264548
29242,76465	0,53063035	2,939629395	1,01157108560025	148,5862007
29252,76465	0,531464815	2,946081055	1,01148978160025	148,9123056
29262,76465	0,530868769	2,941151367	1,01149965360025	148,6631302
29272,76465	0,530958176	2,94319165	1,01158375160025	148,7662581
29282,76465	0,530451536	2,937204834	1,01149471760025	148,4636491
29292,76465	0,531107187	2,9414021	1,01152023560025	148,6758037
29302,76465	0,530600548	2,938655029	1,01134626460025	148,5369505
29312,76465	0,530779362	2,937645996	1,01160172560025	148,485948
29322,76465	0,530928373	2,938625244	1,01159958360025	148,535445
29332,76465	0,530391932	2,934919678	1,01159492760025	148,3481438
29342,76465	0,530481339	2,935635742	1,01160330960025	148,384338
29352,76465	0,530064106	2,932669678	1,01147655660025	148,2344156
29362,76465	0,530689955	2,939929199	1,01148987460025	148,6013546
29372,76465	0,530719757	2,940406982	1,01153644060025	148,6255046
29382,76465	0,530719757	2,940564209	1,01151688260025	148,6334517
29392,76465	0,531435013	2,944454346	1,01152573060025	148,8300822
29402,76465	0,530779362	2,93938208	1,01154389060025	148,5737
29412,76465	0,531554222	2,94504834	1,01151362260025	148,8601061
29422,76465	0,531107187	2,942345459	1,01152042160025	148,7234866
29432,76465	0,531226397	2,941717773	1,01145923360025	148,6917597
29442,76465	0,530689955	2,936986084	1,01143967560025	148,4525922
29452,76465	0,529885292	2,930713867	1,01151567160025	148,1355574
29462,76465	0,530302525	2,933545166	1,01153848960025	148,2786679
29472,76465	0,53101778	2,940697754	1,01151203960025	148,6402019
29482,76465	0,530868769	2,940256836	1,01151501960025	148,6179153
29492,76465	0,531554222	2,944766357	1,01150049160025	148,8458531
29502,76465	0,531375408	2,944166504	1,01153867560025	148,815533
29512,76465	0,531375408	2,943644531	1,01148335460025	148,7891494
29522,76465	0,531435013	2,943883545	1,01152926960025	148,8012305
29532,76465	0,530540943	2,937092529	1,01143576460025	148,4579726
29542,76465	0,530809164	2,940094482	1,01157453160025	148,609709
29552,76465	0,531345606	2,94510791	1,01140847660025	148,8631172
29562,76465	0,531941652	2,949832764	1,01158002660025	149,1019391
29572,76465	0,530302525	2,9358125	1,01146538060025	148,3932723
29582,76465	0,530362129	2,936526123	1,01151203960025	148,4293431
29592,76465	0,530481339	2,937661133	1,01171143560025	148,4867131
29602,76465	0,530481339	2,936838867	1,01149080560025	148,445151
29612,76465	0,53063035	2,936870117	1,01153020060025	148,4467305
29622,76465	0,531047583	2,939749756	1,01158077160025	148,5922845
29632,76465	0,530540943	2,934319336	1,01151287760025	148,317799
29642,76465	0,531107187	2,941146973	1,01155357660025	148,662908
29652,76465	0,531882048	2,948703613	1,01166272760025	149,0448652
29662,76465	0,53113699	2,943611328	1,01155506660025	148,7874711
29672,76465	0,531613827	2,945014648	1,01149033960025	148,8584032
29682,76465	0,531107187	2,942329102	1,01142309860025	148,7226598
29692,76465	0,531613827	2,947203369	1,01160619660025	148,969034
29702,76465	0,531047583	2,945052246	1,01163646460025	148,8603036
29712,76465	0,530809164	2,941097168	1,01146817460025	148,6603906
29722,76465	0,530719757	2,938844238	1,01143948960025	148,5465143
29732,76465	0,531226397	2,942299316	1,01157658060025	148,7211543
29742,76465	0,531286001	2,944880615	1,01149844260025	148,8516283
29752,76465	0,531375408	2,945121826	1,01142849960025	148,8638206
29762,76465	0,531196594	2,945162598	1,01153550860025	148,8658814
29772,76465	0,530779362	2,938535156	1,01140326160025	148,5308914
29782,76465	0,530928373	2,94028833	1,01168750060025	148,6195072
29792,76465	0,530719757	2,939766113	1,01164596360025	148,5931113
29802,76465	0,530719757	2,940825928	1,01152191160025	148,6466805
29812,76465	0,530600548	2,939517578	1,01143511260025	148,5805488
29822,76465	0,530689955	2,938893799	1,01145569460025	148,5490194
29832,76465	0,531047583	2,942840088	1,01145923360025	148,7484881
29842,76465	0,530213118	2,937300049	1,01165220360025	148,4684618
29852,76465	0,530540943	2,94013623	1,01161429860025	148,6118192
29862,76465	0,530481339	2,93722998	1,01159092260025	148,4649202
29872,76465	0,530719757	2,940316162	1,01140391360025	148,620914
29882,76465	0,530272722	2,934178223	1,01142468160025	148,3106663
29892,76465	0,531345606	2,945413574	1,01160396160025	148,8785672
29902,76465	0,531226397	2,94633374	1,01155311060025	148,9250779
29912,76465	0,530451536	2,937418701	1,01161578860025	148,4744592
29922,76465	0,53063035	2,937988525	1,01155394960025	148,5032615
29932,76465	0,530779362	2,938402588	1,01155106260025	148,5241907
29942,76465	0,530719757	2,938024658	1,01145997860025	148,5050879
29952,76465	0,531375408	2,945054932	1,01167464860025	148,8604393
29962,76465	0,531613827	2,945141846	1,01158710460025	148,8648325
29972,76465	0,530600548	2,938249756	1,01156931560025	148,5164656
29982,76465	0,531196594	2,942529053	1,01158235460025	148,7327665
29992,76465	0,530868769	2,940336182	1,01155897860025	148,6219259
30002,76465	0,530481339	2,936621338	1,01142673060025	148,4341558
30012,76465	0,530451536	2,935657227	1,01166971260025	148,3854239
30022,76465	0,530123711	2,934445068	1,01159455460025	148,3241543
30032,76465	0,530868769	2,94092041	1,01161616160025	148,6514562
30042,76465	0,531226397	2,943828125	1,01153727860025	148,7984293
30052,76465	0,530779362	2,942085693	1,01154705760025	148,7103565
30062,76465	0,530481339	2,938639893	1,01149806960025	148,5361854
30072,76465	0,531703234	2,949711426	1,01155506660025	149,095806
30082,76465	0,531345606	2,948193359	1,01166496260025	149,019074
30092,76465	0,531345606	2,946649658	1,01159278560025	148,9410462
30102,76465	0,531435013	2,948340332	1,01149387860025	149,0265028
30112,76465	0,531464815	2,948680176	1,01155413560025	149,0436805
30122,76465	0,530958176	2,944597656	1,01150905960025	148,8373259
30132,76465	0,530272722	2,938842773	1,01162137660025	148,5464402
30142,76465	0,530302525	2,937604004	1,01149602060025	148,4838255
30152,76465	0,53152442	2,947971924	1,01154426360025	149,0078813
30162,76465	0,530213118	2,937936768	1,01144628860025	148,5006453
30172,76465	0,530391932	2,938575928	1,01156391460025	148,5329523
30182,76465	0,53063035	2,938681152	1,01143241160025	148,5382709
30192,76465	0,530600548	2,939036621	1,01146901260025	148,5562384
30202,76465	0,531196594	2,945131348	1,01162901360025	148,8643018
30212,76465	0,530719757	2,942707275	1,01158319260025	148,7417749
30222,76465	0,530928373	2,943787598	1,01150105060025	148,7963808
30232,76465	0,530719757	2,940829102	1,01144712660025	148,646841
30242,76465	0,531852245	2,951341797	1,01169141260025	149,1782146
30252,76465	0,530868769	2,94308374	1,01150244660025	148,7608037
30262,76465	0,530302525	2,937136475	1,01158486960025	148,4601938
30272,76465	0,530928373	2,943094727	1,01149378560025	148,761359
30282,76465	0,531286001	2,947893799	1,01160759360025	149,0039324
30292,76465	0,53113699	2,945247803	1,01139571760025	148,8701882
30302,76465	0,530958176	2,943535889	1,01149816260025	148,7836579
30312,76465	0,53063035	2,93858667	1,01165900260025	148,5334952
30322,76465	0,530391932	2,93798291	1,01141052560025	148,5029777
30332,76465	0,529974699	2,934664063	1,01133126960025	148,3352235
30342,76465	0,530719757	2,941570801	1,01158971160025	148,6843308
30352,76465	0,530213118	2,936657471	1,01155366960025	148,4359821
30362,76465	0,530600548	2,938673584	1,01157658060025	148,5378884
30372,76465	0,530362129	2,936822754	1,01149024660025	148,4443365
30382,76465	0,53063035	2,940382324	1,01147059560025	148,6242582
30392,76465	0,53152442	2,947254883	1,01160312260025	148,9716378
30402,76465	0,530719757	2,942198975	1,01151893160025	148,7160824
30412,76465	0,530302525	2,938921631	1,01146733660025	148,5504261
30422,76465	0,530391932	2,939085205	1,01163143560025	148,5586942
30432,76465	0,530779362	2,940816162	1,01158710460025	148,6461869
30442,76465	0,530362129	2,939311523	1,01146053760025	148,5701336
30452,76465	0,530391932	2,939062256	1,01153047960025	148,5575342
30462,76465	0,530689955	2,938800781	1,01155050360025	148,5443177
30472,76465	0,53152442	2,946722412	1,01153029360025	148,9447236
30482,76465	0,53113699	2,94542749	1,01166226160025	148,8792706
30492,76465	0,531047583	2,943447266	1,01162109760025	148,7791784
30502,76465	0,530719757	2,941046143	1,01159148160025	148,6578115
30512,76465	0,530868769	2,941370117	1,01158989860025	148,6741871
30522,76465	0,530689955	2,939129883	1,01150877960025	148,5609524
30532,76465	0,529944897	2,932855713	1,01150049160025	148,2438189
30542,76465	0,530272722	2,933677734	1,01147255160025	148,2853687
30552,76465	0,530362129	2,935561279	1,01145895460025	148,3805742
30562,76465	0,53063035	2,936269531	1,01150924560025	148,4163734
30572,76465	0,530451536	2,935560059	1,01147981560025	148,3805125
30582,76465	0,530779362	2,941664551	1,01139469260025	148,6890695
30592,76465	0,530272722	2,935956299	1,01149546260025	148,4005408
30602,76465	0,53063035	2,939441162	1,01153047960025	148,5766863
30612,76465	0,530600548	2,938019043	1,01156633560025	148,504804
30622,76465	0,531047583	2,940800537	1,01153467060025	148,6453971
30632,76465	0,530213118	2,934152344	1,01134514660025	148,3093583
30642,76465	0,531345606	2,942664307	1,01155683660025	148,739603
30652,76465	0,530123711	2,933511719	1,01173974760025	148,2769773
30662,76465	0,530391932	2,933812012	1,01156307660025	148,2921559
30672,76465	0,530600548	2,936815186	1,01145802260025	148,443954
30682,76465	0,530928373	2,940783936	1,01155217960025	148,644558
30692,76465	0,531762838	2,949489502	1,01153020060025	149,0845887
30702,76465	0,531286001	2,945540527	1,01150216760025	148,8849842
30712,76465	0,531345606	2,944715332	1,01142961760025	148,843274
30722,76465	0,531047583	2,942796143	1,01157546260025	148,7462668
30732,76465	0,530600548	2,939523438	1,01149536860025	148,580845
30742,76465	0,531375408	2,944088867	1,01159688360025	148,8116087
30752,76465	0,532120466	2,951580811	1,01143622960025	149,1902957
30762,76465	0,531107187	2,94173877	1,01160414760025	148,6928209
30772,76465	0,531435013	2,94445874	1,01156270360025	148,8303043
30782,76465	0,532358885	2,953845215	1,01143772060025	149,3047521
30792,76465	0,531286001	2,945651367	1,01158673160025	148,8905867
30802,76465	0,53152442	2,944967529	1,01153830260025	148,8560215
30812,76465	0,530779362	2,93729248	1,01156754660025	148,4680793
30822,76465	0,53101778	2,940452148	1,01149723160025	148,6277875
30832,76465	0,531047583	2,94021167	1,01142607860025	148,6156323
30842,76465	0,531613827	2,945080078	1,01151539260025	148,8617104
30852,76465	0,531554222	2,947766357	1,01145876760025	148,9974908
30862,76465	0,531792641	2,948258789	1,01159325060025	149,0223812
30872,76465	0,531554222	2,944867188	1,01145616060025	148,8509496
30882,76465	0,53101778	2,941112549	1,01149555560025	148,6611681
30892,76465	0,530868769	2,939181396	1,01148745260025	148,5635562
30902,76465	0,530481339	2,936171143	1,01160917660025	148,4114003
30912,76465	0,531107187	2,939931396	1,01164484660025	148,6014657
30922,76465	0,531107187	2,940474365	1,01155190060025	148,6289105
30932,76465	0,53152442	2,944907471	1,01158216860025	148,8529858
30942,76465	0,530600548	2,937667725	1,01147897760025	148,4870463
30952,76465	0,530719757	2,938631592	1,01159120260025	148,5357659
30962,76465	0,53113699	2,940335693	1,01155199360025	148,6219012
30972,76465	0,530809164	2,938605225	1,01150877960025	148,5344331
30982,76465	0,530689955	2,937608887	1,01166822260025	148,4840723
30992,76465	0,530958176	2,939637451	1,01148605560025	148,5866079
31002,76465	0,531226397	2,941891602	1,01155143460025	148,700546
31012,76465	0,530928373	2,939477783	1,01142077060025	148,5785374
31022,76465	0,530928373	2,937284912	1,01136693960025	148,4676967
31032,76465	0,53113699	2,94036377	1,01160396160025	148,6233203
31042,76465	0,530362129	2,935343018	1,01155068960025	148,3695419
31052,76465	0,530272722	2,931769775	1,01158067860025	148,1889292
31062,76465	0,531047583	2,938749268	1,01148922260025	148,5417139
31072,76465	0,530809164	2,937044678	1,01146426260025	148,4555539
31082,76465	0,530481339	2,93382251	1,01157918760025	148,2926865
31092,76465	0,530689955	2,933678467	1,01152889660025	148,2854057
31102,76465	0,530689955	2,934195557	1,01146724360025	148,3115425
31112,76465	0,531613827	2,943263672	1,01152889660025	148,7698985
31122,76465	0,531673431	2,945680908	1,01163748860025	148,8920799
31132,76465	0,53113699	2,940091064	1,01152414660025	148,6095362
31142,76465	0,531286001	2,943001465	1,01157499760025	148,756645
31152,76465	0,531852245	2,947371582	1,01144079360025	148,9775365
31162,76465	0,531375408	2,94333667	1,01142030460025	148,7735882
31172,76465	0,530928373	2,938311768	1,01168843260025	148,5196001
31182,76465	0,530868769	2,937754639	1,01160284360025	148,4914395
31192,76465	0,531226397	2,93838501	1,01147841860025	148,5233022
31202,76465	0,531673431	2,944830811	1,01160414760025	148,8491109
31212,76465	0,532031059	2,94824292	1,01148242360025	149,021579
31222,76465	0,53113699	2,940866943	1,01161299460025	148,6487537
31232,76465	0,531107187	2,94040625	1,01158924660025	148,6254675
31242,76465	0,532209873	2,950341553	1,01161951460025	149,1276563
31252,76465	0,532031059	2,948294922	1,01162938660025	149,0242075
31262,76465	0,531941652	2,947168213	1,01153243560025	148,967257
31272,76465	0,531464815	2,944880859	1,01157872260025	148,8516407
31282,76465	0,532180071	2,951957275	1,01167036460025	149,2093245
31292,76465	0,531852245	2,948089111	1,01154174860025	149,0138047
31302,76465	0,531435013	2,942754639	1,01146016460025	148,744169
31312,76465	0,531852245	2,946549316	1,01141136360025	148,9359743
31322,76465	0,531464815	2,94232373	1,01170230860025	148,7223883
31332,76465	0,530928373	2,937710938	1,01150794160025	148,4892306
31342,76465	0,531971455	2,946075928	1,01160815260025	148,9120465
31352,76465	0,531345606	2,940132568	1,01147636960025	148,6116341
31362,76465	0,530958176	2,938107422	1,01152600960025	148,5092712
31372,76465	0,531107187	2,939111084	1,01144395960025	148,5600022
31382,76465	0,531375408	2,940178467	1,01148745260025	148,613954
31392,76465	0,531435013	2,941990967	1,01165825760025	148,7055685
31402,76465	0,531196594	2,94055957	1,01160936260025	148,6332173
31412,76465	0,531226397	2,939013428	1,01143241160025	148,5550661
31422,76465	0,531703234	2,942595459	1,01149220260025	148,7361231
31432,76465	0,530719757	2,935659424	1,01155618460025	148,385535
31442,76465	0,530809164	2,936570313	1,01150579960025	148,4315767
31452,76465	0,530451536	2,933312988	1,01145336660025	148,2669323
31462,76465	0,530779362	2,935310547	1,01157853660025	148,3679007
31472,76465	0,530213118	2,93056958	1,01147432160025	148,1282643
31482,76465	0,530958176	2,93582373	1,01153616060025	148,39384
31492,76465	0,531226397	2,937814453	1,01150505460025	148,4944629
31502,76465	0,531047583	2,935915527	1,01154342560025	148,39848
31512,76465	0,530481339	2,931342773	1,01143297060025	148,167346
31522,76465	0,53101778	2,934766602	1,01149760460025	148,3404065
31532,76465	0,531107187	2,937072266	1,01168666260025	148,4569483
31542,76465	0,531196594	2,936793945	1,01148037460025	148,4428804
31552,76465	0,530868769	2,934181396	1,01163804760025	148,3108268
31562,76465	0,531345606	2,937416992	1,01145671960025	148,4743728
31572,76465	0,531345606	2,937705322	1,01164363560025	148,4889467
31582,76465	0,531703234	2,940737305	1,01151548560025	148,642201
31592,76465	0,53063035	2,933244873	1,01139003660025	148,2634893
31602,76465	0,531435013	2,93811084	1,01137085160025	148,509444
31612,76465	0,530868769	2,933388184	1,01158170260025	148,2707331
31622,76465	0,530868769	2,932523438	1,01142011860025	148,2270237
31632,76465	0,53101778	2,936033936	1,01163339060025	148,404465
31642,76465	0,531226397	2,940242432	1,01160042260025	148,6171872
31652,76465	0,531435013	2,940416748	1,01156298260025	148,6259982
31662,76465	0,531375408	2,938924805	1,01160992160025	148,5505866
31672,76465	0,531226397	2,937725586	1,01160051560025	148,489971
31682,76465	0,531554222	2,939481445	1,01145988560025	148,5787225
31692,76465	0,531613827	2,942591309	1,01171627860025	148,7359133
31702,76465	0,531613827	2,944055908	1,01156158560025	148,8099428
31712,76465	0,531435013	2,940439209	1,01154770960025	148,6271335
31722,76465	0,531286001	2,940531738	1,01157294860025	148,6318105
31732,76465	0,530958176	2,937201172	1,01154668460025	148,463464
31742,76465	0,531375408	2,939723145	1,01153671960025	148,5909394
31752,76465	0,531196594	2,938803955	1,01156028260025	148,5444781
31762,76465	0,531882048	2,94352124	1,01145113160025	148,7829175
31772,76465	0,53229928	2,949340332	1,01156708060025	149,0770487
31782,76465	0,531196594	2,940546875	1,01137774260025	148,6325756
31792,76465	0,531762838	2,944336914	1,01148540360025	148,8241465
31802,76465	0,531464815	2,941081055	1,01140614860025	148,6595762
31812,76465	0,531047583	2,937375977	1,01160992160025	148,4722997
31822,76465	0,53152442	2,943277588	1,01144395960025	148,7706019
31832,76465	0,532209873	2,94646875	1,01144572960025	148,931902
31842,76465	0,532031059	2,947384766	1,01164987560025	148,9782029
31852,76465	0,531345606	2,940557861	1,01156689460025	148,6331309
31862,76465	0,531464815	2,940971924	1,01157956060025	148,65406
31872,76465	0,530600548	2,933517822	1,01143026960025	148,2772858
31882,76465	0,531554222	2,940373291	1,01141294660025	148,6238016
31892,76465	0,531703234	2,941544922	1,01161448560025	148,6830227
31902,76465	0,531196594	2,93684375	1,01155366960025	148,4453978
31912,76465	0,531286001	2,938318848	1,01157630060025	148,5199579
31922,76465	0,53152442	2,941990967	1,01147199260025	148,7055685
31932,76465	0,531196594	2,938408203	1,01153653360025	148,5244745
31942,76465	0,531554222	2,940649902	1,01146091060025	148,6377832
31952,76465	0,53113699	2,938393066	1,01155627760025	148,5237094
31962,76465	0,532090664	2,944004395	1,01149583460025	148,807339
31972,76465	0,532120466	2,945465332	1,01159427560025	148,8811834
31982,76465	0,530958176	2,9373125	1,01151511260025	148,4690912
31992,76465	0,530809164	2,934709961	1,01139273760025	148,3375435
32002,76465	0,531762838	2,940481689	1,01151706860025	148,6292807
32012,76465	0,532090664	2,945720947	1,01137876760025	148,8941037
32022,76465	0,533282757	2,958858154	1,01148978160025	149,5581356
32032,76465	0,531882048	2,947030762	1,01157052660025	148,9603094
32042,76465	0,530928373	2,938710938	1,01148819760025	148,5397765
32052,76465	0,531941652	2,947965576	1,01160209860025	149,0075605
32062,76465	0,531196594	2,941613037	1,01154174860025	148,6864657
32072,76465	0,531613827	2,944130859	1,01148819760025	148,8137313
32082,76465	0,53152442	2,942295166	1,01153578860025	148,7209445
32092,76465	0,531464815	2,943177002	1,01153113160025	148,7655177
32102,76465	0,531613827	2,945175537	1,01153187660025	148,8665354
32112,76465	0,530809164	2,936559814	1,01146426260025	148,431046
32122,76465	0,531435013	2,941310059	1,01160843160025	148,6711514
32132,76465	0,530958176	2,938912842	1,01154975860025	148,5499819
32142,76465	0,53101778	2,939377441	1,01154454260025	148,5734655
32152,76465	0,531375408	2,939268311	1,01161420560025	148,5679494
32162,76465	0,531435013	2,940669678	1,01148819760025	148,6387827
32172,76465	0,531375408	2,94000293	1,01166710460025	148,6050814
32182,76465	0,531882048	2,947540283	1,01148260960025	148,9860636
32192,76465	0,532418489	2,950655518	1,01156233160025	149,143526
32202,76465	0,532925129	2,954755127	1,01152675460025	149,3507444
32212,76465	0,532537699	2,952968262	1,01142253960025	149,2604257
32222,76465	0,532209873	2,949700195	1,01146910560025	149,0952383
32232,76465	0,532448292	2,950366211	1,01151446160025	149,1289027
32242,76465	0,531762838	2,945826416	1,01150375060025	148,8994347
32252,76465	0,531613827	2,944812988	1,01155953760025	148,8482101
32262,76465	0,531613827	2,940882813	1,01146836060025	148,6495558
32272,76465	0,531196594	2,938712158	1,01150561360025	148,5398382
32282,76465	0,531703234	2,940841309	1,01166468360025	148,647458
32292,76465	0,53152442	2,939717041	1,01157108560025	148,5906309
32302,76465	0,531345606	2,939577637	1,01150831460025	148,5835845
32312,76465	0,530809164	2,935982178	1,01152582360025	148,4018489
32322,76465	0,531345606	2,938839844	1,01150030460025	148,5462921
32332,76465	0,530779362	2,933914795	1,01150421660025	148,2973511
32342,76465	0,531196594	2,937118164	1,01152060760025	148,4592683
32352,76465	0,531554222	2,942126221	1,01165946760025	148,712405
32362,76465	0,531047583	2,938970947	1,01156363460025	148,5529189
32372,76465	0,53113699	2,937931885	1,01161234360025	148,5003985
32382,76465	0,531673431	2,943349121	1,01136982660025	148,7742176
32392,76465	0,531673431	2,941142334	1,01156624260025	148,6626736
32402,76465	0,531703234	2,943004883	1,01148773260025	148,7568178
32412,76465	0,531286001	2,938506592	1,01156559060025	148,5294476
32422,76465	0,531613827	2,940306885	1,01158896660025	148,620445
32432,76465	0,531971455	2,945006836	1,01159846660025	148,8580083
32442,76465	0,531882048	2,945053711	1,01142915160025	148,8603776
32452,76465	0,531554222	2,942352295	1,01146314560025	148,7238321
32462,76465	0,531435013	2,938947266	1,01145318060025	148,5517219
32472,76465	0,531047583	2,938588867	1,01153495060025	148,5336063
32482,76465	0,530540943	2,933156494	1,01152330860025	148,2590221
32492,76465	0,531435013	2,939455078	1,01161979360025	148,5773897
32502,76465	0,532716513	2,954116211	1,01163413660025	149,3184498
32512,76465	0,531971455	2,946154053	1,01153439160025	148,9159954
32522,76465	0,531554222	2,941455322	1,01143436760025	148,6784938
32532,76465	0,531941652	2,945097168	1,01147981560025	148,8625742
32542,76465	0,531971455	2,94763501	1,01156130660025	148,9908517
32552,76465	0,532358885	2,949761719	1,01154407760025	149,0983481
32562,76465	0,531673431	2,944823486	1,01154519460025	148,8487407
32572,76465	0,532418489	2,951217285	1,01169448560025	149,171921
32582,76465	0,53152442	2,942405518	1,01155990960025	148,7265223
32592,76465	0,531554222	2,942389404	1,01153811660025	148,7257079
32602,76465	0,530958176	2,938380127	1,01164205260025	148,5230553
32612,76465	0,530958176	2,937797119	1,01150449560025	148,4935867
32622,76465	0,532358885	2,950624756	1,01148819760025	149,1419711
32632,76465	0,532537699	2,951185303	1,01158654560025	149,1703044
32642,76465	0,531703234	2,944705322	1,01151492660025	148,842768
32652,76465	0,531852245	2,94500293	1,01152507860025	148,8578108
32662,76465	0,532090664	2,948712646	1,01152414660025	149,0453218
32672,76465	0,532507896	2,952501221	1,01153532260025	149,2368187
32682,76465	0,532209873	2,950438965	1,01147106160025	149,1325801
32692,76465	0,531792641	2,946705811	1,01150440260025	148,9438845
32702,76465	0,531345606	2,940008789	1,01153169060025	148,6053775
32712,76465	0,532090664	2,946271729	1,01157509060025	148,9219434
32722,76465	0,531852245	2,945237793	1,01157909460025	148,8696822
32732,76465	0,531345606	2,941183594	1,01150784860025	148,6647591
32742,76465	0,530779362	2,936066162	1,01151772060025	148,4060939
32752,76465	0,53063035	2,935167969	1,01156233160025	148,3606939
32762,76465	0,531345606	2,940470215	1,01141052560025	148,6287007
32772,76465	0,531107187	2,938673584	1,01149285460025	148,5378884
32782,76465	0,531852245	2,943725586	1,01136293460025	148,7932464
32792,76465	0,531941652	2,947596436	1,01157518360025	148,9889019
32802,76465	0,531375408	2,941377686	1,01134747460025	148,6745696
32812,76465	0,531703234	2,943889893	1,01153206360025	148,8015514
32822,76465	0,531435013	2,941786377	1,01149341360025	148,6952273
32832,76465	0,532448292	2,951249268	1,01159837360025	149,1735376
32842,76465	0,532597303	2,952522705	1,01156167960025	149,2379046
32852,76465	0,532209873	2,948505127	1,01157499760025	149,0348325
32862,76465	0,532120466	2,949208984	1,01149108460025	149,0704096
32872,76465	0,532120466	2,948343994	1,01153485760025	149,0266879
32882,76465	0,532090664	2,949086182	1,01154472960025	149,0642025
32892,76465	0,531971455	2,948476074	1,01161737260025	149,033364
32902,76465	0,531286001	2,944218994	1,01175884060025	148,8181861
32912,76465	0,531971455	2,946415527	1,01167520760025	148,9292119
32922,76465	0,531613827	2,944476318	1,01161532360025	148,8311928
32932,76465	0,531226397	2,94140625	1,01156186560025	148,6760134
32942,76465	0,531375408	2,938509033	1,01163413660025	148,529571
32952,76465	0,531107187	2,933635254	1,01147562460025	148,2832215
32962,76465	0,530272722	2,929287842	1,01141341260025	148,0634776
32972,76465	0,53152442	2,94209082	1,01160312260025	148,7106157
32982,76465	0,53152442	2,941777344	1,01157695260025	148,6947707
32992,76465	0,531673431	2,943639893	1,01151148060025	148,7889149
33002,76465	0,531613827	2,942737305	1,01157304160025	148,7432928
33012,76465	0,531345606	2,940457275	1,01144777860025	148,6280467
33022,76465	0,531852245	2,945333008	1,01149341360025	148,8744949
33032,76465	0,531762838	2,944620605	1,01152945560025	148,8384859
33042,76465	0,531375408	2,939458252	1,01144079360025	148,5775501
33052,76465	0,531792641	2,944058838	1,01162780360025	148,8100909
33062,76465	0,532090664	2,945750732	1,01159343760025	148,8956092
33072,76465	0,532418489	2,948927979	1,01150365760025	149,056206
33082,76465	0,532031059	2,945291504	1,01152489160025	148,8723971
33092,76465	0,532269478	2,94662915	1,01151325060025	148,9400096
33102,76465	0,531971455	2,945075439	1,01147851260025	148,8614759
33112,76465	0,53268671	2,950101074	1,01157546260025	149,1155011
33122,76465	0,532180071	2,945227539	1,01144600860025	148,8691639
33132,76465	0,531792641	2,941294189	1,01167679060025	148,6703492
33142,76465	0,53268671	2,94840625	1,01146491460025	149,0298347
33152,76465	0,531882048	2,942293457	1,01152386760025	148,7208581
33162,76465	0,532537699	2,948119385	1,01154584660025	149,0153349
33172,76465	0,532507896	2,948192871	1,01154491560025	149,0190493
33182,76465	0,532180071	2,945558838	1,01162053860025	148,8859097
33192,76465	0,531345606	2,938345703	1,01134682260025	148,5213154
33202,76465	0,532418489	2,946207031	1,01159241260025	148,9186732
33212,76465	0,531375408	2,938148682	1,01159073660025	148,5113567
33222,76465	0,531107187	2,93495459	1,01154528760025	148,3499085
33232,76465	0,531882048	2,940590332	1,01152302960025	148,6347721
33242,76465	0,532627106	2,94773584	1,01150179560025	148,9959482
33252,76465	0,531941652	2,943165039	1,01157788460025	148,764913
33262,76465	0,532120466	2,944568359	1,01162696460025	148,8358451
33272,76465	0,531852245	2,942356689	1,01147962960025	148,7240543
33282,76465	0,531107187	2,933904053	1,01142021160025	148,2968082
33292,76465	0,53152442	2,936579102	1,01165984060025	148,4320209
33302,76465	0,530809164	2,932378662	1,01144395960025	148,2197059
33312,76465	0,531286001	2,932823242	1,01144172460025	148,2421776
33322,76465	0,531047583	2,931418701	1,01146184160025	148,1711838
33332,76465	0,530809164	2,929883301	1,01154249360025	148,0935757
33342,76465	0,531345606	2,931806885	1,01148875660025	148,1908049
33352,76465	0,531673431	2,936354736	1,01151725560025	148,4206802
33362,76465	0,531673431	2,937548096	1,01155087560025	148,4809996
33372,76465	0,531464815	2,934311035	1,01156428660025	148,3173795
33382,76465	0,531971455	2,940906738	1,01150132960025	148,6507652
33392,76465	0,531613827	2,937	1,01147944360025	148,4532956
33402,76465	0,531852245	2,937160889	1,01154435660025	148,4614279
33412,76465	0,531345606	2,934015869	1,01158244760025	148,30246
33422,76465	0,53229928	2,942672119	1,01150440260025	148,7399979
33432,76465	0,532090664	2,942939209	1,01165276260025	148,7534982
33442,76465	0,531882048	2,941249512	1,01144535660025	148,668091
33452,76465	0,531673431	2,939692139	1,01161970060025	148,5893722
33462,76465	0,532269478	2,944240479	1,01158794260025	148,8192721
33472,76465	0,532627106	2,946088379	1,01148270260025	148,9126758
33482,76465	0,532180071	2,945419922	1,01146202760025	148,8788881
33492,76465	0,532209873	2,945792236	1,01150877960025	148,8977071
33502,76465	0,531762838	2,941421875	1,01162156360025	148,6768032
33512,76465	0,530958176	2,932533203	1,01153867560025	148,2275173
33522,76465	0,53113699	2,933642822	1,01152703360025	148,283604
33532,76465	0,531345606	2,936208496	1,01139692860025	148,4132883
33542,76465	0,531852245	2,940948975	1,01147804660025	148,6529001
33552,76465	0,532031059	2,942156738	1,01166738460025	148,7139475
33562,76465	0,531673431	2,940249512	1,01179898060025	148,6175451
33572,76465	0,531613827	2,939196289	1,01173434660025	148,564309
33582,76465	0,53152442	2,938844238	1,01158095760025	148,5465143
33592,76465	0,531286001	2,937579834	1,01148540360025	148,4826038
33602,76465	0,531435013	2,938578125	1,01167893260025	148,5330633
33612,76465	0,53063035	2,932120361	1,01163665060025	148,2066499
33622,76465	0,531941652	2,941521484	1,01167185460025	148,6818381
33632,76465	0,532180071	2,945486328	1,01144721960025	148,8822446
33642,76465	0,531673431	2,940620605	1,01145616060025	148,6363023
33652,76465	0,531613827	2,938385742	1,01146118960025	148,5233392
33662,76465	0,531435013	2,936874756	1,01153504360025	148,446965
33672,76465	0,531941652	2,942843506	1,01157415860025	148,7486608
33682,76465	0,531554222	2,94039502	1,01135604360025	148,6248999
33692,76465	0,531196594	2,936417725	1,01159073660025	148,423864
33702,76465	0,530958176	2,934969971	1,01146882660025	148,3506859
33712,76465	0,531792641	2,943041992	1,01154472960025	148,7586935
33722,76465	0,531703234	2,942677979	1,01147739460025	148,7402941
33732,76465	0,531464815	2,940039551	1,01155087560025	148,6069324
33742,76465	0,530779362	2,935621094	1,01158766360025	148,3835975
33752,76465	0,530779362	2,935249756	1,01164717460025	148,3648279
33762,76465	0,532209873	2,947431396	1,01158645260025	148,9805599
33772,76465	0,531345606	2,939889893	1,01135855760025	148,5993678
33782,76465	0,531941652	2,943996094	1,01154100360025	148,8069194
33792,76465	0,531554222	2,940248047	1,01158272760025	148,617471
33802,76465	0,531435013	2,939789795	1,01169662760025	148,5943083
33812,76465	0,532507896	2,949002197	1,01157350660025	149,0599574
33822,76465	0,531882048	2,944003662	1,01144805760025	148,807302
33832,76465	0,53113699	2,937669434	1,01160312260025	148,4871327
33842,76465	0,53152442	2,939754883	1,01160014260025	148,5925436
33852,76465	0,53113699	2,935750488	1,01139338960025	148,3901379
33862,76465	0,530809164	2,93339917	1,01135129360025	148,2712884
33872,76465	0,53101778	2,936092041	1,01162798960025	148,407402
33882,76465	0,531613827	2,94007251	1,01145439060025	148,6085984
33892,76465	0,53113699	2,936234619	1,01154584660025	148,4146087
33902,76465	0,531345606	2,936459473	1,01155869860025	148,4259742
33912,76465	0,530451536	2,930544434	1,01155460160025	148,1269932
33922,76465	0,53113699	2,937657715	1,01157238960025	148,4865404
33932,76465	0,531852245	2,943804688	1,01155618460025	148,7972446
33942,76465	0,531464815	2,940192139	1,01136097960025	148,6146451
33952,76465	0,531226397	2,937573486	1,01142412260025	148,482283
33962,76465	0,531375408	2,937605225	1,01162016660025	148,4838872
33972,76465	0,531464815	2,939186523	1,01157732560025	148,5638154
33982,76465	0,531375408	2,937830811	1,01152023560025	148,4952897
33992,76465	0,531762838	2,939636719	1,01157816360025	148,5865709
34002,76465	0,531554222	2,939716064	1,01144498460025	148,5905815
34012,76465	0,531762838	2,943430908	1,01143138760025	148,7783516
34022,76465	0,531792641	2,944817871	1,01150375060025	148,8484569
34032,76465	0,532120466	2,946817383	1,01156605660025	148,949524
34042,76465	0,532358885	2,949690186	1,01169923560025	149,0947324
34052,76465	0,531673431	2,943333252	1,01161439160025	148,7734155
34062,76465	0,532418489	2,947503418	1,01154891960025	148,9842003
34072,76465	0,532031059	2,944655029	1,01147273760025	148,8402259
34082,76465	0,531941652	2,942806396	1,01145318060025	148,7467851
34092,76465	0,531435013	2,940133789	1,01137113060025	148,6116958
34102,76465	0,531226397	2,938009033	1,01151548560025	148,5042981
34112,76465	0,531464815	2,940809814	1,01160656860025	148,6458661
34122,76465	0,531613827	2,940961914	1,01144777860025	148,6535541
34132,76465	0,532448292	2,947218262	1,01135567060025	148,9697868
34142,76465	0,531673431	2,94301709	1,01165043460025	148,7574348
34152,76465	0,531464815	2,940191162	1,01156093460025	148,6145957
34162,76465	0,531971455	2,943400146	1,01158570760025	148,7767967
34172,76465	0,532597303	2,949880371	1,01157332060025	149,1043455
34182,76465	0,531286001	2,939074951	1,01144805760025	148,5581759
34192,76465	0,532269478	2,944944824	1,01166170360025	148,8548738
34202,76465	0,531554222	2,94187915	1,01150887360025	148,6999166
34212,76465	0,531882048	2,944203857	1,01141499560025	148,817421
34222,76465	0,531613827	2,941877686	1,01163143560025	148,6998426
34232,76465	0,532180071	2,945115479	1,01143921060025	148,8634997
34242,76465	0,531882048	2,944304199	1,01158794260025	148,8224929
34252,76465	0,531196594	2,936990723	1,01145122460025	148,4528267
34262,76465	0,531226397	2,935947754	1,01152545060025	148,4001089
34272,76465	0,531792641	2,938039551	1,01164847860025	148,5058406
34282,76465	0,531792641	2,940216309	1,01151995560025	148,6158668
34292,76465	0,531762838	2,939785889	1,01151185360025	148,5941108
34302,76465	0,531673431	2,940117432	1,01144135260025	148,610869
34312,76465	0,532031059	2,943755615	1,01144042060025	148,7947642
34322,76465	0,531703234	2,94247876	1,01146007160025	148,7302244
34332,76465	0,531941652	2,942647705	1,01151334360025	148,7387639
34342,76465	0,531047583	2,936707764	1,01148596260025	148,4385242
34352,76465	0,531435013	2,936981689	1,01135269060025	148,4523701
34362,76465	0,531971455	2,942493652	1,01159893260025	148,7309772
34372,76465	0,532031059	2,942958496	1,01150905960025	148,7544731
34382,76465	0,531792641	2,942814453	1,01161718560025	148,7471923
34392,76465	0,531673431	2,941087646	1,01152414660025	148,6599093
34402,76465	0,532209873	2,946225586	1,01152740660025	148,9196111
34412,76465	0,531196594	2,938974365	1,01147851260025	148,5530917
34422,76465	0,53113699	2,936239014	1,01152600960025	148,4148309
34432,76465	0,532120466	2,945252197	1,01145280760025	148,8704103
34442,76465	0,532031059	2,944051758	1,01153727860025	148,809733
34452,76465	0,530928373	2,935610107	1,01155888560025	148,3830422
34462,76465	0,530928373	2,936755615	1,01151576460025	148,4409429
34472,76465	0,531613827	2,940255615	1,01152247060025	148,6178536
34482,76465	0,531941652	2,942718994	1,01156810560025	148,7423673
34492,76465	0,532418489	2,949182861	1,01159278560025	149,0690892
34502,76465	0,531941652	2,942417236	1,01157499760025	148,7271147
34512,76465	0,531792641	2,942976074	1,01156428660025	148,7553616
34522,76465	0,531703234	2,94	1,01154435660025	148,6049333
34532,76465	0,531762838	2,941125488	1,01150943160025	148,6618221
34542,76465	0,531703234	2,940981445	1,01141136360025	148,6545413
34552,76465	0,531613827	2,939555908	1,01151883860025	148,5824863
34562,76465	0,531286001	2,937328613	1,01155767460025	148,4699056
34572,76465	0,531226397	2,938535156	1,01150682460025	148,5308914
34582,76465	0,531345606	2,938645264	1,01141536860025	148,5364569
34592,76465	0,53101778	2,936056641	1,01161383360025	148,4056126
34602,76465	0,532090664	2,943978516	1,01148270260025	148,8060309
34612,76465	0,531613827	2,940629883	1,01162826860025	148,6367713
34622,76465	0,531435013	2,93713501	1,01155506660025	148,4601198
34632,76465	0,532358885	2,945140137	1,01174105160025	148,8647461
34642,76465	0,532031059	2,942223145	1,01152423960025	148,7173041
34652,76465	0,531852245	2,941102051	1,01150794160025	148,6606374
34662,76465	0,532031059	2,944269043	1,01153765060025	148,8207159
34672,76465	0,531703234	2,942228027	1,01164959560025	148,7175509
34682,76465	0,531554222	2,939706543	1,01148605560025	148,5901002
34692,76465	0,532507896	2,946031006	1,01150896660025	148,9097759
34702,76465	0,531435013	2,938436279	1,01155935060025	148,5258936
34712,76465	0,531375408	2,938011963	1,01146798860025	148,5044462
34722,76465	0,531762838	2,94101001	1,01154566060025	148,6559851
34732,76465	0,530958176	2,934577637	1,01153569560025	148,3308551
34742,76465	0,531613827	2,936602783	1,01150859360025	148,4332179
34752,76465	0,531226397	2,933594238	1,01140195760025	148,2811483
34762,76465	0,53101778	2,931993896	1,01143269060025	148,2002576
34772,76465	0,530928373	2,931429932	1,01156028260025	148,1717515
34782,76465	0,530779362	2,930782471	1,01151474060025	148,139025
34792,76465	0,531345606	2,934638672	1,01157983960025	148,3339401
34802,76465	0,531226397	2,935231934	1,01154305260025	148,3639271
34812,76465	0,531464815	2,936257324	1,01154305260025	148,4157564
34822,76465	0,53152442	2,936076416	1,01158440360025	148,4066122
34832,76465	0,531673431	2,938198975	1,01154687160025	148,5138988
34842,76465	0,530719757	2,931078125	1,01148223760025	148,1539691
34852,76465	0,531703234	2,937977783	1,01160451960025	148,5027185
34862,76465	0,531673431	2,938901855	1,01165546360025	148,5494266
34872,76465	0,531941652	2,940168945	1,01164736060025	148,6134728
34882,76465	0,531762838	2,940844482	1,01162258760025	148,6476184
34892,76465	0,532031059	2,94253833	1,01156587060025	148,7332354
34902,76465	0,531792641	2,94007666	1,01148689360025	148,6088081
34912,76465	0,532031059	2,942185059	1,01159082960025	148,715379
34922,76465	0,531703234	2,938321289	1,01150049160025	148,5200813
34932,76465	0,532031059	2,940830566	1,01159371660025	148,646915
34942,76465	0,53152442	2,936710449	1,01153839660025	148,43866
34952,76465	0,531286001	2,934705322	1,01151772060025	148,3373091
34962,76465	0,531286001	2,935903076	1,01164400860025	148,3978506
34972,76465	0,531971455	2,939899902	1,01158226160025	148,5998738
34982,76465	0,53113699	2,934081787	1,01152209760025	148,3057919
34992,76465	0,531852245	2,938487061	1,01156773260025	148,5284604
35002,76465	0,532597303	2,947471191	1,01153904760025	148,9825713
35012,76465	0,531852245	2,939383545	1,01152964160025	148,573774
35022,76465	0,531941652	2,939769775	1,01148037460025	148,5932964
35032,76465	0,531852245	2,939700684	1,01150989760025	148,5898041
35042,76465	0,531703234	2,935874023	1,01163050360025	148,3963821
35052,76465	0,532954931	2,947964355	1,01138659060025	149,0074988
35062,76465	0,533103943	2,951896729	1,01155124860025	149,2062641
35072,76465	0,531941652	2,942640869	1,01147404160025	148,7384184
35082,76465	0,532269478	2,944813721	1,01159753560025	148,8482471
35092,76465	0,532776117	2,94801001	1,01155413560025	149,0098064
35102,76465	0,532507896	2,946520508	1,01153904760025	148,9345182
35112,76465	0,531852245	2,941275635	1,01155869860025	148,6694114
35122,76465	0,531852245	2,937543945	1,01134905860025	148,4807898
35132,76465	0,531703234	2,937454346	1,01142393660025	148,4762609
35142,76465	0,531882048	2,94	1,01157397260025	148,6049333
35152,76465	0,531852245	2,939553711	1,01151688260025	148,5823752
35162,76465	0,532209873	2,943271729	1,01154538060025	148,7703057
35172,76465	0,531673431	2,940015625	1,01158309960025	148,6057231
35182,76465	0,531673431	2,938266113	1,01162277360025	148,5172924
35192,76465	0,532448292	2,945072754	1,01149276160025	148,8613402
35202,76465	0,532448292	2,946267578	1,01160219160025	148,9217336
35212,76465	0,531852245	2,940115479	1,01155190060025	148,6107702
35222,76465	0,532507896	2,945112549	1,01154184160025	148,8633516
35232,76465	0,531971455	2,942124756	1,01161681360025	148,712331
35242,76465	0,532358885	2,946987793	1,01153811660025	148,9581375
35252,76465	0,532537699	2,948587646	1,01156996760025	149,0390036
35262,76465	0,532597303	2,948412842	1,01152526460025	149,0301679
35272,76465	0,53229928	2,944125488	1,01168545160025	148,8134598
35282,76465	0,531971455	2,941812744	1,01140950160025	148,6965601
35292,76465	0,531613827	2,937529053	1,01148875660025	148,480037
35302,76465	0,531762838	2,939662842	1,01157117860025	148,5878913
35312,76465	0,531286001	2,932960693	1,01164391460025	148,2491252
35322,76465	0,531345606	2,934427002	1,01160191260025	148,3232411
35332,76465	0,532090664	2,939113525	1,01142877960025	148,5601256
35342,76465	0,532776117	2,948351807	1,01159455460025	149,0270828
35352,76465	0,532865524	2,94922168	1,01153401860025	149,0710513
35362,76465	0,533014536	2,952223145	1,01171925860025	149,2227631
35372,76465	0,532597303	2,9480271	1,01156652160025	149,0106702
35382,76465	0,533372164	2,957054932	1,01153550860025	149,4669901
35392,76465	0,533044338	2,954914795	1,01156577660025	149,3588149
35402,76465	0,533998013	2,962270996	1,01148037460025	149,7306407
35412,76465	0,533044338	2,956408203	1,01159343760025	149,4343006
35422,76465	0,53408742	2,96426123	1,01157732560025	149,8312389
35432,76465	0,53268671	2,951616943	1,01155460160025	149,1921221
35442,76465	0,531852245	2,943364258	1,01154761660025	148,7749827
35452,76465	0,531792641	2,943939941	1,01152936260025	148,8040811
35462,76465	0,531762838	2,941477783	1,01149900160025	148,6796292
35472,76465	0,531971455	2,941251953	1,01152833760025	148,6682144
35482,76465	0,531762838	2,940927734	1,01153504360025	148,6518264
35492,76465	0,532180071	2,941930908	1,01158570760025	148,7025328
35502,76465	0,532180071	2,941074463	1,01158431060025	148,659243
35512,76465	0,531971455	2,941853271	1,01159529960025	148,6986085
35522,76465	0,531941652	2,940324707	1,01140447160025	148,6213459
35532,76465	0,532209873	2,943119873	1,01162919960025	148,7626301
35542,76465	0,532597303	2,945061035	1,01165220360025	148,8607478
35552,76465	0,532597303	2,944006348	1,01162445060025	148,8074377
35562,76465	0,531941652	2,939093018	1,01157136460025	148,559089
35572,76465	0,531941652	2,938838867	1,01151809360025	148,5462428
35582,76465	0,531792641	2,936828125	1,01145224860025	148,444608
35592,76465	0,531882048	2,938481201	1,01149602060025	148,5281642
35602,76465	0,532507896	2,942786377	1,01153206360025	148,7457732
35612,76465	0,532358885	2,941806641	1,01158812860025	148,6962515
35622,76465	0,532418489	2,942100098	1,01149285460025	148,7110846
35632,76465	0,532627106	2,945083984	1,01150263360025	148,8619078
35642,76465	0,531613827	2,936336182	1,01158775660025	148,4197423
35652,76465	0,531971455	2,93943042	1,01149816260025	148,5761433
35662,76465	0,532269478	2,941177734	1,01152628860025	148,6644629
35672,76465	0,531792641	2,938038818	1,01152749960025	148,5058036
35682,76465	0,532209873	2,940339844	1,01146221360025	148,622111
35692,76465	0,53229928	2,940717285	1,01170175060025	148,6411891
35702,76465	0,531941652	2,938306396	1,01152144560025	148,5193286
35712,76465	0,532120466	2,937074219	1,01160135360025	148,457047
35722,76465	0,531613827	2,934068359	1,01157471760025	148,3051132
35732,76465	0,531882048	2,936080566	1,01138510060025	148,406822
35742,76465	0,531941652	2,937262207	1,01152805860025	148,4665491
35752,76465	0,531941652	2,937800293	1,01160265760025	148,4937471
35762,76465	0,531941652	2,936576172	1,01156689460025	148,4318728
35772,76465	0,532209873	2,939377197	1,01157695260025	148,5734532
35782,76465	0,531882048	2,935989258	1,01146780160025	148,4022067
35792,76465	0,531613827	2,934645752	1,01153942060025	148,334298
35802,76465	0,532031059	2,936876953	1,01157983960025	148,4470761
35812,76465	0,531882048	2,937366211	1,01158905960025	148,4718061
35822,76465	0,531971455	2,937147461	1,01155068960025	148,4607491
35832,76465	0,531852245	2,937278809	1,01142589260025	148,4673882
35842,76465	0,531673431	2,93503125	1,01146258660025	148,3537834
35852,76465	0,532537699	2,941826416	1,01142710360025	148,6972511
35862,76465	0,531941652	2,938574219	1,01143213260025	148,5328659
35872,76465	0,532269478	2,940701172	1,01157574260025	148,6403746
35882,76465	0,53229928	2,942302734	1,01148559060025	148,7213271
35892,76465	0,531882048	2,938564697	1,01154305260025	148,5323846
35902,76465	0,532269478	2,940709961	1,01147869860025	148,6408189
35912,76465	0,532180071	2,938894287	1,01144312160025	148,549044
35922,76465	0,531792641	2,937659912	1,01160135360025	148,4866514
35932,76465	0,532031059	2,937809814	1,01145699860025	148,4942284
35942,76465	0,531941652	2,936390381	1,01153047960025	148,4224818
35952,76465	0,532358885	2,940574219	1,01154463560025	148,6339577
35962,76465	0,531435013	2,933850098	1,01142300560025	148,294081
35972,76465	0,531882048	2,936369141	1,01145392560025	148,4214082
35982,76465	0,532716513	2,944912842	1,01169765260025	148,8532573
35992,76465	0,532269478	2,939342529	1,01157648760025	148,5717008
36002,76465	0,531554222	2,934496826	1,01152628860025	148,3267704
36012,76465	0,532269478	2,93908252	1,01154053860025	148,5585584
36022,76465	0,531941652	2,937681885	1,01137243460025	148,4877621
36032,76465	0,531613827	2,935268799	1,01151380960025	148,3657905
36042,76465	0,53268671	2,943593994	1,01150216760025	148,7865949
36052,76465	0,533014536	2,946850586	1,01143390160025	148,9512023
36062,76465	0,532627106	2,943894287	1,01154510160025	148,8017735
36072,76465	0,532537699	2,942025391	1,01149369260025	148,7073085
36082,76465	0,532925129	2,946231445	1,01160275060025	148,9199073
36092,76465	0,532954931	2,946669189	1,01162258760025	148,9420334
36102,76465	0,532031059	2,939469971	1,01150198160025	148,5781425
36112,76465	0,532448292	2,942356445	1,01161336760025	148,7240419
36122,76465	0,531971455	2,937924561	1,01153867560025	148,5000283
36132,76465	0,531792641	2,934314697	1,01151287760025	148,3175646
36142,76465	0,531375408	2,932910889	1,01153308760025	148,2466078
36152,76465	0,531971455	2,937957031	1,01145262160025	148,5016696
36162,76465	0,532358885	2,941911133	1,01151185360025	148,7015332
36172,76465	0,531941652	2,937043701	1,01148922260025	148,4555045
36182,76465	0,531762838	2,935502686	1,01150524060025	148,3776125
36192,76465	0,531613827	2,934517334	1,01148549660025	148,327807
36202,76465	0,531792641	2,934795654	1,01148307560025	148,341875
36212,76465	0,531554222	2,934776611	1,01158244760025	148,3409124
36222,76465	0,531971455	2,936453613	1,01161839660025	148,425678
36232,76465	0,532031059	2,939498779	1,01158347260025	148,5795986
36242,76465	0,531286001	2,932887939	1,01147916360025	148,2454478
36252,76465	0,532537699	2,942949463	1,01146668460025	148,7540165
36262,76465	0,532031059	2,938998779	1,01151315760025	148,5543257
36272,76465	0,531852245	2,937236816	1,01162472960025	148,4652657
36282,76465	0,531286001	2,931513184	1,01154174860025	148,1759595
36292,76465	0,531792641	2,936606445	1,01145839560025	148,433403
36302,76465	0,531375408	2,933944092	1,01160349560025	148,298832
36312,76465	0,531375408	2,932761963	1,01151203960025	148,2390802
36322,76465	0,532209873	2,940184082	1,01157490360025	148,6142379
36332,76465	0,531554222	2,936115967	1,01144042060025	148,4086113
36342,76465	0,531882048	2,936812012	1,01143622960025	148,4437936
36352,76465	0,531792641	2,935942139	1,01137085160025	148,399825
36362,76465	0,532120466	2,938858398	1,01148018860025	148,54723
36372,76465	0,532090664	2,942137207	1,01137168960025	148,7129603
36382,76465	0,531852245	2,940838379	1,01149862860025	148,6473099
36392,76465	0,531762838	2,93895166	1,01154249360025	148,551944
36402,76465	0,531345606	2,935885254	1,01149341360025	148,3969498
36412,76465	0,531554222	2,936890381	1,01149937360025	148,4477548
36422,76465	0,531375408	2,935711914	1,01149285460025	148,3881881
36432,76465	0,531703234	2,938115967	1,01144843060025	148,5097031
36442,76465	0,532597303	2,945494629	1,01150943160025	148,8826642
36452,76465	0,531196594	2,935243652	1,01151902460025	148,3645194
36462,76465	0,531703234	2,939677002	1,01165341460025	148,5886071
36472,76465	0,531673431	2,939636719	1,01140763860025	148,5865709
36482,76465	0,532090664	2,941217041	1,01156810560025	148,6664497
36492,76465	0,531792641	2,938419678	1,01153671960025	148,5250545
36502,76465	0,531971455	2,940081543	1,01153774460025	148,6090549
36512,76465	0,530958176	2,932503174	1,01150579960025	148,2259995
36522,76465	0,531792641	2,938653564	1,01148335460025	148,5368765
36532,76465	0,531852245	2,937292969	1,01142626460025	148,468104
36542,76465	0,53101778	2,931987549	1,01160573060025	148,1999368
36552,76465	0,531464815	2,934112793	1,01130835960025	148,3073591
36562,76465	0,531762838	2,93792334	1,01152964160025	148,4999666
36572,76465	0,532209873	2,941722412	1,01151539260025	148,6919941
36582,76465	0,532537699	2,944512939	1,01150645160025	148,8330438
36592,76465	0,531673431	2,936941406	1,01159576560025	148,4503339
36602,76465	0,531375408	2,935676025	1,01163357760025	148,3863741
36612,76465	0,531613827	2,935896484	1,01153094560025	148,3975174
36622,76465	0,53152442	2,935019043	1,01160498560025	148,3531663
36632,76465	0,530481339	2,927060059	1,01146416960025	147,9508724
36642,76465	0,531464815	2,935088623	1,01155692960025	148,3566833
36652,76465	0,531107187	2,930050293	1,01157574260025	148,1020164
36662,76465	0,531941652	2,9370625	1,01150635860025	148,4564547
36672,76465	0,531047583	2,93010083	1,01149630060025	148,1045709
36682,76465	0,531554222	2,934613525	1,01165183160025	148,3326691
36692,76465	0,531375408	2,935130127	1,01171553360025	148,3587812
36702,76465	0,531226397	2,933228271	1,01148260960025	148,2626502
36712,76465	0,531882048	2,937616699	1,01162389160025	148,4844672
36722,76465	0,531792641	2,937969482	1,01159734860025	148,5022989
36732,76465	0,531554222	2,935612793	1,01146798860025	148,383178
36742,76465	0,531554222	2,935916504	1,01149788360025	148,3985293
36752,76465	0,531852245	2,937939453	1,01153150460025	148,5007811
36762,76465	0,531613827	2,93691626	1,01151027060025	148,4490629
36772,76465	0,531286001	2,935486328	1,01160340260025	148,3767857
36782,76465	0,53152442	2,936517822	1,01151148060025	148,4289235
36792,76465	0,531941652	2,940844971	1,01156233160025	148,6476431
36802,76465	0,532627106	2,946475098	1,01147422760025	148,9322229
36812,76465	0,531792641	2,940069336	1,01147664960025	148,6084379
36822,76465	0,531375408	2,93552417	1,01155087560025	148,3786984
36832,76465	0,531286001	2,933891357	1,01145895460025	148,2961665
36842,76465	0,531673431	2,937605225	1,01159502060025	148,4838872
36852,76465	0,531226397	2,933869629	1,01156363460025	148,2950682
36862,76465	0,531196594	2,933234619	1,01171814160025	148,262971
36872,76465	0,531852245	2,938737549	1,01144954760025	148,5411216
36882,76465	0,532358885	2,945519531	1,01148400660025	148,8839229
36892,76465	0,532358885	2,946498047	1,01170268160025	148,9333829
36902,76465	0,531941652	2,942821289	1,01165965460025	148,7475379
36912,76465	0,532090664	2,944018311	1,01160358860025	148,8080424
36922,76465	0,53229928	2,945868896	1,01148195760025	148,9015819
36932,76465	0,531345606	2,939547119	1,01156493860025	148,582042
36942,76465	0,531882048	2,941160156	1,01142021160025	148,6635744
36952,76465	0,531762838	2,941846436	1,01145727760025	148,698263
36962,76465	0,532180071	2,943133057	1,01154426360025	148,7632964
36972,76465	0,532031059	2,94353418	1,01152340160025	148,7835716
36982,76465	0,532031059	2,941610596	1,01147189960025	148,6863423
36992,76465	0,531435013	2,938962891	1,01165015460025	148,5525117
37002,76465	0,53113699	2,936185791	1,01163655760025	148,4121407
37012,76465	0,53152442	2,93790332	1,01146118960025	148,4989547
37022,76465	0,532358885	2,946634033	1,01147115460025	148,9402564
37032,76465	0,532925129	2,950093018	1,01159734860025	149,1150939
37042,76465	0,531941652	2,943398926	1,01160098060025	148,776735
37052,76465	0,531107187	2,935297852	1,01150132960025	148,367259
37062,76465	0,53101778	2,933787109	1,01148335460025	148,2908972
37072,76465	0,531703234	2,93808667	1,01139897760025	148,5082223
37082,76465	0,531882048	2,941065674	1,01164233160025	148,6587987
37092,76465	0,532448292	2,946766113	1,01148177160025	148,9469325
37102,76465	0,532269478	2,94719458	1,01156614960025	148,9685898
37112,76465	0,532180071	2,944313965	1,01156372860025	148,8229865
37122,76465	0,531971455	2,943842285	1,01151092260025	148,799145
37132,76465	0,532627106	2,949359619	1,01158617260025	149,0780236
37142,76465	0,531882048	2,942737061	1,01166906060025	148,7432805
37152,76465	0,532507896	2,948907227	1,01153020060025	149,055157
37162,76465	0,532090664	2,943840332	1,01152014260025	148,7990463
37172,76465	0,531882048	2,943237061	1,01158170260025	148,7685534
37182,76465	0,532358885	2,948061523	1,01160936260025	149,0124102
37192,76465	0,532031059	2,942634766	1,01150654460025	148,7381099
37202,76465	0,532180071	2,94346582	1,01155357660025	148,7801163
37212,76465	0,532031059	2,943625	1,01174300760025	148,7881622
37222,76465	0,532180071	2,943279297	1,01164428760025	148,7706883
37232,76465	0,532418489	2,945519531	1,01152219160025	148,8839229
37242,76465	0,532835722	2,949565186	1,01145876760025	149,0884142
37252,76465	0,530809164	2,933046875	1,01141611360025	148,2534813
37262,76465	0,531673431	2,939219238	1,01148521760025	148,565469
37272,76465	0,531613827	2,938811035	1,01161299460025	148,544836
37282,76465	0,532090664	2,942544922	1,01157350660025	148,7335686
37292,76465	0,532031059	2,94464917	1,01152731360025	148,8399297
37302,76465	0,53152442	2,93828125	1,01147692860025	148,5180575
37312,76465	0,531673431	2,938912354	1,01156587060025	148,5499572
37322,76465	0,531941652	2,938796631	1,01148959460025	148,5441079
37332,76465	0,531792641	2,939899902	1,01153969960025	148,5998738
37342,76465	0,531435013	2,9376875	1,01154351860025	148,4880459
37352,76465	0,531375408	2,936180908	1,01139106060025	148,4118939
37362,76465	0,531971455	2,942967773	1,01164018960025	148,754942
37372,76465	0,531464815	2,936327637	1,01147180660025	148,4193104
37382,76465	0,531435013	2,935094727	1,01155543960025	148,3569918
37392,76465	0,53152442	2,937091309	1,01156428660025	148,4579109
37402,76465	0,53152442	2,938025146	1,01154826860025	148,5051125
37412,76465	0,531286001	2,933249756	1,01153224960025	148,2637361
37422,76465	0,531673431	2,935793701	1,01148521760025	148,3923221
37432,76465	0,531613827	2,937153809	1,01152647560025	148,46107
37442,76465	0,532358885	2,942481689	1,01140531060025	148,7303725
37452,76465	0,532031059	2,94264624	1,01154323860025	148,7386899
37462,76465	0,532120466	2,944952393	1,01150617260025	148,8552564
37472,76465	0,531882048	2,942954346	1,01162519560025	148,7542633
37482,76465	0,532537699	2,946293457	1,01140894260025	148,9230417
37492,76465	0,532627106	2,947245605	1,01146705660025	148,9711689
37502,76465	0,532120466	2,943767822	1,01166449760025	148,7953812
37512,76465	0,531971455	2,942937256	1,01167828060025	148,7533995
37522,76465	0,532358885	2,946770264	1,01149583460025	148,9471423
37532,76465	0,531852245	2,944351563	1,01162826860025	148,8248869
37542,76465	0,531852245	2,941658203	1,01146174860025	148,6887486
37552,76465	0,531971455	2,942696045	1,01151027060025	148,7412073
37562,76465	0,531286001	2,937120605	1,01152144560025	148,4593917
37572,76465	0,531792641	2,94023291	1,01149294760025	148,6167059
37582,76465	0,531941652	2,941567627	1,01147087560025	148,6841704
37592,76465	0,531375408	2,937027588	1,01139320260025	148,45469
37602,76465	0,531852245	2,940048828	1,01156093460025	148,6074013
37612,76465	0,531345606	2,937575928	1,01154947860025	148,4824064
37622,76465	0,531762838	2,939825439	1,01162445060025	148,59611
37632,76465	0,531882048	2,93965918	1,01160451960025	148,5877062
37642,76465	0,530540943	2,92967627	1,01146323860025	148,0831111
37652,76465	0,53101778	2,933875	1,01155171360025	148,2953397
37662,76465	0,531196594	2,935833252	1,01146938560025	148,3943213
37672,76465	0,530958176	2,933682129	1,01153411160025	148,2855908
37682,76465	0,531226397	2,935813232	1,01151390260025	148,3933094
37692,76465	0,53152442	2,936806641	1,01155618460025	148,4435221
37702,76465	0,531792641	2,938135986	1,01150486860025	148,510715
37712,76465	0,531941652	2,939381348	1,01154212160025	148,5736629
37722,76465	0,53113699	2,934635498	1,01146938560025	148,3337797
37732,76465	0,531703234	2,937631348	1,01152936260025	148,4852076
37742,76465	0,53152442	2,936435547	1,01153047960025	148,4247648
37752,76465	0,532209873	2,941827881	1,01150747660025	148,6973252
37762,76465	0,531762838	2,939048584	1,01153886160025	148,5568431
37772,76465	0,531762838	2,939729492	1,01152191160025	148,5912602
37782,76465	0,531286001	2,938093994	1,01159055060025	148,5085925
37792,76465	0,532209873	2,943015137	1,01153783760025	148,7573361
37802,76465	0,531703234	2,939318359	1,01154463560025	148,5704791
37812,76465	0,531852245	2,941383301	1,01147366960025	148,6748535
37822,76465	0,532120466	2,942503662	1,01150403060025	148,7314831
37832,76465	0,532448292	2,944998291	1,01139385460025	148,8575764
37842,76465	0,533103943	2,95264624	1,01156493860025	149,2441488
37852,76465	0,533431768	2,955025391	1,01137653260025	149,3644051
37862,76465	0,53229928	2,947613037	1,01155879260025	148,9897411
37872,76465	0,532269478	2,945951172	1,01153858260025	148,9057406
37882,76465	0,531792641	2,943301514	1,01150086360025	148,7718112
37892,76465	0,532507896	2,945845947	1,01163255260025	148,9004219
37902,76465	0,531345606	2,936723877	1,01157415860025	148,4393387
37912,76465	0,531286001	2,937240234	1,01159688360025	148,4654385
37922,76465	0,53152442	2,937167725	1,01150440260025	148,4617734
37932,76465	0,531703234	2,938359131	1,01158710460025	148,5219941
37942,76465	0,531792641	2,938996826	1,01144116560025	148,554227
37952,76465	0,531941652	2,939281006	1,01157751160025	148,5685911
37962,76465	0,531435013	2,937385254	1,01161839660025	148,4727686
37972,76465	0,531703234	2,938475342	1,01165378660025	148,5278681
37982,76465	0,531762838	2,937417236	1,01147022360025	148,4743852
37992,76465	0,531435013	2,936032227	1,01162715160025	148,4043786
38002,76465	0,532448292	2,947183594	1,01161280860025	148,9680345
38012,76465	0,532120466	2,943535156	1,01154286660025	148,7836209
38022,76465	0,532090664	2,944444824	1,01155888560025	148,8296009
38032,76465	0,532090664	2,944458496	1,01160787260025	148,830292
38042,76465	0,531613827	2,939609863	1,01150719660025	148,5852135
38052,76465	0,531613827	2,93826416	1,01152386760025	148,5171937
38062,76465	0,531971455	2,94096582	1,01143483260025	148,6537515
38072,76465	0,532269478	2,943546143	1,01161299460025	148,7841762
38082,76465	0,532925129	2,950125488	1,01160330960025	149,1167352
38092,76465	0,531852245	2,940435059	1,01139106060025	148,6269237
38102,76465	0,532180071	2,943569336	1,01154612660025	148,7853486
38112,76465	0,532120466	2,942205078	1,01151343660025	148,7163909
38122,76465	0,532090664	2,941494873	1,01150617260025	148,680493
38132,76465	0,532269478	2,942682373	1,01145811660025	148,7405162
38142,76465	0,532776117	2,948424316	1,01148586960025	149,0307479
38152,76465	0,531941652	2,942989258	1,01149657960025	148,756028
38162,76465	0,53268671	2,946112305	1,01146742960025	148,9138852
38172,76465	0,531941652	2,939076904	1,01142570660025	148,5582746
38182,76465	0,532209873	2,940333008	1,01134672960025	148,6217655
38192,76465	0,531703234	2,937811768	1,01150458960025	148,4943271
38202,76465	0,531852245	2,937240967	1,01148111960025	148,4654755
38212,76465	0,532209873	2,938931396	1,01165928160025	148,5509198
38222,76465	0,531703234	2,936098145	1,01148717360025	148,4077105
38232,76465	0,532537699	2,942828369	1,01156950260025	148,7478957
38242,76465	0,532597303	2,943878418	1,01146538060025	148,8009714
38252,76465	0,532180071	2,938980713	1,01152675460025	148,5534125
38262,76465	0,531613827	2,934659668	1,01146742960025	148,3350014
38272,76465	0,531882048	2,937550781	1,01154985160025	148,4811353
38282,76465	0,532090664	2,938567139	1,01149080560025	148,532508
38292,76465	0,531762838	2,935533203	1,01151446160025	148,379155
38302,76465	0,53229928	2,940438477	1,01140726560025	148,6270965
38312,76465	0,532180071	2,938592529	1,01157536960025	148,5337914
38322,76465	0,53229928	2,939581055	1,01160712760025	148,5837573
38332,76465	0,531464815	2,934041992	1,01151148060025	148,3037804
38342,76465	0,531762838	2,936950195	1,01164940960025	148,4507782
38352,76465	0,531613827	2,935028809	1,01147096860025	148,35366
38362,76465	0,531882048	2,938387207	1,01143036260025	148,5234132
38372,76465	0,532269478	2,941718506	1,01154612660025	148,6917967
38382,76465	0,532418489	2,942083008	1,01155087560025	148,7102208
38392,76465	0,532418489	2,942619873	1,01151325060025	148,7373571
38402,76465	0,53229928	2,941450928	1,01154230760025	148,6782717
38412,76465	0,531971455	2,939230957	1,01152982760025	148,5660613
38422,76465	0,532627106	2,94348999	1,01160079460025	148,781338
38432,76465	0,531762838	2,938332764	1,01150747660025	148,5206613
38442,76465	0,531345606	2,933241211	1,01146184160025	148,2633042
38452,76465	0,531792641	2,9384104	1,01157639460025	148,5245855
38462,76465	0,531882048	2,937635986	1,01156689460025	148,4854421
38472,76465	0,531613827	2,935278809	1,01162016660025	148,3662964
38482,76465	0,531852245	2,936517578	1,01143334260025	148,4289111
38492,76465	0,531971455	2,94188501	1,01153597460025	148,7002128
38502,76465	0,532448292	2,943674072	1,01153588160025	148,7906426
38512,76465	0,532507896	2,944598877	1,01152573060025	148,8373876
38522,76465	0,533342361	2,952110596	1,01155068960025	149,2170742
38532,76465	0,532418489	2,944777344	1,01153262160025	148,8464084
38542,76465	0,532209873	2,941741455	1,01139031560025	148,6929567
38552,76465	0,531762838	2,937711426	1,01151865260025	148,4892552
38562,76465	0,531464815	2,935738281	1,01138063060025	148,3895209
38572,76465	0,531762838	2,937841797	1,01159194760025	148,495845
38582,76465	0,53229928	2,941870117	1,01149536860025	148,69946
38592,76465	0,531882048	2,937581055	1,01145634660025	148,4826655
38602,76465	0,532209873	2,941551514	1,01134347060025	148,6833559
38612,76465	0,53268671	2,946515625	1,01154165560025	148,9342714
38622,76465	0,532835722	2,946533936	1,01159557960025	148,9351969
38632,76465	0,532507896	2,94233252	1,01149704560025	148,7228326
38642,76465	0,532031059	2,941271484	1,01149406560025	148,6692016
38652,76465	0,532209873	2,940947998	1,01151306460025	148,6528507
38662,76465	0,531971455	2,939304688	1,01150458960025	148,5697881
38672,76465	0,531882048	2,937046631	1,01152768560025	148,4556526
38682,76465	0,531286001	2,933291992	1,01166645260025	148,265871
38692,76465	0,531703234	2,935609375	1,01159120260025	148,3830052
38702,76465	0,531852245	2,935424805	1,01152545060025	148,3736759
38712,76465	0,531226397	2,93130249	1,01150766260025	148,1653099
38722,76465	0,531941652	2,937337646	1,01145979260025	148,4703622
38732,76465	0,532209873	2,941078125	1,01154072460025	148,6594281
38742,76465	0,531852245	2,937686035	1,01150319260025	148,4879719
38752,76465	0,531852245	2,937337158	1,01159716260025	148,4703376
38762,76465	0,531107187	2,930183105	1,01144274960025	148,1087296
38772,76465	0,531435013	2,930708984	1,01157723260025	148,1353106
38782,76465	0,53113699	2,931554443	1,01165341460025	148,1780451
38792,76465	0,53152442	2,933583008	1,01151464760025	148,2805807
38802,76465	0,531286001	2,932124512	1,01151585860025	148,2068597
38812,76465	0,531554222	2,934078613	1,01158030560025	148,3056315
38822,76465	0,530958176	2,926752686	1,01157956060025	147,9353359
38832,76465	0,53152442	2,932472656	1,01149890760025	148,2244569
38842,76465	0,530958176	2,928328613	1,01149136460025	148,0149926
38852,76465	0,532090664	2,93957251	1,01146500760025	148,5833254
38862,76465	0,532120466	2,938895508	1,01170025960025	148,5491057
38872,76465	0,531554222	2,932543457	1,01150216760025	148,2280356
38882,76465	0,531882048	2,936892822	1,01155553260025	148,4478782
38892,76465	0,531673431	2,934139404	1,01154202860025	148,3087042
38902,76465	0,531792641	2,93602124	1,01155851260025	148,4038233
38912,76465	0,530868769	2,929165039	1,01144824460025	148,0572705
38922,76465	0,532031059	2,935370605	1,01142933860025	148,3709364
38932,76465	0,531852245	2,936137207	1,01152749960025	148,4096849
38942,76465	0,53268671	2,943578613	1,01158431060025	148,7858175
38952,76465	0,532448292	2,941066406	1,01148065460025	148,6588357
38962,76465	0,532358885	2,941637207	1,01166403160025	148,6876874
38972,76465	0,532507896	2,942747803	1,01156549760025	148,7438234
38982,76465	0,531971455	2,937107666	1,01148000260025	148,4587377
38992,76465	0,532031059	2,938425781	1,01146156160025	148,525363
39002,76465	0,531703234	2,936094482	1,01154407760025	148,4075254
39012,76465	0,531762838	2,934426514	1,01161262260025	148,3232164
39022,76465	0,532120466	2,93966748	1,01142756860025	148,5881258
39032,76465	0,532209873	2,940306641	1,01160181960025	148,6204327
39042,76465	0,531971455	2,935952881	1,01149583460025	148,400368
39052,76465	0,531196594	2,93219043	1,01160936260025	148,2101916
39062,76465	0,531852245	2,935622803	1,01175148260025	148,3836839
39072,76465	0,531882048	2,938663086	1,01152368160025	148,5373578
39082,76465	0,532031059	2,937912354	1,01154687160025	148,4994113
39092,76465	0,531703234	2,934049072	1,01155050360025	148,3041383
39102,76465	0,531464815	2,9317854	1,01154119060025	148,189719
39112,76465	0,531673431	2,93477002	1,01147786060025	148,3405792
39122,76465	0,531941652	2,936951416	1,01159716260025	148,4508399
39132,76465	0,532448292	2,941324219	1,01152312260025	148,6718671
39142,76465	0,531464815	2,934307373	1,01147860560025	148,3171944
39152,76465	0,532120466	2,939463379	1,01140698660025	148,5778093
39162,76465	0,531792641	2,936563965	1,01153411160025	148,4312558
39172,76465	0,531941652	2,936825439	1,01153755760025	148,4444723
39182,76465	0,532180071	2,94014502	1,01161839660025	148,6122634
39192,76465	0,532090664	2,938660156	1,01155217960025	148,5372097
39202,76465	0,531792641	2,936327148	1,01138323760025	148,4192857
39212,76465	0,53268671	2,9434375	1,01147534560025	148,7786848
39222,76465	0,532209873	2,941206543	1,01163758160025	148,6659191
39232,76465	0,531554222	2,93577002	1,01147432160025	148,3911251
39242,76465	0,532537699	2,941749512	1,01140242260025	148,6933639
39252,76465	0,531792641	2,936175293	1,01162258760025	148,41161
39262,76465	0,531882048	2,935052246	1,01160088760025	148,3548446
39272,76465	0,531673431	2,935319092	1,01143073560025	148,3683326
39282,76465	0,532418489	2,941008301	1,01162435760025	148,6558987
39292,76465	0,532418489	2,940524902	1,01158682460025	148,6314649
39302,76465	0,531345606	2,932530762	1,01152163260025	148,2273939
39312,76465	0,53152442	2,933263916	1,01153047960025	148,2644519
39322,76465	0,53113699	2,930468018	1,01143101460025	148,1231307
39332,76465	0,531375408	2,932352295	1,01154910660025	148,2183732
39342,76465	0,532537699	2,942798096	1,01150663760025	148,7463655
39352,76465	0,531762838	2,936928955	1,01140707960025	148,4497046
39362,76465	0,531792641	2,934590088	1,01141453060025	148,3314844
39372,76465	0,531941652	2,936441162	1,01153150460025	148,4250486
39382,76465	0,53113699	2,930507813	1,01170333360025	148,1251422
39392,76465	0,531107187	2,929928223	1,01143008360025	148,0958463
39402,76465	0,531345606	2,930640137	1,01155134160025	148,1318306
39412,76465	0,531554222	2,931694092	1,01150263360025	148,1851037
39422,76465	0,531554222	2,931710205	1,01153532260025	148,1859182
39432,76465	0,531941652	2,934171875	1,01154128360025	148,3103455
39442,76465	0,531762838	2,935125	1,01153550860025	148,358522
39452,76465	0,531673431	2,933267822	1,01169551060025	148,2646493
39462,76465	0,532180071	2,937267334	1,01156577660025	148,4668082
39472,76465	0,532090664	2,939339355	1,01146621860025	148,5715404
39482,76465	0,531941652	2,937840576	1,01151203960025	148,4957833
39492,76465	0,53101778	2,929244873	1,01149285460025	148,0613058
39502,76465	0,531286001	2,930590332	1,01147869860025	148,1293132
39512,76465	0,531554222	2,933913574	1,01144386660025	148,2972894
39522,76465	0,531613827	2,931658203	1,01144936160025	148,1832897
39532,76465	0,531673431	2,93295459	1,01159865260025	148,2488167
39542,76465	0,531762838	2,933477295	1,01155087560025	148,2752373
39552,76465	0,531703234	2,933915283	1,01154407760025	148,2973758
39562,76465	0,531882048	2,937984619	1,01156093460025	148,503064
39572,76465	0,531673431	2,934807373	1,01155674360025	148,3424673
39582,76465	0,53101778	2,928634277	1,01157695260025	148,0304426
39592,76465	0,531345606	2,929323975	1,01151474060025	148,065304
39602,76465	0,531792641	2,934434082	1,01155171360025	148,323599
39612,76465	0,531673431	2,933159912	1,01141266760025	148,2591949
39622,76465	0,53152442	2,931779541	1,01155804660025	148,1894228
39632,76465	0,531345606	2,932217285	1,01162621960025	148,211549
39642,76465	0,531286001	2,932334229	1,01153467060025	148,21746
39652,76465	0,532627106	2,942583496	1,01141574060025	148,7355184
39662,76465	0,532180071	2,939496582	1,01147497260025	148,5794876
39672,76465	0,53268671	2,944115723	1,01160004960025	148,8129662
39682,76465	0,531971455	2,937538818	1,01170342660025	148,4805306
39692,76465	0,531762838	2,935230957	1,01149499660025	148,3638777
39702,76465	0,532120466	2,937744629	1,01164316960025	148,4909335
39712,76465	0,531882048	2,935930908	1,01159073660025	148,3992574
39722,76465	0,532716513	2,945407959	1,01151744160025	148,8782834
39732,76465	0,531554222	2,93414502	1,01142030460025	148,308988
39742,76465	0,531435013	2,931591064	1,01163441560025	148,1798961
39752,76465	0,53152442	2,929898682	1,01156223760025	148,0943531
39762,76465	0,531852245	2,933802979	1,01157834960025	148,2916993
39772,76465	0,532418489	2,940675049	1,01161336760025	148,6390542
39782,76465	0,531941652	2,93791748	1,01157732560025	148,4996705
39792,76465	0,53152442	2,933070801	1,01152600960025	148,2546907
39802,76465	0,531435013	2,932292725	1,01150468260025	148,2153621
39812,76465	0,531703234	2,934936523	1,01150300560025	148,3489953
39822,76465	0,531047583	2,929137207	1,01147478660025	148,0558637
39832,76465	0,531613827	2,93353833	1,01169849060025	148,2783224
39842,76465	0,53152442	2,931998047	1,01161057360025	148,2004674
39852,76465	0,531226397	2,931118164	1,01151604460025	148,1559929
39862,76465	0,531435013	2,931339111	1,01137830160025	148,1671609
39872,76465	0,531554222	2,933232178	1,01150924560025	148,2628476
39882,76465	0,531971455	2,937038086	1,01166682560025	148,4552207
39892,76465	0,531971455	2,937894043	1,01161523060025	148,4984858
39902,76465	0,532776117	2,944598145	1,01166719760025	148,8373506
39912,76465	0,532090664	2,941843018	1,01158514860025	148,6980903
39922,76465	0,531941652	2,939205566	1,01154407760025	148,5647779
39932,76465	0,532358885	2,939481689	1,01170528960025	148,5787348
39942,76465	0,531882048	2,937864746	1,01158002660025	148,497005
39952,76465	0,531792641	2,938449951	1,01152982760025	148,5265847
39962,76465	0,532418489	2,942474121	1,01159753560025	148,7299899
39972,76465	0,532418489	2,941961426	1,01174989960025	148,7040753
39982,76465	0,532358885	2,943605225	1,01154193560025	148,7871626
39992,76465	0,532209873	2,942136963	1,01154910660025	148,712948
40002,76465	0,531882048	2,939458008	1,01156950260025	148,5775378
40012,76465	0,531882048	2,940026367	1,01150114360025	148,606266
40022,76465	0,531882048	2,937316895	1,01162724460025	148,4693133
40032,76465	0,531464815	2,934723633	1,01155460160025	148,3382346
40042,76465	0,532090664	2,938501465	1,01146863960025	148,5291885
40052,76465	0,532031059	2,938453857	1,01154333260025	148,5267821
40062,76465	0,531673431	2,934390381	1,01155376260025	148,3213901
40072,76465	0,532031059	2,938768799	1,01162621960025	148,5427011
40082,76465	0,53152442	2,935701416	1,01156270360025	148,3876575
40092,76465	0,530928373	2,93024707	1,01158747660025	148,1119627
40102,76465	0,532269478	2,939971924	1,01147590460025	148,6035141
40112,76465	0,531882048	2,93835376	1,01156633560025	148,5217226
40122,76465	0,531196594	2,931867188	1,01146836060025	148,193853
40132,76465	0,531107187	2,930493896	1,01155590460025	148,1244388
40142,76465	0,531435013	2,932561768	1,01138817360025	148,2289612
40152,76465	0,531852245	2,936935791	1,01152684760025	148,4500501
40162,76465	0,531435013	2,934061768	1,01156577660025	148,30478
40172,76465	0,532031059	2,938315674	1,01142058360025	148,5197975
40182,76465	0,532269478	2,93969751	1,01157993360025	148,5896436
40192,76465	0,531852245	2,93494751	1,01148903560025	148,3495506
40202,76465	0,531464815	2,93406543	1,01149639360025	148,3049651
40212,76465	0,53113699	2,930161865	1,01166822260025	148,1076559
40222,76465	0,53229928	2,93796167	1,01152014260025	148,5019041
40232,76465	0,531762838	2,934947754	1,01151073560025	148,349563
40242,76465	0,531762838	2,933390381	1,01153727860025	148,2708442
40252,76465	0,532507896	2,93986792	1,01157350660025	148,5982572
40262,76465	0,531882048	2,9364729	1,01155692960025	148,4266529
40272,76465	0,531673431	2,93362915	1,01164018960025	148,282913
40282,76465	0,53113699	2,929899658	1,01156149260025	148,0944025
40292,76465	0,531226397	2,92993335	1,01160153960025	148,0961054
40302,76465	0,531375408	2,930216797	1,01167949160025	148,1104325
40312,76465	0,531613827	2,932426025	1,01151092260025	148,2220999
40322,76465	0,531554222	2,932029785	1,01167306560025	148,2020716
40332,76465	0,531852245	2,933554199	1,01143222560025	148,2791245
40342,76465	0,532418489	2,939254639	1,01153988660025	148,5672583
40352,76465	0,532627106	2,943053223	1,01157918760025	148,7592612
40362,76465	0,531792641	2,935073242	1,01156335560025	148,3559059
40372,76465	0,531971455	2,935747803	1,01146705660025	148,3900022
40382,76465	0,531971455	2,936338379	1,01147301760025	148,4198534
40392,76465	0,532418489	2,939791504	1,01137392460025	148,5943947
40402,76465	0,532776117	2,945140381	1,01155990960025	148,8647584
40412,76465	0,532627106	2,94508667	1,01155366960025	148,8620436
40422,76465	0,531852245	2,938681152	1,01156894360025	148,5382709
40432,76465	0,532269478	2,942627441	1,01162323960025	148,7377397
40442,76465	0,531286001	2,932082031	1,01147059560025	148,2047125
40452,76465	0,532031059	2,93755127	1,01152368160025	148,48116
40462,76465	0,532597303	2,939908203	1,01155897860025	148,6002933
40472,76465	0,531941652	2,936138916	1,01145755760025	148,4097713
40482,76465	0,53152442	2,933573486	1,01169569660025	148,2800994
40492,76465	0,532120466	2,937917236	1,01151604460025	148,4996581
40502,76465	0,531762838	2,935212646	1,01155674360025	148,3629522
40512,76465	0,531673431	2,935946289	1,01142412260025	148,4000348
40522,76465	0,531345606	2,931175537	1,01156121360025	148,1588929
40532,76465	0,531226397	2,933163818	1,01146668460025	148,2593924
40542,76465	0,532090664	2,937552246	1,01156931560025	148,4812094
40552,76465	0,531286001	2,931638428	1,01156624260025	148,1822901
40562,76465	0,531464815	2,932322998	1,01151539260025	148,2168923
40572,76465	0,531762838	2,933746338	1,01152545060025	148,2888363
40582,76465	0,531613827	2,933058838	1,01151623060025	148,254086
40592,76465	0,531286001	2,930765625	1,01169141260025	148,1381735
40602,76465	0,531673431	2,933003174	1,01150458960025	148,2512724
40612,76465	0,532180071	2,937392822	1,01151930360025	148,4731511
40622,76465	0,532418489	2,940641602	1,01150617260025	148,6373636
40632,76465	0,531554222	2,932977783	1,01152321560025	148,249989
40642,76465	0,531852245	2,936554443	1,01140707960025	148,4307745
40652,76465	0,532448292	2,942999268	1,01158533460025	148,7565339
40662,76465	0,532031059	2,937793701	1,01147655660025	148,4934139
40672,76465	0,531762838	2,9360625	1,01150980460025	148,4059088
40682,76465	0,531971455	2,93761792	1,01144936160025	148,4845289
40692,76465	0,531792641	2,935657715	1,01153290160025	148,3854486
40702,76465	0,531792641	2,935231445	1,01145997860025	148,3639024
40712,76465	0,531196594	2,930271484	1,01144358760025	148,1131967
40722,76465	0,531941652	2,936277588	1,01165304160025	148,4167806
40732,76465	0,531703234	2,934063965	1,01151297060025	148,3048911
40742,76465	0,531226397	2,928857666	1,01144172460025	148,041734
40752,76465	0,531762838	2,932925293	1,01152573060025	148,2473359
40762,76465	0,53152442	2,931421387	1,01157574260025	148,1713196
40772,76465	0,531435013	2,93185791	1,01146556660025	148,1933841
40782,76465	0,531196594	2,929994385	1,01159185360025	148,0991905
40792,76465	0,53113699	2,928270264	1,01157695260025	148,0120433
40802,76465	0,531375408	2,929066162	1,01158337860025	148,0522727
40812,76465	0,531196594	2,929008789	1,01161159860025	148,0493727
40822,76465	0,531345606	2,930163574	1,01154491560025	148,1077423
40832,76465	0,53101778	2,928869873	1,01151902460025	148,042351
40842,76465	0,531554222	2,932528809	1,01152265660025	148,2272952
40852,76465	0,530958176	2,92558667	1,01147776660025	147,8763986
40862,76465	0,530362129	2,921751465	1,01154845460025	147,6825447
40872,76465	0,530540943	2,92212085	1,01160573060025	147,7012156
40882,76465	0,531196594	2,926250244	1,01148959460025	147,9099396
40892,76465	0,530391932	2,921192627	1,01156493860025	147,6542978
40902,76465	0,531286001	2,927984863	1,01144870960025	147,9976174
40912,76465	0,53152442	2,931125488	1,01160004960025	148,1563631
40922,76465	0,531435013	2,930641357	1,01149844260025	148,1318923
40932,76465	0,531792641	2,934020508	1,01154789560025	148,3026945
40942,76465	0,532120466	2,937116699	1,01150980460025	148,4591943
40952,76465	0,531286001	2,92869043	1,01144619560025	148,0332809
40962,76465	0,532180071	2,936745117	1,01143399460025	148,4404123
40972,76465	0,532358885	2,938874268	1,01157192360025	148,5480321
40982,76465	0,531673431	2,93542041	1,01159893260025	148,3734538
40992,76465	0,531703234	2,933563965	1,01147059560025	148,2796181
41002,76465	0,531792641	2,935093018	1,01149434460025	148,3569055
41012,76465	0,531882048	2,933909912	1,01161681360025	148,2971043
41022,76465	0,531286001	2,930256592	1,01153010760025	148,112444
41032,76465	0,531375408	2,930602539	1,01140950160025	148,1299302
41042,76465	0,531107187	2,926897217	1,01147366960025	147,9426414
41052,76465	0,531673431	2,93183374	1,01156326260025	148,1921624
41062,76465	0,531852245	2,934425537	1,01142617160025	148,3231671
41072,76465	0,531345606	2,930181641	1,01146565960025	148,1086555
41082,76465	0,532209873	2,936453857	1,01148260960025	148,4256903
41092,76465	0,532209873	2,935739502	1,01152545060025	148,3895826
41102,76465	0,531852245	2,934412354	1,01153671960025	148,3225007
41112,76465	0,53152442	2,930282471	1,01146538060025	148,1137521
41122,76465	0,53113699	2,927893799	1,01165201760025	147,9930145
41132,76465	0,531852245	2,932333008	1,01145075860025	148,2173983
41142,76465	0,531673431	2,931259521	1,01161867660025	148,163138
41152,76465	0,531762838	2,931887695	1,01151306460025	148,1948896
41162,76465	0,531435013	2,930447754	1,01163134260025	148,1221064
41172,76465	0,531345606	2,930463135	1,01145252860025	148,1228839
41182,76465	0,531554222	2,93083667	1,01143576460025	148,1417646
41192,76465	0,531703234	2,934480225	1,01155171360025	148,3259313
41202,76465	0,53268671	2,943819824	1,01148270260025	148,7980097
41212,76465	0,532925129	2,945539307	1,01165164460025	148,8849225
41222,76465	0,532448292	2,941424072	1,01160656860025	148,6769143
41232,76465	0,532448292	2,941141846	1,01152060760025	148,6626489
41242,76465	0,532537699	2,942150879	1,01154845460025	148,7136514
41252,76465	0,532269478	2,940675049	1,01153886160025	148,6390542
41262,76465	0,532627106	2,941690918	1,01157993360025	148,6904022
41272,76465	0,532716513	2,944139648	1,01149862860025	148,8141755
41282,76465	0,531852245	2,936541016	1,01142132860025	148,4300958
41292,76465	0,531673431	2,934457031	1,01159781460025	148,324759
41302,76465	0,532120466	2,935587891	1,01152153960025	148,3819193
41312,76465	0,532180071	2,936355713	1,01162826860025	148,4207295
41322,76465	0,532120466	2,938033447	1,01151222560025	148,5055321
41332,76465	0,531971455	2,936807373	1,01140950160025	148,4435591
41342,76465	0,531971455	2,936506592	1,01166161060025	148,4283558
41352,76465	0,531613827	2,932229492	1,01150524060025	148,212166
41362,76465	0,532269478	2,935332764	1,01160787260025	148,3690236
41372,76465	0,532180071	2,936286621	1,01159585860025	148,4172372
41382,76465	0,531941652	2,934931885	1,01139646260025	148,3487609
41392,76465	0,531673431	2,932014404	1,01155553260025	148,2012942
41402,76465	0,532090664	2,936141846	1,01150505460025	148,4099194
41412,76465	0,531882048	2,933000488	1,01154407760025	148,2511367
41422,76465	0,532209873	2,936235107	1,01143837260025	148,4146334
41432,76465	0,532627106	2,941525635	1,01157983960025	148,6820479
41442,76465	0,531971455	2,935568359	1,01144135260025	148,380932
41452,76465	0,532120466	2,936087891	1,01153811660025	148,4071922
41462,76465	0,531941652	2,935635254	1,01152256360025	148,3843133
41472,76465	0,531464815	2,929055908	1,01143259760025	148,0517544
41482,76465	0,531375408	2,928724121	1,01150766260025	148,0349839
41492,76465	0,532120466	2,935293945	1,01143269060025	148,3670615
41502,76465	0,531941652	2,932073486	1,01154119060025	148,2042805
41512,76465	0,531971455	2,934169678	1,01161280860025	148,3102344
41522,76465	0,532090664	2,934213867	1,01145858160025	148,312468
41532,76465	0,532269478	2,935911865	1,01156736060025	148,3982948
41542,76465	0,531852245	2,932161133	1,01161318160025	148,2087107
41552,76465	0,531613827	2,931454346	1,01169364760025	148,1729855
41562,76465	0,531703234	2,93074585	1,01150160860025	148,137174
41572,76465	0,531613827	2,930001953	1,01146994360025	148,099573
41582,76465	0,531435013	2,929721436	1,01148484560025	148,085394
41592,76465	0,531464815	2,927578857	1,01151846560025	147,9770955
41602,76465	0,531792641	2,931256836	1,01151241260025	148,1630022
41612,76465	0,53113699	2,926570557	1,01136973360025	147,92613
41622,76465	0,531971455	2,932749268	1,01149210960025	148,2384385
41632,76465	0,531762838	2,931237061	1,01146882660025	148,1620027
41642,76465	0,531554222	2,930242676	1,01159651060025	148,1117406
41652,76465	0,532090664	2,933321533	1,01150887360025	148,2673642
41662,76465	0,531792641	2,932822266	1,01145699860025	148,2421283
41672,76465	0,532358885	2,937529785	1,01139301660025	148,4800741
41682,76465	0,532448292	2,938685791	1,01155022360025	148,5385054
41692,76465	0,531971455	2,936016357	1,01160107460025	148,4035765
41702,76465	0,531852245	2,933983398	1,01154193560025	148,3008188
41712,76465	0,531941652	2,93332373	1,01157900160025	148,2674753
41722,76465	0,53229928	2,93769043	1,01159716260025	148,488194
41732,76465	0,533014536	2,945262695	1,01146118960025	148,8709409
41742,76465	0,532448292	2,942251221	1,01143706860025	148,7187232
41752,76465	0,532507896	2,941081543	1,01147376260025	148,6596008
41762,76465	0,532090664	2,937141357	1,01165043460025	148,4604406
41772,76465	0,531882048	2,934221436	1,01156875760025	148,3128506
41782,76465	0,532507896	2,938562012	1,01158505560025	148,5322489
41792,76465	0,532180071	2,934862549	1,01143241160025	148,3452562
41802,76465	0,531941652	2,931678467	1,01149825660025	148,1843139
41812,76465	0,532507896	2,937908936	1,01151408860025	148,4992386
41822,76465	0,532031059	2,935745117	1,01153848960025	148,3898664
41832,76465	0,531941652	2,934099121	1,01146836060025	148,3066681
41842,76465	0,531375408	2,930794189	1,01151446160025	148,1396173
41852,76465	0,532031059	2,932978271	1,01158840860025	148,2500137
41862,76465	0,53152442	2,929142822	1,01160451960025	148,0561475
41872,76465	0,531792641	2,930778076	1,01146677760025	148,1388029
41882,76465	0,531554222	2,928772217	1,01158552060025	148,0374149
41892,76465	0,531792641	2,931349854	1,01145094460025	148,1677039
41902,76465	0,531703234	2,930263428	1,01144414660025	148,1127895
41912,76465	0,531196594	2,926731201	1,01150403060025	147,93425
41922,76465	0,53152442	2,929050781	1,01152153960025	148,0514952
41932,76465	0,531762838	2,929599854	1,01159893260025	148,0792486
41942,76465	0,531792641	2,930394775	1,01139823260025	148,1194286
41952,76465	0,53229928	2,934322998	1,01150524060025	148,3179841
41962,76465	0,532269478	2,933924805	1,01137560060025	148,2978571
41972,76465	0,532209873	2,933566895	1,01148959460025	148,2797662
41982,76465	0,531703234	2,931272217	1,01154873360025	148,1637797
41992,76465	0,53152442	2,92958374	1,01161280860025	148,0784341
42002,76465	0,532448292	2,936901611	1,01163599860025	148,4483224
42012,76465	0,531792641	2,931711426	1,01162743060025	148,1859799
42022,76465	0,531882048	2,932950684	1,01153709260025	148,2486193
42032,76465	0,531971455	2,932985596	1,01150766260025	148,2503839
42042,76465	0,531613827	2,93005127	1,01160135360025	148,1020658
42052,76465	0,531703234	2,928775146	1,01141080460025	148,037563
42062,76465	0,532358885	2,935369629	1,01157248260025	148,370887
42072,76465	0,532120466	2,934855957	1,01147255160025	148,344923
42082,76465	0,532418489	2,938299561	1,01158552060025	148,518983
42092,76465	0,532120466	2,93634668	1,01150607960025	148,4202729
42102,76465	0,531852245	2,932754639	1,01155907160025	148,23871
42112,76465	0,531852245	2,931696045	1,01148521760025	148,1852024
42122,76465	0,532031059	2,932612549	1,01156288960025	148,2315279
42132,76465	0,532269478	2,937182617	1,01142207360025	148,4625261
42142,76465	0,53229928	2,937584717	1,01153401860025	148,4828506
42152,76465	0,532120466	2,93461377	1,01163469460025	148,3326814
42162,76465	0,531941652	2,934625	1,01146798860025	148,3332491
42172,76465	0,531435013	2,92740625	1,01132828960025	147,9683709
42182,76465	0,531703234	2,930918213	1,01134570560025	148,1458862
42192,76465	0,531882048	2,932385254	1,01159073660025	148,2200391
42202,76465	0,531762838	2,930637207	1,01146742960025	148,1316825
42212,76465	0,531941652	2,93339624	1,01154035160025	148,2711403
42222,76465	0,532180071	2,934829346	1,01146761560025	148,3435779
42232,76465	0,531941652	2,933397461	1,01136964060025	148,271202
42242,76465	0,531613827	2,929770508	1,01153550860025	148,0878744
42252,76465	0,531852245	2,931378418	1,01154947860025	148,1691477
42262,76465	0,532507896	2,937183105	1,01152964160025	148,4625508
42272,76465	0,533163548	2,94431665	1,01157155160025	148,8231222
42282,76465	0,533342361	2,9465979	1,01146798860025	148,9384301
42292,76465	0,53268671	2,940104492	1,01159977060025	148,6102149
42302,76465	0,531196594	2,928340576	1,01152852460025	148,0155973
42312,76465	0,53229928	2,937737305	1,01152349460025	148,4905633
42322,76465	0,532120466	2,935834961	1,01153169060025	148,3944076
42332,76465	0,532358885	2,936899902	1,01140251660025	148,4482361
42342,76465	0,532537699	2,940892822	1,01164214560025	148,6500618
42352,76465	0,532269478	2,937282715	1,01153923460025	148,4675857
42362,76465	0,531703234	2,932868652	1,01162221560025	148,2444729
42372,76465	0,532448292	2,939635254	1,01161280860025	148,5864969
42382,76465	0,533044338	2,944167969	1,01145997860025	148,815607
42392,76465	0,532120466	2,936907959	1,01146985060025	148,4486433
42402,76465	0,531464815	2,92956958	1,01132922060025	148,0777184
42412,76465	0,532448292	2,938314453	1,01152079460025	148,5197358
42422,76465	0,531882048	2,933146484	1,01147376260025	148,2585162
42432,76465	0,532180071	2,936663086	1,01147478660025	148,436266
42442,76465	0,532537699	2,939689697	1,01147497260025	148,5892487
42452,76465	0,532031059	2,934336426	1,01150449560025	148,3186628
42462,76465	0,531464815	2,929059326	1,01151623060025	148,0519271
42472,76465	0,532090664	2,93320459	1,01155217960025	148,2614532
42482,76465	0,532448292	2,935760254	1,01161523060025	148,3906315
42492,76465	0,531673431	2,930284668	1,01163711660025	148,1138631
42502,76465	0,532269478	2,935627197	1,01164680160025	148,383906
42512,76465	0,532180071	2,935713623	1,01164242460025	148,3882745
42522,76465	0,531852245	2,932830078	1,01150635860025	148,2425232
42532,76465	0,532269478	2,935897705	1,01153513660025	148,3975791
42542,76465	0,531673431	2,930747559	1,01155171360025	148,1372603
42552,76465	0,531971455	2,934278564	1,01150961860025	148,3157382
42562,76465	0,532448292	2,937062012	1,01161057360025	148,45643
42572,76465	0,532269478	2,937207764	1,01142356360025	148,4637972
42582,76465	0,532090664	2,935066162	1,01162044560025	148,355548
42592,76465	0,532418489	2,936432373	1,01149555560025	148,4246044
42602,76465	0,532269478	2,934806152	1,01156167960025	148,3424056
42612,76465	0,532418489	2,936137695	1,01143138760025	148,4097096
42622,76465	0,531792641	2,930971191	1,01154966560025	148,1485641
42632,76465	0,532537699	2,937755615	1,01156549760025	148,4914888
42642,76465	0,532209873	2,934678467	1,01161672060025	148,3359516
42652,76465	0,532090664	2,934677979	1,01161532360025	148,3359269
42662,76465	0,53268671	2,939109131	1,01148428660025	148,5599035
42672,76465	0,532209873	2,936744873	1,01151911760025	148,4404
42682,76465	0,532031059	2,93672876	1,01152405360025	148,4395855
42692,76465	0,531941652	2,935251953	1,01153644060025	148,364939
42702,76465	0,53268671	2,940248779	1,01159930460025	148,6175081
42712,76465	0,531703234	2,934380127	1,01160507860025	148,3208718
42722,76465	0,531792641	2,932968506	1,01160722060025	148,2495201
42732,76465	0,531375408	2,930364258	1,01153467060025	148,1178861
42742,76465	0,532358885	2,938552246	1,01156968860025	148,5317553
42752,76465	0,532358885	2,938788574	1,01155134160025	148,5437007
42762,76465	0,532180071	2,936964355	1,01165043460025	148,4514939
42772,76465	0,53229928	2,936651367	1,01148698760025	148,4356736
42782,76465	0,53229928	2,939838135	1,01151967660025	148,5967517
42792,76465	0,531762838	2,934248047	1,01149806960025	148,3141957
42802,76465	0,532627106	2,940387939	1,01157322760025	148,624542
42812,76465	0,531464815	2,931893799	1,01152563660025	148,1951981
42822,76465	0,531762838	2,933264893	1,01161131860025	148,2645012
42832,76465	0,53152442	2,931858398	1,01157592860025	148,1934087
42842,76465	0,531882048	2,933923584	1,01159911860025	148,2977954
42852,76465	0,531286001	2,929086426	1,01148326160025	148,0532969
42862,76465	0,531941652	2,934170654	1,01165099260025	148,3102838
42872,76465	0,532180071	2,935465576	1,01152945560025	148,3757368
42882,76465	0,531792641	2,932270508	1,01170854860025	148,2142392
42892,76465	0,53113699	2,927202881	1,01156810560025	147,9580914
42902,76465	0,531345606	2,928768066	1,01148875660025	148,0372051
42912,76465	0,531703234	2,92948291	1,01159977060025	148,0733376
42922,76465	0,531613827	2,928741943	1,01148875660025	148,0358847
42932,76465	0,531345606	2,92563208	1,01160517160025	147,8786939
42942,76465	0,532448292	2,937871582	1,01152247060025	148,4973505
42952,76465	0,531852245	2,933873047	1,01166822260025	148,2952409
42962,76465	0,531554222	2,932115723	1,01153383260025	148,2064154
42972,76465	0,531613827	2,93033374	1,01156866460025	148,1163435
42982,76465	0,531882048	2,931849365	1,01149434460025	148,1929521
42992,76465	0,531703234	2,932058594	1,01168181960025	148,2035278
43002,76465	0,531554222	2,930745361	1,01155394960025	148,1371493
43012,76465	0,532418489	2,938396973	1,01156512560025	148,5239068
43022,76465	0,531792641	2,932474854	1,01147413460025	148,224568
43032,76465	0,531554222	2,930113525	1,01146919860025	148,1052126
43042,76465	0,531286001	2,928061768	1,01152302960025	148,0015046
43052,76465	0,532031059	2,933828613	1,01146137560025	148,292995
43062,76465	0,532448292	2,93881958	1,01157332060025	148,5452679
43072,76465	0,532358885	2,937042236	1,01145280760025	148,4554305
43082,76465	0,53229928	2,938738525	1,01159055060025	148,5411709
43092,76465	0,531971455	2,933700684	1,01147664960025	148,2865287
43102,76465	0,532090664	2,934103027	1,01141816260025	148,3068655
43112,76465	0,531792641	2,932984863	1,01158933960025	148,2503469
43122,76465	0,53113699	2,927416748	1,01158971160025	147,9689015
43132,76465	0,531762838	2,929785645	1,01153727860025	148,0886395
43142,76465	0,531941652	2,933190674	1,01172335660025	148,2607498
43152,76465	0,531703234	2,931023193	1,01146780160025	148,1511925
43162,76465	0,531882048	2,93108374	1,01145001360025	148,1542529
43172,76465	0,531971455	2,932075928	1,01159269260025	148,2044039
43182,76465	0,532120466	2,934814209	1,01151008360025	148,3428128
43192,76465	0,531941652	2,932062256	1,01146072360025	148,2037129
43202,76465	0,531852245	2,933492432	1,01157574260025	148,2760024
43212,76465	0,531792641	2,933697998	1,01155273860025	148,2863929
43222,76465	0,531792641	2,931844971	1,01148791860025	148,19273
43232,76465	0,532209873	2,934953613	1,01154202860025	148,3498591
43242,76465	0,532090664	2,932975342	1,01158133060025	148,2498656
43252,76465	0,531345606	2,929083496	1,01149006060025	148,0531488
43262,76465	0,531792641	2,93203125	1,01151623060025	148,2021457
43272,76465	0,532269478	2,935677002	1,01152573060025	148,3864235
43282,76465	0,532776117	2,939468018	1,01142943160025	148,5780438
43292,76465	0,532180071	2,934590332	1,01162296060025	148,3314968
43302,76465	0,531852245	2,932896484	1,01168098160025	148,2458797
43312,76465	0,531554222	2,930726318	1,01154733660025	148,1361867
43322,76465	0,531435013	2,928828125	1,01151064260025	148,0402409
43332,76465	0,53152442	2,927407471	1,01154389060025	147,9684326
43342,76465	0,531882048	2,93224585	1,01145932660025	148,2129928
43352,76465	0,531703234	2,929965576	1,01148978160025	148,0977343
43362,76465	0,531673431	2,930850586	1,01151669660025	148,142468
43372,76465	0,531882048	2,932280029	1,01147692860025	148,2147204
43382,76465	0,531196594	2,927697021	1,01146118960025	147,9830682
43392,76465	0,532031059	2,933261719	1,01156708060025	148,2643408
43402,76465	0,53229928	2,937678955	1,01143809260025	148,487614
43412,76465	0,531971455	2,935356445	1,01149900160025	148,3702206
43422,76465	0,531673431	2,931783447	1,01167166860025	148,1896203
43432,76465	0,531882048	2,931927002	1,01158952560025	148,1968764
43442,76465	0,531673431	2,92995459	1,01146603260025	148,097179
43452,76465	0,531971455	2,932461182	1,01156708060025	148,223877
43462,76465	0,532627106	2,937478516	1,01162500960025	148,4774826
43472,76465	0,531762838	2,929216553	1,01152209760025	148,0598743
43482,76465	0,531435013	2,927047852	1,01149378560025	147,9502553
43492,76465	0,530868769	2,924477539	1,01163497460025	147,8203366
43502,76465	0,532090664	2,932334717	1,01163096960025	148,2174847
43512,76465	0,531882048	2,930929199	1,01146258660025	148,1464415
43522,76465	0,531673431	2,929322754	1,01159781460025	148,0652423
43532,76465	0,531852245	2,930314209	1,01142654460025	148,1153563
43542,76465	0,53152442	2,929406494	1,01149210960025	148,069475
43552,76465	0,531792641	2,931806152	1,01139823260025	148,1907679
43562,76465	0,531613827	2,930689697	1,01143455360025	148,1343357
43572,76465	0,532090664	2,932873535	1,01155907160025	148,2447197
43582,76465	0,531762838	2,931522705	1,01160703460025	148,1764408
43592,76465	0,532627106	2,938579346	1,01162370560025	148,533125
43602,76465	0,532448292	2,938273926	1,01152004860025	148,5176873
43612,76465	0,53229928	2,938650146	1,01163041060025	148,5367037
43622,76465	0,531852245	2,934672363	1,01163991060025	148,3356431
43632,76465	0,532507896	2,938635254	1,01144209760025	148,535951
43642,76465	0,532209873	2,9355896	1,01135464660025	148,3820056
43652,76465	0,531703234	2,931547607	1,01156121360025	148,1776995
43662,76465	0,531703234	2,932078125	1,01154286660025	148,204515
43672,76465	0,532269478	2,935289063	1,01150421660025	148,3668147
43682,76465	0,53229928	2,935929932	1,01181602360025	148,399208
43692,76465	0,532180071	2,936070557	1,01144703360025	148,406316
43702,76465	0,532209873	2,935950684	1,01167176160025	148,400257
43712,76465	0,532358885	2,935588867	1,01157611460025	148,3819686
43722,76465	0,531226397	2,926991943	1,01149462360025	147,9474294
43732,76465	0,531464815	2,927788574	1,01152908260025	147,9876958
43742,76465	0,531762838	2,929343018	1,01143660260025	148,0662666
43752,76465	0,532269478	2,934256836	1,01167120260025	148,3146399
43762,76465	0,531554222	2,927142334	1,01153280860025	147,955031
43772,76465	0,532209873	2,932694824	1,01164093460025	148,2356866
43782,76465	0,532776117	2,937480713	1,01163180760025	148,4775937
43792,76465	0,532925129	2,939000732	1,01164018960025	148,5544244
43802,76465	0,532180071	2,93355249	1,01149546260025	148,2790381
43812,76465	0,532120466	2,931412354	1,01145019960025	148,170863
43822,76465	0,531852245	2,930078857	1,01152600960025	148,1034602
43832,76465	0,532031059	2,931049316	1,01146482160025	148,152513
43842,76465	0,531941652	2,930705811	1,01162314660025	148,1351501
43852,76465	0,531762838	2,928828613	1,01152926960025	148,0402655
43862,76465	0,531613827	2,926097168	1,01152684760025	147,9022022
43872,76465	0,531792641	2,927573242	1,01146947860025	147,9768117
43882,76465	0,531435013	2,925278564	1,01142477460025	147,8608251
43892,76465	0,531703234	2,92640332	1,01131562360025	147,9176769
43902,76465	0,532418489	2,93311499	1,01143129360025	148,2569243
43912,76465	0,532507896	2,933946289	1,01152731360025	148,298943
43922,76465	0,531852245	2,929477539	1,01160256460025	148,0730661
43932,76465	0,53152442	2,926501953	1,01148419360025	147,9226624
43942,76465	0,532269478	2,930757813	1,01154715060025	148,1377786
43952,76465	0,533014536	2,939787842	1,01156074760025	148,5942096
43962,76465	0,531971455	2,930435547	1,01140009460025	148,1214894
43972,76465	0,53268671	2,93774292	1,01142570660025	148,4908471
43982,76465	0,532418489	2,934462891	1,01168349660025	148,3250551
43992,76465	0,531554222	2,925767578	1,01155441460025	147,8855428
44002,76465	0,531554222	2,926484619	1,01151129460025	147,9217862
44012,76465	0,532627106	2,934592773	1,01156838460025	148,3316202
44022,76465	0,531941652	2,930565674	1,01155637060025	148,1280668
44032,76465	0,532180071	2,933286133	1,01144870960025	148,2655748
44042,76465	0,532954931	2,941174316	1,01163264560025	148,6642902
44052,76465	0,531971455	2,933516602	1,01143362260025	148,2772241
44062,76465	0,531673431	2,928275635	1,01149499660025	148,0123147
44072,76465	0,532448292	2,934205322	1,01159865260025	148,3120361
44082,76465	0,531554222	2,926094727	1,01156251760025	147,9020788
44092,76465	0,532031059	2,929996338	1,01168442760025	148,0992892
44102,76465	0,532358885	2,933971924	1,01146696360025	148,3002388
44112,76465	0,532090664	2,932223877	1,01156298260025	148,2118822
44122,76465	0,531673431	2,927334961	1,01161699960025	147,9647675
44132,76465	0,532209873	2,930890869	1,01153346060025	148,1445041
44142,76465	0,532209873	2,930825928	1,01153886160025	148,1412216
44152,76465	0,531852245	2,9299021	1,01159855960025	148,0945259
44162,76465	0,532776117	2,937976318	1,01159688360025	148,5026445
44172,76465	0,532627106	2,935948975	1,01144219060025	148,4001706
44182,76465	0,531941652	2,930474609	1,01144917560025	148,1234639
44192,76465	0,532180071	2,930650146	1,01164922360025	148,1323366
44202,76465	0,532418489	2,931946533	1,01150207460025	148,1978636
44212,76465	0,532269478	2,933435059	1,01164587060025	148,2731024
44222,76465	0,532358885	2,934921143	1,01142654460025	148,3482179
44232,76465	0,532925129	2,938883057	1,01141052560025	148,5484764
44242,76465	0,532507896	2,934283447	1,01152368160025	148,315985
44252,76465	0,531792641	2,929198975	1,01144777860025	148,0589858
44262,76465	0,53229928	2,93267334	1,01158850160025	148,2346007
44272,76465	0,531435013	2,927297852	1,01141927960025	147,9628918
44282,76465	0,532090664	2,931116211	1,01154649860025	148,1558942
44292,76465	0,531762838	2,929465088	1,01142551960025	148,0724367
44302,76465	0,532925129	2,938852539	1,01141592760025	148,5469338
44312,76465	0,531762838	2,929632813	1,01154808160025	148,0809145
44322,76465	0,53229928	2,933191895	1,01164400860025	148,2608115
44332,76465	0,53229928	2,933303955	1,01155134160025	148,2664757
44342,76465	0,531792641	2,930648193	1,01164316960025	148,1322378
44352,76465	0,532031059	2,930085449	1,01159977060025	148,1037934
44362,76465	0,531703234	2,929193359	1,01151073560025	148,0587019
44372,76465	0,531882048	2,929652832	1,01163236660025	148,0819264
44382,76465	0,532090664	2,931036377	1,01146621860025	148,1518589
44392,76465	0,532507896	2,934122559	1,01140344760025	148,3078527
44402,76465	0,532448292	2,93236377	1,01162826860025	148,2189532
44412,76465	0,531464815	2,926485107	1,01146882660025	147,9218109
44422,76465	0,531673431	2,9257146	1,01154435660025	147,8828649
44432,76465	0,532358885	2,930968262	1,01165434560025	148,148416
44442,76465	0,532090664	2,930959717	1,01145224860025	148,1479841
44452,76465	0,532090664	2,929618408	1,01146621860025	148,0801864
44462,76465	0,532448292	2,932682617	1,01161523060025	148,2350696
44472,76465	0,532448292	2,933201416	1,01165620860025	148,2612928
44482,76465	0,532031059	2,930710938	1,01159334460025	148,1354093
44492,76465	0,532358885	2,933802979	1,01153020060025	148,2916993
44502,76465	0,531703234	2,928428955	1,01149210960025	148,0200644
44512,76465	0,531941652	2,930424072	1,01147758060025	148,1209094
44522,76465	0,531554222	2,92756543	1,01164959560025	147,9764168
44532,76465	0,532120466	2,929456299	1,01162389160025	148,0719925
44542,76465	0,532269478	2,931109375	1,01156484560025	148,1555487
44552,76465	0,531882048	2,928358398	1,01171469560025	148,0164981
44562,76465	0,531882048	2,928149658	1,01160833860025	148,0059471
44572,76465	0,532180071	2,929045654	1,01159604460025	148,0512361
44582,76465	0,531971455	2,928566162	1,01165443860025	148,0269997
44592,76465	0,531792641	2,926368408	1,01156708060025	147,9159123
44602,76465	0,531613827	2,926065186	1,01152302960025	147,9005856
44612,76465	0,531673431	2,926031738	1,01160442660025	147,898895
44622,76465	0,532031059	2,929099121	1,01167883960025	148,0539386
44632,76465	0,532180071	2,930083252	1,01153709260025	148,1036824
44642,76465	0,531792641	2,928425293	1,01146174860025	148,0198793
44652,76465	0,532209873	2,930828369	1,01166226160025	148,141345
44662,76465	0,532090664	2,931019775	1,01164540560025	148,1510198
44672,76465	0,532031059	2,931608398	1,01152470560025	148,1807723
44682,76465	0,532180071	2,929604492	1,01155143460025	148,079483
44692,76465	0,532120466	2,931547607	1,01159269260025	148,1776995
44702,76465	0,531464815	2,926405762	1,01153373960025	147,9178003
44712,76465	0,532180071	2,930750488	1,01161634760025	148,1374084
44722,76465	0,533103943	2,938341309	1,01148335460025	148,5210932
44732,76465	0,532627106	2,936584717	1,01153439160025	148,4323047
44742,76465	0,532537699	2,9345979	1,01148866360025	148,3318793
44752,76465	0,531882048	2,930318604	1,01160712760025	148,1155784
44762,76465	0,531852245	2,92904126	1,01151893160025	148,0510139
44772,76465	0,532448292	2,934186768	1,01154407760025	148,3110982
44782,76465	0,53319335	2,9415354	1,01146705660025	148,6825415
44792,76465	0,532209873	2,932964355	1,01153988660025	148,2493103
44802,76465	0,532209873	2,933560059	1,01160451960025	148,2794207
44812,76465	0,532537699	2,936799805	1,01146295860025	148,4431765
44822,76465	0,531941652	2,931076904	1,01153122460025	148,1539074
44832,76465	0,531971455	2,931959473	1,01154696460025	148,1985176
44842,76465	0,531941652	2,930973877	1,01144293560025	148,1486998
44852,76465	0,532448292	2,936376709	1,01153336660025	148,4217908
44862,76465	0,532507896	2,935806396	1,01142496060025	148,3929638
44872,76465	0,532418489	2,937845459	1,01152833760025	148,4960301
44882,76465	0,531792641	2,932940186	1,01145727760025	148,2480886
44892,76465	0,532031059	2,933063721	1,01152368160025	148,2543328
44902,76465	0,532090664	2,936162354	1,01149015360025	148,410956
44912,76465	0,532597303	2,939751465	1,01147022360025	148,5923708
44922,76465	0,532865524	2,944012451	1,01157294860025	148,8077462
44932,76465	0,531762838	2,93260498	1,01155394960025	148,2311454
44942,76465	0,53268671	2,939947754	1,01168330960025	148,6022925
44952,76465	0,532954931	2,942596191	1,01154566060025	148,7361601
44962,76465	0,532090664	2,934429688	1,01153886160025	148,3233768
44972,76465	0,531286001	2,928921875	1,01160312260025	148,0449795
44982,76465	0,532120466	2,934821777	1,01160712760025	148,3431954
44992,76465	0,531554222	2,929679443	1,01159213360025	148,0832715
45002,76465	0,531226397	2,928527344	1,01147869860025	148,0250376
45012,76465	0,531762838	2,929477539	1,01140680060025	148,0730661
45022,76465	0,53152442	2,929193848	1,01161495060025	148,0587266
45032,76465	0,53101778	2,925058594	1,01147162060025	147,8497065
45042,76465	0,532418489	2,936656738	1,01146752260025	148,4359451
45052,76465	0,532507896	2,938498535	1,01155534660025	148,5290404
45062,76465	0,532180071	2,936608398	1,01150961860025	148,4335017
45072,76465	0,531852245	2,93460083	1,01170091160025	148,3320274
45082,76465	0,531464815	2,930722656	1,01159734860025	148,1360016
45092,76465	0,531882048	2,935363037	1,01145196960025	148,3705538
45102,76465	0,531762838	2,9341521	1,01162174960025	148,3093459
45112,76465	0,531673431	2,932105957	1,01146919860025	148,2059218
45122,76465	0,531196594	2,929048096	1,01158514860025	148,0513595
45132,76465	0,530868769	2,925295166	1,01147897760025	147,8616643
45142,76465	0,531345606	2,927800537	1,01147022360025	147,9883005
45152,76465	0,532209873	2,935633057	1,01155571860025	148,3842022
45162,76465	0,532418489	2,937041992	1,01153951360025	148,4554181
45172,76465	0,532209873	2,934662354	1,01168452060025	148,3351372
45182,76465	0,531613827	2,930096436	1,01158188860025	148,1043487
45192,76465	0,532180071	2,934706543	1,01143893060025	148,3373708
45202,76465	0,532180071	2,936735352	1,01154323860025	148,4399187
45212,76465	0,532180071	2,936702881	1,01149387860025	148,4382774
45222,76465	0,531345606	2,9303396	1,01149536860025	148,1166397
45232,76465	0,531464815	2,930881348	1,01159166760025	148,1440228
45242,76465	0,531435013	2,929788086	1,01152675460025	148,0887629
45252,76465	0,530868769	2,924906738	1,01152936260025	147,8420308
45262,76465	0,53113699	2,92705542	1,01151138760025	147,9506379
45272,76465	0,531047583	2,925501709	1,01149499660025	147,8721042
45282,76465	0,531226397	2,929402588	1,01153308760025	148,0692776
45292,76465	0,531196594	2,926561768	1,01136693960025	147,9256858
45302,76465	0,531971455	2,932779053	1,01165015460025	148,239944
45312,76465	0,531196594	2,927633789	1,01154407760025	147,9798721
45322,76465	0,531852245	2,9322771	1,01141527560025	148,2145724
45332,76465	0,531554222	2,931270508	1,01148447260025	148,1636933
45342,76465	0,531464815	2,928820801	1,01143716160025	148,0398706
45352,76465	0,531554222	2,93038916	1,01160535860025	148,1191448
45362,76465	0,531345606	2,927538574	1,01159297160025	147,9750594
45372,76465	0,531673431	2,931181641	1,01138379660025	148,1592014
45382,76465	0,531345606	2,929455566	1,01161867660025	148,0719554
45392,76465	0,531613827	2,931310791	1,01149481060025	148,1657294
45402,76465	0,531703234	2,929740723	1,01149602060025	148,0863689
45412,76465	0,532090664	2,931135742	1,01155990960025	148,1568814
45422,76465	0,53229928	2,935891602	1,01154808160025	148,3972706
45432,76465	0,531971455	2,933551025	1,01150477560025	148,2789641
45442,76465	0,531852245	2,932185547	1,01153550860025	148,2099447
45452,76465	0,531703234	2,930176514	1,01156195860025	148,1083964
45462,76465	0,531703234	2,930965576	1,01150822160025	148,1482802
45472,76465	0,531971455	2,934737793	1,01148326160025	148,3389503
45482,76465	0,53152442	2,929312988	1,01158533460025	148,0647487
45492,76465	0,531762838	2,930879883	1,01154193560025	148,1439488
45502,76465	0,531435013	2,927548096	1,01144014160025	147,9755406
45512,76465	0,531613827	2,92949707	1,01158729060025	148,0740533
45522,76465	0,531613827	2,929781982	1,01154752360025	148,0884544
45532,76465	0,532180071	2,933043213	1,01164819860025	148,2532962
45542,76465	0,531882048	2,932713379	1,01162230860025	148,2366245
45552,76465	0,531554222	2,929166992	1,01151045660025	148,0573692
45562,76465	0,531107187	2,924517822	1,01141294660025	147,8223727
45572,76465	0,531882048	2,932820313	1,01153308760025	148,2420295
45582,76465	0,531673431	2,932096191	1,01159418260025	148,2054282
45592,76465	0,531554222	2,929800293	1,01135520460025	148,08938
45602,76465	0,532537699	2,938522705	1,01160675560025	148,5302621
45612,76465	0,532031059	2,93376709	1,01155450760025	148,2898853
45622,76465	0,531703234	2,930906982	1,01148139960025	148,1453186
45632,76465	0,531286001	2,927826172	1,01158729060025	147,9895962
45642,76465	0,530958176	2,925728027	1,01154044460025	147,8835436
45652,76465	0,531941652	2,932830566	1,01166254160025	148,2425478
45662,76465	0,531047583	2,925655029	1,01147758060025	147,8798539
45672,76465	0,532120466	2,932152588	1,01147832560025	148,2082788
45682,76465	0,530928373	2,92480957	1,01152442660025	147,8371194
45692,76465	0,531613827	2,927661621	1,01164670860025	147,9812789
45702,76465	0,531286001	2,924212646	1,01137494860025	147,8069474
45712,76465	0,531464815	2,926687012	1,01154882660025	147,9320164
45722,76465	0,531852245	2,928808594	1,01141881460025	148,0392536
45732,76465	0,531047583	2,922273682	1,01153765060025	147,7089406
45742,76465	0,53113699	2,922871582	1,01162500960025	147,7391621
45752,76465	0,531286001	2,9245271	1,01150160860025	147,8228417
45762,76465	0,531345606	2,924758789	1,01168740760025	147,8345526
45772,76465	0,531226397	2,923874512	1,01146538060025	147,789856
45782,76465	0,531345606	2,924849854	1,01147180660025	147,8391556
45792,76465	0,531226397	2,926087158	1,01137373860025	147,9016962
45802,76465	0,531762838	2,931117432	1,01149797660025	148,1559559
45812,76465	0,531464815	2,928846191	1,01156484560025	148,041154
45822,76465	0,531047583	2,925373291	1,01154333260025	147,8656132
45832,76465	0,531613827	2,927876953	1,01157350660025	147,992163
45842,76465	0,531107187	2,923813721	1,01148400660025	147,7867833
45852,76465	0,531762838	2,928578857	1,01168601060025	148,0276414
45862,76465	0,531852245	2,930268066	1,01156093460025	148,113024
45872,76465	0,531762838	2,927759766	1,01166300760025	147,9862397
45882,76465	0,531345606	2,925562256	1,01162230860025	147,8751646
45892,76465	0,531613827	2,926859375	1,01148586960025	147,9407286
45902,76465	0,531703234	2,929187256	1,01162016660025	148,0583934
45912,76465	0,530779362	2,922359131	1,01145299360025	147,7132597
45922,76465	0,531435013	2,926122559	1,01153010760025	147,9034856
45932,76465	0,531882048	2,929713135	1,01147152760025	148,0849745
45942,76465	0,532507896	2,934106934	1,01153280860025	148,307063
45952,76465	0,531792641	2,928365234	1,01151185360025	148,0168436
45962,76465	0,531941652	2,9311521	1,01156819860025	148,1577082
45972,76465	0,531286001	2,925424072	1,01156475260025	147,86818
45982,76465	0,531375408	2,927832275	1,01142123560025	147,9899047
45992,76465	0,532209873	2,934913574	1,01157834960025	148,3478353
46002,76465	0,531792641	2,930916992	1,01151185360025	148,1458245
46012,76465	0,531673431	2,929157471	1,01152340160025	148,0568879
46022,76465	0,532448292	2,936664307	1,01155385660025	148,4363277
46032,76465	0,532358885	2,936698486	1,01160871060025	148,4380553
46042,76465	0,531971455	2,935879883	1,01134058360025	148,3966783
46052,76465	0,532358885	2,937190186	1,01151660360025	148,4629087
46062,76465	0,532090664	2,935525391	1,01152628860025	148,3787601
46072,76465	0,531971455	2,932193848	1,01143492660025	148,2103643
46082,76465	0,532090664	2,93494165	1,01144377360025	148,3492545
46092,76465	0,531941652	2,934023926	1,01156670860025	148,3028673
46102,76465	0,532180071	2,936502197	1,01153858260025	148,4281337
46112,76465	0,531792641	2,935070557	1,01150719660025	148,3557701
46122,76465	0,531792641	2,935135742	1,01147674260025	148,359065
46132,76465	0,531286001	2,93055542	1,01155711560025	148,1275485
46142,76465	0,531613827	2,931767822	1,01148344860025	148,1888305
46152,76465	0,531762838	2,932541748	1,01139916360025	148,2279493
46162,76465	0,532180071	2,936473389	1,01154444960025	148,4266776
46172,76465	0,531435013	2,929514404	1,01160619660025	148,0749295
46182,76465	0,531464815	2,92913623	1,01160358860025	148,0558143
46192,76465	0,532031059	2,934495117	1,01147189960025	148,326684
46202,76465	0,531464815	2,93040625	1,01155469460025	148,1200086
46212,76465	0,531882048	2,932767334	1,01159828060025	148,2393517
46222,76465	0,53152442	2,928018555	1,01149806960025	147,9993204
46232,76465	0,531554222	2,928091797	1,01152656860025	148,0030225
46242,76465	0,532090664	2,935390381	1,01149229560025	148,371936
46252,76465	0,531464815	2,930561768	1,01145699860025	148,1278694
46262,76465	0,532090664	2,935398926	1,01156223760025	148,3723679
46272,76465	0,531882048	2,931573242	1,01150617260025	148,1789953
46282,76465	0,531762838	2,932330566	1,01159138860025	148,2172749
46292,76465	0,531703234	2,929767578	1,01153709260025	148,0877264
46302,76465	0,532180071	2,934611084	1,01146510060025	148,3325457
46312,76465	0,53152442	2,927445068	1,01142440260025	147,970333
46322,76465	0,531345606	2,926830078	1,01161597560025	147,9392478
46332,76465	0,531554222	2,928068604	1,01156475260025	148,0018502
46342,76465	0,531345606	2,926224365	1,01151790660025	147,9086315
46352,76465	0,531435013	2,929069824	1,01160973560025	148,0524578
46362,76465	0,531673431	2,93283374	1,01142617160025	148,2427083
46372,76465	0,531435013	2,928762939	1,01157127160025	148,036946
46382,76465	0,531613827	2,929995361	1,01148046760025	148,0992399
46392,76465	0,531554222	2,930058105	1,01171432260025	148,1024113
46402,76465	0,531286001	2,92499292	1,01156968860025	147,846387
46412,76465	0,531435013	2,926791016	1,01145094460025	147,9372733
46422,76465	0,531464815	2,929468262	1,01135539160025	148,0725971
46432,76465	0,531554222	2,929075928	1,01154491560025	148,0527663
46442,76465	0,53152442	2,927597168	1,01150710360025	147,978021
46452,76465	0,530958176	2,923628662	1,01137466960025	147,7774293
46462,76465	0,531762838	2,930419922	1,01148195760025	148,1206996
46472,76465	0,531762838	2,930144287	1,01152284260025	148,1067674
46482,76465	0,531613827	2,929190918	1,01149564860025	148,0585785
46492,76465	0,53152442	2,927517822	1,01159110860025	147,9740104
46502,76465	0,531792641	2,929904541	1,01148978160025	148,0946493
46512,76465	0,531941652	2,932259277	1,01162258760025	148,2136715
46522,76465	0,531286001	2,925667236	1,01166421760025	147,8804709
46532,76465	0,532120466	2,933220703	1,01153709260025	148,2622676
46542,76465	0,532269478	2,93504248	1,01179627960025	148,354351
46552,76465	0,532597303	2,938703613	1,01157993360025	148,5394063
46562,76465	0,532120466	2,936436768	1,01159492760025	148,4248265
46572,76465	0,531852245	2,93080957	1,01158812860025	148,1403948
46582,76465	0,531107187	2,924209473	1,01148838460025	147,8067869
46592,76465	0,531375408	2,926784668	1,01152479860025	147,9369525
46602,76465	0,531286001	2,92637207	1,01144414660025	147,9160974
46612,76465	0,531554222	2,929051025	1,01157853660025	148,0515076
46622,76465	0,531882048	2,930567871	1,01160181960025	148,1281779
46632,76465	0,531435013	2,928015625	1,01152917560025	147,9991723
46642,76465	0,531375408	2,927958496	1,01160181960025	147,9962847
46652,76465	0,531882048	2,93187793	1,01156195860025	148,194396
46662,76465	0,531792641	2,931676025	1,01156130660025	148,1841905
46672,76465	0,531852245	2,930878662	1,01154044460025	148,1438871
46682,76465	0,532180071	2,934872559	1,01153187660025	148,3457622
46692,76465	0,53229928	2,935841553	1,01158216860025	148,3947408
46702,76465	0,531435013	2,92956543	1,01160237760025	148,0775086
46712,76465	0,531762838	2,930683105	1,01147925760025	148,1340025
46722,76465	0,532031059	2,93265625	1,01156167960025	148,2337369
46732,76465	0,531703234	2,929567383	1,01151604460025	148,0776073
46742,76465	0,532090664	2,933804932	1,01151222560025	148,291798
46752,76465	0,53229928	2,936108154	1,01136563560025	148,4082165
46762,76465	0,531762838	2,929866455	1,01155413560025	148,0927242
46772,76465	0,531792641	2,92970459	1,01153448460025	148,0845426
46782,76465	0,531613827	2,927706299	1,01155245960025	147,9835371
46792,76465	0,53101778	2,925101807	1,01147804660025	147,8518908
46802,76465	0,531226397	2,925379395	1,01160899060025	147,8659217
46812,76465	0,531554222	2,927357422	1,01156065460025	147,9659028
46822,76465	0,531554222	2,927606445	1,01154305260025	147,97849
46832,76465	0,531435013	2,927585449	1,01153914160025	147,9774287
46842,76465	0,531971455	2,931078125	1,01155171360025	148,1539691
46852,76465	0,531971455	2,93035498	1,01156978160025	148,1174171
46862,76465	0,53152442	2,928416992	1,01154277360025	148,0194598
46872,76465	0,531286001	2,926631348	1,01167269260025	147,9292028
46882,76465	0,53101778	2,923780273	1,01167483460025	147,7850927
46892,76465	0,531286001	2,926719727	1,01161811760025	147,93367
46902,76465	0,531345606	2,925808594	1,01151706860025	147,8876159
46912,76465	0,530928373	2,923538818	1,01149378560025	147,7728881
46922,76465	0,532358885	2,933682129	1,01150635860025	148,2855908
46932,76465	0,531762838	2,929796875	1,01149080560025	148,0892072
46942,76465	0,531286001	2,925638428	1,01150086360025	147,8790147
46952,76465	0,531852245	2,928012695	1,01147460060025	147,9990242
46962,76465	0,531345606	2,926753174	1,01147264460025	147,9353606
46972,76465	0,531464815	2,928018066	1,01159008460025	147,9992957
46982,76465	0,531613827	2,928980957	1,01143334260025	148,0479659
46992,76465	0,531673431	2,928946289	1,01155860560025	148,0462136
47002,76465	0,531554222	2,929768066	1,01153029360025	148,087751
47012,76465	0,531375408	2,926631348	1,01149164360025	147,9292028
47022,76465	0,532418489	2,934489258	1,01159911860025	148,3263879
47032,76465	0,531375408	2,927534424	1,01151269160025	147,9748496
47042,76465	0,531792641	2,930937012	1,01154808160025	148,1468364
47052,76465	0,532090664	2,934203613	1,01172009760025	148,3119497
47062,76465	0,531613827	2,928019775	1,01162621960025	147,9993821
47072,76465	0,531554222	2,928385986	1,01153150460025	148,0178926
47082,76465	0,531435013	2,926469238	1,01162612660025	147,9210088
47092,76465	0,531226397	2,924927002	1,01149648660025	147,8430551
47102,76465	0,53113699	2,922673584	1,01160135360025	147,7291541
47112,76465	0,531047583	2,923678955	1,01151222560025	147,7799714
47122,76465	0,532120466	2,931706299	1,01160899060025	148,1857207
47132,76465	0,531852245	2,927682373	1,01146333160025	147,9823278
47142,76465	0,53152442	2,924885742	1,01144619560025	147,8409696
47152,76465	0,531345606	2,924347656	1,01151148060025	147,8137715
47162,76465	0,531226397	2,922995605	1,01146007160025	147,7454309
47172,76465	0,53152442	2,924459473	1,01151865260025	147,8194234
47182,76465	0,531762838	2,927693848	1,01155329760025	147,9829078
47192,76465	0,531196594	2,922957764	1,01154323860025	147,7435182
47202,76465	0,531613827	2,927512207	1,01162640660025	147,9737266
47212,76465	0,531464815	2,925333008	1,01147562460025	147,863577
47222,76465	0,531196594	2,922705811	1,01149453060025	147,730783
47232,76465	0,530809164	2,917785889	1,01147692860025	147,4821011
47242,76465	0,531941652	2,927871826	1,01149434460025	147,9919039
47252,76465	0,531673431	2,924407227	1,01150505460025	147,8167826
47262,76465	0,531464815	2,923053467	1,01156456660025	147,7483556
47272,76465	0,532031059	2,929610596	1,01174691960025	148,0797915
47282,76465	0,531762838	2,927205078	1,01134579860025	147,9582025
47292,76465	0,531226397	2,922377197	1,01151501960025	147,7141729
47302,76465	0,531673431	2,925297852	1,01154091060025	147,8618
47312,76465	0,530868769	2,920926758	1,01155627760025	147,6408592
47322,76465	0,532209873	2,931102051	1,01153942060025	148,1551785
47332,76465	0,531345606	2,92589624	1,01145401860025	147,8920461
47342,76465	0,531792641	2,930187744	1,01149648660025	148,108964
47352,76465	0,531941652	2,930032959	1,01155832660025	148,1011403
47362,76465	0,531971455	2,932061523	1,01150663760025	148,2036759
47372,76465	0,531852245	2,928242676	1,01156875760025	148,0106488
47382,76465	0,531375408	2,926339844	1,01156270360025	147,9144684
47392,76465	0,53101778	2,921686768	1,01156996760025	147,6792745
47402,76465	0,531226397	2,924818359	1,01156875760025	147,8375637
47412,76465	0,531882048	2,92988916	1,01152768560025	148,0938718
47422,76465	0,532537699	2,933467041	1,01143986260025	148,274719
47432,76465	0,531852245	2,929262207	1,01141378560025	148,0621819
47442,76465	0,531107187	2,924020264	1,01162314660025	147,7972232
47452,76465	0,532031059	2,930161377	1,01150365760025	148,1076313
47462,76465	0,531613827	2,927249512	1,01151390260025	147,9604484
47472,76465	0,531226397	2,924131592	1,01156475260025	147,8028504
47482,76465	0,531613827	2,92617334	1,01141955960025	147,9060524
47492,76465	0,53152442	2,927196045	1,01152247060025	147,9577459
47502,76465	0,531882048	2,928882324	1,01142207360025	148,0429804
47512,76465	0,530809164	2,921006104	1,01154230760025	147,6448698
47522,76465	0,531464815	2,924135986	1,01159911860025	147,8030725
47532,76465	0,531554222	2,92649707	1,01160899060025	147,9224156
47542,76465	0,531852245	2,929538574	1,01146100360025	148,0761511
47552,76465	0,532031059	2,931093262	1,01161010760025	148,1547342
47562,76465	0,531047583	2,924241699	1,01161495060025	147,8084159
47572,76465	0,531852245	2,928103027	1,01160964260025	148,0035901
47582,76465	0,531762838	2,928790283	1,01145858160025	148,0383281
47592,76465	0,53101778	2,922912842	1,01147338960025	147,7412476
47602,76465	0,531703234	2,929608398	1,01163478760025	148,0796805
47612,76465	0,53152442	2,928539551	1,01142775460025	148,0256546
47622,76465	0,531941652	2,931906006	1,01154277360025	148,1958151
47632,76465	0,531762838	2,928143066	1,01162109760025	148,005614
47642,76465	0,531375408	2,925571777	1,01171525460025	147,8756458
47652,76465	0,531107187	2,922772461	1,01151623060025	147,7341519
47662,76465	0,531941652	2,929419434	1,01157378660025	148,0701291
47672,76465	0,53152442	2,925653564	1,01161793060025	147,8797798
47682,76465	0,531286001	2,926050781	1,01144097960025	147,8998575
47692,76465	0,531107187	2,921807129	1,01153923460025	147,6853583
47702,76465	0,531554222	2,927212402	1,01154407760025	147,9585727
47712,76465	0,531464815	2,924766357	1,01150151560025	147,8349352
47722,76465	0,530958176	2,923205322	1,01142589260025	147,7560313
47732,76465	0,531673431	2,926587402	1,01159297160025	147,9269815
47742,76465	0,532090664	2,9302771	1,01151865260025	148,1134806
47752,76465	0,53268671	2,936368408	1,01158216860025	148,4213712
47762,76465	0,531792641	2,930890869	1,01148195760025	148,1445041
47772,76465	0,531762838	2,929760254	1,01156754660025	148,0873561
47782,76465	0,532358885	2,936122803	1,01152405360025	148,4089569
47792,76465	0,532180071	2,935676025	1,01147478660025	148,3863741
47802,76465	0,532358885	2,935455811	1,01152545060025	148,3752432
47812,76465	0,532418489	2,935501465	1,01159939760025	148,3775508
47822,76465	0,531882048	2,931372803	1,01154891960025	148,1688639
47832,76465	0,531971455	2,932340088	1,01153327360025	148,2177562
47842,76465	0,531435013	2,925663086	1,01150738360025	147,8802611
47852,76465	0,531613827	2,928080566	1,01144051460025	148,0024548
47862,76465	0,531673431	2,927717529	1,01154854760025	147,9841048
47872,76465	0,531107187	2,922643555	1,01154146960025	147,7276362
47882,76465	0,531792641	2,929995361	1,01174673260025	148,0992399
47892,76465	0,531047583	2,924305664	1,01156335560025	147,811649
47902,76465	0,531792641	2,928453613	1,01153159760025	148,0213108
47912,76465	0,53152442	2,927018799	1,01155646360025	147,9487868
47922,76465	0,531554222	2,928322021	1,01146957160025	148,0146594
47932,76465	0,532209873	2,932395264	1,01171050460025	148,2205451
47942,76465	0,531554222	2,926743652	1,01147776660025	147,9348793
47952,76465	0,531613827	2,928460938	1,01161439160025	148,021681
47962,76465	0,531792641	2,930687988	1,01154957160025	148,1342493
47972,76465	0,531196594	2,924158936	1,01143380860025	147,8042325
47982,76465	0,531703234	2,926671387	1,01153932760025	147,9312266
47992,76465	0,531435013	2,92565918	1,01167008560025	147,8800637
48002,76465	0,531882048	2,929153076	1,01145318060025	148,0566658
48012,76465	0,531852245	2,929136475	1,01152051460025	148,0558267
48022,76465	0,531464815	2,925770752	1,01159157460025	147,8857032
48032,76465	0,531554222	2,926884766	1,01157890860025	147,942012
48042,76465	0,531226397	2,924272217	1,01139348260025	147,8099584
48052,76465	0,532090664	2,931141357	1,01145299360025	148,1571653
48062,76465	0,531971455	2,930306885	1,01149844260025	148,1149861
48072,76465	0,531613827	2,927513184	1,01147078260025	147,973776
48082,76465	0,532209873	2,932305176	1,01145923360025	148,2159915
48092,76465	0,532537699	2,934742188	1,01149555560025	148,3391724
48102,76465	0,532269478	2,932084961	1,01154957160025	148,2048605
48112,76465	0,531882048	2,928978516	1,01146137560025	148,0478425
48122,76465	0,531554222	2,927596924	1,01156037560025	147,9780087
48132,76465	0,531762838	2,92964502	1,01155637060025	148,0815315
48142,76465	0,53229928	2,932124512	1,01163860660025	148,2068597
48152,76465	0,531852245	2,930324463	1,01150319260025	148,1158746
48162,76465	0,531673431	2,929351074	1,01152600960025	148,0666738
48172,76465	0,531852245	2,92986792	1,01141816260025	148,0927982
48182,76465	0,532180071	2,932158447	1,01145019960025	148,208575
48192,76465	0,532031059	2,932198975	1,01158412360025	148,2106235
48202,76465	0,531345606	2,926775879	1,01160275060025	147,9365082
48212,76465	0,531464815	2,926542725	1,01143483260025	147,9247232
48222,76465	0,531375408	2,925786133	1,01134691660025	147,8864806
48232,76465	0,531196594	2,924182129	1,01164186560025	147,8054048
48242,76465	0,532180071	2,931131104	1,01166775660025	148,156647
48252,76465	0,532269478	2,93165332	1,01147338960025	148,1830429
48262,76465	0,531464815	2,92469043	1,01138109560025	147,8310973
48272,76465	0,532448292	2,934529297	1,01154612660025	148,3284117
48282,76465	0,532120466	2,931162109	1,01146118960025	148,1582142
48292,76465	0,53152442	2,927206787	1,01156456660025	147,9582889
48302,76465	0,531762838	2,927322754	1,01148838460025	147,9641505
48312,76465	0,53101778	2,921138184	1,01147366960025	147,6515459
48322,76465	0,531762838	2,927266357	1,01150868660025	147,9612999
48332,76465	0,532448292	2,931885498	1,01154649860025	148,1947785
48342,76465	0,531762838	2,927075195	1,01143958260025	147,9516375
48352,76465	0,531941652	2,928896484	1,01149443760025	148,0436961
48362,76465	0,531375408	2,9234646	1,01151650960025	147,7691367
48372,76465	0,531673431	2,926056152	1,01152749960025	147,900129
48382,76465	0,532090664	2,930604004	1,01167557960025	148,1300042
48392,76465	0,532180071	2,932401367	1,01152805860025	148,2208536
48402,76465	0,532180071	2,932240479	1,01142011860025	148,2127213
48412,76465	0,532448292	2,934878174	1,01149471760025	148,346046
48422,76465	0,531971455	2,930672852	1,01151976960025	148,1334842
48432,76465	0,531435013	2,926776123	1,01169849060025	147,9365206
48442,76465	0,531435013	2,926123779	1,01153383260025	147,9035473
48452,76465	0,531435013	2,924575684	1,01151734860025	147,8252974
48462,76465	0,530689955	2,918855469	1,01146668460025	147,536164
48472,76465	0,531435013	2,923650391	1,01145876760025	147,7785276
48482,76465	0,532537699	2,935288574	1,01146659160025	148,36679
48492,76465	0,531464815	2,92591333	1,01150403060025	147,8929099
48502,76465	0,531226397	2,924326172	1,01137867460025	147,8126856
48512,76465	0,530689955	2,918834961	1,01152247060025	147,5351274
48522,76465	0,531703234	2,925738525	1,01162230860025	147,8840743
48532,76465	0,53113699	2,921998535	1,01162221560025	147,6950331
48542,76465	0,530362129	2,915873291	1,01147301760025	147,3854272
48552,76465	0,532031059	2,931176758	1,01160004960025	148,1589546
48562,76465	0,530809164	2,9192771	1,01153569560025	147,5574757
48572,76465	0,53113699	2,92257959	1,01167064360025	147,724403
48582,76465	0,531613827	2,926199951	1,01153550860025	147,9073975
48592,76465	0,532180071	2,930192871	1,01157825660025	148,1092232
48602,76465	0,531971455	2,929689209	1,01162836160025	148,0837651
48612,76465	0,531882048	2,927023682	1,01161020160025	147,9490336
48622,76465	0,53113699	2,92122168	1,01156931560025	147,6557663
48632,76465	0,531375408	2,922981445	1,01158216860025	147,7447152
48642,76465	0,531107187	2,922069824	1,01153467060025	147,6986365
48652,76465	0,530928373	2,920463135	1,01158188860025	147,6174249
48662,76465	0,531047583	2,92082251	1,01154472960025	147,6355899
48672,76465	0,532269478	2,930947998	1,01159408960025	148,1473917
48682,76465	0,531882048	2,928735107	1,01151446160025	148,0355392
48692,76465	0,531464815	2,925959961	1,01155432160025	147,8952669
48702,76465	0,53152442	2,925938721	1,01142635760025	147,8941933
48712,76465	0,531107187	2,923335205	1,01171488160025	147,7625963
48722,76465	0,531852245	2,927113037	1,01151259860025	147,9535502
48732,76465	0,531852245	2,928631348	1,01162081860025	148,0302946
48742,76465	0,531554222	2,926508057	1,01158011960025	147,9229709
48752,76465	0,531613827	2,926617432	1,01155637060025	147,9284994
48762,76465	0,531226397	2,923812012	1,01143948960025	147,7866969
48772,76465	0,530928373	2,920876221	1,01159595160025	147,6383047
48782,76465	0,531375408	2,922933105	1,01133490260025	147,7422718
48792,76465	0,53063035	2,917816162	1,01163935160025	147,4836313
48802,76465	0,531345606	2,92132251	1,01140056060025	147,6608628
48812,76465	0,531196594	2,920965088	1,01158552060025	147,6427966
48822,76465	0,530481339	2,916435791	1,01139608960025	147,4138592
48832,76465	0,530540943	2,915052246	1,01157546260025	147,3439267
48835,34668	0,529795885	2,908403076	1,01163003860025	147,0078385
48842,76465	0,531613827	2,922342529	1,01156391460025	147,7124206
48852,76465	0,531345606	2,92020874	1,01152386760025	147,6045663
48862,76465	0,531345606	2,919198975	1,01156726760025	147,5535268
48872,76465	0,531673431	2,924551025	1,01164829260025	147,824051
48882,76465	0,532031059	2,92853418	1,01142533360025	148,0253831
48892,76465	0,531882048	2,926227295	1,01148242360025	147,9087796
48902,76465	0,531464815	2,922455566	1,01160656860025	147,7181342
48912,76465	0,531196594	2,918517578	1,01144489160025	147,519085
48922,76465	0,531286001	2,920151611	1,01160275060025	147,6016787
48932,76465	0,531882048	2,924854492	1,01146863960025	147,83939
48942,76465	0,531703234	2,923015869	1,01156149260025	147,7464552
48952,76465	0,531375408	2,918643311	1,01167446260025	147,5254403
48962,76465	0,53063035	2,913526855	1,01161755860025	147,2668245
48972,76465	0,531286001	2,919020752	1,01155786060025	147,5445184
48982,76465	0,531047583	2,917390869	1,01148447260025	147,4621345
48992,76465	0,531345606	2,9219104	1,01158468260025	147,6905783
49002,76465	0,531673431	2,923159668	1,01159176060025	147,7537236
49012,76465	0,530809164	2,91680957	1,01153001460025	147,4327522
49022,76465	0,531673431	2,922237061	1,01148139960025	147,7070896
49032,76465	0,531375408	2,92093335	1,01140894260025	147,6411924
49042,76465	0,531375408	2,9210896	1,01161122560025	147,6490902
49052,76465	0,531375408	2,923132813	1,01153513660025	147,7523662
49062,76465	0,531286001	2,921582764	1,01158272760025	147,6740176
49072,76465	0,532209873	2,931976074	1,01173108660025	148,1993568
49082,76465	0,531941652	2,92861377	1,01168982960025	148,0294061
49092,76465	0,53152442	2,925812256	1,01158375160025	147,887801
49102,76465	0,531435013	2,923656006	1,01144517060025	147,7788115
49112,76465	0,532120466	2,928168701	1,01152405360025	148,0069097
49122,76465	0,530302525	2,914223633	1,01153811660025	147,3020437
49132,76465	0,53152442	2,92260498	1,01166431060025	147,7256864
49142,76465	0,532507896	2,934578857	1,01162761660025	148,3309168
49152,76465	0,531762838	2,927666992	1,01146538060025	147,9815504
49162,76465	0,531196594	2,921369629	1,01149276160025	147,6632445
49172,76465	0,53113699	2,921024414	1,01158905960025	147,6457953
49182,76465	0,531196594	2,920438965	1,01168405460025	147,6162032
49192,76465	0,530868769	2,918217285	1,01150403060025	147,5039064
49202,76465	0,53113699	2,920211914	1,01160070160025	147,6047268
49212,76465	0,531286001	2,922247559	1,01161644060025	147,7076202
49222,76465	0,531435013	2,922660645	1,01155590460025	147,7285
49232,76465	0,531464815	2,923927734	1,01151427460025	147,7925462
49242,76465	0,53113699	2,922250488	1,01156531160025	147,7077683
49252,76465	0,530958176	2,919807373	1,01149806960025	147,5842789
49262,76465	0,531792641	2,927530762	1,01152498560025	147,9746645
49272,76465	0,53152442	2,924555176	1,01152656860025	147,8242608
49282,76465	0,53101778	2,920337891	1,01146323860025	147,6110944
49292,76465	0,530928373	2,919753906	1,01160535860025	147,5815763
49302,76465	0,530809164	2,917785645	1,01145541560025	147,4820888
49312,76465	0,531047583	2,920222412	1,01156819860025	147,6052574
49322,76465	0,530928373	2,919790771	1,01150719660025	147,5834397
49332,76465	0,531345606	2,922526611	1,01156121360025	147,7217252
49342,76465	0,531286001	2,922685547	1,01155217960025	147,7297587
49352,76465	0,531435013	2,923867188	1,01157127160025	147,7894858
49362,76465	0,530779362	2,917067383	1,01139581060025	147,4457836
49372,76465	0,531226397	2,922165771	1,01173863060025	147,7034862
49382,76465	0,531613827	2,924374268	1,01145550860025	147,8151166
49392,76465	0,531762838	2,926387451	1,01142104960025	147,9168748
49402,76465	0,532597303	2,935538086	1,01161271560025	148,3794018
49412,76465	0,531762838	2,928810059	1,01139134060025	148,0393277
49422,76465	0,531762838	2,927891357	1,01151464760025	147,9928911
49432,76465	0,532120466	2,930218994	1,01150579960025	148,1105436
49442,76465	0,53229928	2,932189209	1,01144535660025	148,2101299
49452,76465	0,53229928	2,931383545	1,01147059560025	148,1694068
49462,76465	0,532180071	2,93094043	1,01168219260025	148,1470092
49472,76465	0,53113699	2,922141846	1,01143362260025	147,7022769
49482,76465	0,531613827	2,925599365	1,01149192360025	147,8770403
49492,76465	0,531435013	2,922621826	1,01151800060025	147,7265379
49502,76465	0,531762838	2,926397705	1,01150924560025	147,9173931
49512,76465	0,531762838	2,926210205	1,01157127160025	147,9079157
49522,76465	0,531196594	2,92168457	1,01133331860025	147,6791635
49532,76465	0,532090664	2,929861572	1,01157043360025	148,0924774
49542,76465	0,531882048	2,927953857	1,01155068960025	147,9960502
49552,76465	0,531852245	2,928064209	1,01163795460025	148,001628
49562,76465	0,532418489	2,930757813	1,01150486860025	148,1377786
49572,76465	0,532090664	2,928581543	1,01150943160025	148,0277771
49582,76465	0,531673431	2,925562256	1,01150980460025	147,8751646
49592,76465	0,531554222	2,925050049	1,01161755860025	147,8492746
49602,76465	0,531703234	2,926564453	1,01160880460025	147,9258215
49612,76465	0,531345606	2,923408936	1,01148940860025	147,7663231
49622,76465	0,531345606	2,92161377	1,01159213360025	147,6755848
49632,76465	0,531703234	2,925351807	1,01145262160025	147,8645272
49642,76465	0,53152442	2,924054443	1,01165425260025	147,7989508
49652,76465	0,531673431	2,923564453	1,01146696360025	147,7741838
49662,76465	0,532180071	2,927180664	1,01158710460025	147,9569685
49672,76465	0,532209873	2,929344971	1,01145979260025	148,0663653
49682,76465	0,532180071	2,929154053	1,01161513760025	148,0567152
49692,76465	0,531613827	2,924764893	1,01158114360025	147,8348611
49702,76465	0,531762838	2,927561768	1,01137085160025	147,9762317
49712,76465	0,531673431	2,927176025	1,01160517160025	147,956734
49722,76465	0,532537699	2,932956299	1,01151027060025	148,2489031
49732,76465	0,531852245	2,928296143	1,01150207460025	148,0133513
49742,76465	0,531882048	2,92748291	1,01150151560025	147,9722458
49752,76465	0,530540943	2,915758545	1,01162500960025	147,3796272
49762,76465	0,530809164	2,917869385	1,01164866460025	147,4863215
49772,76465	0,531345606	2,922699219	1,01144517060025	147,7304498
49782,76465	0,531613827	2,924358643	1,01160591660025	147,8143269
49792,76465	0,531345606	2,92324585	1,01152628860025	147,7580797
49802,76465	0,531286001	2,922431152	1,01141359860025	147,7169001
49812,76465	0,531196594	2,921263428	1,01167557960025	147,6578765
49822,76465	0,531673431	2,922932373	1,01156670860025	147,7422348
49832,76465	0,530928373	2,919765625	1,01160014260025	147,5821687
49842,76465	0,531613827	2,924664307	1,01160396160025	147,8297769
49852,76465	0,53152442	2,924940186	1,01158272760025	147,8437215
49862,76465	0,531882048	2,926452637	1,01147795360025	147,9201697
49872,76465	0,53229928	2,931022217	1,01156410060025	148,1511432
49882,76465	0,532358885	2,932253906	1,01150924560025	148,2134
49892,76465	0,53229928	2,934002686	1,01160582360025	148,3017936
49902,76465	0,531345606	2,92487207	1,01156670860025	147,8402785
49912,76465	0,531852245	2,927987549	1,01160917660025	147,9977532
49922,76465	0,531792641	2,926745361	1,01159762860025	147,9349657
49932,76465	0,531673431	2,925669434	1,01150123660025	147,880582
49942,76465	0,531852245	2,926333008	1,01149378560025	147,9141229
49952,76465	0,531464815	2,925627686	1,01160079460025	147,8784718
49962,76465	0,531613827	2,925323975	1,01149276160025	147,8631204
49972,76465	0,530809164	2,919037354	1,01145038660025	147,5453575
49982,76465	0,532448292	2,932876953	1,01149825660025	148,2448925
49992,76465	0,532418489	2,931800781	1,01159921160025	148,1904964
50002,76465	0,53229928	2,933074219	1,01136489060025	148,2548635
50012,76465	0,531792641	2,928101563	1,01160554460025	148,0035161
50022,76465	0,531673431	2,925807129	1,01161997960025	147,8875419
50032,76465	0,531882048	2,927162354	1,01142049060025	147,9560429
50042,76465	0,531286001	2,922438965	1,01167343760025	147,717295
50052,76465	0,531345606	2,921520264	1,01148577660025	147,6708585
50062,76465	0,531196594	2,920865479	1,01141518260025	147,6377618
50072,76465	0,531613827	2,923456787	1,01144675360025	147,7687418
50082,76465	0,531703234	2,92344873	1,01151306460025	147,7683345
50092,76465	0,532031059	2,927848633	1,01149099160025	147,9907315
50102,76465	0,532120466	2,930628418	1,01170705860025	148,1312383
50112,76465	0,530958176	2,921497803	1,01154454260025	147,6697231
50122,76465	0,531047583	2,920981445	1,01146947860025	147,6436234
50132,76465	0,531107187	2,92126123	1,01148111960025	147,6577654
50142,76465	0,53101778	2,91834082	1,01158878060025	147,5101506
50152,76465	0,531107187	2,919945557	1,01150943160025	147,5912635
50162,76465	0,530958176	2,916943604	1,01152600960025	147,4395271
50172,76465	0,531762838	2,926484863	1,01154798860025	147,9217986
50182,76465	0,531345606	2,921629395	1,01150403060025	147,6763746
50192,76465	0,531435013	2,921326172	1,01155590460025	147,6610479
50202,76465	0,531971455	2,927474365	1,01163469460025	147,9718139
50212,76465	0,531464815	2,923318359	1,01148642860025	147,7617448
50222,76465	0,531375408	2,923572754	1,01163804760025	147,7746034
50232,76465	0,531882048	2,926273193	1,01158133060025	147,9110995
50242,76465	0,531941652	2,927693604	1,01159148160025	147,9828954
50252,76465	0,532180071	2,929131104	1,01155646360025	148,0555552
50262,76465	0,531703234	2,925166992	1,01157173760025	147,8551856
50272,76465	0,531792641	2,924500732	1,01152191160025	147,8215089
50282,76465	0,531792641	2,925467041	1,01150049160025	147,8703519
50292,76465	0,531226397	2,921162354	1,01158114360025	147,6527676
50302,76465	0,531554222	2,922393311	1,01149760460025	147,7149874
50312,76465	0,531554222	2,925566162	1,01165639460025	147,875362
50322,76465	0,531613827	2,92426123	1,01157807060025	147,8094031
50332,76465	0,531435013	2,924924316	1,01154351860025	147,8429193
50342,76465	0,532031059	2,927752441	1,01159651060025	147,9858695
50352,76465	0,532120466	2,927342041	1,01139767360025	147,9651254
50362,76465	0,531762838	2,924515381	1,01157378660025	147,8222493
50372,76465	0,531792641	2,924531738	1,01145392560025	147,8230761
50382,76465	0,531703234	2,924812012	1,01158533460025	147,8372428
50392,76465	0,532448292	2,930003662	1,01153429860025	148,0996594
50402,76465	0,532090664	2,927174805	1,01154649860025	147,9566723
50412,76465	0,532031059	2,926925293	1,01151138760025	147,9440605
50422,76465	0,53152442	2,923894043	1,01146593960025	147,7908433
50432,76465	0,531852245	2,927255859	1,01143883760025	147,9607693
50442,76465	0,532597303	2,932881592	1,01150281960025	148,245127
50452,76465	0,532269478	2,927916504	1,01162016660025	147,9941621
50462,76465	0,532090664	2,929130615	1,01144796460025	148,0555305
50472,76465	0,531792641	2,925977539	1,01154891960025	147,8961554
50482,76465	0,532120466	2,928604492	1,01153858260025	148,0289371
50492,76465	0,531703234	2,925775391	1,01147823260025	147,8859377
50502,76465	0,531435013	2,924655273	1,01145569460025	147,8293203
50512,76465	0,531345606	2,921721436	1,01145839560025	147,6810269
50522,76465	0,531345606	2,921303223	1,01152340160025	147,6598879
50532,76465	0,530958176	2,918533936	1,01156093460025	147,5199118
50542,76465	0,531286001	2,921767334	1,01145457760025	147,6833468
50552,76465	0,531375408	2,921913574	1,01163534660025	147,6907387
50562,76465	0,53113699	2,919915283	1,01149667260025	147,5897333
50572,76465	0,531196594	2,920622559	1,01162575460025	147,6254831
50582,76465	0,531703234	2,925951172	1,01161653460025	147,8948227
50592,76465	0,531107187	2,920789063	1,01159911860025	147,6338992
50602,76465	0,531435013	2,922734619	1,01149006060025	147,7322391
50612,76465	0,531554222	2,923234131	1,01153280860025	147,7574874
50622,76465	0,530868769	2,917946533	1,01150728960025	147,490221
50632,76465	0,531554222	2,923564453	1,01146258660025	147,7741838
50642,76465	0,53152442	2,922364746	1,01157034060025	147,7135436
50652,76465	0,531107187	2,920969482	1,01140372660025	147,6430187
50662,76465	0,530868769	2,918810791	1,01142971060025	147,5339057
50672,76465	0,530689955	2,916617432	1,01149983960025	147,4230404
50682,76465	0,531792641	2,926864014	1,01156801260025	147,9409631
50692,76465	0,531107187	2,921744629	1,01148000260025	147,6821992
50702,76465	0,530928373	2,918612793	1,01158915360025	147,5238977
50712,76465	0,531464815	2,924437256	1,01150868660025	147,8183004
50722,76465	0,531852245	2,926751953	1,01154547460025	147,9352989
50732,76465	0,531673431	2,925088867	1,01147478660025	147,8512367
50742,76465	0,531464815	2,925042725	1,01154910660025	147,8489044
50752,76465	0,531435013	2,922736328	1,01157546260025	147,7323255
50762,76465	0,531345606	2,92192041	1,01164894460025	147,6910842
50772,76465	0,530958176	2,916536865	1,01163059660025	147,4189681
50782,76465	0,531554222	2,923365723	1,01164931660025	147,7641388
50792,76465	0,531613827	2,924417236	1,01165844360025	147,8172885
50802,76465	0,531673431	2,924059082	1,01151576460025	147,7991853
50812,76465	0,532776117	2,932802734	1,01170212260025	148,241141
50822,76465	0,531971455	2,927749268	1,01148801160025	147,985709
50832,76465	0,531435013	2,921152832	1,01145671960025	147,6522863
50842,76465	0,531703234	2,923704346	1,01176517360025	147,7812548
50852,76465	0,531673431	2,922187256	1,01153830260025	147,7045722
50862,76465	0,531435013	2,921250244	1,01155329760025	147,6572101
50872,76465	0,531673431	2,922865723	1,01162314660025	147,7388659
50882,76465	0,531435013	2,920721924	1,01160340260025	147,6305057
50892,76465	0,531435013	2,920951904	1,01143352960025	147,6421302
50902,76465	0,531375408	2,921656738	1,01144358760025	147,6777567
50912,76465	0,531435013	2,921717041	1,01147879160025	147,6808047
50922,76465	0,531613827	2,922773926	1,01156270360025	147,7342259
50932,76465	0,532090664	2,929149658	1,01156251760025	148,056493
50942,76465	0,53229928	2,929172607	1,01159529960025	148,057653
50952,76465	0,532090664	2,927330566	1,01151380960025	147,9645454
50962,76465	0,531852245	2,926452637	1,01138659060025	147,9201697
50972,76465	0,531226397	2,919590088	1,01157210960025	147,573296
50982,76465	0,532358885	2,930685059	1,01159529960025	148,1341012
50992,76465	0,531673431	2,923331055	1,01148242360025	147,7623865
51002,76465	0,531464815	2,922831299	1,01156093460025	147,7371259
51012,76465	0,530928373	2,919591064	1,01164177260025	147,5733454
51022,76465	0,531196594	2,920301025	1,01147767360025	147,609231
51032,76465	0,531047583	2,918581543	1,01150179560025	147,5223182
51042,76465	0,531703234	2,922896729	1,01141033960025	147,7404331
51052,76465	0,531107187	2,918153809	1,01154705760025	147,500698
51062,76465	0,531554222	2,92223584	1,01147599760025	147,7070279
51072,76465	0,531375408	2,920351807	1,01149443760025	147,6117977
51082,76465	0,531196594	2,919644531	1,01143688160025	147,5760479
51092,76465	0,531196594	2,919702148	1,01157658060025	147,5789602
51102,76465	0,53101778	2,916849854	1,01152330860025	147,4347884
51112,76465	0,530958176	2,918189453	1,01156372860025	147,5024997
51122,76465	0,531226397	2,919569824	1,01160209860025	147,5722717
51132,76465	0,53152442	2,922088623	1,01150822160025	147,6995867
51142,76465	0,531196594	2,920246094	1,01162072460025	147,6064544
51152,76465	0,531703234	2,925926025	1,01165928160025	147,8935516
51162,76465	0,531554222	2,92393457	1,01141890760025	147,7928917
51172,76465	0,531613827	2,926096191	1,01165043460025	147,9021528
51182,76465	0,531226397	2,922216553	1,01165238960025	147,706053
51192,76465	0,531286001	2,922117188	1,01163674360025	147,7010305
51202,76465	0,531196594	2,920492676	1,01156326260025	147,6189181
51212,76465	0,531703234	2,923973389	1,01146277260025	147,7948539
51222,76465	0,531196594	2,921437988	1,01166067860025	147,6666998
51232,76465	0,531703234	2,924559814	1,01150961860025	147,8244953
51242,76465	0,531554222	2,923892822	1,01151120160025	147,7907816
51252,76465	0,531464815	2,922626221	1,01164605660025	147,72676
51262,76465	0,530600548	2,914892578	1,01161951460025	147,3358562
51272,76465	0,531196594	2,919898682	1,01147515960025	147,5888941
51282,76465	0,531196594	2,920029785	1,01146295860025	147,5955209
51292,76465	0,530391932	2,912753174	1,01140894260025	147,227718
51302,76465	0,531107187	2,91781543	1,01162817560025	147,4835943
51312,76465	0,530689955	2,915032715	1,01153364660025	147,3429395
51322,76465	0,53101778	2,917972412	1,01144824460025	147,4915291
51332,76465	0,531345606	2,918318115	1,01146444960025	147,509003
51342,76465	0,530689955	2,915796143	1,01151185360025	147,3815276
51352,76465	0,53101778	2,919016602	1,01153550860025	147,5443086
51362,76465	0,530540943	2,916038086	1,01151949060025	147,3937569
51372,76465	0,531107187	2,91974707	1,01148018860025	147,5812308
51382,76465	0,529974699	2,909919922	1,01145597460025	147,0845088
51392,76465	0,531286001	2,921165771	1,01152992160025	147,6529403
51402,76465	0,531107187	2,92298584	1,01152917560025	147,7449373
51412,76465	0,531375408	2,924361084	1,01154389060025	147,8144503
51422,76465	0,530958176	2,919325195	1,01153206360025	147,5599068
51432,76465	0,531375408	2,923928467	1,01156829160025	147,7925832
51442,76465	0,531375408	2,923469238	1,01138146860025	147,7693711
51452,76465	0,53101778	2,921965576	1,01158002660025	147,6933672
51462,76465	0,53113699	2,921437256	1,01141033960025	147,6666628
51472,76465	0,531226397	2,922006592	1,01147739460025	147,6954403
51482,76465	0,531375408	2,924233643	1,01156875760025	147,8080086
51492,76465	0,531613827	2,926756348	1,01157639460025	147,935521
51502,76465	0,531226397	2,924827637	1,01152023560025	147,8380326
51512,76465	0,530928373	2,92262207	1,01147152760025	147,7265503
51522,76465	0,530868769	2,922202148	1,01154966560025	147,7053249
51532,76465	0,53101778	2,921439453	1,01159977060025	147,6667738
51542,76465	0,530958176	2,92122876	1,01162584760025	147,6561241
51552,76465	0,530540943	2,917572021	1,01145718460025	147,471291
51562,76465	0,531286001	2,923423096	1,01150654460025	147,7670388
51572,76465	0,530600548	2,917761719	1,01142347060025	147,4808794
51582,76465	0,531375408	2,924152344	1,01158328560025	147,8038993
51592,76465	0,531107187	2,920750977	1,01161299460025	147,6319741
51602,76465	0,53063035	2,917187988	1,01148121260025	147,4518797
51612,76465	0,531226397	2,92283374	1,01165984060025	147,7372493
51622,76465	0,530928373	2,919089111	1,01155832660025	147,5479737
51632,76465	0,530809164	2,919558594	1,01171022560025	147,5717041
51642,76465	0,530868769	2,918431641	1,01156186560025	147,5147412
51652,76465	0,53101778	2,920719238	1,01155329760025	147,6303699
51662,76465	0,530451536	2,916530029	1,01161653460025	147,4186226
51672,76465	0,530809164	2,917887451	1,01143781360025	147,4872347
51682,76465	0,531435013	2,923431152	1,01147003660025	147,767446
51692,76465	0,531345606	2,923722656	1,01158812860025	147,7821804
51702,76465	0,530958176	2,920579102	1,01166533560025	147,6232866
51712,76465	0,53101778	2,919579346	1,01161122560025	147,572753
51722,76465	0,531554222	2,923952148	1,01148987460025	147,7937802
51732,76465	0,532180071	2,930657227	1,01167027160025	148,1326944
51742,76465	0,532507896	2,933647949	1,01147823260025	148,2838632
51752,76465	0,531554222	2,928692871	1,01181360160025	148,0334043
51762,76465	0,530958176	2,922075684	1,01150049160025	147,6989327
51772,76465	0,530719757	2,918232178	1,01156093460025	147,5046592
51782,76465	0,531107187	2,920031982	1,01147599760025	147,5956319
51792,76465	0,531226397	2,921139404	1,01153923460025	147,6516076
51802,76465	0,53113699	2,922398193	1,01152889660025	147,7152342
51812,76465	0,531435013	2,923700684	1,01151623060025	147,7810697
51822,76465	0,531554222	2,925895264	1,01166440360025	147,8919967
51832,76465	0,531852245	2,927599609	1,01159176060025	147,9781444
51842,76465	0,531226397	2,923106689	1,01153597460025	147,7510458
51852,76465	0,531196594	2,922912842	1,01152414660025	147,7412476
51862,76465	0,530928373	2,919308838	1,01155152760025	147,55908
51872,76465	0,530779362	2,920422363	1,01156195860025	147,6153641
51882,76465	0,530928373	2,920431152	1,01146398360025	147,6158083
51892,76465	0,53113699	2,920919922	1,01164819860025	147,6405136
51902,76465	0,531435013	2,924156738	1,01158011960025	147,8041214
51912,76465	0,531435013	2,924304443	1,01149397160025	147,8115873
51922,76465	0,531286001	2,923847656	1,01151157360025	147,7884986
51932,76465	0,531762838	2,926736084	1,01139273760025	147,9344968
51942,76465	0,531196594	2,922642334	1,01151120160025	147,7275745
51952,76465	0,530779362	2,919112305	1,01159176060025	147,549146
51962,76465	0,531464815	2,924466553	1,01141453060025	147,8197813
51972,76465	0,530958176	2,922272217	1,01154593960025	147,7088666
51982,76465	0,53113699	2,922911621	1,01156829160025	147,7411859
51992,76465	0,530362129	2,915332275	1,01148121260025	147,358081
52002,76465	0,531107187	2,919201172	1,01149760460025	147,5536379
52012,76465	0,53101778	2,920737793	1,01149983960025	147,6313078
52022,76465	0,530958176	2,91983374	1,01150822160025	147,5856116
52032,76465	0,530958176	2,9194375	1,01153727860025	147,5655833
52042,76465	0,531196594	2,921701172	1,01145932660025	147,6800026
52052,76465	0,531107187	2,920368896	1,01155199360025	147,6126616
52062,76465	0,530362129	2,914795898	1,01149844260025	147,3309694
52072,76465	0,531107187	2,920364502	1,01148512460025	147,6124394
52082,76465	0,531345606	2,922044678	1,01147767360025	147,6973654
52092,76465	0,531047583	2,918557617	1,01154202860025	147,5211088
52102,76465	0,530779362	2,917430664	1,01143511260025	147,464146
52112,76465	0,530391932	2,915046143	1,01157034060025	147,3436182
52122,76465	0,531554222	2,923385498	1,01155990960025	147,7651384
52132,76465	0,531107187	2,920780029	1,01148801160025	147,6334426
52142,76465	0,530958176	2,918612793	1,01151157360025	147,5238977
52152,76465	0,531703234	2,924719971	1,01125741660025	147,8325905
52162,76465	0,531554222	2,925369385	1,01152442660025	147,8654157
52172,76465	0,531882048	2,92772583	1,01127641560025	147,9845244
52182,76465	0,531762838	2,92535791	1,01146491460025	147,8648357
52192,76465	0,53063035	2,919167725	1,01159595160025	147,5519473
52202,76465	0,530928373	2,91926709	1,01153411160025	147,5569698
52212,76465	0,531107187	2,919869873	1,01148708060025	147,587438
52222,76465	0,531286001	2,92280249	1,01162147060025	147,7356697
52232,76465	0,530719757	2,916436279	1,01145830260025	147,4138839
52242,76465	0,531286001	2,919792969	1,01152628860025	147,5835508
52252,76465	0,531435013	2,919911865	1,01164177260025	147,5895605
52262,76465	0,530779362	2,916168213	1,01147422760025	147,4003343
52272,76465	0,530928373	2,914493408	1,01151772060025	147,3156798
52282,76465	0,531375408	2,918980225	1,01157248260025	147,5424699
52292,76465	0,531792641	2,922567871	1,01142365760025	147,7238107
52302,76465	0,531673431	2,922975586	1,01143911760025	147,744419
52312,76465	0,531196594	2,919128662	1,01155087560025	147,5499728
52322,76465	0,531554222	2,922814453	1,01163069060025	147,7362744
52332,76465	0,530958176	2,917869629	1,01151921060025	147,4863339
52342,76465	0,532418489	2,928536621	1,01153485760025	148,0255065
52352,76465	0,531852245	2,925039063	1,01144889560025	147,8487193
52362,76465	0,53152442	2,921795166	1,01156559060025	147,6847536
52372,76465	0,531345606	2,918814209	1,01157807060025	147,5340785
52382,76465	0,531196594	2,918084473	1,01142933860025	147,4971933
52392,76465	0,53113699	2,917572021	1,01163404260025	147,471291
52402,76465	0,53101778	2,917169189	1,01156214460025	147,4509295
52412,76465	0,530958176	2,918527344	1,01145457760025	147,5195786
52422,76465	0,53101778	2,916868896	1,01152014260025	147,4357509
52432,76465	0,531047583	2,916295654	1,01144237660025	147,4067759
52442,76465	0,53101778	2,916744141	1,01158272760025	147,429445
52452,76465	0,531375408	2,919802002	1,01163581260025	147,5840074
52462,76465	0,531107187	2,918421631	1,01146398360025	147,5142353
52472,76465	0,530809164	2,915782227	1,01144656760025	147,3808242
52482,76465	0,532031059	2,927216309	1,01162221560025	147,9587701
52492,76465	0,531226397	2,92222168	1,01143725460025	147,7063122
52502,76465	0,531613827	2,925345459	1,01152787260025	147,8642064
52512,76465	0,530481339	2,915393799	1,01138137560025	147,3611908
52522,76465	0,531464815	2,921950195	1,01155255260025	147,6925897
52532,76465	0,531792641	2,924750488	1,01153774460025	147,8341331
52542,76465	0,532031059	2,927524658	1,01150617260025	147,974356
52552,76465	0,532090664	2,931663574	1,01147404160025	148,1835612
52562,76465	0,532090664	2,930025635	1,01156112060025	148,1007701
52572,76465	0,531435013	2,925070557	1,01157509060025	147,8503112
52582,76465	0,531852245	2,926763672	1,01161942160025	147,9358912
52592,76465	0,531554222	2,923197754	1,01153252860025	147,7556487
52602,76465	0,531703234	2,925100342	1,01158850160025	147,8518167
52612,76465	0,53152442	2,924509277	1,01162277360025	147,8219408
52622,76465	0,531435013	2,922688721	1,01153439160025	147,7299192
52632,76465	0,53101778	2,918704102	1,01140791760025	147,528513
52642,76465	0,531971455	2,926471191	1,01155553260025	147,9211075
52652,76465	0,531554222	2,925890381	1,01146444960025	147,8917499
52662,76465	0,531941652	2,926432617	1,01159893260025	147,9191578
52672,76465	0,531852245	2,92614502	1,01148698760025	147,9046209
52682,76465	0,530868769	2,918446289	1,01138770860025	147,5154817
52692,76465	0,530928373	2,917713623	1,01152507860025	147,4784484
52702,76465	0,53101778	2,918637695	1,01154212160025	147,5251565
52712,76465	0,530809164	2,916485107	1,01154975860025	147,416352
52722,76465	0,531107187	2,91870752	1,01133005960025	147,5286858
52732,76465	0,531852245	2,925535889	1,01169606860025	147,8738318
52742,76465	0,531047583	2,92088501	1,01166608060025	147,638749
52752,76465	0,53101778	2,918800537	1,01158682460025	147,5333874
52762,76465	0,531286001	2,922480957	1,01170445060025	147,7194176
52772,76465	0,53229928	2,931115723	1,01151911760025	148,1558695
52782,76465	0,531703234	2,926727295	1,01149713860025	147,9340525
52792,76465	0,531613827	2,923519531	1,01161951460025	147,7719132
52802,76465	0,530928373	2,915674072	1,01157378660025	147,3753575
52812,76465	0,531196594	2,918720947	1,01150319260025	147,5293645
52822,76465	0,532031059	2,92652832	1,01157499760025	147,9239952
52832,76465	0,532180071	2,927740723	1,01151492660025	147,9852771
52842,76465	0,530719757	2,916107422	1,01140288860025	147,3972615
52852,76465	0,531196594	2,919813232	1,01154910660025	147,584575
52862,76465	0,531226397	2,920776123	1,01154864060025	147,6332452
52872,76465	0,531047583	2,918329834	1,01174496360025	147,5095953
52882,76465	0,531464815	2,920933105	1,01160116760025	147,64118
52892,76465	0,531375408	2,920457764	1,01154929260025	147,6171534
52902,76465	0,531792641	2,923982422	1,01152247060025	147,7953104
52912,76465	0,531673431	2,922990234	1,01152582360025	147,7451594
52922,76465	0,531792641	2,924424805	1,01154407760025	147,8176711
52932,76465	0,531762838	2,925259277	1,01139562460025	147,8598502
52942,76465	0,532269478	2,928398926	1,01152833760025	148,0185466
52952,76465	0,531375408	2,921135254	1,01147897760025	147,6513978
52962,76465	0,531286001	2,9219646	1,01165965460025	147,6933178
52972,76465	0,531196594	2,919216553	1,01147534560025	147,5544153
52982,76465	0,531226397	2,9204021	1,01152340160025	147,6143399
52992,76465	0,531345606	2,919436279	1,01154826860025	147,5655216
53002,76465	0,531435013	2,92051416	1,01144694060025	147,6200041
53012,76465	0,530451536	2,913769043	1,01148782560025	147,2790661
53022,76465	0,530600548	2,91352832	1,01140521660025	147,2668985
53032,76465	0,531703234	2,923507813	1,01154407760025	147,7713209
53042,76465	0,53152442	2,922959229	1,01149844260025	147,7435922
53052,76465	0,531762838	2,923268311	1,01150151560025	147,759215
53062,76465	0,531345606	2,919865967	1,01159185360025	147,5872405
53072,76465	0,531047583	2,916626953	1,01151818660025	147,4235217
53082,76465	0,530451536	2,911424072	1,01142393660025	147,1605374
53092,76465	0,53101778	2,916473633	1,01141210860025	147,415772
53102,76465	0,531107187	2,917955322	1,01151604460025	147,4906653
53112,76465	0,531464815	2,920289063	1,01152833760025	147,6086263
53122,76465	0,531464815	2,921986328	1,01146947860025	147,6944161
53132,76465	0,531435013	2,921357422	1,01149620760025	147,6626275
53142,76465	0,532418489	2,929055908	1,01160135360025	148,0517544
53152,76465	0,531613827	2,922539551	1,01151911760025	147,7223792
53162,76465	0,531345606	2,921091064	1,01149108460025	147,6491642
53172,76465	0,53113699	2,918534424	1,01161755860025	147,5199365
53182,76465	0,532090664	2,926645264	1,01149024660025	147,9299062
53192,76465	0,532537699	2,931967773	1,01165797760025	148,1989372
53202,76465	0,532180071	2,929005371	1,01170473060025	148,0491999
53212,76465	0,531464815	2,921493652	1,01162659260025	147,6695134
53222,76465	0,531047583	2,91822876	1,01153811660025	147,5044864
53232,76465	0,53113699	2,918164551	1,01163963060025	147,5012409
53242,76465	0,531464815	2,92140918	1,01151865260025	147,6652436
53252,76465	0,531435013	2,920109619	1,01151520660025	147,5995562
53262,76465	0,531226397	2,918541748	1,01144731260025	147,5203067
53272,76465	0,531703234	2,922034668	1,01163935160025	147,6968595
53282,76465	0,531107187	2,918736816	1,01162193560025	147,5301666
53292,76465	0,531554222	2,921196045	1,01159660360025	147,6544705
53302,76465	0,53113699	2,918001221	1,01164167960025	147,4929853
53312,76465	0,53101778	2,917179199	1,01162463660025	147,4514355
53322,76465	0,531792641	2,922349365	1,01157015460025	147,7127661
53332,76465	0,53152442	2,921679443	1,01147851260025	147,6789043
53342,76465	0,531345606	2,91934375	1,01172149460025	147,5608446
53352,76465	0,530719757	2,913351074	1,01148875660025	147,2579395
53362,76465	0,531196594	2,915835449	1,01152237760025	147,3835144
53372,76465	0,53101778	2,91500415	1,01163842060025	147,3414957
53382,76465	0,531226397	2,917128174	1,01153653360025	147,4488563
53392,76465	0,531286001	2,917893311	1,01149285460025	147,4875309
53402,76465	0,53113699	2,918559814	1,01148717360025	147,5212199
53412,76465	0,532120466	2,923953125	1,01167530060025	147,7938296
53422,76465	0,531375408	2,92066748	1,01159734860025	147,6277538
53432,76465	0,531554222	2,919443115	1,01164158660025	147,5658671
53442,76465	0,531196594	2,9177854	1,01140484460025	147,4820764
53452,76465	0,531107187	2,916938232	1,01158440360025	147,4392556
53462,76465	0,531196594	2,917851074	1,01154770960025	147,485396
53472,76465	0,531613827	2,919064453	1,01155013060025	147,5467273
53482,76465	0,531673431	2,918741699	1,01153364660025	147,5304134
53492,76465	0,531047583	2,916461182	1,01153439160025	147,4151426
53502,76465	0,531435013	2,919733154	1,01158878060025	147,5805274
53512,76465	0,531464815	2,919568848	1,01164121460025	147,5722224
53522,76465	0,531375408	2,918753662	1,01153606760025	147,5310181
53532,76465	0,531226397	2,917242188	1,01139934960025	147,4546193
53542,76465	0,531435013	2,917695313	1,01159036360025	147,4775229
53552,76465	0,530719757	2,913904785	1,01148084060025	147,2859273
53562,76465	0,531047583	2,916327637	1,01159390260025	147,4083925
53572,76465	0,531852245	2,922053955	1,01154715060025	147,6978344
53582,76465	0,531107187	2,916426514	1,01153765060025	147,4133903
53592,76465	0,531375408	2,917929443	1,01160777960025	147,4893572
53602,76465	0,53101778	2,913591797	1,01144321460025	147,270107
53612,76465	0,531107187	2,915318604	1,01149844260025	147,35739
53622,76465	0,531196594	2,916219727	1,01147897760025	147,4029381
53632,76465	0,53113699	2,915837158	1,01155348360025	147,3836008
53642,76465	0,530809164	2,913085449	1,01148903560025	147,2445132
53652,76465	0,531435013	2,920614014	1,01147273760025	147,6250512
53662,76465	0,53152442	2,919203857	1,01154528760025	147,5537736
53672,76465	0,531762838	2,923394531	1,01138212060025	147,765595
53682,76465	0,530868769	2,914784668	1,01154621960025	147,3304017
53692,76465	0,530809164	2,913787354	1,01140214360025	147,2799916
53702,76465	0,531375408	2,91838208	1,01149779060025	147,5122362
53712,76465	0,531464815	2,919678711	1,01141797660025	147,5777755
53722,76465	0,531762838	2,920534668	1,01153085260025	147,6210406
53732,76465	0,531107187	2,916529297	1,01143436760025	147,4185856
53742,76465	0,531345606	2,918215088	1,01155013060025	147,5037954
53752,76465	0,531286001	2,919020508	1,01145765060025	147,5445061
53762,76465	0,53113699	2,915449707	1,01157155160025	147,3640167
53772,76465	0,531435013	2,917785889	1,01152125960025	147,4821011
53782,76465	0,531464815	2,918146973	1,01146798860025	147,5003524
53792,76465	0,531107187	2,915015625	1,01151548560025	147,3420757
53802,76465	0,531107187	2,91533667	1,01139888360025	147,3583032
53812,76465	0,532120466	2,92401709	1,01155506660025	147,7970628
53822,76465	0,531613827	2,920591064	1,01134067660025	147,6238912
53832,76465	0,53113699	2,918250244	1,01141574060025	147,5055724
53842,76465	0,530958176	2,914849365	1,01162016660025	147,3336719
53852,76465	0,531107187	2,916648193	1,01158114360025	147,4245953
53862,76465	0,532120466	2,922933594	1,01148875660025	147,7422965
53872,76465	0,531941652	2,922986572	1,01156689460025	147,7449743
53882,76465	0,531703234	2,923538574	1,01153606760025	147,7728758
53892,76465	0,53101778	2,915014404	1,01147478660025	147,342014
53902,76465	0,530809164	2,913978516	1,01159781460025	147,289654
53912,76465	0,531941652	2,92349707	1,01153569560025	147,7707779
53922,76465	0,531286001	2,917453613	1,01146826760025	147,465306
53932,76465	0,531613827	2,920755127	1,01159911860025	147,6321839
53942,76465	0,53113699	2,914881836	1,01140344760025	147,3353132
53952,76465	0,531703234	2,918787598	1,01149630060025	147,5327334
53962,76465	0,531196594	2,915686768	1,01147786060025	147,3759992
53972,76465	0,531762838	2,918569092	1,01149928060025	147,5216888
53982,76465	0,531703234	2,919581055	1,01154975860025	147,5728394
53992,76465	0,531792641	2,920480469	1,01154910660025	147,6183011
54002,76465	0,53152442	2,918471436	1,01149648660025	147,5167527
54012,76465	0,531286001	2,916004883	1,01158133060025	147,3920786
54022,76465	0,530689955	2,911903809	1,01135939560025	147,1847861
54032,76465	0,531703234	2,918609375	1,01157546260025	147,523725
54042,76465	0,531554222	2,918013916	1,01152647560025	147,493627
54052,76465	0,53113699	2,9137229	1,01148428660025	147,2767337
54062,76465	0,531435013	2,916348389	1,01161374060025	147,4094414
54072,76465	0,530689955	2,912010254	1,01141359860025	147,1901665
54082,76465	0,531345606	2,91569751	1,01148195760025	147,3765421
54092,76465	0,531971455	2,920680664	1,01163562660025	147,6284201
54102,76465	0,531673431	2,920998535	1,01143371560025	147,6444872
54112,76465	0,531941652	2,921432373	1,01161783760025	147,6664159
54122,76465	0,531435013	2,918363281	1,01165397360025	147,511286
54132,76465	0,530928373	2,914994385	1,01155087560025	147,3410021
54142,76465	0,531613827	2,91755957	1,01148717360025	147,4706617
54152,76465	0,530719757	2,911895752	1,01159399660025	147,1843789
54162,76465	0,531226397	2,914856689	1,01145439060025	147,3340421
54172,76465	0,531762838	2,919539551	1,01147739460025	147,5707415
54182,76465	0,531792641	2,920459961	1,01157611460025	147,6172645
54192,76465	0,530809164	2,912827148	1,01149816260025	147,2314572
54202,76465	0,531554222	2,918745117	1,01143455360025	147,5305862
54212,76465	0,532358885	2,926061768	1,01152889660025	147,9004128
54222,76465	0,531375408	2,917321289	1,01145746460025	147,4586175
54232,76465	0,531852245	2,920691162	1,01151688260025	147,6289508
54242,76465	0,531792641	2,919747314	1,01151148060025	147,5812431
54252,76465	0,531852245	2,922878418	1,01162417060025	147,7395076
54262,76465	0,53152442	2,917647949	1,01145699860025	147,4751289
54272,76465	0,531882048	2,91995166	1,01145280760025	147,591572
54282,76465	0,531107187	2,916224121	1,01156773260025	147,4031602
54292,76465	0,531286001	2,916036133	1,01151185360025	147,3936581
54302,76465	0,531286001	2,916733154	1,01155106260025	147,4288897
54312,76465	0,532180071	2,924191895	1,01152125960025	147,8058984
54322,76465	0,53152442	2,919191895	1,01158319260025	147,553169
54332,76465	0,531792641	2,920746826	1,01158375160025	147,6317644
54342,76465	0,531107187	2,915064697	1,01146575260025	147,3445561
54352,76465	0,531047583	2,914553955	1,01147217960025	147,3187401
54362,76465	0,530868769	2,914716309	1,01159893260025	147,3269465
54372,76465	0,531375408	2,918575195	1,01157136460025	147,5219973
54382,76465	0,532031059	2,924356201	1,01141089760025	147,8142035
54392,76465	0,531554222	2,922765869	1,01152191160025	147,7338187
54402,76465	0,530868769	2,913964355	1,01143660260025	147,2889383
54412,76465	0,531554222	2,918776855	1,01136945460025	147,5321904
54422,76465	0,531196594	2,91558667	1,01149806960025	147,3709396
54432,76465	0,531435013	2,917389648	1,01152219160025	147,4620728
54442,76465	0,531762838	2,920712891	1,01154491560025	147,6300491
54452,76465	0,531107187	2,913880615	1,01150328560025	147,2847056
54462,76465	0,531673431	2,917814697	1,01159474160025	147,4835573
54472,76465	0,531345606	2,916081787	1,01151846560025	147,3959658
54482,76465	0,531226397	2,914594727	1,01151269160025	147,320801
54492,76465	0,532180071	2,923079834	1,01142496060025	147,7496883
54502,76465	0,53229928	2,926061035	1,01152414660025	147,9003758
54512,76465	0,531971455	2,922747559	1,01155199360025	147,7328932
54522,76465	0,532090664	2,925016846	1,01133862760025	147,8475963
54532,76465	0,532418489	2,927788086	1,01169048160025	147,9876711
54542,76465	0,53229928	2,927096436	1,01157797760025	147,9527111
54552,76465	0,531852245	2,921854492	1,01161690660025	147,6877523
54562,76465	0,532418489	2,925842529	1,01150263360025	147,8893312
54572,76465	0,532597303	2,929763428	1,01156670860025	148,0875166
54582,76465	0,531792641	2,923051025	1,01159734860025	147,7482322
54592,76465	0,531345606	2,917055176	1,01165965460025	147,4451666
54602,76465	0,531852245	2,922099854	1,01165602260025	147,7001543
54612,76465	0,532209873	2,925728027	1,01160852460025	147,8835436
54622,76465	0,531703234	2,922861328	1,01152731360025	147,7386438
54632,76465	0,532120466	2,923000732	1,01144628860025	147,7456901
54642,76465	0,532209873	2,925655518	1,01154323860025	147,8798786
54652,76465	0,53152442	2,920973877	1,01151343660025	147,6432408
54662,76465	0,53152442	2,918638916	1,01155311060025	147,5252182
54672,76465	0,531882048	2,921659668	1,01152302960025	147,6779048
54682,76465	0,531435013	2,918348633	1,01152470560025	147,5105455
54692,76465	0,531882048	2,922280518	1,01142058360025	147,7092862
54702,76465	0,532269478	2,924540283	1,01164745360025	147,823508
54712,76465	0,531673431	2,920200684	1,01158244760025	147,6041591
54722,76465	0,531464815	2,916481201	1,01157210960025	147,4161545
54732,76465	0,531554222	2,91817627	1,01156410060025	147,5018333
54742,76465	0,531703234	2,92044165	1,01154845460025	147,616339
54752,76465	0,53152442	2,91635498	1,01148382060025	147,4097746
54762,76465	0,531762838	2,918772217	1,01169225060025	147,531956
54772,76465	0,531703234	2,91917041	1,01150682460025	147,552083
54782,76465	0,530868769	2,913780518	1,01149015360025	147,2796461
54792,76465	0,53268671	2,929006836	1,01154389060025	148,049274
54802,76465	0,531673431	2,919420654	1,01134682260025	147,5647318
54812,76465	0,531673431	2,919013428	1,01147478660025	147,5441482
54822,76465	0,532031059	2,921405029	1,01148456560025	147,6650338
54832,76465	0,531435013	2,917117676	1,01164344960025	147,4483257
54842,76465	0,531703234	2,917937744	1,01155469460025	147,4897768
54852,76465	0,531882048	2,920865234	1,01143203960025	147,6377494
54862,76465	0,532031059	2,921630371	1,01158030560025	147,6764239
54872,76465	0,531226397	2,916651123	1,01174496360025	147,4247434
54882,76465	0,531047583	2,914810547	1,01154733660025	147,3317098
54892,76465	0,531464815	2,916573242	1,01147916360025	147,4208068
54902,76465	0,531762838	2,919034912	1,01157658060025	147,5452341
54912,76465	0,53229928	2,923524902	1,01142533360025	147,7721847
54922,76465	0,532269478	2,923898682	1,01144340160025	147,7910777
54932,76465	0,53152442	2,918727783	1,01150347160025	147,52971
54942,76465	0,531554222	2,917324707	1,01154249360025	147,4587903
54952,76465	0,532537699	2,924510986	1,01154128360025	147,8220272
54962,76465	0,531673431	2,920031006	1,01156028260025	147,5955826
54972,76465	0,531226397	2,915131104	1,01152265660025	147,3479126
54982,76465	0,532209873	2,923054199	1,01142775460025	147,7483926
54992,76465	0,531792641	2,920537109	1,01154957160025	147,621164
55002,76465	0,531762838	2,91807251	1,01148801160025	147,4965886
55012,76465	0,531464815	2,915758545	1,01154631260025	147,3796272
55022,76465	0,532507896	2,924557617	1,01157015460025	147,8243842
55032,76465	0,532120466	2,921618164	1,01151343660025	147,6758069
55042,76465	0,531196594	2,914576416	1,01160079460025	147,3198755
55052,76465	0,531226397	2,913150635	1,01163832660025	147,2478081
55062,76465	0,530958176	2,911784668	1,01160479960025	147,1787641
55072,76465	0,531703234	2,915325439	1,01153271460025	147,3577355
55082,76465	0,531554222	2,916123047	1,01152014260025	147,3980513
55092,76465	0,531703234	2,918032715	1,01155990960025	147,4945772
55102,76465	0,531852245	2,918935791	1,01150309860025	147,540224
55112,76465	0,531435013	2,914958008	1,01157350660025	147,3391634
55122,76465	0,531673431	2,916711914	1,01163394960025	147,4278161
55132,76465	0,531464815	2,914953857	1,01152284260025	147,3389536
55142,76465	0,531792641	2,917855713	1,01143315660025	147,4856305
55152,76465	0,531882048	2,918845215	1,01161467160025	147,5356457
55162,76465	0,531613827	2,917593506	1,01156158560025	147,472377
55172,76465	0,531464815	2,916179443	1,01160545160025	147,4009019
55182,76465	0,531613827	2,917711914	1,01161318160025	147,478362
55192,76465	0,531673431	2,918263672	1,01155217960025	147,5062511
55202,76465	0,531852245	2,920771484	1,01162277360025	147,6330107
55212,76465	0,530928373	2,912694336	1,01158691760025	147,224744
55222,76465	0,531435013	2,914721924	1,01154566060025	147,3272303
55232,76465	0,531941652	2,92133667	1,01156149260025	147,6615785
55242,76465	0,531435013	2,917060791	1,01146416960025	147,4454504
55252,76465	0,531673431	2,918687744	1,01154007260025	147,5276862
55262,76465	0,53063035	2,910820068	1,01155013060025	147,1300075
55272,76465	0,532090664	2,922666016	1,01158878060025	147,7287715
55282,76465	0,531941652	2,920573975	1,01151008360025	147,6230274
55292,76465	0,532120466	2,922840576	1,01156326260025	147,7375948
55302,76465	0,531971455	2,921211426	1,01160023560025	147,655248
55312,76465	0,531703234	2,920602051	1,01155767460025	147,6244466
55322,76465	0,531971455	2,921403809	1,01158086460025	147,6649721
55332,76465	0,531464815	2,919406494	1,01156605660025	147,5640161
55342,76465	0,532209873	2,923836426	1,01162230860025	147,7879309
55352,76465	0,53229928	2,924741699	1,01152628860025	147,8336888
55362,76465	0,532269478	2,925040039	1,01136563560025	147,8487687
55372,76465	0,531613827	2,920570801	1,01152433360025	147,622867
55382,76465	0,531703234	2,919955078	1,01143697560025	147,5917447
55392,76465	0,531703234	2,920130615	1,01167623160025	147,6006174
55402,76465	0,530958176	2,914548096	1,01149741760025	147,318444
55412,76465	0,531852245	2,923231445	1,01143595060025	147,7573517
55422,76465	0,531613827	2,920374512	1,01154295960025	147,6129454
55432,76465	0,531673431	2,919089111	1,01158924660025	147,5479737
55442,76465	0,531554222	2,917579346	1,01150021160025	147,4716612
55452,76465	0,532358885	2,925343018	1,01163236660025	147,864083
55462,76465	0,531852245	2,922490479	1,01154808160025	147,7198988
55472,76465	0,53152442	2,919507568	1,01158496260025	147,569125
55482,76465	0,531882048	2,921971191	1,01152302960025	147,693651
55492,76465	0,532120466	2,923713379	1,01153113160025	147,7817114
55502,76465	0,531554222	2,921524658	1,01155469460025	147,6710806
55512,76465	0,531375408	2,91840918	1,01150151560025	147,5136059
55522,76465	0,53101778	2,915390869	1,01165909560025	147,3610427
55532,76465	0,531375408	2,91751416	1,01146575260025	147,4683664
55542,76465	0,531673431	2,92119458	1,01144451860025	147,6543965
55552,76465	0,531375408	2,917985107	1,01140326160025	147,4921708
55562,76465	0,532180071	2,924361328	1,01148428660025	147,8144626
55572,76465	0,531882048	2,922236084	1,01139012960025	147,7070402
55582,76465	0,53229928	2,926087158	1,01144042060025	147,9016962
55592,76465	0,531882048	2,922738281	1,01140503060025	147,7324242
55602,76465	0,53113699	2,916104248	1,01149136460025	147,3971011
55612,76465	0,531435013	2,920506836	1,01151790660025	147,6196338
55622,76465	0,531673431	2,922748779	1,01157741860025	147,7329549
55632,76465	0,532120466	2,925861084	1,01168992260025	147,8902691
55642,76465	0,53113699	2,918237793	1,01157741860025	147,504943
55652,76465	0,531286001	2,91870752	1,01167194760025	147,5286858
55662,76465	0,531464815	2,91826416	1,01149602060025	147,5062758
55672,76465	0,531554222	2,920046387	1,01151474060025	147,59636
55682,76465	0,531613827	2,920318359	1,01158589360025	147,6101071
55692,76465	0,531196594	2,916094238	1,01146072360025	147,3965951
55702,76465	0,531047583	2,91590918	1,01164428760025	147,3872412
55712,76465	0,531554222	2,917902832	1,01143622960025	147,4880121
55722,76465	0,531703234	2,921693359	1,01164056260025	147,6796077
55732,76465	0,531286001	2,919088867	1,01142104960025	147,5479613
55742,76465	0,531971455	2,922462891	1,01149825660025	147,7185044
55752,76465	0,531673431	2,918361328	1,01146202760025	147,5111872
55762,76465	0,532209873	2,926490234	1,01150859360025	147,9220701
55772,76465	0,531703234	2,921167969	1,01148437960025	147,6530514
55782,76465	0,531882048	2,921411133	1,01144964160025	147,6653423
55792,76465	0,531464815	2,918332031	1,01140391360025	147,5097064
55802,76465	0,531107187	2,917263916	1,01150300560025	147,4557176
55812,76465	0,531882048	2,923318359	1,01156493860025	147,7617448
55822,76465	0,531435013	2,920427002	1,01146379760025	147,6155986
55832,76465	0,531971455	2,92388501	1,01153793060025	147,7903867
55842,76465	0,531464815	2,920515137	1,01160899060025	147,6200534
55852,76465	0,53152442	2,919339844	1,01160191260025	147,5606472
55862,76465	0,531882048	2,923563965	1,01145923360025	147,7741592
55872,76465	0,531673431	2,92074292	1,01160610360025	147,6315669
55882,76465	0,530540943	2,912535889	1,01156912960025	147,2167352
55892,76465	0,531673431	2,919547852	1,01152843060025	147,5711611
55902,76465	0,531613827	2,919718018	1,01139981560025	147,5797623
55912,76465	0,531941652	2,92175	1,01151706860025	147,6824707
55922,76465	0,532090664	2,924467529	1,01135455260025	147,8198306
55932,76465	0,531762838	2,921706055	1,01162258760025	147,6802494
55942,76465	0,531792641	2,924692139	1,01149043260025	147,8311837
55952,76465	0,532090664	2,925907471	1,01149052660025	147,8926138
55962,76465	0,532507896	2,929425049	1,01149695260025	148,0704129
55972,76465	0,53152442	2,921362549	1,01141397160025	147,6628866
55982,76465	0,532031059	2,924423096	1,01154566060025	147,8175847
55992,76465	0,532120466	2,927135254	1,01148344860025	147,9546732
56002,76465	0,531613827	2,923195557	1,01145131760025	147,7555376
56012,76465	0,531882048	2,925712158	1,01150281960025	147,8827415
56022,76465	0,531971455	2,926897705	1,01174636060025	147,942666
56032,76465	0,53113699	2,918605225	1,01153681260025	147,5235152
56042,76465	0,530540943	2,912910889	1,01151399560025	147,2356899
56052,76465	0,531464815	2,921446533	1,01164093460025	147,6671317
56062,76465	0,531762838	2,924976074	1,01146379760025	147,8455355
56072,76465	0,531703234	2,923219238	1,01168405460025	147,7567346
56082,76465	0,532120466	2,924385742	1,01147841860025	147,8156966
56092,76465	0,531435013	2,920447021	1,01144097960025	147,6166105
56102,76465	0,531345606	2,918917725	1,01147273760025	147,5393108
56112,76465	0,531673431	2,923289063	1,01159921160025	147,760264
56122,76465	0,53229928	2,927213867	1,01151911760025	147,9586467
56132,76465	0,532180071	2,925464355	1,01148875660025	147,8702161
56142,76465	0,531882048	2,92447583	1,01149276160025	147,8202502
56152,76465	0,532209873	2,92813623	1,01154258660025	148,0052684
56162,76465	0,532120466	2,925963379	1,01134049060025	147,8954397
56172,76465	0,531196594	2,91825415	1,01159138860025	147,5057698
56182,76465	0,532180071	2,925287598	1,01158375160025	147,8612817
56192,76465	0,532835722	2,931563477	1,01150458960025	148,1785016
56202,76465	0,53229928	2,927993164	1,01157089960025	147,998037
56212,76465	0,53152442	2,919998047	1,01153290160025	147,5939166
56222,76465	0,531882048	2,921562256	1,01155972360025	147,672981
56232,76465	0,531554222	2,920083496	1,01148661460025	147,5982358
56242,76465	0,531703234	2,922213135	1,01158403060025	147,7058802
56252,76465	0,532269478	2,926015137	1,01151120160025	147,8980558
56262,76465	0,531762838	2,922249268	1,01152787260025	147,7077066
56272,76465	0,531792641	2,922985107	1,01162398460025	147,7449003
56282,76465	0,531852245	2,922229004	1,01166105160025	147,7066824
56292,76465	0,531464815	2,918936035	1,01150226060025	147,5402363
56302,76465	0,531435013	2,918005859	1,01132046660025	147,4932197
56312,76465	0,53101778	2,915284668	1,01148922260025	147,3556747
56322,76465	0,531375408	2,917982422	1,01157192360025	147,4920351
56332,76465	0,531345606	2,916829346	1,01148028160025	147,4337518
56342,76465	0,531971455	2,922773682	1,01151650960025	147,7342136
56352,76465	0,532090664	2,924264404	1,01157732560025	147,8095635
56362,76465	0,530779362	2,911212402	1,01159008460025	147,1498384
56372,76465	0,531435013	2,917878174	1,01158673160025	147,4867658
56382,76465	0,531286001	2,916009521	1,01155450760025	147,3923131
56392,76465	0,532120466	2,922312744	1,01155311060025	147,7109151
56402,76465	0,532269478	2,926473633	1,01148521760025	147,9212309
56412,76465	0,531435013	2,919343018	1,01162873460025	147,5608076
56422,76465	0,532031059	2,923370117	1,01154724360025	147,764361
56432,76465	0,531762838	2,922094971	1,01163488160025	147,6999075
56442,76465	0,531047583	2,915306152	1,01150682460025	147,3567606
56452,76465	0,531107187	2,916552002	1,01140670760025	147,4197332
56462,76465	0,531613827	2,919685791	1,01144340160025	147,5781334
56472,76465	0,530958176	2,914683838	1,01154705760025	147,3253052
56482,76465	0,530809164	2,914510986	1,01149080560025	147,3165683
56492,76465	0,53101778	2,915979492	1,01157667360025	147,3907952
56502,76465	0,531852245	2,922427979	1,01156391460025	147,7167397
56512,76465	0,531554222	2,920309814	1,01151027060025	147,6096752
56522,76465	0,531464815	2,919060059	1,01160815260025	147,5465052
56532,76465	0,531941652	2,923277344	1,01148801160025	147,7596716
56542,76465	0,531464815	2,919783936	1,01141816260025	147,5830942
56552,76465	0,532180071	2,924626709	1,01161495060025	147,8278765
56562,76465	0,531703234	2,921782471	1,01155944360025	147,6841119
56572,76465	0,532031059	2,924976563	1,01155134160025	147,8455602
56582,76465	0,53152442	2,919475342	1,01143753360025	147,567496
56592,76465	0,531375408	2,918939453	1,01156791860025	147,5404091
56602,76465	0,531107187	2,917560303	1,01167259960025	147,4706987
56612,76465	0,53113699	2,917327148	1,01164978260025	147,4589137
56622,76465	0,531792641	2,920101074	1,01157713960025	147,5991243
56632,76465	0,531345606	2,916339844	1,01166226160025	147,4090095
56642,76465	0,531345606	2,916093018	1,01142999060025	147,3965334
56652,76465	0,531196594	2,916766846	1,01162482260025	147,4305927
56662,76465	0,531226397	2,917241455	1,01151921060025	147,4545822
56672,76465	0,531554222	2,919213135	1,01161495060025	147,5542426
56682,76465	0,530779362	2,91244751	1,01144042060025	147,212268
56692,76465	0,531703234	2,919272949	1,01143948960025	147,5572659
56702,76465	0,531375408	2,917913818	1,01148661460025	147,4885674
56712,76465	0,531613827	2,920062012	1,01152079460025	147,5971498
56722,76465	0,531673431	2,918509521	1,01154631260025	147,5186778
56732,76465	0,532090664	2,921266846	1,01155907160025	147,6580492
56742,76465	0,532090664	2,920825195	1,01161075960025	147,6357256
56752,76465	0,532120466	2,922799072	1,01170826960025	147,735497
56762,76465	0,531464815	2,91848291	1,01142253960025	147,5173327
56772,76465	0,530958176	2,912976074	1,01152237760025	147,2389847
56782,76465	0,531613827	2,917089111	1,01151641660025	147,4468819
56792,76465	0,531375408	2,915139893	1,01163543960025	147,3483569
56802,76465	0,530600548	2,908289063	1,01158188860025	147,0020755
56812,76465	0,53113699	2,912117432	1,01166850160025	147,1955839
56822,76465	0,53152442	2,915008301	1,01146361060025	147,3417055
56832,76465	0,531435013	2,9165271	1,01162892060025	147,4184745
56842,76465	0,531464815	2,917035156	1,01157406560025	147,4441547
56852,76465	0,532507896	2,926763428	1,01152302960025	147,9358789
56862,76465	0,531435013	2,916921143	1,01146379760025	147,4383918
56872,76465	0,531464815	2,917532227	1,01160032860025	147,4692795
56882,76465	0,531286001	2,915727539	1,01141527560025	147,37806
56892,76465	0,530928373	2,913967773	1,01152340160025	147,2891111
56902,76465	0,531792641	2,919260498	1,01147162060025	147,5566366
56912,76465	0,530779362	2,909147461	1,01149043260025	147,0454641
56922,76465	0,531971455	2,920250732	1,01150449560025	147,6066889
56932,76465	0,531464815	2,917046631	1,01144451860025	147,4447347
56942,76465	0,531554222	2,918233643	1,01144405360025	147,5047332
56952,76465	0,531941652	2,919041748	1,01150375060025	147,5455797
56962,76465	0,531852245	2,919466553	1,01159120260025	147,5670518
56972,76465	0,531613827	2,917249023	1,01154454260025	147,4549648
56982,76465	0,531464815	2,916290283	1,01159511360025	147,4065044
56992,76465	0,530928373	2,911711914	1,01141248160025	147,1750866
57002,76465	0,531345606	2,914316162	1,01153243560025	147,3067207
57012,76465	0,531375408	2,913422363	1,01156335560025	147,2615428
57022,76465	0,53152442	2,916665283	1,01143455360025	147,4254591
57032,76465	0,531196594	2,913341553	1,01144600860025	147,2574582
57042,76465	0,531852245	2,91726123	1,01150812860025	147,4555818
57052,76465	0,532120466	2,919397217	1,01146361060025	147,5635471
57062,76465	0,53229928	2,924248779	1,01143986260025	147,8087737
57072,76465	0,532031059	2,921612061	1,01146295860025	147,6754984
57082,76465	0,53152442	2,918513672	1,01159557960025	147,5188876
57092,76465	0,530958176	2,910640625	1,01155115560025	147,1209374
57102,76465	0,531286001	2,913797607	1,01160172560025	147,2805099
57112,76465	0,531107187	2,911588135	1,01156298260025	147,1688301
57122,76465	0,531941652	2,917385742	1,01136042060025	147,4618754
57132,76465	0,531613827	2,918772705	1,01160153960025	147,5319806
57142,76465	0,532031059	2,921173096	1,01155972360025	147,6533105
57152,76465	0,531941652	2,918709717	1,01146929160025	147,5287968
57162,76465	0,531852245	2,918778564	1,01151185360025	147,5322768
57172,76465	0,531792641	2,918025635	1,01163339060025	147,4942193
57182,76465	0,531107187	2,913881348	1,01151297060025	147,2847426
57192,76465	0,53152442	2,914628174	1,01162975860025	147,3224916
57202,76465	0,531047583	2,911182129	1,01148018860025	147,1483082
57212,76465	0,530928373	2,911323975	1,01160899060025	147,1554779
57222,76465	0,531196594	2,912559814	1,01148382060025	147,2179445
57232,76465	0,530958176	2,911849365	1,01162314660025	147,1820342
57242,76465	0,53152442	2,917716064	1,01152675460025	147,4785718
57252,76465	0,530958176	2,91098584	1,01147562460025	147,1383866
57262,76465	0,53113699	2,91346582	1,01154947860025	147,2637394
57272,76465	0,532090664	2,920651855	1,01154826860025	147,626964
57282,76465	0,531852245	2,92004834	1,01149760460025	147,5964587
57292,76465	0,532120466	2,921878418	1,01145588060025	147,6889617
57302,76465	0,531941652	2,922207764	1,01149639360025	147,7056088
57312,76465	0,532031059	2,921512939	1,01155441460025	147,6704882
57322,76465	0,531762838	2,919350342	1,01155590460025	147,5611778
57332,76465	0,53101778	2,912969238	1,01142840660025	147,2386392
57342,76465	0,531464815	2,916599854	1,01137476260025	147,4221519
57352,76465	0,531554222	2,915837891	1,01156326260025	147,3836378
57362,76465	0,531852245	2,918452148	1,01152684760025	147,5157778
57372,76465	0,531703234	2,918587402	1,01149117760025	147,5226144
57382,76465	0,531554222	2,915727051	1,01138966360025	147,3780353
57392,76465	0,531613827	2,918433105	1,01162715160025	147,5148153
57402,76465	0,531345606	2,914195557	1,01158030560025	147,3006246
57412,76465	0,531435013	2,916275879	1,01148400660025	147,4057763
57422,76465	0,531554222	2,917293945	1,01146137560025	147,4572354
57432,76465	0,532090664	2,920887939	1,01153346060025	147,6388971
57442,76465	0,531703234	2,920789063	1,01155450760025	147,6338992
57452,76465	0,531762838	2,918412842	1,01156382160025	147,513791
57462,76465	0,531852245	2,919869873	1,01145643960025	147,587438
57472,76465	0,531941652	2,919171875	1,01153001460025	147,552157
57482,76465	0,531762838	2,916799561	1,01162808260025	147,4322463
57492,76465	0,531762838	2,917007568	1,01146798860025	147,4427602
57502,76465	0,53152442	2,916953857	1,01153588160025	147,4400454
57512,76465	0,531464815	2,914614014	1,01160256460025	147,3217759
57522,76465	0,531286001	2,912364502	1,01146240060025	147,2080723
57532,76465	0,531345606	2,913324219	1,01164624360025	147,256582
57542,76465	0,53113699	2,91216333	1,01162994560025	147,1979039
57552,76465	0,530809164	2,909984863	1,01153373960025	147,0877913
57562,76465	0,530928373	2,912934814	1,01150309860025	147,2368992
57572,76465	0,531673431	2,917843994	1,01151930360025	147,4850381
57582,76465	0,531345606	2,91514624	1,01154854760025	147,3486777
57592,76465	0,531673431	2,916555664	1,01159213360025	147,4199183
57602,76465	0,530600548	2,909318115	1,01152936260025	147,0540899
57612,76465	0,531554222	2,916132324	1,01143697560025	147,3985202
57622,76465	0,531047583	2,912217529	1,01153765060025	147,2006434
57632,76465	0,53113699	2,913545166	1,01154323860025	147,26775
57642,76465	0,531345606	2,914658691	1,01162817560025	147,3240341
57652,76465	0,531196594	2,914991943	1,01157658060025	147,3408787
57662,76465	0,531286001	2,913290039	1,01158291360025	147,2548544
57672,76465	0,53063035	2,908654297	1,01137308660025	147,0205366
57682,76465	0,531107187	2,912270752	1,01156307660025	147,2033336
57692,76465	0,53152442	2,915928711	1,01157509060025	147,3882284
57702,76465	0,532209873	2,923729492	1,01161625460025	147,7825259
57712,76465	0,531673431	2,918221924	1,01148195760025	147,5041409
57722,76465	0,531941652	2,919889648	1,01145699860025	147,5884375
57732,76465	0,531613827	2,917775391	1,01153988660025	147,4815705
57742,76465	0,531852245	2,918626465	1,01145746460025	147,5245888
57752,76465	0,531762838	2,918186035	1,01153113160025	147,5023269
57762,76465	0,531673431	2,918414551	1,01164801260025	147,5138774
57772,76465	0,531703234	2,919909912	1,01138090960025	147,5894618
57782,76465	0,531464815	2,916937256	1,01162174960025	147,4392062
57792,76465	0,531613827	2,917806641	1,01140875560025	147,4831501
57802,76465	0,531554222	2,917743408	1,01159371660025	147,4799539
57812,76465	0,531226397	2,913330566	1,01148195760025	147,2569029
57822,76465	0,531226397	2,913924072	1,01150552060025	147,2869022
57832,76465	0,53101778	2,911968018	1,01159315760025	147,1880316
57842,76465	0,531375408	2,914078613	1,01149723160025	147,2947136
57852,76465	0,530958176	2,911789307	1,01165248360025	147,1789985
57862,76465	0,530928373	2,911884766	1,01150021160025	147,1838236
57872,76465	0,530868769	2,911543945	1,01157490360025	147,1665965
57882,76465	0,531226397	2,912575684	1,01154780260025	147,2187466
57892,76465	0,531047583	2,911910156	1,01146742960025	147,185107
57902,76465	0,531464815	2,915888428	1,01149387860025	147,3861923
57912,76465	0,531554222	2,915905273	1,01147124760025	147,3870437
57922,76465	0,530689955	2,910448975	1,01151222560025	147,1112502
57932,76465	0,531196594	2,912087891	1,01146510060025	147,1940907
57942,76465	0,531464815	2,915467285	1,01137848760025	147,3649052
57952,76465	0,53113699	2,913083984	1,01162789660025	147,2444392
57962,76465	0,531762838	2,918748779	1,01142412260025	147,5307713
57972,76465	0,531107187	2,913789795	1,01140521660025	147,280115
57982,76465	0,530868769	2,91241626	1,01147022360025	147,2106884
57992,76465	0,531107187	2,913376221	1,01162417060025	147,2592105
58002,76465	0,530958176	2,912035156	1,01139478660025	147,1914252
58012,76465	0,530600548	2,909628662	1,01141005960025	147,0697868
58022,76465	0,531047583	2,910972656	1,01131748660025	147,1377202
58032,76465	0,530868769	2,910217773	1,01145699860025	147,099564
58042,76465	0,530868769	2,9123396	1,01161001460025	147,2068136
58052,76465	0,530928373	2,9123125	1,01166496260025	147,2054438
58062,76465	0,531554222	2,917227051	1,01139450660025	147,4538542
58072,76465	0,531613827	2,916350342	1,01157751160025	147,4095401
58082,76465	0,531226397	2,916066406	1,01134831360025	147,3951883
58092,76465	0,531464815	2,915743652	1,01161737260025	147,3788745
58102,76465	0,531464815	2,916634521	1,01158431060025	147,4239042
58112,76465	0,531435013	2,915778564	1,01125639160025	147,3806391
58122,76465	0,531107187	2,912135742	1,01160545160025	147,1965094
58132,76465	0,531703234	2,916548828	1,01147804660025	147,4195728
58142,76465	0,531375408	2,915376465	1,01157322760025	147,3603146
58152,76465	0,530600548	2,909035156	1,01147916360025	147,0397875
58162,76465	0,531047583	2,912889893	1,01164093460025	147,2346286
58172,76465	0,530779362	2,911046631	1,01148791860025	147,1414593
58182,76465	0,530958176	2,912081543	1,01145830260025	147,1937699
58192,76465	0,53113699	2,91316626	1,01155730160025	147,2485978
58202,76465	0,53152442	2,915305176	1,01152302960025	147,3567113
58212,76465	0,532209873	2,921536133	1,01163655760025	147,6716606
58222,76465	0,531703234	2,918133789	1,01153122460025	147,4996861
58232,76465	0,531435013	2,914900146	1,01150747660025	147,3362387
58242,76465	0,531613827	2,917956299	1,01152647560025	147,4907147
58252,76465	0,53152442	2,916932373	1,01148465860025	147,4389594
58262,76465	0,531792641	2,919257324	1,01150971160025	147,5564762
58272,76465	0,531464815	2,917813965	1,01158337860025	147,4835203
58282,76465	0,531375408	2,916875	1,01150300560025	147,4360594
58292,76465	0,531435013	2,914584961	1,01145243460025	147,3203074
58302,76465	0,531047583	2,911540771	1,01166617360025	147,1664361
58312,76465	0,53229928	2,924043457	1,01151446160025	147,7983955
58322,76465	0,531792641	2,92034082	1,01146724360025	147,6112424
58332,76465	0,531435013	2,916585693	1,01148773260025	147,4214362
58342,76465	0,53063035	2,910313965	1,01157220360025	147,104426
58352,76465	0,531047583	2,914324219	1,01157769760025	147,3071279
58362,76465	0,531375408	2,916656006	1,01159511360025	147,4249902
58372,76465	0,531226397	2,91613208	1,01155692960025	147,3985079
58382,76465	0,531286001	2,914631348	1,01157788460025	147,322652
58392,76465	0,531107187	2,915143799	1,01158086460025	147,3485543
58402,76465	0,531226397	2,915360107	1,01165723260025	147,3594878
58412,76465	0,531107187	2,914075684	1,01149583460025	147,2945655
58422,76465	0,531286001	2,915450195	1,01161821060025	147,3640414
58432,76465	0,53113699	2,914665527	1,01160172560025	147,3243797
58442,76465	0,53152442	2,91718457	1,01150766260025	147,451707
58452,76465	0,530779362	2,911632324	1,01148205160025	147,1710637
58462,76465	0,531226397	2,915044434	1,01159082960025	147,3435318
58472,76465	0,531464815	2,916067627	1,01142049060025	147,39525
58482,76465	0,53101778	2,912741943	1,01151818660025	147,2271504
58492,76465	0,531375408	2,914909424	1,01154566060025	147,3367076
58502,76465	0,530540943	2,909969971	1,01162556760025	147,0870386
58512,76465	0,531286001	2,915193848	1,01165602260025	147,3510841
58522,76465	0,530868769	2,91137207	1,01154128360025	147,1579089
58532,76465	0,530779362	2,910579834	1,01158319260025	147,1178646
58542,76465	0,530600548	2,90789502	1,01151474060025	146,9821583
58552,76465	0,53113699	2,914887939	1,01157499760025	147,3356217
58562,76465	0,531196594	2,914635498	1,01151753460025	147,3228618
58572,76465	0,532120466	2,922229492	1,01155488060025	147,706707
58582,76465	0,531852245	2,919566162	1,01159529960025	147,5720866
58592,76465	0,531286001	2,917253174	1,01149648660025	147,4551746
58602,76465	0,531673431	2,918904053	1,01151390260025	147,5386197
58612,76465	0,531345606	2,916353516	1,01153644060025	147,4097005
58622,76465	0,531196594	2,91536377	1,01151120160025	147,3596729
58632,76465	0,530928373	2,913730225	1,01146640460025	147,277104
58642,76465	0,531703234	2,918396484	1,01158272760025	147,5129642
58652,76465	0,530868769	2,912762939	1,01149164360025	147,2282117
58662,76465	0,530689955	2,909260742	1,01150300560025	147,05119
58672,76465	0,531226397	2,914134277	1,01158291360025	147,2975272
58682,76465	0,531107187	2,91348999	1,01152591660025	147,2649611
58692,76465	0,531196594	2,914927979	1,01147562460025	147,3376455
58702,76465	0,53152442	2,918200684	1,01155488060025	147,5030673
58712,76465	0,531047583	2,912100586	1,01154370460025	147,1947324
58722,76465	0,531047583	2,911689453	1,01156801260025	147,1739513
58732,76465	0,531673431	2,916347168	1,01162305360025	147,4093797
58742,76465	0,531613827	2,918743408	1,01149816260025	147,5304998
58752,76465	0,531464815	2,915860596	1,01144489160025	147,3847855
58762,76465	0,530540943	2,90867041	1,01152163260025	147,0213511
58772,76465	0,531375408	2,914379639	1,01144256260025	147,3099292
58782,76465	0,531286001	2,913661621	1,01139841860025	147,2736363
58792,76465	0,531435013	2,914536621	1,01146137560025	147,317864
58802,76465	0,531762838	2,916864502	1,01133620560025	147,4355288
58812,76465	0,531286001	2,914816406	1,01154882660025	147,332006
58822,76465	0,530451536	2,907151855	1,01138621760025	146,9445944
58832,76465	0,531286001	2,913502197	1,01150365760025	147,2655781
58842,76465	0,531435013	2,913704102	1,01154528760025	147,2757835
58852,76465	0,530868769	2,910364014	1,01155366960025	147,1069558
58862,76465	0,530928373	2,908446289	1,01151166760025	147,0100227
58872,76465	0,530868769	2,909729004	1,01158421760025	147,0748587
58882,76465	0,530391932	2,907800049	1,01156428660025	146,9773579
58892,76465	0,531852245	2,917709473	1,01146798860025	147,4782386
58902,76465	0,531554222	2,916287109	1,01157434560025	147,406344
58912,76465	0,531286001	2,915171875	1,01156996760025	147,3499735
58922,76465	0,532537699	2,925350342	1,01156894360025	147,8644532
58932,76465	0,532418489	2,924792725	1,01150328560025	147,8362679
58942,76465	0,531762838	2,918932617	1,01143855860025	147,5400635
58952,76465	0,531196594	2,915407959	1,01170137760025	147,3619065
58962,76465	0,531047583	2,914697754	1,01155227260025	147,3260086
58972,76465	0,531464815	2,917695313	1,01164857160025	147,4775229
58982,76465	0,532209873	2,922400879	1,01151362260025	147,7153699
58992,76465	0,532269478	2,924338867	1,01148950160025	147,8133273
59002,76465	0,531226397	2,916251953	1,01152256360025	147,404567
59012,76465	0,531792641	2,919374023	1,01160107460025	147,5623748
59022,76465	0,531941652	2,922605225	1,01165117960025	147,7256988
59032,76465	0,53152442	2,917111816	1,01140186460025	147,4480295
59042,76465	0,530719757	2,912194336	1,01148847760025	147,1994711
59052,76465	0,531882048	2,920367188	1,01149983960025	147,6125752
59062,76465	0,53113699	2,915787842	1,01154938560025	147,3811081
59072,76465	0,53229928	2,923305908	1,01164885060025	147,7611155
59082,76465	0,532507896	2,926503906	1,01156745360025	147,9227611
59092,76465	0,531345606	2,917118896	1,01161001460025	147,4483874
59102,76465	0,531047583	2,914469238	1,01134235260025	147,3144581
59112,76465	0,531375408	2,91799585	1,01171506760025	147,4927138
59122,76465	0,531435013	2,917947266	1,01149928060025	147,4902581
59132,76465	0,531703234	2,918628906	1,01147366960025	147,5247122
59142,76465	0,53063035	2,911177734	1,01145597460025	147,148086
59152,76465	0,530689955	2,910081543	1,01156810560025	147,0926781
59162,76465	0,530868769	2,912095215	1,01159176060025	147,1944609
59172,76465	0,531047583	2,915225098	1,01156391460025	147,3526637
59182,76465	0,531703234	2,919633301	1,01155963060025	147,5754802
59192,76465	0,531464815	2,916685547	1,01163115560025	147,4264834
59202,76465	0,531464815	2,917349609	1,01151231960025	147,460049
59212,76465	0,53152442	2,917818115	1,01156316960025	147,48373
59222,76465	0,532209873	2,924950928	1,01165136560025	147,8442644
59232,76465	0,531673431	2,923217041	1,01147692860025	147,7566236
59242,76465	0,531941652	2,925675293	1,01161364660025	147,8808781
59252,76465	0,532209873	2,924404785	1,01153597460025	147,8166592
59262,76465	0,531971455	2,924318359	1,01161699960025	147,8122907
59272,76465	0,53113699	2,916913086	1,01150961860025	147,4379845
59282,76465	0,531196594	2,914544189	1,01158533460025	147,3182465
59292,76465	0,530928373	2,913468262	1,01151203960025	147,2638628
59302,76465	0,531345606	2,915591309	1,01152647560025	147,3711741
59312,76465	0,531703234	2,917410156	1,01163031760025	147,4631094
59322,76465	0,531196594	2,915834473	1,01147953660025	147,3834651
59332,76465	0,530689955	2,911469727	1,01157061960025	147,1628451
59342,76465	0,531435013	2,91546875	1,01171022560025	147,3649793
59352,76465	0,531107187	2,911583984	1,01162081860025	147,1686203
59362,76465	0,531464815	2,914802734	1,01159036360025	147,3313149
59372,76465	0,531107187	2,912967285	1,01152852460025	147,2385405
59382,76465	0,531196594	2,91336377	1,01153644060025	147,2585812
59392,76465	0,532507896	2,923799561	1,01153131760025	147,7860676
59402,76465	0,53268671	2,928376221	1,01159408960025	148,0173989
59412,76465	0,531226397	2,915263428	1,01145765060025	147,3546011
59422,76465	0,531375408	2,91660083	1,01159055060025	147,4222013
59432,76465	0,531286001	2,91372876	1,01159921160025	147,2770299
59442,76465	0,53152442	2,914366455	1,01132260860025	147,3092628
59452,76465	0,531971455	2,919283203	1,01159893260025	147,5577842
59462,76465	0,53268671	2,924705566	1,01153839660025	147,8318624
59472,76465	0,531762838	2,917959717	1,01151576460025	147,4908874
59482,76465	0,532269478	2,922263184	1,01149928060025	147,70841
59492,76465	0,532209873	2,922313477	1,01145196960025	147,7109521
59502,76465	0,531226397	2,913557861	1,01153727860025	147,2683917
59512,76465	0,531762838	2,916431641	1,01142561260025	147,4136494
59522,76465	0,531941652	2,917834473	1,01146677760025	147,4845568
59532,76465	0,531107187	2,909616211	1,01152247060025	147,0691574
59542,76465	0,531613827	2,913313477	1,01154491560025	147,256039
59552,76465	0,531464815	2,912134277	1,01150617260025	147,1964354
59562,76465	0,531613827	2,913588135	1,01147217960025	147,2699219
59572,76465	0,531941652	2,916348389	1,01146985060025	147,4094414
59582,76465	0,531852245	2,91608374	1,01167641860025	147,3960645
59592,76465	0,532090664	2,917884521	1,01148093360025	147,4870866
59602,76465	0,53268671	2,92299585	1,01159399660025	147,7454433
59612,76465	0,531852245	2,917010742	1,01146491460025	147,4429207
59622,76465	0,531941652	2,916419189	1,01165397360025	147,4130201
59632,76465	0,532090664	2,91792749	1,01169718660025	147,4892585
59642,76465	0,531464815	2,912015137	1,01148400660025	147,1904133
59652,76465	0,531703234	2,913571533	1,01148708060025	147,2690828
59662,76465	0,531047583	2,9083125	1,01151790660025	147,0032602
59672,76465	0,530779362	2,906625977	1,01160554460025	146,9180134
59682,76465	0,531703234	2,912948486	1,01152228460025	147,2375903
59692,76465	0,531435013	2,9095271	1,01158645260025	147,0646532
59702,76465	0,530928373	2,905828857	1,01138808060025	146,8777223
59712,76465	0,531226397	2,908485596	1,01148242360025	147,0120095
59722,76465	0,531345606	2,909322754	1,01140763860025	147,0543244
59732,76465	0,531762838	2,912195801	1,01158133060025	147,1995451
59742,76465	0,531762838	2,911872559	1,01152144560025	147,1832066
59752,76465	0,531673431	2,912354492	1,01141816260025	147,2075663
59762,76465	0,531226397	2,908817627	1,01155124860025	147,0287923
59772,76465	0,531673431	2,911114746	1,01148531060025	147,1449022
59782,76465	0,531703234	2,912046143	1,01156614960025	147,1919805
59792,76465	0,531792641	2,91267749	1,01150226060025	147,2238926
59802,76465	0,532209873	2,916208496	1,01150896660025	147,4023704
59812,76465	0,531435013	2,909471191	1,01141406460025	147,0618273
59822,76465	0,531852245	2,914314697	1,01151865260025	147,3066466
59832,76465	0,532209873	2,916780029	1,01151967660025	147,4312591
59842,76465	0,532597303	2,919947021	1,01145858160025	147,5913375
59852,76465	0,532090664	2,916081787	1,01143520560025	147,3959658
59862,76465	0,532031059	2,915475586	1,01147422760025	147,3653248
59872,76465	0,532031059	2,91524707	1,01157816360025	147,3537743
59882,76465	0,53152442	2,910757324	1,01170659260025	147,126836
59892,76465	0,531196594	2,907423584	1,01149760460025	146,9583292
59902,76465	0,531882048	2,913091797	1,01152284260025	147,2448341
59912,76465	0,531673431	2,91153833	1,01158133060025	147,1663127
59922,76465	0,531673431	2,912197021	1,01153830260025	147,1996068
59932,76465	0,531673431	2,911262695	1,01165089960025	147,1523805
59942,76465	0,531852245	2,912784668	1,01159343760025	147,2293099
59952,76465	0,531554222	2,911247559	1,01150291260025	147,1516154
59962,76465	0,531375408	2,90977417	1,01150719660025	147,0771416
59972,76465	0,530868769	2,905690674	1,01136274860025	146,8707377
59982,76465	0,530958176	2,906914795	1,01152917560025	146,932612
59992,76465	0,532448292	2,918892578	1,01158049160025	147,5380397
60002,76465	0,531882048	2,913766846	1,01163804760025	147,278955
60012,76465	0,531375408	2,90932251	1,01156587060025	147,0543121
60022,76465	0,532180071	2,917408936	1,01143660260025	147,4630477
60032,76465	0,532090664	2,916085449	1,01161495060025	147,3961509
60042,76465	0,530958176	2,907016846	1,01147357560025	146,9377702
60052,76465	0,531762838	2,913259521	1,01158552060025	147,2533118
60062,76465	0,531286001	2,909160645	1,01152125960025	147,0461304
60072,76465	0,531852245	2,915353271	1,01158831460025	147,3591423
60082,76465	0,531554222	2,911332275	1,01151557860025	147,1558975
60092,76465	0,531464815	2,911102051	1,01154212160025	147,1442606
60102,76465	0,531196594	2,909894775	1,01144675360025	147,0832377
60112,76465	0,531435013	2,912120605	1,01149816260025	147,1957443
60122,76465	0,531375408	2,910877686	1,01154631260025	147,1329198
60132,76465	0,531345606	2,910710938	1,01150039860025	147,1244914
60142,76465	0,531762838	2,912937012	1,01155068960025	147,2370103
60152,76465	0,531882048	2,914236816	1,01164605660025	147,3027101
60162,76465	0,532358885	2,919002686	1,01171627860025	147,5436052
60172,76465	0,532448292	2,922053467	1,01149229560025	147,6978097
60182,76465	0,53268671	2,927463379	1,01145280760025	147,9712585
60192,76465	0,532507896	2,923334473	1,01155879260025	147,7625593
60202,76465	0,532209873	2,921300537	1,01152600960025	147,6597522
60212,76465	0,532090664	2,919826904	1,01152759260025	147,5852661
60222,76465	0,531852245	2,91822583	1,01152256360025	147,5043384
60232,76465	0,531762838	2,916126465	1,01140894260025	147,3982241
60242,76465	0,532537699	2,924113525	1,01147953660025	147,8019372
60252,76465	0,53268671	2,92282373	1,01148521760025	147,7367434
60262,76465	0,531941652	2,918656982	1,01148987460025	147,5261313
60272,76465	0,53101778	2,910208008	1,01158337860025	147,0990704
60282,76465	0,530868769	2,908911133	1,01161681360025	147,0335186
60292,76465	0,531107187	2,909181885	1,01158794260025	147,047204
60302,76465	0,531047583	2,909284912	1,01157592860025	147,0524117
60312,76465	0,53152442	2,913631104	1,01151688260025	147,2720938
60322,76465	0,531882048	2,916945557	1,01152237760025	147,4396258
60332,76465	0,53113699	2,911775635	1,01146640460025	147,1783075
60342,76465	0,531613827	2,91669043	1,01138035060025	147,4267302
60352,76465	0,532716513	2,924124023	1,01156540460025	147,8024678
60362,76465	0,531852245	2,917462646	1,01165071360025	147,4657626
60372,76465	0,531703234	2,915871338	1,01161616160025	147,3853284
60382,76465	0,532180071	2,919951904	1,01154454260025	147,5915843
60392,76465	0,532120466	2,919254639	1,01143837260025	147,5563404
60402,76465	0,531613827	2,914801514	1,01158496260025	147,3312532
60412,76465	0,531286001	2,910921387	1,01155711560025	147,1351287
60422,76465	0,531345606	2,908713623	1,01147171360025	147,0235353
60432,76465	0,53152442	2,913263184	1,01158058460025	147,2534969
60442,76465	0,531882048	2,915832275	1,01159632460025	147,383354
60452,76465	0,530868769	2,906515625	1,01156531160025	146,9124356
60462,76465	0,531375408	2,910251221	1,01146621860025	147,1012546
60472,76465	0,531971455	2,916312012	1,01159632460025	147,4076027
60482,76465	0,531941652	2,918336182	1,01150486860025	147,5099162
60492,76465	0,531464815	2,914000977	1,01156931560025	147,2907894
60502,76465	0,53101778	2,907482178	1,01147283060025	146,9612908
60512,76465	0,531703234	2,914140625	1,01143995560025	147,297848
60522,76465	0,531941652	2,915247559	1,01157313460025	147,353799
60532,76465	0,531375408	2,910181885	1,01149024660025	147,0977499
60542,76465	0,531196594	2,909535156	1,01152749960025	147,0650605
60552,76465	0,531375408	2,911222656	1,01152125960025	147,1503567
60562,76465	0,530868769	2,908052734	1,01161737260025	146,9901301
60572,76465	0,531435013	2,91065332	1,01159213360025	147,1215791
60582,76465	0,531286001	2,912098145	1,01162817560025	147,194609
60592,76465	0,531673431	2,91435083	1,01151045660025	147,308473
60602,76465	0,532180071	2,919909424	1,01162957260025	147,5894371
60612,76465	0,531673431	2,91438501	1,01150151560025	147,3102007
60622,76465	0,531464815	2,913720947	1,01155534660025	147,276635
60632,76465	0,531613827	2,914519531	1,01151138760025	147,3170002
60642,76465	0,532418489	2,921878174	1,01150291260025	147,6889493
60652,76465	0,531971455	2,920348145	1,01153271460025	147,6116126
60662,76465	0,531435013	2,914221436	1,01150375060025	147,3019326
60672,76465	0,531673431	2,914661621	1,01145774360025	147,3241822
60682,76465	0,531554222	2,913651367	1,01162323960025	147,273118
60692,76465	0,531345606	2,911495605	1,01152805860025	147,1641531
60702,76465	0,531196594	2,909790771	1,01152153960025	147,0779808
60712,76465	0,53113699	2,910845459	1,01163404260025	147,1312909
60722,76465	0,53101778	2,910555664	1,01154146960025	147,1166429
60732,76465	0,531286001	2,910593506	1,01143716160025	147,1185557
60742,76465	0,531286001	2,912963867	1,01152405360025	147,2383677
60752,76465	0,531703234	2,915151367	1,01154547460025	147,3489369
60762,76465	0,531792641	2,915014404	1,01149108460025	147,342014
60772,76465	0,531345606	2,911679932	1,01146938560025	147,1734701
60782,76465	0,53113699	2,910195801	1,01166282060025	147,0984533
60792,76465	0,530868769	2,907924072	1,01150384360025	146,9836268
60802,76465	0,531047583	2,910015625	1,01151073560025	147,0893462
60812,76465	0,531464815	2,913432373	1,01146463560025	147,2620488
60822,76465	0,530868769	2,90778418	1,01161224960025	146,9765558
60832,76465	0,531554222	2,913685791	1,01148279660025	147,274858
60842,76465	0,53063035	2,90377832	1,01150924560025	146,774076
60852,76465	0,531286001	2,910946533	1,01142915160025	147,1363998
60862,76465	0,531792641	2,913778076	1,01156931560025	147,2795227
60872,76465	0,530868769	2,908248535	1,01143222560025	147,000027
60882,76465	0,531882048	2,918518555	1,01143008360025	147,5191344
60892,76465	0,531762838	2,917523438	1,01158179560025	147,4688353
60902,76465	0,531971455	2,919083252	1,01162640660025	147,5476775
60912,76465	0,531673431	2,916678711	1,01147525260025	147,4261378
60922,76465	0,531792641	2,91700415	1,01143473960025	147,4425875
60932,76465	0,531762838	2,9162854	1,01158831460025	147,4062576
60942,76465	0,530928373	2,909672363	1,01146314560025	147,0719957
60952,76465	0,531971455	2,918134033	1,01151576460025	147,4996984
60962,76465	0,531703234	2,915274902	1,01170370560025	147,3551811
60972,76465	0,531047583	2,908950195	1,01154621960025	147,0354931
60982,76465	0,531226397	2,909024414	1,01147087560025	147,0392445
60992,76465	0,531286001	2,911406006	1,01156642860025	147,1596242
61002,76465	0,532090664	2,919497559	1,01168880460025	147,568619
61012,76465	0,531435013	2,913868896	1,01147376260025	147,2841132
61022,76465	0,53152442	2,914696045	1,01147040960025	147,3259222
61032,76465	0,53152442	2,914596924	1,01160265760025	147,320912
61042,76465	0,531286001	2,911402588	1,01152591660025	147,1594515
61052,76465	0,531345606	2,912806152	1,01150123660025	147,2303959
61062,76465	0,530958176	2,910105957	1,01153923460025	147,0939121
61072,76465	0,531286001	2,91248999	1,01152843060025	147,2144152
61082,76465	0,53113699	2,911387939	1,01151976960025	147,1587111
61092,76465	0,531196594	2,912965088	1,01161811760025	147,2384294
61102,76465	0,531226397	2,912031006	1,01149844260025	147,1912154
61112,76465	0,532269478	2,921248535	1,01139050260025	147,6571237
61122,76465	0,531554222	2,91640918	1,01161690660025	147,4125141
61132,76465	0,53113699	2,913660645	1,01167502160025	147,273587
61142,76465	0,531196594	2,910794434	1,01146780160025	147,1287118
61152,76465	0,531852245	2,915637451	1,01148903560025	147,3735064
61162,76465	0,531375408	2,914297607	1,01162296060025	147,3057828
61172,76465	0,531703234	2,915357178	1,01155963060025	147,3593398
61182,76465	0,530958176	2,909719482	1,01151772060025	147,0743774
61192,76465	0,530868769	2,908444092	1,01152545060025	147,0099116
61202,76465	0,531047583	2,91095752	1,01128339960025	147,1369551
61212,76465	0,531226397	2,912775635	1,01143222560025	147,2288534
61222,76465	0,53113699	2,91162915	1,01157015460025	147,1709033
61232,76465	0,531226397	2,912304688	1,01144796460025	147,2050489
61242,76465	0,531464815	2,91555542	1,01156363460025	147,3693601
61252,76465	0,531852245	2,917863525	1,01153224960025	147,4860253
61262,76465	0,532418489	2,924368164	1,01152861760025	147,8148081
61272,76465	0,531971455	2,922025391	1,01169662760025	147,6963905
61282,76465	0,532269478	2,92284082	1,01164261160025	147,7376072
61292,76465	0,531435013	2,917	1,01156512560025	147,4423777
61302,76465	0,531941652	2,920054688	1,01155152760025	147,5967796
61312,76465	0,53113699	2,914418701	1,01160517160025	147,3119036
61322,76465	0,531882048	2,917974365	1,01150030460025	147,4916278
61332,76465	0,531941652	2,918239258	1,01158589360025	147,5050171
61342,76465	0,531047583	2,911429688	1,01163674360025	147,1608212
61352,76465	0,531613827	2,916135254	1,01157415860025	147,3986683
61362,76465	0,531673431	2,915347412	1,01155990960025	147,3588461
61372,76465	0,531196594	2,911181641	1,01165117960025	147,1482835
61382,76465	0,531613827	2,913679688	1,01140875560025	147,2745495
61392,76465	0,53152442	2,914028564	1,01159846660025	147,2921838
61402,76465	0,531107187	2,910160645	1,01149527560025	147,0966763
61412,76465	0,531613827	2,914990234	1,01160079460025	147,3407923
61422,76465	0,53113699	2,910545166	1,01155171360025	147,1161123
61432,76465	0,532031059	2,918278076	1,01144321460025	147,5069792
61442,76465	0,531792641	2,917530273	1,01158775660025	147,4691808
61452,76465	0,531613827	2,91643335	1,01158393760025	147,4137358
61462,76465	0,531375408	2,913827393	1,01137066460025	147,2820154
61472,76465	0,531673431	2,916394043	1,01163506760025	147,411749
61482,76465	0,531107187	2,911185791	1,01150300560025	147,1484933
61492,76465	0,530809164	2,90871582	1,01150309860025	147,0236464
61502,76465	0,531435013	2,914485352	1,01153616060025	147,3152725
61512,76465	0,531882048	2,917257813	1,01166319360025	147,455409
61522,76465	0,530779362	2,909024902	1,01140195760025	147,0392692
61532,76465	0,531286001	2,91247168	1,01149881460025	147,2134897
61542,76465	0,531345606	2,912743896	1,01154985160025	147,2272491
61552,76465	0,532120466	2,922191895	1,01179357860025	147,7048066
61562,76465	0,531941652	2,919833252	1,01158654560025	147,5855869
61572,76465	0,531673431	2,916361816	1,01162137660025	147,4101201
61582,76465	0,53101778	2,912051025	1,01155692960025	147,1922273
61592,76465	0,531703234	2,916758545	1,01150440260025	147,4301731
61602,76465	0,53229928	2,922150879	1,01145876760025	147,7027335
61612,76465	0,531703234	2,915370117	1,01156046860025	147,3599938
61622,76465	0,531613827	2,914770508	1,01151306460025	147,329686
61632,76465	0,531345606	2,913508545	1,01156028260025	147,265899
61642,76465	0,531613827	2,914195068	1,01140391360025	147,3005999
61652,76465	0,53063035	2,90603418	1,01151986260025	146,8881005
61662,76465	0,530809164	2,906929199	1,01158272760025	146,93334
61672,76465	0,531941652	2,915562012	1,01145755760025	147,3696933
61682,76465	0,532090664	2,919776611	1,01161280860025	147,582724
61692,76465	0,531554222	2,91545166	1,01153066660025	147,3641155
61702,76465	0,53152442	2,913909668	1,01156223760025	147,2861741
61712,76465	0,531554222	2,911016357	1,01151157360025	147,1399291
61722,76465	0,53101778	2,907605225	1,01138705660025	146,9675103
61732,76465	0,532358885	2,919912598	1,01149043260025	147,5895975
61742,76465	0,531286001	2,910355225	1,01151269160025	147,1065116
61752,76465	0,53113699	2,910630371	1,01156372860025	147,1204191
61762,76465	0,531345606	2,911352539	1,01166887460025	147,1569217
61772,76465	0,53113699	2,909811523	1,01149685960025	147,0790297
61782,76465	0,531703234	2,912858887	1,01159958360025	147,2330614
61792,76465	0,531673431	2,913659424	1,01150505460025	147,2735253
61802,76465	0,531345606	2,909971924	1,01150943160025	147,0871373
61812,76465	0,531613827	2,912624512	1,01139152660025	147,2212147
61822,76465	0,531673431	2,913074219	1,01160526560025	147,2439455
61832,76465	0,531613827	2,914408203	1,01148139960025	147,311373
61842,76465	0,53152442	2,912582031	1,01150719660025	147,2190675
61852,76465	0,531226397	2,909877197	1,01149369260025	147,0823492
61862,76465	0,531464815	2,908624756	1,01156121360025	147,0190435
61872,76465	0,531941652	2,915584717	1,01159055060025	147,3708409
61882,76465	0,531345606	2,911258301	1,01155190060025	147,1521583
61892,76465	0,531882048	2,91576416	1,01149043260025	147,379911
61902,76465	0,532180071	2,91936084	1,01161439160025	147,5617084
61912,76465	0,531792641	2,915047852	1,01150999060025	147,3437046
61922,76465	0,532031059	2,918769043	1,01151464760025	147,5317955
61932,76465	0,531464815	2,914873779	1,01158915360025	147,3349059
61942,76465	0,531852245	2,915041748	1,01138314460025	147,3433961
61952,76465	0,531554222	2,912508057	1,01145960660025	147,2153284
61962,76465	0,531882048	2,914279053	1,01160703460025	147,304845
61972,76465	0,531673431	2,911413574	1,01152302960025	147,1600068
61982,76465	0,531882048	2,912813477	1,01149033960025	147,2307661
61992,76465	0,531703234	2,914455566	1,01148614860025	147,313767
62002,76465	0,532627106	2,921480469	1,01156791860025	147,668847
62012,76465	0,531852245	2,914684326	1,01152740660025	147,3253299
62022,76465	0,531971455	2,91763501	1,01150207460025	147,4744748
62032,76465	0,531703234	2,916329834	1,01151604460025	147,4085035
62042,76465	0,532358885	2,919518066	1,01148968760025	147,5696556
62052,76465	0,531554222	2,91413916	1,01155311060025	147,297774
62062,76465	0,531613827	2,915103027	1,01149816260025	147,3464935
62072,76465	0,532090664	2,915860352	1,01158049160025	147,3847731
62082,76465	0,532627106	2,921332275	1,01151641660025	147,6613564
62092,76465	0,531613827	2,913827881	1,01161476460025	147,2820401
62102,76465	0,531703234	2,914948486	1,01152740660025	147,3386821
62112,76465	0,531226397	2,911531982	1,01153932760025	147,1659918
62122,76465	0,531047583	2,908759521	1,01143976860025	147,0258553
62132,76465	0,531554222	2,911682373	1,01157667360025	147,1735935
62142,76465	0,531345606	2,909349854	1,01149453060025	147,0556942
62152,76465	0,531941652	2,913878174	1,01136544960025	147,2845822
62162,76465	0,531286001	2,90885791	1,01150477560025	147,0308285
62172,76465	0,531047583	2,907779053	1,01149006060025	146,9762966
62182,76465	0,531464815	2,911474609	1,01151827960025	147,1630919
62192,76465	0,532209873	2,915886719	1,01153467060025	147,3861059
62202,76465	0,531762838	2,91222876	1,01158244760025	147,2012111
62212,76465	0,531882048	2,912972412	1,01151259860025	147,2387996
62222,76465	0,531196594	2,907516846	1,01151641660025	146,9630432
62232,76465	0,531345606	2,908558105	1,01157983960025	147,0156746
62242,76465	0,531792641	2,911945068	1,01147199260025	147,1868716
62252,76465	0,531792641	2,911961426	1,01148624160025	147,1876984
62262,76465	0,531464815	2,910484375	1,01153681260025	147,1130396
62272,76465	0,531971455	2,915146729	1,01155329760025	147,3487024
62282,76465	0,532358885	2,915775635	1,01158319260025	147,380491
62292,76465	0,53229928	2,916303711	1,01165760560025	147,4071831
62302,76465	0,531762838	2,911682129	1,01157667360025	147,1735811
62312,76465	0,532031059	2,911985107	1,01148363460025	147,1888954
62322,76465	0,531613827	2,909063965	1,01165443860025	147,0412437
62332,76465	0,532180071	2,913798828	1,01162919960025	147,2805716
62342,76465	0,531673431	2,90817749	1,01163152860025	146,996436
62352,76465	0,531673431	2,91111792	1,01154025860025	147,1450627
62362,76465	0,531226397	2,906050293	1,01158403060025	146,8889149
62372,76465	0,531375408	2,907409668	1,01161932760025	146,9576258
62382,76465	0,53101778	2,904054932	1,01145485660025	146,7880576
62392,76465	0,532269478	2,914557129	1,01139534460025	147,3189006
62402,76465	0,531107187	2,907762207	1,01151976960025	146,9754452
62412,76465	0,531345606	2,908990967	1,01154277360025	147,0375539
62422,76465	0,531852245	2,911693604	1,01150347160025	147,1741611
62432,76465	0,531882048	2,91214624	1,01162715160025	147,19704
62442,76465	0,531435013	2,908340332	1,01145420460025	147,004667
62452,76465	0,532537699	2,918351318	1,01154258660025	147,5106813
62462,76465	0,532418489	2,917083252	1,01161429860025	147,4465857
62472,76465	0,532209873	2,915330566	1,01150328560025	147,3579947
62482,76465	0,531792641	2,911520264	1,01152414660025	147,1653995
62492,76465	0,531107187	2,904915527	1,01137411060025	146,8315572
62502,76465	0,53152442	2,909166016	1,01143772060025	147,0464019
62512,76465	0,532031059	2,911786133	1,01134328360025	147,1788381
62522,76465	0,531703234	2,910246338	1,01157173760025	147,1010078
62532,76465	0,531375408	2,908262695	1,01148605560025	147,0007428
62542,76465	0,531673431	2,90881958	1,01137960560025	147,028891
62552,76465	0,53229928	2,915003174	1,01173890960025	147,3414463
62562,76465	0,531226397	2,905400879	1,01145373860025	146,8560897
62572,76465	0,531107187	2,90576001	1,01144414660025	146,8742423
62582,76465	0,532180071	2,914781494	1,01159557960025	147,3302413
62592,76465	0,531613827	2,911399902	1,01160433360025	147,1593157
62602,76465	0,531673431	2,910537354	1,01155329760025	147,1157174
62612,76465	0,531375408	2,909238525	1,01136228260025	147,050067
62622,76465	0,531971455	2,912541016	1,01150524060025	147,2169943
62632,76465	0,531941652	2,913269775	1,01143837260025	147,2538301
62642,76465	0,531852245	2,911692627	1,01149443760025	147,1741118
62652,76465	0,532418489	2,916283203	1,01160638260025	147,4061465
62662,76465	0,532031059	2,914812256	1,01164670860025	147,3317962
62672,76465	0,531673431	2,911415039	1,01164167960025	147,1600808
62682,76465	0,53152442	2,910203857	1,01163795460025	147,0988606
62692,76465	0,531107187	2,907375732	1,01149704560025	146,9559105
62702,76465	0,531792641	2,912380859	1,01146482160025	147,2088991
62712,76465	0,53152442	2,910310303	1,01156251760025	147,1042409
62722,76465	0,531375408	2,909061523	1,01155478760025	147,0411203
62732,76465	0,531554222	2,909868408	1,01158337860025	147,081905
62742,76465	0,531226397	2,90803418	1,01155795360025	146,9891923
62752,76465	0,531464815	2,910300049	1,01158440360025	147,1037226
62762,76465	0,532627106	2,920495605	1,01158812860025	147,6190662
62772,76465	0,531464815	2,91141748	1,01157676660025	147,1602042
62782,76465	0,531286001	2,908941406	1,01159716260025	147,0350488
62792,76465	0,531852245	2,914778809	1,01148838460025	147,3301056
62802,76465	0,531554222	2,912443848	1,01139450660025	147,2120829
62812,76465	0,531226397	2,909092773	1,01149266860025	147,0426998
62822,76465	0,531941652	2,914968506	1,01155534660025	147,339694
62832,76465	0,530868769	2,906595947	1,01161336760025	146,9164955
62842,76465	0,53063035	2,903025146	1,01148242360025	146,7360062
62852,76465	0,530689955	2,90384375	1,01156670860025	146,7773832
62862,76465	0,531047583	2,906256348	1,01136507660025	146,8993301
62872,76465	0,531286001	2,907829346	1,01149527560025	146,9788387
62882,76465	0,531375408	2,910726563	1,01164149360025	147,1252812
62892,76465	0,531107187	2,90761084	1,01157564860025	146,9677942
62902,76465	0,531941652	2,914000488	1,01161578860025	147,2907647
62912,76465	0,531554222	2,911273682	1,01158915360025	147,1529358
62922,76465	0,532090664	2,916129883	1,01161578860025	147,3983968
62932,76465	0,532031059	2,918024414	1,01150924560025	147,4941576
62942,76465	0,532627106	2,921704834	1,01151464760025	147,6801877
62952,76465	0,531226397	2,90979248	1,01140428560025	147,0780671
62962,76465	0,531971455	2,915452393	1,01155720860025	147,3641525
62972,76465	0,531941652	2,913989746	1,01147683560025	147,2902217
62982,76465	0,531435013	2,910895996	1,01150300560025	147,1338453
62992,76465	0,53101778	2,908655518	1,01163096960025	147,0205983
63002,76465	0,531673431	2,911069092	1,01147599760025	147,1425946
63012,76465	0,531375408	2,910665771	1,01152489160025	147,1222084
63022,76465	0,531375408	2,908566162	1,01140652060025	147,0160818
63032,76465	0,531464815	2,91033252	1,01156056160025	147,1053639
63042,76465	0,531226397	2,90837207	1,01168042260025	147,0062712
63052,76465	0,532716513	2,922743896	1,01160498560025	147,7327081
63062,76465	0,531286001	2,911780029	1,01135967560025	147,1785296
63072,76465	0,531852245	2,915826172	1,01143175960025	147,3830455
63082,76465	0,531286001	2,911640381	1,01154891960025	147,1714709
63092,76465	0,531792641	2,913203857	1,01154826860025	147,2504983
63102,76465	0,531613827	2,912471436	1,01147795360025	147,2134773
63112,76465	0,531196594	2,910397217	1,01161075960025	147,1086341
63122,76465	0,531226397	2,909838135	1,01164717460025	147,0803748
63132,76465	0,531196594	2,90870166	1,01162603360025	147,0229307
63142,76465	0,531762838	2,913790771	1,01151623060025	147,2801643
63152,76465	0,53063035	2,905622803	1,01151688260025	146,8673071
63162,76465	0,531047583	2,90828125	1,01154687160025	147,0016807
63172,76465	0,53113699	2,909646973	1,01148717360025	147,0707123
63182,76465	0,531047583	2,909046143	1,01146174860025	147,0403428
63192,76465	0,532031059	2,915154785	1,01151772060025	147,3491096
63202,76465	0,531196594	2,910271484	1,01144395960025	147,1022788
63212,76465	0,530719757	2,904922119	1,01154091060025	146,8318904
63222,76465	0,530540943	2,903751953	1,01143548460025	146,7727433
63232,76465	0,531196594	2,90827124	1,01146985060025	147,0011747
63242,76465	0,53229928	2,918538086	1,01160601060025	147,5201216
63252,76465	0,530958176	2,908294434	1,01141974560025	147,002347
63262,76465	0,531792641	2,916416748	1,01147599760025	147,4128967
63272,76465	0,531852245	2,913443359	1,01155869860025	147,2626041
63282,76465	0,531792641	2,914178955	1,01145327360025	147,2997854
63292,76465	0,53113699	2,907873291	1,01144330860025	146,98106
63302,76465	0,531941652	2,91512915	1,01149453060025	147,3478139
63312,76465	0,531286001	2,910425537	1,01151474060025	147,1100656
63322,76465	0,531762838	2,914354492	1,01157127160025	147,3086581
63332,76465	0,531345606	2,911458252	1,01145094460025	147,1622651
63342,76465	0,531196594	2,910565674	1,01153411160025	147,1171489
63352,76465	0,531464815	2,9116875	1,01147720860025	147,1738526
63362,76465	0,531286001	2,909629395	1,01147441460025	147,0698238
63372,76465	0,532269478	2,920177002	1,01166878160025	147,6029621
63382,76465	0,53152442	2,911906494	1,01142309860025	147,1849219
63392,76465	0,53229928	2,91845874	1,01161038760025	147,516111
63402,76465	0,531792641	2,914418945	1,01149937360025	147,311916
63412,76465	0,531613827	2,91260083	1,01165564960025	147,2200177
63422,76465	0,53113699	2,906983154	1,01158514860025	146,9360672
63432,76465	0,531673431	2,913887451	1,01149630060025	147,2850511
63442,76465	0,531703234	2,913158203	1,01157043360025	147,2481906
63452,76465	0,531792641	2,914386475	1,01152694060025	147,3102747
63462,76465	0,531554222	2,911917725	1,01155432160025	147,1854895
63472,76465	0,532180071	2,91859668	1,01151306460025	147,5230833
63482,76465	0,531286001	2,909871094	1,01156046860025	147,0820407
63492,76465	0,531464815	2,911247803	1,01160498560025	147,1516277
63502,76465	0,53101778	2,908719971	1,01149033960025	147,0238562
63512,76465	0,531375408	2,91123999	1,01151706860025	147,1512328
63522,76465	0,531107187	2,909202148	1,01166123760025	147,0482283
63532,76465	0,53113699	2,908130127	1,01147096860025	146,994042
63542,76465	0,53152442	2,911369873	1,01161802460025	147,1577979
63552,76465	0,531613827	2,913333008	1,01159613860025	147,2570263
63562,76465	0,531375408	2,911507813	1,01166580060025	147,1647701
63572,76465	0,530958176	2,907130371	1,01151408860025	146,9435084
63582,76465	0,531286001	2,911641113	1,01153047960025	147,1715079
63592,76465	0,531107187	2,908312744	1,01160256460025	147,0032726
63602,76465	0,531554222	2,911750732	1,01140847660025	147,1770487
63612,76465	0,53113699	2,907708008	1,01146016460025	146,9727056
63622,76465	0,531941652	2,913674561	1,01146444960025	147,2742904
63632,76465	0,532209873	2,917835938	1,01154910660025	147,4846309
63642,76465	0,532031059	2,916201172	1,01143157360025	147,4020002
63652,76465	0,530719757	2,906952637	1,01157937460025	146,9345247
63662,76465	0,530958176	2,9087229	1,01144898960025	147,0240043
63672,76465	0,531375408	2,911434082	1,01154705760025	147,1610434
63682,76465	0,531107187	2,91001001	1,01157592860025	147,0890624
63692,76465	0,530809164	2,906952148	1,01161057360025	146,9345
63702,76465	0,531941652	2,91661792	1,01147627660025	147,4230651
63712,76465	0,531047583	2,909287598	1,01145178360025	147,0525474
63722,76465	0,530958176	2,908072754	1,01159911860025	146,991142
63732,76465	0,531792641	2,914588623	1,01140894260025	147,3204925
63742,76465	0,531852245	2,915644043	1,01148763860025	147,3738396
63752,76465	0,53113699	2,909368408	1,01146863960025	147,056632
63762,76465	0,531286001	2,91108252	1,01174999260025	147,1432733
63772,76465	0,531882048	2,915745605	1,01152172560025	147,3789732
63782,76465	0,532269478	2,919469482	1,01176899160025	147,5671999
63792,76465	0,531792641	2,912976074	1,01142831360025	147,2389847
63802,76465	0,531554222	2,911031738	1,01164540560025	147,1407065
63812,76465	0,530809164	2,906134277	1,01153616060025	146,89316
63822,76465	0,531196594	2,910324707	1,01136265560025	147,104969
63832,76465	0,532925129	2,924744629	1,01143101460025	147,8338369
63842,76465	0,53229928	2,920679688	1,01149369260025	147,6283708
63852,76465	0,531792641	2,91537207	1,01157304160025	147,3600925
63862,76465	0,532120466	2,916578857	1,01158710460025	147,4210907
63872,76465	0,531435013	2,91097998	1,01155450760025	147,1380904
63882,76465	0,531703234	2,913761475	1,01166142360025	147,2786835
63892,76465	0,531941652	2,916575195	1,01148624160025	147,4209055
63902,76465	0,531286001	2,910942139	1,01148745260025	147,1361777
63912,76465	0,531703234	2,914123047	1,01148940860025	147,2969595
63922,76465	0,531762838	2,913855469	1,01158747660025	147,2834345
63932,76465	0,531375408	2,90969873	1,01148689360025	147,0733285
63942,76465	0,531852245	2,913562744	1,01154705760025	147,2686385
63952,76465	0,531882048	2,914894043	1,01151790660025	147,3359302
63962,76465	0,531673431	2,913253906	1,01151772060025	147,253028
63972,76465	0,531345606	2,909039551	1,01162398460025	147,0400096
63982,76465	0,532031059	2,916601807	1,01176992260025	147,4222506
63992,76465	0,531196594	2,909458496	1,01155068960025	147,0611856
64002,76465	0,531375408	2,909253418	1,01149955960025	147,0508198
64012,76465	0,531286001	2,908440674	1,01151027060025	147,0097389
64022,76465	0,532120466	2,915993896	1,01155031660025	147,3915233
64032,76465	0,532597303	2,923031982	1,01152470560025	147,7472696
64042,76465	0,531554222	2,913820557	1,01143380860025	147,2816699
64052,76465	0,531554222	2,9110354	1,01145485660025	147,1408916
64062,76465	0,531554222	2,91238916	1,01150905960025	147,2093186
64072,76465	0,531435013	2,911764893	1,01162621960025	147,1777645
64082,76465	0,531375408	2,910202393	1,01155227260025	147,0987865
64092,76465	0,531226397	2,908591309	1,01155264560025	147,0173528
64102,76465	0,531673431	2,913666504	1,01148037460025	147,2738831
64112,76465	0,530779362	2,90696582	1,01156428660025	146,9351911
64122,76465	0,530958176	2,907261963	1,01151883860025	146,9501599
64132,76465	0,532031059	2,916200684	1,01168908460025	147,4019755
64142,76465	0,53113699	2,908729248	1,01162724460025	147,0243251
64152,76465	0,531047583	2,90865332	1,01155115560025	147,0204873
64162,76465	0,531345606	2,911141846	1,01157956060025	147,146272
64172,76465	0,531882048	2,915330811	1,01144386660025	147,358007
64182,76465	0,531375408	2,911562012	1,01155720860025	147,1675097
64192,76465	0,532269478	2,918784912	1,01146361060025	147,5325977
64202,76465	0,531613827	2,914093018	1,01154184160025	147,2954416
64212,76465	0,531226397	2,911331055	1,01149928060025	147,1558358
64222,76465	0,530600548	2,903672119	1,01139739360025	146,768708
64232,76465	0,531554222	2,911863525	1,01152368160025	147,18275
64242,76465	0,530779362	2,907050293	1,01152144560025	146,9394608
64252,76465	0,530958176	2,907295654	1,01158291360025	146,9518628
64262,76465	0,531435013	2,910068115	1,01146817460025	147,0919994
64272,76465	0,530958176	2,907861328	1,01150635860025	146,9804553
64282,76465	0,531196594	2,909424072	1,01158999160025	147,0594456
64292,76465	0,53113699	2,906502197	1,01169932860025	146,9117568
64302,76465	0,530868769	2,903651367	1,01140242260025	146,7676591
64312,76465	0,531554222	2,908449707	1,01151865260025	147,0101955
64322,76465	0,530779362	2,904787109	1,01147255160025	146,8250662
64332,76465	0,531673431	2,91133252	1,01145383160025	147,1559098
64342,76465	0,531941652	2,914798584	1,01151203960025	147,3311051
64352,76465	0,53152442	2,913596924	1,01156801260025	147,2703661
64362,76465	0,531792641	2,913655029	1,01152060760025	147,2733031
64372,76465	0,531792641	2,914971924	1,01163758160025	147,3398668
64382,76465	0,532090664	2,916985596	1,01150412360025	147,4416496
64392,76465	0,531196594	2,909584229	1,01150766260025	147,0675409
64402,76465	0,531464815	2,910834717	1,01167688360025	147,1307479
64412,76465	0,531286001	2,908326416	1,01144228360025	147,0039636
64422,76465	0,531554222	2,910656494	1,01148903560025	147,1217395
64432,76465	0,531673431	2,910148926	1,01153485760025	147,096084
64442,76465	0,531047583	2,906470459	1,01170063260025	146,9101526
64452,76465	0,531286001	2,909257813	1,01152507860025	147,0510419
64462,76465	0,530958176	2,907073242	1,01153131760025	146,9406208
64472,76465	0,530809164	2,906029053	1,01156484560025	146,8878413
64482,76465	0,531435013	2,909318604	1,01135306260025	147,0541146
64492,76465	0,531345606	2,908490479	1,01147441460025	147,0122563
64502,76465	0,531286001	2,909563721	1,01160694160025	147,0665043
64512,76465	0,53113699	2,908109375	1,01166291360025	146,9929931
64522,76465	0,531286001	2,90946875	1,01157453160025	147,0617039
64532,76465	0,530928373	2,906036621	1,01150030460025	146,8882239
64542,76465	0,531047583	2,909723389	1,01150132960025	147,0745748
64552,76465	0,531286001	2,908806396	1,01153681260025	147,0282247
64562,76465	0,530809164	2,90361377	1,01157229660025	146,7657587
64572,76465	0,531673431	2,91184082	1,01149099160025	147,1816023
64582,76465	0,531435013	2,911254883	1,01150971160025	147,1519856
64592,76465	0,532031059	2,915632324	1,01147059560025	147,3732473
64602,76465	0,531852245	2,913941162	1,01150198160025	147,287766
64612,76465	0,531196594	2,909268799	1,01138482060025	147,0515972
64622,76465	0,532537699	2,921134277	1,01137327260025	147,6513484
64632,76465	0,531792641	2,916257324	1,01146975760025	147,4048385
64642,76465	0,531286001	2,910373779	1,01154752360025	147,1074494
64652,76465	0,532269478	2,917806641	1,01148223760025	147,4831501
64662,76465	0,531613827	2,914014893	1,01160656860025	147,2914928
64672,76465	0,531703234	2,916369873	1,01150579960025	147,4105273
64682,76465	0,531673431	2,914589355	1,01162212160025	147,3205295
64692,76465	0,531047583	2,909655518	1,01145671960025	147,0711442
64702,76465	0,53113699	2,908356689	1,01155860560025	147,0054938
64712,76465	0,531345606	2,908821777	1,01153988660025	147,0290021
64722,76465	0,53113699	2,908017578	1,01151446160025	146,9883531
64732,76465	0,531107187	2,908485596	1,01164764060025	147,0120095
64742,76465	0,531375408	2,911338135	1,01142896560025	147,1561936
64752,76465	0,531107187	2,906812988	1,01149387860025	146,927466
64762,76465	0,531196594	2,906779541	1,01146519460025	146,9257754
64772,76465	0,53113699	2,910216309	1,01145597460025	147,0994899
64782,76465	0,530809164	2,906440674	1,01150766260025	146,9086471
64792,76465	0,531286001	2,909408691	1,01157136460025	147,0586682
64802,76465	0,531703234	2,911896729	1,01160358860025	147,1844283
64812,76465	0,531107187	2,906817139	1,01140232960025	146,9276758
64822,76465	0,53152442	2,910212158	1,01143231860025	147,0992801
64832,76465	0,53113699	2,908956787	1,01152684760025	147,0358263
64842,76465	0,531554222	2,912496826	1,01147078260025	147,2147607
64852,76465	0,531196594	2,910154297	1,01149844260025	147,0963555
64862,76465	0,531047583	2,90894873	1,01172829260025	147,035419
64872,76465	0,532180071	2,916921387	1,01143613660025	147,4384041
64882,76465	0,531882048	2,914380127	1,01162389160025	147,3099538
64892,76465	0,531464815	2,911906494	1,01161839660025	147,1849219
64902,76465	0,531107187	2,907375	1,01156968860025	146,9558734
64912,76465	0,53101778	2,906712646	1,01148298260025	146,9223942
64922,76465	0,531703234	2,914128174	1,01144051460025	147,2972187
64932,76465	0,531613827	2,915191406	1,01159632460025	147,3509607
64942,76465	0,531703234	2,913407959	1,01147618360025	147,2608147
64952,76465	0,531703234	2,913884766	1,01138398260025	147,2849154
64962,76465	0,531852245	2,915858154	1,01154808160025	147,3846621
64972,76465	0,531762838	2,914702881	1,01150440260025	147,3262677
64982,76465	0,532180071	2,91778833	1,01145234160025	147,4822245
64992,76465	0,531971455	2,916112549	1,01153047960025	147,3975207
65002,76465	0,532358885	2,918133301	1,01157071260025	147,4996614
65012,76465	0,531792641	2,913983154	1,01155814060025	147,2898885
65022,76465	0,531703234	2,913823486	1,01150002560025	147,281818
65032,76465	0,531882048	2,914926025	1,01147497260025	147,3375468
65042,76465	0,530540943	2,902705566	1,01153113160025	146,7198527
65052,76465	0,532031059	2,914949707	1,01157304160025	147,3387438
65062,76465	0,531554222	2,909985596	1,01146016460025	147,0878283
65072,76465	0,531345606	2,908906006	1,01142337760025	147,0332595
65082,76465	0,530689955	2,905314453	1,01160861760025	146,8517212
65092,76465	0,530928373	2,905154541	1,01169318160025	146,8436383
65102,76465	0,53113699	2,907010742	1,01154174860025	146,9374617
65112,76465	0,53113699	2,906351074	1,01155627760025	146,9041182
65122,76465	0,531762838	2,912004639	1,01156512560025	147,1898827
65132,76465	0,53101778	2,907251953	1,01150887360025	146,9496539
65142,76465	0,53229928	2,916497314	1,01156298260025	147,416969
65152,76465	0,531047583	2,907414307	1,01144815060025	146,9578602
65162,76465	0,532209873	2,916033691	1,01155469460025	147,3935347
65172,76465	0,532269478	2,916423584	1,01167241360025	147,4132422
65182,76465	0,531554222	2,910494629	1,01153588160025	147,1135579
65192,76465	0,53101778	2,907338623	1,01146295860025	146,9540347
65202,76465	0,531196594	2,90802417	1,01162659260025	146,9886863
65212,76465	0,531345606	2,909791992	1,01156354160025	147,0780425
65222,76465	0,531464815	2,911268555	1,01140987360025	147,1526766
65232,76465	0,531613827	2,912337158	1,01153830260025	147,2066902
65242,76465	0,531107187	2,907151855	1,01142812760025	146,9445944
65252,76465	0,532209873	2,917536377	1,01150263360025	147,4694893
65262,76465	0,532180071	2,91665625	1,01161001460025	147,4250025
65272,76465	0,531673431	2,912890625	1,01136777760025	147,2346656
65282,76465	0,531792641	2,914685303	1,01147422760025	147,3253792
65292,76465	0,531107187	2,908223389	1,01143120060025	146,998756
65302,76465	0,531345606	2,910329346	1,01151492660025	147,1052035
65312,76465	0,531613827	2,911948242	1,01161457860025	147,1870321
65322,76465	0,531852245	2,912022949	1,01146575260025	147,1908082
65332,76465	0,531464815	2,909904785	1,01157630060025	147,0837437
65342,76465	0,531375408	2,908012939	1,01154389060025	146,9881187
65352,76465	0,531852245	2,911241699	1,01152852460025	147,1513192
65362,76465	0,531375408	2,90963623	1,01159511360025	147,0701694
65372,76465	0,531971455	2,912509277	1,01158580060025	147,2153901
65382,76465	0,531971455	2,913955811	1,01162500960025	147,2885064
65392,76465	0,531226397	2,907541016	1,01151604460025	146,9642648
65402,76465	0,531613827	2,909929932	1,01146621860025	147,0850147
65412,76465	0,531286001	2,908541992	1,01144656760025	147,0148601
65422,76465	0,531971455	2,912514893	1,01150291260025	147,2156739
65432,76465	0,531375408	2,907227539	1,01157630060025	146,9484199
65442,76465	0,531435013	2,908909912	1,01150039860025	147,0334569
65452,76465	0,531613827	2,910169434	1,01153858260025	147,0971206
65462,76465	0,531464815	2,90847876	1,01158133060025	147,011664
65472,76465	0,531435013	2,907760498	1,01162715160025	146,9753588
65482,76465	0,531703234	2,908404785	1,01152787260025	147,0079248
65492,76465	0,530928373	2,902970459	1,01147962960025	146,733242
65502,76465	0,53101778	2,90435791	1,01147599760025	146,8033719
65512,76465	0,531673431	2,909993164	1,01140689360025	147,0882109
65522,76465	0,531464815	2,908260986	1,01149397160025	147,0006564
65532,76465	0,53113699	2,904674561	1,01157071260025	146,8193773
65542,76465	0,531673431	2,909966797	1,01155068960025	147,0868781
65552,76465	0,531971455	2,911726074	1,01157574260025	147,1758024
65562,76465	0,532209873	2,915490723	1,01154770960025	147,3660899
65572,76465	0,531703234	2,90985791	1,01159828060025	147,0813744
65582,76465	0,531703234	2,910720703	1,01150710360025	147,124985
65592,76465	0,53152442	2,908500244	1,01153727860025	147,0127499
65602,76465	0,531345606	2,907794678	1,01156326260025	146,9770864
65612,76465	0,530809164	2,901405762	1,01146137560025	146,6541529
65622,76465	0,53113699	2,90486377	1,01161420560025	146,828941
65632,76465	0,530719757	2,901584961	1,01154985160025	146,6632107
65642,76465	0,53101778	2,903345459	1,01150784860025	146,7521967
65652,76465	0,531226397	2,904308105	1,01142393660025	146,8008545
65662,76465	0,531792641	2,90985083	1,01153616060025	147,0810165
65672,76465	0,531971455	2,912233398	1,01152545060025	147,2014455
65682,76465	0,53229928	2,915083496	1,01142347060025	147,3455063
65692,76465	0,531673431	2,9101875	1,01161681360025	147,0980338
65702,76465	0,532031059	2,912432373	1,01140056060025	147,2115029
65712,76465	0,531613827	2,909857422	1,01144898960025	147,0813497
65722,76465	0,531226397	2,907199219	1,01162575460025	146,9469884
65732,76465	0,531464815	2,908198975	1,01147040960025	146,997522
65742,76465	0,531613827	2,909242432	1,01149462360025	147,0502644
65752,76465	0,530958176	2,903678711	1,01152433360025	146,7690412
65762,76465	0,531762838	2,909003418	1,01156382160025	147,0381833
65772,76465	0,531852245	2,911676514	1,01154295960025	147,1732973
65782,76465	0,531554222	2,910444824	1,01153429860025	147,1110404
65792,76465	0,531286001	2,908258057	1,01153793060025	147,0005083
65802,76465	0,532031059	2,913592773	1,01170985260025	147,2701564
65812,76465	0,532537699	2,918012939	1,01151148060025	147,4935776
65822,76465	0,532120466	2,914131348	1,01151306460025	147,2973791
65832,76465	0,532507896	2,917828613	1,01159455460025	147,4842607
65842,76465	0,530928373	2,904419434	1,01140670760025	146,8064817
65852,76465	0,53152442	2,908350586	1,01149890760025	147,0051853
65862,76465	0,531613827	2,90918042	1,01137234160025	147,04713
65872,76465	0,531226397	2,905808838	1,01158011960025	146,8767104
65882,76465	0,531673431	2,90863501	1,01166626660025	147,0195618
65892,76465	0,531613827	2,909560547	1,01170230860025	147,0663439
65902,76465	0,53152442	2,907657471	1,01144889560025	146,9701512
65912,76465	0,531554222	2,908537598	1,01151464760025	147,014638
65922,76465	0,531554222	2,907612793	1,01143073560025	146,9678929
65932,76465	0,531286001	2,905293945	1,01150943160025	146,8506847
65942,76465	0,531554222	2,906981445	1,01145411160025	146,9359809
65952,76465	0,531345606	2,905971924	1,01155832660025	146,8849537
65962,76465	0,531673431	2,908606201	1,01161401960025	147,0181056
65972,76465	0,531226397	2,90541748	1,01146361060025	146,8569289
65982,76465	0,531375408	2,906802979	1,01129792860025	146,9269601
65992,76465	0,531554222	2,907134033	1,01146482160025	146,9436936
66002,76465	0,532120466	2,913791992	1,01157313460025	147,2802261
66012,76465	0,530958176	2,903519775	1,01152833760025	146,7610077
66022,76465	0,531286001	2,905307861	1,01154882660025	146,8513881
66032,76465	0,531703234	2,909248535	1,01155488060025	147,0505729
66042,76465	0,530540943	2,900921875	1,01151464760025	146,6296945
66052,76465	0,531375408	2,906162354	1,01161876960025	146,8945791
66062,76465	0,53101778	2,903925781	1,01160954960025	146,7815296
66072,76465	0,53152442	2,908364746	1,01156456660025	147,005901
66082,76465	0,531345606	2,908388184	1,01146985060025	147,0070857
66092,76465	0,53101778	2,905716797	1,01163422960025	146,8720581
66102,76465	0,53152442	2,907771973	1,01161262260025	146,9759388
66112,76465	0,53101778	2,905402344	1,01155972360025	146,8561638
66122,76465	0,531464815	2,909089111	1,01152479860025	147,0425147
66132,76465	0,530958176	2,903328613	1,01165378660025	146,7513452
66142,76465	0,531375408	2,906692139	1,01155851260025	146,9213576
66152,76465	0,532031059	2,914678467	1,01170687260025	147,3250337
66162,76465	0,532120466	2,917633301	1,01148139960025	147,4743884
66172,76465	0,532269478	2,918168945	1,01147953660025	147,5014631
66182,76465	0,531882048	2,914580322	1,01153355360025	147,3200729
66192,76465	0,531852245	2,914601074	1,01157173760025	147,3211218
66202,76465	0,531673431	2,913622803	1,01148372760025	147,2716742
66212,76465	0,531852245	2,915131104	1,01154528760025	147,3479126
66222,76465	0,531435013	2,911386475	1,01149220260025	147,158637
66232,76465	0,532031059	2,91442749	1,01156847760025	147,3123479
66242,76465	0,532537699	2,920111816	1,01165658060025	147,5996672
66252,76465	0,532537699	2,922178955	1,01149630060025	147,7041526
66262,76465	0,531435013	2,912505371	1,01138752160025	147,2151926
66272,76465	0,530540943	2,903373535	1,01133983860025	146,7536158
66282,76465	0,531047583	2,906060059	1,01158375160025	146,8894085
66292,76465	0,530779362	2,905179199	1,01146817460025	146,8448847
66302,76465	0,530302525	2,900049072	1,01144498460025	146,5855779
66312,76465	0,53101778	2,903937012	1,01160880460025	146,7820972
66322,76465	0,53113699	2,905803955	1,01147916360025	146,8764636
66332,76465	0,531971455	2,915405518	1,01155776760025	147,3617831
66342,76465	0,532180071	2,918113037	1,01153923460025	147,4986371
66352,76465	0,530809164	2,905935791	1,01157658060025	146,8831273
66362,76465	0,531971455	2,915404297	1,01156391460025	147,3617214
66372,76465	0,531435013	2,911024414	1,01153755760025	147,1403363
66382,76465	0,531464815	2,911782715	1,01153401860025	147,1786653
66392,76465	0,530928373	2,905518311	1,01141927960025	146,8620254
66402,76465	0,531286001	2,908332031	1,01147059560025	147,0042474
66412,76465	0,530689955	2,904738037	1,01145811660025	146,8225858
66422,76465	0,530689955	2,904677734	1,01150803460025	146,8195377
66432,76465	0,53063035	2,903042236	1,01148922260025	146,73687
66442,76465	0,530928373	2,906611816	1,01152656860025	146,9172976
66452,76465	0,531375408	2,90937085	1,01153690560025	147,0567554
66462,76465	0,531286001	2,908213867	1,01156475260025	146,9982747
66472,76465	0,531792641	2,912381104	1,01148456560025	147,2089114
66482,76465	0,531047583	2,906692871	1,01149806960025	146,9213946
66492,76465	0,53152442	2,910126465	1,01160200560025	147,0949487
66502,76465	0,531107187	2,908112549	1,01146379760025	146,9931535
66512,76465	0,531852245	2,913912598	1,01161578860025	147,2863222
66522,76465	0,531196594	2,9085625	1,01164624360025	147,0158967
66532,76465	0,530689955	2,904231689	1,01155897860025	146,796992
66542,76465	0,530451536	2,902190186	1,01152414660025	146,6938023
66552,76465	0,530779362	2,904704834	1,01154035160025	146,8209075
66562,76465	0,530719757	2,903745117	1,01148419360025	146,7723978
66572,76465	0,531196594	2,907083496	1,01147301760025	146,9411391
66582,76465	0,532180071	2,915431152	1,01161094660025	147,3630789
66592,76465	0,532448292	2,917692627	1,01156186560025	147,4773871
66602,76465	0,531613827	2,913312012	1,01164680160025	147,255965
66612,76465	0,531762838	2,912627441	1,01147152760025	147,2213628
66622,76465	0,531613827	2,911029053	1,01144368060025	147,1405708
66632,76465	0,531613827	2,909942627	1,01162547460025	147,0856564
66642,76465	0,531762838	2,912483887	1,01154603260025	147,2141067
66652,76465	0,532031059	2,914948242	1,01170268160025	147,3386697
66662,76465	0,530958176	2,905987305	1,01153988660025	146,8857311
66672,76465	0,532090664	2,916188477	1,01157853660025	147,4013585
66682,76465	0,530779362	2,904602539	1,01151548560025	146,8157369
66692,76465	0,531464815	2,910503906	1,01159082960025	147,1140268
66702,76465	0,531435013	2,908607178	1,01143175960025	147,018155
66712,76465	0,530213118	2,898063232	1,01142635760025	146,4852018
66722,76465	0,531196594	2,90287793	1,01158095760025	146,728565
66732,76465	0,53063035	2,899236328	1,01148056060025	146,544497
66742,76465	0,531196594	2,906596924	1,01159911860025	146,9165449
66752,76465	0,531762838	2,912764648	1,01156903660025	147,228298
66762,76465	0,53152442	2,910363525	1,01143352960025	147,1069311
66772,76465	0,531435013	2,908020752	1,01162230860025	146,9885135
66782,76465	0,530689955	2,900851074	1,01147869860025	146,6261158
66792,76465	0,530719757	2,900850098	1,01148242360025	146,6260664
66802,76465	0,530958176	2,901977295	1,01147897760025	146,6830416
66812,76465	0,530868769	2,902250732	1,01146118960025	146,6968627
66822,76465	0,53101778	2,903679443	1,01159995660025	146,7690782
66832,76465	0,53101778	2,903606934	1,01168265760025	146,7654131
66842,76465	0,531375408	2,906588867	1,01159427560025	146,9161376
66852,76465	0,531852245	2,913779297	1,01160200560025	147,2795844
66862,76465	0,532090664	2,915058838	1,01146137560025	147,3442599
66872,76465	0,530928373	2,906039307	1,01149667260025	146,8883596
66882,76465	0,530928373	2,905982178	1,01147320360025	146,885472
66892,76465	0,530481339	2,902046143	1,01152898960025	146,6865216
66902,76465	0,530451536	2,901074951	1,01147497260025	146,6374318
66912,76465	0,530689955	2,901319336	1,01159893260025	146,6497845
66922,76465	0,530809164	2,903927734	1,01143976860025	146,7816283
66932,76465	0,530689955	2,902404541	1,01145420460025	146,7046371
66942,76465	0,530928373	2,903726563	1,01168787360025	146,7714599
66952,76465	0,531464815	2,907241943	1,01143334260025	146,949148
66962,76465	0,530302525	2,898627441	1,01155329760025	146,5137202
66972,76465	0,531196594	2,904740234	1,01153811660025	146,8226968
66982,76465	0,531047583	2,905080566	1,01157769760025	146,8398992
66992,76465	0,530302525	2,900007324	1,01157145760025	146,5834677
67002,76465	0,53063035	2,902130615	1,01152582360025	146,6907913
67012,76465	0,531375408	2,907902832	1,01153671960025	146,9825532
67022,76465	0,531345606	2,908469971	1,01152787260025	147,0112197
67032,76465	0,530719757	2,904834473	1,01160275060025	146,8274602
67042,76465	0,531286001	2,909089355	1,01163925860025	147,0425271
67052,76465	0,531435013	2,9099104	1,01152498560025	147,0840275
67062,76465	0,531286001	2,90921582	1,01147720860025	147,0489193
67072,76465	0,531673431	2,911704834	1,01150263360025	147,1747288
67082,76465	0,531226397	2,90861499	1,01148819760025	147,0185499
67092,76465	0,53152442	2,912564941	1,01152768560025	147,2182037
67102,76465	0,531375408	2,910927734	1,01148819760025	147,1354496
67112,76465	0,531345606	2,909439453	1,01155674360025	147,0602231
67122,76465	0,53101778	2,906483643	1,01148158560025	146,910819
67132,76465	0,531286001	2,906885254	1,01147627660025	146,9311188
67142,76465	0,53101778	2,904993164	1,01152917560025	146,8354814
67152,76465	0,530719757	2,902960693	1,01150505460025	146,7327484
67162,76465	0,530362129	2,901168701	1,01147776660025	146,6421705
67172,76465	0,53152442	2,908516113	1,01153010760025	147,013552
67182,76465	0,530928373	2,904710938	1,01153401860025	146,821216
67192,76465	0,530958176	2,903573975	1,01159539260025	146,7637472
67202,76465	0,530809164	2,903058838	1,01153578860025	146,7377092
67212,76465	0,53113699	2,904140625	1,01159977060025	146,7923891
67222,76465	0,531286001	2,905532227	1,01163180760025	146,8627288
67232,76465	0,530779362	2,901827637	1,01148372760025	146,675477
67242,76465	0,530451536	2,900450439	1,01148773260025	146,6058653
67252,76465	0,530809164	2,901655273	1,01150812860025	146,6667647
67262,76465	0,530600548	2,899990723	1,01155990960025	146,5826285
67272,76465	0,531345606	2,90564624	1,01144759260025	146,8684917
67282,76465	0,53113699	2,90473999	1,01155283160025	146,8226845
67292,76465	0,530481339	2,900142822	1,01158617260025	146,5903165
67302,76465	0,531286001	2,905389404	1,01153290160025	146,8555097
67312,76465	0,53152442	2,909165039	1,01155814060025	147,0463526
67322,76465	0,530958176	2,90342627	1,01148614860025	146,7562813
67332,76465	0,530928373	2,902715332	1,01149164360025	146,7203463
67342,76465	0,530779362	2,901731445	1,01148782560025	146,6706149
67352,76465	0,530868769	2,901623047	1,01149015360025	146,6651358
67362,76465	0,531345606	2,90497876	1,01149937360025	146,8347533
67372,76465	0,530779362	2,900864746	1,01136069960025	146,6268068
67382,76465	0,531226397	2,904348145	1,01141359860025	146,8028783
67392,76465	0,531435013	2,905696289	1,01149890760025	146,8710215
67402,76465	0,531673431	2,909297119	1,01152545060025	147,0530287
67412,76465	0,531435013	2,907937744	1,01147283060025	146,9843178
67422,76465	0,531673431	2,910306885	1,01158356560025	147,1040682
67432,76465	0,531435013	2,907221191	1,01154295960025	146,948099
67442,76465	0,531196594	2,906510742	1,01140270260025	146,9121887
67452,76465	0,531286001	2,906684814	1,01153765060025	146,9209874
67462,76465	0,530868769	2,903317627	1,01144898960025	146,7507899
67472,76465	0,530809164	2,903137207	1,01164801260025	146,7416704
67482,76465	0,531792641	2,913881104	1,01164186560025	147,2847303
67492,76465	0,531613827	2,913542969	1,01151418160025	147,2676389
67502,76465	0,531762838	2,911669678	1,01155124860025	147,1729518
67512,76465	0,531971455	2,914871094	1,01155245960025	147,3347702
67522,76465	0,53152442	2,912940918	1,01147860560025	147,2372077
67532,76465	0,530868769	2,904684326	1,01148484560025	146,8198709
67542,76465	0,531196594	2,906770264	1,01153206360025	146,9253065
67552,76465	0,531345606	2,907972656	1,01149602060025	146,9860825
67562,76465	0,530928373	2,90585083	1,01159371660025	146,8788329
67572,76465	0,530928373	2,905214844	1,01149816260025	146,8466864
67582,76465	0,531792641	2,912609619	1,01146221360025	147,2204619
67592,76465	0,53101778	2,904706543	1,01156531160025	146,8209939
67602,76465	0,53101778	2,905450684	1,01165639460025	146,8586071
67612,76465	0,530809164	2,903865479	1,01154649860025	146,7784815
67622,76465	0,531196594	2,907112305	1,01152042160025	146,9425953
67632,76465	0,530958176	2,90448999	1,01150943160025	146,810048
67642,76465	0,531464815	2,908346191	1,01153793060025	147,0049632
67652,76465	0,530779362	2,902147217	1,01150049160025	146,6916304
67662,76465	0,530123711	2,896984375	1,01152414660025	146,43067
67672,76465	0,530391932	2,899031006	1,01158375160025	146,5341188
67682,76465	0,530809164	2,903289307	1,01156931560025	146,7493584
67692,76465	0,530809164	2,903432373	1,01158756960025	146,7565898
67702,76465	0,53113699	2,906943115	1,01156708060025	146,9340434
67712,76465	0,531464815	2,908713379	1,01153653360025	147,023523
67722,76465	0,530928373	2,902727295	1,01142514760025	146,720951
67732,76465	0,530540943	2,900114014	1,01148884960025	146,5888604
67742,76465	0,530600548	2,900748291	1,01153327360025	146,6209205
67752,76465	0,530362129	2,898663574	1,01142132860025	146,5155466
67762,76465	0,529944897	2,896273682	1,01150803460025	146,3947474
67772,76465	0,530451536	2,901063477	1,01156428660025	146,6368518
67782,76465	0,530600548	2,899484375	1,01153467060025	146,5570347
67792,76465	0,530451536	2,897855957	1,01158710460025	146,4747249
67802,76465	0,530809164	2,899962402	1,01154454260025	146,581197
67812,76465	0,530540943	2,900050537	1,01149806960025	146,5856519
67822,76465	0,530958176	2,902218994	1,01149862860025	146,6952585
67832,76465	0,530213118	2,897127441	1,01143073560025	146,4379014
67842,76465	0,53063035	2,900265137	1,01151464760025	146,596499
67852,76465	0,530719757	2,900528564	1,01148791860025	146,6098142
67862,76465	0,530362129	2,8987229	1,01146361060025	146,5185453
67872,76465	0,531047583	2,903005615	1,01146798860025	146,735019
67882,76465	0,53152442	2,908222656	1,01159110860025	146,998719
67892,76465	0,53268671	2,919720703	1,01162836160025	147,5798981
67902,76465	0,53101778	2,906372314	1,01166663960025	146,9051918
67912,76465	0,531762838	2,910680664	1,01144209760025	147,1229612
67922,76465	0,532537699	2,918811279	1,01150645160025	147,5339304
67932,76465	0,531554222	2,913044189	1,01148624160025	147,2424277
67942,76465	0,531464815	2,911437988	1,01155450760025	147,1612408
67952,76465	0,531226397	2,909235352	1,01162919960025	147,0499066
67962,76465	0,530689955	2,903811768	1,01153047960025	146,7757667
67972,76465	0,531047583	2,905185547	1,01144097960025	146,8452056
67982,76465	0,531464815	2,909657715	1,01154444960025	147,0712553
67992,76465	0,530928373	2,905518311	1,01160610360025	146,8620254
68002,76465	0,53101778	2,90509668	1,01160750060025	146,8407137
68012,76465	0,530719757	2,901096191	1,01155199360025	146,6385054
68022,76465	0,53063035	2,902568115	1,01156847760025	146,7129051
68032,76465	0,531226397	2,907085205	1,01148559060025	146,9412255
68042,76465	0,531345606	2,906344238	1,01156624260025	146,9037727
68052,76465	0,531286001	2,906769287	1,01153606760025	146,9252571
68062,76465	0,53101778	2,906145752	1,01149602060025	146,89374
68072,76465	0,531703234	2,908601807	1,01162119060025	147,0178835
68082,76465	0,531226397	2,906916016	1,01154789560025	146,9326737
68092,76465	0,53063035	2,900913574	1,01139050260025	146,6292749
68102,76465	0,530868769	2,903160645	1,01153224960025	146,7428551
68112,76465	0,531435013	2,90615332	1,01154798860025	146,8941225
68122,76465	0,53113699	2,904898682	1,01147404160025	146,8307057
68132,76465	0,530689955	2,901914063	1,01161336760025	146,6798455
68142,76465	0,531613827	2,911457764	1,01149210960025	147,1622404
68152,76465	0,53101778	2,904940918	1,01158319260025	146,8328406
68162,76465	0,531554222	2,909756348	1,01154724360025	147,0762408
68172,76465	0,531047583	2,905268066	1,01153811660025	146,8493766
68182,76465	0,531345606	2,909623535	1,01149229560025	147,0695277
68192,76465	0,530719757	2,903497803	1,01160815260025	146,759897
68202,76465	0,530868769	2,903263916	1,01157983960025	146,748075
68212,76465	0,531971455	2,91430835	1,01155702260025	147,3063258
68222,76465	0,531345606	2,908331055	1,01152526460025	147,0041981
68232,76465	0,531196594	2,907455566	1,01146752260025	146,9599457
68242,76465	0,530809164	2,902577637	1,01150607960025	146,7133864
68252,76465	0,531882048	2,913627441	1,01149322660025	147,2719087
68262,76465	0,531852245	2,916030029	1,01156652160025	147,3933496
68272,76465	0,530809164	2,906631592	1,01158002660025	146,9182972
68282,76465	0,530391932	2,902503418	1,01159939760025	146,709635
68292,76465	0,53063035	2,902856201	1,01148139960025	146,7274667
68302,76465	0,530272722	2,90029834	1,01154091060025	146,5981773
68312,76465	0,530809164	2,901991211	1,01151129460025	146,683745
68322,76465	0,530540943	2,900376709	1,01144982760025	146,6021385
68332,76465	0,531107187	2,906076904	1,01148875660025	146,89026
68342,76465	0,531792641	2,912118896	1,01146137560025	147,1956579
68352,76465	0,532090664	2,916580811	1,01161131860025	147,4211894
68362,76465	0,53101778	2,908581787	1,01165304160025	147,0168716
68372,76465	0,531703234	2,913368408	1,01147786060025	147,2588156
68382,76465	0,532209873	2,917407715	1,01171255360025	147,462986
68392,76465	0,531941652	2,913869385	1,01149080560025	147,2841379
68402,76465	0,530362129	2,900634033	1,01149732460025	146,6151452
68412,76465	0,531047583	2,906340576	1,01157248260025	146,9035876
68422,76465	0,531196594	2,908761719	1,01147264460025	147,0259664
68432,76465	0,532358885	2,92056958	1,01141890760025	147,6228053
68442,76465	0,531286001	2,912580322	1,01163655760025	147,2189811
68452,76465	0,531226397	2,909314453	1,01146593960025	147,0539048
68462,76465	0,53101778	2,907694092	1,01149471760025	146,9720022
68472,76465	0,530213118	2,903165771	1,01153597460025	146,7431142
68482,76465	0,530689955	2,904669434	1,01166803660025	146,8191182
68492,76465	0,530481339	2,900850098	1,01165518360025	146,6260664
68502,76465	0,531196594	2,907164795	1,01158011960025	146,9452484
68512,76465	0,530451536	2,902120117	1,01158598660025	146,6902607
68522,76465	0,53152442	2,910877686	1,01150812860025	147,1329198
68532,76465	0,532209873	2,919417725	1,01159734860025	147,5645837
68542,76465	0,531852245	2,914845703	1,01160964260025	147,3334868
68552,76465	0,53101778	2,908415283	1,01155134160025	147,0084555
68562,76465	0,531464815	2,91327124	1,01159297160025	147,2539042
68572,76465	0,53113699	2,909411865	1,01150403060025	147,0588286
68582,76465	0,531435013	2,9101875	1,01159362360025	147,0980338
68592,76465	0,530302525	2,902253174	1,01162472960025	146,6969861
68602,76465	0,531703234	2,912068115	1,01138454160025	147,1930911
68612,76465	0,530362129	2,902026855	1,01151688260025	146,6855467
68622,76465	0,531435013	2,910758057	1,01161122560025	147,1268731
68632,76465	0,531047583	2,908304688	1,01162277360025	147,0028653
68642,76465	0,530600548	2,903390869	1,01150291260025	146,754492
68652,76465	0,530689955	2,905104736	1,01129951160025	146,8411209
68662,76465	0,530809164	2,906580322	1,01166356560025	146,9157057
68672,76465	0,53063035	2,903848145	1,01147627660025	146,7776054
68682,76465	0,531673431	2,914218018	1,01164065560025	147,3017599
68692,76465	0,530272722	2,901727783	1,01154752360025	146,6704298
68702,76465	0,530064106	2,898572754	1,01142477460025	146,510956
68712,76465	0,530451536	2,902502686	1,01165835060025	146,7095979
68722,76465	0,529885292	2,898584229	1,01144908260025	146,511536
68732,76465	0,52973628	2,895117188	1,01167651160025	146,3362913
68742,76465	0,530540943	2,900813721	1,01138472760025	146,6242277
68752,76465	0,530809164	2,903070801	1,01147869860025	146,7383138
68762,76465	0,530540943	2,900573242	1,01159231960025	146,6120725
68772,76465	0,530689955	2,900208008	1,01157108560025	146,5936114
68782,76465	0,530958176	2,903755859	1,01170025960025	146,7729407
68792,76465	0,530034304	2,898646729	1,01151334360025	146,5146951
68802,76465	0,529706478	2,894338867	1,01147590460025	146,2969504
68812,76465	0,530779362	2,903895752	1,01157732560025	146,7800117
68822,76465	0,530123711	2,898366211	1,01165909560025	146,5005161
68832,76465	0,530958176	2,90455835	1,01163357760025	146,8135033
68842,76465	0,531196594	2,908011963	1,01148139960025	146,9880693
68852,76465	0,531107187	2,907546631	1,01148559060025	146,9645487
68862,76465	0,530928373	2,906325439	1,01154910660025	146,9028225
68872,76465	0,531375408	2,910035889	1,01158496260025	147,0903704
68882,76465	0,530868769	2,90579541	1,01156251760025	146,8760316
68892,76465	0,530540943	2,90179126	1,01153727860025	146,6736383
68902,76465	0,530779362	2,903864502	1,01150589260025	146,7784322
68912,76465	0,530719757	2,902465088	1,01148288960025	146,7076975
68922,76465	0,53113699	2,906369141	1,01150319260025	146,9050314
68932,76465	0,531464815	2,909957031	1,01156568360025	147,0863845
68942,76465	0,531226397	2,908601807	1,01149080560025	147,0178835
68952,76465	0,531047583	2,907687012	1,01148959460025	146,9716443
68962,76465	0,530272722	2,89925	1,01151334360025	146,545188
68972,76465	0,530779362	2,902712158	1,01149657960025	146,7201859
68982,76465	0,530064106	2,897359863	1,01155152760025	146,4496494
68992,76465	0,530391932	2,899201416	1,01155776760025	146,5427323
69002,76465	0,530302525	2,898554688	1,01146677760025	146,5100428
69012,76465	0,530481339	2,902269287	1,01140456460025	146,6978006
69022,76465	0,530183315	2,898988525	1,01154463560025	146,5319716
69032,76465	0,530809164	2,903616211	1,01162454360025	146,7658821
69042,76465	0,530451536	2,901522705	1,01151064260025	146,6600639
69052,76465	0,531107187	2,906993652	1,01147283060025	146,9365979
69062,76465	0,531882048	2,915650146	1,01164801260025	147,3741481
69072,76465	0,531703234	2,913729004	1,01163031760025	147,2770423
69082,76465	0,531226397	2,909510986	1,01141778960025	147,0638388
69092,76465	0,531762838	2,914189209	1,01156456660025	147,3003037
69102,76465	0,530302525	2,90285376	1,01160023560025	146,7273433
69112,76465	0,530719757	2,902750977	1,01133443660025	146,722148
69122,76465	0,530362129	2,900297119	1,01151054960025	146,5981156
69132,76465	0,530123711	2,899881104	1,01131748660025	146,5770877
69142,76465	0,530064106	2,899760742	1,01144014160025	146,571004
69152,76465	0,530123711	2,900242432	1,01145653260025	146,5953514
69162,76465	0,530719757	2,906594238	1,01145401860025	146,9164091
69172,76465	0,530451536	2,90355957	1,01156614960025	146,7630191
69182,76465	0,529646873	2,893732178	1,01135418060025	146,2662848
69192,76465	0,530451536	2,90013208	1,01175595360025	146,5897736
69202,76465	0,530123711	2,898365479	1,01151865260025	146,5004791
69212,76465	0,530540943	2,903004639	1,01154174860025	146,7349696
69222,76465	0,530779362	2,90411792	1,01164642960025	146,7912414
69232,76465	0,530600548	2,903866211	1,01145057260025	146,7785185
69242,76465	0,530868769	2,904415527	1,01159120260025	146,8062842
69252,76465	0,530451536	2,901245361	1,01151930360025	146,6460454
69262,76465	0,530451536	2,90060498	1,01158319260025	146,6136767
69272,76465	0,530451536	2,901126953	1,01162566060025	146,6400603
69282,76465	0,52973628	2,895618652	1,01144870960025	146,3616383
69292,76465	0,529795885	2,897011475	1,01145196960025	146,4320398
69302,76465	0,530213118	2,900886963	1,01168424160025	146,6279298
69312,76465	0,530183315	2,899533203	1,01148782560025	146,5595028
69322,76465	0,530272722	2,900073975	1,01156139960025	146,5868366
69332,76465	0,530719757	2,903961182	1,01158775660025	146,7833189
69342,76465	0,530481339	2,902265869	1,01157928160025	146,6976278
69352,76465	0,530302525	2,901835205	1,01151585860025	146,6758595
69362,76465	0,530779362	2,903205078	1,01152489160025	146,745101
69372,76465	0,530123711	2,898795654	1,01143446060025	146,5222227
69382,76465	0,529885292	2,896976563	1,01151865260025	146,4302751
69392,76465	0,530809164	2,904537598	1,01157052660025	146,8124544
69402,76465	0,531226397	2,909259766	1,01155683660025	147,0511406
69412,76465	0,530123711	2,90028125	1,01156754660025	146,5973135
69422,76465	0,530362129	2,900580566	1,01163571960025	146,6124427
69432,76465	0,530213118	2,901141357	1,01148177160025	146,6407884
69442,76465	0,530809164	2,904727295	1,01157015460025	146,8220428
69452,76465	0,530958176	2,904797119	1,01167641860025	146,8255721
69462,76465	0,531196594	2,909185547	1,01152628860025	147,0473891
69472,76465	0,530719757	2,902234619	1,01154910660025	146,6960483
69482,76465	0,530451536	2,902226807	1,01153308760025	146,6956534
69492,76465	0,531941652	2,915230469	1,01151259860025	147,3529351
69502,76465	0,532031059	2,916792725	1,01135166560025	147,4319008
69512,76465	0,530451536	2,904196289	1,01146742960025	146,7952026
69522,76465	0,530779362	2,903557617	1,01164363560025	146,7629204
69532,76465	0,529974699	2,897284912	1,01158896660025	146,4458609
69542,76465	0,530540943	2,90186377	1,01164521860025	146,6773034
69552,76465	0,531226397	2,908033691	1,01155888560025	146,9891676
69562,76465	0,530481339	2,90295166	1,01147320360025	146,7322918
69572,76465	0,530481339	2,901693604	1,01170808360025	146,6687022
69582,76465	0,531375408	2,906954834	1,01154538060025	146,9346358
69592,76465	0,531047583	2,906698486	1,01148838460025	146,9216784
69602,76465	0,53152442	2,910391113	1,01148065460025	147,1083256
69612,76465	0,532448292	2,9199021	1,01162817560025	147,5890669
69622,76465	0,530928373	2,90580127	1,01143874460025	146,8763278
69632,76465	0,531286001	2,906901855	1,01153727860025	146,9319579
69642,76465	0,53101778	2,905140381	1,01154528760025	146,8429226
69652,76465	0,530689955	2,904034668	1,01165658060025	146,7870334
69662,76465	0,530958176	2,905351074	1,01153662660025	146,8535723
69672,76465	0,530540943	2,90185791	1,01152107360025	146,6770072
69682,76465	0,53101778	2,905251709	1,01155068960025	146,8485498
69692,76465	0,531435013	2,911763184	1,01163543960025	147,1776781
69702,76465	0,531226397	2,909293457	1,01161271560025	147,0528436
69712,76465	0,531971455	2,916265137	1,01162305360025	147,4052334
69722,76465	0,532120466	2,916312988	1,01154202860025	147,4076521
69732,76465	0,531226397	2,908541992	1,01161280860025	147,0148601
69742,76465	0,530123711	2,900076416	1,01156065460025	146,58696
69752,76465	0,53113699	2,905703369	1,01146957160025	146,8713794
69762,76465	0,53063035	2,904165771	1,01151800060025	146,7936601
69772,76465	0,531673431	2,911819092	1,01151650960025	147,180504
69782,76465	0,53101778	2,905412354	1,01136805760025	146,8566697
69792,76465	0,531286001	2,90895166	1,01143939660025	147,0355671
69802,76465	0,530809164	2,906024414	1,01150114360025	146,8876069
69812,76465	0,530183315	2,900751221	1,01172168060025	146,6210686
69822,76465	0,530302525	2,900226807	1,01157564860025	146,5945616
69832,76465	0,530540943	2,902184082	1,01153839660025	146,6934938
69842,76465	0,530689955	2,903126221	1,01143101460025	146,7411151
69852,76465	0,529944897	2,897279297	1,01154910660025	146,4455771
69862,76465	0,530362129	2,90013623	1,01160815260025	146,5899833
69872,76465	0,530302525	2,897820068	1,01143213260025	146,4729109
69882,76465	0,531882048	2,914541748	1,01153886160025	147,3181231
69892,76465	0,531762838	2,915035156	1,01156568360025	147,3430629
69902,76465	0,53152442	2,911678711	1,01158952560025	147,1734084
69912,76465	0,531375408	2,911155762	1,01147674260025	147,1469754
69922,76465	0,53113699	2,907700928	1,01150486860025	146,9723477
69932,76465	0,531613827	2,914162109	1,01147767360025	147,298934
69942,76465	0,53152442	2,912559326	1,01153094560025	147,2179198
69952,76465	0,53101778	2,906557373	1,01152656860025	146,9145457
69962,76465	0,531047583	2,906584473	1,01140419260025	146,9159155
69972,76465	0,531047583	2,907087891	1,01154882660025	146,9413612
69982,76465	0,531196594	2,907494629	1,01146556660025	146,9619202
69992,76465	0,531852245	2,912605469	1,01147683560025	147,2202522
70002,76465	0,530809164	2,906626465	1,01167083060025	146,9180381
70012,76465	0,531107187	2,90790918	1,01157611460025	146,982874
70022,76465	0,530272722	2,900404541	1,01159250560025	146,6035453
70032,76465	0,530809164	2,90502417	1,01157834960025	146,8370486
70042,76465	0,531852245	2,914109131	1,01147078260025	147,2962561
70052,76465	0,531196594	2,908480713	1,01141266760025	147,0117627
70062,76465	0,53063035	2,904982178	1,01153467060025	146,8349261
70072,76465	0,53063035	2,904145264	1,01155748860025	146,7926235
70082,76465	0,530719757	2,90258252	1,01136489060025	146,7136332
70092,76465	0,531107187	2,906361572	1,01154007260025	146,9046488
70102,76465	0,531613827	2,910796387	1,01153653360025	147,1288105
70112,76465	0,53101778	2,905425293	1,01156931560025	146,8573237
70122,76465	0,531435013	2,90965918	1,01164307660025	147,0713293
70132,76465	0,530779362	2,904995361	1,01150859360025	146,8355925
70142,76465	0,530064106	2,899210205	1,01161495060025	146,5431766
70152,76465	0,530689955	2,902499268	1,01153550860025	146,7094252
70162,76465	0,530779362	2,902558105	1,01159213360025	146,7123992
70172,76465	0,530689955	2,904626709	1,01151846560025	146,8169586
70182,76465	0,530451536	2,902179932	1,01155702260025	146,693284
70192,76465	0,531554222	2,911828613	1,01149387860025	147,1809853
70202,76465	0,531107187	2,909880371	1,01162445060025	147,0825097
70212,76465	0,530689955	2,906133545	1,01150579960025	146,893123
70222,76465	0,531196594	2,907948975	1,01149359960025	146,9848855
70232,76465	0,530362129	2,903405518	1,01150859360025	146,7552324
70242,76465	0,531345606	2,909222168	1,01141136360025	147,0492402
70252,76465	0,530779362	2,905659912	1,01166244860025	146,8691828
70262,76465	0,530689955	2,904210693	1,01142738260025	146,7959307
70272,76465	0,530809164	2,905095459	1,01160209860025	146,840652
70282,76465	0,530362129	2,901699463	1,01142775460025	146,6689983
70292,76465	0,530213118	2,900404297	1,01146379760025	146,603533
70302,76465	0,530183315	2,899417725	1,01162137660025	146,5536658
70312,76465	0,53063035	2,90310791	1,01163255260025	146,7401896
70322,76465	0,530868769	2,905648926	1,01159576560025	146,8686275
70332,76465	0,531047583	2,910386475	1,01171385760025	147,1080911
70342,76465	0,53063035	2,903219482	1,01143958260025	146,7458291
70352,76465	0,530302525	2,899251709	1,01166244860025	146,5452744
70362,76465	0,530391932	2,898815674	1,01151157360025	146,5232346
70372,76465	0,530719757	2,901800293	1,01158216860025	146,6740949
70382,76465	0,530540943	2,900746826	1,01148139960025	146,6208465
70392,76465	0,530809164	2,902912109	1,01155925760025	146,7302926
70402,76465	0,530779362	2,904250977	1,01147413460025	146,7979669
70412,76465	0,530719757	2,901562744	1,01144368060025	146,6620878
70422,76465	0,530272722	2,89976123	1,01157546260025	146,5710286
70432,76465	0,530809164	2,903420166	1,01165415960025	146,7559728
70442,76465	0,530451536	2,900644287	1,01151949060025	146,6156635
70452,76465	0,530213118	2,899991943	1,01157611460025	146,5826902
70462,76465	0,530719757	2,90376416	1,01158980560025	146,7733603
70472,76465	0,531047583	2,906799561	1,01148419360025	146,9267873
70482,76465	0,531554222	2,91241748	1,01164559160025	147,2107501
70492,76465	0,530958176	2,907172363	1,01136386660025	146,945631
70502,76465	0,530809164	2,904301758	1,01150039860025	146,8005337
70512,76465	0,532031059	2,916152832	1,01163236660025	147,3995568
70522,76465	0,530928373	2,906662598	1,01143036260025	146,9198644
70532,76465	0,531286001	2,908601563	1,01164661560025	147,0178711
70542,76465	0,530809164	2,905793701	1,01145588060025	146,8759453
70552,76465	0,531107187	2,906285156	1,01137476260025	146,9007863
70562,76465	0,530719757	2,901185547	1,01156670860025	146,643022
70572,76465	0,531286001	2,906419922	1,01144302860025	146,9075982
70582,76465	0,530958176	2,904193848	1,01145513560025	146,7950792
70592,76465	0,530540943	2,9006875	1,01155171360025	146,6178478
70602,76465	0,53063035	2,899307373	1,01144759260025	146,548088
70612,76465	0,531047583	2,905173096	1,01159371660025	146,8445762
70622,76465	0,530868769	2,902945557	1,01155869860025	146,7319833
70632,76465	0,531703234	2,909956543	1,01141751060025	147,0863598
70642,76465	0,531882048	2,909532715	1,01148549660025	147,0649371
70652,76465	0,531971455	2,913405273	1,01156754660025	147,260679
70662,76465	0,531286001	2,907672607	1,01157872260025	146,9709163
70672,76465	0,530958176	2,905123291	1,01167790860025	146,8420588
70682,76465	0,531196594	2,904695313	1,01145476360025	146,8204262
70692,76465	0,53101778	2,901272461	1,01159893260025	146,6474151
70702,76465	0,530391932	2,898140137	1,01152060760025	146,489089
70712,76465	0,530123711	2,894646484	1,01150347160025	146,3124992
70722,76465	0,531435013	2,904956055	1,01148354160025	146,8336057
70732,76465	0,531196594	2,903410889	1,01153848960025	146,7555039
70742,76465	0,531226397	2,904566162	1,01166906060025	146,8138982
70752,76465	0,531226397	2,905134521	1,01153914160025	146,8426264
70762,76465	0,53101778	2,902993652	1,01153411160025	146,7344143
70772,76465	0,531673431	2,909298096	1,01142114260025	147,053078
70782,76465	0,530719757	2,902766113	1,01160722060025	146,7229131
70792,76465	0,53113699	2,905740967	1,01146901260025	146,8732798
70802,76465	0,531286001	2,907450439	1,01160759360025	146,9596866
70812,76465	0,53101778	2,903740723	1,01161681360025	146,7721756
70822,76465	0,531554222	2,909791016	1,01136265560025	147,0779931
70832,76465	0,531673431	2,909970703	1,01150803460025	147,0870756
70842,76465	0,530868769	2,904399414	1,01152964160025	146,8054698
70852,76465	0,531971455	2,912630371	1,01145504260025	147,2215109
70862,76465	0,531107187	2,906535889	1,01157751160025	146,9134598
70872,76465	0,530809164	2,902553711	1,01149741760025	146,7121771
70882,76465	0,531703234	2,9097229	1,01158170260025	147,0745502
70892,76465	0,531107187	2,90555542	1,01159734860025	146,8639011
70902,76465	0,530928373	2,904661377	1,01151930360025	146,8187109
70912,76465	0,531226397	2,90463208	1,01149900160025	146,8172301
70922,76465	0,531196594	2,905167725	1,01164726760025	146,8443047
70932,76465	0,530302525	2,897107178	1,01155394960025	146,4368772
70942,76465	0,530362129	2,897821045	1,01152004860025	146,4729602
70952,76465	0,531673431	2,910695068	1,01149453060025	147,1236893
70962,76465	0,531435013	2,910531006	1,01150086360025	147,1153966
70972,76465	0,530719757	2,902374756	1,01145765060025	146,7031316
70982,76465	0,530809164	2,902447754	1,01144600860025	146,7068214
70992,76465	0,530540943	2,90053418	1,01158878060025	146,610098
71002,76465	0,530451536	2,899485352	1,01158160960025	146,5570841
71012,76465	0,530600548	2,900728027	1,01148689360025	146,6198962
71022,76465	0,530302525	2,897183105	1,01163292560025	146,440715
71032,76465	0,530362129	2,896647949	1,01163571960025	146,413665
71042,76465	0,530958176	2,903250732	1,01170985260025	146,7474086
71052,76465	0,530779362	2,901115234	1,01151269160025	146,639468
71062,76465	0,530719757	2,901954834	1,01146910560025	146,6819063
71072,76465	0,530958176	2,903218506	1,01166822260025	146,7457797
71082,76465	0,530868769	2,905026123	1,01154035160025	146,8371473
71092,76465	0,53101778	2,904576416	1,01150440260025	146,8144165
71102,76465	0,53113699	2,905519775	1,01143548460025	146,8620994
71112,76465	0,530689955	2,903262451	1,01160358860025	146,748001
71122,76465	0,53063035	2,90141626	1,01144638160025	146,6546836
71132,76465	0,530868769	2,904211914	1,01166459060025	146,7959924
71142,76465	0,531464815	2,911080322	1,01151343660025	147,1431623
71152,76465	0,530958176	2,904473145	1,01140093260025	146,8091965
71162,76465	0,531345606	2,907208984	1,01153569560025	146,947482
71172,76465	0,531554222	2,909209717	1,01148000260025	147,0486108
71182,76465	0,530958176	2,904455566	1,01148195760025	146,808308
71192,76465	0,531882048	2,913745117	1,01153029360025	147,2778567
71202,76465	0,530719757	2,906485107	1,01166514960025	146,910893
71212,76465	0,53113699	2,907895752	1,01156819860025	146,9821953
71222,76465	0,531882048	2,912791992	1,01147264460025	147,2296802
71232,76465	0,531345606	2,906754395	1,01155907160025	146,9245044
71242,76465	0,53152442	2,910969727	1,01155571860025	147,1375721
71252,76465	0,530928373	2,904725098	1,01144144560025	146,8219317
71262,76465	0,53113699	2,907300049	1,01148717360025	146,952085
71272,76465	0,530928373	2,905453369	1,01158077160025	146,8587429
71282,76465	0,530600548	2,90253833	1,01161690660025	146,7113996
71292,76465	0,531375408	2,908614502	1,01156465960025	147,0185252
71302,76465	0,531107187	2,905038818	1,01158393760025	146,837789
71312,76465	0,530540943	2,902216553	1,01159697660025	146,6951351
71322,76465	0,530928373	2,903519775	1,01145457760025	146,7610077
71332,76465	0,530958176	2,90438623	1,01161113260025	146,8048034
71342,76465	0,530600548	2,903677979	1,01159818660025	146,7690042
71352,76465	0,530779362	2,902260254	1,01152247060025	146,697344
71362,76465	0,530183315	2,898925781	1,01157173760025	146,5288001
71372,76465	0,530600548	2,903425049	1,01159390260025	146,7562196
71382,76465	0,531613827	2,910288574	1,01156456660025	147,1031427
71392,76465	0,531852245	2,913051758	1,01143753360025	147,2428102
71402,76465	0,530868769	2,907304199	1,01161094660025	146,9522947
71412,76465	0,531435013	2,911124756	1,01141033960025	147,1454082
71422,76465	0,530689955	2,904100342	1,01154258660025	146,7903529
71432,76465	0,530064106	2,897795898	1,01149657960025	146,4716892
71442,76465	0,531047583	2,905753418	1,01160200560025	146,8739091
71452,76465	0,530451536	2,90061377	1,01140130560025	146,614121
71462,76465	0,530391932	2,899608887	1,01160964260025	146,5633283
71472,76465	0,530183315	2,89954834	1,01150905960025	146,5602679
71482,76465	0,531554222	2,91204248	1,01164559160025	147,1917954
71492,76465	0,531286001	2,911121094	1,01152284260025	147,1452231
71502,76465	0,531554222	2,914812988	1,01164736060025	147,3318332
71512,76465	0,53101778	2,910439209	1,01146621860025	147,1107566
71522,76465	0,530719757	2,905711426	1,01160610360025	146,8717866
71532,76465	0,530540943	2,904116943	1,01158412360025	146,791192
71542,76465	0,530183315	2,901178223	1,01155720860025	146,6426518
71552,76465	0,530600548	2,901009521	1,01155814060025	146,6341246
71562,76465	0,531375408	2,910123535	1,01172466060025	147,0948006
71572,76465	0,530868769	2,906273438	1,01146705660025	146,900194
71582,76465	0,531107187	2,907383057	1,01155013060025	146,9562807
71592,76465	0,53101778	2,909782715	1,01149145760025	147,0775735
71602,76465	0,531047583	2,907744385	1,01152172560025	146,9745443
71612,76465	0,530928373	2,906597168	1,01148959460025	146,9165572
71622,76465	0,530779362	2,905903564	1,01148512460025	146,8814984
71632,76465	0,530213118	2,902775879	1,01165266960025	146,7234067
71642,76465	0,530868769	2,905412354	1,01155748860025	146,8566697
71652,76465	0,530689955	2,9050271	1,01152163260025	146,8371967
71662,76465	0,530689955	2,904701904	1,01158086460025	146,8207594
71672,76465	0,530123711	2,900319824	1,01143054860025	146,5992633
71682,76465	0,530928373	2,90509082	1,01162351860025	146,8404175
71692,76465	0,530481339	2,903387695	1,01148400660025	146,7543315
71702,76465	0,530302525	2,900871582	1,01165676760025	146,6271523
71712,76465	0,530302525	2,900777588	1,01143902360025	146,6224013
71722,76465	0,529527664	2,893838867	1,01142207360025	146,2716775
71732,76465	0,53113699	2,906760254	1,01153206360025	146,9248005
71742,76465	0,530362129	2,902882813	1,01156587060025	146,7288118
71752,76465	0,530213118	2,899398926	1,01150924560025	146,5527156
71762,76465	0,530868769	2,904777344	1,01142691660025	146,8245726
71772,76465	0,530868769	2,905575928	1,01162761660025	146,8649377
71782,76465	0,530958176	2,906059082	1,01153429860025	146,8893592
71792,76465	0,530809164	2,904775391	1,01155478760025	146,8244738
71802,76465	0,530183315	2,898016846	1,01146621860025	146,4828571
71812,76465	0,53101778	2,905633057	1,01158533460025	146,8678253
71822,76465	0,531554222	2,913771729	1,01157378660025	147,2792018
71832,76465	0,531703234	2,914045898	1,01141955960025	147,29306
71842,76465	0,530868769	2,905477295	1,01161234360025	146,8599522
71852,76465	0,531345606	2,910499756	1,01149657960025	147,113817
71862,76465	0,530213118	2,900046143	1,01149015360025	146,5854298
71872,76465	0,531435013	2,911472168	1,01156996760025	147,1629685
71882,76465	0,530391932	2,902173096	1,01153588160025	146,6929385
71892,76465	0,530779362	2,90405542	1,01155273860025	146,7880823
71902,76465	0,53063035	2,901728271	1,01153066660025	146,6704545
71912,76465	0,531196594	2,907816162	1,01173546360025	146,9781724
71922,76465	0,531047583	2,906244385	1,01154454260025	146,8987255
71932,76465	0,53101778	2,905137451	1,01152833760025	146,8427745
71942,76465	0,530868769	2,90291333	1,01147115460025	146,7303543
71952,76465	0,530928373	2,905273926	1,01153830260025	146,8496728
71962,76465	0,530809164	2,903709473	1,01152386760025	146,7705961
71972,76465	0,530272722	2,898720459	1,01152964160025	146,5184219
71982,76465	0,529944897	2,89332666	1,01144954760025	146,2457875
71992,76465	0,530183315	2,89458667	1,01159427560025	146,3094758
72002,76465	0,531464815	2,907767822	1,01166961960025	146,975729
72012,76465	0,530809164	2,902119385	1,01149182960025	146,6902237
72022,76465	0,530540943	2,900215088	1,01163963060025	146,5939693
72032,76465	0,530958176	2,903078613	1,01156270360025	146,7387087
72042,76465	0,530213118	2,898050293	1,01159557960025	146,4845478
72052,76465	0,529974699	2,896229736	1,01153569560025	146,3925261
72062,76465	0,530809164	2,900365967	1,01152964160025	146,6015956
72072,76465	0,530779362	2,901083252	1,01152256360025	146,6378514
72082,76465	0,529974699	2,895153809	1,01146705660025	146,3381424
72092,76465	0,530451536	2,898756104	1,01169495160025	146,5202236
72102,76465	0,529795885	2,893514648	1,01138463460025	146,2552895
72112,76465	0,530302525	2,896884277	1,01148847760025	146,4256105
72122,76465	0,531345606	2,906590088	1,01152731360025	146,9161993
72132,76465	0,529319048	2,888790527	1,01140512360025	146,0165046
72142,76465	0,530272722	2,898074463	1,01154277360025	146,4857695
72152,76465	0,529974699	2,89617749	1,01146603260025	146,3898853
72162,76465	0,531047583	2,903444336	1,01159790760025	146,7571945
72172,76465	0,531435013	2,908705078	1,01146724360025	147,0231034
72182,76465	0,530362129	2,900483398	1,01165089960025	146,6075313
72192,76465	0,530362129	2,901627441	1,01153122460025	146,6653579
72202,76465	0,52985549	2,894259033	1,01158878060025	146,2929151
72212,76465	0,529110432	2,886584961	1,01145755760025	145,9050223
72222,76465	0,530034304	2,893494385	1,01150216760025	146,2542653
72232,76465	0,529795885	2,891465332	1,01145373860025	146,151705
72242,76465	0,530034304	2,895179932	1,01149518260025	146,3394628
72252,76465	0,529199839	2,884610107	1,01153485760025	145,8052015
72262,76465	0,529110432	2,8854729	1,01161858260025	145,8488122
72272,76465	0,530272722	2,895302002	1,01141937360025	146,3456329
72282,76465	0,52973628	2,893336182	1,01149965360025	146,2462688
72292,76465	0,530064106	2,896570313	1,01146091060025	146,4097408
72302,76465	0,52946806	2,888876709	1,01147627660025	146,0208607
72312,76465	0,529646873	2,890821533	1,01148503160025	146,1191636
72322,76465	0,530123711	2,895464844	1,01160712760025	146,3538639
72332,76465	0,528812408	2,885532227	1,01148158560025	145,8518109
72342,76465	0,530302525	2,89513501	1,01162128360025	146,3371922
72352,76465	0,529378653	2,889798096	1,01155376260025	146,0674331
72362,76465	0,529319048	2,889138916	1,01159231960025	146,0341142
72372,76465	0,528544188	2,884434082	1,01169914260025	145,7963042
72382,76465	0,529706478	2,891261719	1,01158878060025	146,1414132
72392,76465	0,529050827	2,888066406	1,01162454360025	145,9799033
72402,76465	0,529646873	2,892474609	1,01154333260025	146,2027198
72412,76465	0,529795885	2,892981445	1,01152181860025	146,2283383
72422,76465	0,529438257	2,891798828	1,01161094660025	146,1685619
72432,76465	0,529438257	2,89265332	1,01155506660025	146,2117529
72442,76465	0,528991222	2,888437988	1,01152433360025	145,9986852
72452,76465	0,529617071	2,8920354	1,01155171360025	146,1805196
72462,76465	0,528723001	2,887324707	1,01142365760025	145,9424134
72472,76465	0,528395176	2,880737793	1,01146156160025	145,6094719
72482,76465	0,529378653	2,887070313	1,01138565960025	145,9295548
72492,76465	0,529229641	2,886446045	1,01161392660025	145,8980007
72502,76465	0,528544188	2,881819092	1,01152843060025	145,6641272
72512,76465	0,529706478	2,891093262	1,01150617260025	146,1328984
72522,76465	0,529438257	2,892323242	1,01142077060025	146,1950689
72532,76465	0,529289246	2,891794922	1,01151706860025	146,1683644
72542,76465	0,52973628	2,897312012	1,01149043260025	146,4472307
72552,76465	0,529199839	2,891551758	1,01153169060025	146,1560735
72562,76465	0,528544188	2,885483398	1,01151045660025	145,8493428
72572,76465	0,529557467	2,891723633	1,01151650960025	146,1647611
72582,76465	0,529617071	2,891205322	1,01165918860025	146,1385626
72592,76465	0,528663397	2,88691626	1,01164326260025	145,9217681
72602,76465	0,529110432	2,886916992	1,01155618460025	145,9218051
72612,76465	0,529229641	2,889136475	1,01158030560025	146,0339908
72622,76465	0,529050827	2,887337402	1,01151567160025	145,9430551
72632,76465	0,529289246	2,891293213	1,01143818560025	146,1430051
72642,76465	0,530183315	2,897539307	1,01155748860025	146,4587195
72652,76465	0,529885292	2,894974609	1,01163059660025	146,3290846
72662,76465	0,529974699	2,895306396	1,01145094460025	146,3458551
72672,76465	0,529378653	2,893998779	1,01155618460025	146,2797604
72682,76465	0,529050827	2,891575439	1,01155748860025	146,1572705
72692,76465	0,527918339	2,879580078	1,01146118960025	145,5509542
72702,76465	0,52729249	2,87711792	1,01145792960025	145,4265022
72712,76465	0,526875257	2,874181885	1,01144209760025	145,2780977
72722,76465	0,52806735	2,88094751	1,01150468260025	145,6200723
72732,76465	0,528246164	2,881218994	1,01166840860025	145,6337947
72742,76465	0,528544188	2,880936035	1,01140829060025	145,6194923
72752,76465	0,529110432	2,883529297	1,01150961860025	145,750571
72762,76465	0,52985549	2,894034912	1,01165378660025	146,2815867
72772,76465	0,530034304	2,893430908	1,01144237660025	146,2510568
72782,76465	0,529617071	2,893211426	1,01171674460025	146,2399629
72792,76465	0,529140234	2,889164551	1,01161560260025	146,03541
72802,76465	0,529438257	2,891917236	1,01154910660025	146,1745469
72812,76465	0,528872013	2,887113037	1,01152666160025	145,9317144
72822,76465	0,529199839	2,89045874	1,01153904760025	146,1008259
72832,76465	0,529706478	2,893535889	1,01161467160025	146,2563632
72842,76465	0,529706478	2,892111572	1,01148018860025	146,1843698
72852,76465	0,530600548	2,898520996	1,01149527560025	146,5083399
72862,76465	0,52973628	2,892953369	1,01150207460025	146,2269192
72872,76465	0,530362129	2,899460938	1,01151231960025	146,5558501
72882,76465	0,53063035	2,901619873	1,01162323960025	146,6649754
72892,76465	0,530272722	2,89976709	1,01148223760025	146,5713248
72902,76465	0,530213118	2,899478516	1,01162277360025	146,5567386
72912,76465	0,530272722	2,898713379	1,01148102660025	146,518064
72922,76465	0,530213118	2,898851563	1,01140046760025	146,5250487
72932,76465	0,529617071	2,89240625	1,01160340260025	146,1992646
72942,76465	0,529795885	2,894707031	1,01147897760025	146,3155596
72952,76465	0,530719757	2,901414063	1,01168126060025	146,6545725
72962,76465	0,530362129	2,899691895	1,01160116760025	146,567524
72972,76465	0,529795885	2,894581787	1,01145345960025	146,309229
72982,76465	0,530123711	2,898711182	1,01156372860025	146,517953
72992,76465	0,529944897	2,898169678	1,01151511260025	146,4905822
73002,76465	0,530481339	2,899090332	1,01145588060025	146,5371175
73012,76465	0,52973628	2,894427002	1,01150030460025	146,3014053
73022,76465	0,530064106	2,895888672	1,01155292460025	146,3752867
73032,76465	0,530600548	2,899660156	1,01145094460025	146,5659197
73042,76465	0,530481339	2,900081543	1,01152768560025	146,5872191
73052,76465	0,530213118	2,898127686	1,01153029360025	146,4884596
73062,76465	0,530362129	2,898709229	1,01160368160025	146,5178543
73072,76465	0,529617071	2,892397217	1,01159529960025	146,198808
73082,76465	0,52973628	2,890972412	1,01160470660025	146,1267899
73092,76465	0,530123711	2,894661865	1,01151604460025	146,3132766
73102,76465	0,530362129	2,896140869	1,01152414660025	146,3880342
73112,76465	0,530868769	2,901880371	1,01153206360025	146,6781425
73122,76465	0,52973628	2,894259277	1,01151027060025	146,2929275
73132,76465	0,530302525	2,896056396	1,01152014260025	146,3837645
73142,76465	0,530719757	2,900861572	1,01162240160025	146,6266464
73152,76465	0,530540943	2,90099707	1,01149760460025	146,6334953
73162,76465	0,530213118	2,898882568	1,01165611560025	146,5266159
73172,76465	0,530600548	2,90202417	1,01162724460025	146,6854109
73182,76465	0,530302525	2,899149414	1,01145522860025	146,5401038
73192,76465	0,529527664	2,892962402	1,01159166760025	146,2273758
73202,76465	0,529557467	2,891307129	1,01159455460025	146,1437085
73212,76465	0,530183315	2,897259766	1,01149518260025	146,4445899
73222,76465	0,530272722	2,89780835	1,01145895460025	146,4723185
73232,76465	0,530958176	2,903269043	1,01152451960025	146,7483342
73242,76465	0,529885292	2,897025146	1,01142253960025	146,4327308
73252,76465	0,530868769	2,9031875	1,01152349460025	146,7442125
73262,76465	0,530809164	2,903890137	1,01146379760025	146,7797279
73272,76465	0,530958176	2,904828369	1,01158710460025	146,8271517
73282,76465	0,529944897	2,896897949	1,01154975860025	146,4263015
73292,76465	0,530123711	2,896790039	1,01155124860025	146,4208471
73302,76465	0,53063035	2,900412598	1,01146640460025	146,6039526
73312,76465	0,52985549	2,893070801	1,01169402060025	146,2328549
73322,76465	0,529885292	2,89219043	1,01160088760025	146,1883557
73332,76465	0,529974699	2,89422876	1,01154649860025	146,2913849
73342,76465	0,529974699	2,89302832	1,01138817360025	146,2307077
73352,76465	0,529795885	2,891447998	1,01158496260025	146,1508289
73362,76465	0,529706478	2,891226807	1,01150263360025	146,1396485
73372,76465	0,530034304	2,893099121	1,01156568360025	146,2342863
73382,76465	0,53063035	2,899435059	1,01157061960025	146,554542
73392,76465	0,530213118	2,893946777	1,01149974660025	146,2771319
73402,76465	0,530064106	2,894416992	1,01141778960025	146,3008993
73412,76465	0,529885292	2,892703857	1,01153085260025	146,2143074
73422,76465	0,530391932	2,896362061	1,01156568360025	146,3992145
73432,76465	0,53101778	2,902656982	1,01157127160025	146,717397
73442,76465	0,530958176	2,904074951	1,01145215560025	146,7890695
73452,76465	0,531435013	2,907907715	1,01153047960025	146,9828
73462,76465	0,530928373	2,905099854	1,01168163360025	146,8408741
73472,76465	0,530302525	2,899302246	1,01145513560025	146,5478289
73482,76465	0,529944897	2,895002441	1,01161448560025	146,3304914
73492,76465	0,529974699	2,896385498	1,01143874460025	146,4003992
73502,76465	0,530809164	2,901941162	1,01142030460025	146,6812152
73512,76465	0,531882048	2,913740967	1,01151343660025	147,2776469
73522,76465	0,530600548	2,902374023	1,01160545160025	146,7030946
73532,76465	0,53101778	2,90303418	1,01139059560025	146,7364628
73542,76465	0,530928373	2,904659424	1,01158421760025	146,8186122
73552,76465	0,531107187	2,905532227	1,01156139960025	146,8627288
73562,76465	0,530123711	2,897692871	1,01148978160025	146,4664816
73572,76465	0,530689955	2,901218262	1,01149406560025	146,6446756
73582,76465	0,53152442	2,909873291	1,01142654460025	147,0821518
73592,76465	0,530451536	2,901578369	1,01144377360025	146,6628775
73602,76465	0,530600548	2,901685059	1,01159408960025	146,6682702
73612,76465	0,530302525	2,898664551	1,01153066660025	146,515596
73622,76465	0,529527664	2,890256104	1,01149704560025	146,0905835
73632,76465	0,530064106	2,895463379	1,01153662660025	146,3537899
73642,76465	0,530213118	2,896117676	1,01153355360025	146,3868619
73652,76465	0,530362129	2,896156738	1,01163702360025	146,3888363
73662,76465	0,53101778	2,903864746	1,01151930360025	146,7784445
73672,76465	0,530540943	2,900510498	1,01144731260025	146,608901
73682,76465	0,530451536	2,898859619	1,01148223760025	146,5254559
73692,76465	0,530928373	2,901845947	1,01145057260025	146,6764025
73702,76465	0,530958176	2,906451416	1,01142030460025	146,9091901
73712,76465	0,531792641	2,912940918	1,01163795460025	147,2372077
73722,76465	0,531286001	2,908319824	1,01149229560025	147,0036304
73732,76465	0,530958176	2,905443604	1,01153224960025	146,8582493
73742,76465	0,530481339	2,898981201	1,01147953660025	146,5316014
73752,76465	0,53101778	2,905773926	1,01149061960025	146,8749457
73762,76465	0,530958176	2,905233887	1,01155944360025	146,8476489
73772,76465	0,531435013	2,906697754	1,01153047960025	146,9216414
73782,76465	0,531762838	2,912535889	1,01152312260025	147,2167352
73792,76465	0,531345606	2,907114014	1,01165378660025	146,9426816
73802,76465	0,530600548	2,902855713	1,01148819760025	146,727442
73812,76465	0,530362129	2,899263184	1,01140568260025	146,5458544
73822,76465	0,530779362	2,901125488	1,01151073560025	146,6399863
73832,76465	0,53063035	2,900103271	1,01133592660025	146,5883174
73842,76465	0,53063035	2,900826904	1,01140838360025	146,6248941
73852,76465	0,530719757	2,903609863	1,01151669660025	146,7655612
73862,76465	0,530213118	2,898591797	1,01152740660025	146,5119186
73872,76465	0,530809164	2,902818848	1,01169225060025	146,7255786
73882,76465	0,531435013	2,906360107	1,01151520660025	146,9045748
73892,76465	0,531464815	2,911068604	1,01168619660025	147,1425699
73902,76465	0,531286001	2,909941162	1,01147636960025	147,0855824
73912,76465	0,530779362	2,90322168	1,01158533460025	146,7459401
73922,76465	0,531047583	2,906390137	1,01165704660025	146,9060926
73932,76465	0,531464815	2,90916748	1,01162174960025	147,046476
73942,76465	0,531226397	2,908247559	1,01157481060025	146,9999777
73952,76465	0,530600548	2,902145752	1,01152675460025	146,6915564
73962,76465	0,531464815	2,910913818	1,01158421760025	147,1347462
73972,76465	0,530809164	2,904738037	1,01155851260025	146,8225858
73982,76465	0,531196594	2,909268311	1,01139907060025	147,0515725
73992,76465	0,530779362	2,903698975	1,01155432160025	146,7700654
74002,76465	0,53063035	2,900783447	1,01155329760025	146,6226975
74012,76465	0,530779362	2,902720459	1,01163665060025	146,7206055
74022,76465	0,529944897	2,895094482	1,01160088760025	146,3351437
74032,76465	0,531226397	2,904727295	1,01147804660025	146,8220428
74042,76465	0,531286001	2,905703613	1,01151865260025	146,8713917
74052,76465	0,531286001	2,90615332	1,01150244660025	146,8941225
74062,76465	0,531286001	2,907116699	1,01147981560025	146,9428174
74072,76465	0,530719757	2,902435303	1,01159297160025	146,706192
74082,76465	0,530868769	2,905389893	1,01161290160025	146,8555344
74092,76465	0,53113699	2,907861084	1,01161280860025	146,980443
74102,76465	0,530868769	2,904475586	1,01151166760025	146,80932
74112,76465	0,531047583	2,906040283	1,01155488060025	146,888409
74122,76465	0,531464815	2,908630371	1,01154119060025	147,0193273
74132,76465	0,531286001	2,908435791	1,01144014160025	147,0094921
74142,76465	0,531286001	2,906676025	1,01149760460025	146,9205431
74152,76465	0,531196594	2,905908691	1,01144628860025	146,8817576
74162,76465	0,530213118	2,899014648	1,01137280660025	146,533292
74172,76465	0,530481339	2,900578857	1,01144489160025	146,6123563
74182,76465	0,531673431	2,909958008	1,01162193560025	147,0864339
74192,76465	0,53101778	2,905026855	1,01166580060025	146,8371844
74202,76465	0,530600548	2,902043457	1,01162305360025	146,6863858
74212,76465	0,530362129	2,899183105	1,01150663760025	146,5418068
74222,76465	0,530183315	2,898800049	1,01147478660025	146,5224448
74232,76465	0,529706478	2,89310376	1,01152023560025	146,2345208
74242,76465	0,530451536	2,898222412	1,01144843060025	146,4932477
74252,76465	0,529795885	2,89332666	1,01155087560025	146,2457875
74262,76465	0,530213118	2,896983887	1,01154770960025	146,4306453
74272,76465	0,530034304	2,895929688	1,01150570660025	146,3773599
74282,76465	0,530272722	2,897759521	1,01158272760025	146,4698505
74292,76465	0,531196594	2,905025391	1,01165220360025	146,8371103
74302,76465	0,530481339	2,900627197	1,01145224860025	146,6147997
74312,76465	0,530213118	2,897691406	1,01151427460025	146,4664075
74322,76465	0,530451536	2,899364502	1,01145215560025	146,5509756
74332,76465	0,530302525	2,89904126	1,01148102660025	146,5346371
74342,76465	0,53063035	2,902730713	1,01145643960025	146,7211238
74352,76465	0,530302525	2,89972998	1,01172652360025	146,5694491
74362,76465	0,530064106	2,894859131	1,01149499660025	146,3232476
74372,76465	0,529646873	2,891009521	1,01155720860025	146,1286657
74382,76465	0,529706478	2,891525635	1,01156195860025	146,1547531
74392,76465	0,530213118	2,896189209	1,01160433360025	146,3904776
74402,76465	0,530481339	2,899171143	1,01150347160025	146,5412021
74412,76465	0,530362129	2,898352539	1,01157117860025	146,4998251
74422,76465	0,530272722	2,898050049	1,01149210960025	146,4845354
74432,76465	0,53113699	2,903642822	1,01145811660025	146,7672272
74442,76465	0,530362129	2,901342529	1,01160582360025	146,6509568
74452,76465	0,530213118	2,897907471	1,01148028160025	146,4773287
74462,76465	0,530719757	2,901431641	1,01151893160025	146,655461
74472,76465	0,530719757	2,902535645	1,01144405360025	146,7112639
74482,76465	0,529319048	2,889956787	1,01136330760025	146,0754543
74492,76465	0,530034304	2,89625708	1,01144489160025	146,3939082
74502,76465	0,52946806	2,892598877	1,01154174860025	146,2090011
74512,76465	0,529706478	2,892753418	1,01152545060025	146,2168125
74522,76465	0,530362129	2,897443115	1,01167371760025	146,4538574
74532,76465	0,529944897	2,894322266	1,01153765060025	146,2961113
74542,76465	0,52946806	2,892070801	1,01148791860025	146,182309
74552,76465	0,530719757	2,900020996	1,01162659260025	146,5841587
74562,76465	0,530809164	2,902029053	1,01164605660025	146,6856577
74572,76465	0,530213118	2,898967529	1,01163441560025	146,5309103
74582,76465	0,530362129	2,898672607	1,01163804760025	146,5160032
74592,76465	0,530391932	2,900595947	1,01154053860025	146,6132201
74602,76465	0,530451536	2,900007324	1,01154016560025	146,5834677
74612,76465	0,529795885	2,895848633	1,01152545060025	146,3732629
74622,76465	0,52985549	2,894568604	1,01148903560025	146,3085627
74632,76465	0,530391932	2,897452148	1,01158673160025	146,454314
74642,76465	0,530391932	2,899141357	1,01148158560025	146,5396966
74652,76465	0,53113699	2,905865234	1,01147152760025	146,879561
74662,76465	0,53113699	2,906544189	1,01152181860025	146,9138794
74672,76465	0,530391932	2,90115332	1,01155683660025	146,6413931
74682,76465	0,530302525	2,900742188	1,01148801160025	146,620612
74692,76465	0,531435013	2,910200195	1,01156754660025	147,0986755
74702,76465	0,530928373	2,905804932	1,01152172560025	146,8765129
74712,76465	0,530272722	2,899005127	1,01141974560025	146,5328107
74722,76465	0,530451536	2,901618652	1,01150589260025	146,6649137
74732,76465	0,530272722	2,899061768	1,01157173760025	146,5356737
74742,76465	0,531286001	2,908177734	1,01148596260025	146,9964484
74752,76465	0,530600548	2,901038574	1,01159474160025	146,6355931
74762,76465	0,530540943	2,90069751	1,01157248260025	146,6183537
74772,76465	0,530600548	2,899514648	1,01148642860025	146,5585649
74782,76465	0,530481339	2,90129248	1,01159921160025	146,648427
74792,76465	0,531286001	2,908583252	1,01157965360025	147,0169456
74802,76465	0,530779362	2,905384277	1,01146733660025	146,8552506
74812,76465	0,530481339	2,903019287	1,01145616060025	146,73571
74822,76465	0,53063035	2,903232666	1,01145159660025	146,7464955
74832,76465	0,530362129	2,9005271	1,01138426260025	146,6097402
74842,76465	0,530600548	2,900805664	1,01143278460025	146,6238205
74852,76465	0,530183315	2,896590576	1,01157322760025	146,4107651
74862,76465	0,52973628	2,894514648	1,01154258660025	146,3058354
74872,76465	0,530928373	2,902865479	1,01135306260025	146,7279356
74882,76465	0,530779362	2,903310547	1,01151520660025	146,750432
74892,76465	0,531435013	2,90877832	1,01169606860025	147,0268055
74902,76465	0,530451536	2,90044043	1,01154230760025	146,6053594
74912,76465	0,530451536	2,900426758	1,01160396160025	146,6046683
74922,76465	0,531226397	2,908011475	1,01144433260025	146,9880446
74932,76465	0,530689955	2,903910889	1,01157788460025	146,7807768
74942,76465	0,530481339	2,901630127	1,01153914160025	146,6654937
74952,76465	0,530183315	2,89936499	1,01154109660025	146,5510003
74962,76465	0,529944897	2,895579346	1,01161914160025	146,3596515
74972,76465	0,53101778	2,903001953	1,01169364760025	146,7348339
74982,76465	0,531375408	2,910677734	1,01161020160025	147,1228131
74992,76465	0,530540943	2,902256104	1,01152824460025	146,6971342
75002,76465	0,531047583	2,905253906	1,01135185260025	146,8486608
75012,76465	0,529885292	2,896713867	1,01138649760025	146,4169969
75022,76465	0,530183315	2,897600098	1,01136461160025	146,4617922
75032,76465	0,530809164	2,900592529	1,01145243460025	146,6130474
75042,76465	0,530779362	2,9026604	1,01150114360025	146,7175698
75052,76465	0,530868769	2,904005859	1,01142710360025	146,7855772
75062,76465	0,53063035	2,901861572	1,01153662660025	146,6771923
75072,76465	0,530600548	2,902504883	1,01149806960025	146,709709
75082,76465	0,531107187	2,90617041	1,01163860660025	146,8949864
75092,76465	0,53063035	2,903628662	1,01158580060025	146,7665114
75102,76465	0,530600548	2,90315332	1,01152004860025	146,7424849
75112,76465	0,53063035	2,901943115	1,01162454360025	146,681314
75122,76465	0,53063035	2,902281982	1,01156288960025	146,6984423
75132,76465	0,531375408	2,906975586	1,01161625460025	146,9356847
75142,76465	0,530809164	2,903231689	1,01145522860025	146,7464461
75152,76465	0,531226397	2,905890381	1,01161374060025	146,880832
75162,76465	0,530809164	2,903483398	1,01159194760025	146,7591689
75172,76465	0,530868769	2,901767822	1,01160070160025	146,6724536
75182,76465	0,53152442	2,907197266	1,01151827960025	146,9468897
75192,76465	0,532090664	2,912696289	1,01148382060025	147,2248428
75202,76465	0,53152442	2,910499268	1,01162789660025	147,1137923
75212,76465	0,53063035	2,901479492	1,01154910660025	146,6578797
75222,76465	0,53063035	2,90006958	1,01148521760025	146,5866144
75232,76465	0,530213118	2,898999512	1,01164652260025	146,5325269
75242,76465	0,530451536	2,896427246	1,01157611460025	146,4025094
75252,76465	0,53063035	2,898497803	1,01151725560025	146,5071675
75262,76465	0,530213118	2,894549316	1,01145653260025	146,3075878
75272,76465	0,53063035	2,896674316	1,01160945560025	146,4149978
75282,76465	0,530809164	2,89891748	1,01150654460025	146,5283805
75292,76465	0,530600548	2,897988037	1,01147897760025	146,481401
75302,76465	0,530600548	2,897209229	1,01146333160025	146,4420354
75312,76465	0,530302525	2,89709082	1,01156875760025	146,4360504
75322,76465	0,530719757	2,898831543	1,01168228560025	146,5240367
75332,76465	0,531375408	2,903848633	1,01159930460025	146,77763
75342,76465	0,531047583	2,90116748	1,01156736060025	146,6421088
75352,76465	0,53152442	2,905993408	1,01144759260025	146,8860396
75362,76465	0,531435013	2,906861572	1,01156288960025	146,9299218
75372,76465	0,530958176	2,902938965	1,01149136460025	146,7316501
75382,76465	0,530928373	2,903293945	1,01137830160025	146,7495929
75392,76465	0,531971455	2,913299072	1,01137541460025	147,255311
75402,76465	0,531226397	2,90698999	1,01161523060025	146,9364128
75412,76465	0,530481339	2,900227051	1,01145653260025	146,5945739
75422,76465	0,530362129	2,898468506	1,01148177160025	146,5056867
75432,76465	0,530600548	2,901045166	1,01162901360025	146,6359263
75442,76465	0,53113699	2,904385498	1,01151315760025	146,8047664
75452,76465	0,530868769	2,902383057	1,01146538060025	146,7035512
75462,76465	0,530868769	2,902180664	1,01155590460025	146,6933211
75472,76465	0,530362129	2,89835791	1,01159110860025	146,5000966
75482,76465	0,531345606	2,905080322	1,01146677760025	146,8398869
75492,76465	0,530719757	2,903185059	1,01145755760025	146,7440891
75502,76465	0,530868769	2,903812988	1,01158766360025	146,7758284
75512,76465	0,530302525	2,898539063	1,01152610260025	146,5092531
75522,76465	0,53101778	2,904110107	1,01157089960025	146,7908465
75532,76465	0,530779362	2,899739502	1,01164540560025	146,5699303
75542,76465	0,530809164	2,900504395	1,01158645260025	146,6085925
75552,76465	0,530064106	2,895796631	1,01146733660025	146,3706344
75562,76465	0,530481339	2,897724121	1,01149983960025	146,4680611
75572,76465	0,530868769	2,899509033	1,01153047960025	146,5582811
75582,76465	0,531047583	2,902974854	1,01160917660025	146,7334641
75592,76465	0,530928373	2,902929199	1,01155897860025	146,7311565
75602,76465	0,530868769	2,903114014	1,01158933960025	146,7404981
75612,76465	0,531226397	2,906233398	1,01151688260025	146,8981702
75622,76465	0,531196594	2,904570801	1,01139990860025	146,8141327
75632,76465	0,530779362	2,900891113	1,01144554360025	146,6281396
75642,76465	0,531673431	2,906537109	1,01154230760025	146,9135215
75652,76465	0,531107187	2,902964111	1,01155311060025	146,7329211
75662,76465	0,531107187	2,904299561	1,01149723160025	146,8004226
75672,76465	0,531047583	2,901479492	1,01140335460025	146,6578797
75682,76465	0,531375408	2,904678467	1,01163553260025	146,8195747
75692,76465	0,530928373	2,901544922	1,01149667260025	146,6611869
75702,76465	0,531345606	2,903969482	1,01163748860025	146,7837385
75712,76465	0,53152442	2,906918457	1,01153355360025	146,9327971
75722,76465	0,531613827	2,908615479	1,01161755860025	147,0185745
75732,76465	0,531286001	2,904967285	1,01153914160025	146,8341733
75742,76465	0,531971455	2,909372803	1,01134412260025	147,0568542
75752,76465	0,532954931	2,923142822	1,01167436960025	147,7528721
75762,76465	0,531703234	2,911445801	1,01145960660025	147,1616357
75772,76465	0,531792641	2,912017578	1,01160638260025	147,1905367
75782,76465	0,531673431	2,909515137	1,01158291360025	147,0640486
75792,76465	0,532031059	2,912233398	1,01153625460025	147,2014455
75802,76465	0,531047583	2,906189941	1,01155199360025	146,8959736
75812,76465	0,53113699	2,904087891	1,01152163260025	146,7897235
75822,76465	0,531435013	2,906102051	1,01160433360025	146,8915311
75832,76465	0,531613827	2,909371094	1,01148484560025	147,0567678
75842,76465	0,531673431	2,908821533	1,01146295860025	147,0289897
75852,76465	0,531047583	2,904538086	1,01160098060025	146,8124791
75862,76465	0,531047583	2,90363501	1,01156139960025	146,7668323
75872,76465	0,531464815	2,906017822	1,01149779060025	146,8872737
75882,76465	0,531613827	2,909739258	1,01144451860025	147,075377
75892,76465	0,531971455	2,910787109	1,01147692860025	147,1283416
75902,76465	0,531464815	2,907661621	1,01166207560025	146,970361
75912,76465	0,53101778	2,903355225	1,01140093260025	146,7526903
75922,76465	0,531435013	2,903388916	1,01151669660025	146,7543932
75932,76465	0,531047583	2,899528809	1,01156093460025	146,5592807
75942,76465	0,530302525	2,894748535	1,01149229560025	146,3176575
75952,76465	0,531613827	2,9049375	1,01157304160025	146,8326678
75962,76465	0,530868769	2,898936768	1,01147106160025	146,5293554
75972,76465	0,53063035	2,892858154	1,01145718460025	146,2221065
75982,76465	0,531226397	2,900881348	1,01147162060025	146,627646
75992,76465	0,53152442	2,902135498	1,01152489160025	146,6910381
76002,76465	0,531286001	2,900527588	1,01152749960025	146,6097649
76012,76465	0,531435013	2,900324463	1,01143539160025	146,5994977
76022,76465	0,531464815	2,902000488	1,01156810560025	146,6842139
76032,76465	0,531107187	2,900085693	1,01148950160025	146,5874289
76042,76465	0,531375408	2,901062012	1,01148000260025	146,6367778
76052,76465	0,531435013	2,902166504	1,01151297060025	146,6926053
76062,76465	0,531852245	2,905502197	1,01149322660025	146,8612109
76072,76465	0,532358885	2,912214844	1,01147823260025	147,2005077
76082,76465	0,531852245	2,907047363	1,01157117860025	146,9393127
76092,76465	0,531792641	2,90707373	1,01150477560025	146,9406455
76102,76465	0,531464815	2,902761475	1,01137019960025	146,7226787
76112,76465	0,531673431	2,904001465	1,01158114360025	146,7853551
76122,76465	0,531226397	2,901585205	1,01145122460025	146,6632231
76132,76465	0,531703234	2,904365234	1,01159734860025	146,8037421
76142,76465	0,531226397	2,89962085	1,01144600860025	146,563933
76152,76465	0,531762838	2,903870361	1,01149546260025	146,7787283
76162,76465	0,53152442	2,902672607	1,01144191160025	146,7181868
76172,76465	0,531792641	2,906153809	1,01165760560025	146,8941472
76182,76465	0,532120466	2,908671631	1,01151269160025	147,0214128
76192,76465	0,531375408	2,903087891	1,01155692960025	146,7391776
76202,76465	0,531286001	2,902869385	1,01154873360025	146,7281331
76212,76465	0,53113699	2,900736084	1,01152079460025	146,6203035
76222,76465	0,531703234	2,904872803	1,01143175960025	146,8293976
76232,76465	0,531435013	2,90204541	1,01148363460025	146,6864845
76242,76465	0,531673431	2,905390137	1,01133331860025	146,8555467
76252,76465	0,530868769	2,897861084	1,01160526560025	146,474984
76262,76465	0,531375408	2,901053711	1,01147525260025	146,6363582
76272,76465	0,531762838	2,90510083	1,01143483260025	146,8409235
76282,76465	0,531554222	2,904878174	1,01155292460025	146,8296691
76292,76465	0,53113699	2,90127124	1,01154826860025	146,6473534
76302,76465	0,531762838	2,906181396	1,01157993360025	146,8955417
76312,76465	0,53113699	2,9014104	1,01141229460025	146,6543874
76322,76465	0,531226397	2,901869629	1,01149257460025	146,6775995
76332,76465	0,530391932	2,894344727	1,01155366960025	146,2972466
76342,76465	0,532209873	2,910147705	1,01141015260025	147,0960223
76352,76465	0,53152442	2,906791016	1,01144256260025	146,9263554
76362,76465	0,531613827	2,907997559	1,01164838560025	146,9873412
76372,76465	0,530958176	2,901166504	1,01154230760025	146,6420594
76382,76465	0,531762838	2,908262451	1,01148549660025	147,0007304
76392,76465	0,531703234	2,906256348	1,01139711460025	146,8993301
76402,76465	0,53152442	2,905172363	1,01152563660025	146,8445392
76412,76465	0,531792641	2,909101563	1,01146929160025	147,0431441
76422,76465	0,532209873	2,911122559	1,01149378560025	147,1452971
76432,76465	0,53152442	2,907843506	1,01152749960025	146,9795545
76442,76465	0,531613827	2,905654785	1,01133518160025	146,8689236
76452,76465	0,532120466	2,912355469	1,01150924560025	147,2076157
76462,76465	0,531703234	2,908867432	1,01144656760025	147,0313097
76472,76465	0,530958176	2,900491211	1,01160899060025	146,6079261
76482,76465	0,531196594	2,905148682	1,01158077160025	146,8433422
76492,76465	0,530868769	2,901680176	1,01164084160025	146,6680234
76502,76465	0,531047583	2,90163916	1,01145858160025	146,6659503
76512,76465	0,531375408	2,901992432	1,01147497260025	146,6838067
76522,76465	0,53152442	2,906549805	1,01143539160025	146,9141632
76532,76465	0,531464815	2,906595703	1,01161597560025	146,9164832
76542,76465	0,531196594	2,902138184	1,01148084060025	146,6911739
76552,76465	0,531792641	2,9098125	1,01142253960025	147,0790791
76562,76465	0,531703234	2,907981689	1,01162472960025	146,9865391
76572,76465	0,53152442	2,907611572	1,01157136460025	146,9678312
76582,76465	0,531226397	2,904008545	1,01158077160025	146,7857129
76592,76465	0,530958176	2,902113037	1,01153746460025	146,6899028
76602,76465	0,530928373	2,901015137	1,01145820960025	146,6344084
76612,76465	0,531673431	2,906325195	1,01151846560025	146,9028101
76622,76465	0,530928373	2,901005615	1,01163776860025	146,6339272
76632,76465	0,531196594	2,903948486	1,01161495060025	146,7826772
76642,76465	0,532090664	2,909906006	1,01153308760025	147,0838054
76652,76465	0,531882048	2,909704102	1,01161020160025	147,0736
76662,76465	0,53229928	2,914594482	1,01145401860025	147,3207886
76672,76465	0,532835722	2,918910889	1,01154845460025	147,5389653
76682,76465	0,531375408	2,908357666	1,01156298260025	147,0055432
76692,76465	0,530958176	2,903543701	1,01157453160025	146,762217
76702,76465	0,531613827	2,907310547	1,01160414760025	146,9526156
76712,76465	0,531762838	2,909461426	1,01145569460025	147,0613337
76722,76465	0,531673431	2,909761719	1,01158999160025	147,0765123
76732,76465	0,531971455	2,910979492	1,01156270360025	147,1380657
76742,76465	0,531286001	2,906982178	1,01148139960025	146,9360179
76752,76465	0,531554222	2,90751001	1,01153308760025	146,9626976
76762,76465	0,530809164	2,901681152	1,01151949060025	146,6680728
76772,76465	0,53152442	2,906203613	1,01152628860025	146,8966646
76782,76465	0,530958176	2,903702393	1,01159557960025	146,7702382
76792,76465	0,531107187	2,903163086	1,01155711560025	146,7429785
76802,76465	0,531345606	2,904850098	1,01147236560025	146,82825
76812,76465	0,531226397	2,903973145	1,01160098060025	146,7839236
76822,76465	0,530809164	2,901922852	1,01152256360025	146,6802897
76832,76465	0,53152442	2,904201416	1,01147599760025	146,7954618
76842,76465	0,531345606	2,905840088	1,01162780360025	146,8782899
76852,76465	0,531286001	2,905123535	1,01153513660025	146,8420711
76862,76465	0,531286001	2,902799316	1,01159753560025	146,7245914
76872,76465	0,531226397	2,903097412	1,01150188860025	146,7396589
76882,76465	0,53113699	2,902529053	1,01150319260025	146,7109307
76892,76465	0,531435013	2,903853027	1,01143576460025	146,7778522
76902,76465	0,531107187	2,902576416	1,01142533360025	146,7133247
76912,76465	0,531047583	2,901175293	1,01162277360025	146,6425037
76922,76465	0,531226397	2,903001465	1,01149117760025	146,7348092
76932,76465	0,530928373	2,900642822	1,01145392560025	146,6155895
76942,76465	0,531286001	2,903730713	1,01158775660025	146,7716697
76952,76465	0,531226397	2,903047363	1,01153113160025	146,7371292
76962,76465	0,531226397	2,90366333	1,01150635860025	146,7682638
76972,76465	0,531107187	2,902562256	1,01168535860025	146,712609
76982,76465	0,53152442	2,906126953	1,01155534660025	146,8927898
76992,76465	0,530779362	2,901194824	1,01146863960025	146,6434909
77002,76465	0,530868769	2,900005615	1,01158756960025	146,5833813
77012,76465	0,53152442	2,905924561	1,01146929160025	146,8825597
77022,76465	0,531464815	2,906280518	1,01163320460025	146,9005518
77032,76465	0,531613827	2,906772461	1,01157853660025	146,9254176
77042,76465	0,531107187	2,902910889	1,01159911860025	146,7302309
77052,76465	0,530928373	2,900941406	1,01151865260025	146,6306817
77062,76465	0,531047583	2,900981689	1,01151148060025	146,6327178
77072,76465	0,530809164	2,897846436	1,01149816260025	146,4742436
77082,76465	0,531107187	2,903856445	1,01162482260025	146,7780249
77092,76465	0,531852245	2,908493652	1,01158468260025	147,0124167
77102,76465	0,532209873	2,912695801	1,01154985160025	147,2248181
77112,76465	0,532269478	2,916617432	1,01149164360025	147,4230404
77122,76465	0,53113699	2,907235352	1,01147832560025	146,9488148
77132,76465	0,531554222	2,907448486	1,01159353060025	146,9595879
77142,76465	0,53101778	2,903742676	1,01153746460025	146,7722744
77152,76465	0,531792641	2,910566895	1,01164829260025	147,1172106
77162,76465	0,531554222	2,908075684	1,01162379860025	146,9912901
77172,76465	0,531435013	2,908906006	1,01159716260025	147,0332595
77182,76465	0,530540943	2,898533203	1,01164782660025	146,5089569
77192,76465	0,531435013	2,905879883	1,01147739460025	146,8803014
77202,76465	0,530958176	2,902794434	1,01161532360025	146,7243446
77212,76465	0,53113699	2,905221436	1,01157983960025	146,8470196
77222,76465	0,530779362	2,901802979	1,01155506660025	146,6742306
77232,76465	0,530600548	2,901177979	1,01139152660025	146,6426394
77242,76465	0,530540943	2,898191895	1,01132018760025	146,4917051
77252,76465	0,531375408	2,907691162	1,01148680060025	146,9718541
77262,76465	0,531673431	2,911035156	1,01151976960025	147,1408793
77272,76465	0,531226397	2,907668701	1,01156307660025	146,9707188
77282,76465	0,530600548	2,901049805	1,01158244760025	146,6361608
77292,76465	0,530213118	2,89680249	1,01165639460025	146,4214765
77302,76465	0,529974699	2,89557959	1,01151427460025	146,3596639
77312,76465	0,529885292	2,894090332	1,01144060760025	146,284388
77322,76465	0,530183315	2,895501953	1,01158663860025	146,3557396
77332,76465	0,530064106	2,895262207	1,01157220360025	146,3436215
77342,76465	0,530809164	2,902045166	1,01145737060025	146,6864722
77352,76465	0,530540943	2,899403564	1,01151092260025	146,5529501
77362,76465	0,530719757	2,902025879	1,01141853460025	146,6854973
77372,76465	0,530868769	2,90527002	1,01147217960025	146,8494753
77382,76465	0,530272722	2,899897461	1,01161495060025	146,5779145
77392,76465	0,530689955	2,901607666	1,01152423960025	146,6643584
77402,76465	0,52973628	2,895642822	1,01149779060025	146,36286
77412,76465	0,530362129	2,898658203	1,01155022360025	146,5152751
77422,76465	0,530958176	2,903172607	1,01147935060025	146,7434597
77432,76465	0,53101778	2,904149902	1,01155730160025	146,792858
77442,76465	0,530868769	2,905068604	1,01162566060025	146,8392946
77452,76465	0,531047583	2,90677417	1,01152181860025	146,9255039
77462,76465	0,531345606	2,907270508	1,01158971160025	146,9505918
77472,76465	0,531464815	2,91000415	1,01138035060025	147,0887662
77482,76465	0,531375408	2,907501221	1,01148018860025	146,9622534
77492,76465	0,531762838	2,912292969	1,01143995560025	147,2044566
77502,76465	0,531196594	2,908584473	1,01158682460025	147,0170073
77512,76465	0,531196594	2,905896973	1,01140372660025	146,8811652
77522,76465	0,531047583	2,905111084	1,01140531060025	146,8414418
77532,76465	0,530600548	2,902827393	1,01165797760025	146,7260105
77542,76465	0,530958176	2,904398682	1,01157807060025	146,8054328
77552,76465	0,530958176	2,904694336	1,01145262160025	146,8203769
77562,76465	0,531971455	2,912878906	1,01158421760025	147,2340733
77572,76465	0,530689955	2,904000732	1,01155394960025	146,7853181
77582,76465	0,531882048	2,912151123	1,01137150360025	147,1972869
77592,76465	0,530719757	2,901352539	1,01149657960025	146,6514628
77602,76465	0,530391932	2,897959717	1,01147525260025	146,4799695
77612,76465	0,530391932	2,898621826	1,01156130660025	146,5134364
77622,76465	0,531226397	2,9050354	1,01150766260025	146,8376163
77632,76465	0,530809164	2,903037842	1,01161597560025	146,7366479
77642,76465	0,530719757	2,901900391	1,01168349660025	146,6791544
77652,76465	0,530391932	2,898839111	1,01141536860025	146,5244193
77662,76465	0,531852245	2,910893799	1,01144414660025	147,1337343
77672,76465	0,531882048	2,91156958	1,01155869860025	147,1678922
77682,76465	0,531345606	2,906923096	1,01143315660025	146,9330315
77692,76465	0,531554222	2,910028809	1,01163991060025	147,0900126
77702,76465	0,530719757	2,902600586	1,01155357660025	146,7145464
77712,76465	0,53152442	2,906888184	1,01151446160025	146,9312669
77722,76465	0,531286001	2,906012695	1,01140391360025	146,8870145
77732,76465	0,530689955	2,901229736	1,01157155160025	146,6452556
77742,76465	0,530868769	2,902130127	1,01146444960025	146,6907666
77752,76465	0,530928373	2,903731201	1,01141518260025	146,7716944
77762,76465	0,531196594	2,903510498	1,01144256260025	146,7605387
77772,76465	0,53113699	2,904072266	1,01158756960025	146,7889338
77782,76465	0,531345606	2,90642041	1,01152284260025	146,9076228
77792,76465	0,530779362	2,902568359	1,01158905960025	146,7129175
77802,76465	0,530928373	2,903294189	1,01161383360025	146,7496052
77812,76465	0,530868769	2,902742432	1,01166002660025	146,7217161
77822,76465	0,531554222	2,90886377	1,01150263360025	147,0311246
77832,76465	0,53113699	2,905867432	1,01151520660025	146,879672
77842,76465	0,531226397	2,90556543	1,01148307560025	146,8644071
77852,76465	0,531226397	2,906803223	1,01148456560025	146,9269724
77862,76465	0,531047583	2,904705322	1,01156549760025	146,8209322
77872,76465	0,531107187	2,905589111	1,01156847760025	146,8656041
77882,76465	0,530958176	2,902804443	1,01153755760025	146,7248506
77892,76465	0,53101778	2,904993164	1,01161383360025	146,8354814
77902,76465	0,531047583	2,90437207	1,01144936160025	146,8040877
77912,76465	0,530600548	2,900329102	1,01148745260025	146,5997322
77922,76465	0,531435013	2,907335449	1,01150635860025	146,9538743
77932,76465	0,531435013	2,908143799	1,01164493960025	146,9947331
77942,76465	0,532090664	2,91567334	1,01167800160025	147,3753205
77952,76465	0,531941652	2,913503174	1,01158151660025	147,2656275
77962,76465	0,532507896	2,918745361	1,01163245960025	147,5305985
77972,76465	0,531792641	2,912486572	1,01153420560025	147,2142424
77982,76465	0,531286001	2,908992432	1,01148838460025	147,037628
77992,76465	0,531226397	2,906859375	1,01150347160025	146,9298107
78002,76465	0,53101778	2,906346191	1,01154277360025	146,9038714
78012,76465	0,530183315	2,897649414	1,01161699960025	146,464285
78022,76465	0,531047583	2,906018555	1,01156251760025	146,8873107
78032,76465	0,531286001	2,906417969	1,01157853660025	146,9074994
78042,76465	0,53152442	2,91211377	1,01157509060025	147,1953988
78052,76465	0,531554222	2,909502441	1,01150505460025	147,0634069
78062,76465	0,531286001	2,906609619	1,01150347160025	146,9171866
78072,76465	0,531107187	2,905741455	1,01166226160025	146,8733044
78082,76465	0,531762838	2,910049072	1,01157546260025	147,0910368
78092,76465	0,530809164	2,902195801	1,01154947860025	146,6940862
78102,76465	0,531047583	2,904361084	1,01160945560025	146,8035323
78112,76465	0,531375408	2,907648926	1,01154938560025	146,9697193
78122,76465	0,530809164	2,902574463	1,01146724360025	146,713226
78132,76465	0,53101778	2,902002197	1,01152172560025	146,6843003
78142,76465	0,531047583	2,903404053	1,01148139960025	146,7551583
78152,76465	0,531107187	2,902788086	1,01157387960025	146,7240238
78162,76465	0,53101778	2,901756592	1,01172363660025	146,671886
78172,76465	0,531286001	2,905352295	1,01157089960025	146,853634
78182,76465	0,53063035	2,899848389	1,01147776660025	146,5754341
78192,76465	0,53152442	2,905375977	1,01147581160025	146,854831
78202,76465	0,531375408	2,905150879	1,01151650960025	146,8434532
78212,76465	0,530689955	2,896520752	1,01153923460025	146,4072357
78222,76465	0,53152442	2,904685303	1,01139376160025	146,8199203
78232,76465	0,531345606	2,905642822	1,01173471860025	146,868319
78242,76465	0,531673431	2,907412842	1,01146081660025	146,9577862
78252,76465	0,531613827	2,90749707	1,01142412260025	146,9620436
78262,76465	0,531941652	2,910207764	1,01155255260025	147,099058
78272,76465	0,531554222	2,910568848	1,01170677960025	147,1173093
78282,76465	0,531882048	2,912948242	1,01166971260025	147,237578
78292,76465	0,532031059	2,912905029	1,01149685960025	147,2353937
78302,76465	0,531852245	2,911056885	1,01167883960025	147,1419776
78312,76465	0,531762838	2,908682861	1,01151222560025	147,0219805
78322,76465	0,530868769	2,902614502	1,01164764060025	146,7152498
78332,76465	0,531613827	2,906401367	1,01150896660025	146,9066603
78342,76465	0,532418489	2,915638916	1,01163050360025	147,3735805
78352,76465	0,531435013	2,908350586	1,01155804660025	147,0051853
78362,76465	0,531435013	2,905745117	1,01154929260025	146,8734895
78372,76465	0,531703234	2,906924072	1,01141266760025	146,9330809
78382,76465	0,531613827	2,906345703	1,01148614860025	146,9038467
78392,76465	0,531345606	2,905579346	1,01146705660025	146,8651105
78402,76465	0,531435013	2,906787842	1,01151054960025	146,926195
78412,76465	0,531226397	2,905868896	1,01146500760025	146,8797461
78422,76465	0,531286001	2,903591553	1,01146593960025	146,7646357
78432,76465	0,531345606	2,904848633	1,01157145760025	146,8281759
78442,76465	0,531345606	2,902562988	1,01145699860025	146,712646
78452,76465	0,531971455	2,911443848	1,01153690560025	147,161537
78462,76465	0,531554222	2,905812988	1,01161364660025	146,8769202
78472,76465	0,531047583	2,902148682	1,01157993360025	146,6917045
78482,76465	0,532448292	2,915191406	1,01149583460025	147,3509607
78492,76465	0,531941652	2,911442627	1,01166505560025	147,1614753
78502,76465	0,532120466	2,911622803	1,01148279660025	147,1705824
78512,76465	0,532418489	2,914476074	1,01145876760025	147,3148036
78522,76465	0,531464815	2,906621826	1,01127064060025	146,9178036
78532,76465	0,531613827	2,909408203	1,01159716260025	147,0586435
78542,76465	0,532090664	2,911946289	1,01143511260025	147,1869333
78552,76465	0,531464815	2,90640332	1,01144563660025	146,906759
78562,76465	0,531762838	2,907506104	1,01158133060025	146,9625002
78572,76465	0,532269478	2,912699707	1,01161159860025	147,2250155
78582,76465	0,531792641	2,909914795	1,01148866360025	147,0842496
78592,76465	0,532120466	2,91509668	1,01162966560025	147,3461726
78602,76465	0,531196594	2,904868408	1,01143948960025	146,8291755
78612,76465	0,530779362	2,901131592	1,01163720960025	146,6402948
78622,76465	0,532031059	2,910991943	1,01156512560025	147,1386951
78632,76465	0,532120466	2,912300537	1,01163413660025	147,2048391
78642,76465	0,531464815	2,906010986	1,01149145760025	146,8869281
78652,76465	0,532597303	2,916509033	1,01166207560025	147,4175613
78662,76465	0,53152442	2,909911865	1,01153765060025	147,0841016
78672,76465	0,531882048	2,913610107	1,01157611460025	147,2710325
78682,76465	0,531226397	2,906793701	1,01139953560025	146,9264912
78692,76465	0,531375408	2,905754639	1,01163683660025	146,8739708
78702,76465	0,531286001	2,905519531	1,01148819760025	146,8620871
78712,76465	0,531286001	2,907069824	1,01147217960025	146,940448
78722,76465	0,53152442	2,907761963	1,01168945660025	146,9754328
78732,76465	0,53063035	2,899400391	1,01136181760025	146,5527897
78742,76465	0,530540943	2,899083984	1,01166226160025	146,5367966
78752,76465	0,530451536	2,897411377	1,01162147060025	146,4522532
78762,76465	0,531196594	2,903709473	1,01149294760025	146,7705961
78772,76465	0,531107187	2,903119629	1,01151548560025	146,7407819
78782,76465	0,53063035	2,900035156	1,01134859260025	146,5848745
78792,76465	0,531435013	2,906662598	1,01161420560025	146,9198644
78802,76465	0,530689955	2,900535889	1,01152833760025	146,6101844
78812,76465	0,531435013	2,905676514	1,01151231960025	146,8700219
78822,76465	0,530928373	2,902897949	1,01153886160025	146,7295769
78832,76465	0,531345606	2,90547876	1,01170743160025	146,8600263
78842,76465	0,530689955	2,900796387	1,01138947760025	146,6233515
78852,76465	0,530451536	2,899559082	1,01152386760025	146,5608109
78862,76465	0,530928373	2,902619873	1,01146379760025	146,7155213
78872,76465	0,531196594	2,904424561	1,01153066660025	146,8067408
78882,76465	0,531226397	2,904999512	1,01157173760025	146,8358023
78892,76465	0,530928373	2,904060791	1,01153420560025	146,7883538
78902,76465	0,530958176	2,904517334	1,01165620860025	146,8114301
78912,76465	0,530689955	2,901161377	1,01144898960025	146,6418003
78922,76465	0,531762838	2,909600098	1,01153886160025	147,068343
78932,76465	0,531435013	2,908484863	1,01151800060025	147,0119725
78942,76465	0,53113699	2,905836914	1,01158729060025	146,8781295
78952,76465	0,530540943	2,899450684	1,01151576460025	146,5553318
78962,76465	0,530302525	2,897313232	1,01162640660025	146,4472924
78972,76465	0,531196594	2,902986572	1,01155068960025	146,7340564
78982,76465	0,530183315	2,895746582	1,01153709260025	146,3681046
78992,76465	0,529944897	2,89348291	1,01158449660025	146,2536853
79002,76465	0,531047583	2,901266113	1,01158449660025	146,6470943
79012,76465	0,53113699	2,902516357	1,01155590460025	146,710289
79022,76465	0,529974699	2,895083008	1,01161392660025	146,3345637
79032,76465	0,530868769	2,901711182	1,01156773260025	146,6695907
79042,76465	0,530809164	2,900468506	1,01154566060025	146,6067785
79052,76465	0,529944897	2,892824951	1,01146575260025	146,2204282
79062,76465	0,530451536	2,895287354	1,01147776660025	146,3448925
79072,76465	0,530868769	2,90080957	1,01159977060025	146,6240179
79082,76465	0,531464815	2,905900391	1,01146845360025	146,881338
79092,76465	0,531047583	2,903093994	1,01145243460025	146,7394862
79102,76465	0,53101778	2,900012939	1,01156205160025	146,5837515
79112,76465	0,531196594	2,905109619	1,01161513760025	146,8413677
79122,76465	0,530809164	2,900651611	1,01159651060025	146,6160337
79132,76465	0,531435013	2,905344727	1,01159753560025	146,8532514
79142,76465	0,530958176	2,904346436	1,01141508860025	146,8027919
79152,76465	0,530719757	2,898453125	1,01157741860025	146,5049093
79162,76465	0,530362129	2,898476074	1,01147720860025	146,5060693
79172,76465	0,530123711	2,89588623	1,01159651060025	146,3751633
79182,76465	0,530123711	2,894900146	1,01166384560025	146,3253208
79192,76465	0,530213118	2,895211426	1,01164624360025	146,3410547
79202,76465	0,530481339	2,896718018	1,01150868660025	146,4172067
79212,76465	0,530362129	2,896540283	1,01156475260025	146,408223
79222,76465	0,530272722	2,896147949	1,01143017660025	146,3883921
79232,76465	0,530481339	2,896775146	1,01166384560025	146,4200943
79242,76465	0,530183315	2,895502686	1,01172205260025	146,3557767
79252,76465	0,53063035	2,8984021	1,01155031660025	146,5023301
79262,76465	0,530183315	2,895428955	1,01137913960025	146,3520499
79272,76465	0,530719757	2,898497314	1,01160750060025	146,5071429
79282,76465	0,53101778	2,901707031	1,01148950160025	146,6693809
79292,76465	0,53152442	2,906652344	1,01158812860025	146,9193461
79302,76465	0,53113699	2,902564941	1,01155646360025	146,7127447
79312,76465	0,530868769	2,901104492	1,01138789460025	146,638925
79322,76465	0,531435013	2,905424072	1,01147320360025	146,857262
79332,76465	0,53113699	2,9029021	1,01146519460025	146,7297867
79342,76465	0,53101778	2,902678223	1,01145941960025	146,7184706
79352,76465	0,530868769	2,901709229	1,01150002560025	146,6694919
79362,76465	0,531107187	2,902817871	1,01150188860025	146,7255293
79372,76465	0,530958176	2,901945068	1,01159604460025	146,6814127
79382,76465	0,530600548	2,897738525	1,01146538060025	146,4687892
79392,76465	0,531286001	2,904086182	1,01142952460025	146,7896372
79402,76465	0,532209873	2,913096191	1,01142766160025	147,2450562
79412,76465	0,531703234	2,909069092	1,01149322660025	147,0415028
79422,76465	0,531435013	2,9073479	1,01163581260025	146,9545037
79432,76465	0,532537699	2,916656982	1,01161038760025	147,4250395
79442,76465	0,531196594	2,904387207	1,01148484560025	146,8048528
79452,76465	0,531435013	2,906433838	1,01153029360025	146,9083016
79462,76465	0,531882048	2,910109619	1,01159949060025	147,0940972
79472,76465	0,53101778	2,899935059	1,01145439060025	146,5798149
79482,76465	0,531047583	2,90218042	1,01150049160025	146,6933087
79492,76465	0,530272722	2,893874756	1,01144014160025	146,2734915
79502,76465	0,530451536	2,896290527	1,01160479960025	146,3955988
79512,76465	0,53101778	2,897139404	1,01141574060025	146,4385061
79522,76465	0,531882048	2,906268066	1,01161197060025	146,8999225
79532,76465	0,531226397	2,903103271	1,01149806960025	146,7399551
79542,76465	0,53152442	2,903835693	1,01150114360025	146,776976
79552,76465	0,531047583	2,900761719	1,01153178360025	146,6215992
79562,76465	0,531882048	2,908805664	1,01139348260025	147,0281876
79572,76465	0,530928373	2,90108374	1,01140186460025	146,6378761
79582,76465	0,53101778	2,89949585	1,01158496260025	146,5576147
79592,76465	0,530779362	2,895791748	1,01157471760025	146,3703876
79602,76465	0,529974699	2,889631104	1,01159893260025	146,0589923
79612,76465	0,530719757	2,894103271	1,01139953560025	146,285042
79622,76465	0,531107187	2,89920874	1,01159846660025	146,5431025
79632,76465	0,53152442	2,903597168	1,01149713860025	146,7649195
79642,76465	0,530868769	2,897915527	1,01158989860025	146,4777359
79652,76465	0,531047583	2,896855469	1,01154174860025	146,4241543
79662,76465	0,531107187	2,899549316	1,01163897860025	146,5603172
79672,76465	0,531613827	2,902114014	1,01159241260025	146,6899522
79682,76465	0,531673431	2,904727295	1,01154295960025	146,8220428
79692,76465	0,531047583	2,900666748	1,01159213360025	146,6167988
79702,76465	0,530540943	2,8944729	1,01152628860025	146,3037253
79712,76465	0,530809164	2,896687744	1,01151157360025	146,4156765
79722,76465	0,531375408	2,900405762	1,01145569460025	146,603607
79732,76465	0,53113699	2,89744043	1,01156149260025	146,4537217
79742,76465	0,531375408	2,902008057	1,01157229660025	146,6845965
79752,76465	0,531226397	2,900101074	1,01150188860025	146,5882063
79762,76465	0,531345606	2,899413574	1,01146379760025	146,553456
79772,76465	0,531226397	2,899888184	1,01170510260025	146,5774456
79782,76465	0,531196594	2,89955835	1,01142170160025	146,5607738
79792,76465	0,530868769	2,895892334	1,01139478660025	146,3754718
79802,76465	0,531226397	2,900245361	1,01135306260025	146,5954995
79812,76465	0,531196594	2,899837158	1,01157117860025	146,5748665
79822,76465	0,531345606	2,900731934	1,01147832560025	146,6200937
79832,76465	0,532358885	2,911227051	1,01158552060025	147,1505788
79842,76465	0,531673431	2,905768311	1,01146677760025	146,8746619
79852,76465	0,531792641	2,90720459	1,01156736060025	146,9472599
79862,76465	0,531762838	2,90657373	1,01145373860025	146,9153725
79872,76465	0,53229928	2,910924316	1,01154966560025	147,1352768
79882,76465	0,532597303	2,914672852	1,01128321360025	147,3247499
79892,76465	0,531703234	2,908330078	1,01155245960025	147,0041487
79902,76465	0,532031059	2,910775146	1,01157192360025	147,1277369
79912,76465	0,531762838	2,908287842	1,01152982760025	147,0020138
79922,76465	0,531375408	2,904281006	1,01141713760025	146,7994847
79932,76465	0,531464815	2,90538916	1,01143725460025	146,8554974
79942,76465	0,531435013	2,902592773	1,01145923360025	146,7141515
79952,76465	0,532180071	2,908824951	1,01152181860025	147,0291625
79962,76465	0,531941652	2,906312256	1,01146640460025	146,9021561
79972,76465	0,531554222	2,903719971	1,01174915460025	146,7711267
79982,76465	0,531554222	2,904052734	1,01150002560025	146,7879465
79992,76465	0,531047583	2,900440674	1,01150710360025	146,6053717
80002,76465	0,53113699	2,900364258	1,01148111960025	146,6015092
80012,76465	0,531196594	2,900527588	1,01146947860025	146,6097649
80022,76465	0,531554222	2,904946777	1,01157397260025	146,8331367
80032,76465	0,531464815	2,901894287	1,01152107360025	146,6788459
80042,76465	0,531107187	2,900090576	1,01149602060025	146,5876757
80052,76465	0,531613827	2,903481689	1,01154146960025	146,7590826
80062,76465	0,531435013	2,902399414	1,01150216760025	146,704378
80072,76465	0,531673431	2,904765625	1,01159511360025	146,8239802
80082,76465	0,531554222	2,90355835	1,01149033960025	146,7629574
80092,76465	0,531226397	2,900872314	1,01166207560025	146,6271894
80102,76465	0,531047583	2,899842773	1,01144815060025	146,5751503
80112,76465	0,530540943	2,89510376	1,01151501960025	146,3356126
80122,76465	0,530719757	2,894864746	1,01168629060025	146,3235314
80132,76465	0,531375408	2,901618164	1,01156996760025	146,664889
80142,76465	0,531703234	2,902513672	1,01168684860025	146,7101532
80152,76465	0,531464815	2,900485352	1,01150943160025	146,60763
80162,76465	0,530719757	2,895238281	1,01152172560025	146,3424121
80172,76465	0,532418489	2,909979248	1,01153867560025	147,0875075
80182,76465	0,530958176	2,899304932	1,01144125960025	146,5479646
80192,76465	0,531941652	2,906867432	1,01151129460025	146,9302179
80202,76465	0,531435013	2,903105713	1,01164726760025	146,7400785
80212,76465	0,532031059	2,906636963	1,01166710460025	146,9185687
80222,76465	0,531882048	2,905849609	1,01154584660025	146,8787712
80232,76465	0,531196594	2,900121826	1,01141443760025	146,5892553
80242,76465	0,531852245	2,907328613	1,01163422960025	146,9535288
80252,76465	0,531375408	2,903446045	1,01146640460025	146,7572809
80262,76465	0,531226397	2,900936768	1,01153793060025	146,6304472
80272,76465	0,531286001	2,901243652	1,01165937460025	146,645959
80282,76465	0,530958176	2,897400635	1,01162277360025	146,4517102
80292,76465	0,531435013	2,901049316	1,01163776860025	146,6361361
80302,76465	0,531226397	2,898706299	1,01146752260025	146,5177062
80312,76465	0,530928373	2,897919922	1,01155748860025	146,477958
80322,76465	0,530391932	2,894741943	1,01145895460025	146,3173243
80332,76465	0,531375408	2,900980225	1,01147981560025	146,6326438
80342,76465	0,531435013	2,903805908	1,01151641660025	146,7754705
80352,76465	0,53152442	2,903452881	1,01152442660025	146,7576264
80362,76465	0,531703234	2,906283203	1,01172093560025	146,9006876
80372,76465	0,53063035	2,898252197	1,01163115560025	146,4947532
80382,76465	0,531107187	2,901414795	1,01161075960025	146,6546095
80392,76465	0,53101778	2,901026611	1,01153793060025	146,6349884
80402,76465	0,531882048	2,908099121	1,01151995560025	146,9924748
80412,76465	0,531792641	2,907152588	1,01159949060025	146,9446314
80422,76465	0,532209873	2,909987305	1,01162323960025	147,0879147
80432,76465	0,531345606	2,902957275	1,01157369360025	146,7325756
80442,76465	0,530362129	2,893859131	1,01152014260025	146,2727017
80452,76465	0,531673431	2,905019287	1,01153793060025	146,8368018
80462,76465	0,531971455	2,908868652	1,01153159760025	147,0313714
80472,76465	0,531673431	2,905037842	1,01138733560025	146,8377397
80482,76465	0,531554222	2,90519458	1,01162081860025	146,8456622
80492,76465	0,531286001	2,902768311	1,01155255260025	146,7230242
80502,76465	0,530719757	2,898253662	1,01138025760025	146,4948272
80512,76465	0,531971455	2,909523926	1,01160172560025	147,0644928
80522,76465	0,531226397	2,904292969	1,01143697560025	146,8000894
80532,76465	0,531554222	2,905491211	1,01157229660025	146,8606556
80542,76465	0,531464815	2,903474609	1,01154472960025	146,7587247
80552,76465	0,531613827	2,905099609	1,01155394960025	146,8408618
80562,76465	0,530928373	2,899141113	1,01156912960025	146,5396843
80572,76465	0,531464815	2,902428711	1,01149983960025	146,7058588
80582,76465	0,530928373	2,898631592	1,01157238960025	146,51393
80592,76465	0,531703234	2,904716553	1,01158607960025	146,8214998
80602,76465	0,531047583	2,899637451	1,01160153960025	146,5647721
80612,76465	0,531464815	2,902993164	1,01157825660025	146,7343896
80622,76465	0,531226397	2,903033936	1,01155869860025	146,7364504
80632,76465	0,531762838	2,907343994	1,01162761660025	146,9543062
80642,76465	0,531762838	2,906825928	1,01139171260025	146,9281201
80652,76465	0,532031059	2,909949463	1,01159176060025	147,086002
80662,76465	0,532507896	2,914442627	1,01166468360025	147,313113
80672,76465	0,531852245	2,909947998	1,01164866460025	147,0859279
80682,76465	0,531554222	2,90644043	1,01151241260025	146,9086347
80692,76465	0,531941652	2,910415771	1,01148903560025	147,109572
80702,76465	0,531941652	2,909829834	1,01143520560025	147,0799552
80712,76465	0,531703234	2,908673584	1,01159259960025	147,0215115
80722,76465	0,532120466	2,911679932	1,01154426360025	147,1734701
80732,76465	0,531792641	2,908929688	1,01153504360025	147,0344565
80742,76465	0,530779362	2,902227783	1,01148195760025	146,6957027
80752,76465	0,531226397	2,904008057	1,01160042260025	146,7856883
80762,76465	0,531613827	2,907615967	1,01155990960025	146,9680533
80772,76465	0,531196594	2,904032959	1,01148521760025	146,786947
80782,76465	0,530958176	2,90175293	1,01151380960025	146,6717009
80792,76465	0,531703234	2,906019775	1,01156754660025	146,8873724
80802,76465	0,53152442	2,904752441	1,01139161960025	146,8233139
80812,76465	0,53152442	2,906585449	1,01145280760025	146,9159649
80822,76465	0,531435013	2,906509033	1,01148950160025	146,9121024
80832,76465	0,530958176	2,901623047	1,01153932760025	146,6651358
80842,76465	0,531762838	2,90637207	1,01159529960025	146,9051795
80852,76465	0,531554222	2,905703613	1,01139143360025	146,8713917
80862,76465	0,53152442	2,90693042	1,01158011960025	146,9334017
80872,76465	0,531464815	2,906880371	1,01148335460025	146,930872
80882,76465	0,531941652	2,910470947	1,01148000260025	147,1123609
80892,76465	0,531196594	2,906549072	1,01145550860025	146,9141262
80902,76465	0,53101778	2,901606689	1,01178705960025	146,664309
80912,76465	0,531554222	2,905406494	1,01147022360025	146,8563735
80922,76465	0,531107187	2,905017334	1,01143157360025	146,8367031
80932,76465	0,531435013	2,906837891	1,01163069060025	146,9287248
80942,76465	0,531703234	2,907708984	1,01165406660025	146,972755
80952,76465	0,531375408	2,906058838	1,01159828060025	146,8893468
80962,76465	0,53152442	2,904824707	1,01151390260025	146,8269666
80972,76465	0,530779362	2,900022217	1,01153001460025	146,5842204
80982,76465	0,531107187	2,902970947	1,01145737060025	146,7332666
80992,76465	0,531345606	2,905990234	1,01161793060025	146,8858792
81002,76465	0,531613827	2,907477539	1,01164922360025	146,9610564
81012,76465	0,530719757	2,89987085	1,01148978160025	146,5765694
81022,76465	0,531464815	2,904522461	1,01149322660025	146,8116893
81032,76465	0,531107187	2,902931885	1,01161057360025	146,7312922
81042,76465	0,53101778	2,901824707	1,01149369260025	146,6753289
81052,76465	0,53101778	2,900776611	1,01161439160025	146,622352
81062,76465	0,530719757	2,897348389	1,01144936160025	146,4490694
81072,76465	0,531345606	2,901731445	1,01150086360025	146,6706149
81082,76465	0,531673431	2,905804688	1,01178538260025	146,8765006
81092,76465	0,531464815	2,903966309	1,01146221360025	146,7835781
81102,76465	0,530809164	2,898055664	1,01149648660025	146,4848193
81112,76465	0,530958176	2,89957251	1,01153103860025	146,5614896
81122,76465	0,532090664	2,910214111	1,01160284360025	147,0993789
81132,76465	0,531673431	2,905803711	1,01151688260025	146,8764512
81142,76465	0,530779362	2,895452881	1,01148950160025	146,3532592
81152,76465	0,530928373	2,898183838	1,01139301660025	146,4912979
81162,76465	0,530719757	2,897217285	1,01142095660025	146,4424426
81172,76465	0,531792641	2,905591309	1,01156512560025	146,8657152
81182,76465	0,531941652	2,907413574	1,01149304060025	146,9578232
81192,76465	0,531375408	2,904406494	1,01144032760025	146,8058276
81202,76465	0,53113699	2,902996338	1,01147143360025	146,73455
81212,76465	0,531286001	2,904062988	1,01163255260025	146,7884648
81222,76465	0,530809164	2,89785498	1,01152610260025	146,4746755
81232,76465	0,530958176	2,899491455	1,01143418160025	146,5573926
81242,76465	0,53113699	2,901397461	1,01167399660025	146,6537334
81252,76465	0,531226397	2,903344482	1,01154286660025	146,7521473
81262,76465	0,531375408	2,904060791	1,01155115560025	146,7883538
81272,76465	0,53101778	2,900651123	1,01153131760025	146,6160091
81282,76465	0,531375408	2,902809082	1,01160815260025	146,725085
81292,76465	0,530809164	2,90130835	1,01155692960025	146,6492292
81302,76465	0,530451536	2,897168701	1,01148586960025	146,4399869
81312,76465	0,531196594	2,901956055	1,01144666060025	146,681968
81322,76465	0,531226397	2,902251221	1,01160936260025	146,6968874
81332,76465	0,530958176	2,902048584	1,01146882660025	146,686645
81342,76465	0,530958176	2,900786377	1,01156372860025	146,6228456
81352,76465	0,531196594	2,900959717	1,01149285460025	146,6316072
81362,76465	0,531464815	2,906184326	1,01142151560025	146,8956898
81372,76465	0,531792641	2,909236084	1,01172922460025	147,0499436
81382,76465	0,530958176	2,902290283	1,01160638260025	146,6988619
81392,76465	0,531613827	2,906806396	1,01153290160025	146,9271329
81402,76465	0,530958176	2,902270996	1,01150375060025	146,697887
81412,76465	0,531107187	2,903637451	1,01159474160025	146,7669557
81422,76465	0,531554222	2,905864746	1,01151548560025	146,8795363
81432,76465	0,531107187	2,902583496	1,01156531160025	146,7136826
81442,76465	0,530809164	2,899439209	1,01150309860025	146,5547518
81452,76465	0,531435013	2,903137939	1,01165285560025	146,7417074
81462,76465	0,531047583	2,90059668	1,01154407760025	146,6132572
81472,76465	0,53152442	2,906000488	1,01161513760025	146,8863975
81482,76465	0,53229928	2,91244873	1,01167949160025	147,2123297
81492,76465	0,531613827	2,904914551	1,01155245960025	146,8315078
81502,76465	0,531345606	2,904344238	1,01153727860025	146,8026809
81512,76465	0,530809164	2,900253418	1,01154854760025	146,5959067
81522,76465	0,531673431	2,906017822	1,01151902460025	146,8872737
81532,76465	0,531375408	2,903744873	1,01160349560025	146,7723854
81542,76465	0,531375408	2,903757568	1,01163534660025	146,7730271
81552,76465	0,532031059	2,908368896	1,01151325060025	147,0061108
81562,76465	0,531435013	2,90539917	1,01158952560025	146,8560033
81572,76465	0,531435013	2,904086426	1,01147478660025	146,7896495
81582,76465	0,531613827	2,905817627	1,01153606760025	146,8771546
81592,76465	0,531435013	2,904853271	1,01147897760025	146,8284104
81602,76465	0,531196594	2,902486328	1,01145411160025	146,7087711
81612,76465	0,531941652	2,907091553	1,01147078260025	146,9415463
81622,76465	0,532031059	2,910391846	1,01148801160025	147,1083626
81632,76465	0,531286001	2,903788818	1,01150887360025	146,7746067
81642,76465	0,53101778	2,899630615	1,01141033960025	146,5644266
81652,76465	0,531554222	2,904227295	1,01153085260025	146,7967699
81662,76465	0,532031059	2,908003662	1,01165928160025	146,9876497
81672,76465	0,53113699	2,899661133	1,01146267960025	146,5659691
81682,76465	0,531107187	2,900590332	1,01152153960025	146,6129363
81692,76465	0,531226397	2,900285645	1,01142524060025	146,5975356
81702,76465	0,530868769	2,897930908	1,01151334360025	146,4785134
81712,76465	0,531762838	2,904099854	1,01151418160025	146,7903282
81722,76465	0,531762838	2,904181152	1,01156205160025	146,7944375
81732,76465	0,531613827	2,903846191	1,01161597560025	146,7775066
81742,76465	0,531673431	2,903649414	1,01171683760025	146,7675604
81752,76465	0,531613827	2,902900879	1,01143297060025	146,729725
81762,76465	0,531673431	2,904080811	1,01145075860025	146,7893657
81772,76465	0,531464815	2,904558594	1,01143595060025	146,8135157
81782,76465	0,53113699	2,900252441	1,01163041060025	146,5958573
81792,76465	0,530958176	2,899337402	1,01147953660025	146,5496059
81802,76465	0,531375408	2,902000488	1,01163907260025	146,6842139
81812,76465	0,530719757	2,897556641	1,01154966560025	146,4595957
81822,76465	0,530689955	2,894818359	1,01144777860025	146,3211868
81832,76465	0,530689955	2,895533203	1,01159343760025	146,3573192
81842,76465	0,531107187	2,898100098	1,01173155260025	146,4870652
81852,76465	0,530302525	2,894176025	1,01158272760025	146,2887194
81862,76465	0,530481339	2,892063965	1,01146882660025	146,1819634
81872,76465	0,530809164	2,896706787	1,01166440360025	146,4166391
81882,76465	0,53113699	2,898384521	1,01151408860025	146,5014416
81892,76465	0,531196594	2,899035156	1,01145988560025	146,5343286
81902,76465	0,531047583	2,900121826	1,01150002560025	146,5892553
81912,76465	0,531703234	2,906509521	1,01155720860025	146,912127
81922,76465	0,531435013	2,9023479	1,01153588160025	146,7017742
81932,76465	0,530540943	2,895394287	1,01152284260025	146,3502976
81942,76465	0,530540943	2,893370361	1,01155432160025	146,2479964
81952,76465	0,530391932	2,890644775	1,01144647460025	146,1102292
81962,76465	0,529885292	2,886727783	1,01149080560025	145,9122414
81972,76465	0,530034304	2,886351318	1,01146882660025	145,8932126
81982,76465	0,530391932	2,888698242	1,01147078260025	146,01184
81992,76465	0,530391932	2,88802124	1,01158272760025	145,9776203
82002,76465	0,530213118	2,887301514	1,01154891960025	145,9412411
82012,76465	0,530391932	2,888274414	1,01163422960025	145,9904172
82022,76465	0,529795885	2,885216064	1,01151418160025	145,8358302
82032,76465	0,530391932	2,892439209	1,01158440360025	146,2009305
82042,76465	0,529617071	2,884793457	1,01143753360025	145,8144691
82052,76465	0,52973628	2,88584668	1,01149238860025	145,8677052
82062,76465	0,530481339	2,891207764	1,01152675460025	146,138686
82072,76465	0,52985549	2,887805176	1,01147301760025	145,9666991
82082,76465	0,530540943	2,893283203	1,01154472960025	146,2435909
82092,76465	0,530779362	2,896453613	1,01157015460025	146,4038422
82102,76465	0,529527664	2,887051758	1,01154845460025	145,928617
82112,76465	0,530064106	2,890229492	1,01150412360025	146,0892384
82122,76465	0,529944897	2,887942383	1,01161597560025	145,9736344
82132,76465	0,529646873	2,88664502	1,01157751160025	145,908058
82142,76465	0,530451536	2,892182617	1,01152125960025	146,1879608
82152,76465	0,529289246	2,88312915	1,01153495060025	145,7303452
82162,76465	0,529140234	2,880612549	1,01146314560025	145,6031414
82172,76465	0,530600548	2,89165918	1,01153904760025	146,1615032
82182,76465	0,529527664	2,886366211	1,01149024660025	145,8939654
82192,76465	0,529795885	2,886951904	1,01150086360025	145,9235698
82202,76465	0,529378653	2,882688721	1,01155273860025	145,7080833
82212,76465	0,529885292	2,886870605	1,01151120160025	145,9194604
82222,76465	0,530183315	2,891905029	1,01154985160025	146,1739299
82232,76465	0,529944897	2,889976807	1,01156689460025	146,0764662
82242,76465	0,529617071	2,885773682	1,01154230760025	145,8640154
82252,76465	0,530451536	2,891888428	1,01154389060025	146,1730908
82262,76465	0,53113699	2,900829102	1,01152610260025	146,6250051
82272,76465	0,52985549	2,889234131	1,01147236560025	146,038927
82282,76465	0,53113699	2,898383301	1,01152787260025	146,5013799
82292,76465	0,530183315	2,89169043	1,01166319360025	146,1630828
82302,76465	0,530689955	2,895043701	1,01162016660025	146,3325769
82312,76465	0,530689955	2,895661865	1,01150403060025	146,3638225
82322,76465	0,530958176	2,898576416	1,01150943160025	146,5111411
82332,76465	0,529617071	2,887706787	1,01160694160025	145,961726
82342,76465	0,528723001	2,876783203	1,01164661560025	145,4095837
82352,76465	0,529438257	2,881429932	1,01163925860025	145,6444567
82362,76465	0,529378653	2,880763428	1,01150999060025	145,6107677
82372,76465	0,529050827	2,878452881	1,01137131660025	145,493979
82382,76465	0,530064106	2,886722656	1,01151334360025	145,9119822
82392,76465	0,530183315	2,886789795	1,01155264560025	145,9153758
82402,76465	0,530302525	2,890851807	1,01158272760025	146,1206938
82412,76465	0,530391932	2,892071533	1,01156885060025	146,182346
82422,76465	0,530600548	2,895673096	1,01154538060025	146,3643902
82432,76465	0,530719757	2,896199707	1,01145308660025	146,3910082
82442,76465	0,530213118	2,890781006	1,01153578860025	146,1171151
82452,76465	0,530213118	2,891266846	1,01142104960025	146,1416723
82462,76465	0,53063035	2,893519287	1,01143455360025	146,255524
82472,76465	0,529319048	2,883079834	1,01153243560025	145,7278525
82482,76465	0,529229641	2,882924561	1,01155720860025	145,7200041
82492,76465	0,529319048	2,88215918	1,01148773260025	145,6813172
82502,76465	0,529617071	2,885154541	1,01150403060025	145,8327204
82512,76465	0,52973628	2,885694336	1,01143837260025	145,8600048
82522,76465	0,529557467	2,884207764	1,01150654460025	145,7848647
82532,76465	0,529438257	2,882022705	1,01155227260025	145,674419
82542,76465	0,528782606	2,876897949	1,01159436860025	145,4153836
82552,76465	0,528633595	2,875086914	1,01152330860025	145,3238432
82562,76465	0,529706478	2,880873779	1,01156167960025	145,6163455
82572,76465	0,530183315	2,887946777	1,01158505560025	145,9738565
82582,76465	0,530391932	2,891499268	1,01145345960025	146,1534203
82592,76465	0,530451536	2,891839355	1,01148437960025	146,1706104
82602,76465	0,53063035	2,893831055	1,01150188860025	146,2712826
82612,76465	0,53101778	2,898251465	1,01154510160025	146,4947162
82622,76465	0,530123711	2,890081299	1,01152675460025	146,0817478
82632,76465	0,530481339	2,893118896	1,01162193560025	146,2352859
82642,76465	0,530868769	2,897806396	1,01136544960025	146,4722198
82652,76465	0,530123711	2,890609619	1,01156288960025	146,1084522
82662,76465	0,530809164	2,89682959	1,01160880460025	146,4228462
82672,76465	0,530481339	2,892495605	1,01156866460025	146,2037811
82682,76465	0,530451536	2,893320313	1,01147059560025	146,2454667
82692,76465	0,53101778	2,896942383	1,01143110760025	146,4285475
82702,76465	0,529885292	2,88530542	1,01153942060025	145,8403467
82712,76465	0,530451536	2,891575439	1,01151054960025	146,1572705
82722,76465	0,530123711	2,890883789	1,01156717360025	146,1223104
82732,76465	0,530213118	2,888817139	1,01159082960025	146,0178497
82742,76465	0,530034304	2,887797363	1,01150039860025	145,9663042
82752,76465	0,529050827	2,880306641	1,01155450760025	145,587679
82762,76465	0,528723001	2,874729004	1,01155674360025	145,3057523
82772,76465	0,530123711	2,8873125	1,01153420560025	145,9417964
82782,76465	0,52946806	2,88344873	1,01159297160025	145,7464987
82792,76465	0,530183315	2,888470947	1,01151883860025	146,0003512
82802,76465	0,529527664	2,883075684	1,01146100360025	145,7276427
82812,76465	0,530600548	2,892799805	1,01155245960025	146,2191571
82822,76465	0,530928373	2,897020752	1,01152256360025	146,4325087
82832,76465	0,530928373	2,896294434	1,01156307660025	146,3957963
82842,76465	0,531047583	2,896695313	1,01152284260025	146,4160591
82852,76465	0,531286001	2,899973877	1,01147338960025	146,581777
82862,76465	0,53063035	2,893582764	1,01170370560025	146,2587325
82872,76465	0,530272722	2,889522461	1,01141173660025	146,0535009
82882,76465	0,529885292	2,887319824	1,01141760360025	145,9421666
82892,76465	0,53063035	2,893550293	1,01152647560025	146,2570912
82902,76465	0,530719757	2,895382813	1,01159930460025	146,3497176
82912,76465	0,529646873	2,887620361	1,01160340260025	145,9573575
82922,76465	0,529944897	2,88920752	1,01151706860025	146,0375819
82932,76465	0,530123711	2,890744873	1,01176340360025	146,1152888
82942,76465	0,529527664	2,885191406	1,01151865260025	145,8345838
82952,76465	0,530481339	2,891179688	1,01146603260025	146,1372669
82962,76465	0,53063035	2,892516602	1,01162445060025	146,2048424
82972,76465	0,531047583	2,896683105	1,01155413560025	146,415442
82982,76465	0,530689955	2,895212891	1,01155683660025	146,3411287
82992,76465	0,530779362	2,89513208	1,01150524060025	146,3370441
83002,76465	0,531196594	2,899440186	1,01147366960025	146,5548011
83012,76465	0,531047583	2,900862793	1,01140791760025	146,6267081
83022,76465	0,530540943	2,896952148	1,01151325060025	146,4290411
83032,76465	0,529944897	2,891639893	1,01158375160025	146,1605283
83042,76465	0,531107187	2,898995361	1,01156316960025	146,5323171
83052,76465	0,530928373	2,898521484	1,01146016460025	146,5083646
83062,76465	0,530809164	2,896665771	1,01142691660025	146,4145659
83072,76465	0,530928373	2,898312012	1,01156847760025	146,4977766
83082,76465	0,530540943	2,895769287	1,01156726760025	146,3692523
83092,76465	0,531762838	2,904919678	1,01150300560025	146,831767
83102,76465	0,53113699	2,900844727	1,01145159660025	146,6257949
83112,76465	0,530123711	2,893854736	1,01151362260025	146,2724796
83122,76465	0,530689955	2,896739014	1,01146640460025	146,418268
83132,76465	0,531196594	2,901899414	1,01162016660025	146,679105
83142,76465	0,530451536	2,894885742	1,01143995560025	146,3245927
83152,76465	0,530302525	2,892105469	1,01165937460025	146,1840613
83162,76465	0,529974699	2,889023193	1,01154463560025	146,0282649
83172,76465	0,529706478	2,887847656	1,01163963060025	145,9688464
83182,76465	0,530362129	2,890965088	1,01147441460025	146,1264197
83192,76465	0,530481339	2,894234131	1,01150738360025	146,2916564
83202,76465	0,530391932	2,892637939	1,01144321460025	146,2109755
83212,76465	0,530451536	2,89400293	1,01157564860025	146,2799702
83222,76465	0,530689955	2,895390137	1,01155460160025	146,3500878
83232,76465	0,530302525	2,894505615	1,01160712760025	146,3053789
83242,76465	0,530213118	2,893251709	1,01169886260025	146,241999
83252,76465	0,530540943	2,895674072	1,01153373960025	146,3644396
83262,76465	0,530689955	2,895074707	1,01149425160025	146,3341441
83272,76465	0,53101778	2,897331787	1,01156875760025	146,4482302
83282,76465	0,531554222	2,902417725	1,01151101560025	146,7053035
83292,76465	0,53063035	2,896536133	1,01156689460025	146,4080132
83302,76465	0,530391932	2,893713135	1,01150626560025	146,2653222
83312,76465	0,530272722	2,892625488	1,01152107360025	146,2103462
83322,76465	0,531464815	2,901346924	1,01161122560025	146,6511789
83332,76465	0,531226397	2,901136719	1,01145718460025	146,6405539
83342,76465	0,530958176	2,899070557	1,01150831460025	146,5361179
83352,76465	0,530928373	2,899221436	1,01139376160025	146,5437442
83362,76465	0,530302525	2,890713379	1,01139348260025	146,1136969
83372,76465	0,530540943	2,892096924	1,01152740660025	146,1836294
83382,76465	0,530302525	2,891885254	1,01159762860025	146,1729303
83392,76465	0,530391932	2,891340332	1,01156056160025	146,1453868
83402,76465	0,529557467	2,884808838	1,01162119060025	145,8152466
83412,76465	0,530481339	2,893530029	1,01166179660025	146,256067
83422,76465	0,530868769	2,896896484	1,01134710260025	146,4262275
83432,76465	0,530272722	2,894256348	1,01158794260025	146,2927794
83442,76465	0,530928373	2,897197998	1,01146118960025	146,4414678
83452,76465	0,53101778	2,899427246	1,01148847760025	146,5541471
83462,76465	0,530689955	2,895770508	1,01158067860025	146,369314
83472,76465	0,530958176	2,898756104	1,01160293660025	146,5202236
83482,76465	0,530034304	2,891973633	1,01156708060025	146,1773975
83492,76465	0,529795885	2,889797119	1,01145178360025	146,0673837
83502,76465	0,530362129	2,891079102	1,01153793060025	146,1321827
83512,76465	0,530183315	2,892217529	1,01124465660025	146,1897255
83522,76465	0,530391932	2,892938721	1,01150123660025	146,2261788
83532,76465	0,530809164	2,89768457	1,01154109660025	146,466062
83542,76465	0,530600548	2,89492749	1,01158151660025	146,3267029
83552,76465	0,531196594	2,902551758	1,01161374060025	146,7120783
83562,76465	0,530809164	2,90004248	1,01150617260025	146,5852447
83572,76465	0,53101778	2,900058594	1,01154696460025	146,5860591
83582,76465	0,530868769	2,899894043	1,01149657960025	146,5777418
83592,76465	0,531435013	2,901877441	1,01171525460025	146,6779944
83602,76465	0,530540943	2,893393555	1,01149499660025	146,2491688
83612,76465	0,53113699	2,898906006	1,01153709260025	146,5278005
83622,76465	0,530481339	2,893087402	1,01143157360025	146,233694
83632,76465	0,530809164	2,897530273	1,01148559060025	146,4582629
83642,76465	0,530958176	2,898952637	1,01146780160025	146,5301575
83652,76465	0,531673431	2,905377441	1,01153988660025	146,854905
83662,76465	0,531286001	2,901440186	1,01154724360025	146,6558929
83672,76465	0,531375408	2,901910889	1,01153746460025	146,679685
83682,76465	0,53063035	2,895352539	1,01152759260025	146,3481874
83692,76465	0,531375408	2,90008667	1,01137345860025	146,5874783
83702,76465	0,531673431	2,903333496	1,01162556760025	146,751592
83712,76465	0,53152442	2,901522705	1,01158822160025	146,6600639
83722,76465	0,530928373	2,896959717	1,01169122660025	146,4294236
83732,76465	0,531047583	2,896972168	1,01162817560025	146,430053
83742,76465	0,530123711	2,88942627	1,01146184160025	146,0486388
83752,76465	0,53101778	2,896800293	1,01151902460025	146,4213654
83762,76465	0,531196594	2,898129639	1,01153616060025	146,4885584
83772,76465	0,530958176	2,898175293	1,01155087560025	146,490866
83782,76465	0,530302525	2,891549805	1,01148447260025	146,1559748
83792,76465	0,530451536	2,890881104	1,01133359860025	146,1221747
83802,76465	0,530689955	2,893218994	1,01147338960025	146,2403454
83812,76465	0,530540943	2,892159912	1,01159399660025	146,1868132
83822,76465	0,53063035	2,891406006	1,01153252860025	146,1487063
83832,76465	0,530391932	2,889969727	1,01147767360025	146,0761083
83842,76465	0,53101778	2,896180908	1,01149061960025	146,390058
83852,76465	0,530779362	2,894664063	1,01157015460025	146,3133877
83862,76465	0,53113699	2,898047607	1,01162053860025	146,484412
83872,76465	0,530868769	2,895848389	1,01163199360025	146,3732505
83882,76465	0,53063035	2,895715088	1,01150049160025	146,3665127
83892,76465	0,530362129	2,891029541	1,01153886160025	146,1296776
83902,76465	0,530719757	2,894384521	1,01165499760025	146,2992581
83912,76465	0,530540943	2,894346924	1,01149117760025	146,2973577
83922,76465	0,530928373	2,897181641	1,01153308760025	146,440641
83932,76465	0,530868769	2,896822998	1,01162240160025	146,422513
83942,76465	0,531047583	2,896036621	1,01146118960025	146,3827649
83952,76465	0,530868769	2,896682129	1,01153709260025	146,4153927
83962,76465	0,531673431	2,90280835	1,01149946660025	146,725048
83972,76465	0,532090664	2,907860107	1,01161997960025	146,9803936
83982,76465	0,531107187	2,898950195	1,01155413560025	146,5300341
83992,76465	0,530809164	2,896199463	1,01146556660025	146,3909959
84002,76465	0,530362129	2,892213867	1,01144144560025	146,1895404
84012,76465	0,531047583	2,896531738	1,01153429860025	146,4077911
84022,76465	0,530600548	2,894390381	1,01159846660025	146,2995542
84032,76465	0,530600548	2,893560791	1,01148763860025	146,2576219
84042,76465	0,530391932	2,89167334	1,01148046760025	146,162219
84052,76465	0,530779362	2,89285083	1,01156186560025	146,2217363
84062,76465	0,531107187	2,897573242	1,01163078360025	146,4604348
84072,76465	0,530213118	2,89094043	1,01153942060025	146,1251734
84082,76465	0,530958176	2,895737061	1,01148298260025	146,3676234
84092,76465	0,530391932	2,890639404	1,01150943160025	146,1099578
84102,76465	0,530481339	2,892650391	1,01153755760025	146,2116049
84112,76465	0,530362129	2,89161377	1,01151157360025	146,1592079
84122,76465	0,531047583	2,89619458	1,01151362260025	146,3907491
84132,76465	0,531375408	2,899277588	1,01146938560025	146,5465825
84142,76465	0,530958176	2,898337158	1,01145299360025	146,4990476
84152,76465	0,530540943	2,894867432	1,01149080560025	146,3236672
84162,76465	0,531196594	2,90128418	1,01136442460025	146,6480075
84172,76465	0,530809164	2,900212158	1,01156298260025	146,5938212
84182,76465	0,530064106	2,891546143	1,01146882660025	146,1557897
84192,76465	0,530391932	2,891739746	1,01148763860025	146,1655755
84202,76465	0,52973628	2,889578613	1,01149657960025	146,0563391
84212,76465	0,530600548	2,894886475	1,01151082860025	146,3246297
84222,76465	0,530362129	2,894082764	1,01157415860025	146,2840054
84232,76465	0,530213118	2,891886963	1,01152917560025	146,1730167
84242,76465	0,530302525	2,890603271	1,01163562660025	146,1081314
84252,76465	0,530213118	2,888677246	1,01149630060025	146,0107787
84262,76465	0,530809164	2,895929199	1,01151846560025	146,3773352
84272,76465	0,531196594	2,899882568	1,01159259960025	146,5771618
84282,76465	0,531464815	2,901419434	1,01135622960025	146,654844
84292,76465	0,531047583	2,896486572	1,01161616160025	146,4055081
84302,76465	0,531107187	2,89876416	1,01157536960025	146,5206308
84312,76465	0,530689955	2,895477783	1,01161755860025	146,354518
84322,76465	0,530779362	2,894919678	1,01154957160025	146,326308
84332,76465	0,531047583	2,897858887	1,01145504260025	146,474873
84342,76465	0,531435013	2,903319092	1,01146687060025	146,7508639
84352,76465	0,530928373	2,898646729	1,01153942060025	146,5146951
84362,76465	0,531792641	2,906890625	1,01144125960025	146,9313903
84372,76465	0,530868769	2,898483154	1,01152898960025	146,5064271
84382,76465	0,530779362	2,897743408	1,01149657960025	146,469036
84392,76465	0,531226397	2,900494141	1,01148922260025	146,6080742
84402,76465	0,530451536	2,893490234	1,01148884960025	146,2540555
84412,76465	0,530123711	2,891043701	1,01145280760025	146,1303933
84422,76465	0,529974699	2,888505859	1,01152964160025	146,0021158
84432,76465	0,530391932	2,890891602	1,01145541560025	146,1227053
84442,76465	0,53063035	2,893861572	1,01148586960025	146,2728251
84452,76465	0,531792641	2,905772705	1,01152722060025	146,874884
84462,76465	0,531107187	2,899332764	1,01139432060025	146,5493714
84472,76465	0,53152442	2,90380957	1,01157285460025	146,7756556
84482,76465	0,530540943	2,894932373	1,01144824460025	146,3269497
84492,76465	0,531196594	2,89812085	1,01156540460025	146,4881141
84502,76465	0,531554222	2,900732422	1,01158924660025	146,6201184
84512,76465	0,530719757	2,893368164	1,01151380960025	146,2478854
84522,76465	0,53101778	2,89775	1,01152284260025	146,4693692
84532,76465	0,530809164	2,895258545	1,01151623060025	146,3434364
84542,76465	0,530540943	2,893631836	1,01162584760025	146,2612129
84552,76465	0,531047583	2,898341064	1,01151827960025	146,4992451
84562,76465	0,530868769	2,895410889	1,01148819760025	146,3511367
84572,76465	0,531464815	2,900065918	1,01163283260025	146,5864293
84582,76465	0,531375408	2,898717041	1,01150784860025	146,5182491
84592,76465	0,530868769	2,895645264	1,01154780260025	146,3629834
84602,76465	0,530868769	2,894950439	1,01141676560025	146,3278629
84612,76465	0,531047583	2,896758057	1,01152423960025	146,4192305
84622,76465	0,531286001	2,898737061	1,01141294660025	146,519261
84632,76465	0,531375408	2,89904126	1,01162985160025	146,5346371
84642,76465	0,53063035	2,892229492	1,01160936260025	146,1903302
84652,76465	0,530064106	2,886238281	1,01133043160025	145,8874991
84662,76465	0,531107187	2,896245361	1,01146156160025	146,3933159
84672,76465	0,53101778	2,895499023	1,01169849060025	146,3555916
84682,76465	0,53152442	2,904233398	1,01155087560025	146,7970784
84692,76465	0,530719757	2,895279297	1,01160135360025	146,3444853
84702,76465	0,531196594	2,899914795	1,01162817560025	146,5787907
84712,76465	0,531971455	2,906306641	1,01152628860025	146,9018723
84722,76465	0,530302525	2,891471436	1,01148326160025	146,1520135
84732,76465	0,531435013	2,900301514	1,01158980560025	146,5983377
84742,76465	0,53101778	2,896676758	1,01153485760025	146,4151212
84752,76465	0,530779362	2,895575439	1,01146398360025	146,3594541
84762,76465	0,530719757	2,893803955	1,01155832660025	146,2699128
84772,76465	0,530809164	2,895664551	1,01146975760025	146,3639583
84782,76465	0,530868769	2,895945801	1,01151688260025	146,3781743
84792,76465	0,531345606	2,898470703	1,01144125960025	146,5057978
84802,76465	0,531435013	2,901790039	1,01160358860025	146,6735766
84812,76465	0,530868769	2,897612305	1,01156093460025	146,4624093
84822,76465	0,531613827	2,901455322	1,01152004860025	146,656658
84832,76465	0,530183315	2,891300293	1,01157350660025	146,143363
84842,76465	0,530958176	2,896174316	1,01150198160025	146,3897248
84852,76465	0,531345606	2,899300049	1,01161560260025	146,5477178
84862,76465	0,531971455	2,906460449	1,01164745360025	146,9096466
84872,76465	0,530719757	2,897436279	1,01165322860025	146,4535119
84882,76465	0,530213118	2,893880127	1,01162677860025	146,273763
84892,76465	0,530779362	2,897230469	1,01143678860025	146,443109
84902,76465	0,530868769	2,896846436	1,01159716260025	146,4236977
84912,76465	0,530689955	2,89655835	1,01141490260025	146,4091362
84922,76465	0,530451536	2,894408936	1,01156428660025	146,3004921
84932,76465	0,530034304	2,890520508	1,01164149360025	146,103948
84942,76465	0,530600548	2,89451123	1,01150589260025	146,3056627
84952,76465	0,530272722	2,891536621	1,01149341360025	146,1553084
84962,76465	0,53063035	2,893834473	1,01167744260025	146,2714554
84972,76465	0,530958176	2,896804932	1,01156773260025	146,4215999
84982,76465	0,531464815	2,903607178	1,01154007260025	146,7654255
84992,76465	0,530809164	2,896365967	1,01149965360025	146,399412
85002,76465	0,530451536	2,893091064	1,01139143360025	146,2338791
85012,76465	0,530928373	2,897870117	1,01155357660025	146,4754406
85022,76465	0,531226397	2,898936523	1,01158468260025	146,5293431
85032,76465	0,530689955	2,895618652	1,01158151660025	146,3616383
85042,76465	0,530928373	2,895211426	1,01145904760025	146,3410547
85052,76465	0,530362129	2,892195801	1,01156465960025	146,1886272
85062,76465	0,530302525	2,89007251	1,01150607960025	146,0813036
85072,76465	0,530540943	2,893118652	1,01156549760025	146,2352736
85082,76465	0,530958176	2,89413208	1,01153904760025	146,2864982
85092,76465	0,530213118	2,889601807	1,01153839660025	146,0575115
85102,76465	0,530481339	2,891925293	1,01152833760025	146,1749542
85112,76465	0,531196594	2,895990723	1,01156354160025	146,3804449
85122,76465	0,530928373	2,895276855	1,01156791860025	146,3443619
85132,76465	0,530928373	2,894424316	1,01155283160025	146,3012695
85142,76465	0,531375408	2,898842773	1,01151827960025	146,5246044
85152,76465	0,531286001	2,898253418	1,01158933960025	146,4948149
85162,76465	0,531107187	2,896213379	1,01144116560025	146,3916993
85172,76465	0,532597303	2,910864258	1,01165658060025	147,1322411
85182,76465	0,530809164	2,89774707	1,01160582360025	146,4692211
85192,76465	0,530689955	2,896493896	1,01162417060025	146,4058783
85202,76465	0,531792641	2,903800049	1,01151492660025	146,7751743
85212,76465	0,531435013	2,902638184	1,01163478760025	146,7164468
85222,76465	0,531226397	2,900581543	1,01142337760025	146,6124921
85232,76465	0,531375408	2,90044043	1,01140195760025	146,6053594
85242,76465	0,531852245	2,904498535	1,01160722060025	146,8104799
85252,76465	0,53063035	2,893127686	1,01150794160025	146,2357302
85262,76465	0,531345606	2,898653564	1,01146780160025	146,5150407
85272,76465	0,531792641	2,903468994	1,01161821060025	146,7584409
85282,76465	0,53101778	2,896849365	1,01158188860025	146,4238458
85292,76465	0,530928373	2,894065918	1,01153550860025	146,283154
85302,76465	0,531286001	2,898664307	1,01149648660025	146,5155836
85312,76465	0,530928373	2,894807373	1,01138649760025	146,3206315
85322,76465	0,530391932	2,890244629	1,01145522860025	146,0900035
85332,76465	0,530719757	2,893162354	1,01158272760025	146,2374825
85342,76465	0,530302525	2,888585205	1,01150682460025	146,0061264
85352,76465	0,531286001	2,89833374	1,01150188860025	146,4988749
85362,76465	0,531107187	2,898333984	1,01162919960025	146,4988872
85372,76465	0,530272722	2,892299561	1,01153727860025	146,1938718
85382,76465	0,530451536	2,890845215	1,01153495060025	146,1203606
85392,76465	0,53063035	2,893030762	1,01157555560025	146,2308311
85402,76465	0,530123711	2,888778076	1,01147413460025	146,0158753
85412,76465	0,531196594	2,89639624	1,01147143360025	146,4009422
85422,76465	0,530481339	2,891421875	1,01149779060025	146,1495084
85432,76465	0,530600548	2,891135254	1,01139161960025	146,1350209
85442,76465	0,52973628	2,885100342	1,01144703360025	145,8299809
85452,76465	0,530689955	2,893187256	1,01143352960025	146,2387412
85462,76465	0,530451536	2,892239746	1,01163506760025	146,1908485
85472,76465	0,53063035	2,894585449	1,01142896560025	146,3094141
85482,76465	0,530362129	2,891372559	1,01156838460025	146,1470157
85492,76465	0,529795885	2,887337891	1,01156875760025	145,9430798
85502,76465	0,529557467	2,881263428	1,01144815060025	145,6360406
85512,76465	0,529706478	2,882510498	1,01149648660025	145,6990749
85522,76465	0,529289246	2,877593506	1,01141518260025	145,4505411
85532,76465	0,529617071	2,880274414	1,01160992160025	145,58605
85542,76465	0,530034304	2,882961914	1,01155488060025	145,7218921
85552,76465	0,530183315	2,886005371	1,01142077060025	145,8757264
85562,76465	0,530809164	2,892530518	1,01155283160025	146,2055458
85572,76465	0,530689955	2,893944336	1,01143576460025	146,2770085
85582,76465	0,530034304	2,88889209	1,01162277360025	146,0216382
85592,76465	0,529646873	2,882861572	1,01153923460025	145,7168203
85602,76465	0,529885292	2,884220947	1,01142328460025	145,7855311
85612,76465	0,529229641	2,881254639	1,01145616060025	145,6355964
85622,76465	0,528395176	2,871446777	1,01150477560025	145,1398492
85632,76465	0,529140234	2,878513428	1,01158226160025	145,4970394
85642,76465	0,529319048	2,879373535	1,01148857060025	145,5405143
85652,76465	0,529378653	2,880320068	1,01159585860025	145,5883577
85662,76465	0,530123711	2,885548828	1,01154566060025	145,85265
85672,76465	0,529795885	2,883911133	1,01151511260025	145,7698713
85682,76465	0,529378653	2,880435547	1,01148549660025	145,5941946
85692,76465	0,529199839	2,878108887	1,01152573060025	145,4765915
85702,76465	0,52985549	2,884814697	1,01159455460025	145,8155427
85712,76465	0,530123711	2,887205322	1,01160414760025	145,936379
85722,76465	0,529140234	2,880467285	1,01164363560025	145,5957989
85732,76465	0,530123711	2,887610107	1,01164419460025	145,9568392
85742,76465	0,529646873	2,884863281	1,01138547260025	145,8179984
85752,76465	0,530362129	2,890101074	1,01147236560025	146,0827474
85762,76465	0,530123711	2,890831543	1,01164577760025	146,1196696
85772,76465	0,529378653	2,881361084	1,01153308760025	145,6409767
85782,76465	0,529289246	2,878936035	1,01144228360025	145,5184005
85792,76465	0,529527664	2,882378174	1,01148745260025	145,6923865
85802,76465	0,529140234	2,880612793	1,01170948060025	145,6031537
85812,76465	0,529795885	2,886108398	1,01149844260025	145,880934
85822,76465	0,529885292	2,889200439	1,01152787260025	146,037224
85832,76465	0,52985549	2,885775391	1,01143110760025	145,8641018
85842,76465	0,530183315	2,890766113	1,01153942060025	146,1163624
85852,76465	0,529289246	2,885703857	1,01161010760025	145,8604861
85862,76465	0,529885292	2,88989624	1,01150291260025	146,0723939
85872,76465	0,529438257	2,884093506	1,01147320360025	145,7790895
85882,76465	0,52946806	2,88343042	1,01159408960025	145,7455732
85892,76465	0,529527664	2,885410645	1,01153914160025	145,8456654
85902,76465	0,529050827	2,880710693	1,01147720860025	145,6081022
85912,76465	0,528723001	2,877540527	1,01157052660025	145,4478633
85922,76465	0,52946806	2,882904541	1,01153411160025	145,7189922
85932,76465	0,52973628	2,885233643	1,01158729060025	145,8367187
85942,76465	0,529706478	2,88591748	1,01143595060025	145,8712839
85952,76465	0,529646873	2,888325684	1,01159399660025	145,9930087
85962,76465	0,529319048	2,884342529	1,01152833760025	145,7916766
85972,76465	0,529557467	2,885405273	1,01144144560025	145,8453939
85982,76465	0,529557467	2,884824219	1,01153811660025	145,816024
85992,76465	0,529974699	2,888411377	1,01151734860025	145,9973401
86002,76465	0,530928373	2,897981934	1,01157127160025	146,4810925
86012,76465	0,530451536	2,893271484	1,01142775460025	146,2429986
86022,76465	0,530064106	2,891753662	1,01145727760025	146,1662789
86032,76465	0,52973628	2,88634082	1,01161038760025	145,892682
86042,76465	0,529229641	2,883371338	1,01148857060025	145,7425868
86052,76465	0,52973628	2,885329346	1,01165862960025	145,8415561
86062,76465	0,52896142	2,880932129	1,01147460060025	145,6192948
86072,76465	0,52896142	2,878039307	1,01146724360025	145,4730745
86082,76465	0,528663397	2,876677734	1,01143650960025	145,4042526
86092,76465	0,529229641	2,879387939	1,01145699860025	145,5412424
86102,76465	0,529706478	2,882251221	1,01153886160025	145,6859695
86112,76465	0,529199839	2,878540283	1,01142151560025	145,4983968
86122,76465	0,529885292	2,885392578	1,01153346060025	145,8447522
86132,76465	0,529885292	2,885543457	1,01149844260025	145,8523785
86142,76465	0,529557467	2,883322754	1,01149006060025	145,7401311
86152,76465	0,52985549	2,885849365	1,01161234360025	145,8678409
86162,76465	0,529974699	2,888925293	1,01153364660025	146,0233165
86172,76465	0,530213118	2,889367188	1,01152526460025	146,0456524
86182,76465	0,529974699	2,888327148	1,01155683660025	145,9930827
86192,76465	0,529795885	2,887090576	1,01155618460025	145,9305791
86202,76465	0,530064106	2,889479492	1,01152386760025	146,051329
86212,76465	0,530034304	2,88965918	1,01145420460025	146,0604114
86222,76465	0,529706478	2,886845459	1,01160014260025	145,9181894
86232,76465	0,528991222	2,881029541	1,01163041060025	145,6242186
86242,76465	0,529378653	2,881263428	1,01145550860025	145,6360406
86252,76465	0,529378653	2,881235107	1,01153569560025	145,6346091
86262,76465	0,530034304	2,886340576	1,01156931560025	145,8926696
86272,76465	0,529944897	2,886241943	1,01158114360025	145,8876842
86282,76465	0,530540943	2,894641846	1,01144740560025	146,3122647
86292,76465	0,531047583	2,898947998	1,01150021160025	146,5299231
86302,76465	0,530064106	2,888895996	1,01159082960025	146,0218356
86312,76465	0,530958176	2,898015137	1,01145671960025	146,4827708
86322,76465	0,530600548	2,893677979	1,01172344960025	146,2635452
86332,76465	0,531047583	2,897489258	1,01149182960025	146,4561897
86342,76465	0,530183315	2,889776123	1,01149229560025	146,0663224
86352,76465	0,529199839	2,881667725	1,01144675360025	145,6564762
86362,76465	0,530809164	2,894978516	1,01158570760025	146,329282
86372,76465	0,530183315	2,890892578	1,01150030460025	146,1227547
86382,76465	0,530123711	2,889385498	1,01153886160025	146,0465779
86392,76465	0,530540943	2,891673584	1,01144535660025	146,1622313
86402,76465	0,530272722	2,889700684	1,01141778960025	146,0625093
