BAM 5.2 *RELAX01-V03* VH5204_B_04.lis
-------------------------------------

Versuchsbezeichnung                 				RELAX-Versuch
Versuchs-Datum                      				20.10.2022
Projekt                             				VH5204
Werkstoff                           				CuZn21Si3P
Bearbeiter                          				NN
Prüfmaschine                        				M33
Probenbezeichnung                   				B_04
Probenform                          				ZUG 005.004
Probenquerschnitt                   			mm²	19,677
Prüftemperatur                      			°C	100
Prüfgeschwindigkeit 1               			%/s	0,025
Anfangsmesslänge                    			mm	25
Steigung des elastischen Teils (mE)    			GPa	86,1
Dehngrenze (Rp0,2)                  			MPa	377
Anfangsdehnung                      			%	1,00
Anfangsspannung                     			MPa	475
Belastungszeit t                    			s	86400
Restspannung                        			MPa	424
-



-
[Daten]
Zeit	Weg	Kraft	Dehnung	Spannung
sec	mm	kN	%	MPa
-39,74804688	0	0,249880554	0,00890617778083944	12,6991184631804
-39,57617188	0,00664590000002363	0,299901031	0,0132724749321481	15,2411968796056
-39,421875	0,0130533999999898	0,350213226	0,0168602285420567	17,7981006250953
-39,29296875	0,018954199999996	0,400371185	0,0198425791818007	20,3471659805865
-39,1640625	0,024735899999996	0,450649658	0,0234325919035454	22,9023559485694
-39,0234375	0,0306069000000093	0,500765411	0,0270771733266859	25,4492763632668
-38,87304688	0,0363588000000163	0,551304626	0,0307499061434466	28,0177174366011
-38,73632813	0,0416337999999996	0,60137323	0,0344154536045	30,5622417035117
-38,59375	0,0470280000000116	0,651838806	0,0378218672372658	33,1269403872542
-38,45703125	0,0522434000000089	0,70197168	0,0411796284615188	35,6747309041012
-38,33007813	0,0572799999999916	0,752084106	0,0443193798933086	38,2214822381461
-38,20703125	0,0623165999999742	0,802208557	0,0475680617176417	40,7688446917721
-38,08203125	0,067114800000013	0,852427246	0,0506415748703393	43,3209963917264
-37,95703125	0,0720620000000167	0,902513611	0,0534954491499268	45,86642328607
-37,84570313	0,0766515000000254	0,952541016	0,0563271383312523	48,4088537886873
-37,73242188	0,0813304999999787	1,002910461	0,0594423225468546	50,9686670224119
-37,609375	0,0859796999999958	1,053331909	0,0625055881922546	53,5311230878691
-37,48828125	0,0906883999999764	1,103705322	0,0655016495107387	56,0911379783504
-37,37695313	0,0951886000000286	1,154172852	0,0683211700896638	58,6559359658485
-37,265625	0,0995694999999728	1,20424707	0,0711679800195342	61,2007455404787
-37,1484375	0,104099500000018	1,254670044	0,0740200062076328	63,7632791584083
-37,03125	0,108420799999976	1,30490332	0,0770642829129951	66,3161721807186
-36,91796875	0,112861399999986	1,355096436	0,0799331319338994	68,8670242415002
-36,79492188	0,11727209999998	1,405170166	0,0829726534038561	71,411809015602
-36,68164063	0,121563600000002	1,455397095	0,0856337601405849	73,964379478579
-36,57226563	0,125884999999982	1,505474976	0,0885288084584721	76,5093752096356
-36,45507813	0,130265899999984	1,555886475	0,091385269866134	79,0713256593993
-36,34375	0,134378599999991	1,606283569	0,0942214102678149	81,6325440361844
-36,22265625	0,138848999999993	1,65650293	0,0973396966369877	84,1847298876861
-36,10351563	0,142931900000008	1,70668811	0,100638661950579	86,7351786349545
-35,97070313	0,147163799999987	1,756854248	0,103799634432906	89,2846596534025
-35,84375	0,151515000000018	1,806876099	0,106836129753055	91,8268078975454
-35,72460938	0,155657500000018	1,856971436	0,109760859540308	94,3726907557046
-35,59765625	0,159829800000011	1,907180664	0,113006004189535	96,924361640494
-35,47851563	0,164091499999984	1,957435059	0,116281709351645	99,4783279463333
-35,3515625	0,168263899999999	2,007585449	0,119233554481229	102,027008639528
-35,23242188	0,172287200000028	2,057895996	0,122202944479363	104,583828632413
-35,1171875	0,176221100000021	2,107999023	0,125111492465545	107,13010230218
-34,98242188	0,180661600000008	2,158331543	0,128641251204447	109,688038979519
-34,85546875	0,184655099999986	2,208420898	0,131763385764122	112,233617827921
-34,7265625	0,188946699999974	2,258889893	0,135082248062704	114,798490267825
-34,59375	0,192910400000017	2,30915918	0,1384352570517	117,353213396351
-34,45117188	0,197142299999996	2,359180176	0,142053449168451	119,895318188748
-34,31835938	0,201195400000017	2,409308105	0,145504322002147	122,442857396961
-34,1796875	0,205397600000026	2,459405762	0,148597770141716	124,988858159272
-34,06054688	0,209242099999983	2,509629883	0,151682369843248	127,541285917569
-33,9296875	0,213354799999991	2,559708252	0,155052294669654	130,086306449154
-33,78515625	0,217497299999991	2,609812988	0,158657005119002	132,632666971591
-33,640625	0,221609999999998	2,66012915	0,162258119390323	135,189772323017
-33,50390625	0,22566310000002	2,710358887	0,165702832919106	137,742485490674
-33,36132813	0,229716300000007	2,760761719	0,169186314367074	140,303995476953
-33,23242188	0,233620400000007	2,810938232	0,172518251312909	142,854003760736
-33,0859375	0,237911900000029	2,860943604	0,176214585298034	145,395314529654
-32,94335938	0,241756399999986	2,911254883	0,17984331493644	147,952171723332
-32,80859375	0,245809500000007	2,961561035	0,183237221950072	150,508768358998
-32,66796875	0,249832799999979	3,011639648	0,186626158717654	153,053801290847
-32,53320313	0,253736899999979	3,06182373	0,190084027897701	155,604194236926
-32,38671875	0,257819799999993	3,111831787	0,193886678145957	158,145641459572
-32,23828125	0,261843199999987	3,162189453	0,197472027636851	160,704856075621
-32,10351563	0,265747299999987	3,212216064	0,200745043665837	163,247246226559
-31,95703125	0,269859999999994	3,262512695	0,204565750807991	165,803358997815
-31,80859375	0,27382369999998	3,312812256	0,208345174906449	168,359620673883
-31,66015625	0,277906599999994	3,362934082	0,212140572795682	170,906849723027
-31,49804688	0,281959700000016	3,413320068	0,216095909602608	173,467503582863
-31,34960938	0,285834000000023	3,463460205	0,219696323839275	176,015663210855
-31,15625	0,290006399999982	3,513570801	0,224597232456251	178,562321542918
-31,00976563	0,293940299999974	3,563614502	0,228131800433232	181,105580220562
-30,85742188	0,297874200000024	3,613782715	0,232137826749517	183,655166692077
-30,69726563	0,301897499999995	3,664284668	0,236253498493743	186,221714082431
-30,53710938	0,305950600000017	3,714390625	0,2401687163146	188,768136657011
-30,38085938	0,309914300000003	3,764558838	0,244184312104617	191,317723128526
-30,2109375	0,313997200000017	3,814628662	0,248291159411994	193,862309396758
-30,04296875	0,318050299999982	3,864912109	0,252500945815318	196,417752147177
-30	0,319212600000014	3,880035889	0,253597096079676	197,186354068201
-29,89257813	0,321954399999981	3,915124023	0,256381911940562	198,969559536515
-29,72851563	0,326007600000025	3,965418701	0,26044719719043	201,525573054836
-29,57617188	0,330030899999997	4,015489502	0,264110618546232	204,070208974945
-29,41992188	0,334084000000018	4,065881104	0,268326762264272	206,631148244143
-29,25	0,338226500000019	4,116446289	0,272283565143776	209,20090913249
-29,08789063	0,342279599999983	4,166519531	0,276510093375895	211,745669106063
-28,9140625	0,346362499999998	4,216604004	0,280947180031602	214,290999847538
-28,74023438	0,350415699999985	4,266859375	0,285067928027125	216,845015754434
-28,58007813	0,354468800000006	4,317133789	0,289239691548146	219,399999440972
-28,40820313	0,358492099999978	4,367262207	0,29342304964315	221,947563500534
-28,23828125	0,362485600000014	4,417323242	0,297718359280258	224,491703105148
-28,06640625	0,366538699999978	4,467355957	0,302168043559604	227,034403465975
-27,88671875	0,370651399999986	4,51755957	0,306610788495421	229,585788992224
-27,69921875	0,374794000000009	4,567711426	0,311286724975267	232,134544188647
-27,52148438	0,378787499999987	4,61773291	0,315642922626605	234,676673781572
-27,34179688	0,382900199999995	4,668068848	0,320132095860831	237,234784164253
-27,11914063	0,387161900000024	4,718207031	0,325539040528863	239,782844488489
-26,95898438	0,391125600000009	4,768463379	0,329859752423497	242,336910047263
-26,76953125	0,395268199999975	4,818726563	0,334625985373423	244,89132301672
-26,57617188	0,399500100000012	4,868895508	0,339298522684994	247,440946689028
-26,40039063	0,403523399999983	4,918964355	0,343881345555298	249,985483305382
-26,20117188	0,407695699999977	4,969213379	0,348768376485266	252,539176652945
-26,01367188	0,411808399999984	5,019335449	0,353568418108873	255,086418102353
-25,82421875	0,416040399999986	5,069390625	0,358276067158633	257,630259948163
-25,63867188	0,420182899999986	5,119632813	0,362816698940288	260,183605885043
-25,43945313	0,424384999999972	5,169668945	0,367877384466939	262,726479900391
-25,25195313	0,428467899999987	5,219899902	0,372534204000409	265,27925506937
-25,05273438	0,432759499999975	5,270012207	0,377521077873051	267,826000254104
-24,84375	0,437050999999997	5,320098633	0,382933517813124	270,371430248513
-24,640625	0,441253099999983	5,370397461	0,388039723593231	272,927654672968
-24,4140625	0,445574500000021	5,42046875	0,393584650091983	275,472315393607
-24,22265625	0,449717000000021	5,470539063	0,398374609216461	278,016926513188
-24,02148438	0,4539489	5,520812012	0,403411823581184	280,571835747319
-23,796875	0,45838950000001	5,57095459	0,408756576170428	283,120119428775
-23,60546875	0,46253200000001	5,621368164	0,413802870984674	285,682175331605
-23,3984375	0,466763899999989	5,671667969	0,418976950124817	288,238449407938
-23,18164063	0,471144900000013	5,721973633	0,424717394302572	290,795021243076
-22,93945313	0,475615199999993	5,772154297	0,430439351565141	293,345240483814
-22,72460938	0,479847099999972	5,822213867	0,435746522293915	295,889305636022
-22,5078125	0,484138700000017	5,87251123	0,441307911607651	298,44545560807
-22,28515625	0,488430199999982	5,922693359	0,44686436367697	300,995749301215
-22,06640625	0,49275160000002	5,972725586	0,452382164832896	303,538424861513
-21,828125	0,497192100000007	6,022828125	0,458359269726419	306,084673730752
-21,59179688	0,501513400000022	6,072975098	0,464158250802013	308,633180769426
-21,37695313	0,505834800000002	6,123272949	0,469726484454573	311,189355542003
-21,15039063	0,510275299999989	6,173476074	0,475089025924448	313,740716267724
-20,92382813	0,514686100000006	6,223845215	0,480812100242316	316,300514051939
-20,6953125	0,519156399999986	6,273943848	0,486583372946222	318,846564415307
-20,46484375	0,523626799999988	6,324132324	0,492529975329733	321,397180667785
-20,20507813	0,528186500000004	6,374214355	0,498855272460334	323,942387304975
-20	0,532120399999997	6,418281738	0,504078901053398	326,181924988565
-19,97265625	0,532627100000013	6,424259766	0,504816824583925	326,485732886111
-19,72851563	0,537127199999986	6,474323242	0,510754858543261	329,029996544189
-19,4765625	0,541716800000017	6,524393066	0,517100040658258	331,574582812421
-19,19726563	0,546187099999997	6,574475098	0,524021739313412	334,119789500432
-18,96484375	0,550687299999993	6,624505859	0,530081224285118	336,662390557504
-18,703125	0,555306599999994	6,674543945	0,536600246005957	339,205363876607
-18,44726563	0,559776999999997	6,724558105	0,542974812575616	341,747121258322
-18,18359375	0,564485699999977	6,774680176	0,549355712458803	344,294362758551
-17,92382813	0,569105100000002	6,825047852	0,556189583766109	346,854086090359
-17,65820313	0,573575500000004	6,875178223	0,562704088263324	349,401749402856
-17,3828125	0,57837360000002	6,925257324	0,569556633495074	351,946807135234
-17,14648438	0,582724799999994	6,975312988	0,575446470068423	354,490673781572
-16,86132813	0,58752290000001	7,025652832	0,582597285065864	357,048982670122
-16,578125	0,592291299999999	7,075716797	0,589579290706484	359,59327117955
-16,3046875	0,596940500000017	7,125866699	0,596620298267964	362,141927072216
-16,04101563	0,601649199999997	7,176005859	0,603136898868946	364,690037048331
-15,75195313	0,606477200000029	7,226194824	0,610448794840619	367,240678152157
-15,47460938	0,611185999999975	7,276518066	0,617345906278595	369,79814331453
-15,19140625	0,615954400000021	7,326715332	0,624508456857001	372,349206281445
-14,87890625	0,621020799999997	7,377171387	0,632199233584971	374,913421100778
-14,60351563	0,625759300000027	7,427372559	0,639135089940995	377,464682573563
-14,29296875	0,630706499999974	7,477655762	0,646938888264042	380,020112923718
-14,0078125	0,635355699999991	7,527775879	0,654071682369368	382,567255120191
-13,71679688	0,640213399999993	7,577873047	0,661396897000374	385,113231031153
-13,41210938	0,645160599999997	7,627977051	0,668944056618653	387,659554352798
-13,09765625	0,650256800000022	7,678098633	0,676587054981381	390,206771001677
-12,79101563	0,655293400000005	7,728210449	0,684418421669186	392,753491335061
-12,49804688	0,660091599999987	7,778243164	0,691892980693409	395,296191695889
-12,17382813	0,665187800000012	7,828450195	0,699864845336494	397,847750927479
-11,859375	0,670194600000002	7,87849707	0,707887748506214	400,3911709102
-11,53515625	0,675290800000028	7,928562988	0,716002344215127	402,935558672562
-11,21679688	0,680357200000003	7,978715332	0,723763486426505	405,484338669513
-10,89648438	0,685483200000021	8,028891602	0,731900854262741	408,034334603852
-10,546875	0,690698600000019	8,079007324	0,740602958055941	410,581253443106
-10,24023438	0,695735200000001	8,129018555	0,74827771499086	413,122861970829
-10	0,699460499999986	8,16529541	0,754269582615204	414,96647913808
-9,89453125	0,700950599999999	8,179066895	0,757024151978752	415,666356405956
-9,548828125	0,706076600000017	8,229206055	0,765403396788983	418,21446638207
-9,22265625	0,711202599999979	8,279504883	0,773678234430591	420,770690806525
-8,87109375	0,716537200000005	8,329536133	0,782642518202877	423,313316714946
-8,48828125	0,72196120000001	8,379665039	0,791970921000689	425,860905575037
-8,171875	0,726938200000006	8,429674805	0,800079230398402	428,402439650353
-7,775390625	0,732511199999976	8,479808594	0,810038728438262	430,950276668191
-7,447265625	0,737696799999981	8,529828125	0,817974269283155	433,492307008182
-7,09765625	0,743061300000022	8,579961914	0,826811001741078	436,04014402602
-6,697265625	0,748723700000028	8,630053711	0,836766587587267	438,585846978706
-6,357421875	0,753909299999975	8,680084961	0,845418257883782	441,128472887127
-5,9765625	0,759482300000002	8,730265625	0,854997292088974	443,678692127865
-5,638671875	0,764787200000001	8,780519531	0,863437167900712	446,232633582355
-5,19921875	0,7707178	8,830599609	0,87441195120175	448,777740966611
-4,83984375	0,776082200000019	8,88062207	0,883295438974271	451,319920211414
-4,4296875	0,781804299999976	8,9306875	0,893620871129512	453,864283173248
-4,05078125	0,78734750000001	8,980730469	0,903125209636932	456,407504650099
-3,662109375	0,793009999999981	9,030916992	0,912669317113094	458,958021649642
-3,267578125	0,798761800000023	9,081192383	0,922766191953722	461,513054988057
-2,87890625	0,804304999999999	9,131361328	0,932269132391931	464,062678660365
-2,4375	0,810384699999986	9,181463867	0,943260121495229	466,608927529603
-1,984375	0,816255800000022	9,231615234	0,954821572838968	469,157657874676
-1,64453125	0,821292400000004	9,281764648	0,963140371656851	471,706288966814
-1,171875	0,827670099999978	9,331834961	0,975178125579706	474,250900086395
-0,736328125	0,833541099999991	9,381990234	0,98603229690991	476,799828937338
0	0,834703400000024	9,355160156	0,994114341007372	475,436304111399
0,603515625	0,834107399999994	9,331841797	0,994031542908494	474,251247497078
2,685546875	0,832408600000008	9,281670898	0,994062277429991	471,701524521014
8,35546875	0,830918499999996	9,231580078	0,993948557800359	469,155871220206
10	0,831544399999984	9,230458008	0,994377360027994	469,098846775423
20	0,830560900000023	9,203857422	0,994094503025302	467,746984906236
28,93554688	0,829964800000027	9,181417969	0,994108007693844	466,606594958581
30	0,829964800000027	9,181224609	0,993950978920215	466,596768257356
40	0,829219799999976	9,158386719	0,993925832675363	465,436129440464
50	0,828325699999994	9,144359375	0,993956754206118	464,723249224983
60	0,828385299999979	9,135300781	0,994137346146229	464,262884636886
60,34765625	0,827848899999992	9,131383789	0,993994567078024	464,063820145347
70	0,828385299999979	9,134891602	0,993980131363392	464,242089851095
80	0,827401800000018	9,116449219	0,993976778197395	463,304834019414
90	0,82772970000002	9,113727539	0,994022135442782	463,16651618641
100	0,82772970000002	9,110483398	0,993857097272652	463,001646490827
110	0,828146899999979	9,109033203	0,993951910966355	462,927946485745
120	0,827193200000011	9,102324219	0,99405016983061	462,586990852264
130	0,827908499999978	9,101489258	0,993910650923798	462,544557503685
140	0,827193200000011	9,09396875	0,993915867182026	462,162359607664
150	0,827670099999978	9,097999023	0,993823567612783	462,367181125172
156,2539063	0,8261799	9,081333008	0,993995406119561	461,520201656757
160	0,827312399999983	9,083138672	0,994080160315274	461,611966864868
170	0,827163400000018	9,08196582	0,993870415931985	461,552361640494
180	0,825703099999998	9,066818359	0,994209620724145	460,782556233166
190	0,826567399999988	9,069370117	0,994198164156994	460,912238501804
200	0,825285899999983	9,055682617	0,994066655646732	460,216629415053
210	0,825703099999998	9,053347656	0,994054361038094	460,097964933679
220	0,826001099999985	9,054451172	0,994105213555522	460,15404645017
230	0,824212999999986	9,033632813	0,993953215030912	459,09604172384
230,2871094	0,824034200000028	9,031271484	0,994085189564244	458,976037200793
240	0,825345500000026	9,042875977	0,99391707724193	459,565786298724
250	0,825494499999991	9,041036133	0,994083978504291	459,472284037201
260	0,825434900000005	9,038132813	0,993946508698919	459,324735122224
270	0,826090500000021	9,045576172	0,994022881479714	459,703012247802
280	0,825196500000004	9,038361328	0,994032939977655	459,336348427098
290	0,824421599999994	9,029592773	0,994102233407991	458,890723840016
300	0,824659999999994	9,024303711	0,993839122382814	458,621929714896
310	0,823944799999992	9,018451172	0,993995126105699	458,324499263099
320	0,824779200000023	9,023522461	0,993891278964799	458,582225999898
330	0,823259300000018	9,006729492	0,994072801951002	457,728794633328
340	0,824093800000014	9,010633789	0,994022135442782	457,927213955379
350	0,823855400000014	9,008927734	0,994209899737958	457,840510951873
360	0,823944799999992	9,003925781	0,993968488787032	457,586307922956
370	0,823140099999989	8,993169922	0,994055293084234	457,039687045789
378,5703125	0,821858599999985	8,981088867	0,993949861864916	456,42571870712
380	0,823020900000017	8,987543945	0,993893048052377	456,753770645932
390	0,82361689999999	8,995827148	0,994155694054533	457,174729277837
400	0,823587099999997	8,995263672	0,994085375573453	457,146093001982
410	0,823676499999976	8,995061523	0,994039552304995	457,13581963714
420	0,823348699999997	8,995557617	0,994023532511943	457,161031508868
430	0,821977800000013	8,981109375	0,994134085984837	456,426760939168
440	0,823587099999997	8,992774414	0,994228061637053	457,019587030543
450	0,823140099999989	8,986426758	0,993886900748058	456,696994358896
460	0,823140099999989	8,988302734	0,994034523056025	456,792332875946
470	0,822365199999979	8,980344727	0,994062091420782	456,387900950348
480	0,822782500000017	8,980514648	0,993977057211207	456,396536463892
490	0,821888399999978	8,973604492	0,993813882133309	456,045357117447
500	0,822216200000014	8,974733398	0,993989537829054	456,102728972913
510	0,822722899999974	8,977211914	0,993959361335182	456,228689027799
520	0,822365199999979	8,972415039	0,994374472885067	455,984908217716
530	0,822633499999995	8,972599609	0,994019993336738	455,994288204503
540	0,822395000000029	8,973703125	0,993945111629758	456,050369720994
550	0,822722899999974	8,977365234	0,994290462726187	456,236480865986
560	0,822722899999974	8,976513672	0,994095341066789	456,193203842049
570	0,822395000000029	8,970873047	0,994040484351136	455,906543019769
580	0,8222758	8,96930957	0,994056503144138	455,827085937897
590	0,822126799999978	8,965788086	0,994087610684101	455,648121461605
600	0,821769200000006	8,964064453	0,994157557146764	455,560525130863
610	0,822216200000014	8,966806641	0,993820587465252	455,699885195914
620	0,822126799999978	8,962021484	0,994114341007372	455,45669990344
630	0,822037399999999	8,95615625	0,993986743690732	455,158624282157
640	0,822126799999978	8,958363281	0,994370933709862	455,270787264319
650	0,821798999999999	8,953748047	0,994332560810231	455,03623758703
660	0,821649999999977	8,951169922	0,993989723838262	454,90521532754
670	0,821620199999984	8,952373047	0,994228806673936	454,966359048635
680	0,820815499999981	8,942233398	0,994008351760428	454,451054429029
682,4453125	0,819861800000012	8,93096875	0,993970910906938	453,878576510647
690	0,820487700000001	8,9361875	0,994018410258369	454,143797326828
700	0,821798999999999	8,947412109	0,99421315989935	454,714240432993
710	0,821620199999984	8,944884766	0,994049517798332	454,585798953092
720	0,820457900000008	8,935314453	0,99402940080245	454,099428418966
730	0,821471200000019	8,944793945	0,994254325937254	454,581183361285
740	0,820964500000002	8,939925781	0,993971562939216	454,333779590385
750	0,821232800000018	8,941738281	0,99407345398328	454,425892209178
760	0,821441400000026	8,944384766	0,993698951443724	454,560388575494
770	0,820547299999987	8,937538086	0,994117415159556	454,212435127306
780	0,821798999999999	8,945108398	0,99391959236644	454,597164100219
790	0,820487700000001	8,93128125	0,99381229805489	453,894457996646
800	0,820964500000002	8,935976563	0,994121792376248	454,133077349189
810	0,82194800000002	8,947907227	0,993863244576971	454,739402703664
820	0,820815499999981	8,932489258	0,993923410555457	453,955849875489
830	0,821113500000024	8,933946289	0,9940613463839	454,029897291254
840	0,821202900000003	8,931229492	0,994127939680567	453,891827615998
850	0,821381799999983	8,931194336	0,993924248596944	453,890040961529
860	0,821620199999984	8,935760742	0,994215395009998	454,122109162982
870	0,820815499999981	8,929366211	0,993834558156865	453,797134268435
880	0,820487700000001	8,922227539	0,993908694826963	453,434341566296
890	0,820279099999993	8,916073242	0,99411704214109	453,121575545053
900	0,820368499999972	8,920500977	0,994077645190764	453,346596381562
910	0,821292400000004	8,926875	0,993998945294766	453,670529044062
920	0,821620199999984	8,932131836	0,994004439566757	453,937685419525
930	0,820815499999981	8,922632813	0,994082209416714	453,454937897037
940	0,819414800000004	8,911728516	0,994104282509431	452,900773288611
950	0,821530800000005	8,93209082	0,994022508461248	453,93560095543
960	0,821024099999988	8,923838867	0,99412710163908	453,516230472125
970	0,819235999999989	8,908128906	0,993847597802386	452,717838389998
980	0,819861800000012	8,910268555	0,993868366830546	452,826576968034
990	0,820040699999993	8,914685547	0,993780632487302	453,05105183717
1000	0,820785699999988	8,918401367	0,993898264310605	453,239892615744
1010	0,820904900000016	8,921939453	0,994042253438713	453,419700818214
1020	0,821292400000004	8,926067383	0,994013940037073	453,629485338212
1030	0,820696300000009	8,919201172	0,993987675736872	453,280539309854
1040	0,819891600000005	8,910888672	0,994093571979211	452,858091782284
1050	0,819802200000026	8,911539063	0,993989817842916	452,891145144077
1060	0,820726100000002	8,916931641	0,994121419357782	453,165200030492
1070	0,820040699999993	8,911615234	0,994121140343969	452,895016211821
1080	0,820726100000002	8,916873047	0,994074106015559	453,162222239162
1090	0,820368499999972	8,916964844	0,9940385282543	453,166887432027
1100	0,820696300000009	8,916795898	0,994091149859306	453,15830146872
1110	0,821530800000005	8,924236328	0,994118439210251	453,536429740306
1120	0,821053899999981	8,919689453	0,994226757572496	453,305354119022
1130	0,819712799999991	8,907789063	0,994049610802936	452,70056731209
1140	0,820606899999973	8,912074219	0,994012914986328	452,918342176145
1150	0,820219500000007	8,908500977	0,993898450319813	452,736747319205
1160	0,821024099999988	8,918616211	0,994119277251738	453,250811150074
1170	0,818818799999974	8,893452148	0,993944645606687	451,971954464603
1180	0,819116800000018	8,896570313	0,993945484648224	452,13042196473
1190	0,819981100000007	8,899929688	0,993952749007842	452,301147939218
1200	0,819981100000007	8,902155273	0,994003508520666	452,414253849672
1210	0,819623400000012	8,898305664	0,993981342423345	452,218613813081
1220	0,820308899999986	8,901661133	0,994051939918237	452,389141281699
1230	0,819325400000025	8,894730469	0,99405063585368	452,036919703207
1240	0,820308899999986	8,904826172	0,994210272756424	452,549990953906
1250	0,818997599999989	8,895501953	0,994106052597058	452,076127102709
1260	0,819414800000004	8,892291992	0,993957312233742	451,912994460538
1270	0,820547299999987	8,903447266	0,99406935678045	452,479913909641
1280	0,820696300000009	8,906861328	0,994116856131881	452,653419118768
1290	0,819951300000014	8,898023438	0,993801308510858	452,204270874625
1300	0,820070499999986	8,897894531	0,993986278667711	452,197719723535
1310	0,819802200000026	8,895485352	0,993979479331113	452,075283427352
1320	0,818490900000029	8,884992188	0,994060415337809	451,542012908472
1330	0,819235999999989	8,888072266	0,993886528729641	451,698544798496
1330,439453	0,818252500000028	8,880844727	0,994141071330643	451,331235808304
1340	0,819116800000018	8,884436523	0,9940613463839	451,513773593536
1350	0,819653200000005	8,890479492	0,993900964444274	451,820881841744
1360	0,819235999999989	8,885075195	0,994058645250182	451,546231386898
1370	0,818580300000008	8,879293945	0,993814534165587	451,252423895919
1380	0,819414800000004	8,88859082	0,994040111332669	451,724898104386
1390	0,820040699999993	8,890749023	0,993858773355626	451,834579610713
1400	0,819057199999975	8,88084668	0,993980876400274	451,331335061239
1410	0,820636700000023	8,89803125	0,993902548522693	452,204667886365
1420	0,820219500000007	8,892999023	0,994094038002282	451,948926309905
1430	0,819712799999991	8,890339844	0,993830366949381	451,813784824922
1440	0,818550500000015	8,876140625	0,993936543205582	451,092169792143
1450	0,817656499999998	8,864168945	0,993964763602619	450,483759973573
1460	0,818967799999996	8,873060547	0,993815092193212	450,935637902119
1470	0,81780550000002	8,86468457	0,994057341185624	450,509964425471
1480	0,819623400000012	8,878130859	0,994138464201578	451,193314987041
1490	0,818818799999974	8,869393555	0,993818538363813	450,74927859938
1500	0,819802200000026	8,880758789	0,993942131482227	451,326868374244
1510	0,819385000000011	8,878600586	0,994058459240973	451,217186867917
1520	0,818163099999992	8,867504883	0,994103816486361	450,653294862022
1530	0,818639899999994	8,865929688	0,994021018387483	450,57324226254
1540	0,817626700000005	8,857924805	0,993995033101095	450,166428063221
1550	0,819057199999975	8,869916992	0,994101488371108	450,775880063018
1560	0,818788999999981	8,867847656	0,994243336393222	450,670714844743
1570	0,817924699999992	8,859222656	0,994024091539618	450,232385831173
1580	0,818043900000021	8,858524414	0,994067679697427	450,196900645424
1590	0,817567100000019	8,85203418	0,993751480044125	449,867062052142
1600	0,817477699999984	8,84999707	0,994055106074977	449,763534583524
1610	0,818818799999974	8,869643555	0,994102233407991	450,761983788179
1620	0,818401499999993	8,864626953	0,994054547047302	450,507036286019
1630	0,818222699999978	8,861508789	0,994086307619593	450,348568836713
1640	0,818222699999978	8,861375977	0,994225174494127	450,341819230574
1650	0,8183717	8,862793945	0,993964390584153	450,413881435178
1660	0,8181333	8,859938477	0,993991772939702	450,268764394979
1670	0,81667299999998	8,846642578	0,994012356958703	449,593056766784
1680	0,818073700000014	8,854671875	0,993858215328001	450,00111170402
1690	0,818073700000014	8,855728516	0,994026420654919	450,054810997611
1700	0,817298800000003	8,850769531	0,994006675677454	449,802791634904
1710	0,818401499999993	8,857838867	0,993846200733224	450,162060629161
1720	0,818043900000021	8,852442383	0,993823754622041	449,887807236876
1730	0,817507499999977	8,846203125	0,993854396138934	449,57072343345
1740	0,817060400000003	8,846716797	0,99394948884645	449,596828632413
1750	0,817567100000019	8,847785156	0,993927787772149	449,651123443614
1760	0,818401499999993	8,860041016	0,994074665043233	450,273975504396
1770	0,818312100000014	8,855989258	0,993878798346953	450,068062102963
1780	0,818163099999992	8,855007813	0,994046165632384	450,018184326879
1790	0,81780550000002	8,852603516	0,994213997940837	449,895996137623
1800	0,817984299999978	8,8520625	0,994118067191834	449,868501295929
1810	0,8183717	8,856901367	0,994019714322926	450,114416171164
1820	0,818461099999979	8,854623047	0,994131012832702	449,998630228185
1830	0,817984299999978	8,849563477	0,994115832081186	449,741499059816
1840	0,818580300000008	8,858460938	0,994073546987885	450,193674747167
1850	0,818401499999993	8,855175781	0,993965415634897	450,026720587488
1860	0,817745899999977	8,850225586	0,993948836814171	449,775147939218
1870	0,818252500000028	8,853222656	0,994064606545292	449,927461299995
1880	0,817626700000005	8,847998047	0,993845455696342	449,661942725009
1890	0,817835300000013	8,851070313	0,994165194524849	449,818077603293
1900	0,817716099999984	8,850455078	0,994039273291183	449,78681089597
1910	0,81667299999998	8,83790918	0,993880474429926	449,149218884993
1920	0,818222699999978	8,850774414	0,994237189088903	449,803039792651
1930	0,817656499999998	8,8428125	0,994074479034025	449,398409310362
1940	0,817418099999998	8,841536133	0,994014312055489	449,333543375515
1946,386719	0,816166399999986	8,83080957	0,993879170365369	448,788411343193
1950	0,817149799999981	8,838224609	0,994143958473569	449,165249224983
1960	0,817000800000017	8,834728516	0,994011611921821	448,987575138487
1970	0,817000800000017	8,832981445	0,993949395841845	448,898787670885
1980	0,81667299999998	8,830861328	0,9940830474582	448,79104172384
1990	0,817894899999999	8,841655273	0,993965322630293	449,339598160289
2000	0,816881599999988	8,832012695	0,99387395510719	448,849555064288
2010	0,817656499999998	8,839404297	0,994176743096555	449,22520186004
2020	0,816226000000029	8,823445313	0,994034616060629	448,414154240992
2030	0,817418099999998	8,834990234	0,994062277429991	449,000875844895
2040	0,817149799999981	8,830657227	0,994129708768145	448,780669156884
2050	0,816881599999988	8,829225586	0,993934028081072	448,707912080094
2060	0,818580300000008	8,846024414	0,993970258874659	449,561641205468
2070	0,817626700000005	8,836931641	0,994011052894146	449,099539614779
2080	0,817179599999974	8,834820313	0,994064047517618	448,992240331351
2090	0,816881599999988	8,828530273	0,993996151156443	448,672575748336
2100	0,818043900000021	8,840779297	0,993849087876151	449,295080398435
2110	0,817328599999996	8,835369141	0,99417776714725	449,020132184784
2120	0,816762400000016	8,828857422	0,993989723838262	448,689201707577
2130	0,816553800000008	8,823931641	0,993835117184539	448,438869797225
2140	0,816732600000023	8,825866211	0,994187733640636	448,537186105605
2150	0,816583600000001	8,819878906	0,994052125927446	448,232906743914
2160	0,817328599999996	8,827017578	0,994139395247669	448,595699446054
2170	0,817656499999998	8,82997168	0,993975567137442	448,745829140621
2180	0,81643459999998	8,81834375	0,993832789069287	448,15488895665
2190	0,816404799999987	8,816362305	0,994035268092907	448,05419042537
2200	0,816971000000024	8,826674805	0,994031356899286	448,578279463333
2210	0,816226000000029	8,818080078	0,993975567137442	448,141488946486
2220	0,817000800000017	8,822400391	0,994173482935163	448,361050515831
2230	0,817507499999977	8,829661133	0,994003974543736	448,730046907557
2240	0,815689500000019	8,812294922	0,99384061245658	447,847482949637
2250	0,816911399999981	8,82225293	0,994123189445409	448,353556436449
2260	0,816345200000001	8,817323242	0,994192575880349	448,103025969406
2270	0,817239200000017	8,822802734	0,994044395544757	448,381497890939
2280	0,817239200000017	8,825109375	0,993912421011425	448,498723128526
2290	0,815480900000011	8,810748047	0,993918381306487	447,768869593942
2300	0,817626700000005	8,831398438	0,994166777603218	448,818338059664
2310	0,817328599999996	8,827448242	0,99404514058164	448,61758611577
2320	0,817924699999992	8,830775391	0,993838842368952	448,786674340601
2330	0,817477699999984	8,8294375	0,99410083633883	448,71868170961
2340	0,816881599999988	8,821891602	0,994037317194347	448,335193474615
2350	0,817507499999977	8,827017578	0,994018038239952	448,595699446054
2360	0,817626700000005	8,829987305	0,994059577296322	448,746623214921
2370	0,817507499999977	8,826380859	0,994055199079581	448,563340905626
2380	0,816971000000024	8,822794922	0,993972027962237	448,381100879199
2390	0,816971000000024	8,822393555	0,994005743631314	448,360703105148
2400	0,81643459999998	8,815992188	0,994002204456109	448,035380799919
2410	0,816136599999993	8,811726563	0,993920616417135	447,818598516034
2420	0,816822000000002	8,820411133	0,994055944116463	448,25995492199
2430	0,816971000000024	8,820950195	0,993852347037494	448,287350459928
2440	0,815749100000005	8,811969727	0,993929743868985	447,83095629415
2450	0,81643459999998	8,812996094	0,994005464617502	447,883117040199
2460	0,816762400000016	8,817640625	0,994115925085791	448,119155613152
2470	0,816404799999987	8,815109375	0,993908042794684	447,990515576561
2480	0,81667299999998	8,813682617	0,9938410774796	447,918006657519
2490	0,81533189999999	8,800978516	0,994181586336317	447,272374650607
2500	0,815749100000005	8,804207031	0,994004812585223	447,43645022107
2510	0,817567100000019	8,824793945	0,994054920065768	448,482692737714
2520	0,816494200000022	8,812287109	0,994104003495618	447,847085887076
2530	0,816732600000023	8,81409082	0,993762190574344	447,938751842252
2540	0,815689500000019	8,806007813	0,994016175147721	447,527967322254
2550	0,816136599999993	8,806582031	0,994081091361365	447,557149514662
2560	0,814825299999995	8,797629883	0,994045420595502	447,102194592672
2570	0,815510700000004	8,802244141	0,994095435071443	447,336694668903
2580	0,815987500000006	8,804520508	0,994170316778423	447,452381358947
2590	0,816583600000001	8,814129883	0,994102513421853	447,940737053413
2600	0,814825299999995	8,799203125	0,993897612278327	447,182147939218
2610	0,815659700000026	8,796708984	0,993905714679432	447,055393810032
2618,244141	0,813692800000013	8,780657227	0,993982739492506	446,239631397063
2620	0,814586799999972	8,787061523	0,99392965086438	446,565102556284
2630	0,814199400000007	8,78528418	0,99418484649771	446,474776642781
2640	0,814169600000014	8,78321875	0,994008351760428	446,369809930376
2650	0,814527199999986	8,787547852	0,993943528551388	446,589818163338
2660	0,815093499999989	8,795402344	0,993956381187651	446,988989378462
2670	0,814169600000014	8,78146875	0,994118067191834	446,280873608782
2680	0,815391499999976	8,796723633	0,99419145882505	447,056138283275
2690	0,814944500000024	8,790879883	0,994148522699519	446,759154495096
2700	0,81390140000002	8,782738281	0,994053896015073	446,345392132947
2710	0,813782199999991	8,77705957	0,99396569464871	446,056795751385
2720	0,814646400000015	8,788095703	0,994223684420361	446,617660364893
2730	0,81557029999999	8,797662109	0,993844710659459	447,103832342329
2740	0,815182900000025	8,794822266	0,993997454220951	446,959509376429
2750	0,814408000000014	8,787389648	0,993995592128769	446,581778116583
2760	0,814527199999986	8,787228516	0,993758093371514	446,573589266657
2770	0,813275499999975	8,777813477	0,99403144990389	446,095109874473
2780	0,812709299999995	8,77040332	0,993993077004259	445,718520099609
2790	0,813573599999984	8,777669922	0,993897798287535	446,08781430096
2800	0,813692800000013	8,780445313	0,994000248359273	446,228861767546
2810	0,814080199999978	8,784115234	0,994028189742497	446,415369924277
2820	0,814110000000028	8,782671875	0,993935425150233	446,342017329878
2830	0,815063699999996	8,791707031	0,994008817783498	446,801190781115
2840	0,813782199999991	8,780988281	0,993993450022725	446,256455811353
2850	0,814735799999994	8,787257813	0,994035734115978	446,575078162322
2860	0,814914699999974	8,788162109	0,994108194703102	446,621035167963
2870	0,814914699999974	8,791647461	0,994060322333205	446,798163388728
2880	0,815272300000004	8,795579102	0,994037317194347	446,997972353509
2890	0,815421300000025	8,795742188	0,994125145542245	447,006260507191
2900	0,814676200000008	8,78509668	0,993986650686127	446,465247751182
2910	0,813931200000013	8,776966797	0,993938033279348	446,052080957463
2920	0,813156300000003	8,773681641	0,993918381306487	445,885126848605
2930	0,813454299999989	8,772035156	0,993919033338765	445,801451237485
2940	0,814169600000014	8,776380859	0,994225267498731	446,022303145805
2950	0,813782199999991	8,774838867	0,994098415218974	445,943937947858
2960	0,813186099999996	8,768674805	0,994177674142646	445,63067566194
2970	0,814527199999986	8,781571289	0,994147311639566	446,286084718199
2980	0,812679500000002	8,762329102	0,994245757513079	445,308182243228
2990	0,813841799999977	8,772668945	0,994200213258434	445,833660873101
3000	0,814080199999978	8,773525391	0,993944645606687	445,877186105606
3010	0,813245699999982	8,765668945	0,993952935017051	445,477915586726
3020	0,814735799999994	8,779269531	0,994181306322455	446,169107638359
3030	0,813156300000003	8,766172852	0,994138929224599	445,503524521014
3040	0,814497399999993	8,775994141	0,993862499540088	446,002649844997
3050	0,812709299999995	8,76375	0,994000900391552	445,380393352645
3060	0,813841799999977	8,769482422	0,994009468815727	445,67171936779
3070	0,813156300000003	8,763084961	0,994114621021233	445,34659556843
3080	0,813245699999982	8,767070313	0,994073827001746	445,549134166794
3090	0,813990799999999	8,769605469	0,993943714560596	445,677972709254
3100	0,812917900000002	8,761216797	0,993991772939702	445,251654063119
3110	0,814646400000015	8,777635742	0,994000248359273	446,086077247548
3120	0,814944500000024	8,780716797	0,994194066954164	446,24265878945
3130	0,812828500000023	8,761890625	0,993908042794684	445,285898510952
3140	0,814318599999979	8,77144043	0,993785847745481	445,77122681303
3150	0,814408000000014	8,774203125	0,994093478974607	445,911629059308
3160	0,814437800000007	8,775423828	0,993863151572367	445,973666107638
3170	0,813603399999977	8,766013672	0,993918567315695	445,495434873202
3180	0,813573599999984	8,766686523	0,994006675677454	445,529629669157
3190	0,81336490000001	8,765698242	0,99411704214109	445,479404482391
3200	0,814020599999992	8,769854492	0,994142934422874	445,690628246176
3210	0,814497399999993	8,773536133	0,994062184425387	445,877732022158
3220	0,813603399999977	8,76634375	0,993823195594367	445,512209686436
3230	0,814169600000014	8,771370117	0,994192296866537	445,76765345327
3240	0,814855099999988	8,77765918	0,994054547047302	446,087268384408
3250	0,813454299999989	8,761838867	0,99403144990389	445,283268130304
3260	0,814020599999992	8,764801758	0,994004253557549	445,433844488489
3270	0,81390140000002	8,765373047	0,994002856488387	445,462877826905
3280	0,813007299999981	8,757885742	0,99392965086438	445,082367332418
3290	0,81533189999999	8,777457031	0,993945577652828	446,076995019566
3300	0,815153099999975	8,775782227	0,994015151097026	445,99188021548
3310	0,813931200000013	8,7635	0,994007233705079	445,367688163846
3320	0,814169600000014	8,76918457	0,994173017912142	445,656582304213
3330	0,81366300000002	8,762644531	0,993952562998634	445,324212583219
3340	0,815242500000011	8,778614258	0,993953867063191	446,13580616964
3350	0,814527199999986	8,771130859	0,994002670479179	445,755494181023
3360	0,814258999999993	8,767140625	0,993842754562623	445,552707475733
3370	0,813931200000013	8,76609082	0,994105772583196	445,499355592824
3380	0,814169600000014	8,767814453	0,994054547047302	445,586951923566
3390	0,813335100000018	8,757865234	0,994091988900842	445,081325100371
3400	0,813692800000013	8,756922852	0,994083978504291	445,033432535448
3410	0,812947699999995	8,750164063	0,993983111510922	444,689945774254
3420	0,813096700000017	8,753369141	0,994065537591383	444,852830258678
3430	0,813037099999974	8,753431641	0,993970910906938	444,856006555877
3440	0,812947699999995	8,750986328	0,993891930997078	444,731733902526
3450	0,813037099999974	8,752189453	0,993989723838262	444,792877623621
3460	0,813603399999977	8,759212891	0,994169757750749	445,149814046857
3470	0,815272300000004	8,776043945	0,993877215268583	446,005180921888
3480	0,814318599999979	8,765667969	0,994133340947954	445,477865985669
3490	0,814110000000028	8,760488281	0,993914283103607	445,214630329827
3500	0,81336490000001	8,755431641	0,994150105777888	444,95764806627
3510	0,814437800000007	8,768321289	0,994188478677519	445,612709711846
3520	0,814646400000015	8,768710938	0,994012914986328	445,632511968288
3530	0,814437800000007	8,765390625	0,994083419476617	445,463771154139
3540	0,813424499999996	8,75737793	0,993951630952494	445,056559943081
3550	0,813990799999999	8,763931641	0,993926111689175	445,38962448544
3560	0,813156300000003	8,754464844	0,993933656062656	444,908514712609
3570	0,814258999999993	8,762192383	0,99401319500019	445,301234080398
3580	0,813007299999981	8,752402344	0,994029586811658	444,803696905016
3590	0,814586799999972	8,768207031	0,993952749007842	445,606903033999
3600	0,813931200000013	8,760629883	0,994104562523293	445,221826650404
3610	0,813603399999977	8,756275391	0,994126728620614	445,000528078467
3620	0,814199400000007	8,759646484	0,994169478736937	445,171849570565
3630	0,813156300000003	8,750541016	0,993834279143052	444,709102810388
3640	0,812619900000016	8,743337891	0,993901616476552	444,343034558114
3650	0,814497399999993	8,762731445	0,994066655646732	445,328629618336
3660	0,813603399999977	8,7535	0,994028841774776	444,859480611882
3670	0,814735799999994	8,766944336	0,994115832081186	445,542731920516
3680	0,814348400000029	8,759475586	0,994070566840354	445,163164405143
3690	0,814020599999992	8,756026367	0,99387805331007	444,987872490725
3700	0,812858300000016	8,74728418	0,99401319500019	444,543587945317
3710	0,813275499999975	8,749336914	0,994119371256391	444,647909437414
3720	0,814020599999992	8,756821289	0,994062650448457	445,028271027087
3730	0,81366300000002	8,748764648	0,993962993514991	444,618826447121
3740	0,813245699999982	8,748517578	0,993916612218909	444,606270163135
3750	0,812828500000023	8,744853516	0,993958151275279	444,420059765208
3760	0,813782199999991	8,754696289	0,993923131541645	444,920276922295
3770	0,814199400000007	8,757335938	0,993772250072335	445,054425877929
3780	0,812500699999987	8,742339844	0,994011424912563	444,292313055852
3790	0,814318599999979	8,756360352	0,994063209476131	445,004845860649
3800	0,81366300000002	8,753319336	0,994100557325017	444,850299130965
3810	0,813990799999999	8,753114258	0,994082861448992	444,839876912131
3820	0,814735799999994	8,763611328	0,993846106728571	445,373345936881
3830	0,81533189999999	8,771349609	0,994074944057046	445,766611221223
3840	0,814348400000029	8,760207031	0,994260473241573	445,200336992428
3850	0,814855099999988	8,767039063	0,994091522877772	445,547546018194
3860	0,813037099999974	8,749876953	0,9939940090504	444,67535462723
3870	0,812917900000002	8,743532227	0,994072336927981	444,352910860395
3872,117188	0,811785400000019	8,73050293	0,993984322570875	443,690752147177
3880	0,812202599999978	8,729712891	0,994240728264108	443,650601768562
3890	0,812828500000023	8,739841797	0,993925552661501	444,165360420796
3900	0,812709299999995	8,733298828	0,994151502847049	443,832841794989
3910	0,813156300000003	8,736952148	0,994069449785055	444,018506276363
3920	0,813454299999989	8,741913086	0,993888577831081	444,270624892006
3930	0,813245699999982	8,740168945	0,994223963434174	444,181986329217
3940	0,812351700000022	8,73084082	0,994019528313718	443,70792397215
3950	0,812709299999995	8,732325195	0,993863430586179	443,783361030645
3960	0,814199400000007	8,747959961	0,994098229209765	444,577931646084
3970	0,813335100000018	8,739915039	0,994173017912142	444,169082634548
3980	0,811964199999977	8,728881836	0,99402940080245	443,608366925852
3990	0,81202380000002	8,725193359	0,9942679236104	443,420915739188
4000	0,812262299999986	8,721667969	0,99390133746274	443,241752757026
4010	0,812172799999985	8,721564453	0,994068983761984	443,236491995731
4020	0,812858300000016	8,729577148	0,993914004089795	443,64370320679
4030	0,813275499999975	8,733891602	0,993989537829054	443,86296701733
4040	0,812262299999986	8,724231445	0,993812205050285	443,372030543274
4050	0,812590100000023	8,725897461	0,994132875924933	443,456698734563
4060	0,812113199999999	8,72275293	0,993982459478644	443,296891294405
4070	0,812441100000001	8,724707031	0,994010959889542	443,396200182955
4080	0,81253049999998	8,724196289	0,993798793386348	443,370243888804
4090	0,81142779999999	8,716216797	0,993998665280904	442,96472007928
4100	0,812500699999987	8,724599609	0,993681720590719	443,39074091579
4110	0,812828500000023	8,726451172	0,994120954334761	443,484838745744
4120	0,812083400000006	8,720071289	0,994049983821402	443,160608273619
4130	0,812262299999986	8,723136719	0,993966533690246	443,316395741221
4140	0,812202599999978	8,72396582	0,99395908232137	443,358531280175
4150	0,811547000000019	8,719019531	0,994055013070372	443,107157137775
4160	0,812858300000016	8,728972656	0,99414833669031	443,612982466839
4170	0,813156300000003	8,730606445	0,994032287945377	443,696012857651
4180	0,812292099999979	8,72409668	0,994113502965885	443,3651816842
4190	0,812619900000016	8,727349609	0,993913445062121	443,53049799258
4200	0,813573599999984	8,735936523	0,994144331492035	443,966891446867
4210	0,813037099999974	8,732223633	0,99387600420863	443,778199573106
4220	0,812828500000023	8,729724609	0,993970258874659	443,651197286172
4230	0,813037099999974	8,727005859	0,993892489024703	443,513028357981
4240	0,811606600000005	8,714513672	0,99401319500019	442,878165980587
4250	0,811695999999984	8,709787109	0,993940175385391	442,637958479443
4260	0,813156300000003	8,729189453	0,993894818140004	443,624000254104
4270	0,812351700000022	8,717069336	0,9940248365765	443,008046755095
4280	0,811636399999998	8,712365234	0,993851695005215	442,768980738934
4290	0,811547000000019	8,708701172	0,994053522996607	442,582770341007
4300	0,813186099999996	8,723420898	0,994032007931515	443,330837932612
4310	0,81276889999998	8,72172168	0,994054361038094	443,244482390608
4320	0,811874799999998	8,715475586	0,993989351819846	442,927051176501
4330	0,812113199999999	8,714197266	0,994270997762584	442,862085988718
4340	0,812441100000001	8,716232422	0,99391046491459	442,96551415358
4350	0,813156300000003	8,727288086	0,993877028259325	443,527371347258
4360	0,812947699999995	8,730025391	0,994041135383364	443,666483254561
4370	0,813454299999989	8,733496094	0,993930675915125	443,842867002084
4380	0,813096700000017	8,727008789	0,994011797931029	443,513177262794
4390	0,813186099999996	8,72709082	0,994089101757915	443,517346140164
4400	0,812292099999979	8,718810547	0,994264291430591	443,096536413071
4410	0,81142779999999	8,707461914	0,993993357018121	442,519790313564
4420	0,811517200000026	8,708027344	0,993976871201999	442,548525893175
4430	0,812619900000016	8,715964844	0,993932445002703	442,951915637546
4440	0,812828500000023	8,719816406	0,994168081667775	443,147654927072
4450	0,812917900000002	8,721463867	0,994141164335247	443,231380139249
4460	0,813573599999984	8,72869043	0,99391707724193	443,598639528383
4470	0,813096700000017	8,722436523	0,994118719224113	443,280811251715
4480	0,812679500000002	8,714685547	0,994080812347552	442,886900797886
4490	0,813454299999989	8,723589844	0,993973332026794	443,339423895919
4500	0,812381500000015	8,712993164	0,993987209713802	442,800892615744
4510	0,813931200000013	8,731649414	0,994093943997628	443,749017329878
4520	0,813454299999989	8,728958008	0,994078670241508	443,612238044417
4530	0,813245699999982	8,727741211	0,993901616476552	443,550399501957
4540	0,812500699999987	8,71884375	0,994085468578057	443,098223814606
4550	0,814169600000014	8,735389648	0,994076528135465	443,939098846369
4560	0,813603399999977	8,72462793	0,993976312174325	443,392180210398
4570	0,812381500000015	8,710501953	0,994043277489408	442,674287391371
4580	0,811606600000005	8,702640625	0,9939757541467	442,274768765564
4590	0,812679500000002	8,711902344	0,993926949730662	442,745456319561
4600	0,813186099999996	8,718039063	0,993927881776803	443,057329013569
4610	0,813186099999996	8,716643555	0,994103071449478	442,986408243126
4620	0,813424499999996	8,719170898	0,993960945413601	443,114849723027
4630	0,81336490000001	8,718989258	0,993983949552409	443,105618641053
4640	0,812858300000016	8,714399414	0,994111919887515	442,872359302739
4650	0,813156300000003	8,714208008	0,994100650329622	442,86263190527
4660	0,81366300000002	8,721358398	0,993874793148677	443,226020125019
4670	0,81336490000001	8,720365234	0,993856166226561	443,175546780505
4680	0,81390140000002	8,730260742	0,994021297401295	443,678443970117
4690	0,814318599999979	8,73465625	0,994051939918237	443,901827006149
4700	0,813424499999996	8,722599609	0,994032939977655	443,289099405397
4710	0,813424499999996	8,722231445	0,99427593400695	443,270389032881
4720	0,813245699999982	8,721174805	0,994068145720497	443,21668979011
4730	0,813245699999982	8,718904297	0,994022508461248	443,101300858871
4740	0,813603399999977	8,725316406	0,993920989435601	443,427169080653
4750	0,814348400000029	8,729869141	0,993941013426878	443,658542511562
4760	0,813931200000013	8,725977539	0,994025488608779	443,460768358998
4770	0,814110000000028	8,724998047	0,994081929402852	443,410989835849
4780	0,813692800000013	8,720012695	0,99402185642897	443,157630482289
4790	0,813096700000017	8,715339844	0,993851136977591	442,920152665549
4800	0,813603399999977	8,723417969	0,993942317491435	443,33068907862
4810	0,81366300000002	8,720700195	0,993900592425857	443,192569751486
4820	0,813275499999975	8,71528418	0,993957964266021	442,917323779031
4830	0,813990799999999	8,723503906	0,993998293262487	443,335056461859
4840	0,814944500000024	8,737292969	0,994153272934677	444,03582705697
4850	0,81390140000002	8,725516602	0,993878984356161	443,43734319256
4860	0,813513999999998	8,719003906	0,9938992883613	443,106363063475
4870	0,814527199999986	8,726727539	0,994063488489944	443,498883925395
4880	0,813931200000013	8,725105469	0,994144424496639	443,416449103014
4890	0,814258999999993	8,725074219	0,993998945294766	443,414860954414
4900	0,814348400000029	8,727964844	0,993969047814706	443,561764699903
4910	0,814110000000028	8,726632813	0,9940202733506	443,494069878538
4920	0,81390140000002	8,727483398	0,994012356958703	443,537297250597
4930	0,814169600000014	8,727649414	0,99410838071231	443,545734309092
4940	0,812858300000016	8,712541992	0,993995778137977	442,777963713981
4950	0,814348400000029	8,726001953	0,994090498827077	443,462009096915
4960	0,813782199999991	8,72034375	0,993967650745545	443,174454947401
4970	0,813245699999982	8,712886719	0,994036199138998	442,795483000457
4980	0,812858300000016	8,711907227	0,994051380890563	442,745704477309
4990	0,814765599999987	8,730464844	0,994279939205226	443,688816587895
5000	0,813007299999981	8,711664063	0,994017572216882	442,733346699192
5010	0,812619900000016	8,706621094	0,994068517738914	442,47705920618
5020	0,814855099999988	8,730893555	0,994083513481271	443,710604004676
5030	0,813275499999975	8,7133125	0,994146752611891	442,817121512426
5040	0,813513999999998	8,716763672	0,993984974603154	442,992512679778
5050	0,813275499999975	8,716829102	0,994172830902884	442,995837881791
5060	0,813841799999977	8,7190625	0,994148522699519	443,109340854805
5070	0,812292099999979	8,706149414	0,993934680113351	442,453088072369
5080	0,812381500000015	8,703214844	0,993990562879799	442,303951008792
5090	0,812619900000016	8,706126953	0,994115273053512	442,451946587386
5100	0,812083400000006	8,698294922	0,993854676152796	442,053916857245
5110	0,81253049999998	8,702535156	0,994010865884889	442,269408751334
5120	0,812172799999985	8,699999023	0,99385681825884	442,140520556996
5130	0,812381500000015	8,703680664	0,993928439804427	442,327624332978
5140	0,812083400000006	8,699830078	0,993954798109282	442,131934644509
5150	0,812709299999995	8,703613281	0,994152899916211	442,32419987803
5160	0,812202599999978	8,700042969	0,993920989435601	442,142753925903
5170	0,812202599999978	8,699317383	0,994189502728214	442,105879097423
5180	0,811695999999984	8,69578418	0,993804661676855	441,926319052701
5190	0,812351700000022	8,699458984	0,994042998475596	442,11307536718
5200	0,812113199999999	8,700560547	0,994207291608844	442,169057630736
5210	0,811845000000005	8,692770508	0,993932258993495	441,773161965747
5220	0,811695999999984	8,691508789	0,993871253973472	441,709040453321
5222,753906	0,810295300000007	8,680217773	0,99419145882505	441,135222493266
5230	0,810623099999987	8,680748047	0,99407550308472	441,162171418407
5240	0,812113199999999	8,694566406	0,993995406119561	441,864430858363
5250	0,812202599999978	8,696467773	0,994159885262017	441,961059765208
5260	0,812619900000016	8,700333984	0,994107821684636	442,157543527977
5270	0,812709299999995	8,700560547	0,99397118992075	442,169057630736
5280	0,812202599999978	8,698578125	0,994049983821402	442,068309447578
5290	0,813037099999974	8,703710938	0,993908229803942	442,32916288052
5300	0,812500699999987	8,700140625	0,993971469934612	442,147716877573
5310	0,812292099999979	8,698754883	0,994343644358917	442,077292422625
5320	0,813275499999975	8,704914063	0,993992424971981	442,390306601616
5330	0,813156300000003	8,703563477	0,994161934363456	442,321668801138
5340	0,811845000000005	8,693222656	0,993951444943285	441,796140468567
5350	0,811874799999998	8,687730469	0,99401477807856	441,517023377547
5360	0,811964199999977	8,687641602	0,993988233764497	441,512507089495
5370	0,810593299999994	8,674634766	0,993882989554436	440,851489861259
5380	0,81110000000001	8,680381836	0,994083606485875	441,143560298826
5390	0,811129800000003	8,679291016	0,993957126224534	441,088124002643
5400	0,812679500000002	8,696396484	0,994248830665213	441,957436804391
5410	0,81202380000002	8,687857422	0,994122165394714	441,523475224882
5420	0,812292099999979	8,691774414	0,994210924788702	441,72253971642
5430	0,811785400000019	8,686163086	0,993972214971495	441,437367789805
5440	0,812202599999978	8,692418945	0,994162958414151	441,755295268588
5450	0,812113199999999	8,689762695	0,994017479212278	441,620302637597
5460	0,811964199999977	8,688161133	0,994086772642614	441,538910047263
5470	0,812381500000015	8,691688477	0,993900406416649	441,718172333181
5480	0,811636399999998	8,685819336	0,994110988841424	441,419898155207
5490	0,812262299999986	8,689984375	0,994088169711775	441,631568582609
5500	0,813245699999982	8,700147461	0,994106517620079	442,148064288255
5510	0,812172799999985	8,690520508	0,994272021813279	441,658815266555
5520	0,811606600000005	8,678701172	0,993955264132352	441,058147685115
5530	0,810861499999987	8,675200195	0,993843685608714	440,880225390049
5540	0,811964199999977	8,686707031	0,994039925323461	441,465011485491
5550	0,810533700000008	8,67397168	0,994197792138577	440,817791329979
5560	0,810444300000029	8,670158203	0,993800004446301	440,623987548915
5570	0,810772100000008	8,669822266	0,994051753909029	440,606914976877
5580	0,812500699999987	8,692520508	0,993902361513435	441,760456776948
5590	0,812381500000015	8,689962891	0,993982087460227	441,630476749505
5600	0,812172799999985	8,687099609	0,994002670479179	441,484962595924
5610	0,811785400000019	8,681355469	0,993948836814171	441,19304106317
5620	0,813186099999996	8,694763672	0,9940248365765	441,874456065457
5630	0,812172799999985	8,690442383	0,99400769972815	441,654844895055
5640	0,81276889999998	8,693227539	0,994306855537705	441,796388626315
5650	0,813275499999975	8,700985352	0,994028748770172	442,190646541648
5660	0,812113199999999	8,68840625	0,994004532571361	441,551367078315
5670	0,811785400000019	8,684554688	0,993982180464831	441,355627788789
5680	0,811219199999982	8,680208984	0,994137625160042	441,134775829649
5690	0,810712500000022	8,67319043	0,993946508698919	440,778087614982
5700	0,811606600000005	8,674882813	0,993954053072399	440,864095797124
5710	0,812381500000015	8,682099609	0,993926111689175	441,230858819942
5720	0,810444300000029	8,666991211	0,994000900391552	440,463038623774
5730	0,811934399999984	8,676520508	0,9940202733506	440,947324693805
5740	0,811338400000011	8,669319336	0,993614848280239	440,581355694466
5750	0,811845000000005	8,674758789	0,99412616959294	440,857792803781
5760	0,811040400000024	8,668795898	0,994037969226626	440,554754180007
5770	0,811964199999977	8,682449219	0,993891650983216	441,248626264166
5780	0,812590100000023	8,68784668	0,994134272994094	441,52292930833
5790	0,813096700000017	8,695647461	0,993904131601062	441,919370889871
5800	0,812679500000002	8,6898125	0,993784357671715	441,62283376531
5810	0,811874799999998	8,682423828	0,994014592069351	441,247335874371
5820	0,812709299999995	8,689107422	0,994076714144673	441,587001168877
5830	0,813186099999996	8,694092773	0,994056317134929	441,840360471617
5840	0,812828500000023	8,687945313	0,993800004446301	441,527941911877
5850	0,813931200000013	8,701205078	0,993949675855707	442,201813182904
5860	0,813573599999984	8,701588867	0,993948464795754	442,22131762972
5870	0,812590100000023	8,693858398	0,993967464736337	441,828449357117
5880	0,812262299999986	8,686576172	0,993794416169656	441,458361132286
5890	0,812619900000016	8,690196289	0,993958151275279	441,642338212126
5900	0,813275499999975	8,692799805	0,993957592247604	441,774650861412
5910	0,811517200000026	8,673496094	0,994006861686663	440,793621690298
5920	0,812292099999979	8,679540039	0,993921734472483	441,100779539564
5930	0,811457599999983	8,672926758	0,994032007931515	440,764687604818
5940	0,811755600000026	8,674737305	0,994032007931515	440,856700970676
5950	0,81202380000002	8,677455078	0,99386939188129	440,994820246989
5960	0,813275499999975	8,691042969	0,994106052597058	441,685367129136
5970	0,814199400000007	8,701750977	0,994028748770172	442,229556182345
5980	0,812858300000016	8,689790039	0,994130733818889	441,621692280327
5990	0,812590100000023	8,689013672	0,99391046491459	441,582236723078
6000	0,812292099999979	8,683761719	0,994132316897259	441,315328505362
6010	0,813245699999982	8,694277344	0,993889508877172	441,849740509224
6020	0,812619900000016	8,685644531	0,993931327947404	441,411014433094
6030	0,812709299999995	8,683826172	0,99391596018663	441,318604055496
6040	0,811606600000005	8,672120117	0,99374291161995	440,723693500025
6050	0,812679500000002	8,68687793	0,99386892585822	441,473696701733
6060	0,812441100000001	8,683989258	0,994068797752776	441,326892209178
6070	0,812083400000006	8,678978516	0,993884106609735	441,072242516644
6080	0,812947699999995	8,686383789	0,994002484469971	441,44858408294
6090	0,812709299999995	8,686441406	0,994041601406435	441,451512222392
6100	0,811934399999984	8,6765	0,993974450082143	440,946282461757
6110	0,813782199999991	8,695516602	0,994161189326574	441,912720536667
6120	0,811755600000026	8,675769531	0,994035361097511	440,90915947553
6130	0,813156300000003	8,689386719	0,994120674320899	441,601195253341
6140	0,811964199999977	8,678833008	0,994141444349109	441,064847690197
6150	0,813186099999996	8,688675781	0,994007047695871	441,565064847284
6160	0,813096700000017	8,688211914	0,993930861924333	441,541490776033
6170	0,81276889999998	8,686341797	0,994040390346482	441,446450017787
6180	0,812351700000022	8,680901367	0,993848062825406	441,169963256594
6190	0,812917900000002	8,687316406	0,993996896193326	441,495980383189
6200	0,812947699999995	8,684163086	0,993929091836706	441,335726279413
6210	0,812441100000001	8,680422852	0,994334050883997	441,145644762921
6220	0,812262299999986	8,681004883	0,993874048111795	441,175224017889
6230	0,813096700000017	8,692232422	0,994123934482292	441,745816028866
6240	0,813037099999974	8,690695313	0,994388163562817	441,667698988667
6250	0,811964199999977	8,678609375	0,994137067132417	441,05348249225
6260	0,812381500000015	8,681917969	0,994022694470457	441,221627737968
6270	0,812828500000023	8,684500977	0,994184194465431	441,352898155207
6280	0,812858300000016	8,686474609	0,993942038477623	441,453199623926
6290	0,812828500000023	8,685713867	0,99406088036083	441,414538140977
6300	0,812441100000001	8,678693359	0,994186708589892	441,057750622554
6310	0,812590100000023	8,680650391	0,993941013426878	441,157208466738
6320	0,812500699999987	8,679942383	0,993736764315631	441,121226965493
6330	0,811755600000026	8,670602539	0,994022042438178	440,646569039996
6340	0,812292099999979	8,673833984	0,993992983999655	440,810793515272
6350	0,813186099999996	8,685162109	0,993999596326995	441,386497382731
6360	0,813335100000018	8,686578125	0,993831018981659	441,458460385221
6370	0,813037099999974	8,689168945	0,993828410852545	441,590127814199
6380	0,813454299999989	8,691600586	0,994204777484383	441,713705646186
6390	0,812262299999986	8,681994141	0,993957312233742	441,225498856533
6400	0,813096700000017	8,686541016	0,994034151037608	441,456574477817
6410	0,811457599999983	8,671584961	0,994064699549897	440,696496467958
6420	0,811010599999975	8,667294922	0,994047375692288	440,478473446155
6430	0,812113199999999	8,674811523	0,993887552780336	440,860472785486
6440	0,81253049999998	8,679628906	0,994082209416714	441,105295827616
6450	0,811845000000005	8,674483398	0,993899009347488	440,843797225187
6460	0,811547000000019	8,671129883	0,9939757541467	440,673369060324
6470	0,811845000000005	8,673077148	0,993894631130746	440,772330538192
6480	0,810623099999987	8,661338867	0,994174973008928	440,175782233064
6490	0,810682699999973	8,6575	0,993904131601062	439,980688113025
6500	0,811695999999984	8,664828125	0,993954612100074	440,353108959699
6510	0,810950999999989	8,660360352	0,993996802188672	440,126053361793
6520	0,811010599999975	8,663657227	0,993959920362856	440,293603039081
6530	0,810533700000008	8,656325195	0,993920151394114	439,920983635717
6540	0,811457599999983	8,663983398	0,994003229506853	440,310179295624
6550	0,812381500000015	8,672366211	0,993797489321791	440,736200182955
6560	0,812381500000015	8,677199219	0,993956288183047	440,981817299385
6570	0,810623099999987	8,660396484	0,993944273588271	440,12788961732
6580	0,812828500000023	8,680417969	0,993955729155373	441,145396605174
6590	0,812262299999986	8,673816406	0,993657039368888	440,809900188037
6600	0,812619900000016	8,67871875	0,994134272994094	441,059041012349
6610	0,812947699999995	8,682017578	0,994130919828098	441,226689942573
6620	0,811785400000019	8,670084961	0,993983297520131	440,620265335163
6630	0,811755600000026	8,665788086	0,994141164335247	440,401894902678
6640	0,811517200000026	8,663894531	0,994128777722054	440,305663007572
6650	0,810801900000001	8,657055664	0,994146380593475	439,958106621944
6660	0,811845000000005	8,665072266	0,994033218991468	440,365516389694
6670	0,812113199999999	8,66853418	0,994088076707171	440,541453473599
6680	0,812172799999985	8,6685	0,994156067072999	440,539716420186
6690	0,811755600000026	8,664145508	0,994148522699519	440,318417848249
6700	0,81336490000001	8,679545898	0,994089846794798	441,101077298369
6710	0,811934399999984	8,667168945	0,993986464676919	440,472071199878
6720	0,812619900000016	8,672496094	0,994137439150833	440,742800935102
6730	0,812113199999999	8,665421875	0,994048772761449	440,383283783097
6740	0,812083400000006	8,667983398	0,993955264132352	440,51346231641
6750	0,81276889999998	8,673916992	0,993975009109817	440,815012044519
6760	0,81276889999998	8,677142578	0,993918754324953	440,97893876099
6770	0,812858300000016	8,677665039	0,993969978860797	441,005490623571
6780	0,812590100000023	8,676835938	0,994029679816263	440,963355084617
6790	0,811845000000005	8,666365234	0,994229085687748	440,431225999898
6800	0,812172799999985	8,672236328	0,994051380890563	440,729599430808
6810	0,812381500000015	8,671036133	0,994080998356761	440,668604614525
6820	0,81110000000001	8,658033203	0,993909253854637	440,007785892158
6830	0,810593299999994	8,651456055	0,993908508817754	439,67353026376
6840	0,810861499999987	8,656973633	0,994070101817333	439,953937744575
6850	0,810712500000022	8,656239258	0,994010586871076	439,916616252478
6860	0,812292099999979	8,664852539	0,993891930997078	440,354349697616
6870	0,811874799999998	8,663566406	0,993942783514506	440,288987447273
6880	0,811785400000019	8,659541992	0,994147497648774	440,08446368857
6890	0,812083400000006	8,665762695	0,994294560929067	440,400604512883
6900	0,811964199999977	8,669490234	0,994218841180599	440,590040859887
6910	0,812202599999978	8,668662109	0,993905155651758	440,54795492199
6920	0,812292099999979	8,672362305	0,994146007575009	440,736001677085
6930	0,812262299999986	8,670972656	0,9942679236104	440,665378665447
6940	0,81276889999998	8,676959961	0,994003508520666	440,969658027138
6950	0,812619900000016	8,672200195	0,99413119884191	440,72776312446
6960	0,810384699999986	8,649637695	0,994064606545292	439,581119835341
6970	0,811636399999998	8,663410156	0,994092733937725	440,281046704274
6980	0,811457599999983	8,659780273	0,993976406178978	440,096573308939
6990	0,811040400000024	8,656642578	0,994119650270204	439,937113279463
7000	0,811040400000024	8,654898438	0,994144145482827	439,848474767495
7010	0,811368200000004	8,655467773	0,993845361691688	439,877408802155
7020	0,809878099999992	8,64206543	0,99393123394275	439,196291609493
7030	0,81253049999998	8,66725293	0,994180934304039	440,476339381003
7040	0,811695999999984	8,657929688	0,994064233526826	440,002525181684
7050	0,810354899999993	8,645222656	0,993998386267091	439,356744219139
7060	0,811517200000026	8,65349707	0,994045420595502	439,777256187427
7070	0,812351700000022	8,662404297	0,994018131244556	440,229928190273
7080	0,811278800000025	8,653737305	0,994312629823558	439,789465111552
7090	0,811517200000026	8,658165039	0,994162772404943	440,01448589724
7100	0,813007299999981	8,670910156	0,993972027962237	440,662202368247
7110	0,81253049999998	8,668273438	0,994149546750214	440,528202368247
7120	0,810682699999973	8,65330957	0,994094503025302	439,767727295828
7130	0,811010599999975	8,652488281	0,99380205354774	439,725988768613
7140	0,810205900000028	8,64509668	0,994072895955655	439,350342023683
7150	0,811755600000026	8,660057617	0,993814813179399	440,110668140469
7160	0,812500699999987	8,664649414	0,993927042735266	440,344026731717
7170	0,811278800000025	8,655317383	0,99412160636704	439,869765868781
7180	0,812351700000022	8,663921875	0,994118439210251	440,307052650302
7190	0,811547000000019	8,659631836	0,994050542849076	440,0890296285
7200	0,811338400000011	8,654930664	0,99386436163227	439,850112517152
7210	0,811606600000005	8,657248047	0,993887552780336	439,967883671291
7220	0,812619900000016	8,668369141	0,994206919590427	440,533066066982
7230	0,812202599999978	8,663802734	0,994179258221065	440,300997814708
7240	0,811695999999984	8,657637695	0,993943807565201	439,987685876912
7250	0,811338400000011	8,653696289	0,994101581375712	439,787380647456
7260	0,812172799999985	8,661063477	0,994018410258369	440,161786705291
7270	0,812441100000001	8,663644531	0,99401021485266	440,292957818773
7280	0,812619900000016	8,667103516	0,993953680053933	440,468746048686
7290	0,812441100000001	8,668310547	0,994029214793242	440,530088275652
7300	0,812083400000006	8,664111328	0,9940248365765	440,316680794837
7310	0,812202599999978	8,662467773	0,993825989732689	440,23315408853
7320	0,811517200000026	8,654665039	0,993810528967312	439,836613254053
7330	0,812262299999986	8,660677734	0,994150105777888	440,142182954719
7340	0,812917900000002	8,666919922	0,993907670776267	440,459415662957
7350	0,810593299999994	8,646777344	0,99391959236644	439,435754637394
7360	0,811934399999984	8,654124023	0,993971655943821	439,80911841236
7370	0,811845000000005	8,657245117	0,994086586633405	439,967734766479
7380	0,812679500000002	8,661714844	0,994165846557127	440,19488966814
7390	0,812500699999987	8,663916992	0,99389267603396	440,306804492555
7400	0,811874799999998	8,656792969	0,994102606426457	439,944756263658
7410	0,811368200000004	8,652732422	0,993760886509787	439,738396198607
7420	0,812262299999986	8,658321289	0,994035175088303	440,02242664024
7430	0,811934399999984	8,655375	0,994049797812194	439,872694008233
7440	0,812619900000016	8,660271484	0,993883827595923	440,12153702292
7450	0,81253049999998	8,664710938	0,994070380831146	440,34715342786
7460	0,812262299999986	8,658789063	0,994109311758401	440,046199268181
7470	0,811695999999984	8,652429688	0,993898450319813	439,723011028104
7480	0,812947699999995	8,665759766	0,993853837111259	440,400455658891
7490	0,812202599999978	8,658358398	0,993889229863359	440,024312547644
7500	0,812709299999995	8,663539063	0,993891464974007	440,287597855364
7510	0,812381500000015	8,662279297	0,994226943581704	440,223575595873
7520	0,811934399999984	8,658734375	0,993877215268583	440,043419982721
7530	0,811606600000005	8,653269531	0,993910278905381	439,76569248361
7540	0,811457599999983	8,651108398	0,994072615941794	439,65586207247
7550	0,811755600000026	8,649894531	0,994045047577036	439,594172434822
7560	0,811368200000004	8,648032227	0,99424305637936	439,499528739137
7570	0,811636399999998	8,64978418	0,993943993574409	439,588564313666
7580	0,811755600000026	8,650237305	0,994289345670888	439,611592468364
7590	0,811457599999983	8,646085938	0,994031821922307	439,400616862327
7600	0,81142779999999	8,647707031	0,99406637563287	439,48300203283
7610	0,810861499999987	8,643917969	0,993903945591854	439,290439040504
7620	0,811457599999983	8,650232422	0,994083233467409	439,611344310617
7630	0,812619900000016	8,664272461	0,994262615347617	440,324869695584
7640	0,812083400000006	8,655708008	0,994127939680567	439,889617726279
7650	0,811219199999982	8,646630859	0,994050449844472	439,428310159069
7660	0,811010599999975	8,646763672	0,993975567137442	439,435059816029
7670	0,810623099999987	8,642135742	0,994157929165181	439,199864918433
7676,779297	0,80955019999999	8,630174805	0,994020087341392	438,592001067236
7680	0,811129800000003	8,6405	0,994024464558084	439,116735274686
7690	0,810056900000006	8,631197266	0,994028282747101	438,643963307415
7700	0,810116499999992	8,633643555	0,993907391762455	438,768285561823
7710	0,811219199999982	8,640828125	0,99396457759341	439,133410834985
7720	0,810950999999989	8,640318359	0,994115925085791	439,107504141892
7730	0,810861499999987	8,640852539	0,994086772642614	439,134651572902
7740	0,811040400000024	8,642222656	0,994074293024817	439,20428195355
7750	0,81202380000002	8,651550781	0,994070566840354	439,678344310616
7760	0,811040400000024	8,642865234	0,994116577118069	439,236938252782
7770	0,812441100000001	8,655749023	0,994033778019142	439,891702139554
7780	0,810623099999987	8,640566406	0,993931047933542	439,120110077756
7790	0,811189399999989	8,641887695	0,994073360978676	439,187258982568
7800	0,81110000000001	8,642491211	0,994055293084234	439,217930121462
7810	0,810950999999989	8,639663086	0,994071684895703	439,074202673172
7820	0,810205900000028	8,631702148	0,99416864069545	438,66962179194
7830	0,810116499999992	8,631637695	0,993933656062656	438,666346241805
7840	0,811874799999998	8,647013672	0,993839308392023	439,447765004828
7850	0,811189399999989	8,640166992	0,9939803173726	439,09981155664
7860	0,811934399999984	8,646287109	0,994122258399318	439,41084052447
7870	0,810593299999994	8,633787109	0,993988233764497	438,775581084515
7880	0,811695999999984	8,644541992	0,994345414446544	439,322152360624
7890	0,810205900000028	8,632401367	0,994011797931029	438,705156629568
7900	0,811874799999998	8,647794922	0,994104003495618	439,487468719825
7910	0,811845000000005	8,645160156	0,99405016983061	439,353567921939
7920	0,811517200000026	8,643105469	0,99390888183622	439,249147176907
7930	0,810772100000008	8,636389648	0,993923410555457	438,907844081923
7940	0,810861499999987	8,634576172	0,993786592782363	438,815681862072
7950	0,811636399999998	8,643077148	0,993893141056981	439,247707882299
7960	0,811219199999982	8,641723633	0,994279939205226	439,178921227829
7970	0,810116499999992	8,631200195	0,994004532571361	438,644112161407
7980	0,810384699999986	8,631730469	0,993938964325438	438,671061086548
7990	0,810205900000028	8,631867188	0,993900126402787	438,678009249377
8000	0,811457599999983	8,640053711	0,993954053072399	439,09405453067
8010	0,810205900000028	8,629898438	0,994136694113951	438,577955887584
8020	0,811338400000011	8,638913086	0,994026513659524	439,036087106774
8030	0,811368200000004	8,643822266	0,993889508877172	439,28557534177
8040	0,811785400000019	8,646524414	0,994067679697427	439,422900543782
8050	0,811755600000026	8,648822266	0,994279939205226	439,539679117752
8060	0,811040400000024	8,639402344	0,994071404881841	439,06095156782
8070	0,810146299999985	8,633613281	0,9939757541467	438,766747014281
8080	0,810861499999987	8,638847656	0,993904597624133	439,032761904762
8090	0,811219199999982	8,639801758	0,993986743690732	439,081250088936
8100	0,81089129999998	8,637882813	0,993869763899707	438,983727854856
8110	0,810950999999989	8,639823242	0,994116297104207	439,082341922041
8120	0,811517200000026	8,644436523	0,994028748770172	439,316792346394
8130	0,810474100000022	8,636751953	0,993971562939216	438,926256695634
8140	0,811368200000004	8,644885742	0,994058087222557	439,339621995223
8150	0,813037099999974	8,661477539	0,994145914570405	440,182829648829
8160	0,811338400000011	8,642775391	0,99375958344528	439,232372363673
8170	0,811219199999982	8,642703125	0,993863523590784	439,228699750978
8180	0,813037099999974	8,661542969	0,994125610565265	440,186154850841
8190	0,811785400000019	8,647729492	0,994025861627245	439,484143517813
8200	0,811338400000011	8,64234668	0,994059670300926	439,210584946892
8210	0,811129800000003	8,637202148	0,994108566721518	438,94913594552
8220	0,812590100000023	8,653088867	0,994048959770707	439,756511002693
8230	0,812083400000006	8,649344727	0,994218561166737	439,566230980332
8240	0,812500699999987	8,652802734	0,994122444408526	439,741969507547
8250	0,812262299999986	8,650008789	0,994180468280968	439,59997911267
8260	0,811934399999984	8,647583008	0,993920709421739	439,476699090308
8270	0,813335100000018	8,662514648	0,993872837051842	440,23553631143
8280	0,813007299999981	8,659047852	0,994209061696471	440,059351120598
8290	0,810712500000022	8,636261719	0,993927322749128	438,901342633532
8300	0,811606600000005	8,640824219	0,99417115481991	439,133212329115
8310	0,811755600000026	8,643735352	0,994133806971024	439,281158306652
8320	0,810533700000008	8,633310547	0,994006861686663	438,751361843777
8330	0,811457599999983	8,640660156	0,994148801713331	439,124874523555
8340	0,811219199999982	8,635085938	0,994103630477152	438,841588555166
8350	0,81110000000001	8,636418945	0,99438984064584	438,909332977588
8360	0,81202380000002	8,646520508	0,994005091599035	439,422702037912
8370	0,811755600000026	8,641899414	0,994069169771193	439,187854550999
8380	0,810950999999989	8,636620117	0,994023067488923	438,919556690552
8390	0,811338400000011	8,640963867	0,994123375454617	439,140309345937
8400	0,810861499999987	8,635634766	0,993995406119561	438,869480408599
8410	0,811010599999975	8,635291992	0,993924900629222	438,852060375057
8420	0,811368200000004	8,641648438	0,993776720293631	439,175099761142
8430	0,811755600000026	8,644981445	0,994104934541709	439,344485693957
8440	0,812858300000016	8,658334961	0,994125517560661	440,023121461605
8450	0,813186099999996	8,660880859	0,994095248062185	440,152505920618
8460	0,811964199999977	8,653539063	0,994082209416714	439,7793903034
8470	0,811934399999984	8,648700195	0,99379609225263	439,533475377344
8480	0,811189399999989	8,641326172	0,994261125273852	439,158721959648
8490	0,811517200000026	8,63940625	0,994118346205647	439,06115007369
8500	0,812351700000022	8,65015918	0,993954239081608	439,607622096864
8510	0,812172799999985	8,648697266	0,993877867300862	439,533326523352
8520	0,812351700000022	8,651036133	0,994056596148742	439,652189510596
8530	0,81110000000001	8,638759766	0,99392257251397	439,028295268588
8540	0,812113199999999	8,649439453	0,994264198425986	439,571045027189
8550	0,812202599999978	8,649552734	0,994073827001746	439,576802053159
8560	0,810384699999986	8,633012695	0,9940248365765	438,7362247802
8570	0,810474100000022	8,632259766	0,993973332026794	438,697960359811
8580	0,811517200000026	8,63915625	0,99397277299912	439,048444884891
8590	0,811278800000025	8,636887695	0,994082023407505	438,933155206586
8600	0,812679500000002	8,650244141	0,9938947251354	439,611939879047
8610	0,811517200000026	8,638775391	0,994022881479714	439,029089342888
8620	0,810474100000022	8,63103125	0,993815186197866	438,63552624892
8630	0,811517200000026	8,64019043	0,994077273172347	439,1010026935
8640	0,811517200000026	8,640239258	0,994268948661144	439,103484169335
8650	0,81110000000001	8,636725586	0,994056596148742	438,924916704782
8660	0,81202380000002	8,645067383	0,994170875806098	439,348853128018
8670	0,811874799999998	8,641694336	0,993889322867963	439,177432332164
8680	0,811547000000019	8,641725586	0,993995033101095	439,179020480764
8690	0,811457599999983	8,638924805	0,994048586752241	439,036682675205
8700	0,811278800000025	8,637280273	0,993969978860797	438,95310631702
8710	0,811934399999984	8,644089844	0,994044861567827	439,299173857804
8720	0,811547000000019	8,64212207	0,994051101876751	439,199170097068
8730	0,812113199999999	8,64506543	0,993862964563109	439,348753875083
8740	0,812500699999987	8,651140625	0,994211482816327	439,657499872948
8750	0,811874799999998	8,645760742	0,99425628203409	439,38409015602
8760	0,810950999999989	8,634936523	0,993944087579063	438,833995172028
8770	0,811040400000024	8,633801758	0,994191737838862	438,776325557758
8780	0,812351700000022	8,645916992	0,994182238368596	439,392030899019
8790	0,811368200000004	8,637250977	0,994001180405414	438,951617472176
8800	0,81142779999999	8,638248047	0,994225267498731	439,002289322559
8810	0,810593299999994	8,629371094	0,994107169652357	438,551155867256
8820	0,810593299999994	8,627265625	0,99398488159855	438,444154342634
8830	0,810772100000008	8,629293945	0,993914656122073	438,547235096814
8840	0,811457599999983	8,634271484	0,994128777722054	438,800197387813
8850	0,812500699999987	8,645894531	0,993989351819846	439,390889414037
8860	0,811517200000026	8,636901367	0,993853558097447	438,933850027951
8870	0,811547000000019	8,636037109	0,993838656359744	438,889927783707
8880	0,811636399999998	8,636938477	0,993995406119561	438,935735986177
8890	0,81202380000002	8,639051758	0,994001366414622	439,043134522539
8900	0,810146299999985	8,62196875	0,993811740027265	438,174963154952
8910	0,810116499999992	8,622297852	0,99396569464871	438,191688367129
8920	0,809609799999976	8,618334961	0,994069821803471	437,990291253748
8930	0,810444300000029	8,625762695	0,993979479331113	438,367774305026
8940	0,810801900000001	8,622801758	0,993632824170127	438,217297250597
8950	0,809460800000011	8,613875	0,993790597980639	437,763632667581
8960	0,809401200000025	8,613378906	0,994103630477152	437,738420795853
8970	0,809609799999976	8,615710938	0,993890439923263	437,856936423235
8980	0,810205900000028	8,621121094	0,994168267676984	438,131884636886
8990	0,810295300000007	8,621382813	0,993901151453532	438,145185394115
9000	0,810265500000014	8,619424805	0,993818538363813	438,045677948874
9010	0,810712500000022	8,623417969	0,994068797752776	438,248613558978
9020	0,810712500000022	8,622431641	0,994041880420247	438,198487625146
9030	0,811010599999975	8,625922852	0,993940734413066	438,375913604716
9040	0,810056900000006	8,616563477	0,993836607258304	437,90026309905
9050	0,810146299999985	8,616426758	0,993800935492392	437,89331493622
9060	0,810474100000022	8,620541016	0,994023067488923	438,102404634853
9070	0,811845000000005	8,631958008	0,993946694708127	438,682624790364
9080	0,810265500000014	8,621076172	0,994080998356761	438,129601666921
9090	0,810354899999993	8,619114258	0,993851322986799	438,02989571581
9100	0,810295300000007	8,617853516	0,993871906005751	437,965823855263
9110	0,81110000000001	8,625414063	0,99405063585368	438,3500565635
9120	0,809699299999977	8,613986328	0,994176464082743	437,769290440616
9130	0,809788700000013	8,612412109	0,993801494520066	437,689287442191
9140	0,809967500000027	8,615535156	0,993853372088239	437,848003049245
9150	0,810533700000008	8,618954102	0,994184100460778	438,021756466941
9160	0,810116499999992	8,615123047	0,994138371196974	437,827059358642
9170	0,811010599999975	8,623134766	0,994177581138042	438,234220968644
9180	0,809639600000025	8,61240332	0,994021763424366	437,688840778574
9190	0,810205900000028	8,616063477	0,99409375798842	437,874852721452
9200	0,810593299999994	8,62031543	0,994079322273787	438,090940183971
9210	0,809401200000025	8,609943359	0,994166311580148	437,5638237028
9220	0,810474100000022	8,620364258	0,99431952216476	438,093421659806
9230	0,810295300000007	8,617237305	0,993856911263444	437,934507546882
9240	0,811874799999998	8,631203125	0,994006861686663	438,644261066219
9250	0,811636399999998	8,628708008	0,993890067904846	438,517457335976
9260	0,811547000000019	8,628470703	0,99403396402835	438,505397316664
9270	0,810384699999986	8,618044922	0,994087424674892	437,975551252732
9280	0,810593299999994	8,620354492	0,994143679459757	438,092925344311
9290	0,811219199999982	8,623567383	0,994169850755353	438,256206891294
9300	0,81110000000001	8,622453125	0,994049145779915	438,199579458251
9310	0,811785400000019	8,630370117	0,99421222785321	438,601926970575
9320	0,812262299999986	8,636388672	0,994108939739985	438,907794480866
9330	0,811517200000026	8,628453125	0,994092919946933	438,504503989429
9340	0,811964199999977	8,632455078	0,994378012060272	438,70788626315
9350	0,81089129999998	8,623147461	0,993904131601062	438,234866138131
9360	0,811368200000004	8,625260742	0,994038341245042	438,342264674493
9370	0,811129800000003	8,623109375	0,994250414743632	438,232930578848
9380	0,811845000000005	8,626887695	0,994039273291183	438,424947654622
9390	0,81089129999998	8,623466797	0,994031542908494	438,251095034812
9400	0,81202380000002	8,630746094	0,99393216598889	438,621034405651
9410	0,810861499999987	8,62171582	0,993921641467879	438,162109061341
9420	0,810205900000028	8,615363281	0,993902641527297	437,839268231946
9430	0,811964199999977	8,630026367	0,994211855834793	438,584457335976
9440	0,811010599999975	8,622001953	0,994082768444388	438,176650556487
9450	0,811278800000025	8,628326172	0,99382487167734	438,498052142095
9460	0,811219199999982	8,627723633	0,994029214793242	438,46743065508
9470	0,810593299999994	8,618216797	0,993796279261887	437,984286070031
9480	0,811278800000025	8,623666016	0,994118812228717	438,261219494842
9490	0,812500699999987	8,634238281	0,994225360503335	438,798509986278
9500	0,811457599999983	8,625043945	0,994021018387483	438,331246887229
9510	0,812083400000006	8,632585938	0,993946136680502	438,714536667175
9520	0,81253049999998	8,633775391	0,994188850695936	438,774985566906
9530	0,811219199999982	8,620871094	0,993873303074912	438,119179448087
9540	0,810593299999994	8,614145508	0,993798328363327	437,777380088428
9550	0,811517200000026	8,624837891	0,994178792197995	438,320775067338
9560	0,812858300000016	8,636927734	0,993935984177908	438,935190018804
9570	0,811606600000005	8,622655273	0,994058645250182	438,209852772272
9580	0,810861499999987	8,616714844	0,994179444230273	437,907955684301
9590	0,811845000000005	8,625729492	0,994111081846028	438,366086903491
9600	0,811040400000024	8,622362305	0,994012542967912	438,194963917264
9610	0,811040400000024	8,619601563	0,993952749007842	438,054660923921
9620	0,811874799999998	8,626716797	0,994185870548405	438,416262489201
9630	0,811606600000005	8,624760742	0,993950140878728	438,316854296895
9640	0,813007299999981	8,641459961	0,994080626338344	439,165521217665
9650	0,811219199999982	8,62427832	0,994009282806519	438,292337246531
9660	0,811845000000005	8,628930664	0,993944180583667	438,528772882045
9670	0,811040400000024	8,62050293	0,993988047755289	438,100469075571
9680	0,811934399999984	8,628180664	0,994048400743032	438,490657315648
9690	0,811636399999998	8,628671875	0,993996337165652	438,515621029629
9700	0,811189399999989	8,62302832	0,994015430110838	438,228811302536
9710	0,810950999999989	8,619946289	0,994220703272781	438,072180159577
9720	0,81142779999999	8,626265625	0,993934773117955	438,393333587437
9730	0,811636399999998	8,623926758	0,993832509055425	438,274470600193
9740	0,810593299999994	8,614698242	0,993882244517553	437,805470447731
9750	0,810950999999989	8,61618457	0,993891836992424	437,88100675916
9760	0,811785400000019	8,626408203	0,99414787066724	438,400579509072
9770	0,810474100000022	8,613771484	0,993958896312161	437,758371906287
9780	0,811368200000004	8,620789063	0,994229551710819	438,115010570717
9790	0,81089129999998	8,618771484	0,993879822397648	438,012475682269
9800	0,811517200000026	8,622663086	0,994118067191834	438,210249834832
9810	0,811129800000003	8,618614258	0,993954705104678	438,004485338212
9820	0,81110000000001	8,619422852	0,994142189385991	438,045578695939
9830	0,811129800000003	8,620802734	0,993823381603575	438,115705341261
9840	0,81202380000002	8,627416992	0,993903945591854	438,451846927885
9850	0,811785400000019	8,625077148	0,994078483232251	438,332934288764
9860	0,811457599999983	8,620706055	0,994185684539197	438,11079204147
9870	0,811338400000011	8,618581055	0,994354540898344	438,002797936677
9880	0,810384699999986	8,609794922	0,993956381187651	437,556280022361
9890	0,811010599999975	8,614802734	0,994001459419226	437,810780810083
9900	0,810712500000022	8,611719727	0,994042905470992	437,654100066067
9910	0,810056900000006	8,607869141	0,99418438047464	437,458410377598
9920	0,811338400000011	8,618157227	0,994185870548405	437,981258677644
9930	0,810801900000001	8,611695313	0,994042905470992	437,65285932815
9940	0,809103199999981	8,596203125	0,993923317550853	436,865534634345
9950	0,810682699999973	8,606925781	0,994113968988955	437,410468109976
9960	0,809132999999974	8,595610352	0,99395703321993	436,835409462825
9970	0,810682699999973	8,612289063	0,994159606248204	437,683034151548
9980	0,810116499999992	8,605133789	0,994094038002282	437,31939772323
9990	0,810354899999993	8,607529297	0,993874979157885	437,441139248869
10000	0,810533700000008	8,609594727	0,994131943878793	437,546105961275
10010	0,810861499999987	8,611838867	0,994138929224599	437,660154850841
10020	0,81142779999999	8,624389648	0,99418987574668	438,297995019566
10030	0,810682699999973	8,612494141	0,993900126402787	437,693456370382
10040	0,811964199999977	8,626566406	0,99393831229316	438,408619505006
10050	0,809788700000013	8,607072266	0,99389882233823	437,417912588301
10060	0,811129800000003	8,616517578	0,993863523590784	437,897930477207
10070	0,811695999999984	8,622152344	0,994080439329086	438,184293540682
10080	0,81142779999999	8,619949219	0,994202728382943	438,07232906439
10090	0,810861499999987	8,609380859	0,994115552067324	437,535237028002
10100	0,810712500000022	8,612692383	0,994168919709262	437,703531178533
10110	0,810146299999985	8,602587891	0,994102978444874	437,190013264217
10120	0,809729100000027	8,600333984	0,993960013367461	437,075468008335
10130	0,810295300000007	8,602250977	0,993915867182026	437,172891040301
10140	0,811040400000024	8,607856445	0,993988420773755	437,45776515729
10150	0,809311799999989	8,597620117	0,994144797515105	436,937547237892
10160	0,81089129999998	8,607360352	0,9939620624689	437,432553336383
10170	0,810265500000014	8,603488281	0,99412160636704	437,235771763988
10180	0,810444300000029	8,603660156	0,993895842190699	437,244506581288
10190	0,810384699999986	8,602041992	0,994101674380317	437,162270264776
10200	0,810027100000013	8,601202148	0,99391046491459	437,119588758449
10210	0,809937699999978	8,596539063	0,993965136621085	436,882607257204
10220	0,810712500000022	8,604352539	0,994065816605196	437,279694008233
10230	0,810205900000028	8,602742188	0,994007233705079	437,197854754282
10240	0,810593299999994	8,605449219	0,993833627110774	437,335428114042
10250	0,81142779999999	8,612429688	0,993963459538062	437,690180820247
10260	0,809192600000017	8,594956055	0,993870322927381	436,802157595162
10270	0,810116499999992	8,599387695	0,994172644893676	437,027376886721
10280	0,810950999999989	8,606257813	0,993948836814171	437,376521471769
10290	0,810712500000022	8,605691406	0,99409170888698	437,347736240281
10300	0,810295300000007	8,604771484	0,993934028081072	437,300985109519
10310	0,80955019999999	8,599636719	0,994055199079581	437,040032474463
10320	0,811368200000004	8,613332031	0,993904131601062	437,736038572953
10330	0,810295300000007	8,603461914	0,994012076944841	437,234431773136
10340	0,811219199999982	8,612259766	0,993938219288556	437,681545255882
10350	0,810444300000029	8,607063477	0,993911302956077	437,417465924684
10360	0,810593299999994	8,60537793	0,993855421189678	437,331805153225
10370	0,809639600000025	8,601166992	0,994039273291183	437,117802103979
10380	0,809281999999996	8,596572266	0,993970072865451	436,884294658739
10390	0,810384699999986	8,603828125	0,994055199079581	437,253042892717
10400	0,810056900000006	8,601578125	0,994018690272231	437,138696193525
10410	0,809520399999997	8,594796875	0,994138371196974	436,79406794735
10420	0,810205900000028	8,599566406	0,994059577296322	437,036459114702
10430	0,809311799999989	8,591355469	0,993909812882311	436,619173095492
10440	0,810861499999987	8,607811523	0,994103816486361	437,455482187325
10450	0,811636399999998	8,614944336	0,993969978860797	437,81797713066
10460	0,809401200000025	8,594948242	0,993905248656362	436,801760532601
10470	0,809699299999977	8,593258789	0,994154856013046	436,715901255273
10480	0,809132999999974	8,590695313	0,994037317194347	436,585623469025
10490	0,811189399999989	8,607189453	0,993827200792642	437,42386812014
10500	0,811129800000003	8,609327148	0,994134645012511	437,53250739442
10510	0,809609799999976	8,595430664	0,994102792435665	436,826277582965
10520	0,810623099999987	8,603907227	0,993992797990447	437,257062916095
10530	0,810533700000008	8,607293945	0,993903945591854	437,429178482492
10540	0,810444300000029	8,605323242	0,993897984296743	437,329025867764
10550	0,811934399999984	8,620889648	0,994242684360944	438,120122376379
10560	0,810950999999989	8,609549805	0,994019714322926	437,54382299131
10570	0,811219199999982	8,609385742	0,994016734175395	437,53548518575
10580	0,811695999999984	8,617182617	0,994197792138577	437,931728261422
10590	0,810384699999986	8,601038086	0,993819377405349	437,11125100371
10600	0,810801900000001	8,60499707	0,99373881341707	437,3124495604
10610	0,810682699999973	8,604518555	0,993918567315695	437,288131066728
10620	0,811785400000019	8,615759766	0,993954425090816	437,85941789907
10630	0,81142779999999	8,610270508	0,993981155414087	437,580449662042
10640	0,811219199999982	8,608499023	0,994006488668197	437,490421456523
10650	0,810533700000008	8,604428711	0,993965042616431	437,283565126798
10660	0,811129800000003	8,610174805	0,99388969488638	437,575585963307
10670	0,811874799999998	8,615836914	0,993925925679967	437,863338618692
10680	0,811606600000005	8,614700195	0,994306669528497	437,805569700666
10690	0,811189399999989	8,610066406	0,993842195534949	437,570077044265
10700	0,810712500000022	8,607813477	0,994079322273787	437,455581491081
10710	0,811874799999998	8,616978516	0,994049983821402	437,921355694466
10720	0,811964199999977	8,618477539	0,993991400921285	437,997537175382
10730	0,811219199999982	8,610243164	0,993972214971495	437,579060019312
10740	0,812083400000006	8,617261719	0,994147218634962	437,9357482848
10750	0,811695999999984	8,61509668	0,993965229625689	437,82571936779
10760	0,812172799999985	8,6213125	0,993936170187116	438,141612034355
10770	0,811547000000019	8,616182617	0,994264198425986	437,880907506226
10780	0,811129800000003	8,609827148	0,994112571919794	437,557917772018
10790	0,811934399999984	8,615625	0,994133434952608	437,852568989175
10800	0,81110000000001	8,608539063	0,994134085984837	437,492456319561
10810	0,811785400000019	8,617399414	0,994070380831146	437,942746048686
10820	0,811964199999977	8,617582031	0,993914656122073	437,952026782538
10830	0,811695999999984	8,61444043	0,993869297876637	437,792368247192
10840	0,812381500000015	8,620324219	0,994021297401295	438,091386847589
10850	0,811189399999989	8,607446289	0,993911675974543	437,436920719622
10860	0,811606600000005	8,613743164	0,994115832081186	437,756932662499
10870	0,811845000000005	8,612418945	0,99398944482445	437,689634852874
10880	0,811010599999975	8,607302734	0,994164355483313	437,42962514611
10890	0,810772100000008	8,605324219	0,994001738433039	437,329075519642
10900	0,811368200000004	8,610712891	0,994057900213299	437,602931900188
10910	0,811517200000026	8,61277832	0,993958616298299	437,707898561773
10920	0,811547000000019	8,61247168	0,994044023526341	437,692314885399
10930	0,812679500000002	8,626076172	0,994144238487431	438,383705442903
10940	0,811219199999982	8,610977539	0,994193693935698	437,616381511409
10950	0,811189399999989	8,611086914	0,994181586336317	437,621940031509
10960	0,811874799999998	8,61465918	0,994120395307087	437,803485287391
10970	0,81110000000001	8,607563477	0,99390292054111	437,442876302282
10980	0,811517200000026	8,609795898	0,994122444408526	437,556329623418
10990	0,810384699999986	8,599649414	0,993988233764497	437,04067764395
11000	0,810265500000014	8,598036133	0,994006302658988	436,958689485186
11010	0,81142779999999	8,609399414	0,99385681825884	437,536180007115
11020	0,812292099999979	8,617366211	0,994005836635918	437,941058647152
11030	0,811547000000019	8,609057617	0,993945763662036	437,518809625451
11040	0,811189399999989	8,608189453	0,993825710718877	437,474688875337
11050	0,810712500000022	8,603080078	0,994001738433039	437,215026579255
11060	0,810682699999973	8,600539063	0,993877867300862	437,08589027799
11070	0,810533700000008	8,597413086	0,994017386207674	436,927025766123
11080	0,811010599999975	8,599109375	0,993838004327465	437,013232454134
11090	0,810623099999987	8,597103516	0,994060135323947	436,911293184937
11100	0,81142779999999	8,605655273	0,994029865825471	437,345899933933
11110	0,810116499999992	8,595083008	0,99396867579629	436,808609442496
11120	0,810444300000029	8,597486328	0,993979013308043	436,930747979875
11130	0,811606600000005	8,607069336	0,994130546809632	437,417763683488
11140	0,811219199999982	8,607071289	0,99409422401149	437,417862936423
11150	0,81089129999998	8,602462891	0,99403144990389	437,183660669818
11160	0,812083400000006	8,613999023	0,993936822219395	437,769935610103
11170	0,810116499999992	8,594756836	0,994006488668197	436,792033135132
11180	0,810027100000013	8,592775391	0,993865945710689	436,691334603852
11190	0,810444300000029	8,597207031	0,993977523234278	436,916553895411
11200	0,811129800000003	8,60453418	0,994014685073955	437,288925141028
11210	0,810801900000001	8,601911133	0,993823847626645	437,155619911572
11220	0,810146299999985	8,596975586	0,993994567078024	436,904791685724
11230	0,810056900000006	8,596730469	0,993793299114357	436,892334654673
11240	0,810354899999993	8,597336914	0,993855328185074	436,923154647558
11250	0,809609799999976	8,589919922	0,994063023466923	436,546217512832
11260	0,810295300000007	8,594140625	0,993957592247604	436,760716826752
11270	0,809788700000013	8,591668945	0,994176370078089	436,635104182548
11280	0,809967500000027	8,593148438	0,99381825935	436,710293134116
11290	0,809967500000027	8,592518555	0,993886807743454	436,678282004371
11300	0,810682699999973	8,599515625	0,994033218991468	437,033878385933
11310	0,811040400000024	8,605013672	0,993989630833658	437,313293286578
11320	0,810205900000028	8,597553711	0,994027258696406	436,934172434822
11330	0,810205900000028	8,595415039	0,994115925085791	436,825483508665
11340	0,809937699999978	8,592646484	0,99393328304419	436,684783452762
11350	0,810772100000008	8,599977539	0,993978361275764	437,057353204249
11360	0,809311799999989	8,588907227	0,994042905470992	436,494751588149
11370	0,810533700000008	8,595931641	0,993927787772149	436,851737612441
11380	0,810623099999987	8,599167969	0,994058273231765	437,016210245464
11390	0,810801900000001	8,599850586	0,994067586692823	437,050901356914
11400	0,81110000000001	8,599702148	0,99397277299912	437,043357625654
11410	0,809878099999992	8,591009766	0,994123375454617	436,601604207959
11420	0,809848299999999	8,5911875	0,994083419476617	436,610636784063
11430	0,809848299999999	8,590496094	0,994115645071929	436,575499008995
11440	0,809848299999999	8,590585938	0,993974543086747	436,580064948925
11448,30078	0,808566799999994	8,58009375	0,994087331670288	436,046844031102
11450	0,809967500000027	8,586766602	0,993992611981238	436,385963409056
11460	0,810295300000007	8,591605469	0,99389174398782	436,631878284291
11470	0,810444300000029	8,592041016	0,993927974781407	436,654013111755
11480	0,811040400000024	8,598723633	0,993990189861333	436,993628754383
11490	0,809729100000027	8,58772168	0,993922200495554	436,434501194288
11500	0,809967500000027	8,58793457	0,993847317788524	436,445320424862
11510	0,810146299999985	8,591539063	0,994072895955655	436,628503481222
11520	0,810950999999989	8,601060547	0,994061067370087	437,112392488692
11530	0,809192600000017	8,58312793	0,994159233229738	436,201043350104
11540	0,81110000000001	8,596399414	0,993957592247604	436,875510189561
11550	0,810533700000008	8,592714844	0,994167522640101	436,688257559587
11560	0,809788700000013	8,587354492	0,994096925145208	436,415840422829
11570	0,810593299999994	8,592288086	0,994057900213299	436,666569395741
11580	0,809967500000027	8,584112305	0,993921454458622	436,251070031001
11590	0,810623099999987	8,592166992	0,99419695409709	436,660415307211
11600	0,810265500000014	8,58834668	0,993914097094399	436,466264166286
11610	0,810474100000022	8,588501953	0,993846572751641	436,474155257407
11620	0,810772100000008	8,594207031	0,99408463053657	436,764091629822
11630	0,809043599999995	8,580189453	0,993883827595923	436,051707729837
11640	0,81089129999998	8,593288086	0,993953773058537	436,717390150938
11650	0,810772100000008	8,592010742	0,993974543086747	436,652474564212
11660	0,810027100000013	8,58743457	0,994057528194882	436,419910047263
11670	0,809192600000017	8,581738281	0,99392415559234	436,130420338466
11680	0,81142779999999	8,602868164	0,994251066775911	437,204256949738
11690	0,810384699999986	8,592676758	0,994058087222557	436,686322000305
11700	0,810772100000008	8,593396484	0,993872837051842	436,722899019159
11710	0,810950999999989	8,595264648	0,994000062350065	436,81784052447
11720	0,809848299999999	8,587168945	0,99404467455857	436,406410784164
11730	0,809281999999996	8,580259766	0,993942690509901	436,055281089597
11740	0,810295300000007	8,587501953	0,994006209654384	436,423334502211
11750	0,810950999999989	8,593831055	0,993986278667711	436,744984245566
11760	0,810623099999987	8,594636719	0,993884945651272	436,78592869848
11770	0,810682699999973	8,59484668	0,994065630595988	436,796599075062
11780	0,811189399999989	8,599016602	0,994057621199486	437,008517660213
11790	0,811040400000024	8,596878906	0,994028375751705	436,899878335112
11800	0,810682699999973	8,595657227	0,993975940155908	436,837791685724
11810	0,810474100000022	8,596694336	0,993850577949916	436,890498348325
11820	0,811457599999983	8,603201172	0,993902361513435	437,221180667785
11830	0,810861499999987	8,59640918	0,994041880420247	436,876006505057
11840	0,810474100000022	8,594441406	0,994090311817819	436,776002744321
11850	0,809937699999978	8,585375	0,993989072806033	436,315241144483
11860	0,811457599999983	8,600104492	0,994336286994694	437,063805051583
11870	0,812202599999978	8,608969727	0,994023812525805	437,514342989277
11880	0,810950999999989	8,596092773	0,994151688856258	436,859926462367
11890	0,811189399999989	8,596870117	0,993720931531836	436,899431671495
11900	0,811606600000005	8,601292969	0,99389882233823	437,124204350257
11910	0,810801900000001	8,593427734	0,993865200673807	436,724487167759
11920	0,811368200000004	8,598879883	0,994009655824985	437,001569497383
11930	0,810444300000029	8,58937793	0,993925832675363	436,518673070082
11940	0,810801900000001	8,593460938	0,994113688975093	436,726174620115
11950	0,810593299999994	8,593875	0,994077273172347	436,747217563653
11960	0,811785400000019	8,603634766	0,99407801820923	437,243216242313
11970	0,811219199999982	8,595834961	0,993902175504227	436,846824261828
11980	0,811040400000024	8,594599609	0,993933470053447	436,784042740255
11990	0,811010599999975	8,59384082	0,994042905470992	436,74548051024
12000	0,811547000000019	8,59884668	0,993980876400274	436,999882095848
12010	0,81089129999998	8,591512695	0,994173948958233	436,627163439549
12020	0,809639600000025	8,583395508	0,994148801713331	436,214641866138
12030	0,810861499999987	8,595091797	0,994068238725102	436,809056106114
12040	0,811010599999975	8,594373047	0,994114061993559	436,772528688316
12050	0,810623099999987	8,592651367	0,994121419357782	436,68503161051
12060	0,810056900000006	8,587499023	0,993959920362856	436,423185597398
12070	0,810265500000014	8,587902344	0,993977709243486	436,443682675205
12080	0,809937699999978	8,58562207	0,993899195356696	436,32779742847
12090	0,811129800000003	8,596402344	0,994184473479244	436,875659094374
12100	0,810801900000001	8,592573242	0,994178047161112	436,68106123901
12110	0,81089129999998	8,595069336	0,994059856310134	436,807914621131
12120	0,810801900000001	8,592888672	0,994167988663171	436,697091629822
12130	0,809699299999977	8,583383789	0,993891464974007	436,214046297708
12140	0,810593299999994	8,590370117	0,993989537829054	436,569096762718
12150	0,810444300000029	8,589291016	0,993993822041142	436,514256034965
12160	0,810623099999987	8,590083008	0,993908229803942	436,554505666514
12170	0,810593299999994	8,588609375	0,994100464320413	436,479614524572
12180	0,810533700000008	8,588444336	0,994044768563223	436,471227117955
12190	0,809639600000025	8,583317383	0,993931327947404	436,210671494639
12200	0,809937699999978	8,584417969	0,993780166464232	436,266604106317
12210	0,810772100000008	8,589990234	0,993772715095355	436,549790821772
12220	0,810384699999986	8,587760742	0,994000900391552	436,436486354627
12230	0,809401200000025	8,576667969	0,994027071687149	435,872743253545
12240	0,809192600000017	8,57465918	0,993902548522693	435,770655079534
12250	0,809788700000013	8,581429688	0,994048865766053	436,114737409158
12260	0,810146299999985	8,583649414	0,994090870845493	436,227545560807
12270	0,810295300000007	8,585681641	0,993932258993495	436,330824871678
12280	0,810623099999987	8,588217773	0,994000435368531	436,459713015195
12290	0,810116499999992	8,581530273	0,994193693935698	436,119849214819
12300	0,809132999999974	8,574578125	0,993807175801315	435,766535803222
12310	0,809729100000027	8,578364258	0,994223032388083	435,958949941556
12320	0,80922240000001	8,573424805	0,994100371315809	435,707923209839
12330	0,809371399999975	8,57602832	0,99394334254218	435,840235808304
12340	0,809043599999995	8,572267578	0,993914470112865	435,649112059765
12350	0,80955019999999	8,577430664	0,994027258696406	435,911503989429
12360	0,809848299999999	8,577295898	0,993897332264465	435,904655079534
12370	0,810772100000008	8,58580957	0,994086400624197	436,337326320069
12380	0,810205900000028	8,582333008	0,993923131541645	436,160644813742
12390	0,808447600000022	8,567267578	0,993993170008863	435,395008283783
12400	0,809460800000011	8,571408203	0,993981342423345	435,605437973268
12410	0,810772100000008	8,584382813	0,99431998718778	436,264817451847
12420	0,810772100000008	8,583717773	0,994033405000676	436,231019616812
12430	0,809699299999977	8,574394531	0,994084816545778	435,757205417493
12440	0,808775400000002	8,566802734	0,994225733521801	435,371384560655
12450	0,810056900000006	8,580905273	0,993933935076468	436,088086242822
12460	0,809132999999974	8,57278125	0,99420356642443	435,675217258728
12470	0,809281999999996	8,573620117	0,99383809733207	435,717849113178
12480	0,809937699999978	8,575905273	0,993999690331648	435,833982466839
12490	0,808864799999981	8,567504883	0,993848900866893	435,407068303095
12500	0,809937699999978	8,576251953	0,99370640181255	435,851601006251
12510	0,809878099999992	8,575194336	0,993813882133309	435,797852111602
12520	0,810056900000006	8,574557617	0,993926484707641	435,765493571174
12530	0,810027100000013	8,575601563	0,993940548403858	435,818547695279
12540	0,809043599999995	8,567728516	0,993916798228117	435,418433501042
12550	0,809699299999977	8,572072266	0,994018690272231	435,639186156426
12560	0,809699299999977	8,573701172	0,993995033101095	435,72196838949
12570	0,809460800000011	8,572012695	0,994126355602148	435,636158713218
12580	0,809460800000011	8,570154297	0,994012169949446	435,541713523403
12590	0,809520399999997	8,572314453	0,994003787534478	435,651494282665
12600	0,809878099999992	8,575267578	0,993904969642549	435,801574325355
12610	0,811219199999982	8,588691406	0,993914097094399	436,483783401941
12620	0,810623099999987	8,586173828	0,993969233823915	436,355838186715
12630	0,810027100000013	8,575551758	0,994094038002282	435,816016567566
12640	0,809699299999977	8,572453125	0,993979199317251	435,65854169843
12650	0,810682699999973	8,582578125	0,993763029615881	436,173101844793
12660	0,809848299999999	8,575337891	0,993948184781893	435,805147685115
12670	0,809967500000027	8,576241211	0,994071125868028	435,851055089699
12680	0,808805199999995	8,569001953	0,99394585666664	435,483150531077
12690	0,810772100000008	8,58293457	0,993860450438649	436,191216648879
12700	0,80922240000001	8,571053711	0,993999969345461	435,587422422117
12710	0,810027100000013	8,572482422	0,993778676390466	435,660030594095
12720	0,809043599999995	8,56765918	0,994244919471592	435,41490979316
12730	0,809788700000013	8,569618164	0,994011611921821	435,514466839457
12740	0,810205900000028	8,57646875	0,99418736062217	435,862618793515
12750	0,80955019999999	8,571822266	0,993763215625089	435,626480967627
12760	0,810056900000006	8,577057617	0,993912047992959	435,892545459165
12770	0,810027100000013	8,576680664	0,99381825935	435,873388423032
12780	0,811338400000011	8,590083008	0,99405221893205	436,554505666514
12790	0,810265500000014	8,579831055	0,994146752611891	436,033493672816
12800	0,811040400000024	8,585126953	0,994031542908494	436,302635208619
12810	0,80955019999999	8,571911133	0,994167522640101	435,630997255679
12820	0,810712500000022	8,582416992	0,993996337165652	436,164912944046
12830	0,810623099999987	8,582829102	0,994288693638609	436,18585668547
12840	0,809967500000027	8,576746094	0,994017945235348	435,876713625044
12850	0,809609799999976	8,572174805	0,994142561404408	435,644397265843
12860	0,81110000000001	8,583885742	0,993947067726593	436,239555928241
12870	0,810474100000022	8,577898438	0,993842661558019	435,935276617371
12880	0,811010599999975	8,584580078	0,994143586455152	436,274842608121
12890	0,81142779999999	8,591743164	0,994177209119625	436,638876048178
12900	0,80955019999999	8,573850586	0,994007978741962	435,729561721807
12910	0,810205900000028	8,580232422	0,994251997822002	436,053891446867
12920	0,810146299999985	8,580908203	0,99407801820923	436,088235147634
12930	0,810116499999992	8,578709961	0,994052963968933	435,97651882909
12940	0,811219199999982	8,588046875	0,993885690688154	436,451027849774
12950	0,809937699999978	8,576352539	0,994013660023211	435,856712862733
12960	0,811189399999989	8,58940332	0,993922758523179	436,519963409056
12970	0,810384699999986	8,579515625	0,994069728798867	436,017463282004
12980	0,811189399999989	8,585677734	0,994033218991468	436,330626314987
12990	0,811457599999983	8,590602539	0,994027444705615	436,580908624282
13000	0,810384699999986	8,578425781	0,994033778019142	435,962076586878
13010	0,811338400000011	8,587239258	0,994020738373621	436,409984143924
13020	0,810712500000022	8,580668945	0,993904503619479	436,076075875388
13030	0,810861499999987	8,581463867	0,993910278905381	436,11647441175
13040	0,811338400000011	8,588375977	0,994132502906467	436,46775306195
13050	0,810205900000028	8,579140625	0,993848528848477	435,998405498806
13060	0,811219199999982	8,585762695	0,993848062825406	436,334944097169
13070	0,809878099999992	8,573085938	0,994003508520666	435,690701732988
13080	0,809967500000027	8,575894531	0,993977616238882	435,833436550287
13090	0,810801900000001	8,584098633	0,993890998950937	436,250375209636
13100	0,810474100000022	8,581026367	0,994089194762519	436,094240331351
13110	0,810444300000029	8,579984375	0,994136042081672	436,041285511003
13120	0,809937699999978	8,574219727	0,993956940215326	435,748321746201
13130	0,81089129999998	8,584516602	0,994079508282995	436,271616709864
13140	0,810027100000013	8,573688477	0,993907391762455	435,721323220003
13150	0,810623099999987	8,579574219	0,99400406754834	436,020441073334
13160	0,810056900000006	8,578923828	0,99389267603396	435,987387711541
13170	0,810623099999987	8,582823242	0,994022508461248	436,185558875845
13180	0,811278800000025	8,589850586	0,99414284141827	436,54269380495
13190	0,810384699999986	8,579641602	0,994085468578057	436,023865528282
13200	0,810801900000001	8,587064453	0,994078949255321	436,401100421812
13210	0,811517200000026	8,592365234	0,994152061874724	436,670490115363
13220	0,810474100000022	8,582478516	0,994260659250781	436,168039640189
13230	0,810384699999986	8,580045898	0,993861195475531	436,044412156325
13240	0,810712500000022	8,582550781	0,994210737779445	436,171712202063
13250	0,810623099999987	8,581576172	0,993930861924333	436,122181836662
13260	0,811010599999975	8,586514648	0,994245478499266	436,373158916501
13270	0,810801900000001	8,582894531	0,993792926095891	436,189181836662
13280	0,810265500000014	8,579533203	0,994026140641058	436,018356609239
13290	0,811010599999975	8,586570313	0,994116763127277	436,37598785384
13300	0,810682699999973	8,582999023	0,994026420654919	436,194492199014
13310	0,810801900000001	8,583681641	0,993790504976034	436,229183361285
13320	0,810623099999987	8,582137695	0,99394334254218	436,150718859582
13330	0,811755600000026	8,591756836	0,994036199138998	436,639570869543
13340	0,810205900000028	8,578481445	0,9940430914802	435,964905473395
13350	0,810295300000007	8,577595703	0,993890719937125	435,919891396046
13360	0,809848299999999	8,574183594	0,993935425150233	435,746485439854
13370	0,811010599999975	8,581570313	0,993853837111259	436,121884077857
13380	0,81089129999998	8,58496582	0,994108194703102	436,294446307872
13390	0,811338400000011	8,589123047	0,993993263013467	436,505719723535
13400	0,811010599999975	8,585616211	0,99423597802895	436,327499669665
13410	0,811189399999989	8,584917969	0,993910278905381	436,292014483915
13420	0,811010599999975	8,5851875	0,99408965978554	436,305712252884
13430	0,811129800000003	8,582675781	0,993997920244021	436,178064796463
13440	0,810474100000022	8,575258789	0,994052963968933	435,801127661737
13450	0,809401200000025	8,568369141	0,993949395841845	435,45099054734
13460	0,810950999999989	8,581200195	0,994071311877237	436,103074401586
13470	0,810623099999987	8,578641602	0,994226478558684	435,973044773085
13480	0,811636399999998	8,585692383	0,994095341066789	436,33137078823
13490	0,810861499999987	8,581563477	0,994216140046881	436,121536667175
13500	0,810593299999994	8,578169922	0,993827200792642	435,949073639274
13510	0,810474100000022	8,57515625	0,993718509411931	435,79591655232
13520	0,809132999999974	8,565007813	0,994104003495618	435,280165319917
13530	0,810205900000028	8,570999023	0,993899567375113	435,584643136657
13540	0,80955019999999	8,566428711	0,993954612100074	435,352376429334
13550	0,809520399999997	8,567583008	0,9939357981687	435,411038674595
13560	0,810444300000029	8,572332031	0,994183355423895	435,6523876099
13570	0,809639600000025	8,567149414	0,99397528812363	435,389003100066
13580	0,810265500000014	8,571553711	0,993780166464232	435,612832799715
13590	0,80922240000001	8,563318359	0,993982645487852	435,194305991767
13600	0,809371399999975	8,564318359	0,993911488965285	435,245126746963
13610	0,810027100000013	8,568475586	0,994089752790144	435,456400162626
13620	0,809848299999999	8,568509766	0,994287017555636	435,458137216039
13630	0,810146299999985	8,568407227	0,994011611921821	435,452926106622
13640	0,809788700000013	8,565461914	0,994202169355269	435,303243075672
13650	0,810801900000001	8,575384766	0,994214090945441	435,807529908014
13660	0,810861499999987	8,576797852	0,99418894370054	435,879344005692
13670	0,810623099999987	8,575768555	0,993989072806033	435,827034354831
13680	0,809043599999995	8,563729492	0,993946136680502	435,215200081313
13690	0,810801900000001	8,577302734	0,994097763186695	435,905002490217
13700	0,809609799999976	8,568283203	0,994080719342948	435,44662311328
13710	0,809520399999997	8,563391602	0,993839680410439	435,19802825634
13720	0,80955019999999	8,564265625	0,994025023585758	435,242446765259
13730	0,809967500000027	8,567691406	0,993794137155844	435,416547542816
13740	0,80955019999999	8,562700195	0,993970258874659	435,162890430452
13750	0,810474100000022	8,573629883	0,994114248002767	435,718345428673
13760	0,81110000000001	8,576991211	0,993884386623597	435,889170656096
13770	0,80955019999999	8,565204102	0,993814254151725	435,290140875133
13780	0,809788700000013	8,564441406	0,994071963909515	435,251380088428
13790	0,809311799999989	8,561073242	0,994025861627245	435,080207450323
13800	0,810027100000013	8,567939453	0,993835303193747	435,429153478681
13810	0,810265500000014	8,570273438	0,99409925326046	435,547768358998
13820	0,810772100000008	8,575711914	0,993779700441161	435,824155816435
13830	0,810950999999989	8,577882813	0,994022135442782	435,934482543071
13840	0,810623099999987	8,576019531	0,994072522937189	435,839789144687
13850	0,810861499999987	8,576022461	0,994218003139112	435,839938049499
13860	0,810950999999989	8,580571289	0,994412472766232	436,071112923718
13870	0,810623099999987	8,5769375	0,994049424793728	435,886441022514
13880	0,810682699999973	8,575920898	0,994168733700054	435,834776541139
13890	0,810295300000007	8,572615234	0,993840425447322	435,666780200234
13900	0,810950999999989	8,579824219	0,993961317432018	436,033146262133
13910	0,810384699999986	8,570740234	0,994083233467409	435,571491284241
13920	0,810623099999987	8,575382813	0,994031169890028	435,807430655079
13930	0,810205900000028	8,570825195	0,994166497589356	435,575809066423
13940	0,810295300000007	8,571344727	0,993936170187116	435,602212075011
13950	0,810384699999986	8,571057617	0,994198164156994	435,587620927987
13960	0,810533700000008	8,571986328	0,994137439150833	435,634818722366
13970	0,810056900000006	8,567794922	0,994013754027865	435,421808304111
13980	0,809878099999992	8,56700293	0,994025581613383	435,381558672562
13990	0,810682699999973	8,574439453	0,99418028227176	435,759488387458
14000	0,809281999999996	8,563888672	0,994042346443317	435,223289729125
14010	0,810354899999993	8,572921875	0,993806989792107	435,682363927428
14020	0,810593299999994	8,575897461	0,993983297520131	435,8335854551
14030	0,811189399999989	8,579243164	0,993953587049329	436,003616608223
14040	0,810772100000008	8,575275391	0,993920616417135	435,801971387915
14050	0,81089129999998	8,578821289	0,994155787059137	435,982176602124
14060	0,810593299999994	8,575418945	0,993997361216347	435,809266910606
14070	0,810801900000001	8,573380859	0,993956195178443	435,705689840931
14080	0,810950999999989	8,575289063	0,993915308154352	435,80266620928
14090	0,811219199999982	8,577583984	0,994064233526826	435,919295827616
14100	0,81110000000001	8,577055664	0,993930488905867	435,892446206231
14110	0,811010599999975	8,574681641	0,994015616120047	435,771796564517
14120	0,81110000000001	8,577136719	0,994218841180599	435,896565482543
14130	0,811517200000026	8,579456055	0,994181213317851	436,014435889617
14140	0,81089129999998	8,575256836	0,993977057211207	435,801028408802
14150	0,811338400000011	8,577609375	0,994063581494548	435,920586217411
14160	0,811457599999983	8,581544922	0,994170130769215	436,120593688062
14170	0,811040400000024	8,577972656	0,99390636671171	435,93904843218
14180	0,811636399999998	8,583335938	0,993902361513435	436,211614473751
14190	0,81110000000001	8,575663086	0,993926484707641	435,821674340601
14200	0,81110000000001	8,576460938	0,99407755218616	435,862221781776
14210	0,811278800000025	8,577921875	0,993977616238882	435,93646770341
14220	0,811785400000019	8,580181641	0,994124865528383	436,051310718097
14230	0,811189399999989	8,575643555	0,993817700322326	435,820681760431
14240	0,81142779999999	8,575396484	0,993991772939702	435,808125425624
14250	0,811695999999984	8,580129883	0,994129522758936	436,04868033745
14260	0,811695999999984	8,577667969	0,993932445002703	435,923564008741
14270	0,811517200000026	8,5763125	0,993919499361836	435,854678050516
14280	0,81089129999998	8,572289063	0,993996151156443	435,650203943691
14290	0,810712500000022	8,570717773	0,994105586573988	435,570349799258
14300	0,811547000000019	8,577374023	0,993989351819846	435,908625451034
14310	0,812351700000022	8,589351563	0,993887552780336	436,51733307923
14320	0,811964199999977	8,583490234	0,994043464498666	436,219455912995
14330	0,811755600000026	8,583493164	0,993852068023682	436,219604817808
14340	0,811934399999984	8,582106445	0,994051287885959	436,149130710982
14350	0,81089129999998	8,575300781	0,994037690212813	435,803261726889
14360	0,811219199999982	8,576574219	0,993974822100559	435,867978807745
14370	0,811338400000011	8,576566406	0,994094131006886	435,867581745185
14380	0,810950999999989	8,574973633	0,994155694054533	435,786635818468
14390	0,81089129999998	8,572679688	0,994048772761449	435,670055801189
14400	0,811755600000026	8,582310547	0,993975009109817	436,15950332876
14410	0,811695999999984	8,582298828	0,99399195994896	436,158907760329
14420	0,811338400000011	8,578936523	0,994205242507404	435,988032881029
14430	0,810682699999973	8,572518555	0,994144797515105	435,661866900442
14440	0,810205900000028	8,564328125	0,993970444883867	435,245623062459
14450	0,809878099999992	8,563425781	0,993962993514991	435,199765258932
14460	0,810623099999987	8,570686523	0,994109591772263	435,568761650658
14470	0,810265500000014	8,566518555	0,993927694767545	435,356942369264
14480	0,811457599999983	8,577	0,994048772761449	435,889617319713
14490	0,811606600000005	8,581237305	0,993814068142517	436,104960359811
14500	0,811338400000011	8,57715625	0,994142468399804	435,897558062713
14510	0,810772100000008	8,572613281	0,993891091955541	435,666680947299
14520	0,811189399999989	8,575777344	0,994046258636989	435,827481018448
14530	0,809848299999999	8,564694336	0,993962621496575	435,26423418204
14540	0,811040400000024	8,574657227	0,993857935314139	435,7705558266
14550	0,810861499999987	8,572728516	0,993838656359744	435,672537277024
14560	0,809848299999999	8,56422168	0,993971748948425	435,240213447172
14570	0,811040400000024	8,574246094	0,993956754206118	435,749661737053
14580	0,810772100000008	8,570267578	0,993919219347974	435,547470549372
14590	0,810295300000007	8,567842773	0,993866131719898	435,424240128068
14600	0,810295300000007	8,566897461	0,993937009228653	435,376198658332
14610	0,809967500000027	8,56522168	0,993954798109282	435,291034202368
14620	0,811636399999998	8,577874023	0,993929278845964	435,934035828632
14630	0,809699299999977	8,563129883	0,993919406357231	435,184727499111
14640	0,809520399999997	8,557206055	0,994068797752776	434,883674086497
14650	0,810354899999993	8,563723633	0,994099625278877	435,214902322509
14660	0,810444300000029	8,563625977	0,994150757810167	435,209939370839
14670	0,810444300000029	8,566335938	0,994262336333804	435,347661635412
14680	0,809788700000013	8,55831543	0,99402940080245	434,940053361793
14690	0,808566799999994	8,547990234	0,994009934838798	434,415319103522
14700	0,810056900000006	8,559959961	0,994005278608293	435,023629669157
14710	0,80922240000001	8,555639648	0,994009282806519	434,804068099812
14720	0,808477400000015	8,547480469	0,994075876103186	434,389412461249
14730	0,810593299999994	8,563211914	0,993987768741476	435,18889637648
14740	0,810444300000029	8,566205078	0,99399698919793	435,341011231387
14750	0,809520399999997	8,556573242	0,993945111629758	434,851514051939
14760	0,809192600000017	8,552133789	0,993935146136421	434,62589769782
14770	0,810265500000014	8,560338867	0,994109498767659	435,042885958225
14780	0,809878099999992	8,557598633	0,994012356958703	434,90362519693
14790	0,810861499999987	8,566766602	0,994214649973116	435,369548305128
14800	0,809371399999975	8,550143555	0,994162586395735	434,524752502922
14810	0,809043599999995	8,546996094	0,99400406754834	434,364796157951
14820	0,809192600000017	8,55234668	0,994125983583731	434,636716979214
14830	0,808954200000016	8,550583984	0,993938964325438	434,547135437313
14840	0,809729100000027	8,554922852	0,994033311996072	434,76763998577
14850	0,810384699999986	8,562516602	0,994011424912563	435,153560095543
14860	0,809788700000013	8,556894531	0,99423849315346	434,867842201555
14870	0,810682699999973	8,563055664	0,99420151732299	435,180955633481
14880	0,809609799999976	8,553561523	0,994053056973537	434,698456217919
14890	0,809699299999977	8,557710938	0,99395908232137	434,909332621843
14900	0,810116499999992	8,557133789	0,993981248418691	434,880001473802
14910	0,808984000000009	8,548276367	0,99393328304419	434,429860598669
14920	0,809878099999992	8,55440918	0,993988699787567	434,741534786807
14930	0,808954200000016	8,545454102	0,994052963968933	434,286430960004
14940	0,809460800000011	8,5465	0,993809317907359	434,339584286222
14950	0,80862639999998	8,54396875	0,99396569464871	434,210944249632
14960	0,808477400000015	8,540439453	0,994100371315809	434,031582710779
14970	0,809281999999996	8,547397461	0,994105120550918	434,385193932002
14980	0,810384699999986	8,557719727	0,993968116768615	434,90977928546
14990	0,810295300000007	8,554851563	0,994007047695871	434,764017024953
15000	0,809520399999997	8,550901367	0,994020738373621	434,563265081059
15010	0,810116499999992	8,55597168	0,993912328006821	434,820942216801
15020	0,809103199999981	8,547709961	0,993810621971916	434,401075418001
15030	0,809609799999976	8,551242188	0,994029027783984	434,580585861666
15040	0,809699299999977	8,549871094	0,993998199257834	434,510905829141
15050	0,808566799999994	8,543787109	0,993982645487852	434,201713116837
15060	0,809460800000011	8,549411133	0,994194252963372	434,48753026376
15070	0,809639600000025	8,550273438	0,994038807268112	434,531353255069
15080	0,809520399999997	8,550742188	0,994002670479179	434,555175484068
15090	0,809281999999996	8,546758789	0,994032287945377	434,352736138639
15100,00195	0,809371399999975	8,548146484	0,993893048052377	434,423259846521
15110,00195	0,808984000000009	8,543766602	0,994005929640522	434,20067093561
15120,00195	0,809281999999996	8,544984375	0,9941823313732	434,262559079128
15130,00195	0,808537000000001	8,540841797	0,994276400030021	434,052030136708
15130,32227	0,807642900000019	8,530088867	0,993901244458136	433,505558113534
15140,00195	0,80811970000002	8,535469727	0,993859984415578	433,77901748234
15150,00195	0,808894599999974	8,541035156	0,993831111986264	434,061856787112
15160,00195	0,809937699999978	8,549955078	0,994130081786611	434,515173959445
15170,00195	0,809609799999976	8,548602539	0,993974170068281	434,446436906032
15180,00195	0,808477400000015	8,539799805	0,993901523471948	433,999075316359
15190,00195	0,809699299999977	8,547088867	0,993886621734245	434,369510951873
15200,00195	0,809460800000011	8,547823242	0,994048865766053	434,40683244397
15210,00195	0,809281999999996	8,545771484	0,993879450379231	434,30256055293
15220,00195	0,808447600000022	8,539574219	0,993942969523714	433,987610865477
15230,00195	0,808954200000016	8,542948242	0,994047375692288	434,159081262388
15240,00195	0,808864799999981	8,542857422	0,993949209832637	434,154465721401
15250,00195	0,809311799999989	8,547275391	0,993930395901263	434,378990242415
15260,00195	0,810354899999993	8,556986328	0,994316262003367	434,87250739442
15270,00195	0,808149500000013	8,538387695	0,993945763662036	433,927310819739
15280,00195	0,809878099999992	8,551069336	0,994136415100138	434,571801392489
15290,00195	0,810265500000014	8,553264648	0,993817141294652	434,68336880622
15300,00195	0,809103199999981	8,546629883	0,993868087816733	434,34618503837
15310,00195	0,810205900000028	8,55465625	0,993985905649245	434,754091070793
15320,00195	0,810623099999987	8,560726563	0,994045885618522	435,062588961732
15330,00195	0,80955019999999	8,550219727	0,993903293559576	434,528623621487
15340,00195	0,808477400000015	8,541693359	0,993985905649245	434,095307160644
15350,00195	0,80955019999999	8,551068359	0,994012635972516	434,571751740611
15360,00195	0,810027100000013	8,555675781	0,994177022110368	434,805904406159
15370,00195	0,809609799999976	8,550640625	0,993970910906938	434,550013975708
15380,00195	0,809371399999975	8,551443359	0,993871346978076	434,59080952381
15390,00195	0,80955019999999	8,55325293	0,993890533927917	434,682773288611
15400,00195	0,809848299999999	8,553180664	0,994031542908494	434,679100675916
15410,00195	0,810056900000006	8,554868164	0,993971469934612	434,76486070031
15420,00195	0,80955019999999	8,549146484	0,994018690272231	434,474080601718
15430,00195	0,809401200000025	8,547213867	0,993915867182026	434,375863546272
15440,00195	0,810265500000014	8,553999023	0,993955822159977	434,720690298318
15450,00195	0,810205900000028	8,554380859	0,993891464974007	434,740095492199
15460,00195	0,808864799999981	8,543605469	0,994076900153881	434,192482034863
15470,00195	0,810384699999986	8,556308594	0,993889881895638	434,838064440718
15480,00195	0,809460800000011	8,548501953	0,994008258755824	434,44132504955
15490,00195	0,810205900000028	8,554647461	0,994130267795819	434,753644407176
15500,00195	0,809281999999996	8,545337891	0,99396364554727	434,280525029222
15510,00195	0,810801900000001	8,559208008	0,994154856013046	434,985414849825
15520,00195	0,810146299999985	8,553141602	0,993999131303974	434,677115515577
15530,00195	0,809937699999978	8,551697266	0,994029865825471	434,603713269299
15540,00195	0,809192600000017	8,543018555	0,993989072806033	434,162654622148
15550,00195	0,809103199999981	8,542613281	0,994020552364413	434,142058291406
15560,00195	0,809699299999977	8,548545898	0,994064420536084	434,443558367637
15570,00195	0,810146299999985	8,554412109	0,994058459240973	434,741683640799
15580,00195	0,810623099999987	8,557992188	0,993945577652828	434,923625959242
15590,00195	0,810205900000028	8,554927734	0,994276679043833	434,767888092697
15600,00195	0,810205900000028	8,554177734	0,994183914451569	434,7297725263
15610,00195	0,808954200000016	8,542066406	0,993839401396627	434,114265690908
15620,00195	0,809609799999976	8,548765625	0,993995778137977	434,454725059714
15630,00195	0,810027100000013	8,556035156	0,993959734353648	434,824168115058
15640,00195	0,811189399999989	8,565373047	0,994097483172833	435,29872678762
15650,00195	0,809967500000027	8,550436523	0,993980131363392	434,539641357931
15660,00195	0,810295300000007	8,559007813	0,994088355720983	434,975240788738
15670,00195	0,810146299999985	8,557294922	0,994038341245042	434,888190374549
15680,00195	0,810474100000022	8,558805664	0,994056131125721	434,964967423896
15690,00195	0,810265500000014	8,557328125	0,993953215030912	434,889877776084
15700,00195	0,810056900000006	8,552541016	0,99390133746274	434,646593281496
15710,00195	0,810384699999986	8,555408203	0,993919406357231	434,792305890126
15720,00195	0,811368200000004	8,567785156	0,994221635318922	435,421311988616
15730,00195	0,810027100000013	8,554671875	0,994012356958703	434,754885145093
15740,00195	0,810593299999994	8,558202148	0,994013008990982	434,934296285003
15750,00195	0,810712500000022	8,55978418	0,994044395544757	435,014696345988
15760,00195	0,809967500000027	8,554535156	0,994106983643149	434,747936982264
15770,00195	0,810682699999973	8,56209082	0,994212041844002	435,131921532754
15780,00195	0,810116499999992	8,553879883	0,994011797931029	434,714635513544
15790,00195	0,810116499999992	8,556115234	0,994010586871076	434,828237739493
15800,00195	0,810861499999987	8,562977539	0,994027258696406	435,176985261981
15810,00195	0,811755600000026	8,57031543	0,994061626397762	435,54990242415
15820,00195	0,810444300000029	8,558202148	0,993894445121538	434,934296285003
15830,00195	0,810533700000008	8,556720703	0,994069262775797	434,859008131321
15840,00195	0,809281999999996	8,543972656	0,994046444646197	434,211142755501
15850,00195	0,810533700000008	8,556056641	0,993978361275764	434,825259998984
15860,00195	0,809788700000013	8,547898438	0,993935239141025	434,410653961478
15870,00195	0,810444300000029	8,554518555	0,993997734234813	434,747093306906
15880,00195	0,809699299999977	8,549554688	0,994039738314203	434,494825837272
15890,00195	0,810623099999987	8,555390625	0,994012169949446	434,791412562891
15900,00195	0,809132999999974	8,542316406	0,993899847388975	434,126970879707
15910,00195	0,810474100000022	8,550681641	0,993913352057516	434,552098439803
15920,00195	0,810295300000007	8,551088867	0,993900126402787	434,572793972658
15930,00195	0,809132999999974	8,541398438	0,994097856191299	434,080319052701
15940,00195	0,809460800000011	8,545041992	0,993969420833172	434,26548721858
15950,00195	0,809520399999997	8,543792969	0,993977523234278	434,202010926462
15960,00195	0,810056900000006	8,548660156	0,994130919828098	434,449365045485
15970,00195	0,809878099999992	8,547048828	0,994074293024817	434,367476139655
15980,00195	0,808984000000009	8,53940918	0,994021763424366	433,979223458861
15990,00195	0,808060099999977	8,533686523	0,994007047695871	433,688393708391
16000,00195	0,809699299999977	8,545423828	0,99381527920247	434,284892412461
16010,00195	0,808715800000016	8,538192383	0,99401729320307	433,9173849164
16020,00195	0,808209099999999	8,534165039	0,99405315097819	433,712712252884
16030,00195	0,808954200000016	8,540233398	0,993903665577992	434,021110840067
16040,00195	0,808894599999974	8,536771484	0,993789852943756	433,845173756162
16050,00195	0,808954200000016	8,537393555	0,994234394950581	433,876787874168
16060,00195	0,808566799999994	8,536461914	0,994083233467409	433,829441174976
16070,00195	0,809401200000025	8,54252832	0,994080812347552	434,137740509224
16080,00195	0,808566799999994	8,536828125	0,994016734175395	433,848052294557
16090,00195	0,808566799999994	8,534543945	0,994049983821402	433,731968541953
16100,00195	0,808954200000016	8,534829102	0,993934960127213	433,746460436042
16110,00195	0,809132999999974	8,539411133	0,993917822278812	433,979322711795
16120,00195	0,809192600000017	8,539430664	0,994223404406499	433,980315291965
16130,00195	0,809967500000027	8,545710938	0,994033311996072	434,299483559486
16140,00195	0,808954200000016	8,540226563	0,99390133746274	434,020763480205
16150,00195	0,808805199999995	8,537044922	0,994080812347552	433,859070081821
16160,00195	0,809639600000025	8,543714844	0,994080626338344	434,198040554963
16170,00195	0,809460800000011	8,541767578	0,994043650507875	434,099079026274
16180,00195	0,809401200000025	8,542618164	0,994076155116999	434,142306449154
16190,00195	0,809132999999974	8,540135742	0,993873210070308	434,016147888398
16200,00195	0,810265500000014	8,550027344	0,994238213139598	434,51884657214
16210,00195	0,80955019999999	8,543054688	0,993948278786546	434,164490928495
16220,00195	0,808805199999995	8,536276367	0,994042532452526	433,820011536311
16230,00195	0,808537000000001	8,535456055	0,993953401040121	433,778322660975
16240,00195	0,808537000000001	8,53640625	0,993961783455088	433,826612288459
16250,00195	0,809609799999976	8,544634766	0,994020645369017	434,244791685724
16260,00195	0,809311799999989	8,540875977	0,994014964087768	434,053767190121
16270,00195	0,808149500000013	8,532018555	0,994003881539132	433,603626314987
16280,00195	0,809639600000025	8,541293945	0,993948836814171	434,075008639528
16290,00195	0,80811970000002	8,531998047	0,994094131006886	433,60258408294
16300,00195	0,809103199999981	8,537810547	0,9939803173726	433,897979722519
16310,00195	0,80922240000001	8,537533203	0,993817328303909	433,88388489099
16320,00195	0,808537000000001	8,533439453	0,994152340888536	433,675837424404
16330,00195	0,808566799999994	8,531829102	0,994106610624683	433,593998170453
16340,00195	0,809103199999981	8,535717773	0,994130081786611	433,791623367383
16350,00195	0,808984000000009	8,533177734	0,994079787296808	433,662536667175
16360,00195	0,809520399999997	8,538486328	0,9939757541467	433,932323423286
16370,00195	0,809639600000025	8,541424805	0,993899009347488	434,081659043553
16380,00195	0,809699299999977	8,542219727	0,993834279143052	434,122057579916
16390,00195	0,808984000000009	8,537474609	0,994058087222557	433,88090709966
16400,00195	0,808954200000016	8,537552734	0,994026420654919	433,884877471159
16410,00195	0,810146299999985	8,546755859	0,994197326115507	434,352587233826
16420,00195	0,809967500000027	8,543454102	0,99421977222669	434,184789449611
16430,00195	0,810712500000022	8,550128906	0,993802332561553	434,524008029679
16440,00195	0,809848299999999	8,544083008	0,994044861567827	434,216750927479
16450,00195	0,808775400000002	8,534833984	0,993992983999655	433,746708542969
16460,00195	0,809729100000027	8,541983398	0,993890439923263	434,110047161661
16470,00195	0,810682699999973	8,552175781	0,994175905055068	434,628031762972
16480,00195	0,809639600000025	8,543014648	0,993834651161469	434,162456065457
16490,00195	0,811129800000003	8,556370117	0,993982087460227	434,84119108604
16500,00195	0,810205900000028	8,548588867	0,994106797633941	434,445742084667
16510,00195	0,809401200000025	8,54109082	0,993945297638966	434,064685673629
16520,00195	0,810056900000006	8,54543457	0,994059856310134	434,285438329014
16530,00195	0,810027100000013	8,544286133	0,993960013367461	434,227073893378
16540,00195	0,81089129999998	8,554579102	0,99415699811909	434,750170351171
16550,00195	0,810444300000029	8,54634668	0,994015151097026	434,331792448036
16560,00195	0,810265500000014	8,545677734	0,993955636150769	434,29779610713
16570,00195	0,810533700000008	8,546827148	0,993914376108211	434,356210194643
16580,00195	0,811129800000003	8,554581055	0,99416454249257	434,750269604106
16590,00195	0,80955019999999	8,540395508	0,993985253616966	434,029349392692
16600,00195	0,810056900000006	8,545821289	0,994147777662636	434,305091680642
16610,00195	0,811278800000025	8,557660156	0,994008817783498	434,906751842252
16620,00195	0,810533700000008	8,551489258	0,994088728739449	434,593142145652
16630,00195	0,810533700000008	8,550595703	0,994227781623191	434,547731005743
16640,00195	0,80922240000001	8,539523438	0,993980503381808	433,985030136708
16650,00195	0,810116499999992	8,543675781	0,994042719461784	434,196055343802
16660,00195	0,810861499999987	8,553290039	0,994122444408526	434,684659196016
16670,00195	0,810116499999992	8,544961914	0,993952749007842	434,261417594145
16680,00195	0,809788700000013	8,541762695	0,9939392443393	434,098830868527
16690,00195	0,810265500000014	8,545478516	0,99405929728246	434,287671697921
16700,00195	0,809729100000027	8,541873047	0,99408714566108	434,104439040504
16710,00195	0,810116499999992	8,54453418	0,994305272459335	434,239679829242
16720,00195	0,809609799999976	8,539875977	0,99390087143967	434,002946434924
16730,00195	0,809311799999989	8,538608398	0,99385225403289	433,938527112873
16740,00195	0,80922240000001	8,538125977	0,99423141480305	433,91401011333
16750,00195	0,809967500000027	8,54109668	0,993954612100074	434,064983483255
16760,00195	0,80955019999999	8,537700195	0,9939803173726	433,892371550541
16770,00195	0,80955019999999	8,53680957	0,994012914986328	433,847109315445
16780,00195	0,809967500000027	8,544984375	0,993809131898151	434,262559079128
16790,00195	0,810116499999992	8,544067383	0,994019248299856	434,215956853179
16800,00195	0,809609799999976	8,541347656	0,994082023407505	434,077738273111
16810,00195	0,809967500000027	8,542151367	0,993961690450484	434,11858347309
16820,00195	0,809788700000013	8,54009668	0,994181306322455	434,014162728058
16830,00195	0,808238899999992	8,528239258	0,994096366117534	433,411559587335
16840,00195	0,809460800000011	8,538398438	0,994114900035046	433,927856787112
16850,00195	0,809878099999992	8,542168945	0,993858773355626	434,119476800325
16860,00195	0,809609799999976	8,54078125	0,993767685846385	434,048953092443
16870,00195	0,809520399999997	8,539774414	0,994110522818354	433,997784926564
16880,00195	0,809460800000011	8,539651367	0,993841729511879	433,991531585099
16890,00195	0,809639600000025	8,541798828	0,994088262716379	434,100667174874
16900,00195	0,809520399999997	8,539015625	0,993998945294766	433,959222696549
16910,00195	0,809281999999996	8,535114258	0,994125983583731	433,760952279311
16920,00195	0,810205900000028	8,541121094	0,993965229625689	434,066224221172
16930,00195	0,808984000000009	8,533008789	0,993866038715294	433,653950754688
16940,00195	0,808060099999977	8,52525293	0,993946322689711	433,259792143111
16950,00195	0,809878099999992	8,541277344	0,993850949968333	434,074164964171
16960,00195	0,809311799999989	8,533847656	0,993978548285022	433,696582609138
16970,00195	0,810027100000013	8,541400391	0,994100650329622	434,080418305636
16980,00195	0,809401200000025	8,537881836	0,994081091361365	433,901602683336
16990,00195	0,809520399999997	8,538786133	0,993956940215326	433,947559739798
17000,00195	0,810116499999992	8,546082031	0,994010027843402	434,318342785994
17010,00195	0,810384699999986	8,545366211	0,99406088036083	434,281964273009
17020,00195	0,808984000000009	8,534692383	0,993936450200978	433,739512273212
17030,00195	0,808566799999994	8,527996094	0,993916053191235	433,399201809219
17040,00195	0,809103199999981	8,533053711	0,994017479212278	433,656233724653
17050,00195	0,808447600000022	8,530507813	0,994157650151369	433,52684926564
17060,00195	0,809609799999976	8,538006836	0,993864548641528	433,907955277735
17070,00195	0,808298499999978	8,52525293	0,994194345967976	433,259792143111
17080,00195	0,809043599999995	8,529209961	0,993858401337209	433,460891446867
17090,00195	0,809460800000011	8,53112793	0,993706029794134	433,55836407989
17100,00195	0,810027100000013	8,543749023	0,994329208644284	434,199777557555
17110,00195	0,809967500000027	8,54321582	0,993955357136956	434,172679778422
17120,00195	0,809937699999978	8,542273438	0,994052777959724	434,124787213498
17130,00195	0,808894599999974	8,533863281	0,994187919649845	433,697376683438
17140,00195	0,810205900000028	8,54674707	0,993920337403322	434,352140570209
17150,00195	0,809460800000011	8,537357422	0,994121047339365	433,87495156782
17160,00195	0,808984000000009	8,533048828	0,994015709124651	433,655985566906
17170,00195	0,809937699999978	8,538798828	0,993847876816198	433,948204909285
17180,00195	0,809281999999996	8,534663086	0,994018690272231	433,738023377547
17190,00195	0,808030299999984	8,525264648	0,993924062587736	433,260387660721
17200,00195	0,808566799999994	8,528259766	0,993957406238396	433,412601819383
17210,00195	0,807702500000005	8,518195313	0,993956381187651	432,901118717284
17220,00195	0,809639600000025	8,535429688	0,993778303372	433,776982670122
17230,00195	0,808537000000001	8,523977539	0,99385430313433	433,194975809321
17240,00195	0,809967500000027	8,536288086	0,993924248596944	433,820607104742
17250,00195	0,810056900000006	8,538236328	0,99411042981375	433,919618234487
17260,00195	0,809192600000017	8,531544922	0,993832789069287	433,579555928241
17270,00195	0,809609799999976	8,534539063	0,993805126699875	433,731720435026
17280,00195	0,809878099999992	8,538390625	0,994043836517083	433,927459724552
17290,00195	0,809729100000027	8,537060547	0,994031728917702	433,859864156121
17300,00195	0,810116499999992	8,542102539	0,99411499303965	434,116101997256
17310,00195	0,808954200000016	8,530045898	0,993959734353648	433,503374396503
17320,00195	0,809371399999975	8,532418945	0,993963366533457	433,62397443716
17330,00195	0,808715800000016	8,529025391	0,99412710163908	433,45151146008
17340,00195	0,808805199999995	8,527454102	0,994003974543736	433,371657366468
17350,00195	0,808477400000015	8,523291016	0,99402185642897	433,160086192001
17360,00195	0,809192600000017	8,530746094	0,99407755218616	433,538958886009
17370,00195	0,809281999999996	8,532189453	0,993901244458136	433,612311480409
17380,00195	0,809520399999997	8,531995117	0,993945763662036	433,602435178127
17390,00195	0,809192600000017	8,526931641	0,993959920362856	433,345105503888
17400,00195	0,80955019999999	8,531636719	0,993920523412531	433,584221121106
17410,00195	0,808537000000001	8,524805664	0,993948557800359	433,237061747218
17420,00195	0,809043599999995	8,528982422	0,993888577831081	433,44932774305
17430,00195	0,809043599999995	8,529492188	0,99381323010103	433,475234436144
17440,00195	0,809848299999999	8,537180664	0,993921175444809	433,865968592773
17450,00195	0,810116499999992	8,538631836	0,99432660051517	433,939718249733
17460,00195	0,809520399999997	8,532381836	0,993959920362856	433,622088529756
17470,00195	0,809788700000013	8,536011719	0,994224522461848	433,80656192509
17480,00195	0,810593299999994	8,545509766	0,994051007872097	434,289259846521
17490,00195	0,809639600000025	8,537186523	0,99423048275691	433,866266351578
17500,00195	0,810056900000006	8,541369141	0,994007792732754	434,078830157036
17510,00195	0,808984000000009	8,531607422	0,99385272005596	433,582732225441
17520,00195	0,810027100000013	8,53734668	0,994218189148321	433,874405651268
17530,00195	0,808984000000009	8,528972656	0,993869763899707	433,448831427555
17540,00195	0,809520399999997	8,533595703	0,993919033338765	433,683778167404
17550,00195	0,80955019999999	8,534231445	0,994096086103672	433,716087055954
17560,00195	0,809729100000027	8,534738281	0,993871067964264	433,741844844234
17570,00195	0,809729100000027	8,532701172	0,994066655646732	433,638317426437
17580,00195	0,809281999999996	8,528738281	0,993878612337744	433,436920313056
17590,00195	0,810354899999993	8,53978418	0,994092360919259	433,998281242059
17600,00195	0,809401200000025	8,532003906	0,994065537591383	433,602881841744
17610,00195	0,809043599999995	8,528061523	0,994110336809146	433,402526960411
17620,00195	0,80955019999999	8,533556641	0,993995033101095	433,681793007064
17630,00195	0,80922240000001	8,53030957	0,993957778256813	433,516774406668
17640,00195	0,808775400000002	8,52615332	0,994026326650266	433,305550642883
17650,00195	0,809192600000017	8,529651367	0,993904969642549	433,483324033135
17660,00195	0,809848299999999	8,535507813	0,993840053428905	433,780953041622
17670,00195	0,810056900000006	8,540756836	0,994204497470521	434,047712354526
17680,00195	0,809878099999992	8,540376953	0,994214835982324	434,028406413579
17690,00195	0,810623099999987	8,547080078	0,993975940155908	434,369064288255
17700,00195	0,809103199999981	8,532675781	0,993945763662036	433,637027036642
17710,00195	0,809639600000025	8,535541992	0,993980876400274	433,782690044214
17720,00195	0,810384699999986	8,541394531	0,994275374979276	434,080120496011
17730,00195	0,809460800000011	8,532985352	0,994039087281974	433,652759668649
17740,00195	0,810146299999985	8,541625977	0,99411089583682	434,091882756518
17750,00195	0,810146299999985	8,541727539	0,99380158752467	434,097044214057
17760,00195	0,810861499999987	8,549713867	0,993963925561132	434,502915434263
17770,00195	0,810950999999989	8,548217773	0,993948091777288	434,426882807338
17780,00195	0,809848299999999	8,536416992	0,994237841121182	433,827158205011
17790,00195	0,810205900000028	8,539383789	0,994008817783498	433,977933069065
17800,00195	0,809967500000027	8,538814453	0,993981342423345	433,948998983585
17810,00195	0,810861499999987	8,548408203	0,994202728382943	434,436560603751
17820,00195	0,809937699999978	8,539967773	0,99389882233823	434,007611576968
17830,00195	0,810146299999985	8,542666016	0,993929091836706	434,144738323931
17840,00195	0,809788700000013	8,539353516	0,994005929640522	433,976394572343
17850,00195	0,810474100000022	8,545204102	0,994102513421853	434,273725771205
17860,00195	0,811517200000026	8,555289063	0,993859239378696	434,786251105351
17870,00195	0,810056900000006	8,54230957	0,993945297638966	434,126623469025
17880,00195	0,810027100000013	8,542688477	0,994273046864024	434,145879808914
17890,00195	0,810295300000007	8,543606445	0,994071218872632	434,19253163592
17900,00195	0,810205900000028	8,544068359	0,993981528432553	434,216006454236
17910,00195	0,810295300000007	8,544099609	0,994031821922307	434,217594602836
17920,00195	0,809520399999997	8,535350586	0,993831111986264	433,772962646745
17930,00195	0,810623099999987	8,544932617	0,994098601228182	434,259928698481
17940,00195	0,810772100000008	8,546198242	0,994153644953093	434,324248716776
17950,00195	0,810056900000006	8,540448242	0,994107355661565	434,032029374397
17960,00195	0,811278800000025	8,55234668	0,993979013308043	434,636716979214
17970,00195	0,810116499999992	8,541890625	0,994030797871611	434,105332367739
17980,00195	0,810533700000008	8,545124023	0,99387600420863	434,26965609595
17990,00195	0,811189399999989	8,551118164	0,994132130888051	434,574282868323
18000,00195	0,810533700000008	8,54593457	0,994012821981724	434,310848706612
18010,00195	0,810593299999994	8,544786133	0,994222939383479	434,252484270976
18020,00195	0,809729100000027	8,536938477	0,994277890103786	433,853660466535
18030,00195	0,809639600000025	8,534201172	0,993939151334696	433,714548559232
18040,00195	0,810533700000008	8,541057617	0,994055944116463	434,062998272094
18050,00195	0,810116499999992	8,538951172	0,993968302777824	433,955947146415
18060,00195	0,809132999999974	8,529238281	0,993976778197395	433,462330690654
18070,00195	0,808715800000016	8,52453418	0,994061253379296	433,223264725314
18080,00195	0,810116499999992	8,539055664	0,994000248359273	433,961257508767
18090,00195	0,810712500000022	8,544957031	0,994014499064747	434,261169436398
18100,00195	0,810265500000014	8,541708008	0,994055479093443	434,096051633887
18110,00195	0,809848299999999	8,535452148	0,99423597802895	433,778124104284
18120,00195	0,809699299999977	8,534349609	0,994118812228717	433,722092239671
18130,00195	0,811010599999975	8,544979492	0,993867342779851	434,26231092138
18140,00195	0,809967500000027	8,534803711	0,993840984474996	433,745170046247
18150,00195	0,809132999999974	8,530114258	0,994040111332669	433,506848503329
18160,00195	0,809788700000013	8,535592773	0,994243336393222	433,785270772984
18170,00195	0,809401200000025	8,532410156	0,993996151156443	433,623527773543
18180,00195	0,809878099999992	8,535807617	0,993964484588806	433,796189307313
18190,00195	0,811219199999982	8,549865234	0,994166497589356	434,510608019515
18200,00195	0,810384699999986	8,542796875	0,993979479331113	434,151388677136
18210,00195	0,810533700000008	8,539493164	0,994034430051421	433,983491589165
18220,00195	0,809103199999981	8,526602539	0,994020832378275	433,328380291711
18230,00195	0,809132999999974	8,52665332	0,99404514058164	433,330961020481
18240,00195	0,809043599999995	8,529405273	0,994190061755889	433,470817350206
18250,00195	0,809192600000017	8,527900391	0,993943900569805	433,394338110484
18260,00195	0,809967500000027	8,533475586	0,993945111629758	433,677673730752
18270,00195	0,810027100000013	8,5364375	0,994247247586844	433,828200437059
18280,00195	0,808954200000016	8,528584961	0,994092453923863	433,429128474869
18290,00195	0,809848299999999	8,532750977	0,993834092133794	433,640848554149
18300,00195	0,809132999999974	8,529265625	0,994014964087768	433,463720333384
18310,00195	0,809371399999975	8,532313477	0,994148149681053	433,618614473751
18320,00195	0,809937699999978	8,535974609	0,994020459359809	433,804675966865
18330,00195	0,810533700000008	8,540647461	0,993987209713802	434,042153834426
18340,00195	0,808209099999999	8,520614258	0,994139861270739	433,024051328963
18350,00195	0,808954200000016	8,527130859	0,993809317907359	433,355229913096
18360,00195	0,809192600000017	8,528108398	0,994026606664128	433,404909183311
18370,00195	0,808954200000016	8,522787109	0,993984136561667	433,134477257712
18380,00195	0,809192600000017	8,526232422	0,993943155532922	433,30957066626
18390,00195	0,809043599999995	8,525421875	0,99391800928807	433,268378055598
18400,00195	0,809103199999981	8,526040039	0,994015616120047	433,299793616913
18410,00195	0,809520399999997	8,530972656	0,994128777722054	433,550472937948
18420,00195	0,808984000000009	8,524103516	0,993856166226561	433,201378055598
18430,00195	0,808447600000022	8,517629883	0,993879170365369	432,872383137673
18440,00195	0,809103199999981	8,522505859	0,994036386148256	433,120183920313
18450,00195	0,80811970000002	8,515952148	0,993979199317251	432,787119377954
18460,00195	0,808954200000016	8,521219727	0,994078949255321	433,054821720791
18470,00195	0,809699299999977	8,528479492	0,994087890697963	433,423768460639
18480,00195	0,810146299999985	8,531503906	0,993997641230209	433,577471464146
18490,00195	0,80922240000001	8,523823242	0,994156812109882	433,187134319256
18500,00195	0,80922240000001	8,524095703	0,99391707724193	433,200980993038
18510,00195	0,809848299999999	8,530708008	0,993957964266021	433,537023326727
18520,00195	0,810384699999986	8,533359375	0,993993636031933	433,67176779997
18530,00195	0,809460800000011	8,527604492	0,994159233229738	433,379300299842
18540,00195	0,80922240000001	8,52219043	0,993923503560061	433,104153580322
18550,00195	0,809937699999978	8,529051758	0,993956381187651	433,452851450933
18560,00195	0,809520399999997	8,525404297	0,994146752611891	433,267484728363
18570,00195	0,809848299999999	8,530248047	0,994071218872632	433,513647761346
18580,00195	0,810354899999993	8,536066406	0,994165380534057	433,80934115973
18590,00195	0,810056900000006	8,532726563	0,99412616959294	433,639607816232
18600,00195	0,809609799999976	8,529356445	0,99380205354774	433,468335874371
18610,00195	0,808954200000016	8,522476563	0,993912607020634	433,118695075469
18620,00195	0,809281999999996	8,523989258	0,993850949968333	433,195571377751
18630,00195	0,809609799999976	8,527016602	0,994048772761449	433,34942328607
18640,00195	0,808894599999974	8,521557617	0,993972493985307	433,071993545764
18650,00195	0,809639600000025	8,52999707	0,994259542195482	433,500892920669
18660,00195	0,80862639999998	8,519702148	0,993929278845964	432,977697209941
18670,00195	0,809311799999989	8,523516602	0,994000714382344	433,171550642883
18680,00195	0,809788700000013	8,528007813	0,993876935254721	433,399797377649
18690,00195	0,809699299999977	8,529908203	0,99396411157034	433,496376632617
18700,00195	0,809639600000025	8,528555664	0,9939985722763	433,427639579204
18710,00195	0,808864799999981	8,52078418	0,994142748413666	433,032686893327
18720,00195	0,809878099999992	8,529603516	0,993911488965285	433,480892209178
18730,00195	0,809281999999996	8,525919922	0,993945111629758	433,293689180261
18740,00195	0,809967500000027	8,53147168	0,993816489262373	433,575833714489
18750,00195	0,809788700000013	8,529640625	0,993899102352092	433,482778116583
18760,00195	0,808715800000016	8,52297168	0,993853931115913	433,143857295319
18770,00195	0,810384699999986	8,537549805	0,994139209238461	433,884728617167
18780,00195	0,810295300000007	8,5353125	0,993942038477623	433,771027087463
18790,00195	0,808775400000002	8,522074219	0,993993450022725	433,09824764954
18800,00195	0,809699299999977	8,528822266	0,993993450022725	433,441188494181
18810,00195	0,808149500000013	8,516450195	0,993950233883332	432,812430502617
18820,00195	0,808387999999979	8,516011719	0,99408258143513	432,790146821162
18830,00195	0,809699299999977	8,527	0,994083792495083	433,348579559892
18840,00195	0,809132999999974	8,523821289	0,993973332026794	433,187035066321
18850,00195	0,80922240000001	8,5228125	0,993762283578948	433,135767647507
18860,00195	0,808954200000016	8,521734375	0,994059856310134	433,080976520811
18870,00195	0,809043599999995	8,522295898	0,993869297876637	433,109513543731
18880,00195	0,809371399999975	8,521744141	0,993871719996542	433,081472836306
18890,00195	0,808894599999974	8,520205078	0,993869856904311	433,003256492352
18900,00195	0,810474100000022	8,532141602	0,994000714382344	433,609879656452
18910,00195	0,809848299999999	8,527302734	0,993997175207138	433,363964730396
18920,00195	0,809609799999976	8,526000977	0,994079135264529	433,297808456574
18930,00195	0,809281999999996	8,522094727	0,993980969404878	433,099289881588
18940,00195	0,809639600000025	8,525808594	0,99407755218616	433,288031407227
18950,00195	0,808387999999979	8,513448242	0,993884200614389	432,659868984093
18960,00195	0,809729100000027	8,525544922	0,994131291846514	433,274631397063
18970,00195	0,810027100000013	8,529985352	0,993767033814106	433,50029740306
18980,00195	0,80955019999999	8,525061523	0,994023812525805	433,250064694821
18990,00195	0,810444300000029	8,532427734	0,994019155295252	433,624421100778
19000,00195	0,809788700000013	8,527854492	0,99420105229997	433,392005488641
19010,00195	0,81110000000001	8,539013672	0,994041229388018	433,959123443614
19020,00195	0,810205900000028	8,532120117	0,993967650745545	433,608787772526
19030,00195	0,810056900000006	8,53225293	0,993907018743989	433,615537429486
19040,00195	0,811338400000011	8,544041992	0,993767778850989	434,214666463384
19050,00195	0,810146299999985	8,533980469	0,993924900629222	433,703332266098
19060,00195	0,809281999999996	8,524450195	0,993834092133794	433,218996544189
19070,00195	0,810682699999973	8,536262695	0,993914842131282	433,819316714946
19080,00195	0,810265500000014	8,530579102	0,993814813179399	433,530472226457
19090,00195	0,810384699999986	8,530776367	0,993928253795219	433,540497382731
19100,00195	0,809103199999981	8,519091797	0,994119464260996	432,946678711186
19110,00195	0,809609799999976	8,523749023	0,994068610743518	433,183362453626
19120,00195	0,809460800000011	8,522455078	0,994088542730241	433,117603191543
19130,00195	0,80955019999999	8,520105469	0,994013754027865	432,998194287747
19140,00195	0,809281999999996	8,518476563	0,994018690272231	432,915412054683
19150,00195	0,809937699999978	8,526585938	0,99404104237876	433,327536616354
19160,00195	0,810295300000007	8,529386719	0,994057435190278	433,469874421914
19170,00195	0,809639600000025	8,526324219	0,993818445359209	433,314235859125
19180,00195	0,810146299999985	8,528300781	0,9942451054808	433,414686232657
19190,00195	0,809848299999999	8,526205078	0,99407550308472	433,30818102353
19200,00195	0,809609799999976	8,523575195	0,994044768563223	433,174528383392
19210,00195	0,809967500000027	8,525893555	0,994063023466923	433,292349189409
19220,00195	0,808894599999974	8,517819336	0,994051287885959	432,882011282208
19230,00195	0,810354899999993	8,528738281	0,993960013367461	433,436920313056
19240,00195	0,809967500000027	8,526410156	0,994094969048373	433,318603242364
19250,00195	0,810265500000014	8,529716797	0,994083978504291	433,486649235148
19260,00195	0,809371399999975	8,520798828	0,993944832615945	433,033431315749
19270,00195	0,808537000000001	8,513963867	0,993992611981238	432,686073435991
19280,00195	0,809371399999975	8,523004883	0,99412160636704	433,145544696854
19290,00195	0,809729100000027	8,524639648	0,994051194881355	433,228624688723
19300,00195	0,810056900000006	8,527246094	0,993976312174325	433,361086242822
19310,00195	0,810027100000013	8,530864258	0,994168546690796	433,544964069726
19320,00195	0,809609799999976	8,524578125	0,994107169652357	433,225498043401
19330,00195	0,810682699999973	8,53478125	0,993994847091886	433,744028561264
19340,00195	0,809639600000025	8,524556641	0,993946136680502	433,224406210296
19350,00195	0,810444300000029	8,534679688	0,994172179870655	433,738867103725
19360,00195	0,809043599999995	8,520283203	0,993915121145094	433,007226863851
19370,00195	0,809699299999977	8,52684082	0,993904969642549	433,34048991208
19380,00195	0,810146299999985	8,53100293	0,994032380949981	433,552011485491
19390,00195	0,809729100000027	8,525439453	0,994128963731262	433,269271382833
19400,00195	0,809460800000011	8,524111328	0,994123375454617	433,201775067338
19410,00195	0,810623099999987	8,534728516	0,994012356958703	433,74134857956
19420,00195	0,809132999999974	8,521182617	0,993901989495019	433,052935762565
19430,00195	0,810146299999985	8,531977539	0,993758838408397	433,601541850892
19440,00195	0,809699299999977	8,529570313	0,994126449606802	433,479204807643
19450,00195	0,809729100000027	8,527392578	0,994006209654384	433,368530670326
19460,00195	0,809371399999975	8,525294922	0,994073360978676	433,261926208264
19470,00195	0,809132999999974	8,520083984	0,993941758463761	432,997102403822
19480,00195	0,809311799999989	8,517775391	0,994156253082207	432,879777964121
19490,00195	0,808775400000002	8,5131875	0,994224149443382	432,646617878742
19500,00195	0,809609799999976	8,520606445	0,993867342779851	433,023654266402
19510,00195	0,808447600000022	8,510583984	0,994086120610335	432,514305229456
19520,00195	0,809281999999996	8,517202148	0,993863151572367	432,85064532195
19530,00195	0,808805199999995	8,512919922	0,993945577652828	432,633019362708
19540,00195	0,809788700000013	8,522083008	0,993985812644641	433,098694313157
19550,00195	0,808775400000002	8,514592773	0,994005464617502	432,718034913859
19560,00195	0,809729100000027	8,522295898	0,99397780324814	433,109513543731
19570,00195	0,808775400000002	8,515648438	0,99413622809088	432,771684606393
19580,00195	0,808537000000001	8,513336914	0,994134552007907	432,654211211059
19590,00195	0,808387999999979	8,511976563	0,994169105718471	432,585077145906
19600,00195	0,809878099999992	8,528198242	0,994016082143117	433,40947512324
19610,00195	0,809520399999997	8,524204102	0,99415448299458	433,20648991208
19620,00195	0,809788700000013	8,525681641	0,993923876578527	433,281579559892
19630,00195	0,809132999999974	8,518637695	0,993902548522693	432,92360090461
19640,00195	0,809401200000025	8,517564453	0,994084165513549	432,869057935661
19650,00195	0,808209099999999	8,509436523	0,994046723660009	432,455990394877
19660,00195	0,807821699999977	8,508727539	0,993841636507275	432,419959292575
19670,00195	0,808358100000021	8,513167969	0,994070752849562	432,645625298572
19680,00195	0,808298499999978	8,511942383	0,993960665399739	432,583340092494
19690,00195	0,809103199999981	8,514799805	0,993905342661015	432,728556436449
19700,00195	0,808060099999977	8,509324219	0,994079322273787	432,450283020786
19710,00195	0,80788130000002	8,50868457	0,993897984296743	432,417775575545
19720,00195	0,80788130000002	8,50912793	0,994058087222557	432,440307465569
19730,00195	0,808566799999994	8,511967773	0,993970444883867	432,584630431468
19740,00195	0,808477400000015	8,511630859	0,994017106193812	432,567508207552
19750,00195	0,809311799999989	8,519072266	0,994113316956676	432,945686131016
19760,00195	0,807791899999984	8,510851563	0,993938592307022	432,52790379631
19770,00195	0,808566799999994	8,517145508	0,993974170068281	432,847766834375
19780,00195	0,808954200000016	8,518300781	0,994193227912627	432,906478680693
19790,00195	0,80922240000001	8,520954102	0,993946415694315	433,041322457692
19800,00195	0,809639600000025	8,525139648	0,994164914510987	433,254035066321
19810,00195	0,809371399999975	8,521680664	0,994190620783563	433,078246887229
19820,00195	0,810116499999992	8,527047852	0,99391046491459	433,35101143467
19830,00195	0,808954200000016	8,519345703	0,994007792732754	432,959582405855
19840,00195	0,808805199999995	8,518149414	0,994178513184182	432,898786095441
19850,00195	0,809281999999996	8,521149414	0,994065258577571	433,051248361031
19860,00195	0,809609799999976	8,525109375	0,993937381247069	433,252496569599
19870,00195	0,809937699999978	8,527908203	0,993891464974007	433,394735122224
19880,00195	0,808775400000002	8,518771484	0,994074944057046	432,930400162626
19890,00195	0,809788700000013	8,525511719	0,993932631011911	433,272943995528
19900,00195	0,808954200000016	8,517700195	0,993710033992359	432,875956446613
19910,00195	0,80788130000002	8,50703418	0,993701093549767	432,333901509376
19920,00195	0,80955019999999	8,517824219	0,993891185960195	432,882259439955
19930,00195	0,808447600000022	8,510044922	0,993941386445344	432,486909691518
19940,00195	0,809520399999997	8,517892578	0,994225081489522	432,88573349596
19950,00195	0,808984000000009	8,5126875	0,993936729214791	432,621207501143
19960,00195	0,80955019999999	8,519568359	0,994094038002282	432,970897951924
19970,00195	0,810116499999992	8,525640625	0,99419602205095	433,279495095797
19980,00195	0,808984000000009	8,517836914	0,994014405060094	432,882904609443
19990,00195	0,810056900000006	8,528839844	0,993853558097447	433,442081821416
20000,00195	0,809460800000011	8,521375977	0,994118812228717	433,06276246379
20010,00195	0,809460800000011	8,522688477	0,99408556258271	433,129464704986
20020,00195	0,809937699999978	8,522935547	0,993920151394114	433,142020988972
20030,00195	0,809878099999992	8,523553711	0,993678367424722	433,173436550287
20040,00195	0,809192600000017	8,517117188	0,993856631249582	432,846327590588
20050,00195	0,80922240000001	8,516333984	0,993904969642549	432,806524571835
20060,00195	0,809937699999978	8,526870117	0,994213438913163	433,341978807745
20070,00195	0,808805199999995	8,513569336	0,993927601762941	432,666023072623
20080,00195	0,809609799999976	8,519928711	0,994111174850633	432,9892113127
20090,00195	0,810027100000013	8,52415332	0,994006023645176	433,20390913249
20100,00195	0,810444300000029	8,531995117	0,994209620724145	433,602435178127
20110,00195	0,809311799999989	8,519929688	0,993990841893611	432,989260964578
20120,00195	0,810354899999993	8,529341797	0,993939337343905	433,467591451949
20130,00195	0,809878099999992	8,527235352	0,994233276895232	433,360540326269
20140,00195	0,808864799999981	8,51462793	0,9940830474582	432,719821619149
20150,00195	0,809878099999992	8,523647461	0,994041880420247	433,178200996087
20160,00195	0,809311799999989	8,522254883	0,994059670300926	433,107429130457
20170,00195	0,809729100000027	8,523546875	0,994018131244556	433,173089139605
20180,00195	0,810950999999989	8,53612793	0,994136415100138	433,812467855872
20190,00195	0,811695999999984	8,547324219	0,994293629882976	434,38147171825
20200,00195	0,810682699999973	8,5366875	0,994073920006351	433,840905625858
20210,00195	0,810056900000006	8,52831543	0,994030704867007	433,4154307059
20220,00195	0,809699299999977	8,523677734	0,99391093093766	433,179739492809
20230,00195	0,810682699999973	8,533927734	0,994044209535549	433,700652233572
20240,00195	0,81089129999998	8,534709961	0,994018131244556	433,740405600447
20250,00195	0,810354899999993	8,530225586	0,99386687675678	433,512506276363
20260,00195	0,80922240000001	8,51840625	0,9939803173726	432,911838694923
20270,00195	0,809192600000017	8,51905957	0,993839401396627	432,945040910708
20280,00195	0,809609799999976	8,520098633	0,993692804139404	432,997846877065
20290,00195	0,809192600000017	8,516458008	0,993843685608714	432,812827565178
20300,00195	0,810146299999985	8,524004883	0,994019714322926	433,196365452051
20310,00195	0,809132999999974	8,513655273	0,994147963671844	432,670390455862
20320,00195	0,809311799999989	8,516959961	0,993806430764432	432,838337195711
20330,00195	0,810027100000013	8,522859375	0,994292418823023	433,138149870407
20340,00195	0,810444300000029	8,527816406	0,99395656719686	433,390069929359
20350,00195	0,809371399999975	8,519185547	0,993935984177908	432,951443156985
20360,00195	0,810116499999992	8,526654297	0,994027817724081	433,331010672359
20370,00195	0,809729100000027	8,519660156	0,99392667071685	432,975563144788
20380,00195	0,809281999999996	8,518623047	0,993828131838733	432,922856482187
20390,00195	0,810474100000022	8,528432617	0,99409925326046	433,42138623774
20400,00195	0,808387999999979	8,510161133	0,993854862162004	432,4928156223
20410,00195	0,810205900000028	8,526850586	0,993872558038029	433,340986227575
20420,00195	0,809967500000027	8,521985352	0,994010307857264	433,093731361488
20430,00195	0,808656199999973	8,513027344	0,993894445121538	432,638478629872
20440,00195	0,810027100000013	8,524436523	0,994049610802936	433,218301722824
20450,00195	0,808656199999973	8,512861328	0,993689450973408	432,630041571378
20460,00195	0,80862639999998	8,509676758	0,994013381009399	432,468199319002
20470,00195	0,808805199999995	8,512489258	0,994050356839868	432,611132692992
20480,00195	0,809371399999975	8,515567383	0,993983670538597	432,767565330081
20490,00195	0,808358100000021	8,50819043	0,994040856369552	432,392663007572
20500,00195	0,809460800000011	8,517511719	0,994138929224599	432,866377953956
20510,00195	0,808298499999978	8,509124023	0,993931047933542	432,440108908878
20520,00195	0,809311799999989	8,511770508	0,994136415100138	432,574605275194
20530,00195	0,808030299999984	8,505061523	0,994060508342413	432,233649590893
20540,00195	0,809043599999995	8,511545898	0,993979199317251	432,56319042537
20550,00195	0,808805199999995	8,511231445	0,994047096678475	432,547209686436
20560,00195	0,808715800000016	8,509669922	0,99400406754834	432,467851908319
20570,00195	0,808954200000016	8,514310547	0,994186522580683	432,703691975403
20580,00195	0,809192600000017	8,515320313	0,99393169996582	432,755009046094
20590,00195	0,809371399999975	8,516324219	0,993959920362856	432,806028307161
20600,00195	0,809609799999976	8,51975	0,994157277132902	432,980129084718
20610,00195	0,809281999999996	8,516148438	0,993946322689711	432,797094983991
20620,00195	0,809401200000025	8,514432617	0,99406637563287	432,70989566499
20630,00195	0,808656199999973	8,510598633	0,993838377345932	432,515049702699
20640,00195	0,808298499999978	8,506491211	0,99395908232137	432,306307414748
20650,00195	0,809937699999978	8,522255859	0,994126728620614	433,107478731514
20660,00195	0,809371399999975	8,520355469	0,993998665280904	433,010899476546
20670,00195	0,810116499999992	8,523575195	0,993953215030912	433,174528383392
20680,00195	0,808566799999994	8,509357422	0,99406935678045	432,451970422321
20690,00195	0,810354899999993	8,526301758	0,994248178632935	433,313094374143
20700,00195	0,809937699999978	8,521678711	0,993884200614389	433,078147634294
20710,00195	0,809639600000025	8,521453125	0,994138371196974	433,066683183412
20720,00195	0,809848299999999	8,523170898	0,994037038180535	433,153981704528
20730,00195	0,809311799999989	8,515813477	0,993699602475953	432,78007201301
20740,00195	0,809192600000017	8,515133789	0,993832509055425	432,745529755552
20750,00195	0,809967500000027	8,522133789	0,994185777543801	433,101275041927
20760,00195	0,809371399999975	8,516754883	0,994147684658032	432,827914976877
20770,00195	0,809639600000025	8,520755859	0,993856631249582	433,031247598719
20780,00195	0,809699299999977	8,52165625	0,994001366414622	433,077006149311
20790,00195	0,809639600000025	8,518887695	0,994039087281974	432,936306093409
20800,00195	0,810056900000006	8,524092773	0,994095062052977	433,200832088225
20810,00195	0,810623099999987	8,530241211	0,99404560660471	433,513300350663
20820,00195	0,810265500000014	8,525875977	0,993905248656362	433,291455862174
20830,00195	0,809371399999975	8,518050781	0,993673804198822	432,893773491894
20840,00195	0,809699299999977	8,517038086	0,993906925739385	432,84230756721
20850,00195	0,810354899999993	8,524541992	0,993801215506254	433,223661737053
20860,00195	0,810205900000028	8,523756836	0,994026420654919	433,183759516186
20870,00195	0,811129800000003	8,533397461	0,994040856369552	433,673703359252
20880,00195	0,809401200000025	8,515196289	0,993965881657967	432,748706052752
20890,00195	0,809848299999999	8,520892578	0,994025488608779	433,038195761549
20900,00195	0,809878099999992	8,520325195	0,993970630893076	433,009360929003
20910,00195	0,808238899999992	8,506551758	0,993997734234813	432,309384459013
20920,00195	0,809460800000011	8,514678711	0,994200865290712	432,722402347919
20930,00195	0,80955019999999	8,512691406	0,994072336927981	432,621406007013
20940,00195	0,809729100000027	8,515477539	0,99395656719686	432,762999390151
20950,00195	0,809788700000013	8,516523438	0,994132968929537	432,81615276719
20960,00195	0,80955019999999	8,517852539	0,994071404881841	432,883698683742
20970,00195	0,809371399999975	8,513455078	0,993857470291118	432,660216394776
20980,00195	0,809281999999996	8,515291016	0,994045047577036	432,753520150429
20990,00195	0,810146299999985	8,521927734	0,994120861330157	433,090803171215
21000,00195	0,809520399999997	8,515830078	0,993951817961751	432,780915688367
21010,00195	0,809609799999976	8,514975586	0,993820028437578	432,737489759618
21020,00195	0,810474100000022	8,524930664	0,993917170246534	433,243414341617
21030,00195	0,809401200000025	8,51403418	0,993923690569319	432,689646795751
21040,00195	0,80955019999999	8,517369141	0,994388536581283	432,859132032322
21050,00195	0,810593299999994	8,524179688	0,994110615822958	433,205249174163
21060,00195	0,808894599999974	8,508449219	0,993965322630293	432,405814859989
21070,00195	0,809520399999997	8,511635742	0,993932351998099	432,5677563653
21080,00195	0,810027100000013	8,516654297	0,994040111332669	432,822803120394
21090,00195	0,809729100000027	8,516421875	0,994186149562217	432,81099125883
21100,00195	0,809729100000027	8,519603516	0,994244081430105	432,972684657214
21110,00195	0,810056900000006	8,521199219	0,99409375798842	433,053779488743
21120,00195	0,808984000000009	8,511048828	0,993887739789594	432,537928952584
21130,00195	0,809878099999992	8,519041992	0,994144983524314	432,944147583473
21140,00195	0,810116499999992	8,522364258	0,994090404822423	433,112987650556
21150,00195	0,810861499999987	8,527391602	0,993984694589292	433,368481069269
21160,00195	0,810027100000013	8,519614258	0,994023439507339	432,973230573766
21170,00195	0,810116499999992	8,521680664	0,99395656719686	433,078246887229
21180,00195	0,810354899999993	8,524467773	0,994029214793242	433,219889871424
21190,00195	0,810205900000028	8,521810547	0,99425972820469	433,084847639376
21200,00195	0,810354899999993	8,523541016	0,994052498945912	433,1727913808
21210,00195	0,809848299999999	8,519741211	0,993883920600527	432,979682421101
21220,00195	0,809520399999997	8,515119141	0,994022694470457	432,74478533313
21230,00195	0,810354899999993	8,523634766	0,993943062528318	433,1775558266
21240,00195	0,809878099999992	8,521623047	0,993997361216347	433,075318747777
21250,00195	0,810444300000029	8,522197266	0,993938406297814	433,104500991005
21260,00195	0,810444300000029	8,521980469	0,993949209832637	433,09348320374
21270,00195	0,809967500000027	8,519891602	0,993913538066725	432,987325405296
21280,00195	0,809848299999999	8,518774414	0,994045233586244	432,930549067439
21290,00195	0,810682699999973	8,527535156	0,994137812169299	433,37577659196
21300,00195	0,810116499999992	8,5234375	0,994092919946933	433,167530619505
21310,00195	0,810205900000028	8,521633789	0,993964856607223	433,075864664329
21320,00195	0,809967500000027	8,517728516	0,9939940090504	432,877395741221
21330,00195	0,809729100000027	8,514060547	0,994191272815841	432,690986786604
21340,00195	0,809937699999978	8,517160156	0,993773926155308	432,848511256797
21350,00195	0,808447600000022	8,505821289	0,993935425150233	432,272261472785
21360,00195	0,810354899999993	8,519322266	0,993989537829054	432,958391319815
21370,00195	0,810027100000013	8,51622168	0,993850577949916	432,800817197744
21380,00195	0,810712500000022	8,525076172	0,993969699846985	433,250809168064
21390,00195	0,810295300000007	8,521336914	0,993912234002168	433,06077725263
21400,00195	0,810056900000006	8,523758789	0,994109498767659	433,183858769121
21410,00195	0,810056900000006	8,522706055	0,994043371494062	433,13035803222
21420,00195	0,810593299999994	8,524202148	0,993901058448928	433,206390608324
21430,00195	0,809311799999989	8,512974609	0,993988885796775	432,635798597347
21440,00195	0,810861499999987	8,527204102	0,994047748710754	433,358952177669
21450,00195	0,809520399999997	8,514352539	0,993995406119561	432,705826040555
21460,00195	0,809699299999977	8,515021484	0,994148522699519	432,73982233064
21470,00195	0,809371399999975	8,509731445	0,993689916996478	432,470978553641
21480,00195	0,80922240000001	8,510425781	0,993990003852124	432,506265233521
21490,00195	0,810205900000028	8,519911133	0,994114621021233	432,988317985465
21500,00195	0,809371399999975	8,510548828	0,994015151097026	432,512518574986
21510,00195	0,808894599999974	8,506957031	0,994005557622106	432,329980738934
21520,00195	0,809371399999975	8,510211914	0,993891464974007	432,49539635107
21530,00195	0,809848299999999	8,514841797	0,994083699490479	432,730690501601
21540,00195	0,808894599999974	8,506515625	0,9941058655878	432,307548152666
21550,00195	0,808387999999979	8,501836914	0,993913352057516	432,0697725263
21560,00195	0,809878099999992	8,516041992	0,993932631011911	432,791685317884
21570,00195	0,809699299999977	8,515670898	0,994073174969468	432,772826040555
21580,00195	0,809281999999996	8,510004883	0,99401319500019	432,484874879301
21590,00195	0,810295300000007	8,519089844	0,994010959889542	432,946579458251
21600,00195	0,808238899999992	8,49922168	0,993738068380187	431,936864359404
21610,00195	0,808715800000016	8,50462207	0,993937009228653	432,21131625756
21620,00195	0,810027100000013	8,513891602	0,993994381068816	432,682400874117
21630,00195	0,809281999999996	8,512692383	0,993830087935568	432,621455658891
21640,00195	0,809788700000013	8,513345703	0,994114154998163	432,654657874676
21650,00195	0,809788700000013	8,512110352	0,994208316659588	432,591876403923
21660,00195	0,809311799999989	8,508224609	0,994078483232251	432,394400010164
21670,00195	0,810205900000028	8,515388672	0,994021484410553	432,758483102099
21680,00195	0,810295300000007	8,518355469	0,994017386207674	432,909257966153
21690,00195	0,809103199999981	8,505181641	0,993851882014473	432,239754078366
21700,00195	0,809788700000013	8,511349609	0,993872279024217	432,553214870153
21710,00195	0,808954200000016	8,504486328	0,993954239081608	432,204417746608
21720,00195	0,810056900000006	8,515642578	0,99388559768355	432,771386796768
21730,00195	0,809699299999977	8,510116211	0,994061905411574	432,490532652335
21740,00195	0,809281999999996	8,507004883	0,993900406416649	432,332412613711
21750,00195	0,808984000000009	8,504551758	0,994006861686663	432,20774294862
21760,00195	0,809967500000027	8,512648438	0,993968209773219	432,619222340804
21770,00195	0,809937699999978	8,510501953	0,994019528313718	432,510136352086
21780,00195	0,809729100000027	8,509673828	0,993942224486831	432,468050414189
21790,00195	0,808566799999994	8,500068359	0,994028282747101	431,979893225593
21800,00195	0,810027100000013	8,509893555	0,993997454220951	432,479217106266
21810,00195	0,810116499999992	8,511444336	0,994031356899286	432,55802896783
21820,00195	0,810295300000007	8,515526367	0,99409422401149	432,765480865986
21830,00195	0,809848299999999	8,510768555	0,994046444646197	432,523685267063
21840,00195	0,810354899999993	8,516106445	0,994118625219459	432,794960868019
21850,00195	0,808864799999981	8,499887695	0,994185497529939	431,970711744677
21860,00195	0,810056900000006	8,512764648	0,993906739730177	432,625128220765
21870,00195	0,810295300000007	8,515984375	0,994111360859841	432,788757178432
21880,00195	0,810384699999986	8,51484375	0,994058366236369	432,730789754536
21890,00195	0,810027100000013	8,508407227	0,994114900035046	432,403680794837
21900,00195	0,809311799999989	8,502044922	0,993915401158956	432,080343649947
21910,00195	0,809729100000027	8,505188477	0,9939985722763	432,240101489048
21920,00195	0,809520399999997	8,504650391	0,994054547047302	432,212755552168
21930,00195	0,809639600000025	8,505945313	0,993822171543672	432,278564466128
21940,00195	0,808805199999995	8,499821289	0,993792926095891	431,967336941607
21950,00195	0,809281999999996	8,502296875	0,993860357434045	432,093148091681
21960,00195	0,808566799999994	8,498444336	0,993962714501179	431,897359150277
21970,00195	0,808775400000002	8,499945313	0,993968023764011	431,973639934949
21980,00195	0,809848299999999	8,509723633	0,993812205050285	432,470581541902
21990,00195	0,809729100000027	8,509160156	0,994103816486361	432,441945215226
22000,00195	0,809460800000011	8,505467773	0,994064233526826	432,254295522692
22010,00195	0,810295300000007	8,513175781	0,994126449606802	432,646022310312
22020,00195	0,809311799999989	8,506361328	0,994047562701546	432,299706662601
22030,00195	0,809132999999974	8,501011719	0,993738534403258	432,027835493215
22040,00195	0,809609799999976	8,504768555	0,994102792435665	432,218760735885
22050,00195	0,810265500000014	8,511915039	0,99416612557094	432,581950449764
22060,00195	0,809848299999999	8,510359375	0,993920523412531	432,502890430452
22070,00195	0,809967500000027	8,510834961	0,993982925501714	432,527060070133
22080,00195	0,810801900000001	8,518705078	0,994175439031998	432,927025359557
22090,00195	0,810712500000022	8,518066406	0,994024650567292	432,894567566194
22100,00195	0,809609799999976	8,509811523	0,993857935314139	432,475048178076
22110,00195	0,810295300000007	8,511296875	0,994069821803471	432,550534888448
22120,00195	0,811189399999989	8,522298828	0,99393169996582	433,109662448544
22130,00195	0,810116499999992	8,51421875	0,993921454458622	432,699026782538
22140,00195	0,809699299999977	8,51255957	0,993988233764497	432,614706001931
22150,00195	0,810056900000006	8,517279297	0,994090870845493	432,854566092392
22160,00195	0,810861499999987	8,523426758	0,993927322749128	433,166984702953
22170,00195	0,810027100000013	8,51653418	0,994045978623127	432,816698683742
22180,00195	0,810593299999994	8,521083008	0,993801028496996	433,047873557961
22190,00195	0,810474100000022	8,52075293	0,994159885262017	433,031098744727
22200,00195	0,810533700000008	8,520987305	0,993912793029842	433,043009859227
22210,00195	0,810354899999993	8,517674805	0,99389677323679	432,874666107638
22220,00195	0,810593299999994	8,520740234	0,993881592485275	433,030453524419
22230,00195	0,809520399999997	8,510503906	0,994052404941258	432,510235605021
22240,00195	0,809729100000027	8,511879883	0,993956288183047	432,580163795294
22250,00195	0,809848299999999	8,512805664	0,994023067488923	432,62721268486
22260,00195	0,809192600000017	8,504986328	0,994094038002282	432,229828124206
22270,00195	0,810056900000006	8,510254883	0,993918381306487	432,4975800681
22280,00195	0,809788700000013	8,510030273	0,993975940155908	432,486165218275
22290,00195	0,810205900000028	8,513052734	0,993980690391066	432,639768968847
22300,00195	0,809967500000027	8,510915039	0,99382896988022	432,531129694567
22310,00195	0,809729100000027	8,510098633	0,994193786940302	432,4896393251
22320,00195	0,810533700000008	8,513947266	0,994085934601127	432,685229760634
22330,00195	0,809192600000017	8,505207031	0,993990841893611	432,24104441734
22340,00195	0,810205900000028	8,514047852	0,99393877831623	432,690341617116
22350,00195	0,810384699999986	8,514952148	0,994381551235477	432,736298622758
22360,00195	0,809371399999975	8,504882813	0,99391093093766	432,224567413732
22370,00195	0,809699299999977	8,509597656	0,993834651161469	432,464179295624
22380,00195	0,810384699999986	8,518289063	0,994211296807119	432,905883163084
22390,00195	0,81110000000001	8,52487793	0,994071591891098	433,240734359913
22400,00195	0,810295300000007	8,517648438	0,993849925917638	432,873326116786
22410,00195	0,810682699999973	8,52355957	0,994111733878307	433,173734309092
22420,00195	0,810772100000008	8,522186523	0,994308252606866	433,103955023632
22430,00195	0,810861499999987	8,523551758	0,99410838071231	433,173337297352
22440,00195	0,810533700000008	8,51990625	0,994184752493056	432,988069827718
22450,00195	0,809788700000013	8,514257813	0,99414833669031	432,701011993698
22460,00195	0,810384699999986	8,517689453	0,994067400683615	432,87541053006
22470,00195	0,810801900000001	8,524394531	0,994080160315274	433,216167657671
22480,00195	0,809878099999992	8,514648438	0,994124213496104	432,720863851197
22490,00195	0,81089129999998	8,522594727	0,994044768563223	433,124700259186
22500,00195	0,810772100000008	8,517489258	0,994062184425387	432,865236468974
22510,00195	0,809878099999992	8,509475586	0,993868552839754	432,457975606038
22520,00195	0,809937699999978	8,513969727	0,994025302599571	432,686371245617
22530,00195	0,810712500000022	8,517570313	0,993938033279348	432,869355745286
22540,00195	0,809878099999992	8,511767578	0,9940830474582	432,574456370382
22550,00195	0,810056900000006	8,512018555	0,994035734115978	432,587211211059
22560,00195	0,809878099999992	8,50875293	0,994104096500222	432,42124968237
22570,00195	0,810295300000007	8,512265625	0,994053802010419	432,599767495045
22580,00195	0,810801900000001	8,516835938	0,993933376048794	432,832034253189
22590,00195	0,810027100000013	8,510380859	0,994027258696406	432,503982263556
22600,00195	0,810056900000006	8,509884766	0,994068797752776	432,478770442649
22610,00195	0,809192600000017	8,504591797	0,994113037942864	432,209777760837
22620,00195	0,810027100000013	8,508958984	0,993860543443253	432,431721502261
22630,00195	0,809788700000013	8,50872168	0,994001273410018	432,41966153377
22640,00195	0,810027100000013	8,51074707	0,994107635675427	432,522593383138
22650,00195	0,809967500000027	8,50965625	0,994085003555036	432,467157086954
22660,00195	0,809848299999999	8,507373047	0,994025023585758	432,351122986228
22670,00195	0,809401200000025	8,504392578	0,993932631011911	432,199653300808
22680,00195	0,810533700000008	8,515401367	0,994102047398783	432,759128271586
22690,00195	0,809848299999999	8,510770508	0,994183169414687	432,523784519998
22700,00195	0,808715800000016	8,500289063	0,993827665815663	431,991109569548
22710,00195	0,810146299999985	8,511999023	0,994022881479714	432,586218580068
22720,00195	0,808715800000016	8,498974609	0,994148801713331	431,924308024597
22730,00195	0,810474100000022	8,515442383	0,994206267558148	432,761212735681
22740,00195	0,810027100000013	8,508007813	0,994044302540153	432,383382273721
22750,00195	0,808864799999981	8,498085938	0,994104934541709	431,879145093256
22760,00195	0,808537000000001	8,496499023	0,994057621199486	431,798496874524
22770,00195	0,810265500000014	8,508666016	0,993930861924333	432,416832647253
22780,00195	0,808715800000016	8,495037109	0,993997734234813	431,724201301011
22790,00195	0,809967500000027	8,506293945	0,993987116709198	432,296282207654
22800,00195	0,809281999999996	8,501976563	0,993839680410439	432,076869593942
22810,00195	0,810146299999985	8,508776367	0,993961317432018	432,42244076841
22820,00195	0,808984000000009	8,500481445	0,994033218991468	432,000886568074
22830,00195	0,809043599999995	8,500484375	0,993983204515526	432,001035472887
22840,00195	0,808566799999994	8,494147461	0,993997641230209	431,678988717792
22850,00195	0,808656199999973	8,49543457	0,993869111867428	431,744400569193
22860,00195	0,809878099999992	8,502876953	0,993993357018121	432,122628093713
22870,00195	0,807911100000013	8,488354492	0,994085189564244	431,384585658383
22880,00195	0,809609799999976	8,499580078	0,993931420952008	431,955078416425
22890,00195	0,809699299999977	8,500733398	0,994119836279412	432,013691009808
22900,00195	0,809937699999978	8,502958984	0,994004253557549	432,126796971083
22910,00195	0,809311799999989	8,496345703	0,993842381544157	431,790705036337
22920,00195	0,809311799999989	8,500638672	0,994031728917702	432,008876962952
22930,00195	0,809878099999992	8,50769043	0,993690289014894	432,367252629974
22940,00195	0,810295300000007	8,507655273	0,993900033398183	432,365465924684
22950,00195	0,809103199999981	8,498649414	0,994034244042212	431,907781369111
22960,00195	0,809609799999976	8,504178711	0,994134831021719	432,188784418356
22970,00195	0,809401200000025	8,501134766	0,993940454399204	432,03408883468
22980,00195	0,810682699999973	8,511384766	0,994147032625753	432,555001575443
22990,00195	0,810146299999985	8,510726563	0,993993170008863	432,521551201911
23000,00195	0,810474100000022	8,509316406	0,993979665340322	432,449885958225
23010,00195	0,810027100000013	8,506808594	0,994131012832702	432,322437058495
23020,00195	0,809311799999989	8,49940332	0,993924342601598	431,946095441378
23030,00195	0,810205900000028	8,507080078	0,994095993099068	432,336234080398
23040,00195	0,810205900000028	8,507121094	0,994041880420247	432,338318544494
23050,00195	0,810593299999994	8,510333984	0,994062929462269	432,501600040657
23060,00195	0,810593299999994	8,507675781	0,993909905886915	432,366508156731
23070,00195	0,809878099999992	8,504180664	0,994099067251252	432,188883671291
23080,00195	0,810295300000007	8,505075195	0,994080160315274	432,234344412258
23090,00195	0,80922240000001	8,496759766	0,994087238665684	431,811748030696
23100,00195	0,809699299999977	8,501541016	0,994019900332134	432,054734766479
23110,00195	0,810682699999973	8,509268555	0,99396364554727	432,447454134268
23120,00195	0,810533700000008	8,507763672	0,994046165632384	432,370974843726
23130,00195	0,809639600000025	8,500368164	0,993804661676855	431,995129542105
23140,00195	0,810682699999973	8,508711914	0,994021297401295	432,419165218275
23150,00195	0,809878099999992	8,49974707	0,994001832437692	431,963565075977
23160,00195	0,809639600000025	8,499819336	0,994019714322926	431,967237688672
23170,00195	0,810533700000008	8,509791016	0,993884758642014	432,474005996849
23180,00195	0,811040400000024	8,512821289	0,993971469934612	432,62800675916
23190,00195	0,809937699999978	8,502490234	0,993851136977591	432,102974742085
23200,00195	0,810027100000013	8,505279297	0,993887552780336	432,244717030035
23210,00195	0,810384699999986	8,508404297	0,994260473241573	432,403531890024
23220,00195	0,809699299999977	8,501331055	0,994015523115442	432,044064389897
23230,00195	0,810265500000014	8,505616211	0,993976592188187	432,261839253951
23240,00195	0,810533700000008	8,507708008	0,994098135205112	432,368145957209
23250,00195	0,809371399999975	8,497213867	0,993878612337744	431,834825786451
23260,00195	0,810056900000006	8,505898438	0,994003322511458	432,276182243228
23270,00195	0,810801900000001	8,512369141	0,99401319500019	432,60502825634
23280,00195	0,809788700000013	8,503648438	0,993982645487852	432,161835544036
23290,00195	0,810861499999987	8,51162793	0,993973146017586	432,56735935356
23300,00195	0,810772100000008	8,511807617	0,994125145542245	432,576491182599
23310,00195	0,810027100000013	8,505883789	0,993809783930429	432,275437769985
23320,00195	0,810146299999985	8,507044922	0,994116483113415	432,334447425929
23330,00195	0,809848299999999	8,505207031	0,993874886153281	432,24104441734
23340,00195	0,810146299999985	8,508525391	0,994067400683615	432,409685978554
23350,00195	0,810712500000022	8,512625977	0,99402390553041	432,618080855822
23360,00195	0,81089129999998	8,513354492	0,993997641230209	432,655104538293
23370,00195	0,810623099999987	8,513139648	0,993984042557013	432,644186003964
23380,00195	0,810056900000006	8,50740332	0,994010307857264	432,35266148295
23390,00195	0,810205900000028	8,506868164	0,994155042022254	432,325464450882
23400,00195	0,809281999999996	8,497050781	0,993843499599506	431,826537632769
23410,00195	0,81089129999998	8,512612305	0,994097111154416	432,617386034456
23420,00195	0,810295300000007	8,508208008	0,994122444408526	432,393556334807
23430,00195	0,810205900000028	8,508333008	0,994183728442361	432,399908929207
23440,00195	0,810205900000028	8,504916016	0,994037876222021	432,226254815267
23450,00195	0,810116499999992	8,505708008	0,994013940037073	432,266504446816
23460,00195	0,809609799999976	8,502438477	0,994014405060094	432,100344412258
23470,00195	0,810533700000008	8,509546875	0,994024278548876	432,461598566855
23480,00195	0,809729100000027	8,503634766	0,993811274004195	432,161140722671
23490,00195	0,809878099999992	8,505256836	0,994227036586309	432,243575545053
23500,00195	0,810593299999994	8,511124023	0,994104096500222	432,541750419271
23510,00195	0,810116499999992	8,50762793	0,994273605891698	432,364076332774
23520,00195	0,810444300000029	8,512459961	0,993950978920215	432,609643797327
23530,00195	0,809609799999976	8,503446289	0,994197233110903	432,151562179194
23540,00195	0,810205900000028	8,506620117	0,993913259052912	432,312858515018
23550,00195	0,809401200000025	8,500905273	0,993940920422274	432,022425827108
23560,00195	0,808984000000009	8,498754883	0,994090591831681	431,913141383341
23570,00195	0,809729100000027	8,501777344	0,993809783930429	432,066745133913
23580,00195	0,810027100000013	8,506101563	0,993925552661501	432,286505209127
23590,00195	0,809967500000027	8,504052734	0,993972866003724	432,182382172079
23600,00195	0,809281999999996	8,497796875	0,993944832615945	431,864454693297
23610,00195	0,809788700000013	8,502460938	0,994076714144673	432,10148589724
23620,00195	0,809132999999974	8,496750977	0,993869949908915	431,811301367078
23630,00195	0,809788700000013	8,501242188	0,994057528194882	432,039548101845
23640,00195	0,809103199999981	8,496341797	0,993770572989311	431,790506530467
23650,00195	0,80862639999998	8,492470703	0,994143958473569	431,593774609951
23660,00195	0,810265500000014	8,507457031	0,994166684598614	432,355391116532
23670,00195	0,809520399999997	8,498227539	0,993975009109817	431,886341363013
23680,00195	0,80955019999999	8,498186523	0,993823661617437	431,884256898917
23690,00195	0,808984000000009	8,495010742	0,993925552661501	431,722861310159
23700,00195	0,809043599999995	8,494607422	0,993952749007842	431,702364283173
23710,00195	0,80862639999998	8,493418945	0,993814720174795	431,6419649845
23720,00195	0,809460800000011	8,497342773	0,994100277311155	431,841376886721
23730,00195	0,808984000000009	8,494966797	0,993934867122609	431,720627992072
23740,00195	0,810027100000013	8,501618164	0,9939357981687	432,058655486101
23750,00195	0,809639600000025	8,501223633	0,994077366176952	432,038605122732
23760,00195	0,810116499999992	8,50587793	0,993867994812129	432,275140011181
23770,00195	0,809103199999981	8,494084961	0,993926111689175	431,675812420593
23780,00195	0,808954200000016	8,493854492	0,994068983761984	431,664099811963
23790,00195	0,808477400000015	8,49197168	0,994040297341878	431,56841388423
23800,00195	0,809043599999995	8,494322266	0,994024184544222	431,687872439904
23810,00195	0,809371399999975	8,497134766	0,99383148500473	431,830805813894
23820,00195	0,809371399999975	8,497077148	0,994113688975093	431,827877623622
23830,00195	0,810146299999985	8,504921875	0,993872279024217	432,226552574071
23840,00195	0,810056900000006	8,502083008	0,993925180643084	432,082279209229
23850,00195	0,809192600000017	8,496310547	0,994083699490479	431,788918381867
23859,32227	0,807553499999983	8,480088867	0,994111919887515	430,964520353712
23860,00195	0,807970699999998	8,481362305	0,99386892585822	431,029237434568
23870,00195	0,808238899999992	8,483461914	0,994129988782007	431,135941149565
23880,00195	0,810056900000006	8,503213867	0,994302757334826	432,13975031763
23890,00195	0,809520399999997	8,496138672	0,994047562701546	431,780183564568
23900,00195	0,808864799999981	8,492585938	0,994118346205647	431,599630939676
23910,00195	0,809281999999996	8,493149414	0,99411089583682	431,628267215531
23920,00195	0,810444300000029	8,509518555	0,994322409307686	432,460159323068
23930,00195	0,810056900000006	8,503666016	0,994153644953093	432,162728871271
23940,00195	0,809967500000027	8,502606445	0,993979758344926	432,108880672867
23950,00195	0,809460800000011	8,498744141	0,994074106015559	431,912595466789
23960,00195	0,810027100000013	8,50300293	0,993885690688154	432,129030339991
23970,00195	0,809520399999997	8,498953125	0,994026513659524	431,923216191493
23980,00195	0,809937699999978	8,50384668	0,994004905589827	432,171910352188
23990,00195	0,809967500000027	8,501099609	0,994009003792707	432,03230212939
24000,00195	0,809967500000027	8,500452148	0,994064885559105	431,999397672409
24010,00195	0,809132999999974	8,49334668	0,993957592247604	431,638292422625
24020,00195	0,809311799999989	8,492748047	0,99405063585368	431,60786944148
24030,00195	0,810265500000014	8,506456055	0,994292605832281	432,304520760278
24040,00195	0,809967500000027	8,501357422	0,994062091420782	432,045404380749
24050,00195	0,809788700000013	8,500105469	0,993980876400274	431,981779183819
24060,00195	0,810861499999987	8,509573242	0,994000435368531	432,462938557707
24070,00195	0,810295300000007	8,506645508	0,994163238428013	432,314148904813
24080,00195	0,809043599999995	8,494855469	0,993930116887451	431,714970219037
24090,00195	0,810295300000007	8,509510742	0,994357335036667	432,459762260507
24100,00195	0,809788700000013	8,500974609	0,994049424793728	432,02594953499
24110,00195	0,809609799999976	8,499626953	0,993904783633341	431,957460639325
24120,00195	0,810682699999973	8,509394531	0,994050449844472	432,453856329725
24130,00195	0,809371399999975	8,497862305	0,994039738314203	431,867779895309
24140,00195	0,811219199999982	8,515080078	0,993847317788524	432,74280012197
24150,00195	0,809281999999996	8,496207031	0,993844616654805	431,783657620572
24160,00195	0,80955019999999	8,499269531	0,994384159364591	431,939296183361
24170,00195	0,810444300000029	8,508070313	0,994139116233856	432,38655857092
24180,00195	0,809460800000011	8,496616211	0,994098135205112	431,804452457183
24190,00195	0,810474100000022	8,512619141	0,993922758523179	432,617733445139
24200,00195	0,810027100000013	8,505698242	0,993888670835685	432,266008131321
24210,00195	0,810056900000006	8,506793945	0,993910836933006	432,321692585252
24220,00195	0,809967500000027	8,503316406	0,994028375751705	432,144961427047
24230,00195	0,809371399999975	8,496047852	0,993805126699875	431,775568023581
24240,00195	0,810474100000022	8,504348633	0,993957778256813	432,197419982721
24250,00195	0,810474100000022	8,506652344	0,99412616959294	432,314496315495
24260,00195	0,811040400000024	8,512027344	0,994189130709798	432,587657874676
24270,00195	0,809639600000025	8,500423828	0,994000714382344	431,997958428622
24280,00195	0,810593299999994	8,508277344	0,993887459775732	432,397080042689
24290,00195	0,809729100000027	8,501799805	0,993798235358723	432,067886618895
24300,00195	0,810265500000014	8,506227539	0,994016920184604	432,292907404584
24310,00195	0,810772100000008	8,509766602	0,994078670241508	432,472765258932
24320,00195	0,810474100000022	8,508006836	0,994177209119625	432,383332621843
24330,00195	0,810623099999987	8,507357422	0,993863151572367	432,350328911928
24340,00195	0,810265500000014	8,505086914	0,993885503678896	432,234939980688
24350,00195	0,810950999999989	8,513105469	0,994082395425922	432,642449001372
24360,00195	0,810950999999989	8,513881836	0,994004253557549	432,681904558622
24370,00195	0,810474100000022	8,508811523	0,994183542433153	432,42422742288
24380,00195	0,811010599999975	8,514145508	0,994212879885488	432,695304568786
24390,00195	0,810772100000008	8,508788086	0,994050821862889	432,42303633684
24400,00195	0,811010599999975	8,512776367	0,993943993574409	432,625723789196
24410,00195	0,809729100000027	8,500171875	0,994063674499152	431,985153986888
24420,00195	0,810205900000028	8,50562207	0,993901244458136	432,262137012756
24430,00195	0,810474100000022	8,50746875	0,993985905649245	432,355986684962
24440,00195	0,809699299999977	8,499357422	0,993862964563109	431,943762870356
24450,00195	0,810682699999973	8,510652344	0,994098694232786	432,517779336281
24460,00195	0,810295300000007	8,506538086	0,993932818021169	432,308689637648
24470,00195	0,809878099999992	8,50371875	0,994002670479179	432,165408852976
24480,00195	0,810354899999993	8,507126953	0,994040763364948	432,338616303298
24490,00195	0,810772100000008	8,509845703	0,994004532571361	432,476785231489
24500,00195	0,810265500000014	8,505885742	0,993990468875145	432,27553702292
24510,00195	0,809460800000011	8,497774414	0,993970258874659	431,863313208314
24520,00195	0,810056900000006	8,50118457	0,993800842487788	432,036619911572
24530,00195	0,810205900000028	8,504802734	0,994104468518639	432,220497738476
24540,00195	0,809878099999992	8,501973633	0,994183169414687	432,076720689129
24550,00195	0,81089129999998	8,512263672	0,994099067251252	432,59966824211
24560,00195	0,810116499999992	8,504316406	0,994184659488452	432,195782182243
24570,00195	0,809937699999978	8,503914063	0,993922479509366	432,175334807135
24580,00195	0,810682699999973	8,510111328	0,993997827239417	432,490284494588
24590,00195	0,809848299999999	8,501480469	0,993961038418205	432,051657722214
24600,00195	0,810593299999994	8,508427734	0,994116670122673	432,404722976063
24610,00195	0,810801900000001	8,511912109	0,993957778256813	432,581801544951
24620,00195	0,810265500000014	8,504499023	0,993970072865451	432,205062916095
24630,00195	0,810623099999987	8,508788086	0,993932445002703	432,42303633684
24640,00195	0,810205900000028	8,506142578	0,993898450319813	432,288589622402
24650,00195	0,811278800000025	8,515439453	0,993929278845964	432,761063830869
24660,00195	0,81110000000001	8,517581055	0,994147684658032	432,869901661839
24670,00195	0,810295300000007	8,507967773	0,993958337284487	432,381347410683
24680,00195	0,810801900000001	8,51252832	0,994025861627245	432,613117853331
24690,00195	0,809639600000025	8,499279297	0,994070380831146	431,939792498856
24700,00195	0,809520399999997	8,49606543	0,994111453864445	431,776461350816
24710,00195	0,811010599999975	8,509600586	0,993895283163025	432,464328200437
24720,00195	0,80922240000001	8,494386719	0,994023067488923	431,691147990039
24730,00195	0,809937699999978	8,50021875	0,993945484648224	431,987536209788
24740,00195	0,809281999999996	8,495013672	0,993929464855172	431,723010214972
24750,00195	0,810056900000006	8,50096875	0,994289345670888	432,025651776185
24760,00195	0,809281999999996	8,493524414	0,994037131185139	431,647324998729
24770,00195	0,810861499999987	8,509351563	0,994108194703102	432,451672663516
24780,00195	0,808805199999995	8,488611328	0,993896028199908	431,397638257864
24790,00195	0,809460800000011	8,493661133	0,993874607139469	431,654273161559
24800,00195	0,809639600000025	8,497539063	0,993941106431482	431,851352492758
24810,00195	0,809848299999999	8,49812793	0,994134738017115	431,881279158408
24820,00195	0,810146299999985	8,504701172	0,994078856250717	432,215336280937
24830,00195	0,810354899999993	8,50178418	0,994040297341878	432,067092544595
24840,00195	0,808984000000009	8,494605469	0,994036199138998	431,702265030238
24850,00195	0,810801900000001	8,509453125	0,994219400208274	432,456834121055
24860,00195	0,810027100000013	8,502858398	0,994251904817398	432,121685114601
24870,00195	0,810265500000014	8,500723633	0,99403098388082	432,013194745134
24880,00195	0,809311799999989	8,494982422	0,994016268152325	431,721422066372
24890,00195	0,808805199999995	8,488514648	0,994042067429505	431,392724907252
24900,00195	0,809729100000027	8,495813477	0,99409878723739	431,763656909082
24910,00195	0,808954200000016	8,490625	0,993888391821873	431,499974589622
24920,00195	0,80955019999999	8,495445313	0,994052404941258	431,744946536566
24930,00195	0,810682699999973	8,505580078	0,994116856131881	432,260002947604
24940,00195	0,809103199999981	8,491989258	0,993782029556463	431,569307211465
24950,00195	0,80955019999999	8,494293945	0,994147125630358	431,686433145297
24960,00195	0,809609799999976	8,494614258	0,994074665043233	431,702711693856
24970,00195	0,810265500000014	8,50078125	0,993919033338765	432,016122884586
24980,00195	0,809609799999976	8,496852539	0,993936729214791	431,816462824618
24990,00195	0,81089129999998	8,507924805	0,994047003673871	432,379163744473
25000,00195	0,809520399999997	8,495316406	0,994047748710754	431,738395385475
25010,00195	0,809788700000013	8,494517578	0,994100277311155	431,697798343243
25020,00195	0,809729100000027	8,494726563	0,993851602000611	431,708419118768
25030,00195	0,809609799999976	8,495574219	0,994260566246177	431,751497636835
25040,00195	0,809729100000027	8,497507813	0,993951444943285	431,849764344158
25050,00195	0,810056900000006	8,499040039	0,994141723362921	431,92763322661
25060,00195	0,809729100000027	8,496393555	0,993981900450969	431,793136911114
25070,00195	0,810533700000008	8,502280273	0,994171340829119	432,092304365503
25080,00195	0,810027100000013	8,499249023	0,993938033279348	431,938253951314
25090,00195	0,810146299999985	8,499250977	0,994042439447922	431,938353255069
25100,00195	0,80955019999999	8,496750977	0,993938499302418	431,811301367078
25110,00195	0,809937699999978	8,496365234	0,99395656719686	431,791697616507
25120,00195	0,809788700000013	8,497174805	0,993876656240909	431,832840626112
25130,00195	0,808984000000009	8,489819336	0,994249017674471	431,459030136708
25140,00195	0,810295300000007	8,499901367	0,993974822100559	431,971406566042
25150,00195	0,810533700000008	8,505926758	0,993882058508345	432,277621487015
25160,00195	0,810116499999992	8,498681641	0,993879357374627	431,909419169589
25170,00195	0,809699299999977	8,497239258	0,993836607258304	431,836116176246
25180,00195	0,810205900000028	8,501010742	0,993922758523179	432,027785841338
25190,00195	0,810265500000014	8,499357422	0,994097483172833	431,943762870356
25200,00195	0,810384699999986	8,502967773	0,994152620902398	432,1272436347
25210,00195	0,810056900000006	8,498510742	0,994085003555036	431,900733953347
25220,00195	0,809729100000027	8,494959961	0,99382896988022	431,720280581389
25230,00195	0,810056900000006	8,497333984	0,99402390553041	431,840930223103
25240,00195	0,810265500000014	8,499603516	0,993858867360279	431,956269553286
25250,00195	0,810623099999987	8,505865234	0,993978361275764	432,274494790873
25260,00195	0,809281999999996	8,493305664	0,993977244220465	431,63620795853
25270,00195	0,810056900000006	8,500932617	0,9940031355022	432,023815469838
25280,00195	0,810533700000008	8,503870117	0,9940248365765	432,173101438227
25290,00195	0,809967500000027	8,500693359	0,99412710163908	432,011656197591
25300,00195	0,810354899999993	8,502464844	0,994185870548405	432,10168440311
25310,00195	0,810056900000006	8,498644531	0,994039925323461	431,907533211363
25320,00195	0,810056900000006	8,495429688	0,994032473954585	431,744152462266
25330,00195	0,808894599999974	8,487936523	0,994035920125186	431,363344158154
25340,00195	0,810027100000013	8,495939453	0,994222752374221	431,770059104538
25350,00195	0,809848299999999	8,495393555	0,994086027605731	431,742316155918
25360,00195	0,809132999999974	8,488429688	0,993946694708127	431,388407175891
25370,00195	0,80922240000001	8,490759766	0,99414330744134	431,506823499517
25380,00195	0,810295300000007	8,500331055	0,99423849315346	431,9932436347
25390,00195	0,810861499999987	8,502682617	0,993892862043169	432,112751791432
25400,00195	0,809401200000025	8,491972656	0,99390087143967	431,568463485287
25410,00195	0,809878099999992	8,496944336	0,994153551948489	431,821128017482
25420,00195	0,810116499999992	8,496854492	0,993822636566692	431,816562077552
25430,00195	0,809967500000027	8,497244141	0,993983949552409	431,836364333994
25440,00195	0,809609799999976	8,495296875	0,993936357196374	431,737402805306
25450,00195	0,810593299999994	8,504435547	0,994211203802515	432,201837017838
25460,00195	0,809878099999992	8,498523438	0,994105958592404	431,901379173655
25470,00195	0,810354899999993	8,504207031	0,993941758463761	432,190223662144
25480,00195	0,810116499999992	8,501938477	0,994013847032469	432,07493403466
25490,00195	0,810533700000008	8,504895508	0,993851322986799	432,225212583219
25500,00195	0,810265500000014	8,502396484	0,993872931056495	432,098210296285
25510,00195	0,809937699999978	8,500425781	0,993899567375113	431,998057681557
25520,00195	0,809967500000027	8,498640625	0,993869577890499	431,907334705494
25530,00195	0,811010599999975	8,509503906	0,994005278608293	432,459414849825
25540,00195	0,809937699999978	8,498555664	0,99393216598889	431,903016923311
25550,00195	0,810116499999992	8,501581055	0,993899847388975	432,056769578696
25560,00195	0,810116499999992	8,502518555	0,994022694470457	432,104414036693
25570,00195	0,810146299999985	8,502366211	0,99394129344074	432,096671799563
25580,00195	0,810533700000008	8,506118164	0,994034430051421	432,287348884484
25590,00195	0,810265500000014	8,502405273	0,993890253914055	432,098656959902
25600,00195	0,810265500000014	8,500293945	0,993699137452932	431,991357676475
25610,00195	0,810712500000022	8,50606543	0,994062464439249	432,28466890278
25620,00195	0,809192600000017	8,491123047	0,993976312174325	431,525285714286
25630,00195	0,811129800000003	8,508946289	0,994165846557127	432,431076332774
25640,00195	0,810265500000014	8,502929688	0,994161003317365	432,125308126239
25650,00195	0,810146299999985	8,499833984	0,994075876103186	431,967982111094
25660,00195	0,81089129999998	8,505829102	0,993942317491435	432,272658535346
25670,00195	0,810444300000029	8,500798828	0,994125610565265	432,017016211821
25680,00195	0,810623099999987	8,504597656	0,993955450141561	432,210075519642
25690,00195	0,810801900000001	8,503768555	0,993871719996542	432,167939980688
25700,00195	0,810295300000007	8,500111328	0,993923597564715	431,982076942623
25710,00195	0,810801900000001	8,502629883	0,994100371315809	432,110071809727
25720,00195	0,809460800000011	8,491147461	0,993804381662993	431,526526452203
25730,00195	0,80955019999999	8,49071875	0,993923224546249	431,504739035422
25740,00195	0,810056900000006	8,497505859	0,994214276954649	431,849665040403
25750,00195	0,809848299999999	8,495508789	0,994103165454132	431,748172434822
25760,00195	0,810205900000028	8,499436523	0,994266713550496	431,947782842913
25770,00195	0,80922240000001	8,49062207	0,994287203564844	431,49982568481
25780,00195	0,810116499999992	8,49672168	0,993884013605131	431,809812471413
25790,00195	0,810682699999973	8,502460938	0,994063768503806	432,10148589724
25800,00195	0,810593299999994	8,500295898	0,993991400921285	431,99145692941
25810,00195	0,809788700000013	8,494288086	0,994092360919259	431,686135386492
25820,00195	0,810116499999992	8,497196289	0,994032194940773	431,833932459216
25830,00195	0,809401200000025	8,492675781	0,994150105777888	431,604196828785
25840,00195	0,80955019999999	8,490189453	0,99399195994896	431,477839762159
25850,00195	0,810116499999992	8,498944336	0,994163424437222	431,922769527875
25860,00195	0,809967500000027	8,496636719	0,993773367127634	431,805494689231
25870,00195	0,809520399999997	8,490898438	0,993849180880755	431,513870915282
25880,00195	0,808715800000016	8,483618164	0,993999690331648	431,143881892565
25890,00195	0,809729100000027	8,492381836	0,993953401040121	431,589258321899
25900,00195	0,808537000000001	8,483849609	0,993944925620549	431,155644102251
25910,00195	0,808775400000002	8,482004883	0,99385272005596	431,061893733801
25920,00195	0,809460800000011	8,490775391	0,994096180108325	431,507617573817
25930,00195	0,810146299999985	8,497105469	0,99404514058164	431,829316918229
25940,00195	0,809520399999997	8,493042969	0,994086959651872	431,622857600244
25950,00195	0,808864799999981	8,485779297	0,993933470053447	431,253712303705
25960,00195	0,809639600000025	8,495203125	0,99387805331007	431,732638359506
25970,00195	0,809460800000011	8,49124707	0,993976778197395	431,531588656807
25980,00195	0,809192600000017	8,489602539	0,993891836992424	431,448012349444
25990,00195	0,809788700000013	8,495039063	0,993994567078024	431,724300604767
26000,00195	0,80922240000001	8,491779297	0,993807734828989	431,558636834883
26010,00195	0,809460800000011	8,492930664	0,994094038002282	431,617150175332
26020,00195	0,808954200000016	8,48571875	0,99388969488638	431,25063525944
26030,00195	0,810444300000029	8,501279297	0,993925552661501	432,041434009249
26040,00195	0,809103199999981	8,488555664	0,994020832378275	431,394809371347
26050,00195	0,809729100000027	8,494946289	0,993859053369488	431,719585760024
26060,00195	0,810593299999994	8,504144531	0,99411247891519	432,187047364944
26070,00195	0,810444300000029	8,501654297	0,994020738373621	432,060491792448
26080,00195	0,810444300000029	8,50518457	0,993936636210186	432,239902932358
26090,00195	0,810801900000001	8,506869141	0,994018224249161	432,32551410276
26100,00195	0,809132999999974	8,489794922	0,994152899916211	431,45778939879
26110,00195	0,809878099999992	8,49394043	0,994002670479179	431,668467246023
26120,00195	0,808238899999992	8,479456055	0,993864548641528	430,932360369975
26130,00195	0,809192600000017	8,488171875	0,994110149799888	431,375304924531
26140,00195	0,809848299999999	8,492949219	0,994170316778423	431,618093154444
26150,00195	0,810354899999993	8,497339844	0,994136601109347	431,841228032729
26160,00195	0,809729100000027	8,494136719	0,994174414981303	431,67844280124
26170,00195	0,809192600000017	8,487961914	0,99384359260411	431,364634547949
26180,00195	0,809192600000017	8,488018555	0,993919219347974	431,367513086345
26190,00195	0,810265500000014	8,497642578	0,994144424496639	431,856613203232
26200,00195	0,809192600000017	8,488541992	0,994019714322926	431,394114549982
26210,00195	0,808805199999995	8,484923828	0,993912700025238	431,210236723078
26220,00195	0,810205900000028	8,496118164	0,994142655409062	431,77914133252
26230,00195	0,809788700000013	8,495571289	0,994088542730241	431,751348732022
26240,00195	0,808864799999981	8,484072266	0,994129988782007	431,166959699141
26250,00195	0,810146299999985	8,495907227	0,993822171543672	431,768421354881
26260,00195	0,810354899999993	8,495303711	0,994010586871076	431,737750215988
26270,00195	0,810474100000022	8,498338867	0,993882244517553	431,891999136047
26280,00195	0,810116499999992	8,494213867	0,993935612159491	431,682363520862
26290,00195	0,809967500000027	8,49497168	0,994169105718471	431,72087614982
26300,00195	0,810027100000013	8,492169922	0,993929557859776	431,578488692382
26310,00195	0,810384699999986	8,495742188	0,994064233526826	431,760033948264
26320,00195	0,810712500000022	8,499994141	0,994185125511522	431,976121410784
26330,00195	0,810384699999986	8,497978516	0,994026140641058	431,873685826091
26340,00195	0,811695999999984	8,507626953	0,994223497411104	432,364026680897
26350,00195	0,810056900000006	8,491634766	0,994164169474104	431,551291660314
26360,00195	0,809639600000025	8,489932617	0,993892489024703	431,464787162677
26370,00195	0,810384699999986	8,494732422	0,994126449606802	431,708716877573
26380,00195	0,810205900000028	8,491520508	0,994101488371108	431,545484982467
26390,00195	0,810533700000008	8,494612305	0,994324830427543	431,702612440921
26400,00195	0,809788700000013	8,490978516	0,994006581672801	431,517940539717
26410,00195	0,809281999999996	8,486683594	0,99396914081931	431,299669360167
26420,00195	0,809878099999992	8,491479492	0,993896028199908	431,543400518372
26430,00195	0,811010599999975	8,504797852	0,993955170127699	432,22024963155
26440,00195	0,811457599999983	8,507336914	0,994120022288621	432,34928667988
26450,00195	0,810444300000029	8,498078125	0,99392713673992	431,878748030696
26460,00195	0,811368200000004	8,507568359	0,994276213020763	432,361048889567
26470,00195	0,811219199999982	8,509070313	0,994220703272781	432,437379326117
26480,00195	0,810593299999994	8,500685547	0,994000714382344	432,011259185851
26490,00195	0,810682699999973	8,50018457	0,99401319500019	431,985799156375
26500,00195	0,809699299999977	8,490505859	0,993866224724502	431,493919754028
26510,00195	0,811010599999975	8,501427734	0,993944739611341	432,048977689689
26520,00195	0,810354899999993	8,495777344	0,993945297638966	431,761820602734
26530,00195	0,810950999999989	8,501510742	0,993974543086747	432,053196218936
26540,00195	0,810056900000006	8,49246582	0,993848807862289	431,593526452203
26550,00195	0,810056900000006	8,492192383	0,993969420833172	431,579630177364
26560,00195	0,811517200000026	8,505974609	0,994050356839868	432,280053310972
26570,00195	0,809848299999999	8,491270508	0,994190154760493	431,532779793668
26580,00195	0,810384699999986	8,494354492	0,994056317134929	431,689510189561
26590,00195	0,811219199999982	8,502918945	0,994109125749193	432,124762158866
26600,00195	0,810265500000014	8,49709375	0,994008630774241	431,828721349799
26610,00195	0,810265500000014	8,498423828	0,993983856547805	431,896316918229
26620,00195	0,810444300000029	8,498529297	0,994128125689775	431,901676932459
26630,00195	0,811278800000025	8,505845703	0,994062836457665	432,273502210703
26640,00195	0,810593299999994	8,499201172	0,994149826764076	431,935822127357
26650,00195	0,810354899999993	8,497275391	0,994122630417735	431,837952482594
26660,00195	0,810801900000001	8,498480469	0,993885783692758	431,899195456625
26670,00195	0,810682699999973	8,497980469	0,994027630714823	431,873785079026
26680,00195	0,810801900000001	8,498313477	0,994100091301947	431,890708797073
26690,00195	0,809609799999976	8,490560547	0,994062836457665	431,496699039488
26700,00195	0,809878099999992	8,493366211	0,994101209357296	431,639285002795
26710,00195	0,810146299999985	8,494353516	0,993915773177373	431,689460588504
26720,00195	0,809281999999996	8,485307617	0,994085934601127	431,229741169894
26730,00195	0,809401200000025	8,486925781	0,993964763602619	431,311977486405
26740,00195	0,809699299999977	8,489977539	0,99386231353088	431,467070132642
26750,00195	0,810205900000028	8,496087891	0,993921920481692	431,777602835798
26760,00195	0,810772100000008	8,500921875	0,994055851111859	432,023269553286
26770,00195	0,81089129999998	8,501970703	0,993927322749128	432,076571784317
26780,00195	0,81089129999998	8,50353125	0,994041694411039	432,155879961376
26790,00195	0,810056900000006	8,495412109	0,993956660201464	431,74325908421
26800,00195	0,810861499999987	8,501172852	0,993846293737828	432,036024393962
26810,00195	0,809967500000027	8,4959375	0,993921827477088	431,769959851603
26820,00195	0,81089129999998	8,501509766	0,994207291608844	432,053146617879
26830,00195	0,810444300000029	8,496854492	0,993753343136356	431,816562077552
26840,00195	0,809520399999997	8,487350586	0,994141816367525	431,333566397317
26850,00195	0,809937699999978	8,489415039	0,994087238665684	431,438483457844
26860,00195	0,809937699999978	8,490802734	0,994150291787097	431,509007165727
26870,00195	0,810027100000013	8,487938477	0,993976871201999	431,36344346191
26880,00195	0,809311799999989	8,483677734	0,993858401337209	431,146909284952
26890,00195	0,810265500000014	8,495571289	0,9939803173726	431,751348732022
26900,00195	0,810027100000013	8,492373047	0,993893141056981	431,588811658281
26910,00195	0,809729100000027	8,486670898	0,993998199257834	431,299024139859
26920,00195	0,809371399999975	8,486417969	0,99417115481991	431,286170097068
26930,00195	0,810027100000013	8,495827148	0,994017106193812	431,764351679626
26940,00195	0,810682699999973	8,501458984	0,994318497114015	432,050565838288
26950,00195	0,811278800000025	8,506077148	0,994018876281439	432,285264420389
26960,00195	0,810265500000014	8,498417969	0,994161189326574	431,896019159425
26970,00195	0,809788700000013	8,492067383	0,993941572454553	431,573277582965
26980,00195	0,810474100000022	8,498061523	0,99406181240697	431,877904304518
26990,00195	0,811129800000003	8,503436523	0,994167988663171	432,151065863699
27000,00195	0,810295300000007	8,493404297	0,994260659250781	431,641220562078
27010,00195	0,809967500000027	8,492152344	0,993997175207138	431,577595365147
27020,00195	0,80955019999999	8,488631836	0,994121419357782	431,398680489912
27030,00195	0,80955019999999	8,487960938	0,994014964087768	431,364584946892
27040,00195	0,809132999999974	8,485915039	0,993948836814171	431,260610814657
27050,00195	0,809043599999995	8,482140625	0,993949023823429	431,068792244753
27060,00195	0,809788700000013	8,48862207	0,994041880420247	431,398184174417
27070,00195	0,809699299999977	8,486142578	0,993822636566692	431,272174518473
27080,00195	0,809281999999996	8,482109375	0,994013008990982	431,067204096153
27090,00195	0,809878099999992	8,489775391	0,9942005862769	431,456796818621
27100,00195	0,809788700000013	8,487845703	0,994114061993559	431,358728617167
27110,00195	0,810712500000022	8,494580078	0,994189502728214	431,700974640443
27120,00195	0,809729100000027	8,49025	0,994136694113951	431,480916806424
27130,00195	0,810682699999973	8,494561523	0,994074758047837	431,700031661331
27140,00195	0,810444300000029	8,493570313	0,993956009169235	431,649657620572
27150,00195	0,810444300000029	8,492166016	0,993904690628737	431,578290186512
27160,00195	0,809878099999992	8,485558594	0,993952749007842	431,242496010571
27170,00195	0,810027100000013	8,488700195	0,994175625041206	431,402154545917
27180,00195	0,809460800000011	8,483197266	0,993846758760849	431,122491538344
27190,00195	0,810593299999994	8,495608398	0,99421725810223	431,753234639427
27200,00195	0,809043599999995	8,479660156	0,993920151394114	430,942732936931
27210,00195	0,809281999999996	8,4818125	0,994125797574523	431,052116684454
27220,00195	0,808894599999974	8,479300781	0,993920430407926	430,924469228033
27230,00195	0,809788700000013	8,485964844	0,993930675915125	431,263141942369
27240,00195	0,809609799999976	8,483978516	0,993893048052377	431,162195253342
27250,00195	0,809132999999974	8,480456055	0,994095714085255	430,983181125171
27260,00195	0,809460800000011	8,483595703	0,993877494282395	431,142740407582
27270,00195	0,810354899999993	8,490168945	0,993904131601062	431,476797530111
27280,00195	0,809401200000025	8,483696289	0,994077925204626	431,147852264065
27290,00195	0,810623099999987	8,494039063	0,994106983643149	431,673479849571
27300,00195	0,810444300000029	8,493199219	0,994056503144138	431,630798343243
27310,00195	0,810027100000013	8,488244141	0,994030610862353	431,378977537226
27320,00195	0,810116499999992	8,48930957	0,993964763602619	431,433123443614
27330,00195	0,808894599999974	8,478808594	0,994056317134929	430,899455912995
27340,00195	0,810205900000028	8,48984375	0,994094969048373	431,460270874625
27350,00195	0,809520399999997	8,485607422	0,99394837179115	431,244977486405
27360,00195	0,809848299999999	8,488239258	0,994076248121603	431,378729379479
27370,00195	0,810444300000029	8,49277832	0,994100557325017	431,609407938202
27380,00195	0,810593299999994	8,493335938	0,994032939977655	431,637746506073
27390,00195	0,809729100000027	8,483082031	0,993976871201999	431,116635208619
27400,00195	0,809967500000027	8,485575195	0,993962993514991	431,243339685928
27410,00195	0,808954200000016	8,477930664	0,994055758107255	430,854838847385
27420,00195	0,810027100000013	8,487431641	0,993869670895103	431,337685673629
27430,00195	0,809937699999978	8,490269531	0,994182238368596	431,481909386593
27440,00195	0,810593299999994	8,496599609	0,994256096024881	431,803608731006
27450,00195	0,809937699999978	8,488160156	0,993846758760849	431,374709356101
27460,00195	0,809609799999976	8,487404297	0,994089101757915	431,336296030899
27470,00195	0,809878099999992	8,488681641	0,994244360443917	431,401211617625
27480,00195	0,810772100000008	8,496783203	0,994013940037073	431,812939116735
27490,00195	0,810146299999985	8,490728516	0,994196209060208	431,505235350917
27500,00195	0,810474100000022	8,492675781	0,993911861983751	431,604196828785
27510,00195	0,810712500000022	8,498155273	0,99417115481991	431,882668750318
27520,00195	0,811010599999975	8,500908203	0,99423048275691	432,02257473192
27530,00195	0,809967500000027	8,491904297	0,994093105956141	431,564989429283
27540,00195	0,811219199999982	8,500753906	0,994161468340386	432,014733241856
27550,00195	0,810712500000022	8,495378906	0,994187733640636	431,741571682675
27560,00195	0,809937699999978	8,488845703	0,99403601312979	431,409549372364
27570,00195	0,810354899999993	8,493623047	0,993904690628737	431,652337602277
27580,00195	0,810772100000008	8,495300781	0,993970258874659	431,737601311175
27590,00195	0,80955019999999	8,483433594	0,993819563414557	431,134501905778
27600,00195	0,809460800000011	8,484422852	0,993904317610271	431,184776744422
27610,00195	0,810295300000007	8,491768555	0,993911023942264	431,558090918331
27620,00195	0,810265500000014	8,493811523	0,994018131244556	431,661916094933
27630,00195	0,809788700000013	8,488071289	0,994427374503935	431,370193068049
27640,00195	0,811189399999989	8,500119141	0,993963552542666	431,982474005184
27650,00195	0,810593299999994	8,496618164	0,993909067845429	431,804551710118
27660,00195	0,81110000000001	8,499460938	0,993970258874659	431,949023631651
27670,00195	0,810772100000008	8,495511719	0,993896680232186	431,748321339635
27680,00195	0,810623099999987	8,496769531	0,994052963968933	431,81224429537
27690,00195	0,810474100000022	8,493741211	0,994149174731797	431,658342785994
27700,00195	0,810295300000007	8,492208008	0,994008351760428	431,580424251664
27710,00195	0,810146299999985	8,491412109	0,994019062290647	431,539976063424
27720,00195	0,810593299999994	8,49409668	0,994066562642128	431,676407989023
27730,00195	0,809609799999976	8,483506836	0,993794882192726	431,13822411953
27740,00195	0,809878099999992	8,487257813	0,994153272934677	431,328851603395
27750,00195	0,809639600000025	8,484555664	0,993895004149213	431,191526350562
27760,00195	0,810295300000007	8,488962891	0,993983484529389	431,415504955024
27770,00195	0,809967500000027	8,486938477	0,994130546809632	431,312622706714
27780,00195	0,810116499999992	8,486486328	0,994019993336738	431,289644153072
27790,00195	0,809639600000025	8,484074219	0,994081464379831	431,167058952076
27800,00195	0,81110000000001	8,498542969	0,994074758047837	431,902371753824
27810,00195	0,810682699999973	8,495828125	0,993800563473975	431,764401331504
27820,00195	0,809699299999977	8,487368164	0,994039738314203	431,334459724551
27830,00195	0,811278800000025	8,503444336	0,993985067607758	432,151462926259
27840,00195	0,809311799999989	8,483785156	0,994372889806698	431,152368552117
27850,00195	0,809788700000013	8,486667969	0,99386845983515	431,298875285867
27860,00195	0,810593299999994	8,495836914	0,9942222873512	431,764847995121
27870,00195	0,810056900000006	8,494644531	0,993820215446836	431,704250190578
27880,00195	0,809520399999997	8,483548828	0,993763867657368	431,140358184683
27890,00195	0,810205900000028	8,492993164	0,994099905292739	431,620326472531
27900,00195	0,810533700000008	8,496012695	0,994031821922307	431,77378131829
27910,00195	0,80955019999999	8,483328125	0,994184939502314	431,129141891548
27920,00195	0,809848299999999	8,486527344	0,994014499064747	431,291728617167
27930,00195	0,809639600000025	8,48399707	0,994106517620079	431,163138181633
27940,00195	0,809401200000025	8,482810547	0,993797489321791	431,102838186715
27950,00195	0,808984000000009	8,480542969	0,993832975078495	430,987598160289
27960,00195	0,809609799999976	8,485047852	0,993920151394114	431,21653971642
27970,00195	0,810027100000013	8,488124023	0,993922758523179	431,372873049753
27980,00195	0,809967500000027	8,487782227	0,993618387455445	431,35550271891
27990,00195	0,809520399999997	8,484632813	0,994093943997628	431,195447121004
28000,00195	0,808477400000015	8,477255859	0,993982273469436	430,820544747675
28010,00195	0,809609799999976	8,48293457	0,994118253201043	431,109141129237
28020,00195	0,809460800000011	8,483360352	0,993994567078024	431,130779692026
28030,00195	0,808984000000009	8,479079102	0,994021018387483	430,913203333842
28040,00195	0,809281999999996	8,480916992	0,994250041725166	431,006606291609
28050,00195	0,808715800000016	8,476282227	0,994045233586244	430,771064034152
28060,00195	0,809132999999974	8,478902344	0,993771970058473	430,904220358795
28070,00195	0,809937699999978	8,48519043	0,994200027249225	431,223785638055
28080,00195	0,809132999999974	8,478541992	0,994045885618522	430,885906998018
28090,00195	0,809699299999977	8,485235352	0,994125704569919	431,226068608019
28100,00195	0,809311799999989	8,4815	0,99388354858211	431,036235198455
28110,00195	0,809848299999999	8,485158203	0,994153365939281	431,222147837577
28120,00195	0,809103199999981	8,477302734	0,993910278905381	430,822926970575
28130,00195	0,809729100000027	8,486259766	0,994073360978676	431,278130101133
28140,00195	0,80922240000001	8,480329102	0,994190154760493	430,976729277837
28150,00195	0,809967500000027	8,487336914	0,994045233586244	431,332871575952
28160,00195	0,809878099999992	8,48890332	0,994069821803471	431,412477511816
28170,00195	0,810116499999992	8,490388672	0,994091149859306	431,487964222188
28180,00195	0,80955019999999	8,486364258	0,993936357196374	431,283440463485
28190,00195	0,809967500000027	8,487089844	0,99388969488638	431,320315291965
28200,00195	0,809639600000025	8,485731445	0,994074106015559	431,251280428927
28210,00195	0,810056900000006	8,488938477	0,993996896193326	431,414264217106
28220,00195	0,810116499999992	8,488473633	0,994044116530945	431,390640493978
28230,00195	0,810474100000022	8,490864258	0,993967464736337	431,512133861869
28240,00195	0,809699299999977	8,481884766	0,993672686143473	431,055789297149
28250,00195	0,808954200000016	8,47846582	0,994012169949446	430,882035879453
28260,00195	0,810801900000001	8,493972656	0,993928439804427	431,67010499568
28270,00195	0,810474100000022	8,493922852	0,9939985722763	431,667573918788
28280,00195	0,810861499999987	8,49940332	0,994049797812194	431,946095441378
28290,00195	0,81089129999998	8,498699219	0,994029027783984	431,910312496824
28300,00195	0,810205900000028	8,488674805	0,993995964147186	431,400864206942
28310,00195	0,809967500000027	8,487319336	0,993929278845964	431,331978248717
28320,00195	0,809639600000025	8,484833984	0,993992052953564	431,205670783148
28330,00195	0,809371399999975	8,480442383	0,993821146492927	430,982486303806
28340,00195	0,809281999999996	8,479935547	0,993914842131282	430,956728515526
28350,00195	0,810056900000006	8,488202148	0,993950326887936	431,376843421253
28360,00195	0,810712500000022	8,49319043	0,993762935611227	431,630351679626
28370,00195	0,809639600000025	8,485400391	0,994061439388504	431,234456014636
28380,00195	0,810801900000001	8,492998047	0,99395498411849	431,620574630279
28390,00195	0,810146299999985	8,489043945	0,99412160636704	431,419624180515
28400,00195	0,809967500000027	8,487959961	0,994004626576015	431,364535295014
28410,00195	0,810623099999987	8,490833984	0,993982925501714	431,510595314326
28420,00195	0,809609799999976	8,48302832	0,993808386861268	431,113905575037
28430,00195	0,809132999999974	8,47828418	0,994053522996607	430,872804797479
28440,00195	0,809699299999977	8,484564453	0,994242963374756	431,191973014179
28450,00195	0,810801900000001	8,493438477	0,994247340591448	431,64295761549
28460,00195	0,810772100000008	8,493803711	0,993891930997078	431,661519083194
28470,00195	0,809788700000013	8,48468457	0,993918381306487	431,198077450831
28480,00195	0,810384699999986	8,488378906	0,993974357077539	431,3858263963
28490,00195	0,811129800000003	8,493929688	0,994014964087768	431,667921329471
28500,00195	0,810593299999994	8,488243164	0,993973146017586	431,378927885348
28510,00195	0,810295300000007	8,487552734	0,994004998594431	431,343839711338
28520,00195	0,809699299999977	8,482792969	0,993936636210186	431,101944859481
28530,00195	0,810027100000013	8,483549805	0,99393328304419	431,14040783656
28540,00195	0,810116499999992	8,48478125	0,993982925501714	431,202990801443
28550,00195	0,810772100000008	8,491399414	0,993903572573388	431,539330893937
28560,00195	0,809699299999977	8,484443359	0,993847224783919	431,185818925649
28570,00195	0,810801900000001	8,491422852	0,993887366771128	431,540522030797
28580,00195	0,810593299999994	8,488944336	0,994084816545778	431,414561975911
28590,00195	0,810712500000022	8,490867188	0,99391596018663	431,512282766682
28600,00195	0,810593299999994	8,490296875	0,994035734115978	431,483299029324
28610,00195	0,811517200000026	8,499876953	0,994034151037608	431,970165828124
28620,00195	0,810623099999987	8,494938477	0,994036386148256	431,719188748285
28630,00195	0,810593299999994	8,495276367	0,993906739730177	431,736360573258
28640,00195	0,810861499999987	8,496460938	0,994101022348038	431,796561366062
28650,00195	0,81089129999998	8,49562793	0,993970072865451	431,754227270417
28660,00195	0,810295300000007	8,490068359	0,994129522758936	431,471685673629
28670,00195	0,810295300000007	8,490163086	0,99410335146334	431,476499771307
28680,00195	0,810801900000001	8,494057617	0,993785568731668	431,674422777862
28690,00195	0,811189399999989	8,498804688	0,993984694589292	431,915672511054
28700,00195	0,810861499999987	8,495950195	0,994195184009463	431,770605021091
28710,00195	0,811517200000026	8,500905273	0,994006861686663	432,022425827108
28720,00195	0,811219199999982	8,501091797	0,993874421130261	432,03190511765
28730,00195	0,810533700000008	8,490779297	0,994019714322926	431,507816079687
28740,00195	0,810593299999994	8,489118164	0,993952096975564	431,423396046145
28750,00195	0,809848299999999	8,484499023	0,994308624625283	431,188647812166
28760,00195	0,810444300000029	8,488735352	0,994191737838862	431,403941251207
28770,00195	0,809043599999995	8,475341797	0,993855328185074	430,723270671342
28780,00195	0,811040400000024	8,49349707	0,994141537353713	431,645935355999
28790,00195	0,808954200000016	8,475878906	0,993776906302839	430,750566956345
28800,00195	0,809520399999997	8,477605469	0,993966998713267	430,838312191899
28810,00195	0,809878099999992	8,479046875	0,994157557146764	430,911565533364
28820,00195	0,810027100000013	8,486074219	0,993979386326509	431,268700462469
28830,00195	0,810205900000028	8,486262695	0,994041508401831	431,278278955125
28840,00195	0,810027100000013	8,483924805	0,994078483232251	431,159465619759
28850,00195	0,809788700000013	8,480503906	0,994057900213299	430,985612949128
28860,00195	0,809281999999996	8,477208984	0,993949302837241	430,818162524775
28870,00195	0,809699299999977	8,481285156	0,993839028378161	431,025316664126
28880,00195	0,81089129999998	8,49425293	0,99413166486498	431,684348732022
28890,00195	0,810027100000013	8,484457031	0,993893141056981	431,186513747014
28900,00195	0,809609799999976	8,480220703	0,994278728145273	430,971220358795
28910,00195	0,810474100000022	8,487973633	0,994155415040721	431,36523011638
28920,00195	0,809281999999996	8,477686523	0,993797210307978	430,842431417391
28930,00195	0,809699299999977	8,479645508	0,994106238606266	430,941988514509
28940,00195	0,810056900000006	8,48318457	0,994172924907538	431,121846318036
28950,00195	0,809520399999997	8,480356445	0,993819190396091	430,978118869746
28960,00195	0,809729100000027	8,47971875	0,994136322095534	430,945710728261
28970,00195	0,809788700000013	8,481300781	0,994064606545292	431,026110738426
28980,00195	0,809401200000025	8,478498047	0,994062836457665	430,883673679931
28990,00195	0,810295300000007	8,48594043	0,993990375870541	431,261901204452
29000,00195	0,809609799999976	8,47828418	0,994112757929002	430,872804797479
29010,00195	0,810027100000013	8,483882813	0,99401729320307	431,157331554607
29020,00195	0,809967500000027	8,482637695	0,993928067786011	431,094053717538
29030,00195	0,809639600000025	8,479871094	0,993931606961216	430,953452965391
29040,00195	0,810384699999986	8,485835938	0,993850018922242	431,2565908421
29050,00195	0,809848299999999	8,481472656	0,994081464379831	431,034845555725
29060,00195	0,809937699999978	8,482287109	0,993921548463275	431,076236672257
29070,00195	0,810146299999985	8,48403125	0,994113502965885	431,164875235046
29080,00195	0,810265500000014	8,482108398	0,994037503203555	431,067154444275
29090,00195	0,809937699999978	8,483130859	0,994043650507875	431,119116684454
29100,00195	0,81142779999999	8,495941406	0,993741700559997	431,770158357473
29110,00195	0,810056900000006	8,484469727	0,99380521970448	431,187158967322
29120,00195	0,810354899999993	8,486666016	0,994011983940237	431,298776032932
29130,00195	0,810295300000007	8,485663086	0,993873210070308	431,247806372923
29140,00195	0,810444300000029	8,487744141	0,993701744581996	431,353567159628
29150,00195	0,810116499999992	8,485490234	0,994088821744053	431,239021903746
29160,00195	0,809401200000025	8,477814453	0,99393123394275	430,848932916603
29170,00195	0,810205900000028	8,485826172	0,993905528670224	431,256094526605
29180,00195	0,809609799999976	8,479450195	0,99390636671171	430,93206256035
29190,00195	0,810950999999989	8,491735352	0,994122630417735	431,556403516796
29200,00195	0,809878099999992	8,480779297	0,993807082796711	430,999608527723
29210,00195	0,810593299999994	8,487404297	0,994170875806098	431,336296030899
29220,00195	0,809788700000013	8,479583984	0,993885503678896	430,938861818367
29230,00195	0,810444300000029	8,487036133	0,994214463963907	431,317585658383
29240,00195	0,810444300000029	8,486098633	0,993965229625689	431,269941200386
29250,00195	0,810861499999987	8,487867188	0,993828410852545	431,359820501093
29260,00195	0,810712500000022	8,49212207	0,993785474727014	431,576056817604
29270,00195	0,810623099999987	8,487658203	0,993804474667597	431,349199725568
29280,00195	0,810712500000022	8,490253906	0,993995406119561	431,481115312294
29290,00195	0,811457599999983	8,499003906	0,993921175444809	431,925796920262
29300,00195	0,811278800000025	8,499881836	0,994063674499152	431,970413985872
29310,00195	0,811368200000004	8,496416016	0,994133061934141	431,794278396097
29320,00195	0,811189399999989	8,495605469	0,993963366533457	431,753085785435
29330,00195	0,810772100000008	8,492333008	0,994151782860911	431,586776846064
29340,00195	0,810801900000001	8,490459961	0,994030145839333	431,491587183006
29350,00195	0,810027100000013	8,482076172	0,993968861805498	431,065516694618
29360,00195	0,810801900000001	8,489838867	0,994107355661565	431,460022716878
29370,00195	0,811189399999989	8,493316406	0,993839494401231	431,636753875083
29380,00195	0,811785400000019	8,500345703	0,99401319500019	431,993988057123
29390,00195	0,810623099999987	8,490383789	0,994034709065233	431,487716064441
29400,00195	0,810295300000007	8,486068359	0,994075876103186	431,268402652843
29410,00195	0,810146299999985	8,486131836	0,994267272578171	431,271628601921
29420,00195	0,809729100000027	8,480257813	0,993916425209651	430,97310631702
29430,00195	0,81089129999998	8,492791992	0,994083792495083	431,610102759567
29440,00195	0,810295300000007	8,486290039	0,994039738314203	431,279668597855
29450,00195	0,810533700000008	8,489019531	0,993929743868985	431,418383442598
29460,00195	0,811010599999975	8,491587891	0,993963459538062	431,548909437414
29470,00195	0,810772100000008	8,487836914	0,993932351998099	431,35828195355
29480,00195	0,810533700000008	8,489583984	0,993998479271695	431,447069370331
29490,00195	0,810444300000029	8,48865625	0,994084351522757	431,399921227829
29500,00195	0,810474100000022	8,490056641	0,993825151691202	431,47109015602
29510,00195	0,810474100000022	8,490204102	0,994067400683615	431,478584235402
29520,00195	0,810474100000022	8,488045898	0,994021949433574	431,368902678254
29530,00195	0,81110000000001	8,494987305	0,994082768444388	431,72167022412
29540,00195	0,810116499999992	8,48496582	0,993988047755289	431,21237078823
29550,00195	0,809878099999992	8,483790039	0,994239517204155	431,152616709864
29560,00195	0,810027100000013	8,483235352	0,993904317610271	431,124427097627
29570,00195	0,811785400000019	8,503202148	0,994401668231359	432,1391547492
29580,00195	0,811636399999998	8,504841797	0,994112757929002	432,222482949637
29590,00195	0,812262299999986	8,508442383	0,994172924907538	432,405467449306
29600,00195	0,811040400000024	8,501900391	0,994056969167208	432,072998475377
29610,00195	0,811755600000026	8,504742188	0,994095435071443	432,217420745032
29620,00195	0,810474100000022	8,493154297	0,993928905827498	431,628515373279
29630,00195	0,811547000000019	8,502047852	0,994109311758401	432,080492554759
29640,00195	0,810265500000014	8,48609375	0,993922945532436	431,269693042639
29650,00195	0,811189399999989	8,49655957	0,994011424912563	431,801573918789
29660,00195	0,810682699999973	8,489754883	0,993772902104613	431,455754586573
29670,00195	0,811040400000024	8,493536133	0,993858680351022	431,64792056716
29680,00195	0,810712500000022	8,492238281	0,993873676093378	431,581962748386
29690,00195	0,809639600000025	8,480305664	0,993863337581575	430,975538140977
29700,00195	0,809401200000025	8,477807617	0,993974822100559	430,848585505921
29710,00195	0,811368200000004	8,49531543	0,99405063585368	431,738345784418
29720,00195	0,811845000000005	8,499786133	0,993968116768615	431,965550287137
29730,00195	0,811547000000019	8,498766602	0,994144797515105	431,913736951771
29740,00195	0,810027100000013	8,484070313	0,993960572395135	431,166860446206
29750,00195	0,810056900000006	8,482950195	0,994017199198416	431,109935203537
29760,00195	0,810682699999973	8,484702148	0,994036665162069	431,198970778066
29770,00195	0,810384699999986	8,484209961	0,994142003376783	431,173957463028
29780,00195	0,809937699999978	8,480595703	0,994110243804542	430,990278141993
29790,00195	0,810116499999992	8,481265625	0,993917636269604	431,024324083956
29800,00195	0,809460800000011	8,472600586	0,99386026442944	430,583960258169
29810,00195	0,810533700000008	8,485249023	0,994029772820867	431,226763378564
29820,00195	0,809878099999992	8,478890625	0,994175439031998	430,903624790364
29830,00195	0,810295300000007	8,483010742	0,993967278727129	431,113012247802
29840,00195	0,809937699999978	8,479535156	0,99411704214109	430,936380342532
29850,00195	0,809699299999977	8,474956055	0,993999690331648	430,703666971591
29860,00195	0,810712500000022	8,487573242	0,994043371494062	431,344881943386
29870,00195	0,810354899999993	8,484044922	0,994006861686663	431,165570056411
29880,00195	0,811606600000005	8,498515625	0,994091336868563	431,900982111094
29890,00195	0,809729100000027	8,481575195	0,994090591831681	431,040056665142
29900,00195	0,809132999999974	8,474624023	0,993946881717385	430,686792854602
29910,00195	0,810801900000001	8,490874023	0,994096459122138	431,512630126544
29920,00195	0,809639600000025	8,47784082	0,993877867300862	430,850272907455
29930,00195	0,810474100000022	8,48562207	0,994071870904911	431,245721908828
29940,00195	0,809878099999992	8,481075195	0,994085189564244	431,014646287544
29950,00195	0,810027100000013	8,481599609	0,993970444883867	431,041297403059
29960,00195	0,810384699999986	8,486865234	0,993805964741362	431,30890044214
29970,00195	0,810593299999994	8,486763672	0,99422387042957	431,303738984601
29980,00195	0,80922240000001	8,474525391	0,994123096440805	430,681780301875
29990,00195	0,810027100000013	8,476171875	0,993989072806033	430,765455862174
30000,00195	0,809460800000011	8,472591797	0,994012169949446	430,583513594552
30010,00195	0,809699299999977	8,474639648	0,99390888183622	430,687586928902
30020,00195	0,809788700000013	8,478996094	0,994123003436201	430,908984804594
30030,00195	0,810712500000022	8,485826172	0,994003508520666	431,256094526605
30040,00195	0,809132999999974	8,473769531	0,994134925026373	430,643366925853
30050,00195	0,809848299999999	8,478451172	0,993897798287535	430,881291457031
30060,00195	0,809192600000017	8,471889648	0,994188385672915	430,547829852112
30070,00195	0,810265500000014	8,483262695	0,994170409783028	431,125816689536
30080,00195	0,809967500000027	8,476833008	0,993970910906938	430,799055140519
30090,00195	0,810056900000006	8,477855469	0,994109404763005	430,851017380698
30100,00195	0,80955019999999	8,476353516	0,993799725432488	430,774686994969
30110,00195	0,810950999999989	8,489296875	0,994214463963907	431,432478274127
30120,00195	0,809609799999976	8,474231445	0,993787151810038	430,666841744168
30130,00195	0,809311799999989	8,471849609	0,993906739730177	430,545795039894
30140,00195	0,809729100000027	8,476834961	0,994146939621149	430,799154393454
30150,00195	0,810116499999992	8,480341797	0,994011052894146	430,977374447324
30160,00195	0,810027100000013	8,479089844	0,99392965086438	430,913749250394
30170,00195	0,809401200000025	8,47490625	0,9937965582757	430,701135843879
30180,00195	0,809848299999999	8,476984375	0,99375753434384	430,806747725771
30190,00195	0,80955019999999	8,473943359	0,99403144990389	430,652200996087
30200,00195	0,809878099999992	8,478832031	0,993833347096912	430,900646999034
30210,00195	0,809639600000025	8,477837891	0,994122258399318	430,850124053463
30220,00195	0,809699299999977	8,478638672	0,99435742904132	430,89082034863
30230,00195	0,810384699999986	8,484818359	0,993831671013938	431,204876708848
30240,00195	0,810205900000028	8,481442383	0,993990003852124	431,033307059003
30250,00195	0,810682699999973	8,487391602	0,994053896015073	431,335650861412
30260,00195	0,810205900000028	8,484570313	0,993996802188672	431,192270823804
30270,00195	0,811278800000025	8,491441406	0,99390590068864	431,541464959089
30280,00195	0,810056900000006	8,479174805	0,994122258399318	430,918067032576
30290,00195	0,811010599999975	8,490883789	0,994037783217417	431,513126442039
30300,00195	0,811010599999975	8,490892578	0,994234208941372	431,513573105656
30310,00195	0,810205900000028	8,477864258	0,994070380831146	430,851464044316
30320,00195	0,809729100000027	8,479438477	0,993881964503692	430,93146704274
30330,00195	0,811129800000003	8,492944336	0,99401319500019	431,617844996697
30340,00195	0,80955019999999	8,476600586	0,994176836101159	430,787243278955
30350,00195	0,811338400000011	8,495210938	0,994100464320413	431,733035422066
30360,00195	0,810295300000007	8,482649414	0,993862033517018	431,094649285968
30370,00195	0,811517200000026	8,496211914	0,994074944057046	431,78390577832
30380,00195	0,81089129999998	8,490490234	0,993988233764497	431,493125679728
30390,00195	0,810712500000022	8,48824707	0,993974170068281	431,379126391218
30400,00195	0,810474100000022	8,484257813	0,994056317134929	431,176389337806
30410,00195	0,810712500000022	8,486058594	0,99413324794335	431,267906388169
30420,00195	0,810861499999987	8,490114258	0,994116856131881	431,474018295472
30430,00195	0,810354899999993	8,485750977	0,994000342363927	431,252273059918
30440,00195	0,810384699999986	8,484783203	0,994103444467944	431,203090054378
30450,00195	0,810950999999989	8,490612305	0,994017572216882	431,499329420135
30460,00195	0,811517200000026	8,494535156	0,993940920422274	431,698691670478
30470,00195	0,810861499999987	8,49015918	0,993880195416114	431,476301265437
30480,00195	0,810295300000007	8,484932617	0,994146007575009	431,210683386695
30490,00195	0,810772100000008	8,489413086	0,994079880301412	431,438384204909
30500,00195	0,810801900000001	8,491944336	0,994077459181556	431,5670242415
30510,00195	0,811278800000025	8,493870117	0,994126542611406	431,664893886263
30520,00195	0,811606600000005	8,495513672	0,993904131601062	431,74842059257
30530,00195	0,810384699999986	8,48430957	0,993813323105634	431,179019667632
30540,00195	0,810027100000013	8,480474609	0,993991586930494	430,984124053463
30550,00195	0,810682699999973	8,485705078	0,993956660201464	431,249940438075
30560,00195	0,81110000000001	8,489481445	0,994058645250182	431,441858260914
30570,00195	0,810623099999987	8,484013672	0,993937847270139	431,163981907811
30580,00195	0,811547000000019	8,493091797	0,994199375216947	431,625339076079
30590,00195	0,810801900000001	8,485446289	0,994002111451505	431,236788585658
30600,00195	0,811189399999989	8,488823242	0,994176743096555	431,408407887381
30610,00195	0,811189399999989	8,490313477	0,994089380771728	431,484142755501
30620,00195	0,811189399999989	8,4901875	0,993858867360279	431,477740509224
30630,00195	0,811845000000005	8,495258789	0,993974170068281	431,735467246023
30640,00195	0,811129800000003	8,492160156	0,993912047992959	431,577992376887
30650,00195	0,812083400000006	8,501838867	0,993984042557013	432,069871779235
30660,00195	0,81253049999998	8,505274414	0,993937661260931	432,244468872288
30670,00195	0,811010599999975	8,489852539	0,994041508401831	431,460717538243
30680,00195	0,811547000000019	8,499811523	0,994155974068395	431,966840626112
30690,00195	0,810712500000022	8,489788086	0,994044209535549	431,457441988108
30700,00195	0,810861499999987	8,489574219	0,993984974603154	431,446573105656
30710,00195	0,811010599999975	8,491333008	0,993958523293695	431,535956090868
30720,00195	0,809967500000027	8,479486328	0,993865386683015	430,933898866697
30730,00195	0,811517200000026	8,493882813	0,9942005862769	431,665539106571
30740,00195	0,81142779999999	8,490615234	0,994061439388504	431,499478274127
30750,00195	0,81110000000001	8,487349609	0,994078204218438	431,333516745439
30760,00195	0,811547000000019	8,491532227	0,993930861924333	431,546080550897
30770,00195	0,810474100000022	8,483067383	0,993966998713267	431,115890786197
30780,00195	0,810205900000028	8,480853516	0,994045978623127	431,003380393353
30790,00195	0,811010599999975	8,489083984	0,994041694411039	431,421658992733
30800,00195	0,810712500000022	8,486344727	0,994040297341878	431,282447883316
30810,00195	0,810116499999992	8,479951172	0,993894445121538	430,957522589826
30820,00195	0,810801900000001	8,486196289	0,99386687675678	431,274904152056
30830,00195	0,810474100000022	8,481828125	0,993842754562623	431,052910758754
30840,00195	0,810682699999973	8,486353516	0,994133899975628	431,282894546933
30850,00195	0,810384699999986	8,483592773	0,994029586811658	431,14259150277
30860,00195	0,811189399999989	8,491899414	0,993975009109817	431,564741271535
30870,00195	0,811278800000025	8,493145508	0,994137067132417	431,628068709661
30880,00195	0,811278800000025	8,491829102	0,99391046491459	431,561167962596
30890,00195	0,811129800000003	8,491424805	0,993906739730177	431,540621283732
30900,00195	0,810623099999987	8,486563477	0,99401319500019	431,293564923515
30910,00195	0,811040400000024	8,490401367	0,993956754206118	431,488609391676
30920,00195	0,811129800000003	8,491228516	0,994036106134394	431,530645728515
30930,00195	0,810950999999989	8,490271484	0,993988420773755	431,482008639528
30940,00195	0,81142779999999	8,495094727	0,994311232754397	431,727129491284
30950,00195	0,811457599999983	8,494825195	0,99392257251397	431,713431671495
30960,00195	0,81110000000001	8,49075293	0,994191272815841	431,506476088835
30970,00195	0,811278800000025	8,492688477	0,993969978860797	431,604842049093
30980,00195	0,810474100000022	8,486451172	0,993746450795155	431,287857498602
30990,00195	0,810772100000008	8,485946289	0,994090498827077	431,262198963257
31000,00195	0,810772100000008	8,485894531	0,99438732552133	431,259568582609
31010,00195	0,809788700000013	8,474671875	0,993869670895103	430,689224729379
31020,00195	0,811189399999989	8,488261719	0,994157836160577	431,379870864461
31030,00195	0,810593299999994	8,483643555	0,993830366949381	431,14517228236
31040,00195	0,811129800000003	8,487995117	0,993933842071864	431,366321949484
31050,00195	0,811010599999975	8,485042969	0,994139861270739	431,216291558673
31060,00195	0,810116499999992	8,478246094	0,994150571800959	430,870869238197
31070,00195	0,810593299999994	8,482012695	0,994013008990982	431,06229074554
31080,00195	0,809401200000025	8,470951172	0,993928253795219	430,500135793058
31090,00195	0,811457599999983	8,489985352	0,994015616120047	431,467467195203
31100,00195	0,810772100000008	8,484839844	0,994287855597123	431,205968592773
31110,00195	0,809639600000025	8,473542969	0,994073546987885	430,631852873914
31120,00195	0,811368200000004	8,48803418	0,994018224249161	431,368307160644
31130,00195	0,810772100000008	8,483498047	0,99402390553041	431,137777455913
31140,00195	0,811010599999975	8,486005859	0,994294560929067	431,265226355644
31150,00195	0,811129800000003	8,48449707	0,994119371256391	431,188548559232
31160,00195	0,811547000000019	8,490805664	0,993989630833658	431,509156070539
31170,00195	0,811547000000019	8,48971582	0,993984322570875	431,453769375413
31180,00195	0,810533700000008	8,478165039	0,993954705104678	430,866749961884
31190,00195	0,810384699999986	8,477485352	0,99411909124253	430,832207755247
31200,00195	0,809967500000027	8,474415039	0,994253580900371	430,676172129898
31210,00195	0,811755600000026	8,490441406	0,993992052953564	431,490644203893
31220,00195	0,810712500000022	8,481243164	0,994281708292803	431,023182598973
31230,00195	0,810950999999989	8,48272168	0,993725029734716	431,098321898663
31240,00195	0,810623099999987	8,481571289	0,993985439626175	431,039858159272
31250,00195	0,810474100000022	8,478433594	0,993930581910471	430,880398129796
31260,00195	0,811547000000019	8,487700195	0,993922758523179	431,35133379072
31270,00195	0,811010599999975	8,482702148	0,99411042981375	431,097329267673
31280,00195	0,810444300000029	8,476020508	0,994052591950516	430,757763276922
31290,00195	0,80955019999999	8,471019531	0,99415858119746	430,503609849062
31300,00195	0,809878099999992	8,472143555	0,994059390287064	430,560733597601
31310,00195	0,811219199999982	8,484432617	0,994010772880284	431,185273009097
31320,00195	0,810474100000022	8,475516602	0,993815651220886	430,732154393454
31330,00195	0,810116499999992	8,475478516	0,993751014021055	430,730218834172
31340,00195	0,810682699999973	8,480933594	0,993871533987334	431,007450017787
31350,00195	0,811010599999975	8,481192383	0,99402940080245	431,020601870204
31360,00195	0,810593299999994	8,479229492	0,993972214971495	430,920846267216
31370,00195	0,811845000000005	8,488469727	0,994004905589827	431,390441988108
31380,00195	0,811189399999989	8,483540039	0,994273605891698	431,139911521065
31390,00195	0,811606600000005	8,485896484	0,994140606307622	431,259667835544
31400,00195	0,810712500000022	8,480250977	0,994128497708192	430,972758906337
31410,00195	0,810712500000022	8,483525391	0,99413119884191	431,139167098643
31420,00195	0,810354899999993	8,477186523	0,993821798525206	430,817021039793
31430,00195	0,811934399999984	8,493169922	0,994079694292204	431,629309447578
31440,00195	0,811368200000004	8,486064453	0,994045978623127	431,268204146974
31450,00195	0,811457599999983	8,486503906	0,994108194703102	431,290537480307
31460,00195	0,811964199999977	8,492541016	0,994026140641058	431,597347969711
31470,00195	0,809878099999992	8,471049805	0,993957312233742	430,505148396605
31480,00195	0,810950999999989	8,48159082	0,99422889967854	431,040850739442
31490,00195	0,811368200000004	8,486762695	0,993982645487852	431,303689332723
31500,00195	0,810950999999989	8,484105469	0,994223404406499	431,168647100676
31510,00195	0,811129800000003	8,484112305	0,993979945354183	431,168994511358
31520,00195	0,811010599999975	8,482168945	0,993991400921285	431,07023148854
31530,00195	0,81110000000001	8,483983398	0,994016548166187	431,162443360268
31540,00195	0,811338400000011	8,483214844	0,993871067964264	431,123384865579
31550,00195	0,811040400000024	8,480898438	0,993782680588692	431,005663363318
31560,00195	0,811040400000024	8,482349609	0,994072522937189	431,079412969457
31570,00195	0,811785400000019	8,490076172	0,994083419476617	431,47208273619
31580,00195	0,810801900000001	8,48128125	0,99395656719686	431,025118158256
31590,00195	0,810623099999987	8,477826172	0,994145728561196	430,849528485033
31600,00195	0,811785400000019	8,486932617	0,993838283341278	431,312324897088
31610,00195	0,811934399999984	8,490070313	0,993985253616966	431,471784977385
31620,00195	0,811606600000005	8,491547852	0,993711338056916	431,546874625197
31630,00195	0,811934399999984	8,493489258	0,993995685133373	431,64553834426
31640,00195	0,811606600000005	8,491620117	0,993899009347488	431,550547187071
31650,00195	0,810712500000022	8,47822168	0,993784636685528	430,86962850028
31660,00195	0,812292099999979	8,495504883	0,993869111867428	431,747973928953
31670,00195	0,81142779999999	8,488082031	0,993834279143052	431,370738984601
31680,00195	0,812202599999978	8,493489258	0,993905621674828	431,64553834426
31690,00195	0,811874799999998	8,487452148	0,994162307381922	431,338727854856
31700,00195	0,810593299999994	8,477396484	0,993834931175331	430,827691416374
31710,00195	0,81142779999999	8,486829102	0,994129056735866	431,307064186614
31720,00195	0,811338400000011	8,487462891	0,994034523056025	431,339273822229
31730,00195	0,812172799999985	8,492084961	0,994019248299856	431,5741709102
31740,00195	0,812202599999978	8,494880859	0,994170130769215	431,716260558012
31750,00195	0,811636399999998	8,487825195	0,994119464260996	431,35768638512
31760,00195	0,811755600000026	8,488539063	0,993944273588271	431,39396569599
31770,00195	0,811755600000026	8,48797168	0,993996616179464	431,365130863445
31780,00195	0,811278800000025	8,486235352	0,994073827001746	431,276889363216
31790,00195	0,811219199999982	8,487966797	0,994140419298364	431,364882705697
31800,00195	0,811874799999998	8,489488281	0,994266247527426	431,442205671596
31810,00195	0,811189399999989	8,484453125	0,994006023645176	431,186315241144
31820,00195	0,811845000000005	8,488381836	0,994005743631314	431,385975301113
31830,00195	0,812262299999986	8,493522461	0,993941758463761	431,647225745795
31840,00195	0,811189399999989	8,48065625	0,994004253557549	430,993355186258
31850,00195	0,811368200000004	8,483400391	0,993977989257348	431,132814504244
31860,00195	0,811278800000025	8,480688477	0,99381779332693	430,994992986736
31870,00195	0,811368200000004	8,484410156	0,993989072806033	431,184131524114
31880,00195	0,81089129999998	8,48171582	0,993963273528853	431,047203333842
31890,00195	0,811338400000011	8,481396484	0,993936077182512	431,03097443716
31900,00195	0,811874799999998	8,490007813	0,993843219585644	431,468608680185
31910,00195	0,811189399999989	8,483704102	0,993954053072399	431,148249326625
31920,00195	0,811874799999998	8,488646484	0,994065071568313	431,399424912334
31930,00195	0,811695999999984	8,48540625	0,993879450379231	431,234753773441
31940,00195	0,811695999999984	8,487259766	0,994285806495683	431,32895085633
31950,00195	0,812292099999979	8,49069043	0,993904969642549	431,503299791635
31960,00195	0,811547000000019	8,486081055	0,993838842368952	431,269047873151
31970,00195	0,811219199999982	8,483599609	0,993857004268048	431,142938913452
31980,00195	0,810682699999973	8,474477539	0,993906273707106	430,679348427098
31990,00195	0,811278800000025	8,479061523	0,994091149859306	430,912309955786
32000,00195	0,811845000000005	8,486419922	0,99413529704479	431,286269350002
32010,00195	0,811338400000011	8,480967773	0,993911581969889	431,009187020379
32020,00195	0,811368200000004	8,482040039	0,994042253438713	431,063680388271
32030,00195	0,811845000000005	8,487615234	0,994359105124294	431,347016008538
32040,00195	0,811278800000025	8,481220703	0,994158674202064	431,022041113991
32050,00195	0,810623099999987	8,47662793	0,994076900153881	430,788632921685
32060,00195	0,810861499999987	8,479813477	0,994249017674471	430,950524825939
32070,00195	0,81089129999998	8,475050781	0,993803450616902	430,708481018448
32080,00195	0,810205900000028	8,470714844	0,994092919946933	430,488125425624
32090,00195	0,810533700000008	8,473863281	0,993984042557013	430,648131371652
32100,00195	0,810444300000029	8,472973633	0,993879636388439	430,602918788433
32110,00195	0,811189399999989	8,479189453	0,994085003555036	430,918811454998
32120,00195	0,810950999999989	8,475371094	0,994225639517147	430,724759567007
32130,00195	0,810474100000022	8,47277832	0,994170036764562	430,592992834274
32140,00195	0,810861499999987	8,475563477	0,994037503203555	430,734536616354
32150,00195	0,810205900000028	8,472396484	0,994017945235348	430,573587640392
32160,00195	0,811010599999975	8,479855469	0,994140606307622	430,952658891091
32170,00195	0,810801900000001	8,478662109	0,994072801951002	430,89201143467
32180,00195	0,811338400000011	8,482140625	0,994169478736937	431,068792244753
32190,00195	0,810712500000022	8,478635742	0,993823940631249	430,890671443818
32200,00195	0,810474100000022	8,476104492	0,993859612397162	430,762031407227
32210,00195	0,810384699999986	8,474177734	0,993930209892055	430,664112110586
32220,00195	0,812262299999986	8,493447266	0,994026792673336	431,643404279108
32230,00195	0,810712500000022	8,474927734	0,994057435190278	430,702227676983
32240,00195	0,811129800000003	8,478956055	0,993970817902334	430,906949992377
32250,00195	0,811010599999975	8,479050781	0,993814720174795	430,911764039234
32260,00195	0,812292099999979	8,490902344	0,994109125749193	431,514069421152
32270,00195	0,811547000000019	8,481349609	0,9939221064909	431,02859221426
32280,00195	0,810772100000008	8,472983398	0,993977523234278	430,603415053108
32290,00195	0,809609799999976	8,465051758	0,994132316897259	430,200323118362
32300,00195	0,810474100000022	8,472686523	0,994053243982795	430,588327641409
32310,00195	0,810444300000029	8,470723633	0,993954239081608	430,488572089241
32320,00195	0,811517200000026	8,482435547	0,994049610802936	431,083780403517
32330,00195	0,810265500000014	8,470255859	0,993794882192726	430,4647994613
32340,00195	0,810384699999986	8,472710938	0,993855421189678	430,589568430147
32350,00195	0,811636399999998	8,484753906	0,994061905411574	431,201601158713
32360,00195	0,811606600000005	8,48893457	0,994075131066304	431,414065660416
32370,00195	0,810712500000022	8,477140625	0,994216233051485	430,814688468771
32380,00195	0,811368200000004	8,480203125	0,993838470350536	430,97032703156
32390,00195	0,810801900000001	8,475337891	0,993985253616966	430,723072165472
32400,00195	0,81089129999998	8,476237305	0,994032659963793	430,768781064187
32410,00195	0,811189399999989	8,480389648	0,99380205354774	430,979806271281
32420,00195	0,810801900000001	8,480006836	0,994025395604175	430,960351476343
32430,00195	0,811219199999982	8,479083008	0,99362080957535	430,913401839711
32440,00195	0,811219199999982	8,48215332	0,994158674202064	431,06943741424
32450,00195	0,811845000000005	8,490396484	0,99411247891519	431,488361233928
32460,00195	0,811636399999998	8,487081055	0,994043650507875	431,319868628348
32470,00195	0,812262299999986	8,490103516	0,994058366236369	431,473472378919
32480,00195	0,810861499999987	8,478085938	0,993876656240909	430,862729989328
32490,00195	0,81110000000001	8,480033203	0,993930209892055	430,961691467195
32500,00195	0,811338400000011	8,480779297	0,993867155770593	430,999608527723
32510,00195	0,81142779999999	8,484246094	0,9942850614588	431,175793769375
32520,00195	0,811338400000011	8,480638672	0,994206733581219	430,992461859023
32530,00195	0,811517200000026	8,481486328	0,994011238903355	431,03554037709
32540,00195	0,811278800000025	8,480416992	0,994120395307087	430,981195914011
32550,00195	0,812113199999999	8,489064453	0,994131105837306	431,420666412563
32560,00195	0,810593299999994	8,474577148	0,993936636210186	430,684410631702
32570,00195	0,812113199999999	8,487391602	0,994304899440869	431,335650861412
32580,00195	0,81110000000001	8,477210938	0,993856445240373	430,818261828531
32590,00195	0,81202380000002	8,486701172	0,99409673813595	431,300562687402
32600,00195	0,811785400000019	8,483858398	0,993990841893611	431,156090765869
32610,00195	0,811934399999984	8,48806543	0,994168267676984	431,369895309244
32620,00195	0,812172799999985	8,490669922	0,994222752374221	431,502257559587
32630,00195	0,811636399999998	8,483373047	0,993669053963664	431,131424861513
32640,00195	0,810593299999994	8,473182617	0,994011052894146	430,613539513137
32650,00195	0,810950999999989	8,478301758	0,994065630595988	430,873698124714
32660,00195	0,811040400000024	8,478942383	0,993862033517018	430,906255171012
32670,00195	0,810801900000001	8,475516602	0,993921920481692	430,732154393454
32680,00195	0,811874799999998	8,487625	0,994259542195482	431,347512324033
32690,00195	0,811606600000005	8,485536133	0,994008630774241	431,241354525588
32700,00195	0,811606600000005	8,484411133	0,994238400148856	431,184181175992
32710,00195	0,811129800000003	8,482637695	0,994287669587914	431,094053717538
32720,00195	0,81110000000001	8,479289063	0,993869484885894	430,923873710423
32730,00195	0,811755600000026	8,48462793	0,994004626576015	431,195198963257
32740,00195	0,811636399999998	8,486276367	0,994101022348038	431,27897377649
32750,00195	0,81142779999999	8,484618164	0,993881312471413	431,194702647761
32760,00195	0,811517200000026	8,486378906	0,993949675855707	431,284184885907
32770,00195	0,811785400000019	8,48771875	0,994110336809146	431,352276769833
32780,00195	0,811517200000026	8,487587891	0,994012635972516	431,345626416629
32790,00195	0,811755600000026	8,487710938	0,993835583207609	431,351879758093
32800,00195	0,812262299999986	8,490988281	0,993779421427349	431,518436804391
32810,00195	0,811695999999984	8,488539063	0,994148708708727	431,39396569599
32820,00195	0,811368200000004	8,486264648	0,994163331432618	431,27837820806
32830,00195	0,812917900000002	8,505100586	0,994003508520666	432,235634802053
32840,00195	0,811606600000005	8,491776367	0,99388969488638	431,558487930071
32850,00195	0,812262299999986	8,495520508	0,994133061934141	431,748768003253
32860,00195	0,812202599999978	8,495978516	0,994033778019142	431,772044315699
32870,00195	0,811845000000005	8,491641602	0,993637667409889	431,551639070997
32880,00195	0,813245699999982	8,504930664	0,994036944175881	432,226999237689
32890,00195	0,811755600000026	8,488823242	0,993769827952429	431,408407887381
32900,00195	0,812113199999999	8,490880859	0,994106797633941	431,512977537226
32910,00195	0,810950999999989	8,480443359	0,993754274182447	430,982535904864
32920,00195	0,811695999999984	8,486168945	0,993722793624018	431,273514509326
32930,00195	0,81110000000001	8,479652344	0,994113502965885	430,942335925192
32940,00195	0,810712500000022	8,477200195	0,994076435130861	430,817715861158
32950,00195	0,812113199999999	8,488848633	0,994225267498731	431,409698277176
32960,00195	0,811219199999982	8,482786133	0,994128963731262	431,101597448798
32970,00195	0,81202380000002	8,488722656	0,994061067370087	431,403296030899
32980,00195	0,811785400000019	8,485783203	0,993833254092307	431,253910809575
32990,00195	0,811606600000005	8,48399707	0,99389425911233	431,163138181633
33000,00195	0,811010599999975	8,480030273	0,994132502906467	430,961542562382
33010,00195	0,81142779999999	8,485239258	0,993998945294766	431,226267113889
33020,00195	0,810772100000008	8,479438477	0,9941423753952	430,93146704274
33030,00195	0,81089129999998	8,476887695	0,994001738433039	430,801834375159
33040,00195	0,81110000000001	8,478803711	0,994124213496104	430,899207755247
33050,00195	0,810205900000028	8,4720625	0,994081557384435	430,556614321289
33060,00195	0,810593299999994	8,475525391	0,993862033517018	430,732601057072
33070,00195	0,81110000000001	8,479060547	0,993969047814706	430,912260354729
33080,00195	0,81089129999998	8,47619043	0,99387348908412	430,766398841287
33090,00195	0,810354899999993	8,472398438	0,993878798346953	430,573686944148
33100,00195	0,811457599999983	8,479628906	0,993880288420718	430,941144788332
33110,00195	0,811755600000026	8,486861328	0,994027817724081	431,308701936271
33120,00195	0,811845000000005	8,487576172	0,994036293143652	431,345030848198
33130,00195	0,810950999999989	8,477120117	0,993748685905803	430,813646236723
33140,00195	0,811189399999989	8,480507813	0,993953401040121	430,985811505819
33150,00195	0,81110000000001	8,477571289	0,993888391821873	430,836575138487
33160,00195	0,810533700000008	8,473167969	0,993916798228117	430,612795090715
33170,00195	0,810950999999989	8,477724609	0,994218189148321	430,844366976673
33180,00195	0,811368200000004	8,483173828	0,993985067607758	431,121300401484
33190,00195	0,812113199999999	8,492001953	0,994146007575009	431,569952380952
33200,00195	0,810682699999973	8,477253906	0,994163983464896	430,82044549474
33210,00195	0,810623099999987	8,475783203	0,993992611981238	430,74570325761
33220,00195	0,811755600000026	8,48525293	0,993815092193212	431,226961935254
33230,00195	0,811368200000004	8,482969727	0,994085003555036	431,110927834528
33240,00195	0,810533700000008	8,475204102	0,99389379308926	430,716272907455
33250,00195	0,811695999999984	8,485477539	0,99387851933314	431,238376734258
33260,00195	0,811874799999998	8,485558594	0,993999503322391	431,242496010571
33270,00195	0,810772100000008	8,475049805	0,993905155651758	430,708431417391
33280,00195	0,810384699999986	8,472138672	0,994378664092551	430,560485439854
33290,00195	0,810354899999993	8,472086914	0,993972866003724	430,557855059206
33300,00195	0,811010599999975	8,475636719	0,993998945294766	430,738258830106
33310,00195	0,811606600000005	8,481736328	0,994092360919259	431,048245565889
33320,00195	0,811219199999982	8,479833984	0,993925273647689	430,951567007166
33330,00195	0,810474100000022	8,471763672	0,993843871617923	430,541427656655
33340,00195	0,811189399999989	8,477665039	0,993957592247604	430,841339584286
33350,00195	0,811338400000011	8,479342773	0,99375045599343	430,926603293185
33360,00195	0,812679500000002	8,491818359	0,993785568731668	431,560621995223
33370,00195	0,811755600000026	8,48280957	0,994040111332669	431,102788534838
33380,00195	0,810861499999987	8,473800781	0,994097297163625	430,644955074452
33390,00195	0,810444300000029	8,473232422	0,993930395901263	430,61607064085
33400,00195	0,811457599999983	8,481686523	0,994016361156929	431,045714438177
33410,00195	0,811636399999998	8,481834961	0,99419145882505	431,053258169436
33420,00195	0,811040400000024	8,474396484	0,993907763780872	430,675229150785
33430,00195	0,812202599999978	8,488071289	0,994281708292803	431,370193068049
33440,00195	0,811695999999984	8,482867188	0,993787803842316	431,105716725111
33450,00195	0,811010599999975	8,474604492	0,994022881479714	430,685800274432
33460,00195	0,810950999999989	8,476353516	0,993860357434045	430,774686994969
33470,00195	0,811189399999989	8,476616211	0,994004812585223	430,788037353255
33480,00195	0,811845000000005	8,482647461	0,994152899916211	431,094550033033
33490,00195	0,810265500000014	8,467347656	0,99416454249257	430,317002388575
33500,00195	0,81202380000002	8,484912109	0,994009282806519	431,209641154647
33510,00195	0,812172799999985	8,490635742	0,993951072924869	431,500520506175
33520,00195	0,812679500000002	8,495998047	0,994032659963793	431,773036895868
33530,00195	0,811189399999989	8,480259766	0,99391707724193	430,973205569955
33540,00195	0,811129800000003	8,479133789	0,993853558097447	430,915982568481
33550,00195	0,811547000000019	8,482750977	0,99392965086438	431,099810794328
33560,00195	0,811636399999998	8,483076172	0,993977523234278	431,116337449815
33570,00195	0,81202380000002	8,483326172	0,993949116828033	431,129042638614
33580,00195	0,812113199999999	8,484410156	0,99402437155348	431,184131524114
33590,00195	0,81202380000002	8,48387207	0,994011983940237	431,156785587234
33600,00195	0,81202380000002	8,486452148	0,994051007872097	431,28790709966
33610,00195	0,812202599999978	8,485352539	0,993920523412531	431,232024139859
33620,00195	0,811457599999983	8,482375977	0,994123748473083	431,08075301113
33630,00195	0,811785400000019	8,483821289	0,993947533749664	431,154204858464
33640,00195	0,812083400000006	8,483917969	0,993835396198351	431,159118209077
33650,00195	0,812083400000006	8,482366211	0,994176091064277	431,080256695635
33660,00195	0,812292099999979	8,488533203	0,994218375157529	431,393667886365
33670,00195	0,812947699999995	8,496859375	0,994107169652357	431,8168102353
33680,00195	0,811934399999984	8,48428418	0,993801494520066	431,177729328658
33690,00195	0,811368200000004	8,478336914	0,994202914392152	430,875484779184
33700,00195	0,811368200000004	8,480626953	0,994107169652357	430,991866290593
33710,00195	0,811368200000004	8,479242188	0,994022787475061	430,921491487523
33720,00195	0,812083400000006	8,483400391	0,994076155116999	431,132814504244
33730,00195	0,811517200000026	8,476015625	0,994022042438178	430,757515119175
33740,00195	0,811129800000003	8,474645508	0,994036199138998	430,687884738527
33750,00195	0,811964199999977	8,482525391	0,994081277370573	431,088346343447
33760,00195	0,811606600000005	8,48059082	0,994153272934677	430,990029984246
33770,00195	0,812113199999999	8,482740234	0,993884852646668	431,099264826955
33780,00195	0,811189399999989	8,474295898	0,994050449844472	430,670117294303
33790,00195	0,811934399999984	8,485066406	0,994187453626774	431,217482644712
33800,00195	0,81110000000001	8,475744141	0,993967464736337	430,743718097271
33810,00195	0,811547000000019	8,480290039	0,994224056438778	430,974744066677
33820,00195	0,811785400000019	8,481802734	0,993668681945248	431,051620368959
33830,00195	0,812619900000016	8,489011719	0,993727823873038	431,417986430858
33840,00195	0,812441100000001	8,492487305	0,993960106372065	431,594618336128
33850,00195	0,813186099999996	8,49915332	0,993877215268583	431,933390252579
33860,00195	0,812202599999978	8,489035156	0,994077180167743	431,419177516898
33870,00195	0,811964199999977	8,487613281	0,994044861567827	431,346916755603
33880,00195	0,811934399999984	8,48362207	0,994044768563223	431,144080398435
33890,00195	0,813037099999974	8,493408203	0,994119836279412	431,641419067947
33900,00195	0,812351700000022	8,488303711	0,99413622809088	431,382004929613
33910,00195	0,811934399999984	8,485962891	0,993996337165652	431,263042689434
33920,00195	0,812262299999986	8,487389648	0,994101395366504	431,335551557656
33930,00195	0,81202380000002	8,482930664	0,994015523115442	431,108942623367
33940,00195	0,812262299999986	8,484898438	0,993937195237861	431,208946384103
33950,00195	0,811934399999984	8,482945313	0,993806616773641	431,10968709661
33960,00195	0,812113199999999	8,484834961	0,993938219288556	431,205720435026
33970,00195	0,812083400000006	8,483963867	0,994029214793242	431,161450780099
33980,00195	0,811040400000024	8,472953125	0,993812112045681	430,601876556386
33990,00195	0,812351700000022	8,484105469	0,994033218991468	431,168647100676
34000,00195	0,811368200000004	8,47875293	0,994047562701546	430,896627026478
34010,00195	0,812202599999978	8,48575	0,994280590237455	431,25222340804
34020,00195	0,812917900000002	8,493831055	0,99403144990389	431,662908725924
34030,00195	0,81142779999999	8,479467773	0,994004626576015	430,932955887585
34040,00195	0,812351700000022	8,490469727	0,994101022348038	431,492083498501
34050,00195	0,811934399999984	8,485276367	0,994098508223578	431,228153021294
34060,00195	0,812292099999979	8,488946289	0,99414079231683	431,414661228846
34070,00195	0,811874799999998	8,484599609	0,994079974306066	431,193759668649
34080,00195	0,812202599999978	8,485662109	0,994008444765032	431,247756721045
34090,00195	0,811338400000011	8,480044922	0,994029586811658	430,962287035625
34100,00195	0,811278800000025	8,478116211	0,993781842547205	430,86426848605
34110,00195	0,811755600000026	8,483668945	0,993949675855707	431,146462621335
34120,00195	0,811338400000011	8,476910156	0,993893048052377	430,802975860141
34130,00195	0,811695999999984	8,480507813	0,994027258696406	430,985811505819
34140,00195	0,810861499999987	8,471086914	0,994054082024281	430,50703430401
34150,00195	0,811964199999977	8,482682617	0,993928719818289	431,096336687503
34160,00195	0,81253049999998	8,488197266	0,994127194643684	431,376595314326
34170,00195	0,812202599999978	8,486557617	0,99387600420863	431,293267113889
34180,00195	0,811547000000019	8,480610352	0,993977057211207	430,991022615236
34190,00195	0,811755600000026	8,483833008	0,993860636447857	431,154800426894
34200,00195	0,811695999999984	8,482201172	0,994094038002282	431,071869289018
34210,00195	0,811964199999977	8,48765918	0,994059670300926	431,349249377446
34220,00195	0,811874799999998	8,485381836	0,994196209060208	431,233513035524
34230,00195	0,811129800000003	8,478084961	0,994046910669267	430,86268033745
34240,00195	0,811219199999982	8,475712891	0,994255257983394	430,742129948671
34250,00195	0,811934399999984	8,484077148	0,994050728858285	431,167207806068
34260,00195	0,810474100000022	8,469265625	0,993937195237861	430,414475021599
34270,00195	0,811040400000024	8,47353418	0,99397118992075	430,631406210296
34280,00195	0,810295300000007	8,466162109	0,993956474192256	430,256751994715
34290,00195	0,809967500000027	8,465035156	0,993994567078024	430,199479392184
34300,00195	0,810146299999985	8,466482422	0,993972586989911	430,273030543274
34310,00195	0,810116499999992	8,465194336	0,993993729036537	430,207569039996
34320,00195	0,811040400000024	8,473081055	0,994044768563223	430,608378055598
34330,00195	0,811606600000005	8,481476563	0,994173948958233	431,035044112416
34340,00195	0,810772100000008	8,471791016	0,99389425911233	430,542817299385
34350,00195	0,811964199999977	8,483277344	0,994138184187716	431,126561162779
34360,00195	0,810861499999987	8,471631836	0,994114528016629	430,534727651573
34370,00195	0,811547000000019	8,476806641	0,994125145542245	430,797715149667
34380,00195	0,811278800000025	8,475375977	0,994034709065233	430,725007724755
34390,00195	0,811278800000025	8,475390625	0,99411042981375	430,725752147177
34400,00195	0,81089129999998	8,469222656	0,993895283163025	430,412291304569
34410,00195	0,811517200000026	8,477931641	0,993731921075868	430,854888499263
34420,00195	0,811129800000003	8,477268555	0,99374542674446	430,821189967983
34430,00195	0,812202599999978	8,484606445	0,994066655646732	431,194107079331
34440,00195	0,811874799999998	8,48043457	0,993997827239417	430,982089241246
34450,00195	0,811874799999998	8,480542969	0,994036665162069	430,987598160289
34460,00195	0,810712500000022	8,472246094	0,994127752671309	430,565944707018
34470,00195	0,81110000000001	8,475525391	0,993877494282395	430,732601057072
34480,00195	0,812113199999999	8,483691406	0,993940734413066	431,147604106317
34490,00195	0,811010599999975	8,472333008	0,993945111629758	430,570361742136
34500,00195	0,81202380000002	8,481603516	0,994112850933606	431,04149595975
34510,00195	0,811040400000024	8,475611328	0,993960665399739	430,736968440311
34520,00195	0,811040400000024	8,472644531	0,993900406416649	430,586193576257
34530,00195	0,811338400000011	8,475948242	0,994145728561196	430,754090664227
34540,00195	0,810861499999987	8,47056543	0,993745332739806	430,480532093307
34550,00195	0,811040400000024	8,473477539	0,993865013664549	430,628527671901
34560,00195	0,812202599999978	8,484581055	0,99406386150841	431,192816740357
34570,00195	0,812172799999985	8,484577148	0,993971841953029	431,192618183666
34580,00195	0,811964199999977	8,483178711	0,993978548285022	431,121548559232
34590,00195	0,811338400000011	8,47878125	0,993861009466323	430,898066270265
34600,00195	0,811874799999998	8,481885742	0,994195836041742	431,055838898206
34610,00195	0,811964199999977	8,485095703	0,993935705164095	431,218971540377
34620,00195	0,812202599999978	8,486113281	0,993994940096491	431,270685622808
34630,00195	0,811368200000004	8,477119141	0,994027817724081	430,813596635666
34640,00195	0,812262299999986	8,487394531	0,994113688975093	431,335799715404
34650,00195	0,811368200000004	8,479164063	0,994029214793242	430,917521116024
34660,00195	0,81142779999999	8,478539063	0,994087797693358	430,885758144026
34670,00195	0,81202380000002	8,484507813	0,994048865766053	431,189094526605
34680,00195	0,811547000000019	8,480248047	0,994075876103186	430,972610001525
34690,00195	0,811934399999984	8,485296875	0,994000062350065	431,229195253341
34700,00195	0,811040400000024	8,475829102	0,994159978266621	430,748035879453
34710,00195	0,81110000000001	8,47296875	0,994118812228717	430,602670630686
34720,00195	0,811606600000005	8,480849609	0,993963552542666	431,003181836662
34730,00195	0,812679500000002	8,490820313	0,994216606069951	431,509900543782
34740,00195	0,811964199999977	8,482318359	0,99392415559234	431,077824820857
34750,00195	0,812172799999985	8,483607422	0,993826175741897	431,143335976013
34760,00195	0,812500699999987	8,486657227	0,994144983524314	431,298329369314
34770,00195	0,812858300000016	8,488375977	0,993850763959125	431,385677542308
34780,00195	0,812917900000002	8,492762695	0,994220983286643	431,608613863902
34790,00195	0,813037099999974	8,49359668	0,994125517560661	431,650997611424
34800,00195	0,811934399999984	8,484412109	0,993989630833658	431,184230777049
34810,00195	0,812292099999979	8,48643457	0,994195184009463	431,287013772425
34820,00195	0,812500699999987	8,487625977	0,99431542396188	431,347561975911
34830,00195	0,812590100000023	8,486673828	0,994417035992132	431,299173044671
34840,00195	0,812202599999978	8,482930664	0,994097111154416	431,108942623367
34850,00195	0,812381500000015	8,483269531	0,994062184425387	431,126164100219
34860,00195	0,812500699999987	8,485120117	0,993912421011425	431,220212278294
34870,00195	0,810801900000001	8,467427734	0,99392508763848	430,32107201301
34880,00195	0,812500699999987	8,484683594	0,994111733878307	431,198027849774
34890,00195	0,812292099999979	8,483481445	0,994085003555036	431,136933729735
34900,00195	0,811129800000003	8,473177734	0,993853092074377	430,61329135539
34910,00195	0,812500699999987	8,485874023	0,994038714263508	431,258526350562
34920,00195	0,811845000000005	8,478095703	0,994145728561196	430,863226254002
34930,00195	0,811695999999984	8,478524414	0,994224894480265	430,885013670783
34940,00195	0,81202380000002	8,481120117	0,994209899737958	431,016929257509
34950,00195	0,811785400000019	8,477831055	0,994110243804542	430,849776642781
34960,00195	0,811636399999998	8,474813477	0,994090498827077	430,696421049957
34970,00195	0,810772100000008	8,466608398	0,993826827774176	430,279432738731
34980,00195	0,812619900000016	8,482294922	0,993918567315695	431,076633734817
34990,00195	0,812292099999979	8,481775391	0,994267830605796	431,050230777049
35000,00195	0,811874799999998	8,477291992	0,994197233110903	430,822381054023
35010,00195	0,812441100000001	8,483771484	0,994401855240617	431,151673730752
35020,00195	0,811278800000025	8,473431641	0,994060694351621	430,626195100879
35030,00195	0,812381500000015	8,484271484	0,994006581672801	431,17708410835
35040,00195	0,81202380000002	8,479859375	0,994174041962837	430,952857396961
35050,00195	0,81276889999998	8,488586914	0,993992424971981	431,396397519947
35060,00195	0,812351700000022	8,484869141	0,994210458765632	431,207457488438
35070,00195	0,811457599999983	8,47562793	0,993972493985307	430,737812166489
35080,00195	0,812351700000022	8,485382813	0,994113875984351	431,233562687402
35090,00195	0,813275499999975	8,493753906	0,993834279143052	431,658987955481
35100,00195	0,812709299999995	8,48915625	0,994184752493056	431,425331605428
35110,00195	0,811785400000019	8,481797852	0,993877494282395	431,051372262032
35120,00195	0,81202380000002	8,483251953	0,994190899797375	431,125270772984
35130,00195	0,812262299999986	8,483951172	0,993860822457065	431,160805610611
35140,00195	0,811785400000019	8,480640625	0,994088076707171	430,992561111958
35150,00195	0,813096700000017	8,493063477	0,994288041606331	431,623899832291
35160,00195	0,811755600000026	8,480724609	0,994147218634962	430,996829242262
35170,00195	0,811517200000026	8,474515625	0,993763215625089	430,68128398638
35180,00195	0,812113199999999	8,481457031	0,994215114996136	431,034051481425
35190,00195	0,812381500000015	8,484140625	0,993995406119561	431,170433755146
35200,00195	0,812113199999999	8,482626953	0,994051939918237	431,093507800986
35210,00195	0,813156300000003	8,491107422	0,9940248365765	431,524491639986
35220,00195	0,812172799999985	8,482526367	0,993908694826963	431,088395944504
35230,00195	0,812202599999978	8,481402344	0,993981714441761	431,031272246786
35240,00195	0,812351700000022	8,481641602	0,994130174791215	431,043431519032
35250,00195	0,812500699999987	8,482884766	0,993996709184068	431,106610052345
35260,00195	0,812202599999978	8,479080078	0,994005464617502	430,913252934899
35270,00195	0,811964199999977	8,477634766	0,994062091420782	430,839801087564
35280,00195	0,811755600000026	8,479272461	0,994007047695871	430,923029984246
35290,00195	0,812619900000016	8,485097656	0,994054361038094	431,219070793312
35300,00195	0,812172799999985	8,480551758	0,994100091301947	430,988044823906
35310,00195	0,812351700000022	8,480253906	0,993958803307557	430,972907760329
35320,00195	0,811636399999998	8,4746875	0,994082023407505	430,690018803679
35330,00195	0,811338400000011	8,470595703	0,993963552542666	430,482070590029
35340,00195	0,811845000000005	8,473948242	0,993992238962772	430,652449153834
35350,00195	0,811695999999984	8,474769531	0,994023439507339	430,694187681049
35360,00195	0,811964199999977	8,476269531	0,993897612278327	430,770418813844
35370,00195	0,811189399999989	8,467052734	0,993886900748058	430,302014229811
35380,00195	0,812917900000002	8,482844727	0,99388354858211	431,104575240128
35390,00195	0,812441100000001	8,480443359	0,993783705639437	430,982535904864
35400,00195	0,811845000000005	8,478019531	0,994040484351136	430,859355135437
35410,00195	0,811934399999984	8,476943359	0,993944552602083	430,804663261676
35420,00195	0,812083400000006	8,477984375	0,993797489321791	430,857568480968
35430,00195	0,811934399999984	8,479166992	0,993953215030912	430,917669970016
35440,00195	0,812679500000002	8,48309375	0,994158488192855	431,117230777049
35450,00195	0,811874799999998	8,477660156	0,993655828308935	430,841091426539
35460,00195	0,811219199999982	8,470572266	0,993890905946333	430,480879503989
35470,00195	0,811785400000019	8,47690332	0,993941758463761	430,802628449459
35480,00195	0,812202599999978	8,483487305	0,99386184750781	431,137231539361
35490,00195	0,812351700000022	8,484402344	0,994002670479179	431,183734512375
35500,00195	0,812262299999986	8,482324219	0,993931047933542	431,078122630482
35510,00195	0,811606600000005	8,473355469	0,993974636091351	430,622323982314
35520,00195	0,812083400000006	8,47696875	0,99393877831623	430,805953651471
35530,00195	0,812292099999979	8,480764648	0,994150664805563	430,99886405448
35540,00195	0,811636399999998	8,474822266	0,994041880420247	430,696867713574
35550,00195	0,812262299999986	8,479170898	0,994143213436686	430,917868475886
35560,00195	0,812917900000002	8,487003906	0,994251066775911	431,315947857905
35570,00195	0,812262299999986	8,480424805	0,993856445240373	430,981592976572
35580,00195	0,812858300000016	8,484616211	0,994089101757915	431,194603394826
35590,00195	0,811785400000019	8,475181641	0,993980131363392	430,715131422473
35600,00195	0,813603399999977	8,493366211	0,994038900272717	431,639285002795
35610,00195	0,812828500000023	8,487107422	0,993938219288556	431,3212086192
35620,00195	0,81336490000001	8,493862305	0,993943528551388	431,664496874524
35630,00195	0,813007299999981	8,48868457	0,994024278548876	431,401360471617
35640,00195	0,811457599999983	8,472928711	0,99428301235736	430,600635818468
35650,00195	0,812441100000001	8,482888672	0,994040484351136	431,106808558215
35660,00195	0,813186099999996	8,489771484	0,994013754027865	431,45659826193
35670,00195	0,812709299999995	8,488772461	0,994083233467409	431,405827158612
35680,00195	0,812202599999978	8,481660156	0,994048213733775	431,044374447324
35690,00195	0,812202599999978	8,480667969	0,993951072924869	430,993950754688
35700,00195	0,812441100000001	8,480683594	0,993750735007242	430,994744828988
35710,00195	0,812351700000022	8,480905273	0,993976312174325	431,006010723179
35720,00195	0,812113199999999	8,481818359	0,993968209773219	431,052414443259
35730,00195	0,812381500000015	8,483989258	0,993902175504227	431,162741169894
35740,00195	0,811874799999998	8,480871094	0,994085003555036	431,004273720587
35750,00195	0,812262299999986	8,481140625	0,993987302718406	431,017971489556
35760,00195	0,812709299999995	8,485311523	0,99415904722053	431,229939675764
35770,00195	0,812947699999995	8,486198242	0,993904969642549	431,275003404991
35780,00195	0,811636399999998	8,476580078	0,99383148500473	430,786201046908
35790,00195	0,812292099999979	8,479837891	0,994000714382344	430,951765563856
35800,00195	0,812709299999995	8,484547852	0,994076062112394	431,191129338822
35810,00195	0,811457599999983	8,472917969	0,994102606426457	430,600089901916
35820,00195	0,812441100000001	8,482216797	0,993913818080587	431,072663363318
35830,00195	0,812113199999999	8,480010742	0,993873303074912	430,960549982213
35840,00195	0,812202599999978	8,481588867	0,993973425031398	431,040751486507
35850,00195	0,812679500000002	8,482589844	0,994118067191834	431,091621893581
35860,00195	0,812679500000002	8,482730469	0,993925180643084	431,098768562281
35870,00195	0,811338400000011	8,469508789	0,994034989079095	430,426832799715
35880,00195	0,811845000000005	8,477016602	0,9941058655878	430,808385526249
35890,00195	0,811934399999984	8,477810547	0,993736392297214	430,848734410733
35900,00195	0,812441100000001	8,482983398	0,994274443933185	431,111622605072
35910,00195	0,812172799999985	8,47844043	0,994038621258904	430,880745540479
35920,00195	0,812381500000015	8,48209082	0,993914656122073	431,06626111704
35930,00195	0,811457599999983	8,47393457	0,993781097510323	430,651754332469
35940,00195	0,812828500000023	8,485929688	0,993978827298835	431,2613552879
35950,00195	0,812590100000023	8,485095703	0,994026606664128	431,218971540377
35960,00195	0,812590100000023	8,486586914	0,99413529704479	431,294756009554
35970,00195	0,812679500000002	8,486605469	0,994237003079695	431,295698988667
35980,00195	0,811964199999977	8,48078418	0,994018038239952	430,99985668547
35990,00195	0,813335100000018	8,491711914	0,993999596326995	431,555212379936
36000,00195	0,811755600000026	8,477801758	0,993973612040656	430,848287747116
36010,00195	0,812500699999987	8,487015625	0,993988233764497	431,316543426335
36020,00195	0,812441100000001	8,487375977	0,99386436163227	431,334856787112
36030,00195	0,811934399999984	8,480892578	0,994129708768145	431,005365553692
36040,00195	0,811874799999998	8,480671875	0,993663838705485	430,994149260558
36050,00195	0,813186099999996	8,492475586	0,993985253616966	431,594022767698
36060,00195	0,812351700000022	8,486863281	0,993942224486831	431,308801189206
36070,00195	0,812113199999999	8,482006836	0,993861661498602	431,061992986736
36080,00195	0,811934399999984	8,479125	0,993973984059073	430,915535904864
36090,00195	0,811606600000005	8,477365234	0,993844430645597	430,826103267775
36100,00195	0,811636399999998	8,47812793	0,994140419298364	430,86486405448
36110,00195	0,81202380000002	8,481352539	0,994018038239952	431,028741119073
36120,00195	0,811874799999998	8,480587891	0,994080905352157	430,989881130254
36130,00195	0,811845000000005	8,478712891	0,99394287651911	430,89459221426
36140,00195	0,812113199999999	8,481211914	0,99395703321993	431,021594450374
36150,00195	0,812679500000002	8,485833008	0,993973984059073	431,256441937287
36160,00195	0,811457599999983	8,475575195	0,993908508817754	430,735132133963
36170,00195	0,812292099999979	8,481626953	0,994056131125721	431,042687045789
36180,00195	0,810950999999989	8,470070313	0,993945670657432	430,455369873456
36190,00195	0,81202380000002	8,478916992	0,994171527838376	430,904964781217
36200,00195	0,812113199999999	8,47819043	0,993907484767059	430,86804035168
36210,00195	0,811874799999998	8,478722656	0,993941386445344	430,895088478935
36220,00195	0,81202380000002	8,481513672	0,994015337106234	431,03693001982
36230,00195	0,811845000000005	8,476823242	0,994081091361365	430,798558825024
36240,00195	0,811964199999977	8,478508789	0,994100277311155	430,884219596483
36250,00195	0,812202599999978	8,479569336	0,994383227318451	430,938117395945
36260,00195	0,812292099999979	8,48244043	0,994133434952608	431,084028561264
36270,00195	0,812709299999995	8,485166016	0,993992331967376	431,222544900137
36280,00195	0,813245699999982	8,489042969	0,994151502847049	431,419574579458
36290,00195	0,81110000000001	8,466672852	0,993970630893076	430,282708339686
36300,00195	0,811636399999998	8,474049805	0,994038807268112	430,657610662194
36310,00195	0,812679500000002	8,483018555	0,99393877831623	431,113409310362
36320,00195	0,813007299999981	8,485421875	0,993999131303974	431,235547847741
36330,00195	0,812500699999987	8,481822266	0,994119836279412	431,052612999949
36340,00195	0,812828500000023	8,483454102	0,993738534403258	431,135544137826
36350,00195	0,812083400000006	8,478238281	0,99426131128306	430,870472175637
36360,00195	0,812351700000022	8,480054688	0,993766754800294	430,962783351121
36370,00195	0,81202380000002	8,474707031	0,993911861983751	430,691011383849
36380,00195	0,811845000000005	8,475546875	0,994039645309599	430,733692890176
36390,00195	0,811755600000026	8,471319336	0,993681627586115	430,518846165574
36400,00195	0,81253049999998	8,478571289	0,993960106372065	430,887395893683
36410,00195	0,812709299999995	8,480505859	0,994271369781001	430,985712202063
36420,00195	0,812500699999987	8,474875977	0,994106052597058	430,699597347157
36430,00195	0,811874799999998	8,473121094	0,993873117065704	430,610412867815
36440,00195	0,812381500000015	8,475768555	0,993993822041142	430,744958835188
36450,00195	0,81089129999998	8,464089844	0,993976592188187	430,151437922448
36460,00195	0,812292099999979	8,474577148	0,994042626457179	430,684410631702
36470,00195	0,812590100000023	8,477868164	0,994040484351136	430,851662550185
36480,00195	0,812500699999987	8,477568359	0,993996896193326	430,836426233674
36490,00195	0,811606600000005	8,469554688	0,993832323046217	430,429165421558
36500,00195	0,81253049999998	8,477870117	0,993806989792107	430,85176180312
36510,00195	0,812172799999985	8,474026367	0,993878239319278	430,656419525334
36520,00195	0,812619900000016	8,482945313	0,994039459300391	431,10968709661
36530,00195	0,811934399999984	8,474710938	0,993872931056495	430,69120994054
36540,00195	0,812381500000015	8,47584375	0,993960851408947	430,748780301875
36550,00195	0,812858300000016	8,480713867	0,994091149859306	430,99628332571
36560,00195	0,812500699999987	8,476492188	0,993766381781828	430,781734410733
36570,00195	0,812947699999995	8,481473633	0,994423742324126	431,034895207603
36580,00195	0,812441100000001	8,477504883	0,99414740464417	430,833200335417
36590,00195	0,812500699999987	8,477123047	0,99404718968308	430,813795141536
36600,00195	0,811964199999977	8,470881836	0,994054547047302	430,496612085176
36610,00195	0,812679500000002	8,479458008	0,99379907340021	430,93245962291
36620,00195	0,812828500000023	8,479615234	0,993920803426392	430,940449966967
36630,00195	0,813752399999998	8,490048828	0,9941013023619	431,470693093459
36640,00195	0,812381500000015	8,477035156	0,993928253795219	430,809328454541
36650,00195	0,811934399999984	8,472978516	0,993918102292674	430,603166946181
36660,00195	0,812828500000023	8,478736328	0,993923131541645	430,8957833003
36670,00195	0,81276889999998	8,47928418	0,994113688975093	430,923625552676
36680,00195	0,812500699999987	8,477727539	0,993941200436136	430,844515881486
36690,00195	0,811934399999984	8,472042969	0,993968023764011	430,555621741119
36700,00195	0,813990799999999	8,491424805	0,994021111392087	431,540621283732
36710,00195	0,812828500000023	8,481955078	0,994078856250717	431,059362606088
36720,00195	0,812500699999987	8,480529297	0,993928253795219	430,986903338924
36730,00195	0,812441100000001	8,477293945	0,994090777840889	430,822480306957
36740,00195	0,811785400000019	8,471523438	0,994081277370573	430,529218783351
36750,00195	0,812590100000023	8,476102539	0,993997827239417	430,761932154292
36760,00195	0,812500699999987	8,475801758	0,993984694589292	430,746646236723
36770,00195	0,812947699999995	8,484419922	0,994111174850633	431,18462783961
36780,00195	0,813573599999984	8,489353516	0,994119836279412	431,435356812522
36790,00195	0,812947699999995	8,481575195	0,994142561404408	431,040056665142
36800,00195	0,813096700000017	8,485460938	0,994168919709262	431,237533058901
36810,00195	0,81390140000002	8,490822266	0,993971655943821	431,509999796717
36820,00195	0,814080199999978	8,49678125	0,994058459240973	431,8128398638
36830,00195	0,813454299999989	8,489300781	0,994122630417735	431,432676779997
36840,00195	0,813603399999977	8,491939453	0,994001832437692	431,566776083753
36850,00195	0,812292099999979	8,479678711	0,993899567375113	430,943675916044
36860,00195	0,813990799999999	8,494896484	0,994042067429505	431,717054632312
36870,00195	0,813782199999991	8,493625	0,994052125927446	431,652436855212
36880,00195	0,812590100000023	8,483412109	0,993843219585644	431,133410021853
36890,00195	0,813275499999975	8,48877832	0,993995685133373	431,406124917416
36900,00195	0,813186099999996	8,485330078	0,994018969286043	431,230882654876
36910,00195	0,813603399999977	8,490587891	0,99382440665432	431,498088682218
36920,00195	0,813752399999998	8,491858398	0,994018876281439	431,56265680744
36930,00195	0,812619900000016	8,481246094	0,993850856963729	431,023331503786
36940,00195	0,81276889999998	8,484041992	0,994299125155016	431,165421151598
36950,00195	0,812828500000023	8,48237793	0,994062184425387	431,080852264065
36960,00195	0,812679500000002	8,482056641	0,994042439447922	431,064524114448
36970,00195	0,812381500000015	8,478878906	0,994061160374691	430,903029221934
36980,00195	0,813782199999991	8,493358398	0,993819283400696	431,638887940235
36990,00195	0,813335100000018	8,491116211	0,994169291727679	431,524938303603
37000,00195	0,812709299999995	8,484625	0,993955822159977	431,195050058444
37010,00195	0,813335100000018	8,48971582	0,994081836398248	431,453769375413
37020,00195	0,813454299999989	8,48915332	0,993946787712731	431,425182700615
37030,00195	0,81336490000001	8,487925781	0,993859053369488	431,362798241602
37040,00195	0,812292099999979	8,480498047	0,993954891113886	430,985315190324
37050,00195	0,812828500000023	8,484014648	0,994048493747637	431,164031508868
37060,00195	0,813454299999989	8,488305664	0,994066655646732	431,382104182548
37070,00195	0,813990799999999	8,494554688	0,994152527897794	431,699684301469
37080,00195	0,813275499999975	8,487336914	0,994209620724145	431,332871575952
37090,00195	0,813156300000003	8,4879375	0,993851322986799	431,363393810032
37100,00195	0,812351700000022	8,476115234	0,993869111867428	430,762577323779
37110,00195	0,813037099999974	8,482786133	0,993722793624018	431,101597448798
37120,00195	0,812679500000002	8,481754883	0,993788455874595	431,049188545002
37130,00195	0,813931200000013	8,493018555	0,994076155116999	431,621616862327
37140,00195	0,813513999999998	8,488027344	0,994132782920329	431,367959749962
37150,00195	0,812262299999986	8,476119141	0,994145542551988	430,76277588047
37160,00195	0,81276889999998	8,477699219	0,994104003495618	430,843076637699
37170,00195	0,811517200000026	8,468142578	0,994160816308108	430,357400924938
37180,00195	0,81202380000002	8,471881836	0,994224894480265	430,547432840372
37190,00195	0,81253049999998	8,475677734	0,993972027962237	430,740343243381
37200,00195	0,812590100000023	8,475756836	0,994003974543736	430,744363266758
37210,00195	0,812590100000023	8,476216797	0,994121047339365	430,767738832139
37220,00195	0,811934399999984	8,470938477	0,994152713907002	430,499490623571
37230,00195	0,812202599999978	8,474088867	0,993930302896659	430,659595822534
37240,00195	0,811964199999977	8,468234375	0,993708823932456	430,362066117802
37250,00195	0,811845000000005	8,471604492	0,994052311936654	430,533338008843
37260,00195	0,812858300000016	8,479449219	0,993986278667711	430,932012959293
37270,00195	0,811517200000026	8,46575293	0,993930395901263	430,235957208924
37280,00195	0,812381500000015	8,476503906	0,993892303015494	430,782329928343
37290,00195	0,81276889999998	8,477694336	0,993827572811059	430,842828479951
37300,00195	0,812709299999995	8,479796875	0,993954425090816	430,949681099761
37310,00195	0,812709299999995	8,478055664	0,994118253201043	430,861191441785
37320,00195	0,812351700000022	8,473451172	0,993919964384856	430,627187681049
37330,00195	0,811695999999984	8,467513672	0,99400155242383	430,32543944707
37340,00195	0,811606600000005	8,467994141	0,994177022110368	430,349857244499
37350,00195	0,81142779999999	8,4640625	0,993781097510323	430,150048279717
37360,00195	0,811934399999984	8,47155957	0,994204684479779	430,531055038878
37370,00195	0,811785400000019	8,470748047	0,994176464082743	430,489812827159
37380,00195	0,812113199999999	8,47325293	0,994056596148742	430,617112872897
37390,00195	0,812709299999995	8,476960938	0,993924528610806	430,805556639732
37400,00195	0,811934399999984	8,472496094	0,994093292965399	430,578649895817
37410,00195	0,812172799999985	8,47097168	0,994232438853745	430,501178025106
37420,00195	0,81276889999998	8,477305664	0,994074293024817	430,823075875387
37430,00195	0,812172799999985	8,470166016	0,994195277014067	430,460233572191
37440,00195	0,811547000000019	8,462927734	0,993748219882732	430,092378614626
37450,00195	0,811129800000003	8,460547852	0,994253673904975	429,971431214108
37460,00195	0,812083400000006	8,468652344	0,994002297460713	430,383307618031
37470,00195	0,812172799999985	8,469176758	0,994052870964328	430,409958733547
37480,00195	0,811278800000025	8,459457031	0,994003508520666	429,915994867104
37490,00195	0,812292099999979	8,469334961	0,994087331670288	430,417998729481
37500,00195	0,812709299999995	8,475848633	0,993951072924869	430,749028459623
37510,00195	0,813037099999974	8,483345703	0,993933004030377	431,130035218783
37520,00195	0,812292099999979	8,472050781	0,994084816545778	430,556018752859
37530,00195	0,812113199999999	8,471206055	0,994108752730727	430,513089139605
37540,00195	0,811964199999977	8,469695313	0,994001738433039	430,436312090258
37550,00195	0,812351700000022	8,472067383	0,99410996379068	430,556862479037
37560,00195	0,811606600000005	8,463514648	0,993881592485275	430,122206027342
37570,00195	0,811010599999975	8,458075195	0,994014126046281	429,845768918026
37580,00195	0,813007299999981	8,477166016	0,994013660023211	430,815978858566
37590,00195	0,812679500000002	8,474823242	0,993970258874659	430,696917314631
37600,00195	0,812947699999995	8,478433594	0,994072149918723	430,880398129796
37610,00195	0,813454299999989	8,483921875	0,994057341185624	431,159316714946
37620,00195	0,812202599999978	8,469994141	0,994202821387548	430,451498754892
37630,00195	0,81253049999998	8,47215918	0,993862219526226	430,561527671901
37640,00195	0,812917900000002	8,476308594	0,994101488371108	430,772404025004
37650,00195	0,811755600000026	8,464720703	0,993992238962772	430,18349865325
37660,00195	0,811934399999984	8,466176758	0,994053056973537	430,257496467957
37670,00195	0,812590100000023	8,474033203	0,993886155711175	430,656766936017
37680,00195	0,812292099999979	8,470077148	0,994003881539132	430,455717233318
37690,00195	0,812619900000016	8,475094727	0,994036386148256	430,710714387356
37700,00195	0,813335100000018	8,482800781	0,993840053428905	431,10234187122
37710,00195	0,812500699999987	8,479523438	0,994149733759472	430,935784824923
37720,00195	0,812828500000023	8,479262695	0,993854396138934	430,92253366875
37730,00195	0,812292099999979	8,473860352	0,993790876994451	430,64798251766
37740,00195	0,812113199999999	8,474055664	0,99399698919793	430,657908420999
37750,00195	0,812590100000023	8,478428711	0,994002018446901	430,880149972049
37760,00195	0,812619900000016	8,477858398	0,993963273528853	430,85116623469
37770,00195	0,813841799999977	8,488764648	0,993858401337209	431,405430096051
37780,00195	0,812351700000022	8,475793945	0,993979945354183	430,746249174163
37790,00195	0,812709299999995	8,478929688	0,994043277489408	430,905610001525
37800,00195	0,813156300000003	8,481172852	0,993979758344926	431,019609290034
37810,00195	0,812262299999986	8,471796875	0,994101674380317	430,54311505819
37820,00195	0,812172799999985	8,469995117	0,993893141056981	430,451548355949
37830,00195	0,811547000000019	8,462594727	0,993930861924333	430,075454947401
37840,00195	0,812619900000016	8,473707031	0,994104189504827	430,640190628653
37850,00195	0,812590100000023	8,477514648	0,993959361335182	430,833696600092
37860,00195	0,813037099999974	8,480030273	0,994137625160042	430,961542562382
37870,00195	0,812590100000023	8,473268555	0,993990841893611	430,617906947197
37880,00195	0,812947699999995	8,480353516	0,994007233705079	430,977970015754
37890,00195	0,81390140000002	8,490030273	0,993940268389996	431,469750114347
37900,00195	0,812083400000006	8,472789063	0,994006302658988	430,593538801647
37910,00195	0,81253049999998	8,475725586	0,994180003257948	430,742775118158
37920,00195	0,812858300000016	8,478019531	0,99404514058164	430,859355135437
37930,00195	0,812619900000016	8,478423828	0,993928253795219	430,879901814301
37940,00195	0,814348400000029	8,494961914	0,994151130828633	431,720379834324
37950,00195	0,813096700000017	8,483088867	0,993758931413001	431,116982619302
37960,00195	0,811636399999998	8,467166016	0,993871160968868	430,307771306602
37970,00195	0,811755600000026	8,467791016	0,994003694529874	430,339534278599
37980,00195	0,812500699999987	8,475828125	0,99425376690958	430,747986227575
37990,00195	0,811964199999977	8,46940918	0,994058645250182	430,421770595111
38000,00195	0,81253049999998	8,476043945	0,994089007753262	430,758954362962
38010,00195	0,812590100000023	8,4746875	0,99391046491459	430,690018803679
38020,00195	0,812083400000006	8,470756836	0,994103165454132	430,490259490776
38030,00195	0,812709299999995	8,473533203	0,994079694292204	430,631356558419
38040,00195	0,813037099999974	8,480359375	0,993874886153281	430,978267774559
38050,00195	0,812917900000002	8,478668945	0,994172272875259	430,892358845353
38060,00195	0,812381500000015	8,473133789	0,994085003555036	430,611058037302
38070,00195	0,813335100000018	8,482493164	0,993937195237861	431,086708542969
38080,00195	0,813275499999975	8,483021484	0,994017106193812	431,113558164354
38090,00195	0,812828500000023	8,478907227	0,99404718968308	430,904468516542
38100,00195	0,811695999999984	8,465428711	0,99387600420863	430,219480154495
38110,00195	0,812709299999995	8,47534375	0,993889415872568	430,723369924277
38120,00195	0,812292099999979	8,473165039	0,994387418525934	430,612646185902
38130,00195	0,813245699999982	8,480480469	0,993803357612298	430,984421863089
38140,00195	0,812590100000023	8,474530273	0,994147963671844	430,682028408802
38150,00195	0,811845000000005	8,466807617	0,993842195534949	430,28955719876
38160,00195	0,812202599999978	8,473157227	0,993976312174325	430,612249174163
38170,00195	0,81142779999999	8,464290039	0,994004253557549	430,161611983534
38180,00195	0,812500699999987	8,475474609	0,994274163919323	430,730020277481
38190,00195	0,812351700000022	8,471560547	0,993948557800359	430,531104690756
38200,00195	0,812500699999987	8,472875977	0,994037503203555	430,597955836764
38210,00195	0,811547000000019	8,463125	0,994112571919794	430,102403821721
38220,00195	0,811368200000004	8,460858398	0,993998945294766	429,987213396351
38230,00195	0,81142779999999	8,462925781	0,993819470409953	430,092279361691
38240,00195	0,812441100000001	8,473461914	0,99395498411849	430,627733597601
38250,00195	0,812172799999985	8,468539063	0,994018410258369	430,377550592062
38260,00195	0,811010599999975	8,458927734	0,993933376048794	429,88909559384
38270,00195	0,812292099999979	8,470619141	0,993999596326995	430,483261726889
38280,00195	0,811040400000024	8,459777344	0,993778955404279	429,932273415663
38290,00195	0,810861499999987	8,456236328	0,993975381128234	429,75231630838
38300,00195	0,811457599999983	8,463119141	0,993899567375113	430,102106062916
38310,00195	0,811695999999984	8,464651367	0,994170409783028	430,179974945368
38320,00195	0,811517200000026	8,463585938	0,994139954275343	430,12582903898
38330,00195	0,812619900000016	8,473418945	0,993874141116399	430,625549880571
38340,00195	0,812113199999999	8,469806641	0,993840053428905	430,441969863292
38350,00195	0,811934399999984	8,468219727	0,993821146492927	430,36132169538
38360,00195	0,812441100000001	8,472398438	0,994084816545778	430,573686944148
38370,00195	0,812917900000002	8,47609668	0,993946787712731	430,761634395487
38380,00195	0,81142779999999	8,460869141	0,994091336868563	429,987759363724
38390,00195	0,812619900000016	8,473634766	0,99405315097819	430,636518066778
38400,00195	0,813454299999989	8,482324219	0,993979199317251	431,078122630482
38410,00195	0,811964199999977	8,467890625	0,993825151691202	430,344596483204
38420,00195	0,81276889999998	8,47365332	0,993850949968333	430,63746099507
38430,00195	0,812500699999987	8,473704102	0,993981155414087	430,640041774661
38440,00195	0,812083400000006	8,470314453	0,994083419476617	430,46777725263
38450,00195	0,812590100000023	8,475625	0,993854862162004	430,737663261676
38460,00195	0,811845000000005	8,468291992	0,994052777959724	430,364994257255
38470,00195	0,812619900000016	8,475134766	0,993904131601062	430,712749199573
38480,00195	0,812113199999999	8,470351563	0,994283850398847	430,469663210855
38490,00195	0,811129800000003	8,459998047	0,994029214793242	429,943489708797
38500,00195	0,811457599999983	8,46100293	0,993943900569805	429,994558621741
38510,00195	0,811845000000005	8,463851563	0,994079229269183	430,139328302079
38520,00195	0,811517200000026	8,458126953	0,993907018743989	429,848399298674
38530,00195	0,811934399999984	8,465886719	0,993997641230209	430,242756466941
38540,00195	0,811845000000005	8,463759766	0,993886528729641	430,134663109214
38550,00195	0,811785400000019	8,462860352	0,993905714679432	430,0889542105
38560,00195	0,812292099999979	8,467878906	0,993883361572853	430,344000914774
38570,00195	0,812947699999995	8,475770508	0,993919685371044	430,745058088123
38580,00195	0,811189399999989	8,458932617	0,994138650210786	429,889343751588
38590,00195	0,811785400000019	8,464588867	0,994006395663593	430,176798648168
38600,00195	0,811457599999983	8,460479492	0,99416565954787	429,967957107283
38610,00195	0,81253049999998	8,468451172	0,994181213317851	430,373083905067
38620,00195	0,812262299999986	8,465777344	0,994010027843402	430,237197946841
38630,00195	0,813096700000017	8,477767578	0,994265409485939	430,846550693703
38640,00195	0,812500699999987	8,472753906	0,994027630714823	430,591752096356
38650,00195	0,81253049999998	8,47334668	0,994186242566821	430,621877318697
38660,00195	0,811964199999977	8,467382813	0,993990468875145	430,318789093866
38670,00195	0,812172799999985	8,467145508	0,993893234061585	430,306729074554
38680,00195	0,812500699999987	8,470121094	0,993917450260396	430,457950602226
38690,00195	0,811695999999984	8,463024414	0,993773088113821	430,097291965239
38700,00195	0,812113199999999	8,465584961	0,993836607258304	430,227420897494
38710,00195	0,812292099999979	8,467173828	0,994117322154952	430,308168318341
38720,00195	0,812441100000001	8,469754883	0,993923969583132	430,439339482645
38730,00195	0,812172799999985	8,469404297	0,994002949492992	430,421522437363
38740,00195	0,812500699999987	8,470291016	0,993751946067195	430,46658616659
38750,00195	0,813245699999982	8,480186523	0,994120861330157	430,969483305382
38760,00195	0,812828500000023	8,472699219	0,993889229863359	430,588972861717
38770,00195	0,812172799999985	8,469496094	0,994118532214855	430,426187630228
38780,00195	0,812351700000022	8,468567383	0,994226105540218	430,378989835849
38790,00195	0,812381500000015	8,469014648	0,993987768741476	430,401720180922
38800,00195	0,811964199999977	8,467983398	0,994105213555522	430,349311277126
38810,00195	0,81253049999998	8,471729492	0,994226478558684	430,539690603242
38820,00195	0,813096700000017	8,475295898	0,994065816605196	430,720938049499
38830,00195	0,811964199999977	8,464196289	0,993871906005751	430,156847537734
38840,00195	0,812441100000001	8,46949707	0,994083606485875	430,426237231285
38850,00195	0,812351700000022	8,469605469	0,994048027724566	430,431746150328
38860,00195	0,812679500000002	8,474412109	0,993993357018121	430,676023225085
38870,00195	0,811755600000026	8,462408203	0,993783425625575	430,065975656858
38880,00195	0,812441100000001	8,469076172	0,994063768503806	430,404846877065
38890,00195	0,81142779999999	8,45850293	0,993771132016986	429,86750673375
38900,00195	0,812262299999986	8,466978516	0,993968488787032	430,298242415002
38910,00195	0,811874799999998	8,463248047	0,993884200614389	430,108657163186
38920,00195	0,812500699999987	8,470043945	0,993790410971381	430,454029831783
38930,00195	0,812441100000001	8,472845703	0,994151595851653	430,596417289221
38940,00195	0,812679500000002	8,474885742	0,993900406416649	430,700093611831
38950,00195	0,811547000000019	8,461272461	0,994023067488923	430,00825639071
38960,00195	0,812351700000022	8,467962891	0,993744215684507	430,348269095899
38970,00195	0,812590100000023	8,469686523	0,994158954215926	430,43586537582
38980,00195	0,81276889999998	8,474676758	0,994091522877772	430,689472887127
38990,00195	0,812917900000002	8,47640918	0,994187733640636	430,777515881486
39000,00195	0,812709299999995	8,472414063	0,993933376048794	430,574481018448
39010,00195	0,813424499999996	8,478822266	0,994037503203555	430,90015073436
39020,00195	0,812917900000002	8,476766602	0,994260287232365	430,79568033745
39030,00195	0,812947699999995	8,475791016	0,993974263072885	430,746100320171
39040,00195	0,812858300000016	8,47515332	0,993934308094934	430,713692127865
39050,00195	0,813245699999982	8,477563477	0,994130919828098	430,836178126747
39060,00195	0,812590100000023	8,471927734	0,994260659250781	430,549765411394
39070,00195	0,813096700000017	8,475758789	0,994036386148256	430,744462519693
39080,00195	0,812262299999986	8,469651367	0,994155974068395	430,43407872135
39090,00195	0,81276889999998	8,472737305	0,994267644596587	430,590908420999
39100,00195	0,812590100000023	8,468144531	0,994172179870655	430,357500177873
39110,00195	0,812441100000001	8,467282227	0,994106424615475	430,313677237384
39120,00195	0,811636399999998	8,461484375	0,994042253438713	430,019026020227
39130,00195	0,812709299999995	8,469928711	0,994003881539132	430,448173552879
39140,00195	0,813156300000003	8,476081055	0,994115738076533	430,760840321187
39150,00195	0,811874799999998	8,463458008	0,994026233645662	430,119327539767
39160,00195	0,81202380000002	8,465077148	0,994000714382344	430,201613457336
39170,00195	0,811219199999982	8,459641602	0,994072149918723	429,925374904711
39180,00195	0,811934399999984	8,464793945	0,993861009466323	430,187220867002
39190,00195	0,812590100000023	8,47302832	0,99426131128306	430,605698023073
39200,00195	0,811785400000019	8,464833984	0,994138091183112	430,189255679219
39210,00195	0,812590100000023	8,46869043	0,993979106312647	430,385243177314
39220,00195	0,811755600000026	8,460286133	0,994119836279412	429,958130456879
39230,00195	0,811934399999984	8,464191406	0,994200865290712	430,156599379987
39240,00195	0,811636399999998	8,463856445	0,994072149918723	430,139576409005
39250,00195	0,811934399999984	8,465079102	0,994225174494127	430,201712761092
39260,00195	0,811547000000019	8,459335938	0,993846572751641	429,909840829395
39270,00195	0,811129800000003	8,455482422	0,993848528848477	429,714002236113
39280,00195	0,81202380000002	8,466195313	0,994083978504291	430,25843944707
39290,00195	0,813096700000017	8,476349609	0,993981900450969	430,774488438278
39300,00195	0,811874799999998	8,468704102	0,994139581256877	430,385937998679
39310,00195	0,811695999999984	8,463462891	0,993910836933006	430,119575697515
39320,00195	0,811457599999983	8,457920898	0,994148522699519	429,837927427962
39330,00195	0,811457599999983	8,458631836	0,994149360741006	429,874057834019
39340,00195	0,811964199999977	8,464271484	0,993899847388975	430,160669004421
39350,00195	0,811845000000005	8,461955078	0,994052498945912	430,04294750216
39360,00195	0,812500699999987	8,46825	0,993956195178443	430,362860192102
39370,00195	0,812172799999985	8,463600586	0,994072708946398	430,126573461402
39380,00195	0,811368200000004	8,453625977	0,993953587049329	429,619656299233
39390,00195	0,81110000000001	8,452477539	0,994161189326574	429,561291812776
39400,00195	0,811964199999977	8,462808594	0,994128591712845	430,086323829852
39410,00195	0,811547000000019	8,456459961	0,993869484885894	429,763681506327
39420,00195	0,811517200000026	8,457456055	0,994051101876751	429,814303755654
39430,00195	0,811785400000019	8,456833008	0,99395498411849	429,782640036591
39440,00195	0,811636399999998	8,457999023	0,994055106074977	429,841897799461
39450,00195	0,812500699999987	8,46703418	0,993904783633341	430,30107130152
39460,00195	0,811964199999977	8,462646484	0,993806710778294	430,078085277227
39470,00195	0,811457599999983	8,456138672	0,993934960127213	429,747353356711
39480,00195	0,811517200000026	8,455527344	0,994144797515105	429,716285206078
39490,00195	0,81110000000001	8,452335938	0,994143493450548	429,55409554302
39500,00195	0,811547000000019	8,457418945	0,993912234002168	429,812417797429
39510,00195	0,811874799999998	8,461693359	0,994139581256877	430,029646744931
39520,00195	0,811695999999984	8,460435547	0,994248644656005	429,965723789195
39530,00195	0,81089129999998	8,451616211	0,993751294034917	429,517518473344
39540,00195	0,811338400000011	8,454142578	0,994134272994094	429,645910352188
39550,00195	0,811040400000024	8,451793945	0,994115273053512	429,526551049449
39560,00195	0,812172799999985	8,459779297	0,993942969523714	429,932372668598
39570,00195	0,810801900000001	8,448555664	0,99390590068864	429,36197916349
39580,00195	0,812381500000015	8,464499023	0,994095714085255	430,172232708238
39590,00195	0,811695999999984	8,457949219	0,994043464498666	429,83936672257
39600,00195	0,812500699999987	8,468637695	0,99398488159855	430,382563144788
39610,00195	0,811368200000004	8,456155273	0,9940430914802	429,748197032068
39620,00195	0,811785400000019	8,457513672	0,993956381187651	429,817231895106
39630,00195	0,811785400000019	8,459671875	0,994232904876815	429,926913401433
39640,00195	0,810861499999987	8,449311523	0,993867714798267	429,400392488692
39650,00195	0,811874799999998	8,458980469	0,993893514075447	429,891775626366
39660,00195	0,811606600000005	8,455544922	0,994090777840889	429,717178533313
39670,00195	0,811219199999982	8,453014648	0,994094689034511	429,588588097779
39680,00195	0,811964199999977	8,455819336	0,993923317550853	429,731124460029
39690,00195	0,811278800000025	8,451390625	0,994086586633405	429,506054022463
39700,00195	0,812262299999986	8,45824707	0,994229085687748	429,854503735326
39710,00195	0,811278800000025	8,449734375	0,993952282984772	429,421882146669
39720,00195	0,811457599999983	8,450957031	0,994039552304995	429,484018447934
39730,00195	0,811010599999975	8,449674805	0,993978361275764	429,418854754282
39740,00195	0,81142779999999	8,452513672	0,993981714441761	429,563128119124
39750,00195	0,81202380000002	8,458424805	0,99409925326046	429,86353636225
39760,00195	0,811845000000005	8,454397461	0,994096832140604	429,658863698734
39770,00195	0,811606600000005	8,450958008	0,994059670300926	429,484068099812
39780,00195	0,812202599999978	8,456493164	0,994037690212813	429,765368907862
39790,00195	0,810861499999987	8,443201172	0,993897425269069	429,089859836357
39800,00195	0,812113199999999	8,456335938	0,994043650507875	429,757378563806
39810,00195	0,812709299999995	8,462865234	0,994158674202064	430,089202317426
39820,00195	0,81276889999998	8,464132813	0,994035361097511	430,153621639478
39830,00195	0,81142779999999	8,453276367	0,993809597921221	429,601888855008
39840,00195	0,81253049999998	8,466713867	0,993907856785476	430,28479275296
39850,00195	0,812381500000015	8,463995117	0,994049983821402	430,14662382477
39860,00195	0,812292099999979	8,463535156	0,993995778137977	430,123248259389
39870,00195	0,811845000000005	8,458433594	0,994009375811123	429,863983025868
39880,00195	0,81202380000002	8,462146484	0,994088355720983	430,052674899629
39890,00195	0,81202380000002	8,461237305	0,993975940155908	430,00646973624
39900,00195	0,812292099999979	8,464730469	0,994095714085255	430,183994968745
39910,00195	0,812351700000022	8,464322266	0,993927881776803	430,163249784012
39920,00195	0,811368200000004	8,456074219	0,994050542849076	429,744077806576
39930,00195	0,812441100000001	8,463706055	0,994030890876215	430,131933475631
39940,00195	0,812083400000006	8,462625	0,993851322986799	430,076993444123
39950,00195	0,811874799999998	8,460098633	0,994015151097026	429,948601565279
39960,00195	0,811695999999984	8,457249023	0,99378901390222	429,803782233064
39970,00195	0,812202599999978	8,462603516	0,994044768563223	430,075901611018
39980,00195	0,812709299999995	8,467144531	0,994132037883446	430,306679422676
39990,00195	0,811755600000026	8,458652344	0,994065630595988	429,875100066067
40000,00195	0,811964199999977	8,461924805	0,993929091836706	430,041409005438
40010,00195	0,812709299999995	8,4686875	0,994141816367525	430,385094272501
40020,00195	0,811934399999984	8,461119141	0,993946787712731	430,000464552523
40030,00195	0,811785400000019	8,459167969	0,993921641467879	429,901304517965
40040,00195	0,811547000000019	8,458879883	0,994030797871611	429,886663769884
40050,00195	0,811755600000026	8,46105957	0,99399698919793	429,997437109315
40060,00195	0,812113199999999	8,460982422	0,993953215030912	429,993516389694
40070,00195	0,812381500000015	8,464798828	0,994018690272231	430,18746902475
40080,00195	0,812292099999979	8,46234668	0,994103816486361	430,062849011536
40090,00195	0,812083400000006	8,461630859	0,993865106669153	430,026470447731
40100,00195	0,811695999999984	8,456239258	0,994101395366504	429,752465213193
40110,00195	0,811129800000003	8,453005859	0,994115925085791	429,588141434162
40120,00195	0,811457599999983	8,453869141	0,994019528313718	429,632014077349
40130,00195	0,812619900000016	8,46672168	0,994046817664663	430,285189815521
40140,00195	0,811755600000026	8,458354492	0,994085468578057	429,85996300249
40150,00195	0,811785400000019	8,45972168	0,994061998416178	429,929444529146
40160,00195	0,812113199999999	8,461704102	0,993818073340792	430,030192712304
40170,00195	0,811874799999998	8,458882813	0,99394743974501	429,886812674696
40180,00195	0,810712500000022	8,448575195	0,993938592307022	429,36297174366
40190,00195	0,811189399999989	8,45255957	0,994320546215455	429,565460690146
40200,00195	0,811755600000026	8,45500293	0,994054547047302	429,689634090563
40210,00195	0,81089129999998	8,448886719	0,993978082261952	429,378803628602
40220,00195	0,812083400000006	8,459648438	0,993926484707641	429,925722315394
40230,00195	0,810593299999994	8,447422852	0,99395954834444	429,304408802155
40240,00195	0,811785400000019	8,460283203	0,993974170068281	429,957981552066
40250,00195	0,811457599999983	8,454803711	0,993990841893611	429,679509630533
40260,00195	0,81110000000001	8,452154297	0,993995778137977	429,544864410225
40270,00195	0,811457599999983	8,452695313	0,993881406476066	429,572359251918
40280,00195	0,811278800000025	8,451181641	0,994114248002767	429,495433297759
40290,00195	0,810801900000001	8,447486328	0,99408463053657	429,307634700412
40300,00195	0,810950999999989	8,449397461	0,994101861389574	429,404759922752
40310,00195	0,811040400000024	8,45144043	0,994012542967912	429,508585150175
40320,00195	0,81142779999999	8,454063477	0,994160816308108	429,641890379631
40330,00195	0,811636399999998	8,454583008	0,993929278845964	429,668293337399
40340,00195	0,811636399999998	8,457572266	0,993897146255256	429,820209686436
40350,00195	0,811338400000011	8,452712891	0,993817328303909	429,573252579153
40360,00195	0,811517200000026	8,455257813	0,994066003614454	429,702587437109
40370,00195	0,811040400000024	8,451515625	0,99400769972815	429,512406616862
40380,00195	0,811368200000004	8,449873047	0,993854489143538	429,428929562433
40390,00195	0,811606600000005	8,452512695	0,994072336927981	429,563078467246
40400,00195	0,810772100000008	8,445436523	0,993862219526226	429,203462062306
40410,00195	0,811219199999982	8,452143555	0,994074572038629	429,544318493673
40420,00195	0,810861499999987	8,44565918	0,994060415337809	429,214777659196
40430,00195	0,810593299999994	8,444389648	0,9940385282543	429,15025908421
40440,00195	0,809967500000027	8,43997168	0,994187733640636	428,925734614016
40450,00195	0,811785400000019	8,452623047	0,994006581672801	429,568686639223
40460,00195	0,811517200000026	8,45084668	0,994207291608844	429,478410326778
40470,00195	0,811338400000011	8,45078125	0,994012635972516	429,475085124765
40480,00195	0,811338400000011	8,450097656	0,994068052715893	429,440344361437
40490,00195	0,811129800000003	8,448783203	0,99388969488638	429,373542867307
40500,00195	0,81202380000002	8,457508789	0,993955170127699	429,816983737358
40510,00195	0,81202380000002	8,456077148	0,993976406178978	429,744226660568
40520,00195	0,811457599999983	8,451018555	0,993819563414557	429,487145144077
40530,00195	0,811457599999983	8,450317383	0,993950047874124	429,451511053514
40540,00195	0,810444300000029	8,443078125	0,994005836635918	429,083606494893
40550,00195	0,811368200000004	8,448143555	0,994050356839868	429,341035472887
40560,00195	0,813037099999974	8,467762695	0,994081464379831	430,338094983991
40570,00195	0,811278800000025	8,446969727	0,993843219585644	429,281380647457
40580,00195	0,81202380000002	8,455373047	0,994118346205647	429,708443716014
40590,00195	0,81110000000001	8,446734375	0,993982180464831	429,269419881079
40600,00195	0,810474100000022	8,442051758	0,994055758107255	429,031445748844
40610,00195	0,811755600000026	8,451060547	0,993997175207138	429,489279209229
40620,00195	0,81142779999999	8,448469727	0,994134272994094	429,357611780251
40630,00195	0,810474100000022	8,438958008	0,993863244576971	428,874219037455
40640,00195	0,811785400000019	8,450097656	0,994272673845558	429,440344361437
40650,00195	0,81142779999999	8,447322266	0,994176464082743	429,299296945673
40660,00195	0,811695999999984	8,451128906	0,994141164335247	429,492753265234
40670,00195	0,811010599999975	8,443556641	0,993899940393579	429,107925039386
40680,00195	0,811189399999989	8,447795898	0,994014033041677	429,323367281598
40690,00195	0,811040400000024	8,447899414	0,994064978563709	429,328628042893
40700,00195	0,811457599999983	8,452666992	0,993877028259325	429,57091995731
40710,00195	0,811964199999977	8,456211914	0,994047748710754	429,751075570463
40720,00195	0,811189399999989	8,449361328	0,994027817724081	429,402923616405
40730,00195	0,811845000000005	8,454694336	0,993906087697898	429,673951110433
40740,00195	0,81142779999999	8,449103516	0,994007606723545	429,389821415866
40750,00195	0,812113199999999	8,455296875	0,993995406119561	429,704572597449
40760,00195	0,811785400000019	8,451164063	0,9938764702317	429,494539970524
40770,00195	0,811517200000026	8,451301758	0,994106610624683	429,501537734411
40780,00195	0,811636399999998	8,450192383	0,993851602000611	429,445158459115
40790,00195	0,811606600000005	8,447551758	0,993963273528853	429,310959902424
40800,00195	0,811695999999984	8,450792969	0,993897798287535	429,475680693195
40810,00195	0,81142779999999	8,447110352	0,993974636091351	429,288527316156
40820,00195	0,811755600000026	8,450888672	0,994129708768145	429,48054439193
40830,00195	0,812262299999986	8,458958008	0,994146566602683	429,890634141383
40840,00195	0,812500699999987	8,460100586	0,993925180643084	429,948700818214
40850,00195	0,811457599999983	8,450682617	0,994042067429505	429,470072521218
40860,00195	0,81202380000002	8,458160156	0,994025581613383	429,850086700208
40870,00195	0,812590100000023	8,462683594	0,993903200554971	430,079971235453
40880,00195	0,81202380000002	8,458703125	0,994136880123159	429,877680794837
40890,00195	0,811755600000026	8,455943359	0,994092360919259	429,737427402551
40900,00195	0,81202380000002	8,458669922	0,993910091896124	429,875993393302
40910,00195	0,811606600000005	8,455171875	0,994088914748658	429,698220003049
40920,00195	0,812619900000016	8,462071289	0,99411089583682	430,048853432942
40930,00195	0,811636399999998	8,45462207	0,993882337522158	429,670278497738
40940,00195	0,811695999999984	8,455157227	0,994170223773819	429,697475580627
40950,00195	0,811695999999984	8,454344727	0,993876097213234	429,65618371703
40960,00195	0,813007299999981	8,466723633	0,993981900450969	430,285289068456
40970,00195	0,812351700000022	8,462207031	0,994019155295252	430,055751943894
40980,00195	0,81276889999998	8,465867188	0,993969978860797	430,241763886771
40990,00195	0,811755600000026	8,456585938	0,994070007812679	429,770083752605
41000,00195	0,812709299999995	8,463510742	0,993855421189678	430,122007521472
41010,00195	0,813037099999974	8,468478516	0,994249203683679	430,374473547797
41020,00195	0,811219199999982	8,450826172	0,993849273885359	429,47736809473
41030,00195	0,813424499999996	8,473563477	0,994228806673936	430,632895105961
41040,00195	0,812500699999987	8,465337891	0,994022694470457	430,214864613508
41050,00195	0,813096700000017	8,472242188	0,994091336868563	430,565746201148
41060,00195	0,81253049999998	8,463353516	0,993779514431953	430,114017177415
41070,00195	0,811785400000019	8,453724609	0,994108194703102	429,624668851959
41080,00195	0,811547000000019	8,449875977	0,994075690093978	429,429078467246
41090,00195	0,811278800000025	8,447977539	0,993918381306487	429,332598414392
41100,00195	0,811189399999989	8,445974609	0,99409422401149	429,230807999187
41110,00195	0,811189399999989	8,447155273	0,993867342779851	429,2908102353
41120,00195	0,811695999999984	8,452970703	0,994069449785055	429,586354779692
41130,00195	0,81142779999999	8,450353516	0,994101861389574	429,453347359862
41140,00195	0,811219199999982	8,447745117	0,994104189504827	429,320786552828
41150,00195	0,812441100000001	8,459520508	0,993913725075982	429,919220816181
41160,00195	0,810950999999989	8,44531543	0,993969233823915	429,197308024597
41170,00195	0,812381500000015	8,459485352	0,993998106253229	429,917434161712
41180,00195	0,810801900000001	8,443913086	0,993879822397648	429,126039843472
41190,00195	0,811785400000019	8,453742188	0,993822264548276	429,625562230015
41200,00195	0,812709299999995	8,464661133	0,994025861627245	430,180471260863
41210,00195	0,811934399999984	8,45325	0,994065630595988	429,600548864156
41220,00195	0,811457599999983	8,452106445	0,993823940631249	429,542432535447
41230,00195	0,811934399999984	8,453824219	0,994102233407991	429,629731107384
41240,00195	0,812917900000002	8,464942383	0,994158209179043	430,194764598262
41250,00195	0,811368200000004	8,448730469	0,994034616060629	429,370862885602
41260,00195	0,812292099999979	8,457581055	0,994108194703102	429,820656350053
41270,00195	0,811874799999998	8,455020508	0,994202914392152	429,690527417797
41280,00195	0,812262299999986	8,458376953	0,993980596386412	429,861104487473
41290,00195	0,811964199999977	8,456117188	0,99398944482445	429,746261523606
41300,00195	0,812202599999978	8,456291992	0,994225546512543	429,755145194898
41310,00195	0,810861499999987	8,443450195	0,994037783217417	429,102515373278
41320,00195	0,810861499999987	8,440486328	0,99399195994896	428,951889414037
41330,00195	0,812113199999999	8,452495117	0,994092733937725	429,562185140011
41340,00195	0,811219199999982	8,445527344	0,993827200792642	429,208077654114
41350,00195	0,811845000000005	8,452860352	0,994218003139112	429,580746658535
41360,00195	0,810950999999989	8,445442383	0,993994195059608	429,203759871932
41370,00195	0,811755600000026	8,455088867	0,994132316897259	429,694001473802
41380,00195	0,811547000000019	8,450625	0,993912514016029	429,467144381766
41390,00195	0,811547000000019	8,450673828	0,993862778553901	429,4696258576
41400,00195	0,810593299999994	8,443958008	0,993889508877172	429,128322813437
41410,00195	0,810801900000001	8,442762695	0,993856911263444	429,067576104081
41420,00195	0,811129800000003	8,445510742	0,994012076944841	429,207233927936
41430,00195	0,810772100000008	8,440121094	0,993873210070308	428,933327946333
41440,00195	0,810146299999985	8,436277344	0,994018876281439	428,737985668547
41440,88086	0,809460800000011	8,430077148	0,994069821803471	428,422887025461
41450,00195	0,811845000000005	8,447583984	0,993947067726593	429,312597652081
41460,00195	0,811278800000025	8,446039063	0,993997175207138	429,234083600142
41470,00195	0,81142779999999	8,448610352	0,993816489262373	429,364758448951
41480,00195	0,811934399999984	8,453569336	0,994185777543801	429,616777760837
41490,00195	0,811368200000004	8,447431641	0,994130546809632	429,304855465772
41500,00195	0,812172799999985	8,454003906	0,993991027902819	429,638862936423
41510,00195	0,811695999999984	8,449597656	0,99406637563287	429,414933983839
41520,00195	0,811368200000004	8,44737793	0,994203473419826	429,30212583219
41530,00195	0,810444300000029	8,436577148	0,993961503441226	428,753221934238
41540,00195	0,811964199999977	8,452870117	0,994077645190764	429,58124292321
41550,00195	0,812113199999999	8,455494141	0,994102047398783	429,714597804543
41560,00195	0,811189399999989	8,445693359	0,993772715095355	429,216514661788
41570,00195	0,810682699999973	8,438254883	0,993870136918173	428,838485693957
41580,00195	0,811845000000005	8,45075	0,993930488905867	429,473496976165
41590,00195	0,812351700000022	8,454	0,994044302540153	429,638664430553
41600,00195	0,81089129999998	8,441859375	0,9939357981687	429,021668699497
41610,00195	0,810801900000001	8,441378906	0,994015151097026	428,997250902068
41620,00195	0,811606600000005	8,447107422	0,994036572157464	429,288378411343
41630,00195	0,811517200000026	8,448000977	0,993997827239417	429,333789551253
41640,00195	0,811040400000024	8,444361328	0,993929278845964	429,148819840423
41650,00195	0,811547000000019	8,449564453	0,994117601168764	429,413246582304
41660,00195	0,811368200000004	8,44559082	0,993989630833658	429,211303552371
41670,00195	0,811338400000011	8,445374023	0,993870136918173	429,200285765107
41680,00195	0,811010599999975	8,443748047	0,993977057211207	429,117652436855
41690,00195	0,812351700000022	8,457037109	0,994132688915675	429,793012603547
41700,00195	0,811219199999982	8,445801758	0,993963087519645	429,22202358083
41710,00195	0,810950999999989	8,439216797	0,993982925501714	428,887370889871
41720,00195	0,811129800000003	8,443083984	0,993991027902819	429,083904253697
41730,00195	0,811129800000003	8,441439453	0,994022415456644	429,000327946333
41740,00195	0,811845000000005	8,447353516	0,994078483232251	429,300885094272
41750,00195	0,810593299999994	8,437274414	0,99409627311293	428,788657518931
41760,00195	0,812202599999978	8,454186523	0,994191085806584	429,648143670275
41770,00195	0,811845000000005	8,449238281	0,993997454220951	429,39667027494
41780,00195	0,81253049999998	8,456963867	0,993843033576436	429,789290389795
41790,00195	0,811517200000026	8,446952148	0,993924994633876	429,280487269401
41800,00195	0,811695999999984	8,447885742	0,993829155889428	429,327933221528
41810,00195	0,812262299999986	8,452994141	0,993966067667176	429,587545916552
41820,00195	0,811964199999977	8,452337891	0,994163983464896	429,554194795955
41830,00195	0,811636399999998	8,448911133	0,993878425328486	429,380044366519
41840,00195	0,811189399999989	8,443791992	0,993901244458136	429,119885754942
41850,00195	0,811755600000026	8,448888672	0,994049517798332	429,378902881537
41860,00195	0,812351700000022	8,453902344	0,993846945770107	429,633701478884
41870,00195	0,81202380000002	8,451	0,993743563652228	429,486202164964
41880,00195	0,810950999999989	8,439306641	0,993770013961637	428,891936829801
41890,00195	0,811547000000019	8,444	0,994150105777888	429,130456878589
41900,00195	0,81089129999998	8,437280273	0,993887459775732	428,788955277735
41910,00195	0,810801900000001	8,438311523	0,994124772523779	428,841364181532
41920,00195	0,811845000000005	8,446458984	0,993976592188187	429,255424302485
41930,00195	0,811785400000019	8,450271484	0,994092453923863	429,449178431672
41940,00195	0,812292099999979	8,453798828	0,993886528729641	429,628440717589
41950,00195	0,812292099999979	8,452839844	0,994024184544222	429,579704426488
41960,00195	0,812351700000022	8,455423828	0,994007233705079	429,711024444783
41970,00195	0,812679500000002	8,455259766	0,993742725610741	429,702686690044
41980,00195	0,811785400000019	8,448095703	0,994012169949446	429,338603598109
41990,00195	0,811785400000019	8,447960938	0,993966533690246	429,331754739035
42000,00195	0,811934399999984	8,449630859	0,994186242566821	429,416621385374
42010,00195	0,812113199999999	8,453475586	0,99388764578494	429,612013315038
42020,00195	0,812172799999985	8,454981445	0,993813323105634	429,688542206637
42030,00195	0,813186099999996	8,462087891	0,994154856013046	430,04969715912
42040,00195	0,81253049999998	8,458751953	0,994067027665149	429,880162270671
42050,00195	0,811934399999984	8,452798828	0,993974636091351	429,577619962393
42060,00195	0,812590100000023	8,457095703	0,993925832675363	429,795990394877
42070,00195	0,81336490000001	8,465282227	0,993985905649245	430,212035726991
42080,00195	0,812858300000016	8,460128906	0,993799259409418	429,950140062001
42090,00195	0,811636399999998	8,449698242	0,99403396402835	429,420045840321
42100,00195	0,813007299999981	8,463041016	0,99411042981375	430,098135691416
42110,00195	0,812619900000016	8,457874023	0,994025023585758	429,835545205062
42120,00195	0,812500699999987	8,456595703	0,994119836279412	429,770580017279
42130,00195	0,812083400000006	8,451757813	0,994074106015559	429,524714793922
42140,00195	0,811636399999998	8,443948242	0,994061626397762	429,127826497942
42150,00195	0,81253049999998	8,452902344	0,99409422401149	429,582880723688
42160,00195	0,812947699999995	8,457697266	0,994074665043233	429,826562280836
42170,00195	0,81202380000002	8,448143555	0,993973984059073	429,341035472887
42180,00195	0,811845000000005	8,449109375	0,994140606307622	429,390119174671
42190,00195	0,812441100000001	8,453953125	0,994162772404943	429,636282207654
42200,00195	0,812292099999979	8,452260742	0,993972400980703	429,550274025512
42210,00195	0,81253049999998	8,456517578	0,99411704214109	429,766609645779
42220,00195	0,811636399999998	8,445321289	0,994016734175395	429,197605783402
42230,00195	0,81110000000001	8,440787109	0,993827665815663	428,967175331605
42240,00195	0,812590100000023	8,453838867	0,994047096678475	429,630475529806
42250,00195	0,812113199999999	8,45237793	0,993974263072885	429,556229608172
42260,00195	0,811874799999998	8,447413086	0,994197606129369	429,303912486659
42270,00195	0,811338400000011	8,442375977	0,99406637563287	429,047922803273
42280,00195	0,812500699999987	8,452235352	0,993847317788524	429,548983686538
42290,00195	0,811845000000005	8,448484375	0,99408006731067	429,358356202673
42300,00195	0,811129800000003	8,442568359	0,993834279143052	429,057699801799
42310,00195	0,812441100000001	8,453606445	0,993966905708663	429,618663668242
42320,00195	0,812709299999995	8,458506836	0,994200120253829	429,86770523962
42330,00195	0,812828500000023	8,45790918	0,994117415159556	429,837331910352
42340,00195	0,812113199999999	8,450466797	0,9940385282543	429,459104385831
42350,00195	0,811636399999998	8,444049805	0,994124865528383	429,132988006302
42360,00195	0,811547000000019	8,444192383	0,994125424556057	429,140233927936
42370,00195	0,811517200000026	8,442959961	0,993886807743454	429,077601311175
42380,00195	0,812292099999979	8,449885742	0,994045047577036	429,42957473192
42390,00195	0,811547000000019	8,447083008	0,994068797752776	429,287137673426
42400,00195	0,811874799999998	8,446864258	0,994277331076112	429,276020633227
42410,00195	0,81202380000002	8,450637695	0,994174973008928	429,467789551253
42420,00195	0,81142779999999	8,442552734	0,993967650745545	429,056905727499
42430,00195	0,812351700000022	8,451636719	0,994027071687149	429,518560705392
42440,00195	0,811934399999984	8,447538086	0,994204404465917	429,310265081059
42450,00195	0,812381500000015	8,451616211	0,994190992801979	429,517518473344
42460,00195	0,811129800000003	8,440517578	0,994047934719962	428,953477562637
42470,00195	0,811755600000026	8,444980469	0,994067307679011	429,180285053616
42480,00195	0,812679500000002	8,455015625	0,99390888183622	429,69027926005
42490,00195	0,811695999999984	8,443513672	0,994151130828633	429,105741322356
42500,00195	0,811010599999975	8,437952148	0,993904503619479	428,823100472633
42510,00195	0,81253049999998	8,451517578	0,994015709124651	429,512505869797
42520,00195	0,810772100000008	8,435564453	0,994023067488923	428,701756009554
42530,00195	0,81142779999999	8,439632813	0,994065071568313	428,908513137165
42540,00195	0,811278800000025	8,440291016	0,99410996379068	428,941963510698
42550,00195	0,812828500000023	8,45375293	0,994031356899286	429,626108146567
42560,00195	0,811368200000004	8,440711914	0,994032194940773	428,963353864918
42570,00195	0,811636399999998	8,442912109	0,994098601228182	429,075169436398
42580,00195	0,812113199999999	8,449905273	0,993932631011911	429,43056731209
42590,00195	0,811785400000019	8,446706055	0,993837073281375	429,267980637292
42600,00195	0,812679500000002	8,453938477	0,993984229566271	429,635537785231
42610,00195	0,812679500000002	8,45359375	0,994026792673336	429,618018498755
42620,00195	0,81142779999999	8,44022168	0,994092919946933	428,938439802815
42630,00195	0,812172799999985	8,447255859	0,993994195059608	429,295922091782
42640,00195	0,811547000000019	8,442022461	0,994019714322926	429,029956853179
42650,00195	0,811129800000003	8,435520508	0,993875725194818	428,699522691467
42660,00195	0,812083400000006	8,4430625	0,994034523056025	429,082812420593
42670,00195	0,811934399999984	8,445441406	0,994054361038094	429,203710220054
42680,00195	0,812858300000016	8,454249023	0,994262615347617	429,651319967475
42690,00195	0,813275499999975	8,459324219	0,994142934422874	429,909245260965
42700,00195	0,811934399999984	8,444787109	0,993931327947404	429,170458352391
42710,00195	0,812381500000015	8,445640625	0,993986278667711	429,213834680083
42720,00195	0,811129800000003	8,430640625	0,994066748651336	428,451523352137
42730,00195	0,812083400000006	8,440800781	0,994040390346482	428,96787015297
42740,00195	0,811547000000019	8,437416016	0,994182145363992	428,795853839508
42750,00195	0,812202599999978	8,443609375	0,994074386029421	429,110605021091
42760,00195	0,812381500000015	8,44525	0,994002670479179	429,193982822585
42770,00195	0,811278800000025	8,435069336	0,993899195356696	428,676593789704
42780,00195	0,812590100000023	8,448739258	0,993983111510922	429,37130954922
42790,00195	0,812590100000023	8,452651367	0,993974450082143	429,570125883011
42800,00195	0,81276889999998	8,45180957	0,994101861389574	429,527345123749
42810,00195	0,811874799999998	8,444049805	0,993971841953029	429,132988006302
42820,00195	0,812083400000006	8,443050781	0,994190713788167	429,082216852162
42830,00195	0,81202380000002	8,44528418	0,99402437155348	429,195719875997
42840,00195	0,812083400000006	8,444647461	0,994104189504827	429,16336133557
42850,00195	0,811755600000026	8,442228516	0,99405315097819	429,040428723891
42860,00195	0,811845000000005	8,44075293	0,993995964147186	428,965438329014
42870,00195	0,811606600000005	8,440023438	0,993905714679432	428,928364994664
42880,00195	0,811219199999982	8,435995117	0,993991400921285	428,72364267927
42890,00195	0,811964199999977	8,441146484	0,994040390346482	428,985439040504
42900,00195	0,812441100000001	8,446375	0,994006581672801	429,251156172181
42910,00195	0,81202380000002	8,441774414	0,993937381247069	429,017350917315
42920,00195	0,812917900000002	8,451879883	0,994229551710819	429,530918483509
42930,00195	0,812292099999979	8,443879883	0,993944832615945	429,124352441937
42940,00195	0,812172799999985	8,444042969	0,993956288183047	429,132640595619
42950,00195	0,812709299999995	8,449029297	0,994013008990982	429,386049550236
42960,00195	0,812619900000016	8,44981543	0,994089752790144	429,426001422981
42970,00195	0,811636399999998	8,439760742	0,994062650448457	428,915014585557
42980,00195	0,813603399999977	8,459433594	0,994051939918237	429,914803781064
42990,00195	0,813156300000003	8,456192383	0,9939803173726	429,750082990293
43000,00195	0,812709299999995	8,451680664	0,99438071319399	429,520794023479
43010,00195	0,812113199999999	8,447431641	0,994098880241994	429,304855465772
43020,00195	0,812381500000015	8,447723633	0,993965881657967	429,319694719724
43030,00195	0,811457599999983	8,437107422	0,994031356899286	428,780170859379
43040,00195	0,81202380000002	8,442641602	0,994051473895167	429,061422066372
43050,00195	0,811695999999984	8,438683594	0,99368358368295	428,860273110738
43060,00195	0,81253049999998	8,449207031	0,994118067191834	429,39508212634
43070,00195	0,813096700000017	8,454900391	0,994150105777888	429,684422981146
43080,00195	0,811934399999984	8,443188477	0,993624348750555	429,08921466687
43090,00195	0,812619900000016	8,450270508	0,994054920065768	429,449128830614
43100,00195	0,812083400000006	8,447665039	0,994131291846514	429,316716928394
43110,00195	0,813186099999996	8,454791992	0,994161003317365	429,678914062103
43120,00195	0,812441100000001	8,448920898	0,994013754027865	429,380540631194
43130,00195	0,812619900000016	8,450789063	0,99382850385715	429,475482187325
43140,00195	0,812947699999995	8,455658203	0,993882058508345	429,722935559282
43150,00195	0,813096700000017	8,455573242	0,994108752730727	429,7186177771
43160,00195	0,812679500000002	8,451914063	0,994067493688219	429,532655536921
43170,00195	0,813275499999975	8,457473633	0,994105213555522	429,815197082889
43180,00195	0,812381500000015	8,447882813	0,994106890638545	429,327784367536
43190,00195	0,812351700000022	8,449229492	0,993972027962237	429,396223611323
43200,00195	0,811338400000011	8,436847656	0,993787989851524	428,766969355085
43210,00195	0,813156300000003	8,454236328	0,994148988722589	429,650674797988
43220,00195	0,811785400000019	8,440771484	0,993768803901734	428,966381257306
43230,00195	0,811785400000019	8,442745117	0,994340850220594	429,066682776846
43240,00195	0,811874799999998	8,443811523	0,994071963909515	429,120878335112
43250,00195	0,812500699999987	8,449250977	0,993780166464232	429,397315495248
43260,00195	0,813037099999974	8,45265332	0,993952656003238	429,570225135946
43270,00195	0,812381500000015	8,447828125	0,994083419476617	429,325005082076
43280,00195	0,81276889999998	8,4526875	0,994015616120047	429,571962189358
43290,00195	0,812709299999995	8,453166016	0,994051194881355	429,596280733852
43300,00195	0,812441100000001	8,448150391	0,994171992861397	429,34138288357
43310,00195	0,812441100000001	8,448359375	0,994068145720497	429,352003608274
43320,00195	0,812351700000022	8,450823242	0,994098042200507	429,477219189917
43330,00195	0,812441100000001	8,448624023	0,994213997940837	429,365453219495
43340,00195	0,812441100000001	8,449354492	0,993965322630293	429,402576205722
43350,00195	0,812590100000023	8,450866211	0,994021670419762	429,479402906947
43360,00195	0,812500699999987	8,451464844	0,993940082380787	429,509825888093
43370,00195	0,812917900000002	8,454125977	0,993889042854102	429,645066676831
43380,00195	0,811517200000026	8,437945313	0,993928533809081	428,822753112771
43390,00195	0,811695999999984	8,442091797	0,993824219645062	429,033480561061
43400,00195	0,811457599999983	8,439258789	0,993992797990447	428,889504955024
43410,00195	0,812113199999999	8,445688477	0,993970444883867	429,216266554861
43420,00195	0,811338400000011	8,43837793	0,993998665280904	428,844739035422
43430,00195	0,811606600000005	8,442555664	0,994012542967912	429,057054632312
43440,00195	0,812351700000022	8,450177734	0,993967650745545	429,444413985872
43450,00195	0,81253049999998	8,45027832	0,994186336571475	429,449525842354
43460,00195	0,812858300000016	8,453609375	0,99410838071231	429,618812573055
43470,00195	0,813007299999981	8,455507813	0,99404057735574	429,715292625908
43480,00195	0,812381500000015	8,45009375	0,99406935678045	429,440145855567
43490,00195	0,812590100000023	8,45296875	0,994277331076112	429,586255526757
43500,00195	0,812381500000015	8,450358398	0,993897425269069	429,453595466789
43510,00195	0,812202599999978	8,446222656	0,994041135383364	429,243413935051
43520,00195	0,812679500000002	8,452833984	0,99380363662611	429,579406616862
43530,00195	0,811785400000019	8,445115234	0,993895376167629	429,18713391269
43540,00195	0,811338400000011	8,439759766	0,99385430313433	428,9149649845
43550,00195	0,812500699999987	8,449275391	0,994220517263573	429,398556233166
43560,00195	0,812441100000001	8,450930664	0,994108752730727	429,482678457082
43570,00195	0,812083400000006	8,446280273	0,993993263013467	429,246342074503
43580,00195	0,812381500000015	8,448336914	0,994222380355804	429,350862123291
43590,00195	0,812441100000001	8,446070313	0,993993822041142	429,235671748742
43600,00195	0,811755600000026	8,441302734	0,99371050001543	428,993379783504
43610,00195	0,81202380000002	8,443292969	0,994018876281439	429,094525029222
43620,00195	0,811040400000024	8,435311523	0,99404560660471	428,688901915942
43630,00195	0,811934399999984	8,442203125	0,994065258577571	429,039138334096
43640,00195	0,812113199999999	8,443579102	0,99423644405202	429,109066524369
43650,00195	0,812351700000022	8,446666992	0,994145914570405	429,265995426132
43660,00195	0,812083400000006	8,446397461	0,993893421070843	429,252297657163
43670,00195	0,812858300000016	8,452927734	0,993744308689111	429,584171062662
43680,00195	0,812292099999979	8,447370117	0,994016734175395	429,30172876963
43690,00195	0,812292099999979	8,44647168	0,99421977222669	429,256069522793
43700,00195	0,812113199999999	8,444966797	0,9941868945991	429,179590232251
43710,00195	0,812858300000016	8,458385742	0,994120302302482	429,86155115109
43720,00195	0,812947699999995	8,452109375	0,994015709124651	429,54258144026
43730,00195	0,811934399999984	8,445150391	0,994172644893676	429,18892061798
43740,00195	0,812917900000002	8,452280273	0,993958151275279	429,551266605682
43750,00195	0,812262299999986	8,442820313	0,994004719580619	429,070504294354
43760,00195	0,811517200000026	8,437397461	0,993930581910471	428,794910860395
43770,00195	0,812828500000023	8,450411133	0,994106517620079	429,456275499314
43780,00195	0,813037099999974	8,454397461	0,994022601465852	429,658863698734
43790,00195	0,812500699999987	8,449171875	0,993988233764497	429,393295471871
43800,00195	0,811755600000026	8,442043945	0,993905155651758	429,031048686283
43810,00195	0,811845000000005	8,44109668	0,994270997762584	428,982907963612
43820,00195	0,811964199999977	8,442350586	0,993874048111795	429,046632413478
43830,00195	0,812262299999986	8,444860352	0,993954425090816	429,174180616964
43840,00195	0,813454299999989	8,457851563	0,994023719521201	429,8344037709
43850,00195	0,812292099999979	8,447609375	0,99418279739627	429,313888041876
43860,00195	0,81253049999998	8,448196289	0,993953867063191	429,343715454592
43870,00195	0,812381500000015	8,448100586	0,993825616714223	429,338851755857
43880,00195	0,812947699999995	8,4524375	0,994073733997142	429,559257000559
43890,00195	0,812172799999985	8,445799805	0,993973425031398	429,221924327896
43900,00195	0,812947699999995	8,453608398	0,994187733640636	429,618762921177
43910,00195	0,812679500000002	8,450643555	0,994082395425922	429,468087360878
43920,00195	0,813186099999996	8,456338867	0,994206360562753	429,757527417797
43930,00195	0,812441100000001	8,448869141	0,993854676152796	429,377910301367
43940,00195	0,811934399999984	8,44431543	0,994127566662101	429,146487269401
43950,00195	0,811785400000019	8,445183594	0,994054361038094	429,190608019515
43960,00195	0,811695999999984	8,443131836	0,994177022110368	429,086336128475
43970,00195	0,813007299999981	8,454854492	0,993919871380252	429,682090359303
43980,00195	0,812172799999985	8,448847656	0,994143493450548	429,376818417442
43990,00195	0,813603399999977	8,461711914	0,994151595851653	430,030589724043
44000,00195	0,812292099999979	8,450234375	0,99412207139006	429,447292524267
44010,00195	0,812292099999979	8,448650391	0,993954891113886	429,366793261168
44020,00195	0,812828500000023	8,45247168	0,9938992883613	429,560994053972
44030,00195	0,812083400000006	8,443704102	0,99403396402835	429,115419118768
44040,00195	0,812619900000016	8,449703125	0,994232624862953	429,420293998069
44050,00195	0,81276889999998	8,453774414	0,993909253854637	429,627199979672
44060,00195	0,81253049999998	8,452098633	0,994047375692288	429,542035523708
44070,00195	0,813156300000003	8,457148438	0,994048865766053	429,798670427403
44080,00195	0,813096700000017	8,45494043	0,994023253498131	429,686457793363
44090,00195	0,813782199999991	8,462542969	0,994035548106769	430,072824566753
44100,00195	0,812947699999995	8,454524414	0,994151130828633	429,665315546069
44110,00195	0,81202380000002	8,446944336	0,99412914974047	429,280090257661
44120,00195	0,812917900000002	8,453894531	0,994057528194882	429,633304416324
44130,00195	0,811874799999998	8,443183594	0,993786126759293	429,088966509122
44140,00195	0,813037099999974	8,454849609	0,994132688915675	429,681842201555
44150,00195	0,813096700000017	8,458491211	0,993904690628737	429,86691116532
44160,00195	0,813037099999974	8,458922852	0,994196674083228	429,888847486914
44170,00195	0,812947699999995	8,458832031	0,993996151156443	429,884231895106
44180,00195	0,813186099999996	8,458645508	0,994028841774776	429,874752655384
44190,00195	0,813603399999977	8,462522461	0,994192482875745	430,071782334706
44200,00195	0,812351700000022	8,452071289	0,993985905649245	429,540645880978
44210,00195	0,81336490000001	8,459844727	0,993884572632806	429,93569787061
44220,00195	0,81336490000001	8,461689453	0,993931606961216	430,029448239061
44230,00195	0,812709299999995	8,456992188	0,993843219585644	429,790729684403
44240,00195	0,813186099999996	8,459431641	0,99415448299458	429,914704528129
44250,00195	0,812590100000023	8,453989258	0,99412710163908	429,638118514001
44260,00195	0,81366300000002	8,463131836	0,994036851171277	430,102751232403
44270,00195	0,813335100000018	8,459466797	0,994011983940237	429,916491182599
44280,00195	0,812858300000016	8,454920898	0,993930581910471	429,685465162372
44290,00195	0,813245699999982	8,460388672	0,993923224546249	429,963341566296
44300,00195	0,814020599999992	8,468204102	0,994116018090395	430,36052762108
44310,00195	0,813096700000017	8,459427734	0,993924342601598	429,914505971439
44320,00195	0,813275499999975	8,458520508	0,994202169355269	429,868400060985
44330,00195	0,812858300000016	8,456384766	0,994081836398248	429,75986003964
44340,00195	0,813037099999974	8,458257813	0,994097483172833	429,855049702699
44350,00195	0,812083400000006	8,449761719	0,994054547047302	429,423271789399
44360,00195	0,812619900000016	8,45305957	0,993930488905867	429,590871067744
44370,00195	0,812590100000023	8,452067383	0,993847131779315	429,540447375108
44380,00195	0,812500699999987	8,451719727	0,994023626516597	429,522779234639
44390,00195	0,812679500000002	8,452294922	0,993857656300326	429,552011078925
44400,00195	0,811785400000019	8,445272461	0,994121885380852	429,195124307567
44410,00195	0,812083400000006	8,445235352	0,993714784227517	429,193238400163
44420,00195	0,81142779999999	8,437567383	0,993917357255792	428,80354642476
44430,00195	0,81142779999999	8,437913086	0,994011238903355	428,821115312294
44440,00195	0,81202380000002	8,444799805	0,993935053131817	429,171103572699
44450,00195	0,81202380000002	8,443888672	0,993861195475531	429,124799105555
44460,00195	0,81202380000002	8,445742188	0,99415746414216	429,218996188443
44470,00195	0,812113199999999	8,446151367	0,994074944057046	429,239790974234
44480,00195	0,811755600000026	8,442571289	0,993811926036473	429,057848706612
44490,00195	0,812202599999978	8,444341797	0,994113037942864	429,147827260253
44500,00195	0,812858300000016	8,455133789	0,993818631368417	429,696284443767
44510,00195	0,812917900000002	8,452678711	0,993952562998634	429,571515525741
44520,00195	0,811338400000011	8,436212891	0,993984136561667	428,734710118412
44530,00195	0,811934399999984	8,441801758	0,994034151037608	429,018740560045
44540,00195	0,812083400000006	8,444490234	0,994138091183112	429,155370940692
44550,00195	0,811785400000019	8,441375977	0,993930675915125	428,997102048076
44560,00195	0,811845000000005	8,440071289	0,994141630358317	428,930796818621
44570,00195	0,811785400000019	8,440571289	0,994125983583731	428,956207196219
44580,00195	0,811934399999984	8,441830078	0,993940548403858	429,020179803832
44590,00195	0,810444300000029	8,427868164	0,99408965978554	428,310624790364
44600,00195	0,811755600000026	8,438708008	0,993970444883867	428,861513848656
44610,00195	0,812381500000015	8,447088867	0,994067213674357	429,287435432231
44620,00195	0,811219199999982	8,436835938	0,994119184247134	428,766373837475
44630,00195	0,811785400000019	8,441472656	0,994088355720983	429,002015347868
44640,00195	0,810950999999989	8,43212793	0,993967278727129	428,527109315444
44650,00195	0,812292099999979	8,445544922	0,994142189385991	429,208970981349
44660,00195	0,812500699999987	8,449871094	0,994064233526826	429,428830309498
44670,00195	0,811934399999984	8,445764648	0,993946601703523	429,220137622605
44680,00195	0,811845000000005	8,443407227	0,993760886509787	429,100331707069
44690,00195	0,812590100000023	8,449640625	0,994009841834193	429,417117700869
44700,00195	0,812858300000016	8,451088867	0,994257586098647	429,490718453016
44710,00195	0,812262299999986	8,444864258	0,993924528610806	429,174379122834
44720,00195	0,811368200000004	8,436924805	0,993882896549832	428,770890125527
44730,00195	0,811547000000019	8,442920898	0,994337311045389	429,075616100015
44740,00195	0,811845000000005	8,442512695	0,994080160315274	429,054870915282
44750,00195	0,81202380000002	8,444308594	0,994144610505848	429,146139858718
44760,00195	0,811368200000004	8,438764648	0,994188105659053	428,86439233623
44770,00195	0,811547000000019	8,443077148	0,993953867063191	429,083556843015
44780,00195	0,81276889999998	8,450631836	0,994138650210786	429,467491792448
44790,00195	0,812500699999987	8,453619141	0,99388261653597	429,61930888855
44800,00195	0,81253049999998	8,449292969	0,993760421486767	429,3994495604
44810,00195	0,81142779999999	8,44040332	0,993926297698384	428,947670884789
44820,00195	0,81276889999998	8,451738281	0,994104562523293	429,523722162931
44830,00195	0,812113199999999	8,443642578	0,994158767206668	429,112292422625
44840,00195	0,810801900000001	8,430835938	0,993806616773641	428,461449306297
44850,00195	0,811964199999977	8,44322168	0,993966346680988	429,090902068405
44860,00195	0,811040400000024	8,433683594	0,994001738433039	428,606169334756
44870,00195	0,812828500000023	8,450959961	0,99389174398782	429,484167352747
44880,00195	0,812083400000006	8,443325195	0,994226105540218	429,096162778879
44890,00195	0,812500699999987	8,449273438	0,994102047398783	429,398456980231
44900,00195	0,812381500000015	8,446246094	0,994003974543736	429,244605071911
44910,00195	0,812917900000002	8,454362305	0,993975940155908	429,657077044265
44920,00195	0,813424499999996	8,457301758	0,994011983940237	429,806462265589
44930,00195	0,812292099999979	8,444358398	0,994043650507875	429,14867093561
44940,00195	0,812500699999987	8,447375	0,99414991976868	429,301976927377
44950,00195	0,811964199999977	8,441599609	0,993881778494483	429,008467195203
44960,00195	0,81202380000002	8,441629883	0,993935705164095	429,010005742745
44970,00195	0,812590100000023	8,448761719	0,994155228031463	429,372451034202
44980,00195	0,813007299999981	8,450930664	0,993954705104678	429,482678457082
44990,00195	0,812858300000016	8,449910156	0,993990189861333	429,430815469838
45000,00195	0,812679500000002	8,445396484	0,994034709065233	429,201427250089
45010,00195	0,812619900000016	8,447949219	0,994011890935633	429,331159170605
45020,00195	0,812262299999986	8,446561523	0,993944925620549	429,260635411902
45030,00195	0,811338400000011	8,434772461	0,99413324794335	428,661506378005
45040,00195	0,811636399999998	8,439777344	0,994028282747101	428,915858311735
45050,00195	0,811606600000005	8,440193359	0,993844337640993	428,937000508208
45060,00195	0,813186099999996	8,453891602	0,993950140878728	429,633155562332
45070,00195	0,813156300000003	8,454147461	0,994129522758936	429,646158509936
45080,00195	0,812262299999986	8,445911133	0,993973518036002	429,22758210093
45090,00195	0,812351700000022	8,449387695	0,993909346859241	429,404263607257
45100,00195	0,813752399999998	8,461513672	0,9939757541467	430,020514915892
45110,00195	0,813096700000017	8,455178711	0,993969978860797	429,698567413732
45120,00195	0,812917900000002	8,451514648	0,99405724818102	429,512356964985
45130,00195	0,811755600000026	8,440269531	0,994088355720983	428,940871626772
45140,00195	0,812590100000023	8,447947266	0,994122258399318	429,33105991767
45150,00195	0,812262299999986	8,44740332	0,994140978326038	429,303416171164
45160,00195	0,812828500000023	8,452788086	0,993906459716314	429,57707404584
45170,00195	0,812858300000016	8,453185547	0,993875725194818	429,597273314021
45180,00195	0,812858300000016	8,452230469	0,993906459716314	429,54873552879
45190,00195	0,812202599999978	8,445774414	0,994043464498666	429,2206339381
45200,00195	0,813275499999975	8,454973633	0,994219958235898	429,688145194898
45210,00195	0,812619900000016	8,450635742	0,994071684895703	429,467690298318
45220,00195	0,812619900000016	8,449951172	0,994000528373135	429,432899933933
45230,00195	0,813096700000017	8,456568359	0,994101209357296	429,769190374549
45240,00195	0,812917900000002	8,453029297	0,993962807505783	429,589332571022
45250,00195	0,813037099999974	8,453338867	0,993995685133373	429,605065152208
45260,00195	0,812441100000001	8,447854492	0,994184939502314	429,326345072928
45270,00195	0,812292099999979	8,447676758	0,993954798109282	429,317312496824
45280,00195	0,813245699999982	8,455341797	0,994212041844002	429,706855567414
45290,00195	0,812709299999995	8,450884766	0,994243987425451	429,48034588606
45300,00195	0,814080199999978	8,464879883	0,994098229209765	430,191588301062
45310,00195	0,813275499999975	8,455491211	0,994258983167808	429,714448899731
45320,00195	0,81276889999998	8,451138672	0,994110149799888	429,493249580729
45330,00195	0,812262299999986	8,445883789	0,994091801891584	429,2261924582
45340,00195	0,813037099999974	8,451342773	0,994048400743032	429,503622147685
45350,00195	0,812351700000022	8,445102539	0,9941640764695	429,186488743203
45360,00195	0,811636399999998	8,439914063	0,99413529704479	428,922806474564
45370,00195	0,812828500000023	8,451253906	0,993865758701432	429,499105859633
45380,00195	0,813156300000003	8,455847656	0,993971655943821	429,732563703817
45390,00195	0,812083400000006	8,444734375	0,993891185960195	429,167778370687
45400,00195	0,812709299999995	8,45075	0,994045420595502	429,473496976165
45410,00195	0,811755600000026	8,442335938	0,993995406119561	429,045887991056
45420,00195	0,812262299999986	8,445819336	0,993916425209651	429,222916908065
45430,00195	0,812709299999995	8,450055664	0,994335913976228	429,438210296285
45440,00195	0,814110000000028	8,467347656	0,994077180167743	430,317002388575
45450,00195	0,812292099999979	8,449628906	0,993908136799338	429,416522132439
45460,00195	0,812947699999995	8,455956055	0,994045978623127	429,738072622859
45470,00195	0,813841799999977	8,464746094	0,994110243804542	430,184789043045
45480,00195	0,813692800000013	8,464223633	0,9940602293286	430,158237180464
45490,00195	0,813037099999974	8,455609375	0,993970817902334	429,720454083448
45500,00195	0,81276889999998	8,453208984	0,994001459419226	429,598464400061
45510,00195	0,813186099999996	8,453869141	0,993946508698919	429,632014077349
45520,00195	0,812679500000002	8,452163086	0,994121419357782	429,545311073843
45530,00195	0,812590100000023	8,453661133	0,994095900094464	429,621442953702
45540,00195	0,811517200000026	8,439800781	0,994107169652357	428,917049397774
45550,00195	0,813096700000017	8,454371094	0,993855421189678	429,657523707882
45560,00195	0,813037099999974	8,456021484	0,994149360741006	429,741397774051
45570,00195	0,81253049999998	8,452123047	0,99407093985882	429,543276261625
45580,00195	0,812351700000022	8,451217773	0,993938964325438	429,497269553286
45590,00195	0,81202380000002	8,448166992	0,994132502906467	429,342226558927
45600,00195	0,812947699999995	8,454070313	0,994076528135465	429,642237790314
45610,00195	0,812172799999985	8,442234375	0,993779328422745	429,040726482696
45620,00195	0,813096700000017	8,453163086	0,994184007456174	429,596131829039
45630,00195	0,811040400000024	8,432496094	0,994087610684101	428,545819687961
45640,00195	0,811964199999977	8,439998047	0,994328556612005	428,927074604869
45650,00195	0,812947699999995	8,452658203	0,993909533868499	429,570473293693
45660,00195	0,813454299999989	8,458436523	0,993982459478644	429,86413187986
45670,00195	0,813245699999982	8,458638672	0,994106890638545	429,874405244702
45680,00195	0,812947699999995	8,452048828	0,993798700381744	429,539504395995
45690,00195	0,813096700000017	8,45584668	0,993994195059608	429,73251410276
45700,00195	0,812351700000022	8,448725586	0,993982087460227	429,370614727855
45710,00195	0,811874799999998	8,442865234	0,993883734591319	429,072787213498
45720,00195	0,812828500000023	8,451351563	0,993874979157885	429,504068862123
45730,00195	0,811964199999977	8,441867188	0,993865293678411	429,022065762057
45740,00195	0,811934399999984	8,439955078	0,993855514194283	428,924890887839
45750,00195	0,811606600000005	8,438139648	0,9940830474582	428,832629364232
45760,00195	0,812590100000023	8,446680664	0,993954239081608	429,266690247497
45770,00195	0,811457599999983	8,436958984	0,994130546809632	428,772627128119
45780,00195	0,812351700000022	8,443201172	0,993871719996542	429,089859836357
45790,00195	0,811934399999984	8,437967773	0,993937381247069	428,823894546933
45800,00195	0,812292099999979	8,441944336	0,993904503619479	429,025986481679
45810,00195	0,811219199999982	8,43096582	0,994036944175881	428,468050007623
45820,00195	0,811189399999989	8,432079102	0,993858960364883	428,52462783961
45830,00195	0,812619900000016	8,444573242	0,9939757541467	429,15958946994
45840,00195	0,812590100000023	8,444730469	0,993799911441697	429,167579864817
45850,00195	0,812500699999987	8,445223633	0,993759769454488	429,192642831732
45860,00195	0,811874799999998	8,439803711	0,994019900332134	428,917198302587
45870,00195	0,812292099999979	8,442373047	0,994028748770172	429,04777389846
45880,00195	0,81202380000002	8,438442383	0,994016548166187	428,848014585557
45890,00195	0,811695999999984	8,434990234	0,993924062587736	428,672573766326
45900,00195	0,812202599999978	8,441950195	0,993866690747572	429,026284240484
45910,00195	0,812858300000016	8,447786133	0,993957778256813	429,322871016923
45920,00195	0,812113199999999	8,440709961	0,993924248596944	428,963254611984
45930,00195	0,812947699999995	8,45068457	0,994086307619593	429,470171774153
45940,00195	0,812262299999986	8,445813477	0,994096645131346	429,222619149261
45950,00195	0,812113199999999	8,445573242	0,994029214793242	429,210410225136
45960,00195	0,812828500000023	8,44796582	0,993937009228653	429,332002845962
45970,00195	0,813007299999981	8,452067383	0,994002670479179	429,540447375108
45980,00195	0,812679500000002	8,44859668	0,994167149621635	429,364063627585
45990,00195	0,812679500000002	8,44694043	0,994040390346482	429,279891751791
46000,00195	0,812679500000002	8,448584961	0,994224522461848	429,363468059155
46010,00195	0,812947699999995	8,449341797	0,994045047577036	429,401931036235
46020,00195	0,812083400000006	8,441686523	0,994035268092907	429,01288423032
46030,00195	0,813245699999982	8,449538086	0,993890719937125	429,411906591452
46040,00195	0,813245699999982	8,451679688	0,994059111273252	429,520744422422
46050,00195	0,812500699999987	8,441632813	0,993910650923798	429,010154647558
46060,00195	0,813454299999989	8,451103516	0,993988606782963	429,491462926259
46070,00195	0,812858300000016	8,447847656	0,993942038477623	429,325997662245
46080,00195	0,813007299999981	8,449013672	0,994038807268112	429,385255475936
46090,00195	0,813096700000017	8,448423828	0,994207757631914	429,355279158408
46100,00195	0,813424499999996	8,449019531	0,994018876281439	429,385553234741
46110,00195	0,813573599999984	8,453185547	0,994115273053512	429,597273314021
46120,00195	0,813603399999977	8,452016602	0,993942038477623	429,537866646338
46130,00195	0,81366300000002	8,456145508	0,99390133746274	429,747700767393
46140,00195	0,813156300000003	8,451150391	0,994258703153946	429,493845149159
46150,00195	0,813692800000013	8,453866211	0,993935239141025	429,631865172536
46160,00195	0,81336490000001	8,451243164	0,993982925501714	429,498559943081
46170,00195	0,813513999999998	8,45290332	0,994361806258012	429,582930324745
46180,00195	0,813156300000003	8,453649414	0,993950140878728	429,620847385272
46190,00195	0,812858300000016	8,449145508	0,994089752790144	429,391955481019
46200,00195	0,813096700000017	8,452508789	0,994191644834258	429,562879961376
46210,00195	0,812828500000023	8,445800781	0,993946508698919	429,221973928953
46220,00195	0,813573599999984	8,452695313	0,993842567553366	429,572359251918
46230,00195	0,813275499999975	8,452216797	0,994134831021719	429,548040707425
46240,00195	0,814348400000029	8,46465625	0,994010027843402	430,180223103115
46242,44727	0,815421300000025	8,480146484	0,994388163562817	430,967448493165
46250,00195	0,813990799999999	8,462452148	0,994107355661565	430,068208974945
46260,00195	0,813275499999975	8,456329102	0,993893886093864	429,757031153123
46270,00195	0,812619900000016	8,450130859	0,993945577652828	429,442031762972
46280,00195	0,812858300000016	8,450574219	0,993981248418691	429,464563652996
46290,00195	0,812917900000002	8,450454102	0,994114061993559	429,458459216344
46300,00195	0,812351700000022	8,44355957	0,994091801891584	429,108073893378
46310,00195	0,811934399999984	8,439442383	0,993787616833058	428,898835340753
46320,00195	0,812858300000016	8,44959375	0,993935984177908	429,414735477969
46330,00195	0,812619900000016	8,447266602	0,993974636091351	429,296468059155
46340,00195	0,812947699999995	8,449016602	0,994090777840889	429,385404380749
46350,00195	0,811845000000005	8,43806543	0,993887087757316	428,828857549423
46360,00195	0,812113199999999	8,442830078	0,993863430586179	429,071000559028
46370,00195	0,812292099999979	8,444696289	0,99425013472977	429,165842811404
46380,00195	0,811636399999998	8,437886719	0,994153085925419	428,819775321441
46390,00195	0,812351700000022	8,445552734	0,994051566899771	429,209367993088
46397,17773	0,810772100000008	8,430140625	0,994042346443317	428,426112974539
46400,00195	0,812172799999985	8,442803711	0,994141630358317	429,069660568176
46410,00195	0,812113199999999	8,439220703	0,994186615585288	428,887569395741
46420,00195	0,81202380000002	8,439290039	0,993966905708663	428,891093103624
46430,00195	0,812351700000022	8,44494043	0,993779141413487	429,178250241399
46440,00195	0,813454299999989	8,457125977	0,994390585682723	429,79752894242
46450,00195	0,811845000000005	8,438639648	0,993910278905381	428,858039741831
46460,00195	0,811547000000019	8,43400293	0,993872837051842	428,622398231438
46470,00195	0,810772100000008	8,427757813	0,99405016983061	428,305016669208
46480,00195	0,810712500000022	8,42544043	0,993926949730662	428,187245515068
46490,00195	0,81142779999999	8,433368164	0,994302291311755	428,590138943945
46500,00195	0,810593299999994	8,426791016	0,993928533809081	428,255883315546
46510,00195	0,811368200000004	8,432380859	0,994228247646261	428,539963358236
46520,00195	0,811040400000024	8,429771484	0,993971003911542	428,407352950145
46530,00195	0,811934399999984	8,438714844	0,994150943819375	428,861861259338
46540,00195	0,812709299999995	8,444587891	0,994002297460713	429,160333943182
46550,00195	0,811278800000025	8,433204102	0,993995778137977	428,581801189206
46560,00195	0,812351700000022	8,442609375	0,993937661260931	429,059784265894
46570,00195	0,812500699999987	8,447250977	0,993894445121538	429,295673984855
46580,00195	0,811368200000004	8,434731445	0,993883361572853	428,65942191391
46590,00195	0,811874799999998	8,43949707	0,99397118992075	428,901614575393
46600,00195	0,811636399999998	8,436944336	0,994128218694379	428,771882705697
46610,00195	0,811547000000019	8,436331055	0,99394129344074	428,740715302129
46620,00195	0,811547000000019	8,435941406	0,993964297579548	428,720913045688
46630,00195	0,811457599999983	8,435525391	0,99412663561601	428,699770849215
46640,00195	0,81142779999999	8,43362207	0,993837073281375	428,603042638614
46650,00195	0,811785400000019	8,435925781	0,994003322511458	428,720118971388
46660,00195	0,811606600000005	8,435600586	0,993995219110303	428,703592315902
46670,00195	0,811606600000005	8,433363281	0,994082488430526	428,589890786197
46680,00195	0,811457599999983	8,435408203	0,994190061755889	428,693815266555
46690,00195	0,812172799999985	8,441222656	0,993996151156443	428,989310159069
46700,00195	0,81276889999998	8,447255859	0,993988513778359	429,295922091782
46710,00195	0,812172799999985	8,440921875	0,994030517857749	428,9740242415
46720,00195	0,811695999999984	8,439743164	0,994108752730727	428,914121258322
46730,00195	0,811785400000019	8,43784082	0,993842940571832	428,817442699598
46740,00195	0,811368200000004	8,433619141	0,994078297223042	428,602893784622
46750,00195	0,811964199999977	8,438176758	0,994104189504827	428,834515322458
46760,00195	0,812113199999999	8,439357422	0,994039459300391	428,894517558571
46770,00195	0,81110000000001	8,429526367	0,993843219585644	428,394895919093
46780,00195	0,811845000000005	8,438454102	0,993912421011425	428,848610153987
46790,00195	0,81253049999998	8,443756836	0,993952096975564	429,118099100473
46800,00195	0,811517200000026	8,433763672	0,993906273707106	428,610238959191
46810,00195	0,811934399999984	8,436640625	0,993731828071264	428,756447883316
46820,00195	0,812083400000006	8,438182617	0,994101674380317	428,834813081262
46830,00195	0,812083400000006	8,43840918	0,994029679816263	428,846327184022
46840,00195	0,812828500000023	8,447958008	0,994140978326038	429,331605834223
46850,00195	0,813186099999996	8,453295898	0,994149733759472	429,602881435178
46860,00195	0,81202380000002	8,443641602	0,993971841953029	429,112242821568
46870,00195	0,811934399999984	8,440787109	0,994177209119625	428,967175331605
46880,00195	0,813186099999996	8,451363281	0,994075783098582	429,504664379733
46890,00195	0,81253049999998	8,444431641	0,994170316778423	429,152393200183
46900,00195	0,811517200000026	8,434229492	0,993862592544693	428,633912283377
46910,00195	0,811040400000024	8,428845703	0,993902361513435	428,360304060578
46920,00195	0,811964199999977	8,439022461	0,994015151097026	428,87749458759
46930,00195	0,813156300000003	8,44952832	0,993910278905381	429,411410275957
46940,00195	0,812381500000015	8,446129883	0,994043184484804	429,238699141129
46950,00195	0,813335100000018	8,458804688	0,994107635675427	429,882842303197
46960,00195	0,81253049999998	8,45134082	0,994172644893676	429,50352289475
46970,00195	0,813096700000017	8,453666992	0,993994940096491	429,621740712507
46980,00195	0,812619900000016	8,450775391	0,994225081489522	429,47478736596
46990,00195	0,812083400000006	8,442947266	0,993821332502135	429,076956141688
47000,00195	0,812858300000016	8,451342773	0,994183542433153	429,503622147685
47010,00195	0,812441100000001	8,448401367	0,994009841834193	429,354137673426
47020,00195	0,812858300000016	8,451538086	0,994034151037608	429,513548101845
47030,00195	0,812292099999979	8,445464844	0,993735367246469	429,204901356914
47040,00195	0,812441100000001	8,445549805	0,994227875627845	429,209219139096
47050,00195	0,812172799999985	8,443878906	0,993879170365369	429,124302790059
47060,00195	0,812709299999995	8,450921875	0,993973518036002	429,482231793464
47070,00195	0,812441100000001	8,44784668	0,993895470172283	429,325948061188
47080,00195	0,813156300000003	8,454919922	0,994272301827141	429,685415561315
47090,00195	0,813186099999996	8,453660156	0,994249017674471	429,621393301824
47100,00195	0,812679500000002	8,447619141	0,994210737779445	429,314384357372
47110,00195	0,812619900000016	8,446512695	0,994267085568913	429,258153936067
47120,00195	0,812917900000002	8,450308594	0,993788827893011	429,451064389897
47130,00195	0,811695999999984	8,436376953	0,993909812882311	428,743047873151
47140,00195	0,81253049999998	8,444494141	0,994045047577036	429,155569497383
47150,00195	0,813573599999984	8,455305664	0,993942317491435	429,705019261066
47160,00195	0,813424499999996	8,452328125	0,993791715035938	429,553698480459
47170,00195	0,812500699999987	8,445338867	0,994189968751284	429,198499110637
47180,00195	0,813156300000003	8,450144531	0,993915121145094	429,442726584337
47190,00195	0,812709299999995	8,446889648	0,994136415100138	429,277310972201
47200,00195	0,813007299999981	8,451158203	0,993932818021169	429,494242160899
47210,00195	0,813245699999982	8,454	0,994130267795819	429,638664430553
47220,00195	0,813454299999989	8,455930664	0,994089380771728	429,736782233064
47230,00195	0,812828500000023	8,447663086	0,993856166226561	429,316617675459
47240,00195	0,81202380000002	8,442702148	0,993813323105634	429,064499059816
47250,00195	0,813096700000017	8,453733398	0,994078949255321	429,625115515577
47260,00195	0,81276889999998	8,448405273	0,993973518036002	429,354336179296
47270,00195	0,813752399999998	8,458226563	0,994006395663593	429,853461554099
47280,00195	0,81336490000001	8,454720703	0,99419807115239	429,675291101286
47290,00195	0,81276889999998	8,448441406	0,993946322689711	429,356172485643
47300,00195	0,812828500000023	8,449193359	0,994021670419762	429,394387304975
47310,00195	0,812292099999979	8,443435547	0,994242125333269	429,101770950856
47320,00195	0,812351700000022	8,443342773	0,994281894302012	429,097056106114
47330,00195	0,812202599999978	8,441817383	0,994129894777353	429,019534634345
47340,00195	0,812500699999987	8,445882813	0,994087424674892	429,226142857143
47350,00195	0,813037099999974	8,452933594	0,993959920362856	429,584468872287
47360,00195	0,812262299999986	8,44415625	0,993982645487852	429,138397621589
47370,00195	0,812679500000002	8,446433594	0,994103630477152	429,254133963511
47380,00195	0,812619900000016	8,443814453	0,993950233883332	429,121027239925
47390,00195	0,812590100000023	8,442498047	0,993956381187651	429,05412649286
47400,00195	0,812441100000001	8,442200195	0,99419602205095	429,038989429283
47410,00195	0,812947699999995	8,445311523	0,994016454161533	429,197109467907
47420,00195	0,812828500000023	8,444813477	0,994052311936654	429,171798394064
47430,00195	0,813156300000003	8,448791992	0,994147963671844	429,373989530924
47440,00195	0,812262299999986	8,439416992	0,994251904817398	428,897544950958
47450,00195	0,811845000000005	8,435091797	0,994037317194347	428,677735274686
47460,00195	0,812500699999987	8,439992188	0,993714132195239	428,926776846064
47470,00195	0,812292099999979	8,439008789	0,993872465033425	428,876799766225
47480,00195	0,812709299999995	8,440574219	0,993863803604646	428,956356101032
47490,00195	0,812351700000022	8,437324219	0,993965136621085	428,791188646643
47500,00195	0,812172799999985	8,437014648	0,994008630774241	428,775456014636
47510,00195	0,812590100000023	8,442493164	0,994132502906467	429,053878335112
47520,00195	0,811934399999984	8,436958008	0,994064420536084	428,772577527062
47530,00195	0,813096700000017	8,448710938	0,99402232245204	429,369870305433
47540,00195	0,813096700000017	8,446931641	0,994078483232251	429,279445088174
47550,00195	0,812202599999978	8,437976563	0,993866690747572	428,824341261371
47560,00195	0,81202380000002	8,438789063	0,993962900510387	428,865633124968
47570,00195	0,812292099999979	8,441396484	0,993914842131282	428,998144229303
47580,00195	0,812172799999985	8,441444336	0,994035734115978	429,000576104081
47590,00195	0,811517200000026	8,430650391	0,993979386326509	428,452019667632
47600,00195	0,812590100000023	8,440860352	0,994051939918237	428,970897596178
47610,00195	0,81142779999999	8,430314453	0,993858122323397	428,434947044773
47620,00195	0,813007299999981	8,445629883	0,994076248121603	429,213288763531
47630,00195	0,811636399999998	8,434993164	0,994032753968447	428,672722671139
47640,00195	0,811964199999977	8,437204102	0,994267830605796	428,785084209991
47650,00195	0,812113199999999	8,435277344	0,994065723600592	428,687164913351
47660,00195	0,811517200000026	8,433438477	0,993942783514506	428,593712303705
47670,00195	0,811755600000026	8,434787109	0,994223125392687	428,662250800427
47680,00195	0,81202380000002	8,436679688	0,994066003614454	428,758433094476
47690,00195	0,812172799999985	8,43965625	0,99393877831623	428,909704223205
47700,00195	0,811129800000003	8,429851563	0,993864827655341	428,4114226254
47710,00195	0,81142779999999	8,431015625	0,994015337106234	428,470581135336
47720,00195	0,812381500000015	8,439329102	0,994475805901506	428,893078314784
47730,00195	0,81202380000002	8,437738281	0,99414535554273	428,812231590181
47740,00195	0,811338400000011	8,430085938	0,994142655409062	428,423333739899
47750,00195	0,811874799999998	8,434148438	0,993938685311626	428,629793057885
47760,00195	0,811695999999984	8,432676758	0,994002670479179	428,555001168877
47770,00195	0,812679500000002	8,445963867	0,994360409188851	429,230262082635
47780,00195	0,812113199999999	8,436470703	0,994140233289156	428,747812318951
47790,00195	0,812262299999986	8,437064453	0,994099812288135	428,777987142349
47800,00195	0,811129800000003	8,427951172	0,99406088036083	428,314843319612
47810,00195	0,81202380000002	8,433612305	0,993875818199422	428,602546373939
47820,00195	0,811785400000019	8,436755859	0,994065537591383	428,76230416222
47830,00195	0,812202599999978	8,435670898	0,994284223417313	428,707165624841
47840,00195	0,81110000000001	8,427362305	0,993892489024703	428,284916653961
47850,00195	0,811695999999984	8,433810547	0,993761073519045	428,612621182091
47860,00195	0,811517200000026	8,431844727	0,994064233526826	428,512716725111
47870,00195	0,812292099999979	8,439382813	0,994225639517147	428,895807948366
47880,00195	0,812441100000001	8,44053418	0,993861754503206	428,954321288814
47890,00195	0,813156300000003	8,450369141	0,994011424912563	429,454141434162
47900,00195	0,813156300000003	8,448091797	0,994075317075512	429,33840509224
47910,00195	0,811636399999998	8,434071289	0,993913631071329	428,625872287442
47920,00195	0,812828500000023	8,445368164	0,99406386150841	429,199988006302
47930,00195	0,812262299999986	8,438958984	0,9937737401461	428,874268638512
47940,00195	0,812351700000022	8,439349609	0,994259542195482	428,894120496011
47950,00195	0,812590100000023	8,441776367	0,993923969583132	429,017450170249
47960,00195	0,812709299999995	8,441423828	0,994100371315809	428,999533872033
47970,00195	0,81202380000002	8,43825293	0,993938685311626	428,838386441023
47980,00195	0,81276889999998	8,445582031	0,993884386623597	429,210856888753
47990,00195	0,811636399999998	8,432944336	0,994138929224599	428,568599684911
48000,00195	0,812441100000001	8,43896875	0,994089194762519	428,874764954007
48010,00195	0,812292099999979	8,438825195	0,994086120610335	428,867469380495
48020,00195	0,812381500000015	8,437029297	0,994066003614454	428,776200487879
48030,00195	0,812917900000002	8,444617188	0,993775882252144	429,161822838847
48040,00195	0,81336490000001	8,452133789	0,994238958176481	429,543822178178
48050,00195	0,812679500000002	8,444523438	0,993833254092307	429,157058393048
48060,00195	0,813424499999996	8,450611328	0,993840053428905	429,466449560401
48070,00195	0,81253049999998	8,442246094	0,99404560660471	429,041322051126
48080,00195	0,813752399999998	8,452955078	0,993916612218909	429,585560705392
48090,00195	0,813096700000017	8,446207031	0,993939430348509	429,242619860751
48100,00195	0,813186099999996	8,445708008	0,993989537829054	429,217259135031
48110,00195	0,813692800000013	8,451998047	0,994082209416714	429,536923667226
48120,00195	0,813424499999996	8,448976563	0,994049983821402	429,383369568532
48130,00195	0,813335100000018	8,445543945	0,993858028318743	429,208921329471
48140,00195	0,813037099999974	8,445238281	0,994017479212278	429,193387254155
48150,00195	0,812709299999995	8,444071289	0,9941013023619	429,134079839406
48160,00195	0,81276889999998	8,440739258	0,994003974543736	428,964743507649
48170,00195	0,812917900000002	8,441479492	0,994022601465852	429,002362758551
48180,00195	0,814199400000007	8,455549805	0,994077366176952	429,717426691061
48190,00195	0,81253049999998	8,437012695	0,994018690272231	428,775356761701
48200,00195	0,812858300000016	8,440522461	0,994111546869049	428,953725720384
48210,00195	0,812292099999979	8,433962891	0,994268948661144	428,62036341922
48220,00195	0,812917900000002	8,440519531	0,994220703272781	428,953576815571
48230,00195	0,812947699999995	8,44278125	0,994080439329086	429,068519083194
48240,00195	0,812679500000002	8,43965625	0,993922758523179	428,909704223205
48250,00195	0,813603399999977	8,447381836	0,993972214971495	429,30232433806
48260,00195	0,813841799999977	8,449571289	0,994047096678475	429,413593992987
48270,00195	0,813454299999989	8,447058594	0,993885038655876	429,285896935508
48280,00195	0,812381500000015	8,436445313	0,99384564170555	428,746521979977
48290,00195	0,814348400000029	8,456104492	0,994010586871076	429,745616303298
48300,00195	0,813752399999998	8,452005859	0,994057528194882	429,537320678965
48310,00195	0,813037099999974	8,445673828	0,994007606723545	429,215522081618
48320,00195	0,813931200000013	8,451378906	0,994074293024817	429,505458454033
48330,00195	0,813454299999989	8,448404297	0,993964670598014	429,354286578239
48340,00195	0,81276889999998	8,439984375	0,993965881657967	428,926379783504
48350,00195	0,812858300000016	8,438915039	0,993784450676319	428,872035320425
48360,00195	0,812351700000022	8,436413086	0,993818445359209	428,744884179499
48370,00195	0,812262299999986	8,436382813	0,994175439031998	428,743345682777
48380,00195	0,81336490000001	8,445563477	0,994074479034025	429,209913960461
48390,00195	0,813603399999977	8,447146484	0,993887925798802	429,290363571683
48400,00195	0,814020599999992	8,453357422	0,993800004446301	429,606008131321
48410,00195	0,813513999999998	8,449439453	0,994165007515591	429,406893987905
48420,00195	0,813156300000003	8,445619141	0,993945297638966	429,212742846979
48430,00195	0,813603399999977	8,452949219	0,994053802010419	429,585262946587
48440,00195	0,813573599999984	8,4513125	0,993772343076939	429,502083650963
48450,00195	0,813335100000018	8,448325195	0,994216978088368	429,350266554861
48460,00195	0,81366300000002	8,448533203	0,994017386207674	429,360837678508
48470,00195	0,813454299999989	8,447224609	0,994394124857928	429,294333943182
48480,00195	0,813037099999974	8,447259766	0,993895283163025	429,296120648473
48490,00195	0,81366300000002	8,452083984	0,994251997822002	429,541291050465
48500,00195	0,813275499999975	8,44921875	0,994107355661565	429,395677694771
48510,00195	0,813782199999991	8,456832031	0,994265036467473	429,782590384713
48520,00195	0,813782199999991	8,458558594	0,994197140106299	429,870335620267
48530,00195	0,813186099999996	8,449143555	0,99395908232137	429,391856228083
48540,00195	0,812679500000002	8,442387695	0,993888111808011	429,048518320882
48550,00195	0,813692800000013	8,454739258	0,994033218991468	429,676234080398
48560,00195	0,812441100000001	8,440408203	0,994039738314203	428,947919042537
48570,00195	0,812828500000023	8,442878906	0,993830180940173	429,073482034863
48580,00195	0,813096700000017	8,445898438	0,994022694470457	429,226936931443
48590,00195	0,81366300000002	8,450333984	0,993993915045746	429,452354728871
48600,00195	0,812709299999995	8,442990234	0,993862778553901	429,079139807897
48610,00195	0,812590100000023	8,440822266	0,993870136918173	428,968962036896
48620,00195	0,813513999999998	8,449994141	0,994063954513014	429,435083650963
48630,00195	0,813335100000018	8,449460938	0,993769920957033	429,40798587183
48640,00195	0,812441100000001	8,439679688	0,994070752849562	428,910895360065
48650,00195	0,813275499999975	8,448647461	0,994230389752305	429,366644356355
48660,00195	0,812292099999979	8,438821289	0,993931047933542	428,867270874625
48670,00195	0,813335100000018	8,448854492	0,994101022348038	429,377165828124
48680,00195	0,812113199999999	8,435972656	0,994042626457179	428,722501194288
48690,00195	0,81202380000002	8,434325195	0,99407298896026	428,638775982111
48700,00195	0,812619900000016	8,443068359	0,994076714144673	429,083110179397
48710,00195	0,812441100000001	8,440242188	0,994118253201043	428,939482034863
48720,00195	0,812262299999986	8,438171875	0,993825523709619	428,83426716471
48730,00195	0,812262299999986	8,439611328	0,993898636329022	428,90742125324
48740,00195	0,812500699999987	8,439841797	0,993967650745545	428,919133861869
48750,00195	0,812292099999979	8,437196289	0,993929743868985	428,784687147431
48760,00195	0,81336490000001	8,449436523	0,994065816605196	429,406745083092
48770,00195	0,812590100000023	8,443162109	0,994016268152325	429,087874625197
48780,00195	0,812292099999979	8,436241211	0,993835117184539	428,7361493622
48790,00195	0,814169600000014	8,455176758	0,994042998475596	429,698468160797
48800,00195	0,812917900000002	8,443408203	0,994236164038158	429,100381308126
48810,00195	0,812500699999987	8,43819043	0,993993729036537	428,835210143823
48820,00195	0,812828500000023	8,440208008	0,994071777900307	428,937744981451
48830,00195	0,813186099999996	8,441592773	0,99388513166048	429,00811978452
48840,00195	0,812590100000023	8,436575195	0,993834837170677	428,753122681303
48850,00195	0,813186099999996	8,444339844	0,99392667071685	429,147728007318
48860,00195	0,812441100000001	8,43515918	0,993998945294766	428,681159729634
48870,00195	0,813007299999981	8,440626953	0,994031356899286	428,959036082736
48880,00195	0,812947699999995	8,4436875	0,994149826764076	429,11457539259
48890,00195	0,812202599999978	8,431907227	0,993921827477088	428,51589302231
48900,00195	0,811874799999998	8,430095703	0,993871906005751	428,423830004574
48910,00195	0,812619900000016	8,436700195	0,993991027902819	428,759475275703
48920,00195	0,812172799999985	8,434981445	0,994129522758936	428,672127102709
48930,00195	0,812917900000002	8,43915918	0,994032287945377	428,884442750419
48940,00195	0,81276889999998	8,440610352	0,99401934130446	428,958192407379
48950,00195	0,813275499999975	8,444691406	0,994043650507875	429,165594653657
48960,00195	0,813275499999975	8,444369141	0,994129708768145	429,149216902983
48970,00195	0,813037099999974	8,443568359	0,994011611921821	429,108520556996
48980,00195	0,813573599999984	8,450018555	0,993985160612362	429,43632438888
48990,00195	0,813335100000018	8,450380859	0,994023253498131	429,454736951771
49000,00195	0,813007299999981	8,448219727	0,994104468518639	429,344906591452
49010,00195	0,81390140000002	8,455386719	0,993978361275764	429,709138537379
49020,00195	0,812590100000023	8,440423828	0,993930395901263	428,948713116837
49030,00195	0,81276889999998	8,441801758	0,993970910906938	429,018740560045
49040,00195	0,813156300000003	8,448308594	0,99397323902219	429,349422879504
49050,00195	0,813513999999998	8,447924805	0,994186336571475	429,329918432688
49060,00195	0,813752399999998	8,450425781	0,994030238843937	429,457019921736
49070,00195	0,813335100000018	8,447957031	0,993976406178978	429,331556182345
49080,00195	0,812500699999987	8,440914063	0,994069821803471	428,973627229761
49090,00195	0,81336490000001	8,446795898	0,993996337165652	429,272546526401
49100,00195	0,81390140000002	8,453481445	0,993955450141561	429,612311073843
49110,00195	0,81336490000001	8,445097656	0,993941386445344	429,186240585455
49120,00195	0,814080199999978	8,454695313	0,993926484707641	429,674000762311
49130,00195	0,812590100000023	8,440504883	0,994043277489408	428,952832393149
49140,00195	0,813275499999975	8,444920898	0,994092453923863	429,177257610408
49150,00195	0,813424499999996	8,444959961	0,993899567375113	429,179242821568
49160,00195	0,813037099999974	8,442957031	0,993662534640928	429,077452406363
49170,00195	0,813037099999974	8,443955078	0,993959734353648	429,128173908624
49180,00195	0,814586799999972	8,459347656	0,993932631011911	429,910436347004
49190,00195	0,813841799999977	8,458873047	0,994094969048373	429,886316359201
49200,00195	0,813454299999989	8,449199219	0,993946694708127	429,394685114601
49210,00195	0,813573599999984	8,449703125	0,993933656062656	429,420293998069
49220,00195	0,813275499999975	8,443857422	0,993930861924333	429,123210956955
49230,00195	0,813573599999984	8,447511719	0,994061998416178	429,308925090207
49240,00195	0,813245699999982	8,443870117	0,993992238962772	429,123856126442
49250,00195	0,814437800000007	8,456793945	0,994128125689775	429,780654825431
49260,00195	0,812709299999995	8,440108398	0,994044116530945	428,932682726025
49270,00195	0,813603399999977	8,443702148	0,994074293024817	429,115319815012
49280,00195	0,813990799999999	8,448825195	0,99388718076192	429,375676932459
49290,00195	0,812858300000016	8,435091797	0,994014499064747	428,677735274686
49300,00195	0,81366300000002	8,443992188	0,993856073221957	429,13005986685
49310,00195	0,814080199999978	8,448526367	0,99401319500019	429,360490267825
49320,00195	0,813245699999982	8,439926758	0,993982552483248	428,923451644051
49330,00195	0,812500699999987	8,436084961	0,994022881479714	428,7282086192
49340,00195	0,812590100000023	8,43471875	0,99388764578494	428,658776744422
49350,00195	0,813990799999999	8,451139648	0,994003694529874	429,493299181786
49360,00195	0,812858300000016	8,442032227	0,993963366533457	429,030453168674
49370,00195	0,813841799999977	8,449759766	0,993904783633341	429,423172536464
49380,00195	0,813096700000017	8,44412207	0,994008351760428	429,136660568176
49390,00195	0,813782199999991	8,452121094	0,994040856369552	429,54317700869
49400,00195	0,81500410000001	8,464011719	0,994096459122138	430,147467550948
49410,00195	0,813424499999996	8,446173828	0,994064420536084	429,240932459216
49420,00195	0,81366300000002	8,446255859	0,994119184247134	429,245101336586
49430,00195	0,813424499999996	8,445076172	0,993896587227582	429,185148752351
49440,00195	0,813096700000017	8,443578125	0,993992424971981	429,109016872491
49450,00195	0,813245699999982	8,445495117	0,993869670895103	429,206439853636
49460,00195	0,813513999999998	8,445905273	0,99394790576808	429,227284291304
49470,00195	0,813424499999996	8,446626953	0,994197792138577	429,263960613915
49480,00195	0,813692800000013	8,449109375	0,993974450082143	429,390119174671
49490,00195	0,813454299999989	8,443762695	0,993976592188187	429,118396859277
49500,00195	0,813096700000017	8,442685547	0,993869111867428	429,063655384459
49510,00195	0,813275499999975	8,445396484	0,99405724818102	429,201427250089
49520,00195	0,813931200000013	8,447854492	0,994302291311755	429,326345072928
49530,00195	0,813245699999982	8,443027344	0,994128777722054	429,081025766123
49540,00195	0,813692800000013	8,444191406	0,99407093985882	429,140184276058
49550,00195	0,813096700000017	8,440856445	0,993995871142581	428,970699039488
49560,00195	0,81202380000002	8,430161133	0,994027444705615	428,427155206586
49570,00195	0,81390140000002	8,444829102	0,994027071687149	429,172592468364
49580,00195	0,812172799999985	8,431680664	0,994019155295252	428,504378919551
49590,00195	0,812590100000023	8,436081055	0,994007792732754	428,72801011333
49600,00195	0,813007299999981	8,436585938	0,994066468637474	428,753668648676
49610,00195	0,812083400000006	8,429801758	0,993981155414087	428,408891497688
49620,00195	0,814318599999979	8,451283203	0,994049797812194	429,500594755298
49630,00195	0,814199400000007	8,452994141	0,99413324794335	429,587545916552
49640,00195	0,813186099999996	8,443435547	0,994025023585758	429,101770950856
49650,00195	0,813275499999975	8,444978516	0,994163983464896	429,180185800681
49660,00195	0,812679500000002	8,439331055	0,994199189207738	428,893177567719
49670,00195	0,813007299999981	8,438495117	0,993903945591854	428,850694567261
49680,00195	0,812172799999985	8,432754883	0,993981435427949	428,558971540377
49690,00195	0,812858300000016	8,438624023	0,993776161265956	428,857245667531
49700,00195	0,812858300000016	8,436001953	0,993967184722475	428,723990089953
49710,00195	0,813603399999977	8,446029297	0,993923131541645	429,233587284647
49720,00195	0,81390140000002	8,448698242	0,994266154522822	429,369225085125
49730,00195	0,813513999999998	8,441609375	0,993901523471948	429,008963510698
49740,00195	0,812917900000002	8,439636719	0,993861754503206	428,908711643035
49750,00195	0,812590100000023	8,433754883	0,99408463053657	428,609792295574
49760,00195	0,812292099999979	8,43297168	0,99394948884645	428,569989327641
49770,00195	0,813096700000017	8,439582031	0,994071870904911	428,905932357575
49780,00195	0,812858300000016	8,437263672	0,993870136918173	428,788111602378
49790,00195	0,813424499999996	8,441499023	0,9939403613946	429,00335533872
49800,00195	0,813454299999989	8,442569336	0,994255443992603	429,057749453677
49810,00195	0,812590100000023	8,435947266	0,994166963612427	428,721210855313
49820,00195	0,813186099999996	8,439058594	0,993984694589292	428,879330893937
49830,00195	0,813424499999996	8,442220703	0,99403098388082	429,040031661331
49840,00195	0,813335100000018	8,443394531	0,994045047577036	429,099686486761
49850,00195	0,812262299999986	8,431259766	0,993846945770107	428,48298856533
49860,00195	0,813186099999996	8,440667969	0,993982180464831	428,961120546831
49870,00195	0,812828500000023	8,436044922	0,9940830474582	428,726173806983
49880,00195	0,812619900000016	8,433262695	0,993937754265535	428,584778929715
49890,00195	0,81390140000002	8,448364258	0,994151130828633	429,352251766021
49900,00195	0,812858300000016	8,435930664	0,994026140641058	428,720367129136
49910,00195	0,812262299999986	8,431756836	0,994054361038094	428,508250038116
49920,00195	0,812619900000016	8,434484375	0,993941572454553	428,646865629923
49930,00195	0,81276889999998	8,434777344	0,994016361156929	428,661754535752
49940,00195	0,812709299999995	8,436410156	0,994154296985372	428,744735274686
49950,00195	0,813603399999977	8,444091797	0,994032194940773	429,135122071454
49960,00195	0,812292099999979	8,433073242	0,993793485123565	428,575150785181
49970,00195	0,812947699999995	8,438207031	0,994032287945377	428,83605381918
49980,00195	0,812262299999986	8,430602539	0,994015709124651	428,449587792855
49990,00195	0,813096700000017	8,438087891	0,99395908232137	428,829999034406
50000,00195	0,81202380000002	8,42793457	0,993914656122073	428,313999593434
50010,00195	0,813186099999996	8,440368164	0,99396411157034	428,94588423032
50020,00195	0,81366300000002	8,444842773	0,994118346205647	429,173287238908
50030,00195	0,812351700000022	8,431318359	0,99382738680185	428,485966305839
50040,00195	0,81253049999998	8,435049805	0,993930116887451	428,675601209534
50050,00195	0,813573599999984	8,443666992	0,993935612159491	429,113533160543
50060,00195	0,812381500000015	8,434447266	0,993790504976034	428,644979722519
50070,00195	0,813007299999981	8,437811523	0,994039832318857	428,815953803934
50080,00195	0,812619900000016	8,436864258	0,99401021485266	428,767813081262
50090,00195	0,812917900000002	8,436450195	0,994000062350065	428,746770086904
50100,00195	0,813454299999989	8,443375	0,993971375929958	429,098693906591
50110,00195	0,813186099999996	8,441860352	0,99399698919793	429,021718351375
50120,00195	0,81336490000001	8,443722656	0,993747754859712	429,11636204706
50130,00195	0,813782199999991	8,449217773	0,99403349900533	429,395628042893
50140,00195	0,81276889999998	8,435253906	0,99391800928807	428,68597377649
50150,00195	0,81253049999998	8,434382813	0,993784357671715	428,641704172384
50160,00195	0,812828500000023	8,436320313	0,994172365879863	428,740169385577
50170,00195	0,813454299999989	8,442223633	0,994039459300391	429,040180566143
50180,00195	0,813335100000018	8,440962891	0,994269600693423	428,976108705595
50190,00195	0,812828500000023	8,437259766	0,99389882233823	428,787913096509
50200,00195	0,81253049999998	8,432681641	0,994095714085255	428,555249326625
50210,00195	0,812709299999995	8,437360352	0,994103816486361	428,793024952991
50220,00195	0,813931200000013	8,446461914	0,994118067191834	429,255573207298
50230,00195	0,812381500000015	8,431771484	0,993865106669153	428,508994460538
50240,00195	0,81336490000001	8,44318457	0,99407801820923	429,089016110179
50250,00195	0,81276889999998	8,437954102	0,993974263072885	428,823199776389
50260,00195	0,814437800000007	8,452917969	0,994062091420782	429,583674797987
50270,00195	0,813841799999977	8,447370117	0,993909533868499	429,30172876963
50280,00195	0,813335100000018	8,444332031	0,993970072865451	429,147330944758
50290,00195	0,813990799999999	8,448265625	0,99375753434384	429,347239162474
50300,00195	0,813603399999977	8,444274414	0,993843964622527	429,144402805306
50310,00195	0,814258999999993	8,449712891	0,993716181296679	429,420790313564
50320,00195	0,813841799999977	8,446583984	0,99387600420863	429,261776896885
50330,00195	0,813931200000013	8,446954102	0,994057621199486	429,280586573156
50340,00195	0,814586799999972	8,452563477	0,994161655349644	429,565659246836
50350,00195	0,813931200000013	8,45037207	0,994130081786611	429,454290288154
50360,00195	0,813513999999998	8,444410156	0,994121140343969	429,151301316258
50370,00195	0,813752399999998	8,445935547	0,993881126462205	429,228822838847
50380,00195	0,814110000000028	8,449785156	0,994053336987399	429,424462875438
50390,00195	0,813454299999989	8,443253906	0,993945577652828	429,092539818062
50400,00195	0,813513999999998	8,443456055	0,99404514058164	429,102813182904
50410,00195	0,813454299999989	8,442912109	0,993992052953564	429,075169436398
50420,00195	0,814527199999986	8,45700293	0,993826548760364	429,791275600955
50430,00195	0,813692800000013	8,442849609	0,994032566959189	429,071993139198
50440,00195	0,813335100000018	8,444025391	0,994044861567827	429,131747268384
50450,00195	0,813782199999991	8,445243164	0,994127939680567	429,193635411902
50460,00195	0,813513999999998	8,440592773	0,994186429576079	428,957299029324
50470,00195	0,813275499999975	8,440216797	0,994023253498131	428,938191645068
50480,00195	0,813603399999977	8,444670898	0,993973425031398	429,164552421609
50490,00195	0,81366300000002	8,443994141	0,994069262775797	429,130159119784
50500,00195	0,813692800000013	8,444202148	0,993948650804963	429,140730192611
50510,00195	0,814020599999992	8,447058594	0,99388354858211	429,285896935508
50520,00195	0,813990799999999	8,445499023	0,993865293678411	429,206638359506
50530,00195	0,81390140000002	8,443296875	0,994053522996607	429,094723535092
50540,00195	0,813841799999977	8,446758789	0,994162307381922	429,270660618997
50550,00195	0,813752399999998	8,444749023	0,994139768266135	429,168522793109
50560,00195	0,81366300000002	8,44384668	0,994000714382344	429,122665040403
50570,00195	0,81390140000002	8,4419375	0,993977151215861	429,025639070997
50580,00195	0,813186099999996	8,43678418	0,993874886153281	428,763743456828
50590,00195	0,81336490000001	8,438888672	0,994073920006351	428,870695329573
50600,00195	0,813096700000017	8,434824219	0,993981900450969	428,664136758652
50610,00195	0,813454299999989	8,437185547	0,993920803426392	428,784141230879
50620,00195	0,813007299999981	8,432498047	0,99373927944014	428,545918940895
50630,00195	0,812590100000023	8,42953125	0,994103816486361	428,395144076841
50640,00195	0,813186099999996	8,436091797	0,99412160636704	428,728556029883
50650,00195	0,813096700000017	8,434220703	0,994113875984351	428,633465619759
50660,00195	0,81276889999998	8,433087891	0,993914656122073	428,575895258423
50670,00195	0,813573599999984	8,441927734	0,994181027308643	429,025142755501
50680,00195	0,814318599999979	8,449291016	0,99385067095452	429,399350307466
50690,00195	0,814408000000014	8,448456055	0,993955264132352	429,356916958886
50700,00195	0,813841799999977	8,443475586	0,993925552661501	429,103805763074
50710,00195	0,812858300000016	8,434737305	0,993940734413066	428,659719723535
50720,00195	0,812947699999995	8,438518555	0,994008258755824	428,851885704122
50730,00195	0,813573599999984	8,441158203	0,993953401040121	428,986034608934
50740,00195	0,812679500000002	8,430136719	0,993844989673272	428,425914468669
50750,00195	0,812709299999995	8,430027344	0,994091149859306	428,420355948569
50760,00195	0,813692800000013	8,439833008	0,994221542314317	428,918687198252
50770,00195	0,813275499999975	8,437922852	0,994366649497774	428,821611627789
50780,00195	0,81276889999998	8,432510742	0,993881219466809	428,546564110383
50790,00195	0,813603399999977	8,438954102	0,994059390287064	428,874020531585
50800,00195	0,812292099999979	8,426829102	0,994007047695871	428,257818874828
50810,00195	0,812351700000022	8,428295898	0,994062929462269	428,332362555268
50820,00195	0,812917900000002	8,430830078	0,994097111154416	428,461151496671
50830,00195	0,81276889999998	8,430833984	0,994026140641058	428,461350002541
50840,00195	0,813335100000018	8,437107422	0,994099812288135	428,780170859379
50850,00195	0,81366300000002	8,438174805	0,994003974543736	428,834416069523
50860,00195	0,813037099999974	8,43471875	0,994129708768145	428,658776744422
50870,00195	0,812292099999979	8,427085938	0,99399698919793	428,27087147431
50880,00195	0,812262299999986	8,424941406	0,994010120848006	428,161884738527
50890,00195	0,812679500000002	8,429149414	0,994038993277321	428,37573888296
50900,00195	0,81276889999998	8,430924805	0,993899381365904	428,465965594349
50910,00195	0,812113199999999	8,425299805	0,993958151275279	428,180098846369
50920,00195	0,812113199999999	8,424960938	0,993896028199908	428,162877369518
50930,00195	0,812292099999979	8,427418945	0,994225267498731	428,287795141536
50940,00195	0,813931200000013	8,443042969	0,994000342363927	429,081819840423
50950,00195	0,813096700000017	8,437125977	0,994110615822958	428,781113838492
50960,00195	0,81276889999998	8,432139648	0,993749337938081	428,527704833054
50970,00195	0,813603399999977	8,439617188	0,993933004030377	428,907719062865
50980,00195	0,813424499999996	8,440456055	0,994024091539618	428,950350917315
50990,00195	0,81276889999998	8,433541016	0,994120674320899	428,598923413122
51000,00195	0,812917900000002	8,432668945	0,993910091896124	428,554604106317
51010,00195	0,813186099999996	8,436196289	0,993885038655876	428,733866392235
51020,00195	0,812917900000002	8,432581055	0,99378994594836	428,550137470143
51030,00195	0,812828500000023	8,433952148	0,993933004030377	428,619817451847
51040,00195	0,812619900000016	8,427673828	0,994069821803471	428,300748488082
51050,00195	0,812858300000016	8,430688477	0,994292046804606	428,453955226915
51060,00195	0,81253049999998	8,428374023	0,994126728620614	428,336332926767
51070,00195	0,812262299999986	8,42440332	0,994035361097511	428,134538801647
51080,00195	0,812172799999985	8,42230957	0,993918940334161	428,028132845454
51090,00195	0,813603399999977	8,437481445	0,994042439447922	428,7991789907
51100,00195	0,81276889999998	8,432386719	0,994159978266621	428,540261167861
51110,00195	0,812917900000002	8,434149414	0,994130546809632	428,629842658942
51120,00195	0,813096700000017	8,435995117	0,994043836517083	428,72364267927
51130,00195	0,812828500000023	8,436006836	0,994289066657076	428,7242382477
51140,00195	0,813037099999974	8,435817383	0,99398488159855	428,714610103166
51150,00195	0,813603399999977	8,441306641	0,993968302777824	428,993578340194
51160,00195	0,814676200000008	8,454291992	0,993981248418691	429,653503684505
51170,00195	0,814437800000007	8,451194336	0,994086772642614	429,496078467246
51180,00195	0,814110000000028	8,446411133	0,993962342482762	429,252992478528
51190,00195	0,814080199999978	8,447708008	0,993936822219395	429,318900645424
51200,00195	0,814199400000007	8,450335938	0,99417366994442	429,452454032627
51210,00195	0,813573599999984	8,442363281	0,993904131601062	429,047277582965
51220,00195	0,813990799999999	8,443879883	0,994152899916211	429,124352441937
51230,00195	0,812709299999995	8,432709961	0,993949861864916	428,556688570412
51240,00195	0,81390140000002	8,441365234	0,994027630714823	428,996556080703
51250,00195	0,813096700000017	8,436500977	0,994108659726123	428,749350866494
51260,00195	0,813841799999977	8,439082031	0,993966439685592	428,880521979977
51270,00195	0,813603399999977	8,440768555	0,994060415337809	428,966232403314
51280,00195	0,814110000000028	8,442666992	0,9937965582757	429,062712405346
51290,00195	0,813037099999974	8,430680664	0,994009934838798	428,453558164354
51300,00195	0,814020599999992	8,441967773	0,993970072865451	429,027177567719
51310,00195	0,814110000000028	8,445555664	0,993952749007842	429,209516897901
51320,00195	0,813931200000013	8,443015625	0,994232252844537	429,080430197693
51330,00195	0,812709299999995	8,429702148	0,993721676568719	428,403829242263
51340,00195	0,814080199999978	8,445826172	0,994074572038629	429,223264318748
51350,00195	0,814527199999986	8,44519043	0,99402940080245	429,190955430198
51360,00195	0,814110000000028	8,44265918	0,99399195994896	429,062315393607
51370,00195	0,813424499999996	8,437710938	0,994098415218974	428,810841998272
51380,00195	0,814258999999993	8,446645508	0,994267085568913	429,264903593027
51390,00195	0,813573599999984	8,438174805	0,993833720115378	428,834416069523
51400,00195	0,814855099999988	8,449708984	0,993996337165652	429,420591756874
51410,00195	0,813603399999977	8,437115234	0,994106704629336	428,780567871119
51420,00195	0,814914699999974	8,450801758	0,993891091955541	429,476127356813
51430,00195	0,814497399999993	8,446853516	0,993876097213234	429,275474716674
51440,00195	0,813603399999977	8,437161133	0,993703235655811	428,782900492961
51450,00195	0,813931200000013	8,439719727	0,993985439626175	428,912930172282
51460,00195	0,814199400000007	8,442517578	0,994044488549361	429,055119073029
51470,00195	0,814437800000007	8,446760742	0,994003974543736	429,270759871932
51480,00195	0,814408000000014	8,444639648	0,993956940215326	429,162964273009
51490,00195	0,813752399999998	8,437446289	0,994002856488387	428,79739233623
51500,00195	0,814586799999972	8,44559375	0,994039273291183	429,211452457183
51510,00195	0,814437800000007	8,447016602	0,993981900450969	429,283762870356
51520,00195	0,814020599999992	8,440862305	0,994055758107255	428,970996849113
51530,00195	0,814646400000015	8,447476563	0,994042719461784	429,307138435737
51540,00195	0,814586799999972	8,447540039	0,994185963553009	429,310364333994
51550,00195	0,814735799999994	8,447603516	0,994036106134394	429,313590283072
51560,00195	0,812947699999995	8,431575195	0,993853465092843	428,499018905321
51570,00195	0,812709299999995	8,426068359	0,993816769276235	428,219157341058
51580,00195	0,813335100000018	8,432166016	0,994049983821402	428,529044874727
51590,00195	0,814080199999978	8,439957031	0,993914097094399	428,924990140774
51600,00195	0,813037099999974	8,430580078	0,994116577118069	428,448446307872
51610,00195	0,813931200000013	8,438749023	0,994012821981724	428,86359826193
51620,00195	0,814348400000029	8,444381836	0,994073360978676	429,14986207247
51630,00195	0,813245699999982	8,434787109	0,994042998475596	428,662250800427
51640,00195	0,814437800000007	8,444144531	0,994003508520666	429,137802053159
51650,00195	0,81366300000002	8,439092773	0,994167708649309	428,881067896529
51660,00195	0,813692800000013	8,435467773	0,993898636329022	428,696842658942
51670,00195	0,814199400000007	8,445232422	0,994085003555036	429,19308949535
51680,00195	0,814199400000007	8,440658203	0,993876190217838	428,960624231336
51690,00195	0,813275499999975	8,434814453	0,994138836219994	428,663640443157
51700,00195	0,813513999999998	8,437015625	0,994273605891698	428,775505666514
51710,00195	0,812619900000016	8,423396484	0,993823102589763	428,083370635768
51720,00195	0,814169600000014	8,440388672	0,994049610802936	428,946926462367
51730,00195	0,812500699999987	8,425162109	0,993988233764497	428,173101031661
51740,00195	0,814110000000028	8,439914063	0,994148988722589	428,922806474564
51750,00195	0,813841799999977	8,435378906	0,993854396138934	428,69232637089
51760,00195	0,812858300000016	8,428214844	0,993843033576436	428,328243329776
51770,00195	0,813692800000013	8,437870117	0,994210085747166	428,818931595263
51780,00195	0,81366300000002	8,436320313	0,994000528373135	428,740169385577
51790,00195	0,813007299999981	8,430349609	0,9940031355022	428,436733699243
51800,00195	0,813603399999977	8,436209961	0,994047375692288	428,7345612136
51810,00195	0,812858300000016	8,431407227	0,993998758285508	428,490482644712
51820,00195	0,812381500000015	8,424275391	0,993931885975028	428,128037353255
51830,00195	0,812619900000016	8,428644531	0,994072708946398	428,350080347614
51840,00195	0,813186099999996	8,431518555	0,993994567078024	428,496140417747
51850,00195	0,812679500000002	8,426155273	0,994014312055489	428,223574376175
51860,00195	0,813752399999998	8,436599609	0,993991027902819	428,75436341922
51870,00195	0,813156300000003	8,432929688	0,994030517857749	428,567855262489
51880,00195	0,813454299999989	8,432576172	0,994252556849676	428,549889312395
51890,00195	0,813335100000018	8,431433594	0,994090963850097	428,491822635564
51900,00195	0,813186099999996	8,433228516	0,993740676509302	428,583041927123
51910,00195	0,813782199999991	8,436919922	0,994122723422339	428,77064196778
51920,00195	0,812917900000002	8,4305625	0,9937919950498	428,447552980637
51930,00195	0,813752399999998	8,438311523	0,993906739730177	428,841364181532
51940,00195	0,812947699999995	8,428375977	0,994155880063741	428,336432230523
51950,00195	0,812947699999995	8,427988281	0,993832975078495	428,316729227016
51960,00195	0,813335100000018	8,431363281	0,99396364554727	428,488249275804
51970,00195	0,813335100000018	8,434644531	0,994074944057046	428,655004878793
51980,00195	0,813692800000013	8,436063477	0,993867714798267	428,727116786095
51990,00195	0,81390140000002	8,43896875	0,994105586573988	428,874764954007
52000,00195	0,813841799999977	8,4384375	0,994210085747166	428,847766427809
52010,00195	0,813424499999996	8,432918945	0,993835769216817	428,567309295116
52020,00195	0,813931200000013	8,438720703	0,993957778256813	428,862159018143
52030,00195	0,812709299999995	8,427476563	0,99398786174608	428,290723331809
52040,00195	0,813275499999975	8,433805664	0,993989817842916	428,612373024343
52050,00195	0,812917900000002	8,432452148	0,993899381365904	428,543586319053
52060,00195	0,813335100000018	8,435735352	0,994117415159556	428,710441225797
52070,00195	0,813156300000003	8,432578125	0,994069542789659	428,54998856533
52080,00195	0,812947699999995	8,431946289	0,994142655409062	428,51787818265
52090,00195	0,813424499999996	8,435699219	0,993985905649245	428,708604919449
52100,00195	0,813513999999998	8,437014648	0,993884945651272	428,775456014636
52110,00195	0,813245699999982	8,433786133	0,994239331194947	428,611380444173
52120,00195	0,813186099999996	8,432978516	0,994075131066304	428,570336738324
52130,00195	0,812709299999995	8,429780273	0,994060322333205	428,407799613762
52140,00195	0,813424499999996	8,435992188	0,993904783633341	428,723493825278
52150,00195	0,814318599999979	8,444569336	0,994110708827562	429,15939096407
52160,00195	0,813990799999999	8,44122168	0,994101861389574	428,989260558012
52170,00195	0,813096700000017	8,433083008	0,993927974781407	428,575647100676
52180,00195	0,813096700000017	8,433788086	0,993801494520066	428,611479697108
52190,00195	0,813841799999977	8,439616211	0,993985719640036	428,907669410987
52200,00195	0,813156300000003	8,430774414	0,993935425150233	428,458322610154
52210,00195	0,813603399999977	8,438470703	0,993682093609185	428,849453829344
52220,00195	0,814437800000007	8,444939453	0,993967464736337	429,178200589521
52230,00195	0,814318599999979	8,4461875	0,994212041844002	429,241627280581
52240,00195	0,813037099999974	8,431613281	0,993959734353648	428,500954464603
52250,00195	0,813692800000013	8,435796875	0,994016734175395	428,713567871119
52260,00195	0,813841799999977	8,440375977	0,993933097034981	428,94628129288
52270,00195	0,814110000000028	8,442464844	0,993865758701432	429,052439091325
52280,00195	0,813841799999977	8,441972656	0,994072149918723	429,027425725466
52290,00195	0,81276889999998	8,429213867	0,993886155711175	428,379014433094
52300,00195	0,814020599999992	8,443845703	0,994036199138998	429,122615388525
52310,00195	0,813692800000013	8,439929688	0,993954705104678	428,923600548864
52320,00195	0,812709299999995	8,429439453	0,994107355661565	428,390478883976
52330,00195	0,813186099999996	8,433524414	0,994074758047837	428,598079686944
52340,00195	0,813513999999998	8,436792969	0,994096925145208	428,764190120445
52350,00195	0,813752399999998	8,438581055	0,993979945354183	428,855062001321
52360,00195	0,813454299999989	8,438429688	0,994112757929002	428,84736941607
52370,00195	0,814527199999986	8,450450195	0,994167801653913	429,458260659653
52380,00195	0,814348400000029	8,448042969	0,994047468696892	429,335923616405
52390,00195	0,813037099999974	8,436145508	0,994009841834193	428,731285663465
52400,00195	0,814020599999992	8,441933594	0,994083978504291	429,025440565127
52410,00195	0,813424499999996	8,43749707	0,994058925264044	428,799973065
52420,00195	0,813782199999991	8,441693359	0,993994567078024	429,013231641002
52430,00195	0,81390140000002	8,440305664	0,994132782920329	428,94270793312
52440,00195	0,814437800000007	8,448014648	0,993923503560061	429,334484321797
52450,00195	0,81390140000002	8,442259766	0,993892024001682	429,042016872491
52460,00195	0,814199400000007	8,446273438	0,994041415397226	429,245994714641
52470,00195	0,81366300000002	8,440246094	0,994065258577571	428,939680540733
52480,00195	0,814676200000008	8,449769531	0,993981155414087	429,423668801138
52490,00195	0,814676200000008	8,451239258	0,993983297520131	429,498361437211
52500,00195	0,814437800000007	8,451085938	0,994133340947954	429,490569599024
52510,00195	0,813841799999977	8,445121094	0,994004253557549	429,187431722315
52520,00195	0,814497399999993	8,448405273	0,993928533809081	429,354336179296
52530,00195	0,814169600000014	8,447789063	0,994207478618101	429,323019921736
52540,00195	0,814080199999978	8,447451172	0,994100371315809	429,305848045942
52550,00195	0,814437800000007	8,448389648	0,993964670598014	429,353542104996
52560,00195	0,814765599999987	8,452795898	0,994125797574523	429,57747105758
52570,00195	0,814110000000028	8,443492188	0,994020645369017	429,104649489251
52580,00195	0,813990799999999	8,442422852	0,99399698919793	429,050305026173
52590,00195	0,813007299999981	8,435227539	0,99389882233823	428,684633785638
52600,00195	0,813782199999991	8,443121094	0,993874421130261	429,085790211923
52610,00195	0,813752399999998	8,441333008	0,993976592188187	428,994918331047
52620,00195	0,81366300000002	8,44121582	0,993948464795754	428,988962748386
52630,00195	0,812858300000016	8,433276367	0,993996337165652	428,58547375108
52640,00195	0,813513999999998	8,439610352	0,994018690272231	428,907371652183
52650,00195	0,813424499999996	8,43912793	0,994064420536084	428,882854601819
52660,00195	0,814199400000007	8,44422168	0,993715902282866	429,141722823601
52670,00195	0,813752399999998	8,442374023	0,993969420833172	429,047823499517
52680,00195	0,813245699999982	8,435054688	0,99385272005596	428,675849367282
52690,00195	0,812828500000023	8,430961914	0,993739186435536	428,467851501753
52700,00195	0,813573599999984	8,43746875	0,994132875924933	428,798533821213
52710,00195	0,812947699999995	8,433001953	0,993818073340792	428,571527824363
52720,00195	0,812917900000002	8,431137695	0,994220703272781	428,476784824923
52730,00195	0,813692800000013	8,436746094	0,994058087222557	428,761807897545
52740,00195	0,812947699999995	8,430266602	0,994251811812793	428,432515220816
52750,00195	0,812858300000016	8,431749023	0,99419602205095	428,507852975555
52760,00195	0,812828500000023	8,430738281	0,99412914974047	428,456486303806
52770,00195	0,814199400000007	8,446416992	0,994000714382344	429,253290237333
52780,00195	0,813931200000013	8,44259082	0,993965229625689	429,058841286782
52790,00195	0,813096700000017	8,433657227	0,99389975438437	428,604829343904
52800,00195	0,814199400000007	8,442566406	0,994070007812679	429,057600548864
52810,00195	0,813335100000018	8,434677734	0,994096086103672	428,656692280327
52820,00195	0,813573599999984	8,438673828	0,994089752790144	428,859776795243
52830,00195	0,813156300000003	8,434035156	0,994007513718941	428,624035981095
52840,00195	0,813007299999981	8,429845703	0,99392508763848	428,411124815775
52850,00195	0,812590100000023	8,42568457	0,99393123394275	428,199652894242
52860,00195	0,813156300000003	8,431914063	0,994009375811123	428,516240432993
52870,00195	0,813752399999998	8,436728516	0,993974170068281	428,760914570311
52880,00195	0,813186099999996	8,430851563	0,994062929462269	428,462243380597
52890,00195	0,813424499999996	8,432716797	0,994172924907538	428,557035981095
52900,00195	0,813096700000017	8,430047852	0,993959734353648	428,421398180617
52910,00195	0,814110000000028	8,441131836	0,993984042557013	428,984694618082
52920,00195	0,813603399999977	8,437041992	0,994103258458736	428,776845657366
52930,00195	0,814735799999994	8,44684375	0,99388261653597	429,274978401179
52940,00195	0,81366300000002	8,436264648	0,994077366176952	428,737340448239
52950,00195	0,812619900000016	8,42474707	0,993882989554436	428,152008436245
52960,00195	0,812500699999987	8,423518555	0,993874141116399	428,089574376175
52970,00195	0,812351700000022	8,422381836	0,993956288183047	428,031805458149
52980,00195	0,813096700000017	8,431644531	0,994070101817333	428,502542613203
52990,00195	0,813454299999989	8,432539063	0,993958523293695	428,548003404991
53000,00195	0,812351700000022	8,421418945	0,993933470053447	427,982870610357
53010,00195	0,813424499999996	8,429636719	0,994033218991468	428,400504091071
53020,00195	0,812828500000023	8,429271484	0,994092733937725	428,381942572547
53030,00195	0,813186099999996	8,428139648	0,99388354858211	428,324421812268
53040,00195	0,812679500000002	8,426224609	0,994242311342478	428,227098084058
53050,00195	0,812172799999985	8,418444336	0,993783239616366	427,831698734563
53060,00195	0,813186099999996	8,43046875	0,993983856547805	428,442788534838
53070,00195	0,812679500000002	8,428670898	0,993969420833172	428,351420338466
53080,00195	0,813424499999996	8,434114258	0,994225919531009	428,628056004472
53090,00195	0,813245699999982	8,432068359	0,993985160612362	428,524081872237
53100,00195	0,813037099999974	8,432796875	0,993977337225069	428,561105605529
53110,00195	0,812858300000016	8,429698242	0,994218655171391	428,403630736393
53120,00195	0,812858300000016	8,428591797	0,994223497411104	428,347400365909
53130,00195	0,812351700000022	8,422055664	0,994156625100624	428,015229150785
53140,00195	0,814020599999992	8,43865625	0,994233183890628	428,858883468008
53150,00195	0,813096700000017	8,426799805	0,994116856131881	428,256329979164
53160,00195	0,812292099999979	8,423042969	0,994012542967912	428,065404736494
53170,00195	0,812172799999985	8,422276367	0,993780725491906	428,026445443919
53180,00195	0,812917900000002	8,430823242	0,993974543086747	428,460804085989
53190,00195	0,813096700000017	8,431444336	0,994006209654384	428,492368552117
53200,00195	0,812917900000002	8,429826172	0,994020180345996	428,410132235605
53210,00195	0,813335100000018	8,433475586	0,993778676390466	428,595598211109
53220,00195	0,813335100000018	8,434637695	0,994045420595502	428,65465746811
53230,00195	0,813603399999977	8,436791992	0,994167336630893	428,764140468567
53240,00195	0,813841799999977	8,437407227	0,994262149324547	428,795407175891
53250,00195	0,814020599999992	8,439950195	0,994023719521201	428,924642730091
53260,00195	0,813692800000013	8,435311523	0,994149081727193	428,688901915942
53270,00195	0,813454299999989	8,435823242	0,993970444883867	428,714907861971
53280,00195	0,813275499999975	8,4358125	0,993997361216347	428,714361945419
53290,00195	0,814348400000029	8,444495117	0,99412458651457	429,15561909844
53300,00195	0,813454299999989	8,435787109	0,994049983821402	428,713071555623
53310,00195	0,813513999999998	8,436420898	0,993957406238396	428,745281191239
53320,00195	0,813454299999989	8,434207031	0,994125797574523	428,632770798394
53330,00195	0,812858300000016	8,430057617	0,993744308689111	428,421894445291
53340,00195	0,813782199999991	8,438139648	0,993910091896124	428,832629364232
53350,00195	0,81366300000002	8,437650391	0,993984322570875	428,807764954007
53360,00195	0,813782199999991	8,437672852	0,993838842368952	428,80890643899
53370,00195	0,813692800000013	8,438860352	0,993969233823915	428,869256085786
53380,00195	0,813752399999998	8,436743164	0,994063023466923	428,761658992733
53390,00195	0,813454299999989	8,435930664	0,993915121145094	428,720367129136
53400,00195	0,813275499999975	8,434327148	0,993972400980703	428,638875235046
53410,00195	0,813692800000013	8,438394531	0,994056317134929	428,845582710779
53420,00195	0,813275499999975	8,43512793	0,99394585666664	428,679571581034
53430,00195	0,81336490000001	8,434213867	0,993870136918173	428,633118209077
53440,00195	0,813245699999982	8,432797852	0,994077925204626	428,561155257407
53450,00195	0,813692800000013	8,438899414	0,994210458765632	428,871241246125
53460,00195	0,813513999999998	8,435481445	0,993934121085676	428,697537480307
53470,00195	0,813275499999975	8,435402344	0,994153085925419	428,69351750775
53480,00195	0,813841799999977	8,442772461	0,994066189623662	429,068072419576
53490,00195	0,814676200000008	8,447795898	0,9941640764695	429,323367281598
53500,00195	0,81366300000002	8,43752832	0,994146100579613	428,8015612136
53510,00195	0,81390140000002	8,438417969	0,993806803782898	428,846773847639
53520,00195	0,813275499999975	8,432830078	0,994020738373621	428,562793007064
53530,00195	0,814437800000007	8,442551758	0,994066189623662	429,056856126442
53540,00195	0,814020599999992	8,438470703	0,993782029556463	428,849453829344
53550,00195	0,813007299999981	8,430446289	0,994059577296322	428,441647049855
53560,00195	0,81366300000002	8,436286133	0,993961317432018	428,738432332164
53570,00195	0,814080199999978	8,44084082	0,994284502431126	428,969904965188
53580,00195	0,813752399999998	8,437428711	0,993964484588806	428,796499008995
53590,00195	0,813096700000017	8,432831055	0,994096925145208	428,562842658942
53600,00195	0,814110000000028	8,439679688	0,994065444586779	428,910895360065
53610,00195	0,813275499999975	8,432929688	0,993849739908429	428,567855262489
53620,00195	0,814437800000007	8,441708984	0,994081650389039	429,014025715302
53630,00195	0,814020599999992	8,438983398	0,994079787296808	428,875509376429
53640,00195	0,812679500000002	8,427272461	0,994032939977655	428,280350714032
53650,00195	0,813752399999998	8,434685547	0,993985253616966	428,657089342888
53660,00195	0,81336490000001	8,433016602	0,993922945532436	428,572272297606
53670,00195	0,813782199999991	8,434743164	0,993819656419162	428,66001748234
53680,00195	0,812828500000023	8,428482422	0,993994102055004	428,34184184581
53690,00195	0,813335100000018	8,431875	0,994141537353713	428,514255221833
53700,00195	0,813573599999984	8,432788086	0,99396159644583	428,560658941912
53710,00195	0,814110000000028	8,439831055	0,993865758701432	428,918587945317
53720,00195	0,814676200000008	8,444163086	0,993889415872568	429,138745032271
53730,00195	0,814199400000007	8,440757813	0,993979945354183	428,965686486761
53740,00195	0,813931200000013	8,437499023	0,993913259052912	428,800072317935
53750,00195	0,813335100000018	8,431655273	0,993906459716314	428,503088529756
53760,00195	0,813454299999989	8,434609375	0,993883827595923	428,653218224323
53770,00195	0,813782199999991	8,436969727	0,993973053012982	428,773173095492
53780,00195	0,813186099999996	8,428421875	0,994054920065768	428,338764801545
53790,00195	0,813841799999977	8,435003906	0,994038714263508	428,673268587691
53800,00195	0,813424499999996	8,430108398	0,994208502668796	428,424475174061
53810,00195	0,813275499999975	8,428707031	0,994086027605731	428,353256644814
53820,00195	0,813752399999998	8,432792969	0,993930395901263	428,56090709966
53830,00195	0,813573599999984	8,432941406	0,994033125986863	428,568450780099
53840,00195	0,813454299999989	8,431748047	0,994159606248204	428,507803374498
53850,00195	0,81276889999998	8,423639648	0,993799259409418	428,095728413884
53860,00195	0,81253049999998	8,421371094	0,99378081849651	427,9804387864
53870,00195	0,812500699999987	8,421911133	0,993903572573388	428,007883976216
53880,00195	0,813603399999977	8,430988281	0,994105958592404	428,469191492606
53890,00195	0,812709299999995	8,423397461	0,993818911382279	428,083420287645
53900,00195	0,812709299999995	8,422407227	0,99388559768355	428,033095847944
53910,00195	0,812828500000023	8,425137695	0,993858960364883	428,171860293744
53920,00195	0,813692800000013	8,43134082	0,994113502965885	428,487107790822
53930,00195	0,814080199999978	8,436546875	0,994005464617502	428,751683437516
53940,00195	0,81366300000002	8,433044922	0,994016361156929	428,573711541394
53950,00195	0,812828500000023	8,423666016	0,994107355661565	428,097068455557
53960,00195	0,813841799999977	8,435507813	0,994032007931515	428,69887752198
53970,00195	0,813573599999984	8,430772461	0,993994381068816	428,458223357219
53980,00195	0,813007299999981	8,427418945	0,993986464676919	428,287795141536
53990,00195	0,81390140000002	8,433833984	0,994192296866537	428,61381226813
54000,00195	0,814080199999978	8,437366211	0,99398944482445	428,793322711796
54010,00195	0,814527199999986	8,441661133	0,993998199257834	429,011593891345
54020,00195	0,813454299999989	8,433196289	0,993957964266021	428,581404126645
54030,00195	0,814080199999978	8,43590332	0,994139674261481	428,718977486405
54040,00195	0,81253049999998	8,42065332	0,993985719640036	427,94396096966
54050,00195	0,813186099999996	8,426004883	0,993711431061521	428,215931442801
54060,00195	0,812679500000002	8,422873047	0,994055013070372	428,05676917213
54070,00195	0,813275499999975	8,428987305	0,993877587287	428,367500381156
54080,00195	0,81336490000001	8,431293945	0,994147777662636	428,484725567922
54090,00195	0,81253049999998	8,420736328	0,993925739670759	427,948179498907
54100,00195	0,813513999999998	8,430306641	0,99397072389768	428,434550033033
54110,00195	0,812947699999995	8,425145508	0,993942503500644	428,172257356304
54120,00195	0,813454299999989	8,431207031	0,994363203327174	428,480308532805
54130,00195	0,814110000000028	8,436657227	0,993915587168164	428,757291609493
54140,00195	0,814318599999979	8,437607422	0,994036106134394	428,805581236977
54150,00195	0,813424499999996	8,430726563	0,993898264310605	428,455890786197
54160,00195	0,812858300000016	8,423679688	0,994032007931515	428,097763276922
54170,00195	0,813513999999998	8,432537109	0,993978361275764	428,547904101235
54180,00195	0,813931200000013	8,435609375	0,994081929402852	428,704038979519
54190,00195	0,813513999999998	8,432004883	0,994122444408526	428,52085597398
54200,00195	0,813275499999975	8,427822266	0,994119371256391	428,308292219342
54210,00195	0,81390140000002	8,431018555	0,993877028259325	428,470730040148
54220,00195	0,814110000000028	8,435166016	0,994043464498666	428,681507140316
54230,00195	0,814586799999972	8,444451172	0,994135204040185	429,153385780353
54240,00195	0,814318599999979	8,437212891	0,993954705104678	428,785530873609
54250,00195	0,814497399999993	8,438610352	0,993744680707527	428,856550896986
54260,00195	0,814825299999995	8,444075195	0,994007233705079	429,134278345276
54270,00195	0,814199400000007	8,435271484	0,99385728328186	428,686867103725
54280,00195	0,813990799999999	8,434706055	0,993965508639501	428,658131574935
54290,00195	0,814497399999993	8,439541016	0,994291301767724	428,9038479443
54300,00195	0,814497399999993	8,438298828	0,994333771870184	428,840719012045
54310,00195	0,814199400000007	8,435401367	0,993942410496039	428,693467855872
54320,00195	0,813424499999996	8,428217773	0,993955450141561	428,328392183768
54330,00195	0,814735799999994	8,440571289	0,994096180108325	428,956207196219
54340,00195	0,814497399999993	8,438841797	0,994051101876751	428,868313106673
54350,00195	0,81366300000002	8,432369141	0,993920523412531	428,539367840626
54360,00195	0,813841799999977	8,433705078	0,994120116293274	428,607261167861
54370,00195	0,814318599999979	8,435517578	0,99404057735574	428,699373786655
54380,00195	0,814497399999993	8,437701172	0,993980690391066	428,810345682777
54390,00195	0,814169600000014	8,437173828	0,993988792792171	428,783545662449
54400,00195	0,815242500000011	8,446024414	0,994129894777353	429,233339126899
54410,00195	0,814110000000028	8,43569043	0,994114154998163	428,708158255832
54420,00195	0,814348400000029	8,436087891	0,994027630714823	428,728357524013
54430,00195	0,813454299999989	8,431162109	0,993968209773219	428,47802556284
54440,00195	0,814408000000014	8,437544922	0,994129708768145	428,802404939777
54450,00195	0,814527199999986	8,437578125	0,994137160137021	428,804092341312
54460,00195	0,813573599999984	8,427625977	0,993914656122073	428,298316664126
54470,00195	0,813603399999977	8,430011719	0,993974822100559	428,419561874269
54480,00195	0,814944500000024	8,443654297	0,994201424318386	429,112887991056
54490,00195	0,815093499999989	8,443838867	0,994122165394714	429,122267977842
54500,00195	0,814437800000007	8,437104492	0,994119650270204	428,780021954566
54510,00195	0,813990799999999	8,430930664	0,99418484649771	428,466263353153
54520,00195	0,814855099999988	8,440640625	0,994119650270204	428,959730904101
54530,00195	0,814408000000014	8,437273438	0,993999596326995	428,788607917874
54540,00195	0,814199400000007	8,43628418	0,994103630477152	428,73833307923
54550,00195	0,814735799999994	8,437620117	0,994038993277321	428,806226406464
54560,00195	0,814944500000024	8,441958008	0,993975567137442	429,026681303044
54570,00195	0,814646400000015	8,441835938	0,994009841834193	429,020477613457
54580,00195	0,81500410000001	8,445214844	0,993838842368952	429,192196168115
54590,00195	0,814646400000015	8,442814453	0,994234860973651	429,070206484728
54600,00195	0,814735799999994	8,440748047	0,993882058508345	428,965190171266
54610,00195	0,815242500000011	8,447561523	0,994216233051485	429,311456167099
54620,00195	0,814348400000029	8,435735352	0,993956009169235	428,710441225797
54630,00195	0,813692800000013	8,431973633	0,993900406416649	428,51926782538
54640,00195	0,81390140000002	8,432667969	0,993987768741476	428,55455450526
54650,00195	0,814944500000024	8,44022168	0,994031542908494	428,938439802815
54660,00195	0,813782199999991	8,432408203	0,994053522996607	428,541353000966
54670,00195	0,814348400000029	8,435454102	0,993899940393579	428,696147888398
54680,00195	0,814676200000008	8,440915039	0,994013940037073	428,973676830818
54690,00195	0,814765599999987	8,440074219	0,993951444943285	428,930945723433
54700,00195	0,813335100000018	8,425674805	0,993938406297814	428,199156629568
54710,00195	0,814676200000008	8,437618164	0,993967929759358	428,806127153529
54720,00195	0,814318599999979	8,431893555	0,993998665280904	428,515198200945
54730,00195	0,814020599999992	8,431758789	0,994231041784584	428,50834929105
54740,00195	0,81390140000002	8,428541992	0,993884106609735	428,344869238197
54750,00195	0,813275499999975	8,422462891	0,993901896490414	428,035924734462
54760,00195	0,813335100000018	8,422976563	0,993932445002703	428,062029933425
54770,00195	0,814169600000014	8,432341797	0,993978548285022	428,537978197896
54780,00195	0,814437800000007	8,432964844	0,993937195237861	428,569641916959
54790,00195	0,81366300000002	8,426138672	0,99374291161995	428,222730700818
54800,00195	0,813513999999998	8,426874023	0,993968861805498	428,260101793973
54810,00195	0,813007299999981	8,418923828	0,994037969226626	427,856066880114
54820,00195	0,813603399999977	8,425089844	0,994107355661565	428,169428469787
54830,00195	0,813335100000018	8,421525391	0,993834651161469	427,988280276465
54840,00195	0,814020599999992	8,43059375	0,993993357018121	428,449141129237
54850,00195	0,813841799999977	8,426320313	0,993971655943821	428,231961833613
54860,00195	0,814348400000029	8,431930664	0,993957219229138	428,51708410835
54870,00195	0,813782199999991	8,429652344	0,994125517560661	428,401298165371
54880,00195	0,813692800000013	8,429358398	0,993724470707042	428,386359607664
54890,00195	0,813186099999996	8,423806641	0,99410083633883	428,104215124257
54900,00195	0,81390140000002	8,430098633	0,993942690509901	428,423978909387
54910,00195	0,814080199999978	8,430825195	0,994244546453126	428,460903338924
54920,00195	0,813573599999984	8,425505859	0,994058459240973	428,19057066626
54930,00195	0,813245699999982	8,424501953	0,993945577652828	428,139551405194
54940,00195	0,81366300000002	8,425700195	0,993976778197395	428,200446968542
54950,00195	0,81390140000002	8,429016602	0,994040111332669	428,368989276821
54960,00195	0,813573599999984	8,42481543	0,994242777365548	428,155482543071
54970,00195	0,81366300000002	8,426253906	0,994076341126207	428,228586979723
54980,00195	0,813156300000003	8,4201875	0,993832882073891	427,920287645474
54990,00195	0,812828500000023	8,419047852	0,99396569464871	427,862369873456
55000,00195	0,812947699999995	8,41990918	0,993874886153281	427,906143212888
55010,00195	0,813007299999981	8,420380859	0,994060974365483	427,930114295878
55020,00195	0,81390140000002	8,428850586	0,994153085925419	428,360552218326
55030,00195	0,813186099999996	8,421306641	0,993976964206603	427,977163236266
55040,00195	0,813603399999977	8,428762695	0,994016548166187	428,356085531331
55050,00195	0,814586799999972	8,438038086	0,99417776714725	428,827467906693
55060,00195	0,814080199999978	8,432286133	0,994022881479714	428,535149311379
55070,00195	0,813573599999984	8,429614258	0,993900964444274	428,399362606088
55080,00195	0,814199400000007	8,432600586	0,993958989316766	428,551130050313
55090,00195	0,812947699999995	8,421376953	0,993994940096491	427,980736545205
55100,00195	0,814110000000028	8,434166992	0,993937381247069	428,630735986177
55110,00195	0,814080199999978	8,435617188	0,994170036764562	428,70443604208
55120,00195	0,814318599999979	8,436347656	0,993896401218374	428,741558977486
55130,00195	0,813454299999989	8,428983398	0,993961317432018	428,367301824465
55140,00195	0,813931200000013	8,434828125	0,994067772702031	428,664335264522
55150,00195	0,813096700000017	8,424452148	0,993879636388439	428,137020277481
55160,00195	0,813752399999998	8,427109375	0,993983297520131	428,27206256035
55170,00195	0,813513999999998	8,426851563	0,99405221893205	428,258960359811
55180,00195	0,81366300000002	8,427220703	0,993972679994515	428,277720333384
55190,00195	0,81390140000002	8,428095703	0,994044768563223	428,322188494181
55200,00195	0,812828500000023	8,419794922	0,993876935254721	427,900336535041
55210,00195	0,813096700000017	8,421383789	0,994111267855237	427,981083955888
55220,00195	0,813007299999981	8,420300781	0,994122444408526	427,926044671444
55230,00195	0,814080199999978	8,427759766	0,993972027962237	428,305115922143
55240,00195	0,813186099999996	8,422889648	0,993767778850989	428,057612847487
55250,00195	0,814318599999979	8,432066406	0,994071032863424	428,523982619302
55260,00195	0,81336490000001	8,423157227	0,993942690509901	428,071211414342
55270,00195	0,813454299999989	8,424459961	0,993844244636389	428,137417340042
55280,00195	0,813692800000013	8,425834961	0,993968116768615	428,207295878437
55290,00195	0,813335100000018	8,425292969	0,994057435190278	428,179751435686
55300,00195	0,814348400000029	8,434710938	0,994143213436686	428,658379732683
55310,00195	0,813454299999989	8,428125977	0,994093105956141	428,323727041724
55320,00195	0,813513999999998	8,426464844	0,994045420595502	428,239307008182
55330,00195	0,813752399999998	8,428783203	0,994370560691396	428,357127763379
55340,00195	0,813573599999984	8,428479492	0,993950233883332	428,341692940997
55350,00195	0,814199400000007	8,432447266	0,994068797752776	428,543338212126
55360,00195	0,813513999999998	8,424185547	0,9938365142537	428,123471413325
55370,00195	0,813931200000013	8,429979492	0,994001273410018	428,417924073792
55380,00195	0,813603399999977	8,425251953	0,993985812644641	428,177666971591
55390,00195	0,814169600000014	8,429977539	0,99389267603396	428,417824820857
55400,00195	0,813841799999977	8,426332031	0,994045420595502	428,232557351222
55410,00195	0,813782199999991	8,42715332	0,994026326650266	428,274295878437
55420,00195	0,814199400000007	8,430549805	0,993872186019613	428,44690781115
55430,00195	0,813990799999999	8,428979492	0,993988885796775	428,367103318595
55440,00195	0,813990799999999	8,430052734	0,994023067488923	428,421646287544
55450,00195	0,814199400000007	8,434345703	0,994034244042212	428,639818214159
55460,00195	0,814199400000007	8,435723633	0,994018690272231	428,709845657366
55470,00195	0,815182900000025	8,44246582	0,993887925798802	429,052488692382
55480,00195	0,815659700000026	8,447032227	0,993947346740406	429,284556944656
55490,00195	0,813990799999999	8,432332031	0,993924714620014	428,537481882401
55500,00195	0,814676200000008	8,438146484	0,994203752433638	428,832976774915
55510,00195	0,814914699999974	8,438789063	0,994096086103672	428,865633124968
55520,00195	0,815093499999989	8,440154297	0,993841450498066	428,935015347868
55530,00195	0,815272300000004	8,440438477	0,993962342482762	428,94945759008
55540,00195	0,815272300000004	8,442441406	0,994194531977185	429,051247954465
55550,00195	0,81390140000002	8,429389648	0,993980876400274	428,387947756264
55560,00195	0,814020599999992	8,428748047	0,99406637563287	428,355341108909
55570,00195	0,814527199999986	8,434573242	0,99395042089259	428,651381917975
55580,00195	0,814676200000008	8,435630859	0,994048959770707	428,705130812624
55590,00195	0,81390140000002	8,430756836	0,994092546928467	428,457429282919
55600,00195	0,814110000000028	8,430140625	0,994014405060094	428,426112974539
55610,00195	0,813782199999991	8,427831055	0,993874234121003	428,30873888296
55620,00195	0,814408000000014	8,43715625	0,99411247891519	428,782652335214
55630,00195	0,814199400000007	8,43244043	0,994048679756845	428,542990801443
55640,00195	0,814258999999993	8,430755859	0,993847597802386	428,457379631041
55650,00195	0,814110000000028	8,432386719	0,994042905470992	428,540261167861
55660,00195	0,814169600000014	8,430788086	0,994053056973537	428,459017431519
55670,00195	0,814169600000014	8,433131836	0,994049517798332	428,578128576511
55680,00195	0,814944500000024	8,436680664	0,994095155057581	428,758482695533
55690,00195	0,814199400000007	8,430978516	0,994112291905932	428,468695227931
55700,00195	0,814855099999988	8,43674707	0,993765450735737	428,761857498602
55710,00195	0,814646400000015	8,435844727	0,993936170187116	428,715999745896
55720,00195	0,813931200000013	8,426132813	0,994169105718471	428,222432942014
55730,00195	0,81336490000001	8,421512695	0,994022694470457	427,987635056157
55740,00195	0,814169600000014	8,428859375	0,993974822100559	428,360998881943
55750,00195	0,814110000000028	8,428330078	0,994226478558684	428,33409960868
55760,00195	0,814169600000014	8,427745117	0,99389882233823	428,3043714489
55770,00195	0,814020599999992	8,429512695	0,994273325877836	428,394201097728
55780,00195	0,813335100000018	8,422072266	0,993766009763411	428,016072876963
55790,00195	0,813335100000018	8,421986328	0,993921734472483	428,011705442903
55800,00195	0,813335100000018	8,420197266	0,994006675677454	427,92078396097
55810,00195	0,813782199999991	8,425544922	0,994111360859841	428,19255587742
55820,00195	0,814527199999986	8,433069336	0,994167336630893	428,574952279311
55830,00195	0,813692800000013	8,423782227	0,993785009703994	428,102974386339
55840,00195	0,813692800000013	8,426423828	0,994196302064812	428,237222544087
55850,00195	0,813186099999996	8,420482422	0,993919219347974	427,935275804238
55860,00195	0,813603399999977	8,423352539	0,994194811991046	428,081137317681
55870,00195	0,812917900000002	8,416342773	0,993986278667711	427,72489571581
55880,00195	0,813931200000013	8,424418945	0,994027258696406	428,135332875947
55890,00195	0,813424499999996	8,422055664	0,993977523234278	428,015229150785
55900,00195	0,813424499999996	8,422685547	0,994038621258904	428,047240280531
55910,00195	0,813156300000003	8,420490234	0,994058273231765	427,935672815978
55920,00195	0,813037099999974	8,419060547	0,994084165513549	427,863015042944
55930,00195	0,813037099999974	8,418683594	0,994002670479179	427,84385800681
55940,00195	0,813841799999977	8,4235	0,993934308094934	428,088631397063
55950,00195	0,813186099999996	8,420760742	0,9940385282543	427,949420236825
55960,00195	0,814497399999993	8,432704102	0,994200772286108	428,556390811608
55970,00195	0,814020599999992	8,428404297	0,994159419238946	428,33787147431
55980,00195	0,813603399999977	8,422910156	0,994030517857749	428,058655079535
55990,00195	0,813096700000017	8,419101563	0,994059856310134	427,865099507039
56000,00195	0,813931200000013	8,427216797	0,994018410258369	428,277521827514
56010,00195	0,814080199999978	8,428617188	0,994144797515105	428,348690755705
56020,00195	0,813752399999998	8,423356445	0,99418987574668	428,08133582355
56030,00195	0,814527199999986	8,434710938	0,99404765570615	428,658379732683
56040,00195	0,813603399999977	8,423706055	0,994220983286643	428,099103267775
56050,00195	0,814527199999986	8,432866211	0,994140233289156	428,564629313412
56060,00195	0,81336490000001	8,422678711	0,993965229625689	428,046892869848
56070,00195	0,813454299999989	8,421859375	0,993768803901734	428,005253595568
56080,00195	0,813513999999998	8,421986328	0,994048213733775	428,011705442903
56090,00195	0,814586799999972	8,434575195	0,994156439091416	428,65148117091
56100,00195	0,813841799999977	8,426077148	0,994135670063256	428,219604004675
56110,00195	0,813573599999984	8,424541016	0,994004719580619	428,141536616354
56120,00195	0,813007299999981	8,416560547	0,994122444408526	427,735963154952
56130,00195	0,814020599999992	8,426693359	0,993891278964799	428,250920313056
56140,00195	0,814408000000014	8,428880859	0,994017945235348	428,362090715048
56150,00195	0,813782199999991	8,425131836	0,994060042319343	428,171562534939
56160,00195	0,812947699999995	8,414341797	0,993843499599506	427,62320460436
56170,00195	0,813007299999981	8,413481445	0,993948557800359	427,579480865986
56180,00195	0,813841799999977	8,420219727	0,994102792435665	427,921925445952
56190,00195	0,813454299999989	8,417634766	0,993965415634897	427,790555775779
56200,00195	0,81276889999998	8,413413086	0,993877494282395	427,576006809981
56210,00195	0,813156300000003	8,415367188	0,99388559768355	427,675315749352
56220,00195	0,814110000000028	8,426319336	0,99391596018663	428,231912181735
56230,00195	0,814169600000014	8,427237305	0,994032939977655	428,278564059562
56240,00195	0,814527199999986	8,43178125	0,99396364554727	428,509490776033
56250,00195	0,81336490000001	8,421540039	0,993876842250117	427,989024698887
56260,00195	0,814110000000028	8,428746094	0,993962900510387	428,355241855974
56270,00195	0,814199400000007	8,429816406	0,994017572216882	428,40963592011
56280,00195	0,814318599999979	8,430282227	0,994146194584267	428,433309295116
56290,00195	0,814169600000014	8,426349609	0,99401272897712	428,233450678457
56300,00195	0,814825299999995	8,435624023	0,994129522758936	428,704783401941
56310,00195	0,814110000000028	8,428580078	0,994083699490479	428,346804797479
56320,00195	0,814110000000028	8,429150391	0,993976964206603	428,375788534838
56330,00195	0,813990799999999	8,426657227	0,993954425090816	428,249084057529
56340,00195	0,813990799999999	8,427577148	0,994016920184604	428,29583513747
56350,00195	0,814765599999987	8,43431543	0,994041135383364	428,638279717437
56360,00195	0,814855099999988	8,436861328	0,994061626397762	428,76766417645
56370,00195	0,814348400000029	8,432923828	0,993863244576971	428,567557452864
56380,00195	0,814437800000007	8,433888672	0,994064420536084	428,616591553591
56390,00195	0,814199400000007	8,434202148	0,994199096203134	428,632522640646
56400,00195	0,81500410000001	8,439047852	0,994091895896238	428,878784977385
56410,00195	0,815272300000004	8,441358398	0,994008444765032	428,996208670021
56420,00195	0,81500410000001	8,439541016	0,994126821625218	428,9038479443
56430,00195	0,813990799999999	8,430149414	0,993899847388975	428,426559638156
56440,00195	0,814258999999993	8,433408203	0,993976964206603	428,592173756162
56450,00195	0,814825299999995	8,438915039	0,994254046923442	428,872035320425
56460,00195	0,815510700000004	8,444786133	0,994022135442782	429,170408751334
56470,00195	0,814735799999994	8,440884766	0,993992797990447	428,972138334096
56480,00195	0,815063699999996	8,440947266	0,994146194584267	428,975314631295
56490,00195	0,814080199999978	8,431886719	0,993935146136421	428,514850790263
56500,00195	0,814914699999974	8,437615234	0,994134459003303	428,805978248717
56510,00195	0,814735799999994	8,437387695	0,993978920303439	428,7944145449
56520,00195	0,814437800000007	8,432254883	0,994054547047302	428,533561162779
56530,00195	0,814318599999979	8,430415039	0,993953401040121	428,440058901255
56540,00195	0,814348400000029	8,430598633	0,994007233705079	428,449389286985
56550,00195	0,814527199999986	8,434726563	0,99413827719232	428,659173806983
56560,00195	0,814408000000014	8,433046875	0,993992797990447	428,573810794328
56570,00195	0,814258999999993	8,433070313	0,994163797455688	428,575001931189
56580,00195	0,81366300000002	8,426448242	0,993967836754753	428,238463282004
56590,00195	0,814258999999993	8,429383789	0,994047468696892	428,387649997459
56600,00195	0,813603399999977	8,427875	0,994108473716914	428,310972201047
56610,00195	0,814318599999979	8,429510742	0,993956660201464	428,394101844793
56620,00195	0,814258999999993	8,431552734	0,994014312055489	428,497877420339
56630,00195	0,81366300000002	8,425681641	0,993756882311562	428,19950404025
56640,00195	0,814199400000007	8,429428711	0,994030797871611	428,389932967424
56650,00195	0,814646400000015	8,432813477	0,993907018743989	428,561949331707
56660,00195	0,813573599999984	8,426520508	0,993907018743989	428,242135894699
56670,00195	0,813841799999977	8,427125	0,993875259171747	428,27285663465
56680,00195	0,813841799999977	8,427101563	0,993832882073891	428,27166554861
56690,00195	0,814318599999979	8,430860352	0,99409627311293	428,462690044214
56700,00195	0,813782199999991	8,425680664	0,994000342363927	428,199454388372
56710,00195	0,813782199999991	8,426141602	0,994091149859306	428,222879605631
56720,00195	0,814318599999979	8,433978516	0,994138091183112	428,62115749352
56730,00195	0,814258999999993	8,431014648	0,993985253616966	428,470531483458
56740,00195	0,813931200000013	8,427585938	0,99409673813595	428,296281851908
56750,00195	0,813245699999982	8,421395508	0,994042998475596	427,981679524318
56760,00195	0,81366300000002	8,424146484	0,994005278608293	428,121486202165
56770,00195	0,813931200000013	8,428043945	0,994137067132417	428,319558113534
56780,00195	0,814408000000014	8,430733398	0,993983204515526	428,456238146059
56790,00195	0,813424499999996	8,422491211	0,994027817724081	428,037363978249
56800,00195	0,813454299999989	8,42206543	0,993820028437578	428,01572546628
56810,00195	0,813513999999998	8,423135742	0,994311232754397	428,070119530416
56820,00195	0,813990799999999	8,426556641	0,993818445359209	428,243972201047
56830,00195	0,814110000000028	8,428674805	0,994183542433153	428,351618895157
56840,00195	0,813245699999982	8,423474609	0,994056503144138	428,087341007267
56850,00195	0,813156300000003	8,420592773	0,993775696242936	427,940883925395
56860,00195	0,812917900000002	8,419626953	0,993976964206603	427,891800223611
56870,00195	0,812441100000001	8,413786133	0,993936450200978	427,594965340245
56880,00195	0,81276889999998	8,41419043	0,993831111986264	427,615512019109
56890,00195	0,813782199999991	8,426048828	0,993858215328001	428,218164760888
56900,00195	0,813752399999998	8,425339844	0,993851695005215	428,182133658586
56910,00195	0,813245699999982	8,421655273	0,993861474489344	427,994880977791
56920,00195	0,813007299999981	8,41890918	0,993769548938616	427,855322457692
56930,00195	0,813603399999977	8,425802734	0,994024557562688	428,205658077959
56940,00195	0,813454299999989	8,422949219	0,994062836457665	428,060640290695
56950,00195	0,813692800000013	8,428333008	0,994127752671309	428,334248513493
56960,00195	0,813841799999977	8,42802832	0,9939392443393	428,318764039234
56970,00195	0,814080199999978	8,428446289	0,994152061874724	428,340005539462
56980,00195	0,814855099999988	8,435652344	0,994189130709798	428,706222696549
56990,00195	0,813692800000013	8,426583984	0,994106983643149	428,245361792956
57000,00195	0,813096700000017	8,419826172	0,993918567315695	427,901924683641
57010,00195	0,814110000000028	8,427708008	0,994181400327109	428,302485541495
57020,00195	0,813692800000013	8,422742188	0,993989351819846	428,050118818926
57030,00195	0,814348400000029	8,428811523	0,994080439329086	428,358567007166
57040,00195	0,81366300000002	8,424116211	0,993873210070308	428,119947705443
57050,00195	0,813275499999975	8,414466797	0,994009375811123	427,62955719876
57060,00195	0,81336490000001	8,419488281	0,993921734472483	427,884752807847
57070,00195	0,813424499999996	8,418859375	0,993920430407926	427,852791329979
57080,00195	0,814258999999993	8,429213867	0,994098135205112	428,379014433094
57090,00195	0,814527199999986	8,431516602	0,994071032863424	428,496041164812
57100,00195	0,814348400000029	8,433043945	0,994111733878307	428,573661889516
57110,00195	0,813245699999982	8,420257813	0,99412914974047	427,923861005234
57120,00195	0,81366300000002	8,424381836	0,994028655765567	428,133446968542
57130,00195	0,813096700000017	8,417935547	0,993926018684571	427,805841693348
57140,00195	0,813573599999984	8,422635742	0,993935425150233	428,044709152818
57150,00195	0,813424499999996	8,41856543	0,994079787296808	427,837852823093
57160,00195	0,814110000000028	8,422814453	0,993889508877172	428,0537913808
57170,00195	0,813335100000018	8,415267578	0,993947719758872	427,670253493927
57180,00195	0,814586799999972	8,426612305	0,994153458943885	428,246801087564
57190,00195	0,814169600000014	8,424666992	0,99389882233823	428,147938811811
57200,00195	0,812828500000023	8,413350586	0,993830552958589	427,572830512781
57210,00195	0,813603399999977	8,420672852	0,994027817724081	427,94495360065
57220,00195	0,813573599999984	8,419143555	0,993884572632806	427,867233572191
57230,00195	0,814646400000015	8,433137695	0,994164728501779	428,578426335315
57240,00195	0,813692800000013	8,420865234	0,994131012832702	427,954730599177
57250,00195	0,812828500000023	8,413469727	0,994095341066789	427,578885348376
57260,00195	0,813752399999998	8,422624023	0,994089101757915	428,044113584388
57270,00195	0,813096700000017	8,416839844	0,994072522937189	427,750157239417
57280,00195	0,813454299999989	8,418919922	0,99417571904586	427,855868374244
57290,00195	0,813603399999977	8,422703125	0,994048027724566	428,048133607765
57300,00195	0,813037099999974	8,418689453	0,994049424793728	427,844155765615
57310,00195	0,812947699999995	8,415166016	0,993623696718277	427,665092036388
57320,00195	0,814437800000007	8,430287109	0,994094038002282	428,433557402043
57330,00195	0,81390140000002	8,422917969	0,993935425150233	428,059052142095
57340,00195	0,813841799999977	8,42246875	0,994062091420782	428,036222493266
57350,00195	0,814765599999987	8,432598633	0,994053243982795	428,551030797378
57360,00195	0,813752399999998	8,424189453	0,993865200673807	428,123669919195
57370,00195	0,814676200000008	8,432980469	0,993972493985307	428,570435991259
57380,00195	0,814527199999986	8,431979492	0,994197606129369	428,519565584185
57390,00195	0,814318599999979	8,42871875	0,993875818199422	428,353852213244
57400,00195	0,813841799999977	8,426498047	0,993778024358188	428,240994409717
57410,00195	0,814676200000008	8,432336914	0,994150943819375	428,537730040148
57420,00195	0,813245699999982	8,421117188	0,994125145542245	427,967535091731
57430,00195	0,814110000000028	8,426266602	0,993873676093378	428,22923220003
57440,00195	0,813692800000013	8,423924805	0,994095528076047	428,110220307974
57450,00195	0,813841799999977	8,424574219	0,993951444943285	428,143224017889
57460,00195	0,814676200000008	8,433370117	0,994246223536149	428,59023819688
57470,00195	0,814020599999992	8,427279297	0,994106517620079	428,280698124714
57480,00195	0,814199400000007	8,427428711	0,994040111332669	428,288291457031
57490,00195	0,813513999999998	8,423055664	0,993985626635432	428,066049905982
57500,00195	0,814020599999992	8,427569336	0,993871533987334	428,29543812573
57510,00195	0,81500410000001	8,43724707	0,994149640754867	428,787267876201
57520,00195	0,813275499999975	8,420350586	0,994001459419226	427,928575799156
57530,00195	0,814169600000014	8,428226563	0,993900592425857	428,328838898206
57540,00195	0,814914699999974	8,434852539	0,994097483172833	428,665576002439
57550,00195	0,81500410000001	8,434564453	0,993915401158956	428,650935254358
57560,00195	0,814110000000028	8,426135742	0,993833720115378	428,222581796005
57570,00195	0,813931200000013	8,423428711	0,994091801891584	428,085008436245
57580,00195	0,813931200000013	8,423439453	0,994065444586779	428,085554352798
57590,00195	0,814586799999972	8,428192383	0,993833720115378	428,327101844794
57600,00195	0,814110000000028	8,424774414	0,993833068083099	428,153398078975
57610,00195	0,814258999999993	8,426816406	0,993978175266556	428,25717365452
57620,00195	0,814825299999995	8,433334961	0,993988420773755	428,58845154241
57630,00195	0,814258999999993	8,425384766	0,993885503678896	428,184416628551
57640,00195	0,814199400000007	8,426546875	0,994019900332134	428,243475885552
57650,00195	0,814765599999987	8,432495117	0,994034337046816	428,545770036083
57660,00195	0,814825299999995	8,433217773	0,99387805331007	428,58249595975
57670,00195	0,81500410000001	8,434488281	0,994250693757445	428,647064135793
57680,00195	0,814914699999974	8,431992188	0,994107821684636	428,520210804493
57690,00195	0,814348400000029	8,4283125	0,994269600693423	428,333206281445
57700,00195	0,814348400000029	8,426370117	0,993853092074377	428,234492910505
57710,00195	0,814408000000014	8,425767578	0,994180934304039	428,203871423489
57720,00195	0,813692800000013	8,420527344	0,994098042200507	427,937558774203
57730,00195	0,814110000000028	8,422445313	0,994347649557192	428,035031407227
57740,00195	0,813513999999998	8,419082031	0,99411294393821	427,864106876048
57750,00195	0,814437800000007	8,425008789	0,994051473895167	428,165309193475
57760,00195	0,813186099999996	8,411946289	0,994052963968933	427,501463078721
57770,00195	0,814437800000007	8,422549805	0,994121419357782	428,040341769579
57780,00195	0,814586799999972	8,426676758	0,994169385732332	428,250076637699
57790,00195	0,814527199999986	8,425617188	0,994170502787632	428,196228490115
57800,00195	0,814348400000029	8,422553711	0,993987768741476	428,040540275449
57810,00195	0,814080199999978	8,423408203	0,994058087222557	428,083966204198
57820,00195	0,81390140000002	8,418587891	0,994236723065833	427,838994308075
57830,00195	0,813335100000018	8,415592773	0,994026420654919	427,686780149413
57840,00195	0,813990799999999	8,420267578	0,993831392000125	427,924357269909
57850,00195	0,814497399999993	8,42471875	0,994063209476131	428,150569192458
57860,00195	0,813186099999996	8,41340332	0,993832509055425	427,575510494486
57870,00195	0,813782199999991	8,418918945	0,993981155414087	427,855818722366
57880,00195	0,813513999999998	8,415799805	0,993793764137378	427,697301672003
57890,00195	0,81336490000001	8,415696289	0,993918940334161	427,692040910708
57900,00195	0,814944500000024	8,43025293	0,993990189861333	428,431820399451
57910,00195	0,813275499999975	8,416326172	0,994022135442782	427,724052040453
57920,00195	0,81390140000002	8,419219727	0,993766568791086	427,871104690756
57930,00195	0,814944500000024	8,429974609	0,994008630774241	428,417675916044
57940,00195	0,813424499999996	8,414170898	0,99396159644583	427,614519388118
57950,00195	0,813096700000017	8,412395508	0,993827665815663	427,52429272755
57960,00195	0,813692800000013	8,41690332	0,993706774831016	427,753383137673
57970,00195	0,813007299999981	8,412957031	0,994054547047302	427,55282975047
57980,00195	0,813603399999977	8,41556543	0,994017572216882	427,685390557504
57990,00195	0,814497399999993	8,424736328	0,994072522937189	428,151462519693
58000,00195	0,813931200000013	8,420545898	0,99390888183622	427,938501702495
58010,00195	0,814497399999993	8,425938477	0,994130081786611	428,212556639732
58020,00195	0,81366300000002	8,417580078	0,99420356642443	427,787776490319
58030,00195	0,81336490000001	8,414203125	0,99395954834444	427,616157188596
58040,00195	0,813782199999991	8,419665039	0,994175812050464	427,893735782894
58050,00195	0,813037099999974	8,412172852	0,994053802010419	427,512977181481
58060,00195	0,814437800000007	8,423228516	0,994006395663593	428,074834375159
58070,00195	0,813275499999975	8,414619141	0,993981714441761	427,63729943589
58080,00195	0,812858300000016	8,409567383	0,993908136799338	427,38056527926
58090,00195	0,81276889999998	8,409359375	0,994003881539132	427,369994155613
58100,00195	0,813037099999974	8,411799805	0,993953960067795	427,494018651217
58110,00195	0,813692800000013	8,417612305	0,993914283103607	427,789414290796
58120,00195	0,81253049999998	8,406116211	0,993881778494483	427,205174111907
58130,00195	0,813782199999991	8,418786133	0,994194345967976	427,849069116227
58140,00195	0,813335100000018	8,41240918	0,993934773117955	427,524987548915
58150,00195	0,814080199999978	8,420237305	0,993804009644576	427,922818773187
58160,00195	0,813931200000013	8,41930957	0,993950047874124	427,875670579865
58170,00195	0,814169600000014	8,420527344	0,993937195237861	427,937558774203
58180,00195	0,81366300000002	8,416951172	0,993956381187651	427,755815012451
58190,00195	0,813007299999981	8,409666016	0,993727264845364	427,385577882807
58200,00195	0,813752399999998	8,416008789	0,993915867182026	427,707922396707
58210,00195	0,814110000000028	8,420025391	0,994191085806584	427,91204914367
58220,00195	0,81390140000002	8,415203125	0,994034151037608	427,666977943792
58230,00195	0,812709299999995	8,406713867	0,994058738254786	427,235547441175
58240,00195	0,814646400000015	8,424844727	0,994096180108325	428,156971438736
58250,00195	0,814497399999993	8,422560547	0,993998479271695	428,040887686131
58260,00195	0,813692800000013	8,415507813	0,994002670479179	427,682462418052
58270,00195	0,814258999999993	8,422680664	0,994088542730241	428,046992122783
58280,00195	0,814437800000007	8,424894531	0,994112757929002	428,159502515627
58290,00195	0,814735799999994	8,426380859	0,99397118992075	428,235038827057
58300,00195	0,815480900000011	8,433740234	0,994017106193812	428,609047822331
58310,00195	0,814914699999974	8,427708008	0,994311139749793	428,302485541495
58320,00195	0,813573599999984	8,414851563	0,993949209832637	427,649111297454
58330,00195	0,813186099999996	8,411979492	0,994085375573453	427,503150480256
58340,00195	0,814258999999993	8,420741211	0,994290649735445	427,948427656655
58350,00195	0,813454299999989	8,411200195	0,994219586217482	427,463546018194
58360,00195	0,813931200000013	8,41840625	0,994163331432618	427,829763175281
58370,00195	0,813573599999984	8,412458008	0,994098508223578	427,52746902475
58380,00195	0,813692800000013	8,414313477	0,993956754206118	427,621765360573
58390,00195	0,813424499999996	8,412994141	0,994167894658518	427,554715708695
58400,00195	0,813931200000013	8,413603516	0,99394790576808	427,585684606393
58410,00195	0,813841799999977	8,416019531	0,99411545906272	427,708468313259
58420,00195	0,814169600000014	8,417762695	0,994159233229738	427,79705722417
58430,00195	0,813573599999984	8,412382813	0,99393421509033	427,523647558063
58440,00195	0,813931200000013	8,416859375	0,99411750816416	427,751149819586
58450,00195	0,814080199999978	8,417232422	0,993937940274743	427,77010834985
58460,00195	0,813513999999998	8,412830078	0,993792553077425	427,546377903136
58470,00195	0,814258999999993	8,418926758	0,994136042081672	427,856215784927
58480,00195	0,81557029999999	8,43237793	0,994106610624683	428,539814504243
58490,00195	0,81390140000002	8,417509766	0,994072522937189	427,784203181379
58500,00195	0,814318599999979	8,420826172	0,994016268152325	427,952745438837
58510,00195	0,814855099999988	8,42652832	0,994136415100138	428,242532906439
58520,00195	0,814437800000007	8,421381836	0,994066562642128	427,980984702953
58530,00195	0,814408000000014	8,423012695	0,994003229506853	428,063866188952
58540,00195	0,814527199999986	8,425202148	0,994074572038629	428,175135843879
58550,00195	0,815153099999975	8,428939453	0,993859053369488	428,365068506378
58560,00195	0,81500410000001	8,429688477	0,99388261653597	428,403134471718
58570,00195	0,814199400000007	8,422004883	0,994093105956141	428,012648422016
58580,00195	0,814676200000008	8,423829102	0,993985812644641	428,105356609239
58590,00195	0,814437800000007	8,424157227	0,994340850220594	428,122032169538
58600,00195	0,814527199999986	8,423382813	0,994112850933606	428,082675865223
58610,00195	0,814110000000028	8,419645508	0,993826548760364	427,892743202724
58620,00195	0,81533189999999	8,430973633	0,994245943522287	428,468447070184
58630,00195	0,814020599999992	8,421082031	0,994103816486361	427,965748386441
58640,00195	0,814825299999995	8,429121094	0,994190061755889	428,374299639173
58650,00195	0,814408000000014	8,422202148	0,993870601941194	428,022673578289
58660,00195	0,815153099999975	8,427819336	0,994122816426943	428,30814331453
58670,00195	0,814586799999972	8,423539063	0,994259914213899	428,090616608223
58680,00195	0,814408000000014	8,421678711	0,993960851408947	427,996072114652
58690,00195	0,814110000000028	8,41897168	0,994041880420247	427,858498754892
58700,00195	0,814527199999986	8,422274414	0,994097856191299	428,026346190984
58710,00195	0,813692800000013	8,414411133	0,994037503203555	427,626728312243
58720,00195	0,814855099999988	8,424227539	0,994042998475596	428,125605478477
58730,00195	0,815063699999996	8,425704102	0,994101861389574	428,200645525233
58740,00195	0,814497399999993	8,41872168	0,993882430526762	427,845793566092
58750,00195	0,815093499999989	8,425985352	0,994014499064747	428,214938862631
58760,00195	0,814348400000029	8,420291992	0,994212041844002	427,925598007826
58770,00195	0,814676200000008	8,42152832	0,993833068083099	427,988429130457
58780,00195	0,814855099999988	8,425288086	0,993920523412531	428,179503277939
58790,00195	0,814825299999995	8,423920898	0,994116856131881	428,110021751283
58800,00195	0,814497399999993	8,422362305	0,994203752433638	428,030812877979
58810,00195	0,814497399999993	8,424303711	0,994151409842445	428,129476597042
58820,00195	0,813513999999998	8,412566406	0,99395042089259	427,532977892971
58830,00195	0,814169600000014	8,419831055	0,993803077598436	427,902172841388
58840,00195	0,813692800000013	8,413398438	0,993985067607758	427,575262387559
58850,00195	0,813454299999989	8,412813477	0,993981248418691	427,545534227779
58860,00195	0,814735799999994	8,421432617	0,994090032804006	427,983565431722
58870,00195	0,813931200000013	8,416708984	0,99408463053657	427,743506835392
58880,00195	0,814765599999987	8,42306543	0,994173855953629	428,066546221477
58890,00195	0,813692800000013	8,413900391	0,994006488668197	427,600772018092
58900,00195	0,814408000000014	8,420587891	0,994088262716379	427,940635818468
58910,00195	0,813335100000018	8,409118164	0,993816303253165	427,357735630432
58920,00195	0,814676200000008	8,422674805	0,994063768503806	428,046694363978
58930,00195	0,814169600000014	8,417054688	0,994186242566821	427,761075773746
58940,00195	0,814020599999992	8,413560547	0,994066562642128	427,583500889363
58950,00195	0,814110000000028	8,415389648	0,994303595376312	427,676457183514
58960,00195	0,814437800000007	8,416887695	0,994058738254786	427,752589063373
58970,00195	0,813513999999998	8,409863281	0,993838190336674	427,395603039081
58980,00195	0,813841799999977	8,413274414	0,993789572929894	427,568959394217
58990,00195	0,814825299999995	8,422571289	0,994208688678005	428,041433602683
59000,00195	0,814199400000007	8,416214844	0,994027630714823	427,718394267419
59010,00195	0,814110000000028	8,414771484	0,994184194465431	427,645041622198
59020,00195	0,813841799999977	8,413998047	0,994098415218974	427,605734969762
59030,00195	0,813931200000013	8,415011719	0,994119650270204	427,657250546323
59040,00195	0,81336490000001	8,410068359	0,99396411157034	427,406025257915
59050,00195	0,813692800000013	8,410525391	0,993873676093378	427,429251969304
59060,00195	0,814527199999986	8,418828125	0,993959734353648	427,851203181379
59070,00195	0,813931200000013	8,414228516	0,994146287588871	427,617447578391
59080,00195	0,814020599999992	8,41452832	0,993942224486831	427,632683844082
59090,00195	0,814020599999992	8,412155273	0,993760514491371	427,512083803425
59100,00195	0,814408000000014	8,418070313	0,994175625041206	427,812690603242
59110,00195	0,813752399999998	8,411301758	0,993835676212213	427,468707526554
59120,00195	0,813990799999999	8,412296875	0,994018038239952	427,519280124003
59130,00195	0,813454299999989	8,409017578	0,99418987574668	427,352623773949
59140,00195	0,813245699999982	8,406830078	0,994104189504827	427,241453371957
59150,00195	0,814646400000015	8,417085938	0,994054827061164	427,762663922346
59160,00195	0,813513999999998	8,40684375	0,993918847329557	427,242148193322
59170,00195	0,813931200000013	8,412410156	0,9940430914802	427,525037149972
59180,00195	0,813513999999998	8,409030273	0,994186708589892	427,353268943437
59190,00195	0,813007299999981	8,404351563	0,99421064477484	427,115493367891
59200,00195	0,813782199999991	8,411029297	0,994077180167743	427,454860852772
59210,00195	0,814110000000028	8,41577832	0,994198258161647	427,696209788077
59220,00195	0,813841799999977	8,414226563	0,993902641527297	427,617348325456
59230,00195	0,813931200000013	8,412105469	0,993864175623062	427,509552726534
59240,00195	0,813782199999991	8,412336914	0,993707053844829	427,52131493622
59250,00195	0,815242500000011	8,42477832	0,993906552720919	428,153596584845
59260,00195	0,814497399999993	8,419842773	0,994273139868628	427,902768358998
59270,00195	0,814765599999987	8,419893555	0,994158674202064	427,905349138588
59280,00195	0,814348400000029	8,417351563	0,993941945473019	427,776163185445
59290,00195	0,814437800000007	8,416392578	0,994311977791279	427,727426843523
59300,00195	0,813752399999998	8,410996094	0,993995871142581	427,453173451237
59310,00195	0,813096700000017	8,403503906	0,99375706832077	427,072414799004
59320,00195	0,814199400000007	8,415108398	0,994101674380317	427,662163846115
59330,00195	0,813335100000018	8,404084961	0,994000248359273	427,101944452915
59340,00195	0,814408000000014	8,413948242	0,993779328422745	427,603203842049
59350,00195	0,814437800000007	8,413170898	0,993918754324953	427,563698632922
59360,00195	0,814110000000028	8,415689453	0,994061253379296	427,691693500025
59370,00195	0,814169600000014	8,413488281	0,993752318085612	427,579828276668
59380,00195	0,814855099999988	8,420613281	0,994028375751705	427,941926157443
59390,00195	0,814914699999974	8,419828125	0,993935705164095	427,902023936576
59400,00195	0,81500410000001	8,428103516	0,994016454161533	428,322585556741
59410,00195	0,814855099999988	8,424476563	0,993938592307022	428,138261066219
59420,00195	0,814318599999979	8,416385742	0,993724749720854	427,72707943284
59430,00195	0,814318599999979	8,417290039	0,993993729036537	427,773036489302
59440,00195	0,813990799999999	8,413118164	0,993959175325974	427,561018651217
59450,00195	0,815182900000025	8,425770508	0,994131478855772	428,204020328302
59460,00195	0,814169600000014	8,415666016	0,99411750816416	427,690502413986
59470,00195	0,814586799999972	8,418838867	0,993855234180421	427,851749097932
59480,00195	0,814944500000024	8,424431641	0,994198444170856	428,135978096254
59490,00195	0,815063699999996	8,425644531	0,994210272756424	428,197618082025
59500,00195	0,814408000000014	8,418732422	0,993878612337744	427,846339482645
59510,00195	0,815272300000004	8,429175781	0,994073174969468	428,377078873812
59520,00195	0,814199400000007	8,419553711	0,994058087222557	427,888078009859
59530,00195	0,814408000000014	8,420452148	0,99410540056478	427,933737256696
59540,00195	0,814765599999987	8,423108398	0,994091522877772	428,068729887686
59550,00195	0,814199400000007	8,419546875	0,994025023585758	427,887730599177
59560,00195	0,815093499999989	8,426792969	0,99391959236644	428,255982568481
59570,00195	0,813990799999999	8,413924805	0,994000342363927	427,60201275601
59580,00195	0,814348400000029	8,418989258	0,993859425387904	427,859392082126
59590,00195	0,814676200000008	8,421165039	0,993916425209651	427,969966915688
59600,00195	0,814855099999988	8,427688477	0,9941423753952	428,301492961325
59610,00195	0,814318599999979	8,420796875	0,994248830665213	427,951256543172
59620,00195	0,814646400000015	8,421699219	0,993735181237261	427,997114346699
59630,00195	0,814735799999994	8,424167969	0,993900964444274	428,12257808609
59640,00195	0,814080199999978	8,417363281	0,993768151869455	427,776758703054
59650,00195	0,814676200000008	8,420442383	0,993920616417135	427,933240992021
59660,00195	0,814735799999994	8,422481445	0,994051939918237	428,036867662754
59670,00195	0,814497399999993	8,419488281	0,994115273053512	427,884752807847
59680,00195	0,814110000000028	8,41546582	0,994165846557127	427,680328302079
59690,00195	0,81366300000002	8,410913086	0,993915121145094	427,44895492199
59700,00195	0,815063699999996	8,424503906	0,994092919946933	428,139650658129
59710,00195	0,814825299999995	8,424825195	0,994123375454617	428,155978807745
59720,00195	0,814258999999993	8,417104492	0,994055013070372	427,763606850638
59730,00195	0,814586799999972	8,421192383	0,994160351285087	427,971356558418
59740,00195	0,815182900000025	8,427604492	0,993978361275764	428,2972247802
59750,00195	0,814646400000015	8,420966797	0,993950047874124	427,959892107537
59760,00195	0,814437800000007	8,417756836	0,993969978860797	427,796759465366
59770,00195	0,814944500000024	8,423773438	0,993794137155844	428,102527722722
59780,00195	0,813424499999996	8,409652344	0,994055199079581	427,384883061442
59790,00195	0,813841799999977	8,411400391	0,993980131363392	427,473720130101
59800,00195	0,813692800000013	8,411620117	0,993859425387904	427,484886771357
59810,00195	0,814020599999992	8,415097656	0,993882803545228	427,661617929562
59820,00195	0,813692800000013	8,413025391	0,993884386623597	427,556303857295
59830,00195	0,815093499999989	8,424999023	0,994144797515105	428,164812877979
59840,00195	0,814348400000029	8,416767578	0,993973798049864	427,746484626722
59850,00195	0,814825299999995	8,419541992	0,993910650923798	427,887482441429
59860,00195	0,814348400000029	8,417327148	0,993952749007842	427,774922396707
59870,00195	0,814318599999979	8,418663086	0,994001180405414	427,842815774762
59880,00195	0,814080199999978	8,416958008	0,994056876162604	427,756162423134
59890,00195	0,814348400000029	8,416990234	0,993890719937125	427,757800172791
59900,00195	0,813692800000013	8,413244141	0,994128963731262	427,567420897495
59910,00195	0,814318599999979	8,419443359	0,993754740205518	427,882469837882
59920,00195	0,813424499999996	8,409099609	0,993843778613319	427,356792651319
59930,00195	0,814735799999994	8,4199375	0,994137625160042	427,907582456675
59940,00195	0,813275499999975	8,408228516	0,993918102292674	427,312523047212
59950,00195	0,81500410000001	8,426702148	0,9940385282543	428,251366976673
59960,00195	0,814586799999972	8,422135742	0,993916146195839	428,01929877522
59970,00195	0,814437800000007	8,417261719	0,99408965978554	427,771597245515
59980,00195	0,813275499999975	8,407084961	0,99397277299912	427,254406718504
59990,00195	0,81390140000002	8,414013672	0,994018969286043	427,606529044062
60000,00195	0,814437800000007	8,419418945	0,9939803173726	427,881229099964
60010,00195	0,813603399999977	8,409712891	0,99391502814049	427,387960105707
60020,00195	0,813990799999999	8,414009766	0,993996151156443	427,606330538192
60030,00195	0,814080199999978	8,413708984	0,994002670479179	427,591044569802
60040,00195	0,813424499999996	8,409257813	0,994150850814771	427,364832698074
60050,00195	0,812917900000002	8,404416016	0,994037038180535	427,118768918026
60060,00195	0,81390140000002	8,411016602	0,994031821922307	427,454215683285
60070,00195	0,813752399999998	8,407157227	0,994183542433153	427,258079331199
60080,00195	0,813424499999996	8,405508789	0,994186242566821	427,174304467144
60090,00195	0,813573599999984	8,407533203	0,994028375751705	427,277186715455
60100,00195	0,814497399999993	8,414636719	0,993798700381744	427,638192763124
60110,00195	0,813186099999996	8,402360352	0,993966905708663	427,014298521116
60120,00195	0,81366300000002	8,41015918	0,993937381247069	427,410640849723
60130,00195	0,813692800000013	8,409618164	0,993982925501714	427,38314600803
60140,00195	0,814348400000029	8,41453418	0,993914470112865	427,632981653707
60150,00195	0,814080199999978	8,412123047	0,993982459478644	427,510446053768
60160,00195	0,814408000000014	8,4175625	0,993927042735266	427,786883163084
60170,00195	0,814318599999979	8,41571582	0,993754088173239	427,693033490878
60180,00195	0,813424499999996	8,4073125	0,993988047755289	427,26597042232
60190,00195	0,813603399999977	8,407828125	0,994041229388018	427,292174874219
60200,00195	0,81390140000002	8,410433594	0,9941640764695	427,42458677644
60210,00195	0,812917900000002	8,401193359	0,994109404763005	426,954991055547
60220,00195	0,812917900000002	8,401727539	0,993879170365369	426,982138486558
60230,00195	0,813841799999977	8,410571289	0,994303595376312	427,431584540326
60240,00195	0,814020599999992	8,410820313	0,994041601406435	427,444240128068
60250,00195	0,813841799999977	8,41200293	0,994142003376783	427,504341617116
60260,00195	0,814437800000007	8,415318359	0,993970072865451	427,672834222697
60270,00195	0,813841799999977	8,411219727	0,993954705104678	427,464538649184
60280,00195	0,814169600000014	8,413688477	0,994049610802936	427,590002388576
60290,00195	0,813335100000018	8,405203125	0,994088542730241	427,158770391828
60300,00195	0,813990799999999	8,414328125	0,9940248365765	427,622509782995
60310,00195	0,813245699999982	8,404250977	0,993981900450969	427,110381511409
60320,00195	0,814408000000014	8,41599707	0,993773926155308	427,707326828277
60330,00195	0,813603399999977	8,408556641	0,994163890460292	427,329198607511
60340,00195	0,814258999999993	8,414505859	0,994051101876751	427,6315423591
60350,00195	0,813603399999977	8,410951172	0,994150291787097	427,450890481273
60360,00195	0,814527199999986	8,419419922	0,994030517857749	427,881278751842
60370,00195	0,813782199999991	8,413578125	0,994007233705079	427,584394216598
60380,00195	0,813752399999998	8,412995117	0,994141816367525	427,554765309752
60390,00195	0,81390140000002	8,41562207	0,993893886093864	427,688269045078
60400,00195	0,814110000000028	8,418230469	0,994068145720497	427,820829852112
60410,00195	0,814497399999993	8,419745117	0,993953680053933	427,897805407328
60420,00195	0,813096700000017	8,405	0,993767219823315	427,148447425929
60430,00195	0,81366300000002	8,408408203	0,993877401277791	427,321654876252
60440,00195	0,814348400000029	8,414961914	0,994174600990511	427,654719418611
60450,00195	0,813603399999977	8,407883789	0,994061905411574	427,295003760736
60460,00195	0,813603399999977	8,408966797	0,994030145839333	427,35004304518
60470,00195	0,814646400000015	8,41959668	0,993814720174795	427,890261726889
60480,00195	0,814855099999988	8,421324219	0,994099812288135	427,978056563501
60490,00195	0,814199400000007	8,415268555	0,993944832615945	427,670303145805
60500,00195	0,814497399999993	8,41577832	0,993922293500158	427,696209788077
60510,00195	0,813931200000013	8,413638672	0,993943993574409	427,587471260863
60520,00195	0,814735799999994	8,418930664	0,994181213317851	427,856414290796
60530,00195	0,813931200000013	8,409753906	0,993968302777824	427,390044518982
60540,00195	0,814676200000008	8,417996094	0,994072149918723	427,808918737612
60550,00195	0,814914699999974	8,419740234	0,994174973008928	427,897557249581
60560,00195	0,813990799999999	8,412803711	0,9941595132436	427,545037912283
60570,00195	0,814765599999987	8,419041992	0,993934028081072	427,862072063831
60580,00195	0,814646400000015	8,41812793	0,994093478974607	427,815618742695
60590,00195	0,813990799999999	8,411105469	0,994010400861868	427,458731971337
60600,00195	0,814199400000007	8,412541016	0,993826175741897	427,531687553997
60610,00195	0,814437800000007	8,415679688	0,993934587108747	427,691197235351
60620,00195	0,814080199999978	8,412395508	0,993820680469857	427,52429272755
60630,00195	0,814258999999993	8,415145508	0,994118532214855	427,66404980434
60640,00195	0,814258999999993	8,414023438	0,993921454458622	427,607025359557
60650,00195	0,814408000000014	8,416039063	0,994035548106769	427,70946094425
60660,00195	0,814020599999992	8,414300781	0,99410838071231	427,621120140265
60670,00195	0,813841799999977	8,411982422	0,994096832140604	427,503299385069
60680,00195	0,814586799999972	8,41740918	0,994061905411574	427,779091324897
60690,00195	0,815093499999989	8,42190918	0,993808572870476	428,007784723281
60700,00195	0,814855099999988	8,421223633	0,994048959770707	427,972944707018
60710,00195	0,814676200000008	8,418166992	0,993922758523179	427,817603903034
60720,00195	0,813990799999999	8,4118125	0,994048865766053	427,494663820704
60730,00195	0,813513999999998	8,407128906	0,993788175860733	427,256640036591
60740,00195	0,814944500000024	8,42034375	0,993999410317786	427,928228388474
60750,00195	0,815153099999975	8,425115234	0,993942410496039	428,170718808761
60760,00195	0,814348400000029	8,415295898	0,993882151512949	427,671692737714
60770,00195	0,813782199999991	8,411678711	0,994021018387483	427,487864562687
60780,00195	0,814348400000029	8,416112305	0,994018876281439	427,713183158002
60790,00195	0,81366300000002	8,409688477	0,993915587168164	427,38671936779
60800,00195	0,814437800000007	8,416852539	0,994097670182091	427,750802408904
60810,00195	0,814437800000007	8,417646484	0,994143772464361	427,791151293388
60820,00195	0,814497399999993	8,41819043	0,994027444705615	427,818795039894
60830,00195	0,814348400000029	8,413207031	0,994016268152325	427,565534939269
60840,00195	0,813275499999975	8,405419922	0,993745239735202	427,169788179092
60850,00195	0,814110000000028	8,412862305	0,993964484588806	427,548015703613
60860,00195	0,814258999999993	8,412791016	0,993923317550853	427,544392742796
60870,00195	0,813931200000013	8,41168457	0,994091988900842	427,488162321492
60880,00195	0,813931200000013	8,408893555	0,99400108740081	427,346320831428
60890,00195	0,814527199999986	8,414842773	0,994237655111973	427,648664583016
60900,00195	0,814318599999979	8,414273438	0,993958803307557	427,619730548356
60910,00195	0,813782199999991	8,407424805	0,994114900035046	427,271677847233
60920,00195	0,814914699999974	8,41946582	0,993996616179464	427,883611322864
60930,00195	0,814437800000007	8,414267578	0,993737509352513	427,619432738731
60940,00195	0,813752399999998	8,410256836	0,994029027783984	427,415603801393
60950,00195	0,815510700000004	8,428586914	0,994146007575009	428,347152208162
60960,00195	0,814825299999995	8,420792969	0,993918102292674	427,951058037302
60970,00195	0,814408000000014	8,414335938	0,994111360859841	427,622906845556
60980,00195	0,814348400000029	8,411725586	0,994045420595502	427,490246785587
60990,00195	0,815182900000025	8,421424805	0,993958989316766	427,983168419983
61000,00195	0,814855099999988	8,421860352	0,994105213555522	428,005303247446
61010,00195	0,814497399999993	8,415742188	0,994013660023211	427,694373532551
61020,00195	0,814020599999992	8,41240332	0,994054547047302	427,524689739289
61030,00195	0,814258999999993	8,415616211	0,994159233229738	427,687971286273
61040,00195	0,814735799999994	8,415858398	0,993962621496575	427,700279412512
61050,00195	0,813841799999977	8,408268555	0,993993357018121	427,31455785943
61060,00195	0,814348400000029	8,412358398	0,994002111451505	427,522406769325
61070,00195	0,814020599999992	8,408952148	0,993933656062656	427,349298571937
61080,00195	0,814497399999993	8,414286133	0,994092733937725	427,620375717843
61090,00195	0,815093499999989	8,418401367	0,994113316956676	427,829515017533
61100,00195	0,815093499999989	8,420095703	0,994171992861397	427,91562245261
61110,00195	0,814676200000008	8,415306641	0,994008630774241	427,672238705087
61120,00195	0,814348400000029	8,413108398	0,994013847032469	427,560522335722
61130,00195	0,814527199999986	8,414665039	0,99394790576808	427,639632006912
61140,00195	0,814527199999986	8,414154297	0,994046444646197	427,613675712761
61150,00195	0,814676200000008	8,417133789	0,994018131244556	427,765095746303
61160,00195	0,814497399999993	8,414606445	0,99384815583001	427,636654215582
61170,00195	0,814020599999992	8,408890625	0,994150664805563	427,346171926615
61180,00195	0,814437800000007	8,413285156	0,994132316897259	427,569505310769
61190,00195	0,814348400000029	8,41096875	0,993945297638966	427,451783808507
61200,00195	0,81366300000002	8,406125	0,993911581969889	427,205620775525
61210,00195	0,814527199999986	8,412851563	0,99392667071685	427,547469787061
61220,00195	0,814080199999978	8,408303711	0,993864734650736	427,3163445139
61230,00195	0,814944500000024	8,417665039	0,994215861033068	427,792094272501
61240,00195	0,813990799999999	8,411338867	0,993771784049264	427,470593433958
61250,00195	0,814258999999993	8,415883789	0,994102233407991	427,701569802307
61260,00195	0,814348400000029	8,414532227	0,993786592782363	427,632882400772
61270,00195	0,814765599999987	8,418772461	0,99419602205095	427,848374294862
61280,00195	0,814586799999972	8,415529297	0,99388513166048	427,683554251156
61290,00195	0,815689500000019	8,426931641	0,994009934838798	428,263029984246
61300,00195	0,814765599999987	8,418419922	0,993792926095891	427,830457996646
61310,00195	0,816017299999999	8,434257813	0,994119836279412	428,635351577984
61320,00195	0,815182900000025	8,423969727	0,993993636031933	428,112503277939
61330,00195	0,814914699999974	8,418819336	0,993944832615945	427,850756517762
61340,00195	0,814437800000007	8,414646484	0,993946136680502	427,638689027799
61350,00195	0,814437800000007	8,414419922	0,994000714382344	427,62717497586
61360,00195	0,814855099999988	8,41871875	0,993954053072399	427,84564466128
61370,00195	0,813603399999977	8,407691406	0,993881592485275	427,285226711389
61380,00195	0,814318599999979	8,413917969	0,993880195416114	427,601665345327
61390,00195	0,814080199999978	8,411030273	0,994093943997628	427,454910453829
61400,00195	0,814527199999986	8,416607422	0,994158861211321	427,738345377852
61410,00195	0,814437800000007	8,411523438	0,994044488549361	427,479973471566
61420,00195	0,813841799999977	8,408741211	0,993809783930429	427,338578594298
61430,00195	0,815391499999976	8,421467773	0,994012821981724	427,985352086192
61440,00195	0,814646400000015	8,411981445	0,994012542967912	427,503249733191
61450,00195	0,813990799999999	8,405709961	0,993968954810102	427,184528180109
61460,00195	0,813186099999996	8,399944336	0,99410083633883	426,891514763429
61470,00195	0,814437800000007	8,410865234	0,994079322273787	427,446523047212
61480,00195	0,814020599999992	8,407610352	0,994080719342948	427,281107485897
61490,00195	0,814169600000014	8,409433594	0,994026326650266	427,373766021243
61500,00195	0,813275499999975	8,40065625	0,994183542433153	426,927694770544
61510,00195	0,813245699999982	8,399174805	0,994142189385991	426,852406616862
61520,00195	0,813454299999989	8,402112305	0,994002856488387	427,001692585252
61530,00195	0,814110000000028	8,406958984	0,993986743690732	427,248004472226
61540,00195	0,813573599999984	8,401371094	0,993842567553366	426,964023682472
61550,00195	0,814646400000015	8,413885742	0,993855421189678	427,600027544849
61560,00195	0,813782199999991	8,406529297	0,993990841893611	427,226167454388
61570,00195	0,814318599999979	8,411231445	0,994108194703102	427,465134166794
61580,00195	0,814527199999986	8,41303125	0,994074572038629	427,5566016161
61590,00195	0,814110000000028	8,408126953	0,994094689034511	427,307361538853
61600,00195	0,814408000000014	8,41003125	0,993913538066725	427,404139350511
61610,00195	0,813931200000013	8,406328125	0,993952189980168	427,215943741424
61620,00195	0,814020599999992	8,40962207	0,993931513956612	427,383344513899
61630,00195	0,813990799999999	8,408582031	0,994174973008928	427,330488946486
61640,00195	0,81366300000002	8,402750977	0,993907484767059	427,034150378615
61650,00195	0,814110000000028	8,407571289	0,994074758047837	427,279122274737
61660,00195	0,814020599999992	8,404163086	0,994100371315809	427,105914824414
61670,00195	0,814318599999979	8,408845703	0,994002949492992	427,34388895665
61680,00195	0,81500410000001	8,417073242	0,994339639160641	427,762018702038
61690,00195	0,81366300000002	8,403958008	0,993895470172283	427,09549260558
61700,00195	0,813692800000013	8,405881836	0,99412616959294	427,193262997408
61710,00195	0,814020599999992	8,412269531	0,994052498945912	427,517890481273
61720,00195	0,813782199999991	8,404662109	0,993809317907359	427,131275550135
61730,00195	0,814586799999972	8,413577148	0,994269227674957	427,58434456472
61740,00195	0,815063699999996	8,419849609	0,994022881479714	427,90311576968
61750,00195	0,814825299999995	8,415835938	0,994020087341392	427,69913797835
61760,00195	0,814080199999978	8,409993164	0,994043371494062	427,402203791228
61770,00195	0,814765599999987	8,41515918	0,994053243982795	427,664744625705
61780,00195	0,814944500000024	8,415838867	0,993953028021655	427,699286832342
61790,00195	0,814855099999988	8,417578125	0,99419900319853	427,787677237384
61800,00195	0,814676200000008	8,413057617	0,994016734175395	427,557941606952
61810,00195	0,814169600000014	8,410326172	0,993974822100559	427,419127509275
61820,00195	0,81390140000002	8,407075195	0,993874328125656	427,253910403009
61830,00195	0,814258999999993	8,410558594	0,993984136561667	427,430939370839
61840,00195	0,813424499999996	8,401856445	0,993824219645062	426,988689586827
61850,00195	0,813990799999999	8,408949219	0,994028375751705	427,349149717945
61860,00195	0,814735799999994	8,413739258	0,994221914332734	427,592583117345
61870,00195	0,813424499999996	8,401844727	0,99388969488638	426,988094069218
61880,00195	0,814735799999994	8,413270508	0,994045233586244	427,568760888347
61890,00195	0,814020599999992	8,407021484	0,994000900391552	427,251180769426
61900,00195	0,814348400000029	8,411042969	0,99424007623183	427,455555674137
61910,00195	0,813335100000018	8,400075195	0,993997361216347	426,898165116634
61920,00195	0,814586799999972	8,412463867	0,994004439566757	427,527766783554
61930,00195	0,814199400000007	8,408238281	0,994048027724566	427,313019311887
61940,00195	0,814497399999993	8,41406543	0,994168919709262	427,609159424709
61950,00195	0,814080199999978	8,408606445	0,993830552958589	427,331729684403
61960,00195	0,814735799999994	8,415889648	0,993902641527297	427,701867561112
61970,00195	0,815063699999996	8,418676758	0,994012635972516	427,843510596127
61980,00195	0,814318599999979	8,409738281	0,99394837179115	427,389250444682
61990,00195	0,815421300000025	8,42196875	0,993930581910471	428,010812115668
62000,00195	0,813752399999998	8,403799805	0,99433414488865	427,087452609646
62010,00195	0,814020599999992	8,405536133	0,994059204277856	427,175694109874
62020,00195	0,814497399999993	8,411464844	0,99398944482445	427,476995680236
62030,00195	0,815093499999989	8,416251953	0,994199096203134	427,720280174823
62040,00195	0,815600099999983	8,423979492	0,994208502668796	428,112999542613
62050,00195	0,814855099999988	8,421519531	0,993950326887936	427,987982466839
62060,00195	0,814318599999979	8,414436523	0,993995871142581	427,628018651217
62070,00195	0,814169600000014	8,411869141	0,994106797633941	427,497542359099
62080,00195	0,815093499999989	8,418155273	0,993876190217838	427,817008334604
62090,00195	0,814914699999974	8,416606445	0,994147777662636	427,738295725974
62100,00195	0,814825299999995	8,414105469	0,993993357018121	427,611194236926
62110,00195	0,815153099999975	8,419456055	0,994098508223578	427,88311505819
62120,00195	0,814855099999988	8,418895508	0,994025302599571	427,854627636327
62130,00195	0,815510700000004	8,424462891	0,994045978623127	428,137566244854
62140,00195	0,815749100000005	8,426708984	0,994018131244556	428,251714387356
62150,00195	0,815182900000025	8,421836914	0,994154389989976	428,004112110586
62160,00195	0,815510700000004	8,423635742	0,99398692969994	428,095529908014
62170,00195	0,815898100000027	8,428336914	0,993800935492392	428,334447019363
62180,00195	0,815272300000004	8,432080078	0,99395703321993	428,524677440667
62190,00195	0,814348400000029	8,420868164	0,994046071627731	427,954879503989
62200,00195	0,815242500000011	8,42599707	0,994007513718941	428,215534380241
62210,00195	0,81500410000001	8,424149414	0,994058552245577	428,121635106978
62220,00195	0,815421300000025	8,426520508	0,994013008990982	428,242135894699
62230,00195	0,816226000000029	8,432769531	0,994131291846514	428,559715962799
62240,00195	0,815391499999976	8,425112305	0,994054547047302	428,17056995477
62250,00195	0,815421300000025	8,426708984	0,994045792613918	428,251714387356
62260,00195	0,816315400000008	8,434055664	0,994121233348573	428,625078213142
62270,00195	0,814944500000024	8,420163086	0,993973518036002	427,919046907557
62280,00195	0,815242500000011	8,421461914	0,994157836160577	427,985054327387
62290,00195	0,81592790000002	8,42921875	0,993970910906938	428,379262590842
62300,00195	0,814110000000028	8,412545898	0,994048772761449	427,531935660924
62310,00195	0,815242500000011	8,421300781	0,993979758344926	427,97686542664
62320,00195	0,814527199999986	8,41865918	0,994048586752241	427,842617268893
62330,00195	0,815898100000027	8,4305625	0,993911302956077	428,447552980637
62340,00195	0,814765599999987	8,421520508	0,993702862637345	427,988032118717
62350,00195	0,81592790000002	8,432535156	0,994159233229738	428,5478048483
62360,00195	0,815242500000011	8,425405273	0,994101488371108	428,185458809778
62370,00195	0,816971000000024	8,440828125	0,99390794979008	428,969259795701
62380,00195	0,814944500000024	8,423662109	0,993861567493948	428,096869898867
62390,00195	0,816345200000001	8,434029297	0,993774019159912	428,62373822229
62400,00195	0,816136599999993	8,435483398	0,993996337165652	428,697636733242
62410,00195	0,814646400000015	8,419894531	0,994081557384435	427,905398739645
62420,00195	0,814765599999987	8,421640625	0,994213624922371	427,994136555369
62430,00195	0,815659700000026	8,429095703	0,993859053369488	428,373009249377
62440,00195	0,816077000000007	8,435810547	0,993999969345461	428,714262692484
62450,00195	0,815808699999991	8,433595703	0,994064420536084	428,601702647761
62460,00195	0,814318599999979	8,417885742	0,994087610684101	427,803310565635
62470,00195	0,814527199999986	8,419652344	0,994051753909029	427,893090613407
62480,00195	0,815272300000004	8,424635742	0,994079135264529	428,146350663211
62490,00195	0,81533189999999	8,426355469	0,994071870904911	428,233748488083
62500,00195	0,815659700000026	8,429322266	0,993883175563644	428,384523352137
62510,00195	0,81592790000002	8,430833984	0,993936357196374	428,461350002541
62520,00195	0,816077000000007	8,434182617	0,994054361038094	428,631530060477
62530,00195	0,814765599999987	8,421833008	0,994252369840418	428,003913604716
62540,00195	0,815242500000011	8,426763672	0,994060974365483	428,254493672816
62550,00195	0,815182900000025	8,423955078	0,994095993099068	428,111758804696
62560,00195	0,815838499999984	8,43253125	0,99410838071231	428,54760634243
62570,00195	0,815272300000004	8,425714844	0,994027444705615	428,201191441785
62580,00195	0,815063699999996	8,424567383	0,994241287291782	428,142876607206
62590,00195	0,815093499999989	8,423902344	0,994084258518153	428,109078822991
62600,00195	0,815272300000004	8,427869141	0,994119836279412	428,310674442242
62610,00195	0,815182900000025	8,425003906	0,993888763840289	428,165061035727
62620,00195	0,815659700000026	8,427060547	0,993968209773219	428,269581084515
62630,00195	0,815093499999989	8,424005859	0,994063954513014	428,114339533465
62640,00195	0,814646400000015	8,42180957	0,99404467455857	428,002722467856
62650,00195	0,815987500000006	8,432015625	0,994072056914119	428,521401890532
62660,00195	0,815659700000026	8,431162109	0,993952189980168	428,47802556284
62670,00195	0,81500410000001	8,421585938	0,994002670479179	427,99135732073
62680,00195	0,81533189999999	8,427043945	0,9940430914802	428,268737358337
62690,00195	0,815272300000004	8,426302734	0,993923224546249	428,231068455557
62700,00195	0,815153099999975	8,425083984	0,994119184247134	428,169130660162
62710,00195	0,814646400000015	8,418835938	0,99381984242837	427,85160024394
62720,00195	0,81533189999999	8,427001953	0,993840239438114	428,266603293185
62730,00195	0,813692800000013	8,411654297	0,994066189623662	427,48662382477
62740,00195	0,814318599999979	8,416199219	0,994214463963907	427,717600193119
62750,00195	0,814348400000029	8,416294922	0,994185497529939	427,722463891853
62760,00195	0,814646400000015	8,419899414	0,994089380771728	427,905646897393
62770,00195	0,814199400000007	8,415613281	0,994102513421853	427,687822381461
62780,00195	0,814020599999992	8,411395508	0,993921641467879	427,473471972353
62790,00195	0,814944500000024	8,418431641	0,993906180702502	427,831053565076
62800,00195	0,813603399999977	8,40931543	0,993953680053933	427,367760837526
62810,00195	0,814914699999974	8,41994043	0,99387600420863	427,907731361488
62820,00195	0,813841799999977	8,408321289	0,994129894777353	427,317237841134
62830,00195	0,814080199999978	8,410294922	0,993852534046752	427,417539360675
62840,00195	0,814437800000007	8,412044922	0,993908508817754	427,506475682269
62850,00195	0,814408000000014	8,413973633	0,994133806971024	427,604494231844
62860,00195	0,813692800000013	8,408146484	0,994032007931515	427,308354119022
62870,00195	0,81500410000001	8,418457031	0,994034989079095	427,832343904051
62880,00195	0,813096700000017	8,400746094	0,993961503441226	426,932260710474
62890,00195	0,814586799999972	8,412237305	0,994151316837841	427,516252731616
62900,00195	0,814318599999979	8,409827148	0,993840146433509	427,393766732734
62910,00195	0,814408000000014	8,413173828	0,993947253735802	427,563847537734
62920,00195	0,814646400000015	8,415102539	0,993888111808011	427,66186608731
62930,00195	0,814646400000015	8,417212891	0,99417525302279	427,76911576968
62940,00195	0,814110000000028	8,411102539	0,99412160636704	427,458583066524
62950,00195	0,813692800000013	8,406557617	0,994052125927446	427,227606698176
62960,00195	0,814527199999986	8,417111328	0,993913352057516	427,76395426132
62970,00195	0,814825299999995	8,419079102	0,994155135026859	427,863958022056
62980,00195	0,814646400000015	8,41590918	0,993971655943821	427,702860192102
62990,00195	0,814110000000028	8,411008789	0,994014964087768	427,453818620725
63000,00195	0,814258999999993	8,410759766	0,993733970177308	427,441163083803
63010,00195	0,813782199999991	8,409279297	0,994009841834193	427,365924531179
63020,00195	0,814855099999988	8,414035156	0,993960758404343	427,607620877166
63030,00195	0,814825299999995	8,415100586	0,993989817842916	427,661766834375
63040,00195	0,814258999999993	8,409044922	0,994116763127277	427,354013416679
63050,00195	0,815063699999996	8,415953125	0,994197606129369	427,70509351019
63060,00195	0,814437800000007	8,415825195	0,994084816545778	427,698592010977
63070,00195	0,815182900000025	8,420668945	0,993988233764497	427,94475504396
63080,00195	0,814169600000014	8,410964844	0,994045420595502	427,451585302638
63090,00195	0,814527199999986	8,41455957	0,994269227674957	427,634271992682
63100,00195	0,814199400000007	8,412027344	0,99391046491459	427,505582355034
63110,00195	0,814527199999986	8,419920898	0,993879170365369	427,906738730498
63120,00195	0,815153099999975	8,423832031	0,994039459300391	428,105505463231
63130,00195	0,814258999999993	8,414505859	0,993955729155373	427,6315423591
63140,00195	0,81557029999999	8,426876953	0,993868180821337	428,260250698785
63150,00195	0,815182900000025	8,424109375	0,993971375929958	428,11960029476
63160,00195	0,815242500000011	8,424474609	0,994295399970603	428,138161762464
63170,00195	0,815480900000011	8,425037109	0,994276772048437	428,166748437262
63180,00195	0,815182900000025	8,422333008	0,99419145882505	428,029323982314
63190,00195	0,814169600000014	8,413890625	0,994118719224113	427,600275702597
63200,00195	0,815808699999991	8,428147461	0,99421315989935	428,324818874829
63210,00195	0,815659700000026	8,426680664	0,994067027665149	428,250275143569
63220,00195	0,814348400000029	8,415459961	0,993894073103122	427,680030543274
63230,00195	0,815421300000025	8,424389648	0,993989537829054	428,133843980282
63240,00195	0,81500410000001	8,418362305	0,994033218991468	427,827529857194
63250,00195	0,814855099999988	8,418986328	0,993965136621085	427,859243177314
63260,00195	0,814914699999974	8,415805664	0,993844151631785	427,697599430808
63270,00195	0,815421300000025	8,426226563	0,994094410020698	428,227197387813
63280,00195	0,815898100000027	8,430381836	0,993787803842316	428,438371499721
63290,00195	0,815689500000019	8,426301758	0,993899102352092	428,2310188545
63300,00195	0,815480900000011	8,423297852	0,993875445180956	428,078358083041
63310,00195	0,816583600000001	8,436275391	0,994134459003303	428,737886415612
63320,00195	0,816077000000007	8,429727539	0,994163052418805	428,405119632058
63330,00195	0,815480900000011	8,426617188	0,994068331729706	428,247049245312
63340,00195	0,815689500000019	8,426339844	0,99394129344074	428,232954413783
63350,00195	0,816345200000001	8,434494141	0,994145914570405	428,647361945418
63360,00195	0,815838499999984	8,429160156	0,993776161265956	428,376284799512
63370,00195	0,814914699999974	8,42212793	0,993892769038564	428,01890176348
63380,00195	0,816255800000022	8,432928711	0,994273791900907	428,567805610611
63390,00195	0,815987500000006	8,429016602	0,994042532452526	428,368989276821
63400,00195	0,816732600000023	8,437011719	0,994144610505848	428,775307160644
63410,00195	0,816017299999999	8,429631836	0,994104282509431	428,400255933323
63420,00195	0,815480900000011	8,423637695	0,993870881955056	428,095629160949
63430,00195	0,814765599999987	8,417625977	0,993997827239417	427,790109112161
63440,00195	0,816136599999993	8,430136719	0,993981900450969	428,425914468669
63450,00195	0,815987500000006	8,430146484	0,994120022288621	428,426410733343
63460,00195	0,815182900000025	8,422195313	0,993897146255256	428,022326218428
63470,00195	0,815421300000025	8,423746094	0,993875725194818	428,101138079992
63480,00195	0,815808699999991	8,428273438	0,99402185642897	428,331221121106
63490,00195	0,815659700000026	8,427023438	0,994214276954649	428,26769517711
63500,00195	0,816017299999999	8,428025391	0,993949302837241	428,318615185242
63510,00195	0,815063699999996	8,419129883	0,993985998653849	427,866538750826
63520,00195	0,815063699999996	8,417324219	0,993987209713802	427,774773542715
63530,00195	0,815510700000004	8,419976563	0,994119836279412	427,909567667836
63540,00195	0,815153099999975	8,418655273	0,993879822397648	427,842418712202
63550,00195	0,815153099999975	8,419544922	0,994125610565265	427,887631346242
63560,00195	0,815182900000025	8,421169922	0,994049331789123	427,970215073436
63570,00195	0,815272300000004	8,42134668	0,994181586336317	427,979198048483
63580,00195	0,814825299999995	8,416967773	0,993833906124586	427,756658687808
63590,00195	0,815182900000025	8,420318359	0,993822636566692	427,926937998679
63600,00195	0,815480900000011	8,423007813	0,993925180643084	428,063618082025
63610,00195	0,815093499999989	8,421279297	0,993994847091886	427,975773593536
63620,00195	0,814646400000015	8,412864258	0,993853092074377	427,548114956548
63630,00195	0,815600099999983	8,421885742	0,99399195994896	428,006593586421
63640,00195	0,815272300000004	8,423889648	0,993936822219395	428,108433602683
63650,00195	0,815272300000004	8,422473633	0,994023719521201	428,036470651014
63660,00195	0,814855099999988	8,417921875	0,994199748235413	427,805146871983
63670,00195	0,814497399999993	8,411046875	0,99402940080245	427,455754180007
63680,00195	0,815272300000004	8,424396484	0,994136415100138	428,134191390964
63690,00195	0,814914699999974	8,416022461	0,993929278845964	427,708617218072
63700,00195	0,814676200000008	8,414711914	0,993887739789594	427,642014229811
63710,00195	0,815659700000026	8,424126953	0,994039738314203	428,120493621995
63720,00195	0,815272300000004	8,42012793	0,993979665340322	427,917260253087
63730,00195	0,814735799999994	8,416607422	0,99400155242383	427,738345377852
63740,00195	0,814080199999978	8,410352539	0,993876283222443	427,420467500127
63750,00195	0,815242500000011	8,420652344	0,994149546750214	427,943911368603
63760,00195	0,815272300000004	8,418958984	0,994035082083699	427,857853534583
63770,00195	0,814080199999978	8,410348633	0,993931047933542	427,420268994257
63780,00195	0,814825299999995	8,412348633	0,994088542730241	427,52191050465
63790,00195	0,814586799999972	8,410759766	0,993853931115913	427,441163083803
63800,00195	0,813424499999996	8,400908203	0,993807175801315	426,940499212278
63810,00195	0,814318599999979	8,41097168	0,994053709005815	427,45193271332
63820,00195	0,815510700000004	8,420988281	0,99411750816416	427,960983940641
63830,00195	0,814855099999988	8,413723633	0,994006395663593	427,591789043045
63840,00195	0,815272300000004	8,420344727	0,994100091301947	427,928278040352
63850,00195	0,814408000000014	8,413014648	0,99398078339567	427,555757889922
63860,00195	0,815510700000004	8,420827148	0,99393421509033	427,952795039894
63870,00195	0,814944500000024	8,416859375	0,994283850398847	427,751149819586
63880,00195	0,814825299999995	8,413490234	0,993781935551809	427,579927529603
63890,00195	0,815153099999975	8,41780957	0,994021670419762	427,79943944707
63900,00195	0,814646400000015	8,414391602	0,993692618130196	427,625735732073
63910,00195	0,814348400000029	8,413061523	0,993911768979147	427,558140112822
63920,00195	0,814497399999993	8,412805664	0,993955636150769	427,545137165218
63930,00195	0,814437800000007	8,411735352	0,993890533927917	427,490743101083
63940,00195	0,814765599999987	8,414470703	0,994173482935163	427,62975570463
63950,00195	0,815093499999989	8,416106445	0,993934680113351	427,712885348376
63960,00195	0,815391499999976	8,419097656	0,994175067013581	427,864900950348
63970,00195	0,814497399999993	8,412030273	0,993910091896124	427,505731209026
63980,00195	0,815063699999996	8,418823242	0,993838842368952	427,850955023632
63990,00195	0,814914699999974	8,416322266	0,994116018090395	427,723853534583
64000,00195	0,814258999999993	8,412739258	0,994134085984837	427,541762362149
64010,00195	0,814527199999986	8,412413086	0,993906925739385	427,525186054785
64020,00195	0,814110000000028	8,411330078	0,993880474429926	427,470146770341
64030,00195	0,815242500000011	8,419671875	0,99392620469378	427,894083193576
64040,00195	0,814646400000015	8,417821289	0,994033778019142	427,8000350155
64050,00195	0,814944500000024	8,415557617	0,994007233705079	427,684993494943
64060,00195	0,814914699999974	8,414760742	0,994097297163625	427,644495705646
64070,00195	0,815421300000025	8,419600586	0,993997827239417	427,890460232759
64080,00195	0,814855099999988	8,413431641	0,994026420654919	427,576949789094
64090,00195	0,813990799999999	8,406897461	0,993904969642549	427,244877826905
64100,00195	0,814199400000007	8,411104492	0,99407755218616	427,458682319459
64110,00195	0,816136599999993	8,429616211	0,993948557800359	428,399461859023
64120,00195	0,814735799999994	8,416237305	0,994041601406435	427,719535752401
64130,00195	0,814437800000007	8,413294922	0,99390590068864	427,570001626264
64140,00195	0,814497399999993	8,416330078	0,994010027843402	427,724250546323
64150,00195	0,814944500000024	8,415328125	0,994080253319878	427,673330538192
64160,00195	0,814527199999986	8,413570313	0,994034709065233	427,583997204858
64170,00195	0,815838499999984	8,427150391	0,994099998297343	428,274147024445
64180,00195	0,814586799999972	8,412713867	0,993826175741897	427,540471972354
64190,00195	0,815391499999976	8,423231445	0,99401477807856	428,074983229151
64200,00195	0,815093499999989	8,420491211	0,993794230160448	427,935722467856
64210,00195	0,815153099999975	8,421714844	0,994027630714823	427,997908420999
64220,00195	0,814348400000029	8,414456055	0,994138836219994	427,629011282208
64230,00195	0,814676200000008	8,417672852	0,99410996379068	427,792491335061
64240,00195	0,815510700000004	8,423241211	0,993971655943821	428,075479544646
64250,00195	0,814944500000024	8,419317383	0,993922479509366	427,876067642425
64260,00195	0,814437800000007	8,412921875	0,993896401218374	427,551043096
64270,00195	0,81500410000001	8,416606445	0,994000248359273	427,738295725974
64280,00195	0,815391499999976	8,421329102	0,99419695409709	427,978304721248
64290,00195	0,815063699999996	8,418591797	0,994279752195968	427,839192813945
64300,00195	0,814527199999986	8,412886719	0,994163517441826	427,549256441531
64310,00195	0,814586799999972	8,415384766	0,994073546987885	427,676209076587
64320,00195	0,815182900000025	8,4185	0,994020459359809	427,83452762108
64330,00195	0,814944500000024	8,415339844	0,993914376108211	427,673926106622
64340,00195	0,814497399999993	8,409879883	0,994170316778423	427,396446765259
64350,00195	0,816077000000007	8,425624023	0,994024184544222	428,196575849977
64360,00195	0,815391499999976	8,417882813	0,993889229863359	427,803161711643
64370,00195	0,81557029999999	8,422634766	0,993938964325438	428,044659551761
64380,00195	0,814318599999979	8,406016602	0,993784450676319	427,200111907303
64390,00195	0,815093499999989	8,417630859	0,99414787066724	427,790357219088
64400,00195	0,814527199999986	8,412443359	0,994134738017115	427,526724551507
64410,00195	0,815749100000005	8,422858398	0,994042719461784	428,056024698887
64420,00195	0,814110000000028	8,408939453	0,993942131482227	427,34865340245
64430,00195	0,814765599999987	8,41427832	0,994194252963372	427,619978655283
64440,00195	0,815808699999991	8,423168945	0,99389379308926	428,071806931951
64450,00195	0,815659700000026	8,425082031	0,994120488311691	428,169031407227
64460,00195	0,814765599999987	8,414240234	0,994044116530945	427,618043096
64470,00195	0,815242500000011	8,419875977	0,994089194762519	427,904455811353
64480,00195	0,814437800000007	8,413391602	0,99390794979008	427,574914976877
64490,00195	0,81592790000002	8,423710938	0,993937009228653	428,099351425522
64500,00195	0,815242500000011	8,415713867	0,993919499361836	427,692934237943
64510,00195	0,815749100000005	8,422536133	0,994093105956141	428,039646948214
64520,00195	0,815153099999975	8,419097656	0,994126821625218	427,864900950348
64530,00195	0,814765599999987	8,415467773	0,993911861983751	427,680427555013
64540,00195	0,815242500000011	8,417046875	0,994035548106769	427,760678711186
64550,00195	0,815510700000004	8,421158203	0,994095714085255	427,969619505006
64560,00195	0,815421300000025	8,418719727	0,993881592485275	427,845694313157
64570,00195	0,815391499999976	8,419080078	0,994234208941372	427,864007623113
64580,00195	0,816077000000007	8,425775391	0,994080812347552	428,20426848605
64590,00195	0,814497399999993	8,409981445	0,993724563711646	427,401608222798
64600,00195	0,814527199999986	8,411141602	0,994064233526826	427,460568277685
64610,00195	0,815600099999983	8,421736328	0,99421772312525	427,999000254104
64620,00195	0,814437800000007	8,410707031	0,993972214971495	427,438483051278
64630,00195	0,815093499999989	8,415863281	0,993794416169656	427,70052757026
64640,00195	0,814586799999972	8,415174805	0,994201331313782	427,665538700005
64650,00195	0,814318599999979	8,411369141	0,993927601762941	427,472131981501
64660,00195	0,81500410000001	8,41753418	0,994100650329622	427,785443919297
64670,00195	0,815749100000005	8,42581543	0,994119836279412	428,206303298267
64680,00195	0,815659700000026	8,425210938	0,994284316421918	428,175582558317
64690,00195	0,814735799999994	8,414462891	0,994053989019677	427,62935869289
64700,00195	0,815242500000011	8,420696289	0,994073733997142	427,94614468669
64710,00195	0,814914699999974	8,417197266	0,993841450498066	427,76832169538
64720,00195	0,815063699999996	8,419111328	0,99392713673992	427,865595771713
64730,00195	0,815272300000004	8,421086914	0,994064420536084	427,965996544189
64740,00195	0,814676200000008	8,416463867	0,993874979157885	427,73104980434
64750,00195	0,814020599999992	8,409460938	0,994087610684101	427,375155663973
64760,00195	0,814199400000007	8,40912793	0,994151130828633	427,358231945927
64770,00195	0,814437800000007	8,41272168	0,993990282865937	427,540869034914
64780,00195	0,81500410000001	8,417744141	0,994011052894146	427,796114295878
64790,00195	0,813931200000013	8,408553711	0,993847131779315	427,329049702699
64800,00195	0,815093499999989	8,419844727	0,994225360503335	427,902867662753
64810,00195	0,814586799999972	8,41471582	0,993996337165652	427,642212735681
64820,00195	0,814437800000007	8,412269531	0,993998199257834	427,517890481273
64830,00195	0,814527199999986	8,412086914	0,993968116768615	427,508609747421
64840,00195	0,81500410000001	8,417640625	0,993911861983751	427,790853534584
64850,00195	0,814825299999995	8,415237305	0,994261590296872	427,668714997205
64860,00195	0,814080199999978	8,408694336	0,994258517144738	427,336196371398
64870,00195	0,814765599999987	8,414793945	0,993698951443724	427,646183107181
64880,00195	0,814527199999986	8,412308594	0,994200400267691	427,519875692433
64890,00195	0,81533189999999	8,420163086	0,99399195994896	427,919046907557
64900,00195	0,814169600000014	8,407276367	0,994030052834729	427,264134115973
64910,00195	0,81500410000001	8,414765625	0,993914842131282	427,644743863394
64920,00195	0,814080199999978	8,408485352	0,994010307857264	427,325575646694
64930,00195	0,814646400000015	8,414517578	0,994214276954649	427,63213792753
64940,00195	0,815093499999989	8,419828125	0,993995219110303	427,902023936576
64950,00195	0,814527199999986	8,413508789	0,993785474727014	427,580870508716
64960,00195	0,814825299999995	8,415475586	0,994240262241038	427,680824617574
64970,00195	0,814527199999986	8,412966797	0,99415904722053	427,553326065965
64980,00195	0,814199400000007	8,410628906	0,994124679519174	427,434512679778
64990,00195	0,813990799999999	8,406313477	0,993906273707106	427,215199319002
65000,00195	0,814169600000014	8,409027344	0,99395954834444	427,353120089445
65010,00195	0,814318599999979	8,411515625	0,994097297163625	427,479576409005
65020,00195	0,81366300000002	8,40277832	0,994091895896238	427,035539970524
65030,00195	0,815182900000025	8,415493164	0,993911395960681	427,681717944809
65040,00195	0,814199400000007	8,407708984	0,993985160612362	427,286120038624
65050,00195	0,814646400000015	8,412054688	0,99415904722053	427,506971997764
65060,00195	0,815182900000025	8,417113281	0,993993170008863	427,764053514255
65070,00195	0,814527199999986	8,411902344	0,994068052715893	427,499229760634
65080,00195	0,814944500000024	8,4135625	0,994056969167208	427,583600142298
65090,00195	0,814646400000015	8,412706055	0,994099067251252	427,540074960614
65100,00195	0,814914699999974	8,414457031	0,993983949552409	427,629060883265
65110,00195	0,813335100000018	8,400573242	0,993904969642549	426,923476241297
65120,00195	0,814527199999986	8,413043945	0,99421315989935	427,557246785587
65130,00195	0,813752399999998	8,404790039	0,994132037883446	427,137777049347
65140,00195	0,814080199999978	8,406999023	0,99385225403289	427,250039284444
65150,00195	0,814110000000028	8,405243164	0,994120674320899	427,160805204045
65160,00195	0,814080199999978	8,4056875	0,993779141413487	427,183386695126
65170,00195	0,814765599999987	8,411822266	0,994082488430526	427,4951601362
65180,00195	0,814735799999994	8,412543945	0,993881592485275	427,531836407989
65190,00195	0,814765599999987	8,416772461	0,994146752611891	427,746732784469
65200,00195	0,814855099999988	8,41431543	0,993984229566271	427,621864613508
65210,00195	0,814527199999986	8,410583008	0,994150291787097	427,432180108756
65220,00195	0,815093499999989	8,417792969	0,994280777246712	427,798595771713
65230,00195	0,814586799999972	8,414202148	0,994109311758401	427,616107536718
65240,00195	0,814676200000008	8,413855469	0,994181306322455	427,598489048127
65250,00195	0,814765599999987	8,414888672	0,994047096678475	427,650997204858
65260,00195	0,814199400000007	8,408858398	0,993920523412531	427,344534126137
65270,00195	0,815063699999996	8,420088867	0,993881219466809	427,915275041927
65280,00195	0,814199400000007	8,408456055	0,994048213733775	427,324086751029
65290,00195	0,814914699999974	8,413310547	0,994058087222557	427,570795700564
65300,00195	0,814676200000008	8,413485352	0,994083233467409	427,579679422676
65310,00195	0,813752399999998	8,402204102	0,993869297876637	427,006357778117
65320,00195	0,814914699999974	8,413400391	0,993912047992959	427,575361640494
65330,00195	0,814080199999978	8,405796875	0,993900592425857	427,188945215226
65340,00195	0,814318599999979	8,408381836	0,993787989851524	427,320314885399
65350,00195	0,81557029999999	8,420586914	0,993926018684571	427,94058616659
65360,00195	0,814527199999986	8,411407227	0,99388354858211	427,474067540784
65370,00195	0,81533189999999	8,416579102	0,994114900035046	427,736906134065
65380,00195	0,815600099999983	8,422510742	0,994028655765567	428,038356558419
65390,00195	0,814408000000014	8,410574219	0,994012076944841	427,431733445139
65400,00195	0,814497399999993	8,41212207	0,994032194940773	427,510396401891
65410,00195	0,815510700000004	8,420347656	0,993964297579548	427,928426894344
65420,00195	0,815242500000011	8,420299805	0,994110615822958	427,925995070387
65430,00195	0,814765599999987	8,415351563	0,994055293084234	427,674521675052
65440,00195	0,815749100000005	8,424478516	0,994275747997742	428,138360319154
65450,00195	0,814855099999988	8,418200195	0,993973053012982	427,819291304569
65460,00195	0,815808699999991	8,425470703	0,994264291430591	428,18878401179
65470,00195	0,81533189999999	8,422920898	0,99398534662157	428,059200996087
65480,00195	0,814855099999988	8,419166016	0,994292232813815	427,868375057173
65490,00195	0,816017299999999	8,426955078	0,993976406178978	428,264221070285
65500,00195	0,815987500000006	8,426432617	0,994044023526341	428,237669207704
65510,00195	0,814676200000008	8,412950195	0,993844244636389	427,552482339788
65520,00195	0,814586799999972	8,412230469	0,994163052418805	427,515905320933
65530,00195	0,814825299999995	8,416040039	0,993947626754268	427,709510545307
65540,00195	0,814944500000024	8,415268555	0,993989817842916	427,670303145805
65550,00195	0,815391499999976	8,42084668	0,99403396402835	427,953787670885
65560,00195	0,815063699999996	8,419462891	0,994080253319878	427,883462468872
65570,00195	0,815182900000025	8,421891602	0,993995406119561	428,006891396046
65580,00195	0,81643459999998	8,4356875	0,99431495793881	428,708009351019
65590,00195	0,815272300000004	8,422626953	0,994041415397226	428,044262489201
65600,00195	0,81533189999999	8,423922852	0,994029772820867	428,110121055039
65610,00195	0,815153099999975	8,420461914	0,99376163254672	427,934233572191
65620,00195	0,815898100000027	8,432325195	0,994025302599571	428,537134471718
65630,00195	0,815898100000027	8,427677734	0,994044023526341	428,300946993952
65640,00195	0,815659700000026	8,425505859	0,9940830474582	428,19057066626
65650,00195	0,815749100000005	8,427668945	0,993996802188672	428,300500330335
65660,00195	0,815808699999991	8,424822266	0,994013381009399	428,155829953753
65670,00195	0,815391499999976	8,418604492	0,993979758344926	427,839837983432
65680,00195	0,815421300000025	8,420270508	0,99403098388082	427,924506174722
65690,00195	0,814944500000024	8,415464844	0,993947067726593	427,680278701022
65700,00195	0,814765599999987	8,415451172	0,993980131363392	427,679583879656
65710,00195	0,815063699999996	8,418354492	0,994321664270804	427,827132794633
65720,00195	0,814676200000008	8,413917969	0,994078670241508	427,601665345327
65730,00195	0,814437800000007	8,412551758	0,993976871201999	427,532233470549
65740,00195	0,816315400000008	8,429520508	0,993681720590719	428,394598160289
65750,00195	0,815063699999996	8,418916992	0,994275002960859	427,855719469431
65760,00195	0,815510700000004	8,42427832	0,994217537116042	428,128186207247
65770,00195	0,815898100000027	8,427145508	0,994207291608844	428,273898866697
65780,00195	0,815600099999983	8,421630859	0,994081743393643	427,993640239874
65790,00195	0,815421300000025	8,420926758	0,993980876400274	427,957857295319
65800,00195	0,814408000000014	8,412333984	0,993871346978076	427,521166031407
65810,00195	0,814735799999994	8,412537109	0,994052591950516	427,531488997307
65820,00195	0,814855099999988	8,415220703	0,993975567137442	427,667871271027
65830,00195	0,815182900000025	8,418734375	0,99397528812363	427,84643873558
65840,00195	0,815153099999975	8,417248047	0,99394334254218	427,77090242415
65850,00195	0,813692800000013	8,403194336	0,993920709421739	427,056682217818
65860,00195	0,814765599999987	8,410482422	0,993997548225605	427,427068252274
65870,00195	0,814408000000014	8,409888672	0,994113502965885	427,396893428876
65880,00195	0,815063699999996	8,415435547	0,994229272697006	427,678789805356
65890,00195	0,81533189999999	8,418827148	0,994095714085255	427,851153529501
65900,00195	0,815063699999996	8,419811523	0,993896494222978	427,901180210398
65910,00195	0,814110000000028	8,410353516	0,994154017971559	427,420517152005
65920,00195	0,814348400000029	8,411460938	0,994100464320413	427,476797174366
65930,00195	0,815093499999989	8,4164375	0,994035548106769	427,729709813488
65940,00195	0,815153099999975	8,419705078	0,994186522580683	427,895770595111
65950,00195	0,814527199999986	8,411624023	0,993891836992424	427,485085277227
65960,00195	0,814497399999993	8,410231445	0,994039273291183	427,414313411597
65970,00195	0,814348400000029	8,409739258	0,994120022288621	427,389300096559
65980,00195	0,813513999999998	8,401455078	0,993971096916146	426,968291812776
65990,00195	0,814080199999978	8,407895508	0,993886155711175	427,295599329166
66000,00195	0,813990799999999	8,407711914	0,993999969345461	427,286268943436
66010,00195	0,814318599999979	8,408722656	0,993928719818289	427,337635615185
66020,00195	0,814110000000028	8,406751953	0,994015523115442	427,237483000457
66030,00195	0,813573599999984	8,40121582	0,993922945532436	426,95613254053
66040,00195	0,813096700000017	8,395817383	0,993774392178379	426,681779895309
66050,00195	0,814080199999978	8,402595703	0,993903945591854	427,026259236672
66060,00195	0,814169600000014	8,401743164	0,994182052359388	426,982932560858
66070,00195	0,814735799999994	8,40797168	0,994054547047302	427,299470447731
66080,00195	0,813931200000013	8,406513672	0,994106238606266	427,225373380089
66090,00195	0,813990799999999	8,408183594	0,993976592188187	427,310240077248
66100,00195	0,814020599999992	8,406338867	0,994111546869049	427,216489657976
66110,00195	0,814348400000029	8,411667969	0,994144145482827	427,487318646135
66120,00195	0,814676200000008	8,413580078	0,994066189623662	427,584493469533
66130,00195	0,814199400000007	8,40928125	0,994052963968933	427,366023784113
66140,00195	0,814914699999974	8,413209961	0,994030610862353	427,565683844082
66150,00195	0,814110000000028	8,409605469	0,993955170127699	427,382500838542
66160,00195	0,813990799999999	8,404669922	0,994088076707171	427,131672612695
66170,00195	0,813841799999977	8,403136719	0,993890905946333	427,053754078366
66180,00195	0,814527199999986	8,412765625	0,994128777722054	427,543102353001
66190,00195	0,813931200000013	8,408529297	0,994237189088903	427,327808964781
66200,00195	0,812619900000016	8,394010742	0,993895190158421	426,58996503532
66210,00195	0,813990799999999	8,407788086	0,993993170008863	427,290140062001
66220,00195	0,814169600000014	8,4100625	0,99424762060531	427,405727499111
66230,00195	0,81390140000002	8,408038086	0,994020459359809	427,3028452508
66240,00195	0,813335100000018	8,401262695	0,994158861211321	426,958514763429
66250,00195	0,814437800000007	8,40996875	0,994015151097026	427,400963053311
66260,00195	0,814497399999993	8,409383789	0,993874328125656	427,371234893531
66270,00195	0,815153099999975	8,417069336	0,99402390553041	427,761820196168
66280,00195	0,814855099999988	8,414489258	0,994236630061229	427,630698683742
66290,00195	0,813990799999999	8,406431641	0,993947253735802	427,221204502719
66300,00195	0,814348400000029	8,411383789	0,993917450260396	427,472876403923
66310,00195	0,815272300000004	8,417823242	0,994164262478708	427,800134268435
66320,00195	0,814586799999972	8,410170898	0,994009282806519	427,411236367332
66330,00195	0,814020599999992	8,405936523	0,9939221064909	427,196042232047
66340,00195	0,814497399999993	8,41103418	0,994194718986442	427,45510901052
66350,00195	0,814825299999995	8,412974609	0,994204591475175	427,553723077705
66360,00195	0,815153099999975	8,415138672	0,993987023704594	427,663702393658
66370,00195	0,813841799999977	8,404204102	0,994042346443317	427,107999288509
66380,00195	0,814527199999986	8,411983398	0,993873117065704	427,503348986126
66390,00195	0,814348400000029	8,408848633	0,993984136561667	427,344037861463
66400,00195	0,814676200000008	8,411979492	0,994127473657497	427,503150480256
66410,00195	0,813990799999999	8,404052734	0,993847503797732	427,100306652437
66420,00195	0,814765599999987	8,412452148	0,994175067013581	427,527171215124
66430,00195	0,814497399999993	8,411289063	0,993907484767059	427,468062357067
66440,00195	0,814855099999988	8,415982422	0,994100277311155	427,706582405855
66450,00195	0,815808699999991	8,42787793	0,994092919946933	428,31112110586
66460,00195	0,814825299999995	8,416456055	0,9941823313732	427,7306527926
66470,00195	0,814914699999974	8,417544922	0,993944087579063	427,785989835849
66480,00195	0,81533189999999	8,420487305	0,994042998475596	427,935523961986
66490,00195	0,814944500000024	8,413878906	0,993823195594367	427,599680134167
66500,00195	0,815272300000004	8,418555664	0,99403144990389	427,837356507598
66510,00195	0,814765599999987	8,417588867	0,994012821981724	427,788223153936
66520,00195	0,815063699999996	8,420341797	0,993942131482227	427,928129135539
66530,00195	0,815153099999975	8,417553711	0,993953215030912	427,786436499466
66540,00195	0,813841799999977	8,408279297	0,994016454161533	427,315103775982
66550,00195	0,81500410000001	8,417612305	0,993883361572853	427,789414290796
66560,00195	0,815600099999983	8,424223633	0,99404104237876	428,125406972608
66570,00195	0,814586799999972	8,41255957	0,993922386504762	427,532630482289
66580,00195	0,814765599999987	8,414704102	0,993997920244021	427,641617218072
66590,00195	0,814586799999972	8,414818359	0,994281336274387	427,647423845098
66600,00195	0,814765599999987	8,416083008	0,993843219585644	427,711694262337
66610,00195	0,814914699999974	8,4160625	0,993995406119561	427,710652030289
66620,00195	0,814199400000007	8,409966797	0,993937195237861	427,400863800376
66630,00195	0,815093499999989	8,415859375	0,994112198901328	427,70032906439
66640,00195	0,814765599999987	8,415464844	0,994074665043233	427,680278701022
66650,00195	0,814676200000008	8,415856445	0,994039273291183	427,700180159577
66660,00195	0,814914699999974	8,416827148	0,993844523650201	427,749512019109
66670,00195	0,815600099999983	8,423219727	0,994073640992538	428,074387711541
66680,00195	0,815182900000025	8,419776367	0,994081091361365	427,899393555928
66690,00195	0,813990799999999	8,407605469	0,993949675855707	427,28085932815
66700,00195	0,81533189999999	8,421432617	0,994156625100624	427,983565431722
66710,00195	0,814735799999994	8,413981445	0,993971655943821	427,604891243584
66720,00195	0,814527199999986	8,412276367	0,993813137096426	427,518237891955
66730,00195	0,815242500000011	8,420751953	0,993953773058537	427,948973573207
66740,00195	0,815093499999989	8,420839844	0,993633103183939	427,953440260202
66750,00195	0,815153099999975	8,419548828	0,993887739789594	427,887829852112
66760,00195	0,813931200000013	8,405166016	0,994019062290647	427,156884484423
66770,00195	0,814825299999995	8,41696582	0,993998106253229	427,756559434873
66780,00195	0,814110000000028	8,409333008	0,993884200614389	427,368654164761
66790,00195	0,815659700000026	8,423924805	0,994054547047302	428,110220307974
66800,00195	0,814855099999988	8,415767578	0,994053989019677	427,695663871525
66810,00195	0,814765599999987	8,416660156	0,994032380949981	427,741025359557
66820,00195	0,815510700000004	8,422764648	0,993972027962237	428,051260253087
66830,00195	0,815063699999996	8,419320313	0,994083978504291	427,876216547238
66840,00195	0,814914699999974	8,419038086	0,993973425031398	427,861873557961
66850,00195	0,814318599999979	8,411704102	0,994059670300926	427,489154952483
66860,00195	0,814914699999974	8,414161133	0,994030890876215	427,614023123444
66870,00195	0,814527199999986	8,413081055	0,993871906005751	427,559132743813
66880,00195	0,814318599999979	8,410875977	0,993931047933542	427,447069014586
66890,00195	0,815421300000025	8,421135742	0,993971841953029	427,968478020023
66900,00195	0,814020599999992	8,407546875	0,993885503678896	427,27788153682
66910,00195	0,814258999999993	8,408646484	0,993978548285022	427,33376449662
66920,00195	0,813454299999989	8,401089844	0,993921548463275	426,949730345073
66930,00195	0,814199400000007	8,410580078	0,994035175088303	427,432031203944
66940,00195	0,814348400000029	8,412130859	0,994032287945377	427,510843065508
66950,00195	0,814199400000007	8,411179688	0,994079508282995	427,462503836967
66960,00195	0,814586799999972	8,415780273	0,994125145542245	427,696309041012
66970,00195	0,814825299999995	8,418823242	0,994027630714823	427,850955023632
66980,00195	0,814825299999995	8,419116211	0,993971562939216	427,865843929461
66990,00195	0,814408000000014	8,415679688	0,993974822100559	427,691197235351
67000,00195	0,815600099999983	8,427005859	0,994089752790144	428,266801799055
67010,00195	0,815153099999975	8,419290039	0,994139022229203	427,874677999695
67020,00195	0,814735799999994	8,413525391	0,993945297638966	427,581714234894
67030,00195	0,81390140000002	8,407354492	0,993869763899707	427,268104487473
67040,00195	0,81500410000001	8,417171875	0,994268203624262	427,767031305585
67050,00195	0,814258999999993	8,412823242	0,993982739492506	427,546030492453
67060,00195	0,814855099999988	8,418522461	0,994112571919794	427,835669106063
67070,00195	0,814825299999995	8,417391602	0,994164355483313	427,778197997662
67080,00195	0,814646400000015	8,414043945	0,994028841774776	427,608067540784
67090,00195	0,814408000000014	8,410541992	0,993930675915125	427,430095644661
67100,00195	0,814258999999993	8,407525391	0,994208968691867	427,276789703715
67110,00195	0,813841799999977	8,405185547	0,994196861092486	427,157877064593
67120,00195	0,814437800000007	8,409495117	0,993993915045746	427,376892666565
67130,00195	0,813186099999996	8,398678711	0,993923690569319	426,827194745134
67140,00195	0,813603399999977	8,403928711	0,994008258755824	427,094003709915
67150,00195	0,814408000000014	8,409553711	0,994192762889607	427,379870457895
67160,00195	0,814408000000014	8,40705957	0,993859425387904	427,253116328709
67170,00195	0,813096700000017	8,39799707	0,994037038180535	426,792553234741
67180,00195	0,814914699999974	8,414626953	0,994357894064341	427,637696447629
67190,00195	0,813454299999989	8,401069336	0,994164914510987	426,948688113025
67200,00195	0,81366300000002	8,400621094	0,994058087222557	426,925908116075
67210,00195	0,814676200000008	8,410610352	0,993842381544157	427,433569751487
67220,00195	0,813990799999999	8,404338867	0,993862406535484	427,114848147584
67230,00195	0,813513999999998	8,402350586	0,993951910966355	427,013802205621
67240,00195	0,813573599999984	8,399792969	0,994156812109882	426,883822178178
67250,00195	0,812917900000002	8,39844043	0,993921175444809	426,815085124765
67260,00195	0,813573599999984	8,403663086	0,993961317432018	427,080504446816
67270,00195	0,813454299999989	8,403363281	0,994076900153881	427,065268130304
67280,00195	0,81390140000002	8,404046875	0,994010959889542	427,100008893632
67290,00195	0,812709299999995	8,397152344	0,994200958295316	426,749623621487
67300,00195	0,813007299999981	8,396761719	0,99385225403289	426,729771763988
67310,00195	0,814110000000028	8,407757813	0,994057341185624	427,288601565279
67320,00195	0,812917900000002	8,395942383	0,993818538363813	426,688132489709
67330,00195	0,814437800000007	8,406138672	0,994045792613918	427,20631559689
67340,00195	0,813096700000017	8,396639648	0,99405315097819	426,723568023581
67350,00195	0,814080199999978	8,403	0,994099719283531	427,046805915536
67360,00195	0,814258999999993	8,405206055	0,994008258755824	427,158919296641
67370,00195	0,814169600000014	8,403981445	0,994295305965949	427,09668369162
67380,00195	0,813782199999991	8,399095703	0,994180003257948	426,848386593485
67390,00195	0,814080199999978	8,405982422	0,994053522996607	427,19837485389
67400,00195	0,814914699999974	8,412436523	0,994069262775797	427,526377140824
67410,00195	0,813782199999991	8,401276367	0,993851136977591	426,959209584794
67420,00195	0,814318599999979	8,406894531	0,994120395307087	427,244728922092
67430,00195	0,814020599999992	8,403432617	0,993993170008863	427,068791838187
67440,00195	0,814765599999987	8,408606445	0,994016268152325	427,331729684403
67450,00195	0,814348400000029	8,404467773	0,994004998594431	427,121399247853
67460,00195	0,813990799999999	8,40468457	0,993802519570811	427,132417035117
67470,00195	0,814676200000008	8,411421875	0,994313467865045	427,474811963206
67480,00195	0,814020599999992	8,402723633	0,993867155770593	427,032760735885
67490,00195	0,813335100000018	8,397522461	0,994077180167743	426,768433246938
67500,00195	0,813692800000013	8,403790039	0,994066468637474	427,086956294151
67510,00195	0,814258999999993	8,404150391	0,993940734413066	427,105269654927
67520,00195	0,814020599999992	8,404027344	0,994130360800423	427,099016313462
67530,00195	0,81500410000001	8,41224707	0,99391502814049	427,51674899629
67540,00195	0,814348400000029	8,408871094	0,99406181240697	427,345179346445
67550,00195	0,813186099999996	8,394587891	0,9938764702317	426,619296183361
67560,00195	0,814318599999979	8,40752832	0,994094131006886	427,276938557707
67570,00195	0,815093499999989	8,41827832	0,994274163919323	427,823261676069
67580,00195	0,814944500000024	8,417620117	0,994141816367525	427,789811302536
67590,00195	0,815182900000025	8,418574219	0,993962714501179	427,83829948671
67600,00195	0,815391499999976	8,421931641	0,994032753968447	428,008926208264
67610,00195	0,814318599999979	8,413987305	0,994031542908494	427,605189053209
67620,00195	0,81500410000001	8,417607422	0,994139674261481	427,789166133049
67630,00195	0,814437800000007	8,412178711	0,99401021485266	427,513274940286
67640,00195	0,81557029999999	8,421810547	0,99412160636704	428,002772119734
67650,00195	0,813782199999991	8,404203125	0,993989723838262	427,107949636632
67660,00195	0,814437800000007	8,408757813	0,994116111094999	427,339422320476
67670,00195	0,815063699999996	8,414040039	0,993982925501714	427,607869034914
67680,00195	0,814110000000028	8,406177734	0,994248085628331	427,208300757229
67690,00195	0,814586799999972	8,408795898	0,993807641824385	427,341357828937
67700,00195	0,814676200000008	8,41181543	0,99389379308926	427,494812725517
67710,00195	0,813573599999984	8,399935547	0,994071125868028	426,891068099812
67720,00195	0,814914699999974	8,411289063	0,993845548700946	427,468062357067
67730,00195	0,813752399999998	8,401105469	0,993797955344861	426,950524419373
67740,00195	0,81390140000002	8,403356445	0,994105213555522	427,064920719622
67750,00195	0,813245699999982	8,395655273	0,99398534662157	426,673541342684
67760,00195	0,813603399999977	8,399765625	0,994124213496104	426,882432535447
67770,00195	0,81366300000002	8,398827148	0,993959361335182	426,834738425573
67780,00195	0,813752399999998	8,400454102	0,993825058686598	426,917421456523
67790,00195	0,814527199999986	8,406620117	0,993731549057452	427,230782995375
67800,00195	0,813931200000013	8,404036133	0,994114528016629	427,09946297708
67810,00195	0,81500410000001	8,411785156	0,994028841774776	427,493274177974
67820,00195	0,814855099999988	8,414567383	0,99396457759341	427,634669055242
67830,00195	0,813990799999999	8,404880859	0,993908322808546	427,142392590334
67840,00195	0,814199400000007	8,406036133	0,994260752255386	427,201104487473
67850,00195	0,813931200000013	8,402693359	0,994295026952137	427,031222188342
67860,00195	0,814437800000007	8,407892578	0,993723911679367	427,295450424353
67870,00195	0,81390140000002	8,403233398	0,994187919649845	427,058667378157
67880,00195	0,814527199999986	8,408916992	0,993881778494483	427,347511917467
67890,00195	0,814914699999974	8,412712891	0,994062836457665	427,540422371296
67900,00195	0,81390140000002	8,403453125	0,993739465449349	427,069834070234
67910,00195	0,814408000000014	8,406907227	0,994056131125721	427,2453741424
67920,00195	0,814318599999979	8,409859375	0,993919685371044	427,395404533211
67930,00195	0,814855099999988	8,413100586	0,993909719877707	427,560125323982
67940,00195	0,814646400000015	8,409448242	0,993920709421739	427,374510443665
67950,00195	0,814765599999987	8,417745117	0,994326879528982	427,796163896936
67960,00195	0,814676200000008	8,411530273	0,994036572157464	427,480320831428
67970,00195	0,814080199999978	8,405478516	0,994160444289691	427,172765970422
67980,00195	0,814676200000008	8,413651367	0,99400406754834	427,58811643035
67990,00195	0,813990799999999	8,405672852	0,994157650151369	427,182642272704
68000,00195	0,813096700000017	8,395831055	0,993966905708663	426,682474716674
68010,00195	0,813782199999991	8,402650391	0,994162213377269	427,029038522132
68020,00195	0,814080199999978	8,405231445	0,99395042089259	427,160209635615
68030,00195	0,81253049999998	8,391680664	0,993909719877707	426,471548711694
68040,00195	0,814437800000007	8,409984375	0,994076900153881	427,401757127611
68050,00195	0,812947699999995	8,395452148	0,994010307857264	426,663218376785
68060,00195	0,814199400000007	8,406098633	0,99418894370054	427,204280784672
68070,00195	0,813573599999984	8,401716797	0,993922758523179	426,981592570006
68080,00195	0,813603399999977	8,398646484	0,993963739551924	426,825556944656
68090,00195	0,813603399999977	8,40115625	0,99418074829483	426,953105148143
68100,00195	0,812679500000002	8,39271875	0,993946508698919	426,524305026173
68110,00195	0,81366300000002	8,398835938	0,993944087579063	426,835185140011
68120,00195	0,81336490000001	8,396283203	0,993949023823429	426,705453219495
68130,00195	0,813186099999996	8,395504883	0,993961317432018	426,66589840931
68140,00195	0,813096700000017	8,396897461	0,993895563176887	426,73667027494
68150,00195	0,814258999999993	8,404363281	0,994033218991468	427,116088885501
68160,00195	0,814914699999974	8,412032227	0,99387851933314	427,505830512781
68170,00195	0,813513999999998	8,398946289	0,994007233705079	426,840793261168
68180,00195	0,813037099999974	8,395908203	0,993961038418205	426,686395436296
68190,00195	0,813275499999975	8,396985352	0,994026140641058	426,741136961935
68200,00195	0,811695999999984	8,382230469	0,993862499540088	425,99128266504
68210,00195	0,81336490000001	8,395741211	0,993946322689711	426,677908776744
68220,00195	0,812709299999995	8,391176758	0,994048959770707	426,445939828226
68230,00195	0,813037099999974	8,393594727	0,994124213496104	426,568822838847
68240,00195	0,812441100000001	8,388777344	0,99372465671625	426,323999796717
68250,00195	0,813007299999981	8,392211914	0,99404560660471	426,498547237892
68260,00195	0,814258999999993	8,404139648	0,993978734294231	427,104723687554
68270,00195	0,81202380000002	8,386646484	0,994049797812194	426,215707882299
68280,00195	0,813096700000017	8,394188477	0,994031356899286	426,598997662245
68290,00195	0,812917900000002	8,391948242	0,994074572038629	426,485147227728
68300,00195	0,812947699999995	8,393421875	0,994040670360344	426,56003836967
68310,00195	0,813335100000018	8,396790039	0,993959175325974	426,731211007776
68320,00195	0,813186099999996	8,396148438	0,993910743928402	426,698604360421
68330,00195	0,813275499999975	8,39640332	0,993914842131282	426,711557656147
68340,00195	0,81202380000002	8,386318359	0,994002949492992	426,199032322
68350,00195	0,81390140000002	8,39971582	0,994048213733775	426,879901407735
68360,00195	0,813156300000003	8,395976563	0,994082023407505	426,689869543121
68370,00195	0,813454299999989	8,399620117	0,994013754027865	426,875037709
68380,00195	0,81366300000002	8,403540039	0,993992052953564	427,074251105351
68390,00195	0,813513999999998	8,398942383	0,994004998594431	426,840594755298
68400,00195	0,813037099999974	8,392892578	0,993854117125121	426,533139096407
68410,00195	0,813454299999989	8,399796875	0,994053336987399	426,884020684047
68420,00195	0,813156300000003	8,395438477	0,994227036586309	426,662523606241
68430,00195	0,813841799999977	8,401410156	0,99416864069545	426,966008842811
68440,00195	0,813513999999998	8,39675	0,994092267914654	426,729176195558
68450,00195	0,813692800000013	8,399790039	0,994149640754867	426,883673273365
68460,00195	0,813156300000003	8,394733398	0,99386436163227	426,626690958988
68470,00195	0,813186099999996	8,396896484	0,994135577058651	426,736620623062
68480,00195	0,813454299999989	8,396724609	0,993954612100074	426,727885805763
68490,00195	0,814348400000029	8,407508789	0,994129894777353	427,275945977537
68500,00195	0,81253049999998	8,389980469	0,994174693995115	426,385143517813
68510,00195	0,813156300000003	8,39409668	0,993824219645062	426,594332469381
68520,00195	0,812351700000022	8,388963867	0,993904317610271	426,333479036438
68530,00195	0,81336490000001	8,397291016	0,994244919471592	426,756671037252
68540,00195	0,813454299999989	8,396481445	0,99405063585368	426,715528027646
68550,00195	0,813692800000013	8,399009766	0,994232252844537	426,844019210246
68560,00195	0,81253049999998	8,390219727	0,994138929224599	426,397302790059
68570,00195	0,813156300000003	8,396280273	0,993796279261887	426,705304314682
68580,00195	0,813007299999981	8,394342773	0,994007233705079	426,606839101489
68590,00195	0,814199400000007	8,405697266	0,993853092074377	427,183883010622
68600,00195	0,814020599999992	8,403573242	0,993946694708127	427,075938506886
68610,00195	0,814318599999979	8,407915039	0,993975195119025	427,296591909336
68620,00195	0,813245699999982	8,396066406	0,993894818140004	426,694435432231
68630,00195	0,813037099999974	8,394052734	0,99416565954787	426,592099100473
68640,00195	0,813096700000017	8,397314453	0,994161934363456	426,757862123291
68650,00195	0,813573599999984	8,402950195	0,99403601312979	427,044274787823
68660,00195	0,81366300000002	8,402095703	0,993723911679367	427,000848859074
68670,00195	0,812590100000023	8,392007813	0,993959175325974	426,488174670936
68680,00195	0,81390140000002	8,40328125	0,994133340947954	427,061099252935
68690,00195	0,813752399999998	8,401424805	0,994016734175395	426,966753316054
68700,00195	0,813931200000013	8,402580078	0,99380158752467	427,025465162372
68710,00195	0,813782199999991	8,404679688	0,993972214971495	427,13216892819
68720,00195	0,813841799999977	8,402790039	0,994022508461248	427,036135538954
68730,00195	0,814110000000028	8,405017578	0,994031821922307	427,149340753164
68740,00195	0,814527199999986	8,407304688	0,993920337403322	427,265573410581
68750,00195	0,814348400000029	8,407131836	0,99405315097819	427,256788941404
68760,00195	0,813990799999999	8,406685547	0,993900592425857	427,234108197388
68770,00195	0,813513999999998	8,401011719	0,993838377345932	426,945759973573
68780,00195	0,814199400000007	8,405791016	0,994117880182577	427,188647456421
68790,00195	0,814765599999987	8,412823242	0,994143958473569	427,546030492453
68800,00195	0,815093499999989	8,41525293	0,993780725491906	427,669509071505
68810,00195	0,814408000000014	8,409561523	0,994150850814771	427,380267469635
68820,00195	0,81533189999999	8,41969043	0,994216140046881	427,895026172689
68830,00195	0,814199400000007	8,410332031	0,99406637563287	427,419425268079
68840,00195	0,814527199999986	8,413043945	0,994324458409126	427,557246785587
68850,00195	0,814408000000014	8,411056641	0,993889229863359	427,456250495502
68860,00195	0,814765599999987	8,415320313	0,99402940080245	427,672933526452
68870,00195	0,81336490000001	8,400044922	0,993935053131817	426,896626619912
68880,00195	0,813990799999999	8,405078125	0,993865945710689	427,152417797428
68890,00195	0,814825299999995	8,415654297	0,993986836695336	427,689906845556
68900,00195	0,815242500000011	8,418569336	0,993852906065168	427,838051328963
68910,00195	0,814199400000007	8,4086875	0,994041601406435	427,335848960716
68920,00195	0,81533189999999	8,422826172	0,994130267795819	428,05438694923
68930,00195	0,813752399999998	8,405838867	0,993832789069287	427,191079280378
68940,00195	0,815063699999996	8,420692383	0,994087331670288	427,94594618082
68950,00195	0,814914699999974	8,417355469	0,993889415872568	427,776361691315
68960,00195	0,814408000000014	8,413449219	0,993791156008263	427,577843116329
68970,00195	0,814169600000014	8,412416992	0,994070752849562	427,525384560655
68980,00195	0,815182900000025	8,41875	0,993840891470392	427,84723280988
68990,00195	0,813603399999977	8,403501953	0,99398236647404	427,072315546069
69000,00195	0,814258999999993	8,407585938	0,994034151037608	427,27986674798
69010,00195	0,814169600000014	8,409984375	0,993770572989311	427,401757127611
69020,00195	0,813454299999989	8,400512695	0,993912514016029	426,920399197032
69030,00195	0,81366300000002	8,403464844	0,994218841180599	427,070429638664
69040,00195	0,814020599999992	8,406135742	0,994205988544336	427,206166692077
69050,00195	0,813752399999998	8,402504883	0,99397528812363	427,021643695685
69060,00195	0,813454299999989	8,401084961	0,993807361810523	426,949482187325
69070,00195	0,813513999999998	8,401330078	0,993863151572367	426,961939218377
69080,00195	0,814765599999987	8,412816406	0,993926949730662	427,545683081771
69090,00195	0,814765599999987	8,412604492	0,994028189742497	427,534913452254
69100,00195	0,814258999999993	8,408384766	0,994049238784519	427,320463790212
69110,00195	0,814169600000014	8,406613281	0,993985253616966	427,230435584693
69120,00195	0,814944500000024	8,417209961	0,994183728442361	427,768966864868
69130,00195	0,814527199999986	8,413193359	0,994148801713331	427,564840117904
69140,00195	0,81390140000002	8,407644531	0,994116856131881	427,282844488489
69150,00195	0,814676200000008	8,412884766	0,994093385970003	427,549157188596
69160,00195	0,813782199999991	8,403509766	0,993942969523714	427,072712608629
69170,00195	0,813186099999996	8,401660156	0,994033778019142	426,978714031611
69180,00195	0,813573599999984	8,403302734	0,993926484707641	427,06219108604
69190,00195	0,81366300000002	8,404360352	0,993785474727014	427,115940031509
69200,00195	0,813454299999989	8,403232422	0,993883734591319	427,0586177771
69210,00195	0,813692800000013	8,405301758	0,993935146136421	427,163782995375
69220,00195	0,814110000000028	8,40927832	0,994272301827141	427,365874879301
69230,00195	0,814169600000014	8,407470703	0,994017106193812	427,274010418255
69240,00195	0,814080199999978	8,407783203	0,99407550308472	427,289891904254
69250,00195	0,814318599999979	8,409723633	0,994179444230273	427,388506022259
69260,00195	0,812709299999995	8,397378906	0,993731176038986	426,761137673426
69270,00195	0,814080199999978	8,405671875	0,993836886272117	427,182592620826
69280,00195	0,814110000000028	8,406755859	0,993875631190164	427,237681506327
69290,00195	0,814169600000014	8,410170898	0,994213624922371	427,411236367332
69300,00195	0,813692800000013	8,400979492	0,993945484648224	426,944122173095
69310,00195	0,813454299999989	8,401214844	0,993939709362321	426,956082939472
69320,00195	0,813245699999982	8,399766602	0,993917729274208	426,882482187325
69330,00195	0,813573599999984	8,403081055	0,994027165691802	427,050925191848
69340,00195	0,812202599999978	8,393765625	0,994076528135465	426,577508004269
69350,00195	0,81336490000001	8,400587891	0,994277331076112	426,92422071454
69360,00195	0,813513999999998	8,402023438	0,994073174969468	426,9971762972
69370,00195	0,813752399999998	8,40212793	0,993755764256213	427,002486659552
69380,00195	0,813335100000018	8,402092773	0,994124213496104	427,000699954261
69390,00195	0,813424499999996	8,400169922	0,994064606545292	426,902979214311
69400,00195	0,81253049999998	8,392737305	0,994155880063741	426,525248005285
69410,00195	0,812709299999995	8,394634766	0,993747195832037	426,621678406261
69420,00195	0,812172799999985	8,391259766	0,9941013023619	426,450158357473
69430,00195	0,812351700000022	8,39234375	0,994047468696892	426,505247242974
69440,00195	0,813335100000018	8,398638672	0,993876842250117	426,825159932917
69450,00195	0,812858300000016	8,394041992	0,994110988841424	426,59155318392
69460,00195	0,812172799999985	8,387880859	0,994124400505362	426,278439751995
69470,00195	0,813156300000003	8,397300781	0,994099998297343	426,757167301926
69480,00195	0,814169600000014	8,405266602	0,993949023823429	427,161996340906
69490,00195	0,812709299999995	8,394168945	0,994065630595988	426,598005031255
69500,00195	0,81336490000001	8,39834082	0,994055199079581	426,81002286934
69510,00195	0,813603399999977	8,401165039	0,993979199317251	426,95355181176
69520,00195	0,813037099999974	8,396366211	0,994059670300926	426,709671748742
69530,00195	0,813156300000003	8,396793945	0,994055758107255	426,731409513645
69540,00195	0,812947699999995	8,395956055	0,994078483232251	426,688827311074
69548,64258	0,811219199999982	8,380069336	0,993905435665619	425,881452253901
69550,00195	0,812947699999995	8,391547852	0,994127380652893	426,464799105555
69560,00195	0,812917900000002	8,39109668	0,994050356839868	426,441870203791
69570,00195	0,812828500000023	8,389399414	0,993915587168164	426,355613863902
69580,00195	0,812351700000022	8,389053711	0,99401477807856	426,338044976368
69590,00195	0,811845000000005	8,383985352	0,993955357136956	426,080467144382
69600,00195	0,812917900000002	8,390711914	0,994114061993559	426,422316105097
69610,00195	0,813335100000018	8,394508789	0,994032287945377	426,615276159984
69620,00195	0,812500699999987	8,388176758	0,99394790576808	426,293477562637
69630,00195	0,81336490000001	8,396197266	0,993922758523179	426,701085836256
69640,00195	0,813603399999977	8,398262695	0,9937965582757	426,80605249784
69650,00195	0,812709299999995	8,390445313	0,993899567375113	426,408767240941
69660,00195	0,812619900000016	8,389097656	0,993841636507275	426,340278294455
69670,00195	0,812679500000002	8,389270508	0,994166777603218	426,349062763633
69680,00195	0,813037099999974	8,390720703	0,993985905649245	426,422762768715
69690,00195	0,81253049999998	8,388146484	0,994077459181556	426,291939015094
69700,00195	0,812947699999995	8,390857422	0,994041415397226	426,429710931544
69710,00195	0,812679500000002	8,390361328	0,993975567137442	426,404499059816
69720,00195	0,812619900000016	8,389537109	0,99403098388082	426,362611627789
69730,00195	0,812858300000016	8,391203125	0,994097949195903	426,447279819078
69740,00195	0,81253049999998	8,387935547	0,993717392356631	426,281219037455
69750,00195	0,813841799999977	8,399588867	0,994242311342478	426,873449560401
69760,00195	0,813573599999984	8,395859375	0,993908508817754	426,683913960461
69770,00195	0,812381500000015	8,386490234	0,99376917592015	426,2077671393
69780,00195	0,812709299999995	8,390179688	0,994105213555522	426,395267977842
69790,00195	0,813513999999998	8,39528418	0,993897984296743	426,654682116176
69800,00195	0,813037099999974	8,392954102	0,994026420654919	426,53626579255
69810,00195	0,812709299999995	8,387458984	0,994003974543736	426,256999745896
69820,00195	0,812709299999995	8,386519531	0,993955636150769	426,209256034965
69830,00195	0,811964199999977	8,384185547	0,993869763899707	426,090641205468
69840,00195	0,812828500000023	8,389764648	0,994104003495618	426,374175331605
69850,00195	0,813335100000018	8,393704102	0,99389425911233	426,574381358947
69860,00195	0,812381500000015	8,385927734	0,994079229269183	426,179180464502
69870,00195	0,813156300000003	8,391111328	0,994056876162604	426,442614626213
69880,00195	0,812619900000016	8,387165039	0,9939357981687	426,24206123901
69890,00195	0,814318599999979	8,401861328	0,994073640992538	426,988937744575
69900,00195	0,813692800000013	8,394893555	0,993970258874659	426,634830258678
69910,00195	0,813096700000017	8,391161133	0,99390888183622	426,445145753926
69920,00195	0,813513999999998	8,395075195	0,994372609792836	426,644061340652
69930,00195	0,813692800000013	8,396407227	0,994062650448457	426,711756212837
69940,00195	0,812947699999995	8,388113281	0,993859425387904	426,290251613559
69950,00195	0,814586799999972	8,40634375	0,99394129344074	427,216737815724
69960,00195	0,813841799999977	8,399089844	0,99417068879684	426,84808883468
69970,00195	0,814497399999993	8,407038086	0,994255723006415	427,252024495604
69980,00195	0,814676200000008	8,406873047	0,993920803426392	427,243637088987
69990,00195	0,814110000000028	8,401020508	0,994176277073485	426,946206637191
70000,00195	0,813156300000003	8,395415039	0,994102419417199	426,66133246938
70010,00195	0,813752399999998	8,399496094	0,994223497411104	426,868734766479
70020,00195	0,813782199999991	8,396603516	0,994063023466923	426,721731768054
70030,00195	0,813603399999977	8,395355469	0,993904410614875	426,658305076993
70040,00195	0,813454299999989	8,395081055	0,994056131125721	426,644359150277
70050,00195	0,812590100000023	8,387742188	0,994022694470457	426,271392387051
70060,00195	0,813990799999999	8,399128906	0,994178326174925	426,85007399502
70070,00195	0,813990799999999	8,399943359	0,99394743974501	426,891465111552
70080,00195	0,81366300000002	8,398623047	0,993977337225069	426,824365858617
70090,00195	0,814348400000029	8,404208008	0,99418028227176	427,108197794379
70100,00195	0,813841799999977	8,399865234	0,994016734175395	426,887494740052
70110,00195	0,814169600000014	8,403022461	0,994145728561196	427,047947400518
70120,00195	0,813603399999977	8,399728516	0,994147777662636	426,880546628043
70130,00195	0,812828500000023	8,389577148	0,993914842131282	426,364646440006
70140,00195	0,813573599999984	8,397435547	0,993832975078495	426,764016211821
70150,00195	0,813573599999984	8,396560547	0,993933376048794	426,719548051024
70160,00195	0,814080199999978	8,401271484	0,993865758701432	426,958961427047
70170,00195	0,814258999999993	8,405445313	0,99386231353088	427,171078568888
70180,00195	0,814020599999992	8,400454102	0,994111174850633	426,917421456523
70190,00195	0,814437800000007	8,407581055	0,994236816070437	427,279618590232
70200,00195	0,815242500000011	8,415618164	0,99382440665432	427,688070539208
70210,00195	0,814080199999978	8,403474609	0,994123748473083	427,070925903339
70220,00195	0,813752399999998	8,401329102	0,994095900094464	426,96188961732
70230,00195	0,814318599999979	8,41096875	0,993901896490414	427,451783808507
70240,00195	0,814110000000028	8,407257813	0,994144517501243	427,263191187681
70250,00195	0,813692800000013	8,401732422	0,994174134967441	426,982386644306
70260,00195	0,813752399999998	8,403946289	0,994024557562688	427,09489703715
70270,00195	0,813245699999982	8,398022461	0,99394743974501	426,793843624536
70280,00195	0,813573599999984	8,399049805	0,993973053012982	426,846054022463
70290,00195	0,813156300000003	8,398515625	0,993979386326509	426,818906591452
70300,00195	0,813603399999977	8,398058594	0,993990655884403	426,795679930884
70310,00195	0,814437800000007	8,407430664	0,993847783811594	427,271975606037
70320,00195	0,814258999999993	8,408868164	0,993712642121473	427,345030441632
70330,00195	0,813424499999996	8,399574219	0,993808386861268	426,872705137978
70340,00195	0,814318599999979	8,406351563	0,994358732105828	427,217134878284
70350,00195	0,814169600000014	8,404900391	0,994269600693423	427,143385221324
70360,00195	0,813931200000013	8,406580078	0,994123748473083	427,228748183158
70370,00195	0,813424499999996	8,395902344	0,994006861686663	426,686097677491
70380,00195	0,812917900000002	8,390643555	0,994052404941258	426,418842049093
70390,00195	0,813275499999975	8,395642578	0,994020738373621	426,672896173197
70400,00195	0,813573599999984	8,396396484	0,994162586395735	426,711210245464
70410,00195	0,813603399999977	8,398058594	0,994072708946398	426,795679930884
70420,00195	0,814586799999972	8,410678711	0,994076155116999	427,437043807491
70430,00195	0,813931200000013	8,406884766	0,994306855537705	427,244232657417
70440,00195	0,813752399999998	8,400217773	0,994029586811658	426,905411038268
70450,00195	0,813841799999977	8,399373047	0,993833347096912	426,862481425014
70460,00195	0,812381500000015	8,389064453	0,994031169890028	426,338590892921
70470,00195	0,813186099999996	8,395650391	0,993972586989911	426,673293235758
70480,00195	0,813156300000003	8,393976563	0,993962528491971	426,588228032729
70490,00195	0,812947699999995	8,39381543	0,994071404881841	426,580039131982
70500,00195	0,813424499999996	8,397891602	0,993968209773219	426,787193271332
70510,00195	0,812113199999999	8,387220703	0,994226478558684	426,244890125527
70520,00195	0,813156300000003	8,393570313	0,994112385910585	426,56758210093
70530,00195	0,813573599999984	8,395917969	0,994011611921821	426,686891751791
70540,00195	0,811845000000005	8,381922852	0,99389882233823	425,975649336789
70550,00195	0,812381500000015	8,387020508	0,993959734353648	426,234716064441
70560,00195	0,811874799999998	8,384541992	0,994012542967912	426,108756009554
70570,00195	0,813156300000003	8,394793945	0,994181213317851	426,629768003253
70580,00195	0,812202599999978	8,386286133	0,994053802010419	426,197394572343
70590,00195	0,812351700000022	8,389292969	0,994224708471056	426,350204248615
70600,00195	0,812441100000001	8,385600586	0,993959920362856	426,162554556081
70610,00195	0,811755600000026	8,382677734	0,993969606842381	426,014013010113
70620,00195	0,811010599999975	8,373568359	0,993937195237861	425,551067693246
70630,00195	0,812381500000015	8,38453418	0,994097856191299	426,108358997815
70640,00195	0,81276889999998	8,386762695	0,993961038418205	426,221613813081
70650,00195	0,811189399999989	8,374443359	0,994033778019142	425,595535854043
70660,00195	0,812381500000015	8,386624023	0,994132502906467	426,214566397317
70670,00195	0,81253049999998	8,389533203	0,993898170305952	426,362413121919
70680,00195	0,812292099999979	8,385939453	0,99390292054111	426,179776032932
70690,00195	0,811755600000026	8,38046875	0,994095248062185	425,901750775017
70700,00195	0,812500699999987	8,387310547	0,993984694589292	426,249456065457
70710,00195	0,812351700000022	8,385481445	0,99411545906272	426,156499720486
70720,00195	0,812917900000002	8,389547852	0,994100277311155	426,363157595162
70730,00195	0,813245699999982	8,392157227	0,993840146433509	426,495768003253
70740,00195	0,812381500000015	8,384110352	0,994098135205112	426,086819738781
70750,00195	0,811785400000019	8,380231445	0,993901151453532	425,889690755705
70760,00195	0,811517200000026	8,378745117	0,993846945770107	425,814154444275
70770,00195	0,812351700000022	8,383671875	0,994046910669267	426,064536006505
70780,00195	0,811368200000004	8,379293945	0,994316728026437	425,842046297708
70790,00195	0,811964199999977	8,38162793	0,993971748948425	425,960661178025
70800,00195	0,81202380000002	8,384733398	0,994171713847585	426,118483407023
70810,00195	0,812172799999985	8,385601563	0,994094503025302	426,162604207959
70820,00195	0,811189399999989	8,376616211	0,993687494876572	425,705961833613
70830,00195	0,811755600000026	8,379828125	0,993985160612362	425,869193728719
70840,00195	0,812083400000006	8,378105469	0,993955636150769	425,781647049855
70850,00195	0,812351700000022	8,385233398	0,994089194762519	426,143893784622
70860,00195	0,812351700000022	8,382411133	0,994124400505362	426,000464145957
70870,00195	0,810623099999987	8,369599609	0,993903013545714	425,34937282106
70880,00195	0,812083400000006	8,380238281	0,994027630714823	425,890038166387
70890,00195	0,81253049999998	8,390579102	0,993996709184068	426,415566498958
70900,00195	0,812202599999978	8,384418945	0,994008817783498	426,10250266809
70910,00195	0,812441100000001	8,386976563	0,994060042319343	426,232482746354
70920,00195	0,812828500000023	8,390098633	0,993966719699454	426,39114870153
70930,00195	0,812262299999986	8,385341797	0,99410791468924	426,149402703664
70940,00195	0,811636399999998	8,378875	0,994013754027865	425,820755196422
70950,00195	0,812381500000015	8,385401367	0,994010959889542	426,152430096051
70960,00195	0,813245699999982	8,395378906	0,993940734413066	426,659496163033
70970,00195	0,81202380000002	8,383866211	0,993956195178443	426,074412308787
70980,00195	0,812351700000022	8,387138672	0,994022415456644	426,240721248158
70990,00195	0,812858300000016	8,391107422	0,994025674617987	426,442416120344
71000,00195	0,812500699999987	8,385803711	0,99396411157034	426,17287752198
71010,00195	0,812709299999995	8,388980469	0,994060974365483	426,334322762616
71020,00195	0,811219199999982	8,378723633	0,993953028021655	425,81306261117
71030,00195	0,81253049999998	8,386506836	0,994115552067324	426,208610865478
71040,00195	0,813454299999989	8,397567383	0,994108752730727	426,770716216903
71050,00195	0,813454299999989	8,397943359	0,994099067251252	426,789823601159
71060,00195	0,813335100000018	8,397415039	0,994320081192434	426,762973979773
71070,00195	0,812500699999987	8,38684082	0,99401477807856	426,225584184581
71080,00195	0,813186099999996	8,394974609	0,994201331313782	426,638949484169
71090,00195	0,812262299999986	8,388914063	0,994059577296322	426,330947959547
71100,00195	0,81366300000002	8,400314453	0,994208036645726	426,91032438888
71110,00195	0,812947699999995	8,392373047	0,993880661439184	426,506736138639
71120,00195	0,813424499999996	8,399358398	0,993999131303974	426,861736951771
71130,00195	0,812858300000016	8,394963867	0,994114248002767	426,638403567617
71140,00195	0,813335100000018	8,3993125	0,993934867122609	426,859404380749
71150,00195	0,812947699999995	8,396880859	0,993904503619479	426,735826548762
71160,00195	0,813007299999981	8,395916992	0,994036199138998	426,686842099914
71170,00195	0,812828500000023	8,394990234	0,993962993514991	426,639743558469
71180,00195	0,812441100000001	8,390286133	0,993917450260396	426,400677593129
71190,00195	0,81253049999998	8,391947266	0,99413529704479	426,485097626671
71200,00195	0,812858300000016	8,393091797	0,993901244458136	426,543263556437
71210,00195	0,812500699999987	8,388316406	0,994047096678475	426,300574579458
71220,00195	0,812381500000015	8,388385742	0,994071591891098	426,304098287341
71230,00195	0,811934399999984	8,38490918	0,994044768563223	426,127416781013
71240,00195	0,812500699999987	8,389967773	0,994042346443317	426,384498297505
71250,00195	0,812500699999987	8,389728516	0,993938964325438	426,372339076079
71260,00195	0,81276889999998	8,3908125	0,993928253795219	426,427427961579
71270,00195	0,812381500000015	8,390104492	0,994145169533522	426,391446460334
71280,00195	0,813007299999981	8,393488281	0,994142189385991	426,56341317274
71290,00195	0,812590100000023	8,389728516	0,993962900510387	426,372339076079
71300,00195	0,812351700000022	8,388658203	0,994064606545292	426,317944961122
71310,00195	0,812113199999999	8,385658203	0,993862778553901	426,165482695533
71320,00195	0,813245699999982	8,395420898	0,994169757750749	426,661630228185
71330,00195	0,812619900000016	8,390238281	0,993910091896124	426,398245718351
71340,00195	0,812172799999985	8,387193359	0,99392667071685	426,243500482797
71350,00195	0,811934399999984	8,384854492	0,994049517798332	426,124637495553
71360,00195	0,812500699999987	8,389264648	0,993961503441226	426,348764954007
71370,00195	0,813156300000003	8,395887695	0,994290369721583	426,685353204249
71380,00195	0,812709299999995	8,391436523	0,993932351998099	426,459141281699
71390,00195	0,812172799999985	8,386339844	0,993890533927917	426,200124205926
71400,00195	0,81276889999998	8,39159668	0,994273046864024	426,467280581389
71410,00195	0,812590100000023	8,391899414	0,994035268092907	426,482665751893
71420,00195	0,813573599999984	8,402759766	0,994227316600171	427,034597042232
71430,00195	0,812262299999986	8,388188477	0,994052498945912	426,294073131067
71440,00195	0,813096700000017	8,39734375	0,994104189504827	426,759351018956
71450,00195	0,81336490000001	8,398125	0,993997827239417	426,799054733953
71460,00195	0,813513999999998	8,399047852	0,994026047636453	426,845954769528
71470,00195	0,814110000000028	8,407401367	0,994109498767659	427,270486710373
71480,00195	0,813603399999977	8,401493164	0,99405929728246	426,970227372059
71490,00195	0,812262299999986	8,389805664	0,994015430110838	426,376259795701
71500,00195	0,813186099999996	8,396795898	0,993854862162004	426,73150876658
71510,00195	0,812947699999995	8,394180664	0,994025581613383	426,598600599685
71520,00195	0,812292099999979	8,385519531	0,993909719877707	426,158435279768
71530,00195	0,812172799999985	8,387135742	0,993858773355626	426,240572343345
71540,00195	0,812590100000023	8,388783203	0,994224149443382	426,324297555522
71550,00195	0,812709299999995	8,391654297	0,994093478974607	426,470208720842
71560,00195	0,812083400000006	8,388234375	0,994048865766053	426,296405702089
71570,00195	0,812709299999995	8,390491211	0,993944273588271	426,411099811963
71580,00195	0,811755600000026	8,382952148	0,993846758760849	426,02795893683
71590,00195	0,811010599999975	8,375600586	0,993913073043704	425,654347004116
71600,00195	0,812858300000016	8,391339844	0,99395200397096	426,454227981908
71610,00195	0,812262299999986	8,385303711	0,993967650745545	426,147467144382
71620,00195	0,812202599999978	8,386544922	0,994111733878307	426,21054642476
71630,00195	0,81202380000002	8,384064453	0,99386892585822	426,084487116939
71640,00195	0,811278800000025	8,379883789	0,994145449547384	425,872022615236
71650,00195	0,81253049999998	8,391542969	0,994043650507875	426,464550947807
71660,00195	0,811785400000019	8,383736328	0,994011145898751	426,06781155664
71670,00195	0,813096700000017	8,396675781	0,994121233348573	426,725404329928
71680,00195	0,81336490000001	8,40002832	0,994150757810167	426,895782893734
71690,00195	0,811964199999977	8,387466797	0,994149081727193	426,257396808457
71700,00195	0,812858300000016	8,39475293	0,994195650032533	426,627683589978
71710,00195	0,813007299999981	8,394654297	0,993955636150769	426,622670986431
71720,00195	0,812083400000006	8,385116211	0,993885317669688	426,137938252782
71730,00195	0,811338400000011	8,378164063	0,99414945374561	425,784624841185
71740,00195	0,811547000000019	8,380126953	0,993994940096491	425,884380393353
71750,00195	0,81142779999999	8,376828125	0,9941868945991	425,71673146313
71760,00195	0,811547000000019	8,380458008	0,994051287885959	425,901204858464
71770,00195	0,812083400000006	8,381476563	0,994000342363927	425,952968592773
71780,00195	0,810772100000008	8,372205078	0,994040484351136	425,481784723281
71790,00195	0,811606600000005	8,379666992	0,994092919946933	425,861004827972
71800,00195	0,811845000000005	8,381477539	0,994303223357896	425,95301819383
71810,00195	0,812262299999986	8,386332031	0,99394790576808	426,199727143365
71820,00195	0,812709299999995	8,389435547	0,993977151215861	426,357450170249
71830,00195	0,812083400000006	8,386180664	0,993940548403858	426,192034558114
71840,00195	0,811934399999984	8,383120117	0,993990282865937	426,036495248259
71850,00195	0,810533700000008	8,371389648	0,994382668290777	425,440343954871
71860,00195	0,812262299999986	8,382966797	0,9939803173726	426,028703410073
71870,00195	0,811785400000019	8,379726563	0,993762935611227	425,86403227118
71880,00195	0,811606600000005	8,379666992	0,993954705104678	425,861004827972
71890,00195	0,812172799999985	8,385704102	0,994243615407035	426,167815317376
71900,00195	0,810801900000001	8,373994141	0,994007233705079	425,572706256035
71910,00195	0,811845000000005	8,379969727	0,993792926095891	425,876390049296
71920,00195	0,812441100000001	8,387092773	0,993969233823915	426,238388626315
71930,00195	0,81253049999998	8,386455078	0,994034337046816	426,20598048483
71940,00195	0,810593299999994	8,369748047	0,993744867716785	425,35691655232
71950,00195	0,811547000000019	8,378236328	0,993853744106655	425,788297403059
71960,00195	0,811457599999983	8,377798828	0,994114900035046	425,766063322661
71970,00195	0,810682699999973	8,372141602	0,993883361572853	425,478558825024
71980,00195	0,811517200000026	8,378970703	0,994019714322926	425,825618895157
71990,00195	0,811457599999983	8,380204102	0,993975195119025	425,888301163795
72000,00195	0,810712500000022	8,371686523	0,994048959770707	425,45543136657
72010,00195	0,810950999999989	8,373710938	0,993866969761384	425,558313665701
72020,00195	0,811189399999989	8,374879883	0,993955543146165	425,617720333384
72030,00195	0,811338400000011	8,376419922	0,99411704214109	425,695986278396
72040,00195	0,81089129999998	8,37134668	0,994118346205647	425,438160288662
72050,00195	0,810146299999985	8,366665039	0,994037038180535	425,200235757483
72060,00195	0,811964199999977	8,379203125	0,993973332026794	425,837430756721
72070,00195	0,812262299999986	8,385057617	0,994068052715893	426,134960461452
72080,00195	0,811874799999998	8,381498047	0,994075131066304	425,954060425878
72090,00195	0,810801900000001	8,373878906	0,993922758523179	425,56684992631
72100,00195	0,812441100000001	8,385341797	0,994144610505848	426,149402703664
72110,00195	0,811636399999998	8,379616211	0,994086400624197	425,858424099202
72120,00195	0,811964199999977	8,381484375	0,994160816308108	425,953365604513
72130,00195	0,811636399999998	8,376205078	0,993886342720433	425,685067744067
72140,00195	0,811845000000005	8,381193359	0,994169105718471	425,938575951619
72150,00195	0,811547000000019	8,377794922	0,993808013842802	425,765864816791
72160,00195	0,811695999999984	8,379325195	0,993897146255256	425,843634446308
72170,00195	0,812202599999978	8,38405957	0,994107169652357	426,084238959191
72180,00195	0,811964199999977	8,384619141	0,993995126105699	426,112676779997
72190,00195	0,812292099999979	8,386212891	0,994006861686663	426,193672358591
72200,00195	0,811219199999982	8,378032227	0,993982459478644	425,777924836103
72210,00195	0,811874799999998	8,381364258	0,994090684836285	425,947261167861
72220,00195	0,812441100000001	8,388069336	0,994161655349644	426,288018295472
72230,00195	0,812172799999985	8,389833984	0,993872186019613	426,377699039488
72240,00195	0,811129800000003	8,378360352	0,99385225403289	425,794600396402
72250,00195	0,813245699999982	8,396672852	0,994106517620079	426,725255475936
72260,00195	0,811189399999989	8,377552734	0,99412160636704	425,753556639732
72270,00195	0,811874799999998	8,383165039	0,993988233764497	426,038778218224
72280,00195	0,81202380000002	8,386069336	0,994393286816441	426,186376785079
72290,00195	0,810444300000029	8,373833008	0,993987675736872	425,564517355288
72300,00195	0,811636399999998	8,378983398	0,993709568969339	425,826264064644
72310,00195	0,812381500000015	8,387299805	0,993889881895638	426,248910148905
72320,00195	0,81142779999999	8,382736328	0,9940248365765	426,016990801443
72330,00195	0,813096700000017	8,395813477	0,994003974543736	426,68158138944
72340,00195	0,812917900000002	8,395332031	0,994160164275829	426,657113940133
72350,00195	0,812262299999986	8,387044922	0,994093943997628	426,235956802358
72360,00195	0,812351700000022	8,389083984	0,99389425911233	426,33958347309
72370,00195	0,811129800000003	8,376882813	0,993934960127213	425,71951074859
72380,00195	0,812590100000023	8,389038086	0,994023812525805	426,337250902068
72390,00195	0,811636399999998	8,383008789	0,994033405000676	426,030837475225
72400,00195	0,812292099999979	8,389640625	0,994142003376783	426,367872389084
72410,00195	0,811874799999998	8,385962891	0,993821425506739	426,180967169792
72420,00195	0,812083400000006	8,387158203	0,994102513421853	426,241713828328
72430,00195	0,812679500000002	8,392708008	0,994123561463826	426,52375910962
72440,00195	0,812351700000022	8,388831055	0,994036572157464	426,326729430299
72450,00195	0,811874799999998	8,38924707	0,993943900569805	426,347871626772
72460,00195	0,81253049999998	8,395098633	0,994005557622106	426,645252477512
72470,00195	0,812590100000023	8,396791016	0,993942690509901	426,731260659653
72480,00195	0,812351700000022	8,389723633	0,993920337403322	426,372090918331
72490,00195	0,812202599999978	8,391969727	0,993884386623597	426,486239111653
72500,00195	0,812262299999986	8,39034668	0,994108194703102	426,403754637394
72510,00195	0,811457599999983	8,384938477	0,993687029853551	426,128905676678
72520,00195	0,811755600000026	8,38580957	0,994105586573988	426,173175280785
72530,00195	0,81142779999999	8,38071875	0,993955822159977	425,914455963816
72540,00195	0,81202380000002	8,387107422	0,994083699490479	426,239133099558
72550,00195	0,812083400000006	8,391009766	0,993918567315695	426,437453168674
72560,00195	0,81253049999998	8,394785156	0,993929557859776	426,629321339635
72570,00195	0,811457599999983	8,384256836	0,993981714441761	426,094264166286
72580,00195	0,812947699999995	8,400461914	0,994257958117063	426,917818468262
72590,00195	0,813603399999977	8,408041992	0,994249203683679	427,30304375667
72600,00195	0,811874799999998	8,390079102	0,993912421011425	426,39015612136
72610,00195	0,812590100000023	8,396376953	0,993966998713267	426,710217665295
72620,00195	0,811695999999984	8,390845703	0,993991027902819	426,429115363114
72630,00195	0,812113199999999	8,388518555	0,993955170127699	426,3108479443
72640,00195	0,813156300000003	8,399458984	0,994057435190278	426,866848808253
72650,00195	0,811695999999984	8,387302734	0,993995126105699	426,249059002897
72660,00195	0,811338400000011	8,384379883	0,993979386326509	426,10051750775
72670,00195	0,810712500000022	8,379505859	0,994059577296322	425,852815927225
72680,00195	0,811129800000003	8,380613281	0,994152340888536	425,909095949586
72690,00195	0,811964199999977	8,387944336	0,994059111273252	426,281665701072
72700,00195	0,81202380000002	8,385944336	0,993937661260931	426,180024190679
72710,00195	0,812172799999985	8,389733398	0,994099625278877	426,372587183006
72720,00195	0,811606600000005	8,386990234	0,994073081964864	426,233177516898
72730,00195	0,811755600000026	8,384259766	0,99402940080245	426,094413071098
72740,00195	0,811517200000026	8,380198242	0,99405724818102	425,88800335417
72750,00195	0,811278800000025	8,381450195	0,994096925145208	425,9516285511
72760,00195	0,811368200000004	8,381871094	0,994113688975093	425,973018956142
72770,00195	0,81110000000001	8,379866211	0,993998293262487	425,871129288001
72780,00195	0,810682699999973	8,374666016	0,993821425506739	425,606851450933
72790,00195	0,809967500000027	8,370516602	0,994046165632384	425,39597509783
72800,00195	0,811040400000024	8,379106445	0,994054827061164	425,832517406109
72810,00195	0,811368200000004	8,382865234	0,994226105540218	426,023541901713
72820,00195	0,811547000000019	8,384166016	0,994093664983816	426,089648625299
72830,00195	0,810801900000001	8,378733398	0,993865945710689	425,813558875845
72840,00195	0,81110000000001	8,379119141	0,993955170127699	425,833162626417
72850,00195	0,811457599999983	8,3826875	0,993887925798802	426,014509325609
72860,00195	0,811129800000003	8,377636719	0,993925925679967	425,757824820857
72870,00195	0,810772100000008	8,374644531	0,994092360919259	425,605759567007
72880,00195	0,810861499999987	8,370617188	0,993897798287535	425,401086954312
72890,00195	0,81089129999998	8,374926758	0,994133620961816	425,620102556284
72900,00195	0,811040400000024	8,374733398	0,994009282806519	425,610275855059
72910,00195	0,809878099999992	8,366458984	0,994001832437692	425,189763886771
72920,00195	0,809848299999999	8,367342773	0,993916798228117	425,234678711186
72930,00195	0,810265500000014	8,369446289	0,994108566721518	425,341580982873
72940,00195	0,80922240000001	8,361426758	0,994029865825471	424,934022361132
72950,00195	0,810265500000014	8,369571289	0,994149360741006	425,347933577273
72960,00195	0,809729100000027	8,364057617	0,9941058655878	425,067724602328
72970,00195	0,811338400000011	8,376475586	0,994122630417735	425,698815164913
72980,00195	0,810593299999994	8,369705078	0,993950699906403	425,35473283529
72990,00195	0,810533700000008	8,367935547	0,993862033517018	425,264803933527
73000,00195	0,811010599999975	8,372380859	0,993940920422274	425,49071804645
73010,00195	0,810474100000022	8,370536133	0,99411545906272	425,396967678
73020,00195	0,809878099999992	8,364506836	0,993922386504762	425,090554251156
73030,00195	0,81142779999999	8,378014648	0,994139861270739	425,777031458047
73040,00195	0,81089129999998	8,376510742	0,994086120610335	425,700601819383
73050,00195	0,810861499999987	8,37477832	0,99380456867225	425,612558825024
73060,00195	0,811129800000003	8,374824219	0,994047562701546	425,614891446867
73070,00195	0,811129800000003	8,374275391	0,993865293678411	425,586999593434
73080,00195	0,811040400000024	8,373473633	0,994080812347552	425,546253646389
73090,00195	0,809729100000027	8,364231445	0,994011890935633	425,076558672562
73100,00195	0,81089129999998	8,374307617	0,994093571979211	425,588637343091
73110,00195	0,810533700000008	8,369942383	0,993929836873589	425,366792854602
73120,00195	0,810295300000007	8,370520508	0,993843406594902	425,3961736037
73130,00195	0,810593299999994	8,368387695	0,993991307916681	425,287782436347
73140,00195	0,80922240000001	8,360570313	0,994036199138998	424,890497179448
73150,00195	0,810265500000014	8,367730469	0,993950233883332	425,254381714692
73160,00195	0,810772100000008	8,372449219	0,994167336630893	425,494192153275
73170,00195	0,809937699999978	8,365616211	0,99381984242837	425,146933526452
73180,00195	0,81110000000001	8,374176758	0,994027258696406	425,581986989887
73190,00195	0,810593299999994	8,371761719	0,994080160315274	425,459252884078
73200,00195	0,811845000000005	8,383209961	0,993911395960681	426,041061188189
73210,00195	0,810533700000008	8,371592773	0,993967464736337	425,45066692077
73220,00195	0,809371399999975	8,364631836	0,993952562998634	425,096906845556
73230,00195	0,810354899999993	8,369112305	0,994015151097026	425,32460766377
73240,00195	0,811219199999982	8,376851563	0,993873303074912	425,71792259999
73250,00195	0,810623099999987	8,371179688	0,994060322333205	425,42967362911
73260,00195	0,810623099999987	8,372303711	0,994018969286043	425,486797326828
73270,00195	0,810950999999989	8,373737305	0,994003042497596	425,559653656553
73280,00195	0,809848299999999	8,365734375	0,993938592307022	425,152938710169
73290,00195	0,810682699999973	8,372042969	0,994090311817819	425,473546221477
73300,00195	0,810950999999989	8,375753906	0,994085003555036	425,662138842303
73310,00195	0,811874799999998	8,383051758	0,994068238725102	426,033021192255
73320,00195	0,810384699999986	8,368466797	0,994189968751284	425,291802459725
73330,00195	0,809401200000025	8,358568359	0,99396411157034	424,7887563653
73340,00195	0,811368200000004	8,37669043	0,993967650745545	425,709733699243
73350,00195	0,811606600000005	8,376760742	0,994115273053512	425,713307008182
73360,00195	0,810801900000001	8,37171875	0,994020738373621	425,457069167048
73370,00195	0,811517200000026	8,378363281	0,994086307619593	425,794749250394
73380,00195	0,811457599999983	8,377601563	0,994095155057581	425,756038166387
73390,00195	0,81089129999998	8,372689453	0,994021297401295	425,506401026579
73400,00195	0,812083400000006	8,385191406	0,993984974603154	426,141759719469
73410,00195	0,811934399999984	8,382560547	0,994118067191834	426,008057478274
73420,00195	0,811547000000019	8,381365234	0,994227875627845	425,947310768918
73430,00195	0,811845000000005	8,381751953	0,993947626754268	425,966964120547
73440,00195	0,812113199999999	8,384851563	0,993879357374627	426,124488641561
73450,00195	0,812083400000006	8,384244141	0,994055199079581	426,093618996798
73460,00195	0,811755600000026	8,383890625	0,99400769972815	426,075653046704
73470,00195	0,812947699999995	8,39387207	0,994035734115978	426,582917619556
73480,00195	0,811517200000026	8,378546875	0,993940082380787	425,804079636123
73490,00195	0,811040400000024	8,373364258	0,993839028378161	425,54069512629
73500,00195	0,811517200000026	8,376931641	0,994019248299856	425,721992224425
73510,00195	0,811457599999983	8,378394531	0,994096925145208	425,796337398994
73520,00195	0,811785400000019	8,38271582	0,99385067095452	426,015948569396
73530,00195	0,811606600000005	8,380612305	0,994099532274273	425,909046348529
73540,00195	0,811755600000026	8,381876953	0,993973332026794	425,973316714946
73550,00195	0,810593299999994	8,371519531	0,993922386504762	425,446944707018
73560,00195	0,811278800000025	8,377274414	0,993963087519645	425,739412207145
73570,00195	0,811517200000026	8,381609375	0,993934028081072	425,959718198912
73580,00195	0,810712500000022	8,373408203	0,993909346859241	425,542928444377
73590,00195	0,811755600000026	8,383167969	0,994084537531966	426,038927123037
73600,00195	0,811129800000003	8,376172852	0,993858587346417	425,68342999441
73610,00195	0,810712500000022	8,374189453	0,994093105956141	425,582632159374
73620,00195	0,811338400000011	8,378905273	0,994015709124651	425,822293693144
73630,00195	0,81253049999998	8,388701172	0,993779048408883	426,320128678152
73640,00195	0,811278800000025	8,380323242	0,993899847388975	425,894355948569
73650,00195	0,812202599999978	8,388180664	0,993935053131817	426,293676068506
73660,00195	0,812262299999986	8,389047852	0,994083513481271	426,337747217564
73670,00195	0,811785400000019	8,385146484	0,994161748354248	426,139476749504
73680,00195	0,812262299999986	8,390208008	0,993936450200978	426,396707221629
73690,00195	0,811368200000004	8,382061523	0,994059856310134	425,982696701733
73700,00195	0,811755600000026	8,383791992	0,993825616714223	426,070640443157
73710,00195	0,811040400000024	8,376423828	0,994039645309599	425,696184784266
73720,00195	0,810950999999989	8,374276367	0,993979386326509	425,587049194491
73730,00195	0,812083400000006	8,384103516	0,994130826823493	426,086472328099
73740,00195	0,811845000000005	8,381484375	0,993732666112751	425,953365604513
73750,00195	0,810861499999987	8,375253906	0,993935425150233	425,636728464705
73760,00195	0,811636399999998	8,379595703	0,994046444646197	425,857381867155
73770,00195	0,811606600000005	8,380205078	0,993994940096491	425,888350764852
73780,00195	0,81110000000001	8,376585938	0,994053243982795	425,704423336891
73790,00195	0,812947699999995	8,39775	0,993997641230209	426,779996950755
73800,00195	0,81110000000001	8,380375977	0,993808945888942	425,897035981095
73810,00195	0,811189399999989	8,382666016	0,993909346859241	426,013417492504
73820,00195	0,811964199999977	8,388864258	0,994003508520666	426,328416831834
73830,00195	0,811547000000019	8,387006836	0,99409375798842	426,234021243076
73840,00195	0,811606600000005	8,386238281	0,994169105718471	426,194962697566
73850,00195	0,811636399999998	8,389039063	0,993940082380787	426,337300553946
73860,00195	0,812083400000006	8,392012695	0,993949861864916	426,488422777862
73870,00195	0,81202380000002	8,390776367	0,994115925085791	426,425591655232
73880,00195	0,81110000000001	8,381836914	0,994171713847585	425,971281902729
73890,00195	0,811964199999977	8,389365234	0,993914376108211	426,353876810489
73900,00195	0,812113199999999	8,390268555	0,994176650091951	426,399784265894
73910,00195	0,811845000000005	8,38827832	0,994092919946933	426,298639020176
73920,00195	0,811517200000026	8,385050781	0,994098135205112	426,13461305077
73930,00195	0,811457599999983	8,384432617	0,994018038239952	426,103197489455
73940,00195	0,811219199999982	8,384508789	0,993699975494419	426,10706860802
73950,00195	0,812441100000001	8,397641602	0,994181586336317	426,774488082533
73960,00195	0,812679500000002	8,402861328	0,994108473716914	427,039758499771
73970,00195	0,813037099999974	8,403	0,994083699490479	427,046805915536
73980,00195	0,811964199999977	8,391894531	0,993979386326509	426,482417594145
73990,00195	0,810861499999987	8,381938477	0,994109498767659	425,976443411089
74000,00195	0,81202380000002	8,392	0,99393123394275	426,487777608375
74010,00195	0,81202380000002	8,390301758	0,993910743928402	426,401471667429
74020,00195	0,812172799999985	8,390665039	0,994002484469971	426,419933882197
74030,00195	0,810444300000029	8,375583008	0,994102233407991	425,653453676882
74040,00195	0,81110000000001	8,38356543	0,994063302480735	426,059126391218
74050,00195	0,810801900000001	8,378797852	0,994150291787097	425,8168344768
74060,00195	0,811964199999977	8,389033203	0,994289531680096	426,337002744321
74070,00195	0,810682699999973	8,376275391	0,994168081667775	425,688641103827
74080,00195	0,809937699999978	8,370494141	0,993960572395135	425,394833612847
74090,00195	0,811129800000003	8,378817383	0,993991214912077	425,81782705697
74100,00195	0,810593299999994	8,375400391	0,99394743974501	425,64417294303
74110,00195	0,810295300000007	8,373077148	0,993812112045681	425,526103979265
74120,00195	0,810950999999989	8,379603516	0,993869856904311	425,857778929715
74130,00195	0,811219199999982	8,380774414	0,993989072806033	425,917284850333
74140,00195	0,809967500000027	8,373439453	0,994208968691867	425,544516592977
74150,00195	0,810295300000007	8,375155273	0,993959734353648	425,631715861158
74160,00195	0,809967500000027	8,371305664	0,993824219645062	425,436075824567
74170,00195	0,810205900000028	8,365573242	0,994088728739449	425,144749809422
74180,00195	0,81089129999998	8,373754883	0,994094689034511	425,560546983788
74190,00195	0,811129800000003	8,376545898	0,994285433477217	425,702388473853
74200,00195	0,810027100000013	8,368109375	0,993987768741476	425,273638003761
74210,00195	0,810354899999993	8,367362305	0,993949861864916	425,235671342176
74220,00195	0,810146299999985	8,367389648	0,994181213317851	425,237060934085
74230,00195	0,810623099999987	8,370012695	0,994154856013046	425,370366163541
74240,00195	0,81110000000001	8,375304688	0,994197792138577	425,639309244295
74250,00195	0,810116499999992	8,367857422	0,993951910966355	425,260833562027
74260,00195	0,810205900000028	8,369852539	0,994007792732754	425,362226914672
74270,00195	0,810056900000006	8,36793457	0,994094131006886	425,264754281649
74280,00195	0,810354899999993	8,368310547	0,993897798287535	425,283861716725
74290,00195	0,810205900000028	8,368487305	0,993766474786432	425,292844691772
74300,00195	0,81089129999998	8,37559375	0,994162400386527	425,653999593434
74310,00195	0,810801900000001	8,378958008	0,994100371315809	425,82497372567
74320,00195	0,810801900000001	8,378199219	0,994090963850097	425,786411495655
74330,00195	0,811010599999975	8,378256836	0,994008817783498	425,789339635107
74340,00195	0,810295300000007	8,370859375	0,994066468637474	425,413395080551
74350,00195	0,810265500000014	8,370864258	0,993905528670224	425,413643238299
74360,00195	0,810354899999993	8,371237305	0,994103816486361	425,432601768562
74370,00195	0,81089129999998	8,377256836	0,994019155295252	425,738518879911
74380,00195	0,808894599999974	8,360108398	0,993804940690667	424,867022310312
74390,00195	0,81110000000001	8,377591797	0,994246316540753	425,755541850892
74400,00195	0,81110000000001	8,379010742	0,994177022110368	425,827653707374
74410,00195	0,810861499999987	8,375560547	0,993989723838262	425,652312191899
74420,00195	0,810205900000028	8,369349609	0,993979572335717	425,336667632261
74430,00195	0,809788700000013	8,366835938	0,99423551200588	425,208920973726
74440,00195	0,810205900000028	8,366157227	0,99375501921933	425,174428368146
74450,00195	0,808805199999995	8,356269531	0,994164355483313	424,671928190273
74460,00195	0,810116499999992	8,365038086	0,994232159839933	425,117552777354
74470,00195	0,810801900000001	8,375541992	0,994025488608779	425,651369212787
74480,00195	0,809460800000011	8,364297852	0,994063488489944	425,079933526452
74490,00195	0,809967500000027	8,366148438	0,993909253854637	425,173981704528
74500,00195	0,808715800000016	8,355277344	0,993829155889428	424,621504497637
74510,00195	0,810772100000008	8,373655273	0,993902361513435	425,555484728363
74520,00195	0,810146299999985	8,371669922	0,994133061934141	425,454587691213
74530,00195	0,810354899999993	8,369569336	0,99409627311293	425,347834324338
74540,00195	0,810295300000007	8,368480469	0,994174414981303	425,29249728109
74550,00195	0,809729100000027	8,36572168	0,994155135026859	425,152293540682
74560,00195	0,81110000000001	8,377420898	0,994136601109347	425,74685663465
74570,00195	0,810444300000029	8,372391602	0,993969699846985	425,491264013823
74580,00195	0,811040400000024	8,380569336	0,993969978860797	425,906862631499
74590,00195	0,809967500000027	8,367239258	0,993853279083635	425,229418000711
74600,00195	0,810593299999994	8,372009766	0,994122723422339	425,471858819942
74610,00195	0,810533700000008	8,374569336	0,993931606961216	425,60193810032
74620,00195	0,810861499999987	8,374178711	0,993957219229138	425,582086242822
74630,00195	0,808954200000016	8,359833008	0,993788175860733	424,853026782538
74640,00195	0,809848299999999	8,365674805	0,993827013783384	425,149911317782
74650,00195	0,809967500000027	8,367541992	0,993931047933542	425,244803171215
74660,00195	0,810772100000008	8,374587891	0,994073360978676	425,602881079433
74670,00195	0,810533700000008	8,373748047	0,994198723184668	425,560199573106
74680,00195	0,810116499999992	8,3691875	0,994185404525335	425,328429130457
74690,00195	0,811189399999989	8,378673828	0,994105213555522	425,810531483458
74700,00195	0,81202380000002	8,389530273	0,994047934719962	426,362264217106
74710,00195	0,810593299999994	8,375892578	0,994032659963793	425,669186258068
74720,00195	0,811219199999982	8,383420898	0,994004439566757	426,051781165828
74730,00195	0,809878099999992	8,365208984	0,994016082143117	425,126237942776
74740,00195	0,810861499999987	8,37490332	0,993989537829054	425,618911419424
74750,00195	0,810623099999987	8,375658203	0,993996151156443	425,657275143569
74760,00195	0,810384699999986	8,373914063	0,994109125749193	425,5686366316
74770,00195	0,810295300000007	8,370841797	0,994003787534478	425,412501753316
74780,00195	0,810116499999992	8,370054688	0,994049424793728	425,372500279514
74790,00195	0,810623099999987	8,376630859	0,994009375811123	425,706706256035
74800,00195	0,810712500000022	8,379768555	0,99392415559234	425,866166336332
74810,00195	0,811695999999984	8,391476563	0,994126542611406	426,461176144738
74820,00195	0,812292099999979	8,396286133	0,99418074829483	426,705602124308
74830,00195	0,811368200000004	8,386669922	0,993823847626645	426,216899019159
74840,00195	0,811874799999998	8,391655273	0,993968488787032	426,470258321899
74850,00195	0,81110000000001	8,383099609	0,993910091896124	426,035453016212
74860,00195	0,811368200000004	8,382769531	0,994299870191899	426,018678202978
74870,00195	0,809937699999978	8,371431641	0,993815838230144	425,442478070844
74880,00195	0,81089129999998	8,379300781	0,994044116530945	425,84239370839
74890,00195	0,810950999999989	8,382177734	0,993912793029842	425,988602632515
74900,00195	0,811457599999983	8,388963867	0,994096832140604	426,333479036438
74910,00195	0,811129800000003	8,382359375	0,994079135264529	425,99783376531
74920,00195	0,809729100000027	8,373735352	0,993994567078024	425,559554403619
74930,00195	0,810474100000022	8,379523438	0,99399698919793	425,85370930528
74940,00195	0,812381500000015	8,395881836	0,994125704569919	426,685055445444
74950,00195	0,810593299999994	8,377201172	0,994275188970068	425,735689993393
74960,00195	0,810712500000022	8,37846875	0,994026978682544	425,800109264624
74970,00195	0,809639600000025	8,372036133	0,993968302777824	425,473198810794
74980,00195	0,810623099999987	8,378461914	0,993993450022725	425,799761853941
74990,00195	0,811219199999982	8,382879883	0,994073174969468	426,024286374956
75000,00195	0,810623099999987	8,378188477	0,993993915045746	425,785865579103
75010,00195	0,811457599999983	8,385738281	0,994062277429991	426,169552319967
75020,00195	0,810444300000029	8,376851563	0,994099439269669	425,71792259999
75030,00195	0,811219199999982	8,385303711	0,993982739492506	426,147467144382
75040,00195	0,809967500000027	8,375607422	0,993975381128234	425,654694414799
75050,00195	0,810444300000029	8,379668945	0,993900033398183	425,861104080907
75060,00195	0,810861499999987	8,383222656	0,994032659963793	426,041706357677
75070,00195	0,810623099999987	8,379697266	0,993771132016986	425,862543375515
75080,00195	0,809967500000027	8,374945313	0,993917729274208	425,621045535397
75090,00195	0,811368200000004	8,386374023	0,993928253795219	426,201861208518
75100,00195	0,809967500000027	8,374236328	0,994153830962302	425,585014382274
75110,00195	0,810593299999994	8,378925781	0,993926856726058	425,823335925192
75120,00195	0,81142779999999	8,388539063	0,994011983940237	426,311890176348
75130,00195	0,810772100000008	8,381428711	0,993908508817754	425,950536717996
75140,00195	0,811517200000026	8,386992188	0,993973612040656	426,233276820654
75150,00195	0,810861499999987	8,380373047	0,993999131303974	425,896887076282
75160,00195	0,811040400000024	8,383268555	0,993837073281375	426,044038979519
75170,00195	0,810950999999989	8,3843125	0,994075690093978	426,097093052803
75180,00195	0,810623099999987	8,380738281	0,994016920184604	425,915448543985
75190,00195	0,810593299999994	8,381126953	0,993848994871547	425,935201148549
75200,00195	0,810623099999987	8,379640625	0,993882896549832	425,85966483712
75210,00195	0,810027100000013	8,374368164	0,993912234002168	425,591714387356
75220,00195	0,810056900000006	8,376042969	0,993919499361836	425,676829242263
75230,00195	0,810444300000029	8,378326172	0,993767685846385	425,792863342989
75240,00195	0,810116499999992	8,375885742	0,994002670479179	425,668838847385
75250,00195	0,810861499999987	8,382124023	0,994018224249161	425,985872998933
75260,00195	0,81089129999998	8,380448242	0,993983390524735	425,900708542969
75270,00195	0,809878099999992	8,374438477	0,993857935314139	425,595287747116
75280,00195	0,810116499999992	8,37471582	0,993778303372	425,609382527824
75290,00195	0,809967500000027	8,373233398	0,994017945235348	425,534044722265
75300,00195	0,810116499999992	8,372552734	0,99397072389768	425,49945286375
75310,00195	0,809788700000013	8,372418945	0,994074479034025	425,492653605733
75320,00195	0,810444300000029	8,378972656	0,994087424674892	425,825718148092
75330,00195	0,811129800000003	8,386116211	0,994156067072999	426,188759007979
75340,00195	0,810950999999989	8,381770508	0,993858028318743	425,96790709966
75350,00195	0,811547000000019	8,38855957	0,994052870964328	426,312932357575
75360,00195	0,809878099999992	8,374679688	0,99372260761481	425,607546272298
75370,00195	0,810295300000007	8,377769531	0,993984974603154	425,764574426996
75380,00195	0,811010599999975	8,381824219	0,994041601406435	425,970636733242
75390,00195	0,810384699999986	8,377679688	0,994100557325017	425,760008537887
75400,00195	0,810593299999994	8,378063477	0,994098880241994	425,779512984703
75410,00195	0,810533700000008	8,375754883	0,993815092193212	425,662188494181
75420,00195	0,810593299999994	8,380088867	0,994122630417735	425,88244483407
75430,00195	0,810265500000014	8,373867188	0,994053522996607	425,566254408701
75440,00195	0,810861499999987	8,382893555	0,993962993514991	426,024981196321
75450,00195	0,810444300000029	8,378120117	0,994053522996607	425,782391472277
75460,00195	0,809699299999977	8,370422852	0,994015802129255	425,39121065203
75470,00195	0,810146299999985	8,37296875	0,994088821744053	425,520595111043
75480,00195	0,810295300000007	8,378832031	0,99395954834444	425,818571479392
75490,00195	0,810027100000013	8,373763672	0,99423756110732	425,560993647406
75500,00195	0,809132999999974	8,363311523	0,99387395510719	425,0298075418
75510,00195	0,810205900000028	8,375484375	0,994235792019742	425,648441073334
75520,00195	0,809848299999999	8,369025391	0,993810155948846	425,320190628653
75530,00195	0,810146299999985	8,374305664	0,994155880063741	425,588538090156
75540,00195	0,809699299999977	8,367980469	0,993978920303439	425,267086903491
75550,00195	0,810295300000007	8,374245117	0,993956381187651	425,585461045891
75560,00195	0,80955019999999	8,368063477	0,993861661498602	425,271305432739
75570,00195	0,80862639999998	8,362047852	0,994019155295252	424,96558682726
75580,00195	0,809878099999992	8,370138672	0,994026326650266	425,376768409819
75590,00195	0,810772100000008	8,377708008	0,994086307619593	425,761447781674
75600,00195	0,81089129999998	8,381266602	0,993981900450969	425,942298216191
75610,00195	0,810533700000008	8,376414063	0,993851322986799	425,695688519591
75620,00195	0,810354899999993	8,375076172	0,994232624862953	425,627695888601
75630,00195	0,809132999999974	8,36584082	0,994004812585223	425,158348325456
75640,00195	0,809967500000027	8,371776367	0,993972400980703	425,4599973065
75650,00195	0,81110000000001	8,381782227	0,993837445299791	425,96850266809
75660,00195	0,811129800000003	8,38469043	0,994052032922842	426,116299740814
75670,00195	0,809639600000025	8,369928711	0,994116018090395	425,366098033237
75680,00195	0,809103199999981	8,366152344	0,993874234121003	425,174180210398
75690,00195	0,809609799999976	8,368230469	0,994075410080116	425,279792092291
75700,00195	0,810056900000006	8,373380859	0,994089380771728	425,541538801647
75710,00195	0,811010599999975	8,382734375	0,994095062052977	426,016891548508
75720,00195	0,809609799999976	8,368123047	0,993910278905381	425,274332825126
75730,00195	0,810295300000007	8,372893555	0,993948650804963	425,516773644356
75740,00195	0,810295300000007	8,374213867	0,994378477083293	425,583872897291
75750,00195	0,809788700000013	8,371335938	0,9939803173726	425,43761437211
75760,00195	0,808656199999973	8,361522461	0,993831764018542	424,938886059867
75770,00195	0,809788700000013	8,370208984	0,99402893477938	425,380341718758
75780,00195	0,809192600000017	8,366717773	0,994095900094464	425,202915739188
75790,00195	0,808864799999981	8,363412109	0,99390590068864	425,034919398282
75800,00195	0,809878099999992	8,369524414	0,99407708616309	425,345551354373
75810,00195	0,810354899999993	8,374049805	0,994203473419826	425,575535142552
75820,00195	0,810801900000001	8,381124023	0,994193227912627	425,935052243736
75830,00195	0,80955019999999	8,368575195	0,993881592485275	425,297311327946
75840,00195	0,810056900000006	8,37327832	0,994177674142646	425,53632769223
75850,00195	0,810116499999992	8,372956055	0,993912421011425	425,519949941556
75860,00195	0,810712500000022	8,383649414	0,993971375929958	426,063394521523
75870,00195	0,810474100000022	8,375243164	0,993937195237861	425,636182548153
75880,00195	0,811785400000019	8,393421875	0,994047562701546	426,56003836967
75890,00195	0,811278800000025	8,389402344	0,994101674380317	426,355762768715
75900,00195	0,810861499999987	8,383516602	0,994298380118134	426,056644915383
75910,00195	0,809699299999977	8,373530273	0,993990655884403	425,549132133964
75920,00195	0,810295300000007	8,375726563	0,993942317491435	425,660749250394
75930,00195	0,809729100000027	8,371713867	0,993772715095355	425,4568210093
75940,00195	0,810712500000022	8,380357422	0,994082674439734	425,896093001982
75950,00195	0,811368200000004	8,386441406	0,993947533749664	426,205285663465
75960,00195	0,810712500000022	8,38259082	0,994101674380317	426,009595974996
75970,00195	0,810384699999986	8,378521484	0,994178419179529	425,802789246328
75980,00195	0,809311799999989	8,365799805	0,994161003317365	425,156263912182
75990,00195	0,809460800000011	8,36796582	0,993992611981238	425,266342430248
76000,00195	0,810623099999987	8,376753906	0,993893141056981	425,7129595975
76010,00195	0,810593299999994	8,379362305	0,994291114758466	425,845520404533
76020,00195	0,810444300000029	8,376946289	0,994055665102651	425,722736646847
76030,00195	0,809132999999974	8,365686523	0,99403098388082	425,150506835392
76040,00195	0,810861499999987	8,380269531	0,994059483291668	425,891626314987
76050,00195	0,810772100000008	8,379923828	0,993914842131282	425,874057427453
76060,00195	0,810444300000029	8,375106445	0,99400565062671	425,629234385323
76070,00195	0,810027100000013	8,372067383	0,993883361572853	425,474786959394
76080,00195	0,810772100000008	8,377708984	0,994056876162604	425,761497382731
76090,00195	0,810205900000028	8,37278418	0,993938406297814	425,511215124257
76100,00195	0,81110000000001	8,386182617	0,994103444467944	426,192133811048
76110,00195	0,811010599999975	8,382911133	0,993844244636389	426,025874523555
76120,00195	0,81202380000002	8,396806641	0,994063674499152	426,732054733953
76130,00195	0,811189399999989	8,38825	0,994123189445409	426,297199776389
76140,00195	0,81142779999999	8,386424805	0,993944459597479	426,204441988108
76150,00195	0,810146299999985	8,376644531	0,993765822754154	425,7074010774
76160,00195	0,810533700000008	8,378194336	0,994103630477152	425,786163337907
76170,00195	0,810861499999987	8,383167969	0,993999503322391	426,038927123037
76180,00195	0,810384699999986	8,378363281	0,993819656419162	425,794749250394
76190,00195	0,811517200000026	8,391859375	0,994057714204091	426,480630939676
76200,00195	0,811338400000011	8,387994141	0,994162307381922	426,284196828785
76210,00195	0,810384699999986	8,378015625	0,994037969226626	425,777081109925
76220,00195	0,810444300000029	8,37950293	0,994103816486361	425,852667073233
76230,00195	0,810205900000028	8,379289063	0,994061905411574	425,841798190781
76240,00195	0,811547000000019	8,389474609	0,993978920303439	426,359435330589
76250,00195	0,811338400000011	8,386134766	0,993884852646668	426,189701987091
76260,00195	0,81089129999998	8,382761719	0,994263081370687	426,018281191238
76270,00195	0,810861499999987	8,38328418	0,994009003792707	426,044833053819
76280,00195	0,809878099999992	8,375064453	0,993804009644576	425,627100320171
76290,00195	0,809848299999999	8,374738281	0,99416454249257	425,610524012807
76300,00195	0,809311799999989	8,370199219	0,99392965086438	425,379845454083
76310,00195	0,810861499999987	8,379978516	0,993885503678896	425,876836712914
76320,00195	0,810146299999985	8,375439453	0,993820867479114	425,646158103369
76330,00195	0,810265500000014	8,373402344	0,994273791900907	425,542630685572
76340,00195	0,810801900000001	8,383275391	0,993886807743454	426,044386390202
76350,00195	0,81142779999999	8,387689453	0,994074106015559	426,268712354526
76360,00195	0,810295300000007	8,375064453	0,993738161384792	425,627100320171
76370,00195	0,810265500000014	8,374768555	0,993974170068281	425,61206256035
76380,00195	0,811219199999982	8,384914063	0,993969792851589	426,127664938761
76390,00195	0,811457599999983	8,388264648	0,994007233705079	426,297944198811
76400,00195	0,809788700000013	8,371094727	0,99388671473885	425,425355846928
76410,00195	0,811129800000003	8,383195313	0,993993729036537	426,040316765767
76420,00195	0,811278800000025	8,38478418	0,994099719283531	426,121064186614
76430,00195	0,81110000000001	8,383032227	0,994077273172347	426,032028612085
76440,00195	0,810772100000008	8,37909082	0,994089194762519	425,831723331809
76450,00195	0,810384699999986	8,375829102	0,993977057211207	425,665960359811
76460,00195	0,80955019999999	8,368288086	0,994116111094999	425,282720231743
76470,00195	0,811547000000019	8,386033203	0,993935239141025	426,184540478732
76480,00195	0,811368200000004	8,383694336	0,994117415159556	426,065677491488
76490,00195	0,810712500000022	8,380198242	0,994072336927981	425,88800335417
76500,00195	0,810533700000008	8,376518555	0,994086307619593	425,700998881943
76510,00195	0,811219199999982	8,38372168	0,993960200376718	426,067067134218
76520,00195	0,810295300000007	8,376106445	0,994146752611891	425,680055140519
76530,00195	0,810444300000029	8,377270508	0,994037131185139	425,739213701276
76540,00195	0,811785400000019	8,390732422	0,994058273231765	426,423358337145
76550,00195	0,810682699999973	8,382199219	0,993930209892055	425,989694516441
76560,00195	0,810950999999989	8,38378418	0,993951444943285	426,070243431417
76570,00195	0,810116499999992	8,373601563	0,994017199198416	425,552755145602
76580,00195	0,811457599999983	8,384595703	0,994063768503806	426,111485643137
76590,00195	0,810056900000006	8,372244141	0,993807548819781	425,483769934441
76600,00195	0,811368200000004	8,38362793	0,994073546987885	426,062302688418
76610,00195	0,810593299999994	8,376770508	0,994252369840418	425,713803323677
76620,00195	0,810205900000028	8,373382813	0,993952842012446	425,541638105402
76630,00195	0,81089129999998	8,378688477	0,993897053250652	425,811275956701
76640,00195	0,809848299999999	8,370734375	0,994118812228717	425,407042486151
76650,00195	0,810295300000007	8,371457031	0,99412616959294	425,443768409819
76660,00195	0,809937699999978	8,369058594	0,99390590068864	425,321878030188
76670,00195	0,809937699999978	8,367024414	0,994130546809632	425,218499466382
76680,00195	0,810444300000029	8,372083984	0,99425013472977	425,475630634751
76690,00195	0,810265500000014	8,37296875	0,99421977222669	425,520595111043
76700,00195	0,809639600000025	8,366229492	0,993959361335182	425,17810093002
76710,00195	0,810950999999989	8,377703125	0,9941595132436	425,761199623926
76720,00195	0,81110000000001	8,378251953	0,993944739611341	425,789091477359
76730,00195	0,810056900000006	8,370570313	0,994067772702031	425,398704731412
76740,00195	0,811606600000005	8,386277344	0,993893886093864	426,196947908726
76750,00195	0,810116499999992	8,371229492	0,993910278905381	425,432204706002
76760,00195	0,811278800000025	8,381742188	0,99409170888698	425,966467855872
76770,00195	0,811338400000011	8,382679688	0,994022694470457	426,014112313869
76780,00195	0,809520399999997	8,366335938	0,993821798525206	425,183510596127
76790,00195	0,809788700000013	8,367225586	0,993976033160512	425,228723179347
76800,00195	0,810295300000007	8,369300781	0,994115738076533	425,334186156426
76810,00195	0,80862639999998	8,358878906	0,994064233526826	424,804538598364
76820,00195	0,808805199999995	8,359658203	0,993948184781893	424,844143060426
76830,00195	0,809937699999978	8,364586914	0,994032007931515	425,094623875591
76840,00195	0,808984000000009	8,358764648	0,99401934130446	424,798731920516
76850,00195	0,810146299999985	8,369980469	0,994173855953629	425,368728413884
76860,00195	0,810593299999994	8,372773438	0,993862033517018	425,510669207704
76870,00195	0,809401200000025	8,361541992	0,993948091777288	424,939878640037
76880,00195	0,809520399999997	8,364550781	0,994208036645726	425,092787569243
76890,00195	0,809848299999999	8,365020508	0,994019900332134	425,11665945012
76900,00195	0,809967500000027	8,368212891	0,99403396402835	425,278898765056
76910,00195	0,810027100000013	8,366458008	0,994039738314203	425,189714285714
76920,00195	0,809967500000027	8,369954102	0,994095714085255	425,367388423032
76930,00195	0,810801900000001	8,374261719	0,993927042735266	425,586304772069
76940,00195	0,810444300000029	8,372329102	0,994172830902884	425,488087716623
76950,00195	0,810116499999992	8,368633789	0,994063954513014	425,300289119276
76960,00195	0,810444300000029	8,372654297	0,994151875865516	425,50461437211
76970,00195	0,808656199999973	8,361328125	0,993862964563109	424,929009757585
76980,00195	0,809043599999995	8,361791016	0,993937661260931	424,952534227779
76990,00195	0,809192600000017	8,362351563	0,994005743631314	424,981021649642
77000,00195	0,809460800000011	8,36653125	0,994068797752776	425,193436499466
77010,00195	0,809132999999974	8,363108398	0,99388056743453	425,019484575901
77020,00195	0,809788700000013	8,370929688	0,99417525302279	425,416968440311
77030,00195	0,808954200000016	8,360848633	0,994007233705079	424,904641612034
77040,00195	0,809848299999999	8,366642578	0,994182145363992	425,199094272501
77050,00195	0,809281999999996	8,361079102	0,994232066835329	424,916354220664
77060,00195	0,808030299999984	8,352208008	0,993893234061585	424,465518524165
77070,00195	0,809729100000027	8,361316406	0,994100557325017	424,928414189155
77080,00195	0,809699299999977	8,362410156	0,994051101876751	424,983999390151
77090,00195	0,810205900000028	8,369240234	0,994004812585223	425,331109112161
77100,00195	0,80862639999998	8,359952148	0,994095435071443	424,859081567312
77110,00195	0,809281999999996	8,361287109	0,994061626397762	424,92692529349
77120,00195	0,809132999999974	8,359452148	0,993752225081008	424,833671189714
77130,00195	0,810056900000006	8,369570313	0,994098880241994	425,347883976216
77140,00195	0,80922240000001	8,363795898	0,993981528432553	425,054423845098
77150,00195	0,809967500000027	8,368671875	0,993977151215861	425,302224678559
77160,00195	0,809967500000027	8,370052734	0,993954798109282	425,372400975758
77170,00195	0,810116499999992	8,372139648	0,994078483232251	425,478459521268
77180,00195	0,809788700000013	8,368477539	0,994127752671309	425,292348376277
77190,00195	0,808984000000009	8,360466797	0,994042719461784	424,885236418153
77200,00195	0,809848299999999	8,364762695	0,993957778256813	425,10355719876
77210,00195	0,810027100000013	8,367473633	0,993914470112865	425,241329115211
77220,00195	0,808537000000001	8,355691406	0,99395042089259	424,642547441175
77230,00195	0,808149500000013	8,351076172	0,993859612397162	424,407997763887
77240,00195	0,809848299999999	8,366117188	0,99411247891519	425,172393555928
77250,00195	0,810116499999992	8,369182617	0,994308252606866	425,328180972709
77260,00195	0,810801900000001	8,375235352	0,993986091658453	425,635785536413
77270,00195	0,808984000000009	8,358524414	0,994011052894146	424,786523047212
77280,00195	0,809192600000017	8,36012793	0,99412616959294	424,868014941302
77290,00195	0,810533700000008	8,373111328	0,993980690391066	425,527841032678
77300,00195	0,810623099999987	8,376754883	0,993932351998099	425,713009249377
77310,00195	0,81142779999999	8,384867188	0,994074572038629	426,125282715861
77320,00195	0,80922240000001	8,363358398	0,993861009466323	425,0321897647
77330,00195	0,810474100000022	8,375461914	0,99406842473431	425,647299588352
77340,00195	0,80922240000001	8,363478516	0,993876842250117	425,038294252173
77350,00195	0,810801900000001	8,377424805	0,993992611981238	425,74705519134
77360,00195	0,810682699999973	8,37756543	0,993812950087168	425,75420186004
77370,00195	0,809878099999992	8,368853516	0,993780911501114	425,311455811353
77380,00195	0,810205900000028	8,370858398	0,993977896252744	425,413345428673
77390,00195	0,809729100000027	8,366926758	0,994209620724145	425,213536514713
77400,00195	0,809520399999997	8,363539063	0,994010120848006	425,041371296437
77410,00195	0,809520399999997	8,363754883	0,994033592009934	425,052339431824
77420,00195	0,809311799999989	8,362833008	0,994170223773819	425,005489048127
77430,00195	0,809371399999975	8,362780273	0,993970072865451	425,002809015602
77440,00195	0,810265500000014	8,370304688	0,993859705401766	425,385205468313
77450,00195	0,809788700000013	8,367806641	0,993937009228653	425,258252833257
77460,00195	0,810295300000007	8,370149414	0,993922945532436	425,377314326371
77470,00195	0,810623099999987	8,373726563	0,993939337343905	425,559107740001
77480,00195	0,808566799999994	8,356314453	0,994039273291183	424,674211160238
77490,00195	0,810146299999985	8,369774414	0,993922758523179	425,358256543172
77500,00195	0,810056900000006	8,368807617	0,994054175028886	425,309123189511
77510,00195	0,809609799999976	8,36825	0,993944645606687	425,28078467246
77520,00195	0,810474100000022	8,375245117	0,993919871380252	425,636281801088
77530,00195	0,810950999999989	8,378124023	0,994010400861868	425,782589978147
77540,00195	0,809460800000011	8,365742188	0,993918940334161	425,15333577273
77550,00195	0,810623099999987	8,375709961	0,993892862043169	425,659905524216
77560,00195	0,810593299999994	8,37775293	0,994083233467409	425,763730751639
77570,00195	0,810205900000028	8,376412109	0,994091615882376	425,695589215836
77580,00195	0,810801900000001	8,382380859	0,994080719342948	425,998925598414
77590,00195	0,810265500000014	8,373603516	0,993958430289091	425,552854398536
77600,00195	0,810116499999992	8,372666016	0,994164355483313	425,50520994054
77610,00195	0,809848299999999	8,370676758	0,993996802188672	425,404114346699
77620,00195	0,810116499999992	8,372041016	0,993935053131817	425,473446968542
77630,00195	0,810146299999985	8,372650391	0,994077925204626	425,50441586624
77640,00195	0,809520399999997	8,366514648	0,993878984356161	425,192592773289
77650,00195	0,809967500000027	8,371602539	0,99394334254218	425,451163236266
77660,00195	0,810623099999987	8,379699219	0,994032753968447	425,862642628449
77670,00195	0,810623099999987	8,378873047	0,99405016983061	425,820655943487
77680,00195	0,810265500000014	8,375881836	0,993985626635432	425,668640341516
77690,00195	0,810623099999987	8,379042969	0,993888670835685	425,829291507852
77700,00195	0,81110000000001	8,382913086	0,994051566899771	426,02597377649
77710,00195	0,810623099999987	8,377318359	0,993866038715294	425,741645525233
77720,00195	0,809609799999976	8,36728418	0,994136322095534	425,231700970676
77730,00195	0,809937699999978	8,369731445	0,993855700203491	425,356072826142
77740,00195	0,809132999999974	8,363652344	0,993994102055004	425,047128322407
77750,00195	0,810116499999992	8,37065918	0,994081836398248	425,403221019464
77760,00195	0,809729100000027	8,366260742	0,994137160137021	425,17968907862
77770,00195	0,808894599999974	8,362323242	0,993979945354183	424,979582355034
77780,00195	0,810533700000008	8,377299805	0,993984136561667	425,740702596941
77790,00195	0,810772100000008	8,380213867	0,99417981624869	425,88879742847
77800,00195	0,810116499999992	8,370071289	0,993923224546249	425,373343954871
77810,00195	0,809788700000013	8,367353516	0,993829249894082	425,235224678559
77820,00195	0,809848299999999	8,368366211	0,994012076944841	425,286690603242
77830,00195	0,809937699999978	8,371154297	0,994034523056025	425,428383239315
77840,00195	0,810056900000006	8,372691406	0,993889322867963	425,506500279514
77850,00195	0,809937699999978	8,370629883	0,993936636210186	425,401732123799
77860,00195	0,809281999999996	8,366701172	0,994123375454617	425,202072063831
77870,00195	0,808775400000002	8,363025391	0,994128218694379	425,015266097474
77880,00195	0,808805199999995	8,361196289	0,994212041844002	424,922309752503
77890,00195	0,810861499999987	8,379834961	0,993940268389996	425,869541139401
77900,00195	0,809609799999976	8,368166992	0,993977896252744	425,276566143213
77910,00195	0,809192600000017	8,363884766	0,994077180167743	425,058940183971
77920,00195	0,809788700000013	8,369129883	0,994036386148256	425,325500991005
77930,00195	0,810116499999992	8,374408203	0,994115832081186	425,593749199573
77940,00195	0,810712500000022	8,381292969	0,994111453864445	425,943638207044
77950,00195	0,809967500000027	8,375076172	0,994245757513079	425,627695888601
77960,00195	0,810265500000014	8,374582031	0,993964390584153	425,602583269807
77970,00195	0,810205900000028	8,374736328	0,993931420952008	425,610424759872
77980,00195	0,809043599999995	8,365132813	0,99413827719232	425,122366875032
77990,00195	0,808477400000015	8,359835938	0,993800283460113	424,853175687351
78000,00195	0,809281999999996	8,364336914	0,993942224486831	425,081918686792
78010,00195	0,809281999999996	8,363529297	0,994090777840889	425,040874980942
78020,00195	0,810205900000028	8,370775391	0,994035734115978	425,409126950247
78030,00195	0,808477400000015	8,35840332	0,993787616833058	424,780368958683
78040,00195	0,808149500000013	8,35415625	0,993880009406905	424,564529653911
78050,00195	0,809460800000011	8,363400391	0,994128218694379	425,034323880673
78060,00195	0,809937699999978	8,365962891	0,994089380771728	425,164552065864
78070,00195	0,809937699999978	8,369508789	0,994099067251252	425,344757280073
78080,00195	0,808238899999992	8,354919922	0,994202355364477	424,603340041673
78090,00195	0,808149500000013	8,354801758	0,993892024001682	424,597334857956
78100,00195	0,808656199999973	8,356967773	0,9937919950498	424,707413376023
78110,00195	0,809937699999978	8,365734375	0,99406181240697	425,152938710169
78120,00195	0,809281999999996	8,359427734	0,994128777722054	424,832430451797
78130,00195	0,809043599999995	8,360076172	0,994099067251252	424,865384560655
78140,00195	0,809609799999976	8,363125977	0,994151502847049	425,020377953956
78150,00195	0,809848299999999	8,363015625	0,993879170365369	425,014769781979
78160,00195	0,809103199999981	8,361086914	0,994015430110838	424,916751232403
78170,00195	0,809043599999995	8,361636719	0,994003881539132	424,944692737714
78180,00195	0,808954200000016	8,359337891	0,99391800928807	424,827864562687
78190,00195	0,809311799999989	8,361910156	0,9941058655878	424,958589012553
78200,00195	0,809729100000027	8,365816406	0,993792740086682	425,157107587539
78210,00195	0,808775400000002	8,360571289	0,994122816426943	424,890546780505
78220,00195	0,809311799999989	8,362332031	0,993890067904846	424,980029018651
78230,00195	0,808805199999995	8,359485352	0,994052870964328	424,835358642069
78240,00195	0,810444300000029	8,374833984	0,99410838071231	425,615387711541
78250,00195	0,810056900000006	8,375688477	0,993921175444809	425,658813691112
78260,00195	0,810384699999986	8,377368164	0,993816862280839	425,744176652945
78270,00195	0,810116499999992	8,373155273	0,994081277370573	425,530074350765
78280,00195	0,810593299999994	8,378526367	0,993938499302418	425,803037404076
78290,00195	0,810533700000008	8,37825293	0,993915401158956	425,789141129237
78300,00195	0,810712500000022	8,3804375	0,993933842071864	425,900162626417
78310,00195	0,809729100000027	8,373535156	0,99398692969994	425,549380291711
78320,00195	0,810056900000006	8,372549805	0,993957126224534	425,499304009758
78330,00195	0,809520399999997	8,365816406	0,994170875806098	425,157107587539
78340,00195	0,809371399999975	8,364084961	0,993868646844408	425,069114245058
78350,00195	0,809609799999976	8,367632813	0,994059111273252	425,249418763023
78360,00195	0,810056900000006	8,371975586	0,994143679459757	425,470121766529
78370,00195	0,810116499999992	8,372288086	0,994090404822423	425,486003252528
78380,00195	0,810444300000029	8,373496094	0,993884200614389	425,547395131372
78390,00195	0,810772100000008	8,377561523	0,993830087935568	425,754003303349
78400,00195	0,810682699999973	8,377993164	0,993939709362321	425,775939624943
78410,00195	0,811219199999982	8,38543457	0,993862592544693	426,154117497586
78420,00195	0,810116499999992	8,372517578	0,994099532274273	425,49766620928
78430,00195	0,809639600000025	8,369603516	0,99411545906272	425,349571377751
78440,00195	0,810116499999992	8,37180957	0,993908508817754	425,461684708035
78450,00195	0,810056900000006	8,369181641	0,993900406416649	425,328131371652
78460,00195	0,811040400000024	8,37909668	0,994027444705615	425,832021141434
78470,00195	0,810354899999993	8,378514648	0,994004998594431	425,802441835646
78480,00195	0,811606600000005	8,391368164	0,994281708292803	426,455667225695
78490,00195	0,810265500000014	8,376303711	0,994190713788167	425,690080347614
78500,00195	0,81089129999998	8,380644531	0,993976778197395	425,910684098186
78510,00195	0,810265500000014	8,372871094	0,99401775822609	425,515632159374
78520,00195	0,810116499999992	8,368798828	0,994060694351621	425,308676525893
78530,00195	0,809878099999992	8,368416992	0,993967650745545	425,289271332012
78540,00195	0,810712500000022	8,376557617	0,994227595613983	425,702984042283
78550,00195	0,810027100000013	8,366735352	0,993952282984772	425,203809117243
78560,00195	0,810623099999987	8,373155273	0,993921734472483	425,530074350765
78570,00195	0,810950999999989	8,376333984	0,993962714501179	425,691618844336
78580,00195	0,810056900000006	8,370078125	0,994097483172833	425,373691365554
78590,00195	0,810593299999994	8,376357422	0,994094503025302	425,692809981196
78600,00195	0,809639600000025	8,367016602	0,993966253676384	425,218102454642
78610,00195	0,810772100000008	8,376550781	0,993934308094934	425,7026366316
78620,00195	0,810712500000022	8,376749023	0,994097297163625	425,712711439752
78630,00195	0,80955019999999	8,369063477	0,994022508461248	425,322126187935
78640,00195	0,809460800000011	8,367529297	0,994136601109347	425,244158001728
78650,00195	0,809848299999999	8,368776367	0,994089566780936	425,307535040911
78660,00195	0,810533700000008	8,375683594	0,993979479331113	425,658565533364
78670,00195	0,811040400000024	8,382956055	0,994043650507875	426,02815749352
78680,00195	0,811278800000025	8,38387793	0,993982273469436	426,075007877217
78690,00195	0,809848299999999	8,371953125	0,993881592485275	425,468980281547
78700,00195	0,811129800000003	8,38418457	0,993981342423345	426,090591553591
78710,00195	0,809937699999978	8,373662109	0,993894818140004	425,555832139046
78720,00195	0,811189399999989	8,386645508	0,994301639279477	426,215658281242
78730,00195	0,810801900000001	8,380276367	0,993998479271695	425,89197372567
78740,00195	0,809967500000027	8,372543945	0,994005557622106	425,499006200132
78750,00195	0,810593299999994	8,377931641	0,994059856310134	425,772812979621
78760,00195	0,809878099999992	8,371610352	0,993936077182512	425,451560298826
78770,00195	0,810623099999987	8,379649414	0,994288041606331	425,860111500737
78780,00195	0,810593299999994	8,382339844	0,99414740464417	425,99684118514
78790,00195	0,810384699999986	8,37775293	0,993827945829525	425,763730751639
78800,00195	0,810474100000022	8,379479492	0,994019714322926	425,851475936372
78810,00195	0,808805199999995	8,364741211	0,99381323010103	425,102465365655
78820,00195	0,808984000000009	8,366870117	0,993938964325438	425,210657976318
78830,00195	0,808864799999981	8,364005859	0,994316542017229	425,06509422168
78840,00195	0,810027100000013	8,373012695	0,993987023704594	425,52282842913
78850,00195	0,810116499999992	8,37478125	0,993922386504762	425,612707729837
78860,00195	0,80955019999999	8,369902344	0,993770572989311	425,364758042385
78870,00195	0,808864799999981	8,363985352	0,994185497529939	425,064052040453
78880,00195	0,808387999999979	8,360923828	0,993980876400274	424,908463078721
78890,00195	0,808477400000015	8,353879883	0,994014499064747	424,550484474259
78900,00195	0,809401200000025	8,361882813	0,994229737720027	424,957199420643
78910,00195	0,810205900000028	8,37125	0,993853465092843	425,43324693805
78920,00195	0,809132999999974	8,363242188	0,993858401337209	425,026283884738
78930,00195	0,810027100000013	8,370104492	0,993876656240909	425,375031356406
78940,00195	0,80862639999998	8,360100586	0,993961317432018	424,866625298572
78950,00195	0,809103199999981	8,363839844	0,993978361275764	425,056657214006
78960,00195	0,809699299999977	8,36762793	0,993935146136421	425,249170605275
78970,00195	0,810533700000008	8,376960938	0,993805033695271	425,723481120089
78980,00195	0,809967500000027	8,377206055	0,993865945710689	425,735938151141
78990,00195	0,810384699999986	8,377954102	0,994026606664128	425,773954464603
79000,00195	0,809609799999976	8,370673828	0,994029027783984	425,403965441886
79010,00195	0,808298499999978	8,360554688	0,993894631130746	424,889703105148
79020,00195	0,809639600000025	8,368030273	0,993938033279348	425,269617980383
79030,00195	0,80922240000001	8,364998047	0,994028655765567	425,115517965137
79040,00195	0,809609799999976	8,368676758	0,994028096737893	425,302472836306
79050,00195	0,809132999999974	8,365976563	0,994147125630358	425,165246887229
79060,00195	0,809729100000027	8,373102539	0,994057714204091	425,52739436906
79070,00195	0,80922240000001	8,367776367	0,993887273766524	425,256714285714
79080,00195	0,809401200000025	8,367411133	0,993813509114842	425,238152818011
79090,00195	0,809520399999997	8,367806641	0,994058366236369	425,258252833257
79100,00195	0,809132999999974	8,367332031	0,993802612575415	425,234132794633
79110,00195	0,808566799999994	8,360874023	0,993853465092843	424,905931951009
79120,00195	0,808954200000016	8,365493164	0,99404765570615	425,140680184988
79130,00195	0,809401200000025	8,3699375	0,994057341185624	425,366544696854
79140,00195	0,810056900000006	8,376802734	0,994149640754867	425,715441073334
79150,00195	0,810861499999987	8,386387695	0,99413324794335	426,202556029883
79160,00195	0,809788700000013	8,378882813	0,993789758939102	425,821152258983
79170,00195	0,810533700000008	8,384274414	0,994105772583196	426,09515749352
79180,00195	0,809520399999997	8,373828125	0,99399149392589	425,56426919754
79190,00195	0,808954200000016	8,369510742	0,994124213496104	425,344856533008
79200,00195	0,810295300000007	8,382383789	0,993792181059008	425,999074503227
79210,00195	0,810027100000013	8,378666016	0,993827479806454	425,810134471718
79220,00195	0,808775400000002	8,367129883	0,993954239081608	425,223859480612
79230,00195	0,809281999999996	8,368966797	0,993849180880755	425,317212837323
79240,00195	0,808447600000022	8,364803711	0,994099719283531	425,105641662855
79250,00195	0,808030299999984	8,356730469	0,994115273053512	424,695353407532
79260,00195	0,809460800000011	8,368649414	0,993922200495554	425,301083193576
79270,00195	0,809878099999992	8,37512207	0,993979945354183	425,630028459623
79280,00195	0,808537000000001	8,363115234	0,994070101817333	425,019831986583
79290,00195	0,809281999999996	8,366754883	0,993655083272052	425,204801697413
79300,00195	0,808805199999995	8,363224609	0,99381323010103	425,025390506683
79310,00195	0,808149500000013	8,358731445	0,994008071746566	424,797044518982
79320,00195	0,808775400000002	8,365910156	0,994073640992538	425,161872033338
79330,00195	0,808537000000001	8,361994141	0,993926111689175	424,962857193678
79340,00195	0,808149500000013	8,358842773	0,994022508461248	424,802702292016
79350,00195	0,810265500000014	8,376972656	0,993874421130261	425,724076637699
79360,00195	0,808894599999974	8,362373047	0,993936450200978	424,982113482746
79370,00195	0,809371399999975	8,370646484	0,994032939977655	425,402575799156
79380,00195	0,809878099999992	8,37531543	0,993999131303974	425,639855160848
79390,00195	0,810205900000028	8,377118164	0,994075690093978	425,731471464146
79400,00195	0,808566799999994	8,364201172	0,993973798049864	425,07502017584
79410,00195	0,809281999999996	8,37012207	0,994059670300926	425,375924683641
79420,00195	0,809401200000025	8,374228516	0,994167615644705	425,584617370534
79430,00195	0,809788700000013	8,37225	0,993930861924333	425,484067693246
79440,00195	0,810474100000022	8,38227832	0,994100464320413	425,993714488997
79450,00195	0,808715800000016	8,367163086	0,993898357315209	425,225546882147
79460,00195	0,808656199999973	8,365880859	0,993929464855172	425,160383137673
79470,00195	0,808984000000009	8,369023438	0,993914376108211	425,320091375718
79480,00195	0,809103199999981	8,368938477	0,993998106253229	425,315773593536
79490,00195	0,809311799999989	8,370216797	0,993846106728571	425,380738781318
79500,00195	0,809848299999999	8,376130859	0,993793578128169	425,681295878437
79510,00195	0,80811970000002	8,362145508	0,994120395307087	424,97054977893
79520,00195	0,807791899999984	8,359230469	0,994186429576079	424,822405295523
79530,00195	0,808984000000009	8,367275391	0,994037038180535	425,231254307059
79540,00195	0,80922240000001	8,371375977	0,993985812644641	425,439649184327
79550,00195	0,809878099999992	8,381149414	0,994319335155502	425,936342633532
79560,00195	0,809699299999977	8,37718457	0,994120116293274	425,734846267216
79570,00195	0,810116499999992	8,382107422	0,993959734353648	425,985029323576
79580,00195	0,809043599999995	8,371130859	0,9939620624689	425,427192102455
79590,00195	0,808656199999973	8,368259766	0,993891930997078	425,281280987955
79600,00195	0,80922240000001	8,374474609	0,994087610684101	425,597124002643
79610,00195	0,809043599999995	8,37096875	0,994121978385456	425,418953600651
79620,00195	0,810027100000013	8,381509766	0,994043836517083	425,954655994308
79630,00195	0,810027100000013	8,381555664	0,99397118992075	425,95698856533
79640,00195	0,810146299999985	8,383292969	0,994243894420847	426,045279717437
79650,00195	0,809609799999976	8,377301758	0,993904783633341	425,740801849875
79660,00195	0,810444300000029	8,383954102	0,994035548106769	426,078878995782
79670,00195	0,810027100000013	8,384164063	0,993824592663528	426,089549372364
79680,00195	0,810444300000029	8,387232422	0,99415746414216	426,245485693957
79690,00195	0,810444300000029	8,388299805	0,994087610684101	426,299730904101
79700,00195	0,811040400000024	8,394873047	0,994021763424366	426,63378802663
79710,00195	0,810533700000008	8,393447266	0,993891464974007	426,561328759465
79720,00195	0,811636399999998	8,402870117	0,994162772404943	427,040205163389
79730,00195	0,80955019999999	8,380460938	0,993983670538597	425,901353763277
79740,00195	0,809103199999981	8,373977539	0,993934028081072	425,571862529857
79750,00195	0,809639600000025	8,376896484	0,993997175207138	425,720205519134
79760,00195	0,808864799999981	8,37234668	0,99413324794335	425,488981043858
79770,00195	0,809699299999977	8,376950195	0,994094410020698	425,722935152716
79780,00195	0,810146299999985	8,384625	0,993903572573388	426,112974538802
79790,00195	0,809967500000027	8,386724609	0,993997175207138	426,219678253799
79800,00195	0,810056900000006	8,386117188	0,994047003673871	426,188808659857
79810,00195	0,810116499999992	8,384606445	0,99403806223123	426,112031559689
79820,00195	0,810474100000022	8,391712891	0,994212414862468	426,473186512172
79830,00195	0,810772100000008	8,391266602	0,994017106193812	426,450505768156
79840,00195	0,810384699999986	8,391208984	0,994025674617987	426,447577577883
79850,00195	0,809639600000025	8,381175781	0,993711804079987	425,937682624384
79860,00195	0,809609799999976	8,379144531	0,994040856369552	425,834452965391
79870,00195	0,809967500000027	8,383474609	0,993925832675363	426,054510799411
79880,00195	0,810444300000029	8,388054688	0,994025581613383	426,28727387305
79890,00195	0,809699299999977	8,380892578	0,99382440665432	425,92329003405
79900,00195	0,809878099999992	8,38296875	0,993950978920215	426,028802663008
79910,00195	0,810056900000006	8,384179688	0,993901058448928	426,090343446664
79920,00195	0,810205900000028	8,388501953	0,994167988663171	426,310004218123
79930,00195	0,808894599999974	8,372192383	0,993760886509787	425,481139553794
79940,00195	0,808984000000009	8,371384766	0,993994847091886	425,440095847944
79950,00195	0,80922240000001	8,37202832	0,993790131957568	425,472801748234
79960,00195	0,809132999999974	8,375577148	0,993987488727614	425,653155867256
79970,00195	0,808864799999981	8,372667969	0,993973053012982	425,505309193475
79980,00195	0,809937699999978	8,385242188	0,993732760117405	426,14434049906
79990,00195	0,810623099999987	8,387566406	0,993862592544693	426,262459013061
80000,00195	0,810056900000006	8,382936523	0,994188664686727	426,02716486253
80010,00195	0,809103199999981	8,374822266	0,993918847329557	425,614792193932
80020,00195	0,808477400000015	8,370738281	0,993944273588271	425,407240992021
80030,00195	0,808656199999973	8,373394531	0,993720372504162	425,542233623012
80040,00195	0,80922240000001	8,375329102	0,994052591950516	425,640549982213
80050,00195	0,809788700000013	8,378201172	0,993887552780336	425,78651074859
80060,00195	0,809729100000027	8,378609375	0,994027444705615	425,807255933323
80070,00195	0,810384699999986	8,386105469	0,99395246999403	426,188213091427
80080,00195	0,810861499999987	8,390366211	0,9940602293286	426,404747217564
80090,00195	0,809729100000027	8,381942383	0,994032194940773	425,976641916959
80100,00195	0,809729100000027	8,380507813	0,994447678509074	425,903735986177
80110,00195	0,810116499999992	8,382191406	0,994044209535549	425,98929745388
80120,00195	0,809132999999974	8,373269531	0,99398236647404	425,535881028612
80130,00195	0,80955019999999	8,37878125	0,993870881955056	425,815990750623
80140,00195	0,809848299999999	8,378302734	0,994088542730241	425,791672206129
80150,00195	0,808566799999994	8,368272461	0,993855700203491	425,281926157443
80160,00195	0,809460800000011	8,373360352	0,994133527957212	425,54049662042
80170,00195	0,809103199999981	8,36984082	0,993941200436136	425,361631346242
80180,00195	0,809848299999999	8,377803711	0,993972027962237	425,766311480409
80190,00195	0,809937699999978	8,376176758	0,993918195297278	425,683628500279
80200,00195	0,809937699999978	8,379129883	0,994029772820867	425,833708542969
80210,00195	0,809103199999981	8,370786133	0,994153924966955	425,409672866799
80220,00195	0,808775400000002	8,366938477	0,994119371256391	425,214132083143
80230,00195	0,808566799999994	8,358643555	0,993968488787032	424,792577882807
80240,00195	0,808864799999981	8,368138672	0,993973798049864	425,275126899426
80250,00195	0,809729100000027	8,372979492	0,993643534700346	425,521141027596
80260,00195	0,808387999999979	8,363720703	0,994184007456174	425,050602378411
80270,00195	0,809520399999997	8,373944336	0,994039552304995	425,570175128322
80280,00195	0,808298499999978	8,362365234	0,993949209832637	424,981716420186
80290,00195	0,808715800000016	8,364235352	0,994009375811123	425,076757229252
80300,00195	0,809132999999974	8,369289063	0,994194624981789	425,333590638817
80310,00195	0,808477400000015	8,361857422	0,993950699906403	424,955909030848
80320,00195	0,809371399999975	8,368996094	0,993888297817219	425,318701732988
80330,00195	0,810205900000028	8,377523438	0,994123655468479	425,752067794887
80340,00195	0,809103199999981	8,367926758	0,994046910669267	425,264357269909
80350,00195	0,808984000000009	8,369533203	0,99413166486498	425,34599801799
80360,00195	0,808984000000009	8,367663086	0,993824592663528	425,250957259745
80370,00195	0,810354899999993	8,380639648	0,994120116293274	425,910435940438
80380,00195	0,809937699999978	8,3758125	0,994009096797311	425,665116633633
80390,00195	0,809729100000027	8,373197266	0,993875818199422	425,532208466738
80400,00195	0,809401200000025	8,372426758	0,993938964325438	425,493050668293
80410,00195	0,809609799999976	8,374816406	0,994300708233386	425,614494384307
80420,00195	0,808805199999995	8,368741211	0,994051380890563	425,305748386441
80430,00195	0,808387999999979	8,367067383	0,993675760295658	425,220683183412
80440,00195	0,809043599999995	8,36515332	0,993819377405349	425,123409056259
80450,00195	0,80862639999998	8,364350586	0,994066003614454	425,082613508157
80460,00195	0,809878099999992	8,379230469	0,994297635081251	425,838820399451
80470,00195	0,809043599999995	8,370355469	0,994016920184604	425,387786197083
80480,00195	0,808894599999974	8,368362305	0,994026420654919	425,286492097373
80490,00195	0,809609799999976	8,374300781	0,994179258221065	425,588289932408
80500,00195	0,809311799999989	8,369636719	0,99401319500019	425,351258779285
80510,00195	0,810056900000006	8,377299805	0,99403349900533	425,740702596941
80520,00195	0,80922240000001	8,369022461	0,994047562701546	425,32004172384
80530,00195	0,80922240000001	8,368791992	0,994041415397226	425,308329115211
80540,00195	0,809460800000011	8,370313477	0,994034523056025	425,385652131931
80550,00195	0,809699299999977	8,373335938	0,994059483291668	425,539255882502
80560,00195	0,810116499999992	8,379564453	0,994227502609379	425,855793718555
80570,00195	0,809311799999989	8,371599609	0,993964297579548	425,451014331453
80580,00195	0,809788700000013	8,376574219	0,994034989079095	425,703827768461
80590,00195	0,809520399999997	8,372608398	0,994112850933606	425,502281750267
80600,00195	0,808537000000001	8,363806641	0,994171433833723	425,054969812471
80610,00195	0,808954200000016	8,367237305	0,994088262716379	425,229318747777
80620,00195	0,809132999999974	8,369173828	0,993931978979633	425,327734309092
80630,00195	0,810146299999985	8,379732422	0,994169757750749	425,864330029984
80640,00195	0,809043599999995	8,369291016	0,994000714382344	425,333689891752
80650,00195	0,808805199999995	8,364140625	0,993900033398183	425,071943131575
80660,00195	0,809788700000013	8,374816406	0,994044861567827	425,614494384307
80670,00195	0,809729100000027	8,374833008	0,993962993514991	425,615338110484
80680,00195	0,809639600000025	8,372081055	0,993957126224534	425,475481780759
80690,00195	0,809878099999992	8,379258789	0,994137253141625	425,840259643238
80700,00195	0,810801900000001	8,384670898	0,993950513897194	426,115307109824
80710,00195	0,809311799999989	8,37265332	0,993891930997078	425,504564720232
80720,00195	0,810205900000028	8,379950195	0,993741048527718	425,875397418306
80730,00195	0,810474100000022	8,382947266	0,99387600420863	426,027710829903
80740,00195	0,811010599999975	8,386822266	0,993863337581575	426,224641256289
80750,00195	0,810623099999987	8,387443359	0,993957964266021	426,256205671596
80760,00195	0,809967500000027	8,378818359	0,993996616179464	425,817876658027
80770,00195	0,809878099999992	8,37799707	0,993984694589292	425,776138130813
80780,00195	0,810384699999986	8,38530957	0,99382487167734	426,147764903187
80790,00195	0,810772100000008	8,386000977	0,994213811931629	426,182902729075
80800,00195	0,810950999999989	8,390114258	0,99417115481991	426,39194277583
80810,00195	0,809878099999992	8,378433594	0,993913818080587	425,798322610154
80820,00195	0,809967500000027	8,379745117	0,993829621912498	425,864975199471
80830,00195	0,811129800000003	8,390599609	0,993968302777824	426,416608680185
80840,00195	0,810056900000006	8,381644531	0,99417068879684	425,961504853382
80850,00195	0,810950999999989	8,387828125	0,994027444705615	426,27575977029
80860,00195	0,810354899999993	8,38559668	0,994014685073955	426,162356050211
80870,00195	0,810623099999987	8,389019531	0,994250600752841	426,336307922956
80880,00195	0,810682699999973	8,38853418	0,994133061934141	426,3116420186
80890,00195	0,811040400000024	8,393452148	0,994081743393643	426,561576866392
80900,00195	0,810146299999985	8,381967773	0,993977244220465	425,977932255933
80910,00195	0,810116499999992	8,381639648	0,994193507926489	425,961256695635
80920,00195	0,810801900000001	8,386333008	0,994101395366504	426,199776795243
80930,00195	0,809967500000027	8,381323242	0,994245757513079	425,945176703766
80940,00195	0,809848299999999	8,381236328	0,994058087222557	425,940759668649
80950,00195	0,810146299999985	8,381709961	0,994180003257948	425,964830055395
80960,00195	0,809281999999996	8,37437793	0,993990841893611	425,592210702851
80970,00195	0,80955019999999	8,373939453	0,994069728798867	425,569926970575
80980,00195	0,808566799999994	8,367211914	0,993874793148677	425,228028357981
80990,00195	0,809699299999977	8,372922852	0,99392667071685	425,518262540021
81000,00195	0,810205900000028	8,382698242	0,994289811693958	426,015055242161
81010,00195	0,810384699999986	8,382834961	0,994164728501779	426,022003404991
81020,00195	0,810116499999992	8,3785	0,993898636329022	425,801697413224
81030,00195	0,80922240000001	8,370791016	0,994127194643684	425,409921024546
81040,00195	0,809878099999992	8,377537109	0,993867528789059	425,752762565432
81050,00195	0,810265500000014	8,38109082	0,994054920065768	425,933364842202
81060,00195	0,810444300000029	8,379952148	0,993848342839268	425,87549667124
81070,00195	0,810116499999992	8,378758789	0,994093385970003	425,81484926564
81080,00195	0,809371399999975	8,371895508	0,99397072389768	425,466052142095
81090,00195	0,809192600000017	8,370850586	0,993910743928402	425,412948416933
81100,00195	0,809878099999992	8,376691406	0,993880195416114	425,7097833003
81110,00195	0,809699299999977	8,374268555	0,99401319500019	425,586652182751
81120,00195	0,809967500000027	8,375922852	0,993897984296743	425,670724805611
81130,00195	0,809699299999977	8,374883789	0,994119836279412	425,617918839254
81140,00195	0,809609799999976	8,37371875	0,994203939442896	425,558710677441
81150,00195	0,809699299999977	8,375911133	0,994186708589892	425,670129237181
81160,00195	0,809609799999976	8,376637695	0,994020087341392	425,707053666717
81170,00195	0,809848299999999	8,377481445	0,994137253141625	425,749933678915
81180,00195	0,809788700000013	8,377135742	0,993940268389996	425,732364791381
81190,00195	0,809609799999976	8,374587891	0,993974822100559	425,602881079433
81200,00195	0,809520399999997	8,372429688	0,994160537294295	425,493199573106
81210,00195	0,809609799999976	8,375563477	0,994074944057046	425,652461096712
81220,00195	0,809132999999974	8,371791016	0,993947067726593	425,460741779743
81230,00195	0,809639600000025	8,375889648	0,993963366533457	425,669037353255
81240,00195	0,808864799999981	8,371543945	0,993935053131817	425,448185444936
81250,00195	0,808805199999995	8,372223633	0,994166497589356	425,482727702394
81260,00195	0,809788700000013	8,37940918	0,994139116233856	425,847902627433
81270,00195	0,809311799999989	8,375302734	0,99383604823063	425,63920994054
81280,00195	0,809460800000011	8,379058594	0,994114714025838	425,830085582152
81290,00195	0,809103199999981	8,371232422	0,993857656300326	425,432353610815
81300,00195	0,809639600000025	8,379110352	0,994010400861868	425,832715962799
81310,00195	0,809878099999992	8,37912207	0,993911116946868	425,833311480409
81320,00195	0,809371399999975	8,375084961	0,993865013664549	425,628142552218
81330,00195	0,809788700000013	8,378451172	0,994042626457179	425,799215937389
81340,00195	0,808864799999981	8,369647461	0,994159978266621	425,351804695838
81350,00195	0,808566799999994	8,368411133	0,993907111748593	425,288973573207
81360,00195	0,80922240000001	8,369384766	0,993913631071329	425,338454337551
81370,00195	0,809639600000025	8,376691406	0,994281708292803	425,7097833003
81380,00195	0,80955019999999	8,376115234	0,993981528432553	425,680501804137
81390,00195	0,809281999999996	8,373256836	0,993769920957033	425,535235859125
81400,00195	0,80955019999999	8,372700195	0,993935612159491	425,506946943132
81410,00195	0,809639600000025	8,376639648	0,994294933947533	425,707152919652
81420,00195	0,810533700000008	8,389474609	0,994085934601127	426,359435330589
81430,00195	0,809103199999981	8,374549805	0,99421064477484	425,60094552015
81440,00195	0,810116499999992	8,386112305	0,993861009466323	426,188560502109
81450,00195	0,808894599999974	8,376467773	0,994007978741962	425,698418102353
81460,00195	0,808447600000022	8,373582031	0,994179630239482	425,551762514611
81470,00195	0,809878099999992	8,383	0,994025395604175	426,030390811607
81480,00195	0,808984000000009	8,374636719	0,994137812169299	425,605362555268
81490,00195	0,807911100000013	8,368037109	0,994137905173904	425,269965391066
81500,00195	0,808209099999999	8,370821289	0,994138650210786	425,411459521268
81510,00195	0,80862639999998	8,375514648	0,9938365142537	425,649979570056
81520,00195	0,807970699999998	8,37084668	0,993871346978076	425,412749911064
81530,00195	0,808656199999973	8,372748047	0,994069076766588	425,509378817909
81540,00195	0,808656199999973	8,374952148	0,994113968988955	425,621392895258
81550,00195	0,808715800000016	8,372452148	0,994025861627245	425,494341007267
81560,00195	0,808238899999992	8,371202148	0,994032659963793	425,430815063272
81570,00195	0,808238899999992	8,371102539	0,99405315097819	425,425752858668
81580,00195	0,808358100000021	8,372955078	0,994057341185624	425,519900289678
81590,00195	0,808298499999978	8,372422852	0,993821239497531	425,492852162423
81600,00195	0,808387999999979	8,375880859	0,993998479271695	425,668590689638
81610,00195	0,808805199999995	8,381831055	0,994064420536084	425,970984143924
81620,00195	0,807821699999977	8,372900391	0,994048959770707	425,517121055039
81630,00195	0,808387999999979	8,376260742	0,993985067607758	425,687896630584
81640,00195	0,808954200000016	8,381494141	0,993857097272652	425,953861920008
81650,00195	0,808238899999992	8,374100586	0,994034523056025	425,578115871322
81660,00195	0,808864799999981	8,382466797	0,994397477023875	426,003293032474
81670,00195	0,808447600000022	8,378318359	0,993850297936054	425,792466280429
81680,00195	0,807493899999997	8,369129883	0,994103165454132	425,325500991005
81690,00195	0,807374700000025	8,370088867	0,994107355661565	425,374237282106
81700,00195	0,80698719999998	8,364835938	0,994137625160042	425,107279463333
81710,00195	0,807225700000004	8,364084961	0,994033125986863	425,069114245058
81720,00195	0,806480599999986	8,358994141	0,994150291787097	424,810394928089
81730,00195	0,807076600000016	8,359669922	0,993962993514991	424,844738628856
81740,00195	0,806152800000007	8,354248047	0,993961969464296	424,569194846775
81750,00195	0,807166100000018	8,361838867	0,994137812169299	424,954966051735
81760,00195	0,807315099999983	8,363686523	0,994143772464361	425,048865324999
81770,00195	0,808060099999977	8,37028418	0,994026978682544	425,384163236266
81780,00195	0,808238899999992	8,372104492	0,993871719996542	425,476672866799
81790,00195	0,808537000000001	8,376186523	0,993933935076468	425,684124764954
81800,00195	0,808715800000016	8,377253906	0,99417525302279	425,738369975098
81810,00195	0,808715800000016	8,378064453	0,994048493747637	425,77956258576
81820,00195	0,80922240000001	8,382577148	0,994159885262017	426,008901153631
81830,00195	0,808298499999978	8,37515918	0,994159885262017	425,631914417848
81840,00195	0,807791899999984	8,369257813	0,994065816605196	425,332002490217
81850,00195	0,808715800000016	8,376881836	0,994108939739985	425,719461096712
81860,00195	0,809371399999975	8,385473633	0,994033405000676	426,156102708746
81870,00195	0,810295300000007	8,395786133	0,994210458765632	426,680191746709
81880,00195	0,809371399999975	8,38734668	0,993898915342834	426,251292371805
81890,00195	0,808775400000002	8,376444336	0,993786965800829	425,697227016313
81900,00195	0,808030299999984	8,373078125	0,993976219169721	425,526153631143
81910,00195	0,807732299999998	8,371106445	0,993996896193326	425,425951364537
81920,00195	0,809520399999997	8,384577148	0,993898357315209	426,110542664024
81930,00195	0,809192600000017	8,385451172	0,994073640992538	426,154961223764
81940,00195	0,809043599999995	8,382147461	0,994028841774776	425,987064135793
81950,00195	0,809460800000011	8,387138672	0,994005278608293	426,240721248158
81960,00195	0,809520399999997	8,388451172	0,994169478736937	426,307423489353
81970,00195	0,810384699999986	8,399174805	0,994002204456109	426,852406616862
81980,00195	0,809371399999975	8,386762695	0,993959734353648	426,221613813081
81990,00195	0,809639600000025	8,389703125	0,993881964503692	426,371048686283
82000,00195	0,809371399999975	8,385018555	0,993901709481156	426,132975301113
82010,00195	0,809371399999975	8,382689453	0,993916239200443	426,014608578543
82020,00195	0,80955019999999	8,387204102	0,994072801951002	426,24404645017
82030,00195	0,80955019999999	8,385199219	0,994296331016694	426,14215678203
82040,00195	0,808656199999973	8,375731445	0,994135670063256	425,660997357321
82050,00195	0,80862639999998	8,374183594	0,994115925085791	425,582334400569
82060,00195	0,807911100000013	8,363519531	0,994018503262973	425,040378665447
82070,00195	0,808238899999992	8,366526367	0,994116483113415	425,193188341719
82080,00195	0,809371399999975	8,380212891	0,994055293084234	425,888747827413
82090,00195	0,808358100000021	8,368900391	0,993974822100559	425,313838034253
82100,00195	0,808447600000022	8,371573242	0,993997641230209	425,449674340601
82110,00195	0,808864799999981	8,376561523	0,993956195178443	425,703182548153
82120,00195	0,809371399999975	8,381370117	0,993937381247069	425,947558926666
82130,00195	0,809967500000027	8,387475586	0,994113037942864	426,257843472074
82140,00195	0,809729100000027	8,385263672	0,994240169236434	426,145432332164
82150,00195	0,809043599999995	8,379291016	0,993908694826963	425,841897443716
82160,00195	0,808984000000009	8,378526367	0,994137812169299	425,803037404076
82170,00195	0,810116499999992	8,385857422	0,994037969226626	426,175607155562
82180,00195	0,809132999999974	8,378227539	0,993842381544157	425,787850739442
82190,00195	0,809192600000017	8,380791016	0,993751014021055	425,918128576511
82200,00195	0,808358100000021	8,3705625	0,994002018446901	425,398307668852
82210,00195	0,808894599999974	8,377206055	0,994072336927981	425,735938151141
82220,00195	0,808537000000001	8,372711914	0,993935053131817	425,507542511562
82230,00195	0,809132999999974	8,377645508	0,993972027962237	425,758271484474
82240,00195	0,809043599999995	8,377529297	0,994078483232251	425,752365553692
82250,00195	0,809520399999997	8,380985352	0,994144983524314	425,928004878792
82260,00195	0,808984000000009	8,375057617	0,993815931234748	425,626752909488
82270,00195	0,808894599999974	8,375157227	0,994055665102651	425,631815164913
82280,00195	0,809103199999981	8,374726563	0,994085375573453	425,609928495197
82290,00195	0,809192600000017	8,375973633	0,994147777662636	425,67330553438
82300,00195	0,809639600000025	8,38140625	0,993827479806454	425,949395233013
82310,00195	0,809460800000011	8,380787109	0,993906925739385	425,91793001982
82320,00195	0,809609799999976	8,383088867	0,993913073043704	426,03490709966
82330,00195	0,810354899999993	8,388964844	0,994021949433574	426,333528688316
82340,00195	0,810593299999994	8,390113281	0,994113968988955	426,391893123952
82350,00195	0,809281999999996	8,376335938	0,994030704867007	425,691718148092
82360,00195	0,808805199999995	8,372446289	0,994169757750749	425,494043248463
82370,00195	0,809609799999976	8,379961914	0,993961131422809	425,875992986736
82380,00195	0,809401200000025	8,377501953	0,993911581969889	425,750975910962
82390,00195	0,809311799999989	8,374183594	0,994005836635918	425,582334400569
82400,00195	0,810533700000008	8,386554688	0,994015337106234	426,211042740255
82410,00195	0,810474100000022	8,392272461	0,994203473419826	426,501624282157
82420,00195	0,809281999999996	8,376490234	0,993971562939216	425,699559587336
82430,00195	0,810354899999993	8,389075195	0,994012356958703	426,339136809473
82440,00195	0,808984000000009	8,376041016	0,994150291787097	425,676729989328
82450,00195	0,809132999999974	8,373451172	0,99387050893659	425,545112161407
82460,00195	0,809937699999978	8,380154297	0,993861661498602	425,885770036083
82470,00195	0,809371399999975	8,374540039	0,993927042735266	425,600449204655
82480,00195	0,810056900000006	8,381556641	0,994018224249161	425,957038217208
82490,00195	0,810354899999993	8,387293945	0,994024464558084	426,248612339279
82500,00195	0,810801900000001	8,39034668	0,994075596089324	426,403754637394
82510,00195	0,810116499999992	8,385769531	0,994098135205112	426,171140468567
82520,00195	0,810444300000029	8,388750977	0,993925180643084	426,322659805865
82530,00195	0,809699299999977	8,381964844	0,993814720174795	425,977783401941
82540,00195	0,810205900000028	8,383089844	0,994101581375712	426,034956751537
82550,00195	0,810533700000008	8,38827832	0,994040670360344	426,298639020176
82560,00195	0,809967500000027	8,380286133	0,994041880420247	425,892470041165
82570,00195	0,80955019999999	8,377833984	0,994354354889136	425,767849977131
82580,00195	0,80955019999999	8,37840332	0,993946415694315	425,796784062611
82590,00195	0,810354899999993	8,38728418	0,994091149859306	426,248116074605
82600,00195	0,810146299999985	8,385292969	0,993778955404279	426,146921227829
82610,00195	0,810444300000029	8,386845703	0,993857470291118	426,225832342329
82620,00195	0,809401200000025	8,376762695	0,994126542611406	425,713406261117
82630,00195	0,810712500000022	8,390282227	0,994008817783498	426,400479087259
82640,00195	0,810533700000008	8,38762793	0,993990655884403	426,265585709204
82650,00195	0,810444300000029	8,387916992	0,994019900332134	426,280276058342
82660,00195	0,809609799999976	8,375837891	0,993995406119561	425,666407023428
82670,00195	0,809103199999981	8,374792969	0,994140606307622	425,613303298267
82680,00195	0,810295300000007	8,383664063	0,993866503738314	426,064138994765
82690,00195	0,809311799999989	8,377103516	0,99389174398782	425,730727041724
82700,00195	0,810593299999994	8,387103516	0,99397323902219	426,238934593688
82710,00195	0,811368200000004	8,398803711	0,9941823313732	426,833547339533
82720,00195	0,810295300000007	8,386178711	0,994079787296808	426,191935305179
82730,00195	0,81089129999998	8,390871094	0,994065351582175	426,43040575291
82740,00195	0,810772100000008	8,390061523	0,99394948884645	426,389262743304
82750,00195	0,809967500000027	8,384046875	0,99370090654051	426,083593789704
82760,00195	0,809848299999999	8,382607422	0,993937661260931	426,010439701174
82770,00195	0,810712500000022	8,390121094	0,994022694470457	426,392290186512
82780,00195	0,810772100000008	8,39278125	0,994062464439249	426,527481323372
82790,00195	0,810146299999985	8,384432617	0,993997175207138	426,103197489455
82800,00195	0,810295300000007	8,386794922	0,993963087519645	426,223251613559
82810,00195	0,809937699999978	8,383094727	0,993944273588271	426,035204909285
82820,00195	0,810116499999992	8,387137695	0,993820401456044	426,24067159628
82830,00195	0,811547000000019	8,401214844	0,994158395188251	426,956082939472
82840,00195	0,811755600000026	8,4055625	0,994119650270204	427,177034100727
82850,00195	0,811189399999989	8,397200195	0,993903758582596	426,752055445444
82860,00195	0,810444300000029	8,391084961	0,993977616238882	426,441274635361
82870,00195	0,810801900000001	8,396709961	0,994246409545357	426,727141383341
82880,00195	0,811874799999998	8,407779297	0,994072895955655	427,289693398384
82890,00195	0,811010599999975	8,400324219	0,993971096916146	426,910820704376
82900,00195	0,810801900000001	8,39703418	0,994058087222557	426,74361843777
82910,00195	0,810861499999987	8,395883789	0,993940548403858	426,685154698379
82920,00195	0,810205900000028	8,390538086	0,994016082143117	426,413482034863
82930,00195	0,809401200000025	8,381398438	0,993972493985307	425,948998221274
82940,00195	0,810384699999986	8,388991211	0,993994567078024	426,334868679169
82950,00195	0,81089129999998	8,395029297	0,9940385282543	426,64172876963
82960,00195	0,810295300000007	8,389223633	0,9939221064909	426,346680540733
82970,00195	0,811010599999975	8,396494141	0,99416454249257	426,716173247954
82980,00195	0,811338400000011	8,398620117	0,993918195297278	426,824216953804
82990,00195	0,810116499999992	8,388299805	0,993990655884403	426,299730904101
83000,00195	0,810861499999987	8,392548828	0,993992983999655	426,515669461808
83010,00195	0,810295300000007	8,38934375	0,993936357196374	426,352784977385
83020,00195	0,811010599999975	8,396439453	0,993933376048794	426,713393962494
83030,00195	0,810682699999973	8,39737207	0,993973612040656	426,760790262743
83040,00195	0,810861499999987	8,396901367	0,993987023704594	426,73686878081
83050,00195	0,810682699999973	8,397392578	0,993989072806033	426,761832494791
83060,00195	0,811219199999982	8,401943359	0,993968488787032	426,993106621944
83070,00195	0,811010599999975	8,398958984	0,994086586633405	426,841438430655
83080,00195	0,81202380000002	8,410878906	0,994203380415222	427,447217868578
83090,00195	0,810205900000028	8,391998047	0,993979945354183	426,48767835544
83100,00195	0,810623099999987	8,396305664	0,994035175088303	426,706594704477
83110,00195	0,811189399999989	8,398513672	0,993964390584153	426,818807338517
83120,00195	0,811338400000011	8,401818359	0,99381984242837	426,986754027545
83130,00195	0,810593299999994	8,397099609	0,994063116471527	426,746943588962
83140,00195	0,810861499999987	8,399054688	0,993945949671244	426,84630218021
83150,00195	0,811606600000005	8,403966797	0,994137253141625	427,095939269198
83160,00195	0,810712500000022	8,396793945	0,994094503025302	426,731409513645
83170,00195	0,810027100000013	8,390731445	0,994016268152325	426,423308685267
83180,00195	0,812113199999999	8,412010742	0,994176743096555	427,504738628856
83190,00195	0,811934399999984	8,40834375	0,9939357981687	427,318379326117
83200,00195	0,811129800000003	8,402887695	0,994104934541709	427,041098490624
83210,00195	0,81089129999998	8,400761719	0,994259821209294	426,933054784774
83220,00195	0,810861499999987	8,396568359	0,993947253735802	426,719945062764
83230,00195	0,810474100000022	8,39184375	0,993839215387418	426,479836865376
83240,00195	0,810801900000001	8,393356445	0,993699137452932	426,556713167658
83250,00195	0,811338400000011	8,399386719	0,994170036764562	426,863176246379
83260,00195	0,810265500000014	8,388725586	0,99416156134499	426,32136941607
83270,00195	0,809878099999992	8,385548828	0,994048865766053	426,159924175433
83280,00195	0,810027100000013	8,384566406	0,994023253498131	426,109996747472
83290,00195	0,810056900000006	8,384711914	0,994170223773819	426,117391573919
83300,00195	0,810384699999986	8,387490234	0,994137160137021	426,258587894496
83310,00195	0,810444300000029	8,387707031	0,993856259231165	426,26960568176
83320,00195	0,809937699999978	8,384803711	0,993990562879799	426,122056766784
83330,00195	0,809460800000011	8,379152344	0,994053989019677	425,834850027951
83340,00195	0,809878099999992	8,382375	0,993868739849012	425,99862783961
83350,00195	0,809699299999977	8,382894531	0,993957312233742	426,025030797378
83360,00195	0,809699299999977	8,380033203	0,994035548106769	425,879615947553
83370,00195	0,809848299999999	8,381786133	0,993988792792171	425,968701173959
83380,00195	0,810593299999994	8,38922168	0,994002111451505	426,346581287798
83390,00195	0,810205900000028	8,383769531	0,994220703272781	426,069498958175
83400,00195	0,810027100000013	8,381895508	0,994180189267156	425,974259694059
83410,00195	0,809371399999975	8,376554688	0,994050542849076	425,702835188291
83420,00195	0,811129800000003	8,398541992	0,994024557562688	426,820246582304
83430,00195	0,80955019999999	8,38037207	0,993895004149213	425,896837424404
83440,00195	0,810354899999993	8,389560547	0,994077180167743	426,363802764649
83450,00195	0,810474100000022	8,391322266	0,994193786940302	426,453334654673
83460,00195	0,810354899999993	8,391210938	0,993930395901263	426,447676881638
83470,00195	0,811606600000005	8,400901367	0,993871346978076	426,940151801596
83480,00195	0,810116499999992	8,389287109	0,994049238784519	426,34990643899
83490,00195	0,811278800000025	8,398458008	0,993764984712667	426,815978452
83500,00195	0,810384699999986	8,390740234	0,994131478855772	426,423755348885
83510,00195	0,809371399999975	8,380019531	0,994183821446965	425,878921126188
83520,00195	0,809788700000013	8,384657227	0,993676784346353	426,114612339279
83530,00195	0,811010599999975	8,396570313	0,993926018684571	426,720044366519
83540,00195	0,810384699999986	8,393349609	0,994265688499752	426,556365756975
83550,00195	0,809520399999997	8,383553711	0,9939803173726	426,058530822788
83560,00195	0,81089129999998	8,398564453	0,993834558156865	426,821388067287
83570,00195	0,810861499999987	8,397923828	0,993992145958168	426,788831020989
83580,00195	0,810384699999986	8,389833984	0,994063581494548	426,377699039488
83590,00195	0,810474100000022	8,389542969	0,994041880420247	426,362909437414
83600,00195	0,809967500000027	8,386672852	0,993956474192256	426,217047923972
83610,00195	0,811129800000003	8,397790039	0,994039925323461	426,782031762972
83620,00195	0,810950999999989	8,396224609	0,993991586930494	426,702475428165
83630,00195	0,810354899999993	8,393779297	0,994099905292739	426,578202825634
83640,00195	0,810623099999987	8,395025391	0,994025302599571	426,64153026376
83650,00195	0,809848299999999	8,38740625	0,993777092312047	426,254319764192
83660,00195	0,811010599999975	8,39775293	0,994062929462269	426,780145855567
83670,00195	0,809937699999978	8,388378906	0,993949023823429	426,303750876658
83680,00195	0,810444300000029	8,39255957	0,993983204515526	426,516215378361
83690,00195	0,810027100000013	8,390982422	0,994008351760428	426,436063525944
83700,00195	0,810295300000007	8,395513672	0,993946694708127	426,666345072928
83710,00195	0,810116499999992	8,39590625	0,994026140641058	426,686296183361
83720,00195	0,810354899999993	8,396358398	0,993976219169721	426,709274686182
83730,00195	0,810265500000014	8,39609375	0,994114061993559	426,695825074961
83740,00195	0,810623099999987	8,398899414	0,99405016983061	426,838411038268
83750,00195	0,810623099999987	8,402969727	0,99377075899852	427,045267418814
83760,00195	0,809609799999976	8,391078125	0,994032939977655	426,440927224679
83770,00195	0,810056900000006	8,396620117	0,993921361454017	426,722575443411
83780,00195	0,810384699999986	8,398323242	0,994311791782071	426,809129542105
83790,00195	0,809937699999978	8,395397461	0,994137346146229	426,660439142146
83800,00195	0,809281999999996	8,38822168	0,994117415159556	426,295760532601
83810,00195	0,809699299999977	8,390082031	0,993858773355626	426,390304975352
83820,00195	0,810116499999992	8,397924805	0,994091801891584	426,788880672867
83830,00195	0,810354899999993	8,396246094	0,993920989435601	426,70356731209
83840,00195	0,81089129999998	8,404759766	0,994122444408526	427,136238552625
83850,00195	0,810593299999994	8,400963867	0,993975567137442	426,943328098796
83860,00195	0,810772100000008	8,403938477	0,993888111808011	427,09450002541
83870,00195	0,810205900000028	8,395741211	0,994286737541774	426,677908776744
83880,00195	0,810354899999993	8,396637695	0,994055572098047	426,723468770646
83890,00195	0,810265500000014	8,396975586	0,994037317194347	426,74064064644
83900,00195	0,811040400000024	8,405196289	0,994176370078089	427,158422981145
83910,00195	0,810027100000013	8,394870117	0,994087424674892	426,633639121817
83920,00195	0,811338400000011	8,406666016	0,994030424853145	427,233115617218
83930,00195	0,81089129999998	8,404946289	0,993638691460584	427,145717792346
83940,00195	0,810474100000022	8,402439453	0,993896215209165	427,018318493673
83950,00195	0,810474100000022	8,398786133	0,994080719342948	426,832654012299
83960,00195	0,810682699999973	8,401847656	0,994090963850097	426,98824292321
83970,00195	0,810116499999992	8,399847656	0,994013660023211	426,886601412817
83980,00195	0,810116499999992	8,397900391	0,993999690331648	426,787639934949
83990,00195	0,809729100000027	8,395712891	0,994030238843937	426,676469532957
84000,00195	0,810861499999987	8,404280273	0,993727264845364	427,111870356254
84010,00195	0,811695999999984	8,41609375	0,993809969939637	427,712240178889
84020,00195	0,810623099999987	8,404786133	0,993955822159977	427,137578543477
84030,00195	0,811010599999975	8,40878418	0,993942410496039	427,340762311328
84040,00195	0,80955019999999	8,390490234	0,993752598099474	426,411050160085
84050,00195	0,810801900000001	8,401674805	0,993835862221422	426,979458504853
84060,00195	0,810533700000008	8,402331055	0,993974357077539	427,012809625451
84070,00195	0,811010599999975	8,407320313	0,994061253379296	427,266367484881
84080,00195	0,811934399999984	8,417943359	0,994092453923863	427,806238705087
84090,00195	0,811457599999983	8,414209961	0,993985439626175	427,616504599278
84100,00195	0,809639600000025	8,393364258	0,994013847032469	426,557110230218
84110,00195	0,809937699999978	8,395421875	0,994007233705079	426,661679880063
84120,00195	0,810801900000001	8,402682617	0,993958803307557	427,030676271789
84130,00195	0,809788700000013	8,390787109	0,993851789009869	426,426137571784
84140,00195	0,809371399999975	8,385888672	0,994138650210786	426,177195304162
84150,00195	0,808984000000009	8,384432617	0,994137812169299	426,103197489455
84160,00195	0,809729100000027	8,386739258	0,993998293262487	426,220422727042
84170,00195	0,809609799999976	8,385753906	0,994084816545778	426,170346394267
84180,00195	0,809699299999977	8,385130859	0,994111453864445	426,138682675205
84190,00195	0,809937699999978	8,390740234	0,99391046491459	426,423755348885
84200,00195	0,809609799999976	8,388133789	0,994123189445409	426,291293845607
84210,00195	0,809520399999997	8,388867188	0,993998758285508	426,328565736647
84220,00195	0,80922240000001	8,386250977	0,994019155295252	426,195607917874
84230,00195	0,809281999999996	8,384751953	0,994051566899771	426,119426386136
84240,00195	0,808477400000015	8,380490234	0,994010865884889	425,902842608121
84250,00195	0,810354899999993	8,397818359	0,994084816545778	426,783471006759
84260,00195	0,809937699999978	8,393094727	0,99410540056478	426,543412461249
84270,00195	0,808387999999979	8,38003418	0,993964297579548	425,879665599431
84280,00195	0,809103199999981	8,385685547	0,994039645309599	426,166872338263
84290,00195	0,809639600000025	8,39300293	0,99422135530506	426,538747268384
84300,00195	0,809520399999997	8,39103418	0,99411089583682	426,438693906591
84310,00195	0,809520399999997	8,387790039	0,993890067904846	426,273824211008
84320,00195	0,810027100000013	8,393662109	0,99387600420863	426,572247242974
84330,00195	0,809639600000025	8,390723633	0,994060042319343	426,422911673527
84340,00195	0,809103199999981	8,38862793	0,993918847329557	426,3164064644
84350,00195	0,809699299999977	8,392328125	0,994027444705615	426,504453168674
84360,00195	0,80811970000002	8,378610352	0,993985812644641	425,807305585201
84370,00195	0,809281999999996	8,389455078	0,993900778435066	426,358442750419
84380,00195	0,809460800000011	8,389705078	0,993793299114357	426,371147939218
84390,00195	0,810295300000007	8,39727832	0,993989630833658	426,756025816944
84400,00195	0,808894599999974	8,386948242	0,99404560660471	426,231043451746
84410,00195	0,809371399999975	8,391669922	0,993879450379231	426,471002795142
84420,00195	0,810384699999986	8,403323242	0,994016548166187	427,063233318087
84430,00195	0,80955019999999	8,395887695	0,994148056676449	426,685353204249
84440,00195	0,80955019999999	8,394301758	0,99414535554273	426,604754688215
84450,00195	0,810205900000028	8,400768555	0,993854676152796	426,933402195457
84460,00195	0,810801900000001	8,408117188	0,994269600693423	427,306865274178
84470,00195	0,808387999999979	8,386298828	0,994137625160042	426,198039741831
84480,00195	0,810116499999992	8,398476563	0,993760328482162	426,816921431112
84490,00195	0,809132999999974	8,389800781	0,993826175741897	426,376011637953
84500,00195	0,808775400000002	8,384609375	0,994032007931515	426,112180464502
84510,00195	0,809401200000025	8,39274707	0,994046071627731	426,52574426996
84520,00195	0,809609799999976	8,393126953	0,993816024239352	426,545050210906
84530,00195	0,809401200000025	8,391009766	0,994030238843937	426,437453168674
84540,00195	0,810116499999992	8,400291992	0,994074665043233	426,909182903898
84550,00195	0,809729100000027	8,395794922	0,99408258143513	426,680638410327
84560,00195	0,808894599999974	8,386841797	0,994117880182577	426,225633836459
84570,00195	0,810533700000008	8,402773438	0,99401775822609	427,035291863597
84580,00195	0,810593299999994	8,403393555	0,993887925798802	427,066806677847
84590,00195	0,810116499999992	8,401709961	0,99381229805489	426,981245159323
84600,00195	0,810205900000028	8,399287109	0,993982925501714	426,858113990954
84610,00195	0,810056900000006	8,398422852	0,993990655884403	426,81419179753
84620,00195	0,808984000000009	8,389455078	0,993885317669688	426,358442750419
84630,00195	0,810056900000006	8,39759668	0,994026606664128	426,772205112568
84640,00195	0,810146299999985	8,393509766	0,994048027724566	426,564505056665
84650,00195	0,80862639999998	8,383581055	0,994076248121603	426,059920465518
84660,00195	0,809192600000017	8,385185547	0,994178419179529	426,141461960665
84670,00195	0,809788700000013	8,389585938	0,994293350869163	426,365093154444
84680,00195	0,810623099999987	8,402162109	0,994033125986863	427,004223662144
84690,00195	0,810801900000001	8,40365625	0,993792926095891	427,080157036134
84700,00195	0,810027100000013	8,396777344	0,994138836219994	426,730565838288
84710,00195	0,810474100000022	8,399915039	0,993935891173304	426,890025867764
84720,00195	0,811129800000003	8,406308594	0,994161655349644	427,214951161254
84730,00195	0,810444300000029	8,399693359	0,993892769038564	426,878759922753
84740,00195	0,810295300000007	8,397918945	0,994036106134394	426,788582863241
84750,00195	0,809371399999975	8,389836914	0,993909253854637	426,3778479443
84760,00195	0,809937699999978	8,395514648	0,993953215030912	426,666394673985
84770,00195	0,810205900000028	8,397214844	0,994055199079581	426,752799918687
84780,00195	0,811219199999982	8,409181641	0,993989723838262	427,360961579509
84790,00195	0,810056900000006	8,398954102	0,994202914392152	426,841190323728
84800,00195	0,810801900000001	8,402901367	0,993814068142517	427,041793311989
84810,00195	0,810116499999992	8,400496094	0,994120395307087	426,919555521675
84820,00195	0,81110000000001	8,410104492	0,993985905649245	427,407861564263
84830,00195	0,810623099999987	8,407353516	0,99387348908412	427,268054886416
84840,00195	0,811219199999982	8,414224609	0,994206826585823	427,6172490217
84850,00195	0,810533700000008	8,40521875	0,994009096797311	427,159564466128
84860,00195	0,810474100000022	8,405886719	0,994073827001746	427,193511155156
84870,00195	0,809311799999989	8,393162109	0,993989258815242	426,546836865376
84880,00195	0,811517200000026	8,414741211	0,993887459775732	427,643503125476
84890,00195	0,810205900000028	8,398359375	0,993862964563109	426,810965848452
84900,00195	0,810056900000006	8,399854492	0,994134552007907	426,886948823499
84910,00195	0,810682699999973	8,403633789	0,994137439150833	427,079015551151
84920,00195	0,810623099999987	8,40287207	0,993953215030912	427,040304416324
84930,00195	0,810474100000022	8,402037109	0,993884386623597	426,997871067744
84940,00195	0,810801900000001	8,406604492	0,993890533927917	427,229988921075
84950,00195	0,810623099999987	8,40340918	0,994000342363927	427,067600752147
84960,00195	0,809639600000025	8,394723633	0,99388354858211	426,626194694313
84970,00195	0,810205900000028	8,397072266	0,993998479271695	426,745553997052
84980,00195	0,80955019999999	8,390125	0,994102326412595	426,392488692382
84990,00195	0,809699299999977	8,394977539	0,99413827719232	426,639098388982
85000,00195	0,810056900000006	8,396414063	0,99399698919793	426,71210362352
85010,00195	0,810146299999985	8,397754883	0,994020087341392	426,780245108502
85020,00195	0,809520399999997	8,392113281	0,994056131125721	426,493534634345
85030,00195	0,809729100000027	8,395100586	0,994188664686727	426,645351730447
85040,00195	0,810712500000022	8,402861328	0,994090311817819	427,039758499771
85050,00195	0,81110000000001	8,407775391	0,994132968929537	427,289494892514
85060,00195	0,810146299999985	8,40069043	0,994116483113415	426,929431823957
85070,00195	0,810593299999994	8,402542969	0,993961317432018	427,023579254968
85080,00195	0,809788700000013	8,395447266	0,993914190099003	426,662970269858
85090,00195	0,811755600000026	8,415992188	0,993934773117955	427,70707872135
85100,00195	0,81089129999998	8,406570313	0,994230017733889	427,228251918484
85110,00195	0,810474100000022	8,406116211	0,994147032625753	427,205174111907
85120,00195	0,811547000000019	8,416604492	0,994171713847585	427,73819647304
85130,00195	0,810682699999973	8,404449219	0,994023812525805	427,120456319561
85140,00195	0,809878099999992	8,394175781	0,993911861983751	426,598352441937
85150,00195	0,810444300000029	8,401525391	0,994011238903355	426,971865172536
85160,00195	0,809788700000013	8,396915039	0,993969978860797	426,737563602175
85170,00195	0,810384699999986	8,402456055	0,994034244042212	427,019162219851
85180,00195	0,810474100000022	8,400876953	0,99388559768355	426,938911063678
85190,00195	0,810533700000008	8,402788086	0,994205522521266	427,036036286019
85200,00195	0,810116499999992	8,399073242	0,994138464201578	426,847245108502
85210,00195	0,809460800000011	8,392749023	0,994036293143652	426,525843522895
85220,00195	0,810444300000029	8,401587891	0,993975009109817	426,975041469736
85230,00195	0,808894599999974	8,388704102	0,994084351522757	426,320277582965
85240,00195	0,809878099999992	8,395527344	0,993988606782963	426,667039894293
85250,00195	0,809848299999999	8,397458984	0,994046817664663	426,765207297861
85260,00195	0,810056900000006	8,400987305	0,994043650507875	426,944519235656
85270,00195	0,80955019999999	8,394594727	0,993989258815242	426,619643594044
85280,00195	0,808805199999995	8,387714844	0,994177581138042	426,270002744321
85290,00195	0,810027100000013	8,399222656	0,994000435368531	426,854838440819
85300,00195	0,810712500000022	8,408660156	0,993988699787567	427,334459317985
85310,00195	0,809311799999989	8,395198242	0,994021018387483	426,650314682116
85320,00195	0,810295300000007	8,401911133	0,99404560660471	426,991468872287
85330,00195	0,809460800000011	8,390357422	0,993967836754753	426,404300553946
85340,00195	0,809729100000027	8,393349609	0,994006302658988	426,556365756975
85350,00195	0,80862639999998	8,384280273	0,993949395841845	426,095455252325
85360,00195	0,80922240000001	8,391795898	0,994021297401295	426,477404990598
85370,00195	0,808805199999995	8,388148438	0,994063768503806	426,292038318849
85380,00195	0,808805199999995	8,388191406	0,993956660201464	426,294221985059
85390,00195	0,807642900000019	8,37925293	0,994093943997628	425,839961884434
85400,00195	0,809937699999978	8,394314453	0,993994567078024	426,605399857702
85410,00195	0,808894599999974	8,386954102	0,994007233705079	426,231341261371
85420,00195	0,809788700000013	8,393839844	0,994004253557549	426,581279869899
85430,00195	0,808864799999981	8,386429688	0,994042998475596	426,204690145856
85440,00195	0,80922240000001	8,393613281	0,993981900450969	426,569765767139
85450,00195	0,808864799999981	8,389764648	0,994049331789123	426,374175331605
85460,00195	0,809311799999989	8,392743164	0,993902175504227	426,52554576409
85470,00195	0,809609799999976	8,392727539	0,993871067964264	426,52475168979
85480,00195	0,808984000000009	8,388083008	0,993951630952494	426,288713116837
85490,00195	0,809371399999975	8,394180664	0,994172458884467	426,598600599685
85500,00195	0,809609799999976	8,397152344	0,994173110916746	426,749623621487
85510,00195	0,810444300000029	8,405037109	0,994143213436686	427,150333333333
85520,00195	0,809192600000017	8,390079102	0,993917357255792	426,39015612136
85530,00195	0,80955019999999	8,394139648	0,993976871201999	426,59651613559
85540,00195	0,809371399999975	8,390517578	0,993953401040121	426,412439802816
85550,00195	0,808715800000016	8,386083984	0,993981528432553	426,187121207501
85560,00195	0,810623099999987	8,404103516	0,993897984296743	427,102887432027
85570,00195	0,809401200000025	8,393276367	0,994094689034511	426,552643543223
85580,00195	0,809937699999978	8,398891602	0,994167149621635	426,838014026529
85590,00195	0,810384699999986	8,40181543	0,994040297341878	426,986605173553
85600,00195	0,809937699999978	8,396750977	0,994304247408591	426,729225847436
85610,00195	0,809788700000013	8,393662109	0,993790876994451	426,572247242974
85620,00195	0,810593299999994	8,402216797	0,994134085984837	427,007002947604
85630,00195	0,810354899999993	8,401016602	0,993958523293695	426,946008131321
85640,00195	0,810354899999993	8,403166992	0,993938592307022	427,055292575088
85650,00195	0,810593299999994	8,405522461	0,993973146017586	427,174999288509
85660,00195	0,809132999999974	8,391094727	0,993909160850033	426,441770950856
85670,00195	0,810116499999992	8,40134668	0,994066468637474	426,962782944554
85680,00195	0,809192600000017	8,389115234	0,994040297341878	426,34117162169
85690,00195	0,808954200000016	8,386581055	0,99404765570615	426,212382731107
85700,00195	0,808775400000002	8,385910156	0,993981248418691	426,178287137267
85710,00195	0,809043599999995	8,386888672	0,994131012832702	426,228016059359
85720,00195	0,810533700000008	8,4028125	0,9941868945991	427,037277023937
85730,00195	0,810623099999987	8,404277344	0,993939151334696	427,111721502262
85740,00195	0,810384699999986	8,404023438	0,993871067964264	427,098817807593
85750,00195	0,809043599999995	8,392288086	0,99402232245204	426,502418356457
85760,00195	0,810116499999992	8,397818359	0,994081277370573	426,783471006759
85770,00195	0,809878099999992	8,397921875	0,993967836754753	426,788731768054
85780,00195	0,810056900000006	8,401920898	0,994148522699519	426,991965136962
85790,00195	0,809729100000027	8,397844727	0,994210272756424	426,784811048432
85800,00195	0,810682699999973	8,404722656	0,994027258696406	427,1343525944
85810,00195	0,808864799999981	8,388451172	0,993914842131282	426,307423489353
85820,00195	0,810772100000008	8,407518555	0,993917729274208	427,276442293032
85830,00195	0,810444300000029	8,40159668	0,99391959236644	426,975488133354
85840,00195	0,809937699999978	8,398916992	0,993987302718406	426,839304365503
85850,00195	0,810444300000029	8,402959961	0,994163238428013	427,044771103319
85860,00195	0,811129800000003	8,409527344	0,993925180643084	427,378530467043
85870,00195	0,810712500000022	8,405202148	0,994199375216947	427,15872073995
85880,00195	0,811338400000011	8,4100625	0,994014405060094	427,405727499111
85890,00195	0,810384699999986	8,402018555	0,99397780324814	426,996928139452
85900,00195	0,811278800000025	8,410311523	0,993897053250652	427,418383036032
85910,00195	0,810354899999993	8,404276367	0,99386687675678	427,111671850384
85920,00195	0,810950999999989	8,410683594	0,994059856310134	427,437291965239
85930,00195	0,810384699999986	8,404237305	0,993954239081608	427,109686690044
85940,00195	0,810772100000008	8,408986328	0,994325668469029	427,351035625349
85950,00195	0,810295300000007	8,403314453	0,993960945413601	427,06278665447
85960,00195	0,81089129999998	8,406526367	0,99393421509033	427,226018549576
85970,00195	0,811040400000024	8,408657227	0,994078111213834	427,334310463994
85980,00195	0,810861499999987	8,405102539	0,994161189326574	427,153658535346
85990,00195	0,810474100000022	8,400078125	0,99395200397096	426,898314021446
86000,00195	0,81110000000001	8,408584961	0,993970444883867	427,330637851298
86010,00195	0,811040400000024	8,406063477	0,994098880241994	427,202494130203
86020,00195	0,810772100000008	8,404107422	0,994081929402852	427,103085937897
86030,00195	0,810027100000013	8,398008789	0,993916425209651	426,793148803171
86040,00195	0,810384699999986	8,403038086	0,993933097034981	427,048741474818
86050,00195	0,810205900000028	8,39971875	0,994049424793728	426,880050312548
86060,00195	0,810295300000007	8,401041992	0,993917264251187	426,947298470295
86070,00195	0,810205900000028	8,401476563	0,993909812882311	426,969383696702
86080,00195	0,810682699999973	8,405725586	0,994228527660123	427,185322254409
86090,00195	0,810950999999989	8,408119141	0,993972027962237	427,306964527113
86100,00195	0,810712500000022	8,405067383	0,993887739789594	427,151871880876
86110,00195	0,810116499999992	8,39662793	0,994044488549361	426,722972505971
86120,00195	0,810861499999987	8,405500977	0,994102792435665	427,173907455405
86130,00195	0,810861499999987	8,404938477	0,993976126165116	427,145320780607
86140,00195	0,810772100000008	8,407992188	0,994080160315274	427,300512679778
86150,00195	0,811695999999984	8,418294922	0,994041601406435	427,824105402246
86160,00195	0,811010599999975	8,408660156	0,994086586633405	427,334459317985
86170,00195	0,811278800000025	8,412832031	0,994123375454617	427,546477156071
86180,00195	0,809520399999997	8,390860352	0,993893700084655	426,429859836357
86190,00195	0,810116499999992	8,399921875	0,994169385732332	426,890373278447
86200,00195	0,810384699999986	8,401792969	0,993853465092843	426,98546368857
86210,00195	0,809460800000011	8,394755859	0,994028375751705	426,62783244397
86220,00195	0,810295300000007	8,401483398	0,99399652317486	426,969731056564
86230,00195	0,81110000000001	8,408621094	0,994149174731797	427,332474157646
86240,00195	0,810295300000007	8,402430664	0,994000248359273	427,017871830055
86250,00195	0,809878099999992	8,398511719	0,99380820085206	426,818708085582
86260,00195	0,810027100000013	8,398113281	0,99370388768809	426,798459165523
86270,00195	0,810027100000013	8,398606445	0,993979013308043	426,823522132439
86280,00195	0,809937699999978	8,398645508	0,99390292054111	426,825507343599
86290,00195	0,809520399999997	8,395543945	0,994020552364413	426,66788356965
86300,00195	0,810623099999987	8,40596582	0,993977244220465	427,197531127713
86310,00195	0,810861499999987	8,409170898	0,993906180702502	427,360415612136
86320,00195	0,810772100000008	8,406325195	0,994189688737422	427,215794836611
86330,00195	0,810354899999993	8,40300293	0,993807827833594	427,046954820349
86340,00195	0,810295300000007	8,404462891	0,993997641230209	427,121151140926
86350,00195	0,810623099999987	8,407045898	0,994027165691802	427,252421507344
86360,00195	0,810682699999973	8,407786133	0,994076528135465	427,290040809066
86370,00195	0,810205900000028	8,401237305	0,993914190099003	426,957224424455
86380,00195	0,810265500000014	8,403356445	0,994042067429505	427,064920719622
86390,00195	0,809699299999977	8,399368164	0,993925180643084	426,862233267266
86400,00195	0,810265500000014	8,402080078	0,993876935254721	427,000054784774
