BAM 5.2 *RELAX01-V03* VH5204_D_03.lis
-------------------------------------

Versuchsbezeichnung                 				RELAX-Versuch
Versuchs-Datum                      				10.10.2022
Projekt                             				VH5204
Werkstoff                           				CuSn6
Bearbeiter                          				NN
Prüfmaschine                        				M33
Probenbezeichnung                   				D_03
Probenform                          				ZUG 005.004
Probenquerschnitt                   			mm²	19,687
Prüftemperatur                      			°C	100
Prüfgeschwindigkeit 1               			%/s	0,025
Anfangsmesslänge                    			mm	25
Steigung des elastischen Teils (mE)    			GPa	64,8
Dehngrenze (Rp0,2)                  			MPa	103
Anfangsdehnung                      			%	1,01
Anfangsspannung                     			MPa	113
Belastungszeit t                    			s	86400
Restspannung                        			MPa	100
-



-
[Daten]
Zeit	Weg	Kraft	Dehnung	Spannung
sec	mm	kN	%	MPa
-39,73144531	0	0,250038086	0,022026452496692	12,7006697820897
-39,58300781	0,00873200000000907	0,300416901	0,0254375319675689	15,2596587087926
-39,45214844	0,0167488999999819	0,350503754	0,0285548459986331	17,8038174429827
-39,32910156	0,0244677000000024	0,400906647	0,0317620043494456	20,3640294102707
-39,20800781	0,0316500000000133	0,451169586	0,0351688488625182	22,9171324224107
-39,06738281	0,0386834000000249	0,501420349	0,0391502303164267	25,4696169553512
-38,92089844	0,0454783000000134	0,551584717	0,0431539198156611	28,0177130593793
-38,76660156	0,0520050000000083	0,601865906	0,0472099061426701	30,5717430791893
-38,61035156	0,0583826999999815	0,651924927	0,050957123636606	33,1144880885864
-38,46191406	0,0645220000000108	0,702083923	0,0549172782897296	35,6623113221923
-38,29882813	0,0705719000000045	0,752180969	0,0591872050028225	38,2069878092142
-38,13574219	0,0765322999999967	0,802200745	0,0632838175181022	40,7477393711586
-37,9765625	0,0823437999999896	0,852295227	0,0673018232551856	43,2922856199523
-37,80957031	0,088125400000024	0,902641541	0,0715802248850182	45,8496236602834
-37,64160156	0,0937283000000093	0,952970459	0,075841366611244	48,406078071824
-37,46191406	0,0993907000000149	1,002990662	0,0804554481605279	50,9468513232082
-37,26660156	0,105082900000014	1,053244995	0,0853903972792102	53,4995171940875
-37,07519531	0,110775199999978	1,103271851	0,0901019758790315	56,0406283842129
-36,89160156	0,11640779999999	1,153400757	0,0947254665563421	58,5869231980495
-36,69042969	0,12218949999999	1,203597778	0,0999066663686077	61,1366779092802
-36,48730469	0,127762500000017	1,253762695	0,105045009488138	63,6848018997308
-36,26953125	0,133782600000018	1,30412207	0,110444886757853	66,2428033727841
-36,0625	0,139415199999974	1,354234497	0,115926529520158	68,7882611367908
-35,81933594	0,145405499999981	1,404250244	0,122063272443977	71,3288080459186
-35,56835938	0,151187100000016	1,454408325	0,128448781630316	73,8765848021537
-35,29101563	0,157385999999974	1,504746338	0,135181170269062	76,4335011936811
-35,02636719	0,163525300000003	1,554818237	0,142056433221148	78,9769003403261
-34,71972656	0,169962600000019	1,604891602	0,149690545799369	81,5203739523543
-34,41015625	0,176727700000015	1,655101929	0,157541240361114	84,0708045410677
-33,98632813	0,184208099999978	1,705105103	0,168079594780672	86,6107128054046
-33,58984375	0,191658700000005	1,755255981	0,17815010939068	89,1581236856809
-33,09570313	0,200271600000008	1,805438721	0,190618158241892	91,7071529943617
-32,49023438	0,210195699999986	1,855684814	0,205662268711168	94,2594003149286
-31,66992188	0,222504099999981	1,905896973	0,226398199477803	96,8099239599736
-30,53125	0,238329099999987	1,955930786	0,254909357738084	99,3513885305023
-30	0,244915400000025	1,969174316	0,268349706490669	100,024092853152
-28,28710938	0,263720700000022	2,005990234	0,311323919805131	101,894155229339
-25,14648438	0,295102499999985	2,056127197	0,389710394176059	104,440859298014
-20,47558594	0,337123800000029	2,106203125	0,506691409327562	106,984463097475
-20	0,341534599999989	2,11304834	0,518560865797411	107,332165388327
-15,64355469	0,380068999999992	2,156281982	0,627337308351918	109,528215675319
-10,17089844	0,427812300000028	2,206300049	0,764353740837596	112,068880428709
-10	0,429093799999976	2,205355957	0,768708006625337	112,020925331437
-4,709960938	0,474899999999991	2,256357422	0,900880232515224	114,611541728044
0	0,505953999999974	2,219776123	1,00588163628356	112,753396810078
0,578125	0,505477100000007	2,206272705	1,00604102133107	112,067491491847
4,498046875	0,502496899999983	2,156272705	1,00570790599164	109,527744450653
10	0,502496899999983	2,142216064	1,00583170599101	108,813738202875
20	0,501632599999994	2,127695313	1,00577590737125	108,076157515111
30	0,502377700000011	2,124753906	1,00607390476819	107,926748920607
40	0,501006800000027	2,112457031	1,00567725806011	107,302129882664
41,86621094	0,500351099999989	2,106220703	1,00578792408903	106,985355970945
50	0,499933899999974	2,10127002	1,00585564640553	106,733886320922
60	0,500231900000017	2,09920752	1,00587381151386	106,629121755473
70	0,499099399999977	2,088795898	1,00601419326347	106,100264032102
80	0,499069599999984	2,085779541	1,00571889747754	105,947048356784
90	0,500321299999996	2,089300537	1,00608266174872	106,125897140245
100	0,499904099999981	2,087472412	1,00600823191521	106,033037639051
110	0,499993500000016	2,088028809	1,0060638444929	106,061299791741
120	0,499755100000016	2,083960449	1,00601195775787	105,85464768629
130	0,498503400000004	2,078698975	1,0061009198781	105,587391425814
140	0,499576300000001	2,087159668	1,00583645706555	106,017151826078
150	0,500649199999998	2,090454346	1,00603832072028	106,184504800122
160	0,500231900000017	2,08739917	1,00590129172896	106,029317315995
170	0,499069599999984	2,082783936	1,00570613559123	105,794886778077
180	0,500172299999974	2,087589844	1,00580338758635	106,039002590542
190	0,500470399999983	2,088433594	1,00572979694263	106,081860821862
200	0,498414000000025	2,079613037	1,00584940499393	105,633821151013
210	0,498920600000019	2,080873779	1,00598922861731	105,697860466298
220	0,499427299999979	2,08618042	1,00576184118996	105,967410981866
230	0,498980200000005	2,081572998	1,00591545093129	105,733377254025
240	0,498086199999989	2,075379395	1,00572970292137	105,418773556154
250	0,498354399999982	2,078184326	1,00602285722296	105,561249860314
260	0,497013299999992	2,065491943	1,00618233529151	104,916541016915
270	0,498414000000025	2,071736572	1,00600627547273	105,233736577437
280	0,498831199999984	2,076580078	1,00592765469137	105,479762178087
290	0,497341100000028	2,067789551	1,00578298697242	105,033247879311
300	0,497192100000007	2,067514648	1,00592104019539	105,019284197694
310	0,496774899999991	2,067817627	1,00586365821753	105,03467399807
320	0,495999999999981	2,061449463	1,00579071872108	104,711203484533
326,0722656	0,49552319999998	2,056116699	1,00586934050267	104,440326052725
330	0,497490099999993	2,063446777	1,00584176726653	104,81265693097
340	0,497043099999985	2,06464502	1,00590436542412	104,873521613247
350	0,496029799999974	2,058438965	1,00589896320232	104,558285416772
360	0,497579500000029	2,060586182	1,00578792408903	104,667353177224
370	0,497013299999992	2,061821045	1,00570660169665	104,730077970234
380	0,496298000000024	2,060333252	1,00585471519492	104,654505612841
390	0,495672200000001	2,056042725	1,00587660614591	104,436568547773
400	0,497192100000007	2,059673096	1,00592560522785	104,620973027886
410	0,496596099999977	2,061859375	1,0058582549955	104,732024940316
420	0,496953700000006	2,062085938	1,00582313605278	104,743533194494
430	0,496745099999998	2,061355225	1,00614581903277	104,7064166709
440	0,497102700000028	2,062279053	1,00588238145209	104,753342459491
450	0,497758299999987	2,065062744	1,00574078842854	104,894739879108
460	0,495880800000009	2,058713135	1,00574498037661	104,572211865698
470	0,498443800000018	2,065304199	1,00606170200834	104,907004571545
480	0,495999999999981	2,054657227	1,00581894410471	104,366192258851
490	0,497013299999992	2,057975586	1,00600664855711	104,534748107888
500	0,497847700000023	2,059259521	1,00577013206507	104,599965510235
510	0,495851000000016	2,055506104	1,00581736074661	104,409310915833
520	0,497162300000014	2,057375488	1,00581149241939	104,50426616549
530	0,497192100000007	2,05684375	1,00577646649771	104,477256565246
540	0,495851000000016	2,053102051	1,00597972646824	104,28719718596
550	0,49576159999998	2,052804932	1,00590212991853	104,272105043938
560	0,49799680000001	2,062386963	1,00599062593333	104,758823741555
570	0,496268199999975	2,055995117	1,00576361159036	104,43415030223
580	0,494807900000012	2,048407959	1,00570455223313	104,048761060598
590	0,494778100000019	2,049031006	1,00581149241939	104,080408696094
600	0,495940399999995	2,052456055	1,00584549310919	104,254383857368
610	0,496685500000012	2,051873291	1,00572793352119	104,224782394474
620	0,497281499999985	2,059982666	1,00590986166719	104,636697617717
630	0,494778100000019	2,046279175	1,00597823613118	103,940629603291
640	0,49611920000001	2,04970874	1,00580888382941	104,114834154518
650	0,496417199999996	2,054791992	1,00566170154175	104,373037639051
660	0,49778809999998	2,061808838	1,00565443589851	104,729457916392
670	0,496178799999996	2,05541333	1,00594758919988	104,404598465993
680	0,49799680000001	2,065809326	1,00570026726402	104,932662467618
690	0,497192100000007	2,058472656	1,00580320154427	104,559996749124
700	0,498175600000025	2,06735498	1,00583981082405	105,011173871082
710	0,497251699999993	2,058382813	1,00591778045815	104,555433179255
720	0,497579500000029	2,063386475	1,00604083528899	104,809593894448
730	0,496506599999975	2,058682373	1,00580487792341	104,570649311729
740	0,49576159999998	2,053426514	1,00583412853891	104,303678264845
750	0,498592799999983	2,06839502	1,00575690407335	105,064002641337
760	0,497907399999974	2,064613525	1,00572756043681	104,871921826586
770	0,496208599999989	2,060019531	1,00566878114292	104,638570173211
780	0,498115999999982	2,064773193	1,00594861343153	104,880032153198
790	0,498265000000004	2,06745874	1,00569737961093	105,016444354142
800	0,498115999999982	2,06877002	1,00609588874022	105,083050744146
810	0,498324599999989	2,068187012	1,00586077056444	105,053436887286
820	0,497430500000007	2,060704834	1,00583450062307	104,673380098542
830	0,497758299999987	2,064827393	1,00573314970091	104,88278523899
840	0,498503400000004	2,068708252	1,00596109625472	105,079913242241
850	0,498324599999989	2,070424072	1,00600124533508	105,167068217606
860	0,497907399999974	2,06535083	1,00575131480925	104,90937319043
870	0,496953700000006	2,060915039	1,00545536687583	104,684057449078
880	0,497341100000028	2,059762695	1,00563058850504	104,625524203789
890	0,496923900000013	2,058884521	1,00589253574865	104,580917407426
900	0,49778809999998	2,063384277	1,00560804540655	104,809482247168
910	0,498115999999982	2,068766602	1,00605723099715	105,082877127038
920	0,498443800000018	2,070194336	1,00573138030073	105,15539879108
930	0,499278300000014	2,078766846	1,00591833858438	105,590838929243
940	0,499159099999986	2,077092529	1,00587837654632	105,505792096307
950	0,49966569999998	2,082304932	1,00582462638985	105,770555798242
960	0,498831199999984	2,074960449	1,00568825054624	105,397493218875
970	0,496923900000013	2,066202881	1,00566542738441	104,952653070554
980	0,498652400000026	2,070307373	1,00601950346446	105,161140498806
990	0,497907399999974	2,0662229	1,00587306634533	104,953669934475
1000	0,498026600000003	2,065969482	1,00566263275236	104,940797582161
1010	0,496745099999998	2,062119873	1,00574814809304	104,745256920811
1020	0,495463599999994	2,056384521	1,00585620553198	104,453930055366
1030	0,496089400000017	2,054523193	1,0059141466363	104,359384009753
1040	0,495701999999994	2,053432373	1,00580944295587	104,303975872403
1050	0,497370900000021	2,058174072	1,00586114264859	104,544830192513
1060	0,498086199999989	2,064179199	1,00581186450354	104,849860263118
1070	0,49611920000001	2,057880859	1,00560385345847	104,529936455529
1080	0,498115999999982	2,067456787	1,00569765867404	105,016345151623
1090	0,498771599999998	2,071084961	1,00600077922967	105,200638035252
1100	0,498503400000004	2,068101563	1,00573408191175	105,049096510388
1110	0,499099399999977	2,074741699	1,00563571166372	105,38638182557
1120	0,499159099999986	2,07598999	1,00585881412196	105,449788693046
1130	0,499606099999994	2,077550049	1,00561661534478	105,529031797633
1140	0,499278300000014	2,07544751	1,00603254441388	105,422233453548
1150	0,499099399999977	2,074477295	1,00580581013425	105,372951440037
1160	0,498980200000005	2,074285156	1,00573529218547	105,363191750902
1170	0,499606099999994	2,082941406	1,00572765445807	105,802885457408
1180	0,498741800000005	2,074766357	1,00606226113479	105,387634327221
1190	0,499278300000014	2,077303711	1,00596743068735	105,5165190735
1200	0,499576300000001	2,080373535	1,00588964809556	105,67245060192
1210	0,500142499999981	2,088614502	1,00580208329136	106,091050033017
1220	0,499844499999995	2,085734375	1,00593333697651	105,944754152486
1230	0,499933899999974	2,085200684	1,00573147332177	105,917645349723
1240	0,498443800000018	2,075316895	1,0058841518525	105,415598872352
1250	0,499069599999984	2,076435547	1,00579015959462	105,472420734495
1260	0,498771599999998	2,075431641	1,00581130537709	105,421427388632
1270	0,499606099999994	2,083916504	1,00593165959714	105,852415502616
1280	0,499725300000023	2,083827148	1,00578196274077	105,847876669884
1290	0,498980200000005	2,077662842	1,00587940077796	105,534761111393
1300	0,499814700000002	2,081499268	1,0059109799201	105,729632143039
1310	0,499188899999979	2,078884766	1,00579742623809	105,596828668665
1320	0,499397499999986	2,08028833	1,00569784471612	105,668122618987
1330	0,498682200000019	2,075508301	1,00585750982697	105,425321328796
1340	0,499159099999986	2,079993896	1,00594665798927	105,653166861381
1350	0,499069599999984	2,07922583	1,00586486849125	105,614152994362
1360	0,49966569999998	2,083709961	1,00587781741986	105,841924163153
1370	0,499188899999979	2,081074707	1,00583002961187	105,708066592167
1380	0,500231900000017	2,086324219	1,00567129671186	105,974715243562
1390	0,498324599999989	2,077278564	1,00563785414828	105,515241733123
1400	0,498503400000004	2,074735107	1,0058211796103	105,38604698532
1410	0,499069599999984	2,077769043	1,00572159908855	105,540155584904
1420	0,499606099999994	2,082852295	1,00626887486384	105,798359069437
1430	0,498354399999982	2,075468018	1,00583207907539	105,423275156194
1440	0,498026600000003	2,070899902	1,00610287532035	105,191237974298
1450	0,498265000000004	2,071000977	1,00573398889071	105,196372072942
1460	0,495701999999994	2,062449707	1,00572215821501	104,762010819322
1470	0,49611920000001	2,056417236	1,00593482731357	104,455591811856
1480	0,495135699999992	2,0524729	1,0059007326025	104,255239498146
1490	0,496864300000027	2,055798584	1,00583226511747	104,424167420125
1500	0,497668900000008	2,060901367	1,00586719801811	104,683362980647
1510	0,495999999999981	2,052798584	1,00578391818303	104,271782597653
1520	0,495791399999973	2,053415771	1,00587753735652	104,303132574796
1530	0,496417199999996	2,057747803	1,00564661112881	104,523177883883
1540	0,495880800000009	2,052415283	1,00565424885621	104,252312846041
1550	0,494629099999997	2,046283203	1,00598308022675	103,940834205313
1560	0,497847700000023	2,061753662	1,00628228889764	104,726655254737
1570	0,495880800000009	2,055976318	1,00562937723109	104,433195408137
1580	0,494271500000025	2,044570557	1,0057069737808	103,853840453091
1590	0,495701999999994	2,045999023	1,00604400300542	103,92639929903
1600	0,494927099999984	2,041592773	1,00587502278781	103,702584091025
1610	0,4935562	2,037367432	1,00579938168035	103,487958144969
1620	0,49501650000002	2,041966064	1,00597758398369	103,72154538528
1630	0,495851000000016	2,045070435	1,00593044932342	103,87923172652
1640	0,496834499999977	2,053478516	1,00595056987401	104,306319703358
1650	0,495135699999992	2,044567871	1,00586058352214	103,85370401788
1660	0,49525490000002	2,045345459	1,00603040192932	103,893201554325
1670	0,494778100000019	2,040612671	1,00587539487196	103,652799867933
1680	0,494539700000018	2,042478638	1,00587539487196	103,747581551277
1690	0,493943600000023	2,040317871	1,00600618245169	103,637825519378
1700	0,497251699999993	2,055001709	1,00599081197541	104,383690201656
1710	0,497162300000014	2,053797607	1,00566756986897	104,32252791182
1720	0,497430500000007	2,055837891	1,00589002017971	104,426164016864
1730	0,497102700000028	2,057884521	1,0058336624335	104,530122466602
1740	0,494867499999998	2,047900879	1,0060441890475	104,023003962005
1750	0,494599300000004	2,044807007	1,00569654042113	103,865850916849
1760	0,494539700000018	2,045733887	1,00594507363094	103,9129317316
1770	0,494062900000017	2,041371094	1,00567483651244	103,691323919338
1780	0,493705200000022	2,040110229	1,0057581153473	103,627278356276
1790	0,493138999999985	2,035292603	1,00572681526828	103,382567328694
1800	0,494122500000003	2,040654785	1,00578531549905	103,654939046071
1810	0,495284700000013	2,042422119	1,00586794318664	103,744710672017
1820	0,495612600000015	2,04556897	1,00606626604057	103,904554782344
1830	0,493138999999985	2,036712402	1,00567865537614	103,454685934881
1840	0,494778100000019	2,042718628	1,00560608896407	103,759771829126
1850	0,494450299999983	2,042579956	1,00570576250686	103,752727993092
1860	0,494718499999976	2,038530029	1,00584772861479	103,547012190786
1870	0,495463599999994	2,041164795	1,00560171097392	103,680844973841
1880	0,495851000000016	2,045944702	1,00563673589537	103,923640067049
1890	0,495612600000015	2,046423462	1,00579481764812	103,947958652918
1900	0,493377399999986	2,038161987	1,00582369517924	103,528317519175
1910	0,494629099999997	2,045288818	1,00556118880917	103,890324478082
1920	0,494867499999998	2,04411499	1,00583580491805	103,830699954285
1930	0,497698700000001	2,061641357	1,00590175783437	104,720950728907
1940	0,496506599999975	2,054090332	1,00599789157658	104,337396860873
1950	0,494211899999982	2,044779053	1,00602937769767	103,864430995073
1960	0,493705200000022	2,040390259	1,00597376511999	103,641502463555
1970	0,496268199999975	2,050402832	1,00577581435021	104,150090516585
1980	0,496208599999989	2,049204346	1,00558894908761	104,089213491136
1990	0,496923900000013	2,056646973	1,0058488468677	104,467261289176
2000	0,496774899999991	2,056003906	1,00591107294114	104,434596738965
2010	0,497043099999985	2,057789307	1,005976466731	104,525286077107
2020	0,494718499999976	2,049783203	1,00602751427623	104,118616498197
2030	0,494778100000019	2,050286621	1,00595261933753	104,144187585716
2040	0,49576159999998	2,050025879	1,00581698766223	104,130943211256
2050	0,495553000000029	2,047214478	1,00594526067325	103,988138263829
2060	0,496834499999977	2,055432861	1,00608797094949	104,405590541982
2070	0,493943600000023	2,04545459	1,0061136817644	103,898744857012
2080	0,495553000000029	2,045054321	1,00600310875653	103,878413216844
2090	0,494211899999982	2,036210327	1,0059362246296	103,429183064967
2100	0,493437000000029	2,031496826	1,00581130537709	103,189761060598
2110	0,494927099999984	2,039946777	1,00558745875054	103,618975821608
2120	0,494122500000003	2,037521606	1,00561214433359	103,495789404175
2130	0,496178799999996	2,046718262	1,00600841795729	103,962933001473
2140	0,496745099999998	2,052423828	1,0059009196448	104,25274688881
2150	0,496417199999996	2,053250732	1,00578037838244	104,294749428557
2160	0,495612600000015	2,0489646	1,00588471097895	104,077035607254
2170	0,49388399999998	2,043135986	1,00597972646824	103,780971504038
2180	0,493854199999987	2,044086792	1,0055777705594	103,829267638543
2190	0,495701999999994	2,046785645	1,00598131082657	103,966355716971
2200	0,492811200000006	2,034446167	1,00577171542318	103,339572662163
2210	0,492960200000027	2,036636841	1,00575904655791	103,450847818357
2220	0,492691900000011	2,033249268	1,00603021588724	103,278776248286
2230	0,492632300000025	2,032044312	1,00593110047069	103,21757057957
2240	0,493019800000013	2,03339563	1,00576640622241	103,286210697415
2250	0,493526400000007	2,029935791	1,00599090499645	103,110468380149
2260	0,494778100000019	2,037389771	1,00585322485785	103,489092853152
2270	0,494778100000019	2,039793945	1,00570306189607	103,611212729212
2280	0,493764800000008	2,036947754	1,00582537155838	103,466640625794
2290	0,491976700000009	2,027185425	1,00577143636006	102,970763701935
2300	0,493019800000013	2,029444336	1,00570511135959	103,085504952507
2310	0,495135699999992	2,040860474	1,0056745564491	103,665387006654
2320	0,495374200000015	2,044707764	1,00575429548337	103,860809874536
2330	0,492870799999992	2,034783325	1,0058550882793	103,356698582821
2340	0,494390699999997	2,037626831	1,00593976443018	103,501134301824
2350	0,494927099999984	2,041047852	1,00594982470548	103,674904861076
2360	0,495105899999999	2,042026733	1,0058180128941	103,724627063544
2370	0,495672200000001	2,047861816	1,00554805483871	104,021019759232
2380	0,493794600000001	2,039972778	1,00548834333399	103,620296540865
2390	0,494956899999977	2,043827637	1,00585070928892	103,816103875654
2400	0,493019800000013	2,037670654	1,00573883198605	103,503360288515
2410	0,493377399999986	2,038523071	1,00578736496257	103,546658759588
2420	0,492811200000006	2,035612183	1,00575606588378	103,398800375883
2430	0,492572699999982	2,032715942	1,00582900438	103,251685985676
2440	0,4933178	2,028718262	1,00586170177505	103,048624066643
2450	0,49164890000003	2,022847656	1,00592886496509	102,750426982273
2460	0,492483300000004	2,021749268	1,0057965870483	102,694634428811
2470	0,491052799999977	2,015683716	1,00576798958052	102,386535073907
2480	0,494509900000025	2,033748047	1,0058352457916	103,304111698075
2490	0,493764800000008	2,030520752	1,00586887439725	103,140181439529
2500	0,494182099999989	2,030946533	1,005980472637	103,161808960228
2510	0,494599300000004	2,035910767	1,00561409977584	103,413966932494
2520	0,493973400000016	2,030771973	1,00575205997778	103,152942195357
2530	0,494450299999983	2,037172852	1,00588033198857	103,478074465383
2540	0,494450299999983	2,037302002	1,00583981082405	103,484634631991
2550	0,49388399999998	2,035846558	1,00583478068641	103,410705440138
2560	0,495046300000013	2,041935791	1,00601242386329	103,720007670036
2570	0,492960200000027	2,032934082	1,00590017447627	103,262766394067
2580	0,491827699999988	2,026933105	1,00584698344626	102,957947122467
2590	0,491946900000016	2,024184326	1,00573724862795	102,818323055824
2600	0,490248199999996	2,012298584	1,00567837631302	102,214587494286
2610	0,492036299999995	2,020314941	1,00569300062055	102,621777873724
2620	0,491708500000016	2,018318237	1,00572038781461	102,520355412201
2630	0,492483300000004	2,020390259	1,00586058352214	102,625603647077
2640	0,49388399999998	2,027972046	1,00595196719003	103,010720069081
2650	0,493764800000008	2,029532837	1,00582192477883	103,090000355565
2660	0,491797899999995	2,021475098	1,00595019778985	102,680707979885
2670	0,493973400000016	2,028257446	1,00564884663441	103,025216945192
2680	0,492811200000006	2,025139648	1,00571396036093	102,866848580281
2690	0,492066099999988	2,023437866	1,00573426795382	102,780406664296
2700	0,4933178	2,028165161	1,0058296565275	103,020529334078
2710	0,493615799999986	2,028806396	1,00570809203372	103,053100827958
2720	0,492125699999974	2,027633301	1,00581736074661	102,993513536852
2730	0,490874000000019	2,017325073	1,00591088689906	102,469907705593
2740	0,493019800000013	2,021657227	1,00593445422919	102,689959211663
2750	0,493943600000023	2,030645264	1,00576808260155	103,1465060192
2760	0,491529700000001	2,024732788	1,00594954564236	102,846182150658
2770	0,493854199999987	2,031015869	1,00598783130128	103,165330878245
2780	0,494211899999982	2,03348584	1,00610138498329	103,290792909026
2790	0,493705200000022	2,029327637	1,0058526657314	103,079577233708
2800	0,4935562	2,030626465	1,00587716527237	103,145551125108
2810	0,494122500000003	2,033543701	1,00610222317286	103,293731955097
2820	0,493466800000022	2,030004761	1,00577301971816	103,113971707218
2830	0,494211899999982	2,033896484	1,00572914479514	103,311651546706
2840	0,492274699999996	2,025287598	1,00601633574802	102,874363691776
2850	0,492960200000027	2,027822266	1,00557171518988	103,003112002845
2860	0,491559499999994	2,0227771	1,00588703950559	102,746843094428
2870	0,493019800000013	2,025822021	1,00573212546927	102,901509676436
2880	0,490397200000018	2,014119141	1,0059534575271	102,307062579367
2882,987305	0,489652100000001	2,006101318	1,00593370906066	101,899797734546
2890	0,491470100000015	2,014111572	1,00573771473337	102,30667811246
2900	0,493854199999987	2,02709375	1,00584046297155	102,966107075735
2910	0,493377399999986	2,025694458	1,0056416740122	102,8950301214
2920	0,491380600000014	2,019969482	1,00564362945446	102,604230304262
2930	0,492721700000004	2,022824829	1,00591517186817	102,749267486158
2940	0,491887299999973	2,017772705	1,00581354188291	102,492645146543
2950	0,492781400000013	2,021055054	1,00589868313898	102,659371869762
2960	0,492691900000011	2,023747559	1,00565750959368	102,796137501905
2970	0,493794600000001	2,028299316	1,00574498037661	103,027343729365
2980	0,4933178	2,026855347	1,00582667585337	102,953997409458
2990	0,492304499999989	2,022972168	1,00591843160542	102,756751561944
3000	0,493794600000001	2,029527466	1,00592625737534	103,089727535937
3010	0,494182099999989	2,032996582	1,00598485062715	103,265941077869
3020	0,493973400000016	2,032636963	1,00578512945698	103,247674252044
3030	0,493794600000001	2,032639526	1,00577954019287	103,247804439478
3040	0,4933178	2,029880493	1,00587418459824	103,107659521512
3050	0,494033100000024	2,033693604	1,00592076113228	103,301346269112
3060	0,492483300000004	2,027260376	1,0058975658863	102,974570833545
3070	0,493377399999986	2,027429688	1,00589831105483	102,983171026566
3080	0,493437000000029	2,029673462	1,00590352723455	103,097143394118
3090	0,491797899999995	2,023891113	1,00584316458256	102,80342931884
3100	0,492274699999996	2,024737915	1,00582975054876	102,846442576319
3110	0,490903800000012	2,01645874	1,00578047240371	102,425902372124
3120	0,490575999999976	2,01141394	1,00577907508768	102,169652054655
3130	0,491052799999977	2,013437744	1,00597795706806	102,272451059075
3140	0,491738300000009	2,017645142	1,00589234870635	102,486165591507
3150	0,493019800000013	2,022310303	1,00570706680184	102,723132168436
3160	0,492870799999992	2,025524658	1,00605769610234	102,886405140448
3170	0,491887299999973	2,02078894	1,00585853405862	102,645854624879
3180	0,490128900000002	2,013071777	1,00596389088677	102,253861786966
3190	0,491797899999995	2,019046021	1,00578233482493	102,557323157414
3200	0,491887299999973	2,018833496	1,0056168944079	102,546527962615
3210	0,491946900000016	2,019678833	1,00577544126584	102,589466805506
3220	0,490814399999977	2,014778687	1,00585331787889	102,340564179408
3230	0,492900599999984	2,024502319	1,00599286143893	102,834475491441
3240	0,490903800000012	2,018802002	1,00566617255295	102,544928226749
3250	0,492036299999995	2,021558716	1,00574796105074	102,684955351247
3260	0,492364099999975	2,019415527	1,00586458942814	102,576092192818
3270	0,490963399999998	2,018219116	1,00583738827616	102,515320566872
3280	0,492304499999989	2,020839966	1,00595075591608	102,64844648753
3290	0,491142200000013	2,023155396	1,00588452393665	102,766058617362
3300	0,493198600000028	2,029213501	1,00610744035281	103,073779702342
3310	0,492811200000006	2,026869629	1,00586868835518	102,954722862803
3320	0,493198600000028	2,030736084	1,00567334517515	103,151119215726
3330	0,493019800000013	2,029192505	1,00592048106894	103,072713211764
3340	0,494211899999982	2,036306396	1,00590147777103	103,434062884137
3350	0,493526400000007	2,033014771	1,00589970837085	103,266864987047
3360	0,490814399999977	2,023007935	1,00592327570099	102,758568344593
3370	0,493377399999986	2,031456177	1,00586934050267	103,187696297049
3380	0,493228400000021	2,03158374	1,00565592623558	103,194175852085
3390	0,493437000000029	2,031520264	1,00581074725086	103,190951592421
3400	0,492364099999975	2,029421143	1,00571451948739	103,084326865444
3410	0,491410400000007	2,026602661	1,00579090476316	102,941162239041
3420	0,490903800000012	2,025463745	1,00601866527489	102,883311068218
3430	0,492870799999992	2,026443726	1,00569905599007	102,933089145121
3440	0,492632300000025	2,029524536	1,0057849434149	103,089578706761
3450	0,490903800000012	2,018490479	1,00613370929395	102,529104434398
3460	0,489234899999985	2,007895264	1,00588489702103	101,990921115457
3470	0,48997989999998	2,011602905	1,00592933107051	102,179250520648
3480	0,49221510000001	2,020603882	1,00597739794161	102,63645461472
3490	0,489503099999979	2,007609863	1,00593100744965	101,976424188551
3500	0,491887299999973	2,01706897	1,0056571365093	102,456898968863
3510	0,492781400000013	2,024351807	1,0056807978607	102,826830243308
3520	0,492572699999982	2,024983887	1,00591833858438	102,858936709504
3530	0,492304499999989	2,023512939	1,00581167846146	102,784219992889
3540	0,490128900000002	2,015531982	1,0060133550739	102,378827754356
3550	0,491946900000016	2,021033081	1,00582332209486	102,658255752527
3560	0,492453500000011	2,02150061	1,00616025829844	102,682003860415
3570	0,492721700000004	2,023978271	1,00574302393413	102,807856504292
3580	0,492483300000004	2,023579346	1,00601475238992	102,787593132524
3590	0,493466800000022	2,030835327	1,00585359694201	103,156160258038
3600	0,490575999999976	2,02092395	1,0058061822184	102,65271244984
3610	0,492781400000013	2,027142212	1,00566719778482	102,968568700157
3620	0,491321000000028	2,021843262	1,0061932347566	102,699408848479
3630	0,490784599999984	2,015446411	1,00573417493279	102,374481180474
3640	0,492364099999975	2,021999512	1,00572225123605	102,707345557982
3650	0,493526400000007	2,032165649	1,00583329034934	103,223733885305
3660	0,493228400000021	2,031255737	1,00592271757476	103,17751495911
3670	0,489920299999994	2,016221802	1,00585387700535	102,413867120435
3680	0,491708500000016	2,021107666	1,00573175238489	102,662044293188
3690	0,491887299999973	2,024710449	1,00592253053246	102,845047442475
3700	0,492632300000025	2,028042725	1,00599034687022	103,014310204704
3710	0,49221510000001	2,023205688	1,00595569303269	102,768613196526
3720	0,491082600000027	2,019979736	1,00574162661811	102,604751155585
3730	0,492453500000011	2,024494873	1,00597041136148	102,834097272312
3740,000977	0,492811200000006	2,028184204	1,00574060238646	103,021496622136
3750,000977	0,491827699999988	2,026480469	1,00590706703514	102,934955503632
3760,000977	0,490724999999998	2,022674194	1,0059512220215	102,741615990247
3770,000977	0,489890500000001	2,015393311	1,00570026726402	102,371783969117
3780,000977	0,490128900000002	2,014847656	1,00580189724928	102,344067455681
3790,000977	0,490158699999995	2,012208862	1,00572038781461	102,210030070605
3800,000977	0,489503099999979	2,012496826	1,0057574631998	102,224657184944
3810,000977	0,492483300000004	2,024453369	1,00583189303332	102,831989079088
3820,000977	0,492960200000027	2,027396362	1,00588070507295	102,981478234368
3830,000977	0,492960200000027	2,030412964	1,00600823191521	103,134706354447
3840,000977	0,489175299999999	2,011268433	1,00609402631901	102,162261035201
3850,000977	0,491410400000007	2,02394397	1,00594889349487	102,806114187027
3860,000977	0,490665400000012	2,01892395	1,00574991749322	102,551122568192
3870,000977	0,489562700000022	2,012563721	1,00599193022832	102,228055112511
3880,000977	0,490635600000019	2,016963257	1,00583329034934	102,451529283283
3890,000977	0,489473299999986	2,014291504	1,00602145990694	102,315817747752
3900,000977	0,487893799999995	1,997887451	1,0056461450234	101,482574846345
3910,000977	0,489145500000006	2,005644897	1,00613519963102	101,87661385686
3920,000977	0,491410400000007	2,017177246	1,00578261488827	102,462398841875
3930,000977	0,491976700000009	2,022342407	1,00587120292389	102,724762889216
3940,000977	0,492453500000011	2,027425415	1,00582090054719	102,982953979784
3950,000977	0,492393900000025	2,026951538	1,00580022087014	102,958883425611
3960,000977	0,492393900000025	2,028664917	1,00584633129876	103,045914410525
3970,000977	0,492304499999989	2,02948938	1,00594013651433	103,087792959821
3980,000977	0,491708500000016	2,025179688	1,00595737041206	102,868882409712
3990,000977	0,492393900000025	2,0314104	1,00571451948739	103,185371057043
4000,000977	0,492393900000025	2,031481201	1,00565229341395	103,188967389648
4010,000977	0,489145500000006	2,01439624	1,00578475737282	102,321137806674
4020,000977	0,490307799999982	2,016067749	1,00583077478041	102,406042007416
4030,000977	0,491470100000015	2,02081665	1,00541745330106	102,64726215269
4040,000977	0,491797899999995	2,025275146	1,00580338758635	102,873731193173
4050,000977	0,488966699999992	2,013887695	1,00589812501275	102,295306293493
4060,000977	0,492036299999995	2,027360718	1,00598093774219	102,979667699497
4070,000977	0,491231599999992	2,02597937	1,00571256304491	102,90950220958
4080,000977	0,492125699999974	2,027549194	1,00609542363503	102,989241326764
4090,000977	0,49221510000001	2,028781982	1,00599751949242	103,051860720272
4100,000977	0,492811200000006	2,037225342	1,00581167846146	103,480740691827
4110,000977	0,490784599999984	2,02874939	1,00599574909202	103,050205211561
4120,000977	0,492125699999974	2,030012573	1,00591750039481	103,114368517296
4130,000977	0,490248199999996	2,023522461	1,00585695070051	102,784703662315
4140,000977	0,491052799999977	2,02701001	1,00560431856366	102,961853507391
4150,000977	0,492036299999995	2,031127808	1,00603403575117	103,171016813125
4160,000977	0,490963399999998	2,028019287	1,0059063218666	103,013119672881
4170,000977	0,490456800000004	2,023080078	1,00590548367703	102,762232844009
4180,000977	0,490069300000016	2,022530396	1,00579956872265	102,734311779347
4190,000977	0,491321000000028	2,027540894	1,00585853405862	102,988819728755
4200,000977	0,492960200000027	2,041844116	1,00589085836928	103,715351043836
4210,000977	0,492274699999996	2,037749023	1,00574553950307	103,507341037233
4220,000977	0,492870799999992	2,043779419	1,00588424487353	103,813654645197
4230,000977	0,492364099999975	2,040501953	1,00580646128151	103,647175953675
4240,000977	0,492632300000025	2,044705688	1,00584437485628	103,860704424239
4250,000977	0,49161909999998	2,039477539	1,00595476182208	103,595140905166
4260,000977	0,49164890000003	2,03655603	1,00590958260407	103,446743028394
4270,000977	0,48997989999998	2,033364868	1,00579621496414	103,284648143445
4280,000977	0,490128900000002	2,033883667	1,00579528375354	103,311000507949
4290,000977	0,490784599999984	2,03378125	1,00577944717184	103,305798242495
4300,000977	0,491470100000015	2,034507446	1,00578000629829	103,342685325342
4310,000977	0,490337599999975	2,033674438	1,00585723076386	103,300372733276
4320,000977	0,492155500000024	2,037467285	1,00590650890891	103,493030172195
4330,000977	0,49164890000003	2,038381714	1,00558196250748	103,539478539137
4340,000977	0,491946900000016	2,04015918	1,00613287110438	103,629764819424
4350,000977	0,492304499999989	2,044416382	1,00579202301607	103,846009143089
4354,569336	0,493705200000022	2,056101318	1,00608731880199	104,43954477574
4360,000977	0,492393900000025	2,046876221	1,00575261910423	103,970956519531
4370,000977	0,491231599999992	2,042885986	1,00577926112976	103,768272768832
4380,000977	0,490784599999984	2,043353394	1,00570743988622	103,792014730533
4390,000977	0,491142200000013	2,040901611	1,00603198628765	103,667476558135
4400,000977	0,491529700000001	2,039775757	1,00579956872265	103,610288870828
4410,000977	0,491887299999973	2,045264404	1,00585834801654	103,889084370397
4420,000977	0,493019800000013	2,052136963	1,00569868290569	104,23817559811
4430,000977	0,492155500000024	2,047859741	1,00584754257271	104,02091435973
4440,000977	0,492542899999989	2,052988281	1,00603338360367	104,281418245543
4450,000977	0,490874000000019	2,045622314	1,00611768667018	103,907264387667
4460,000977	0,48997989999998	2,042692627	1,00569430491554	103,758451109869
4470,000977	0,491529700000001	2,044802979	1,0059472161155	103,865646314827
4480,000977	0,491976700000009	2,048405518	1,00591563697337	104,048637070148
4490,000977	0,490874000000019	2,043862671	1,00588033198857	103,817883425611
4500,000977	0,491827699999988	2,047356812	1,00590194387645	103,995368110936
4510,000977	0,48997989999998	2,037381348	1,00572308942562	103,488665007365
4520,000977	0,49221510000001	2,052377197	1,0060307750137	104,250378269924
4530,000977	0,490665400000012	2,042830688	1,00586868835518	103,765463910195
4540,000977	0,491231599999992	2,044710815	1,00581195752458	103,860964849901
4550,000977	0,491052799999977	2,044328979	1,00590585676141	103,841569512877
4560,000977	0,490874000000019	2,042329102	1,00580403973384	103,739985879006
4570,000977	0,489324300000021	2,036904663	1,00589439816987	103,464451820999
4580,000977	0,491946900000016	2,046291504	1,00587371849282	103,941255854117
4590,000977	0,492125699999974	2,049128906	1,00588815675827	104,085381520801
4600,000977	0,491887299999973	2,050075195	1,00588312662062	104,133448214558
4610,000977	0,489473299999986	2,042261841	1,00568275430318	103,736569360492
4620,000977	0,488728200000025	2,035826904	1,00586561365978	103,409707116371
4630,000977	0,489175299999999	2,03896814	1,00578084448786	103,569266013105
4640,000977	0,488161999999988	2,024947876	1,00597497639394	102,85710753289
4650,000977	0,488340800000003	2,025243408	1,00579742623809	102,872119063341
4660,000977	0,489562700000022	2,031179688	1,00610203713078	103,173652054655
4670,000977	0,490724999999998	2,036024536	1,00601782708532	103,419745822116
4680,000977	0,490963399999998	2,037432251	1,00592541818555	103,491250622238
4690,000977	0,488966699999992	2,032630615	1,00596901404546	103,24735180576
4700,000977	0,490128900000002	2,038296753	1,00593240476567	103,53516295017
4710,000977	0,489801100000022	2,033892944	1,00591135200425	103,311471732615
4720,000977	0,488907100000006	2,031034912	1,00577721166624	103,166298166303
4730,000977	0,487774600000023	2,024893066	1,00595774249621	102,854323462183
4740,000977	0,490337599999975	2,033442993	1,00606207409249	103,288616498197
4750,000977	0,490248199999996	2,033194336	1,00593240476567	103,275985980596
4760,000977	0,490784599999984	2,034894165	1,00584130116112	103,362328694062
4770,000977	0,487983199999974	2,02518042	1,00593836711416	102,868919591609
4780,000977	0,488519600000018	2,023725708	1,00593911228269	102,795027581653
4790,000977	0,488847399999997	2,024492065	1,00569784471612	102,833954640118
4800,000977	0,487148699999977	2,016967285	1,00561745353435	102,451733885305
4810,000977	0,487923599999988	2,018335083	1,00581857202055	102,521211103774
4819,530273	0,486344099999997	2,005977051	1,00594926557902	101,893485599634
4820,000977	0,486671899999976	2,007071411	1,00597432424644	101,949073551074
4830,000977	0,486731500000019	2,005175049	1,00567176181705	101,852747955504
4840,000977	0,487595800000008	2,012367676	1,00590902347762	102,218097018337
4850,000977	0,488966699999992	2,018569214	1,00600739372564	102,533103774064
4860,000977	0,487089099999992	2,009390869	1,00582732800086	102,066890282928
4870,000977	0,488519600000018	2,013776978	1,00587660614591	102,28968243003
4880,000977	0,488996499999985	2,011310303	1,00554861296494	102,164387819373
4890,000977	0,48997989999998	2,018055176	1,005769946023	102,506993244273
4900,000977	0,48863879999999	2,014508301	1,00581186450354	102,326829938538
4910,000977	0,488907100000006	2,014283813	1,00607679242128	102,315427083862
4920,000977	0,48661229999999	2,003154053	1,00576454280097	101,750091583278
4930,000977	0,489085900000021	2,012543335	1,00562173850347	102,227019606847
4940,000977	0,488430199999982	2,008588745	1,00592942409155	102,026146441814
4950,000977	0,488668599999983	2,009481323	1,00577348582358	102,071484888505
4960,000977	0,487923599999988	2,008413574	1,00580627523944	102,017248641235
4970,000977	0,488013000000024	2,005852539	1,00572057485691	101,887161019962
4980,000977	0,488161999999988	2,004853638	1,00568564195627	101,836421902778
4990,000977	0,487774600000023	2,003918823	1,00595336450606	101,788938030172
5000,000977	0,487089099999992	1,99887146	1,00580105905971	101,53255752527
5010,000977	0,489085900000021	2,004469727	1,00607530208422	101,816921166252
5020,000977	0,486582499999997	1,995606201	1,00585164149975	101,366698887591
5030,000977	0,487357299999985	1,998571411	1,00579528375354	101,517316554071
5040,000977	0,489324300000021	2,003764893	1,00569234847305	101,781119164931
5050,000977	0,489264699999978	2,005614014	1,00605098958555	101,875045156702
5060,000977	0,48831100000001	2,002264404	1,00584810169917	101,704901914969
5070,000977	0,488161999999988	2,000084229	1,00565778865679	101,594160054859
5080,000977	0,487983199999974	1,999899048	1,00561931695579	101,584753796922
5090,000977	0,488847399999997	2,001852905	1,00571908351962	101,683999847615
5100,000977	0,488847399999997	2,001397949	1,00580832470296	101,660890384518
5110,000977	0,486671899999976	1,994340942	1,00594237201993	101,302430131559
5120,000977	0,487238100000013	1,993284668	1,00566542738441	101,248776756235
5130,000977	0,487327499999992	1,995089111	1,00584735653064	101,34043333164
5140,000977	0,487983199999974	1,995443115	1,00563887938015	101,358414943872
5150,000977	0,486731500000019	1,991177979	1,00576659226449	101,141767613146
5160,000977	0,485777799999994	1,985520386	1,00604204656294	100,854390511505
5170,000977	0,488221599999974	1,995324219	1,00612625760863	101,352375628587
5180,000977	0,486284399999988	1,987600586	1,00605927946044	100,960054147407
5190,000977	0,486195000000009	1,986926025	1,00596966619295	100,92578986133
5200,000977	0,489175299999999	1,998445068	1,00593138053403	101,510898968863
5210,000977	0,487834200000009	1,994468506	1,00561298252316	101,30890973739
5220,000977	0,487267900000006	1,991383301	1,00616463628859	101,152196931986
5230,000977	0,486761300000012	1,986489624	1,0060670112091	100,903622898359
5240,000977	0,48586720000003	1,983959351	1,0056533176456	100,775097831056
5250,000977	0,487327499999992	1,986069702	1,00573091419532	100,882292985219
5260,000977	0,485748000000001	1,979849854	1,00589411910675	100,566356174125
5270,000977	0,485688400000015	1,980978027	1,00586822224976	100,623661654899
5280,000977	0,486433499999976	1,979188843	1,00585313183682	100,532780159496
5290,000977	0,485330799999986	1,977894287	1,0058195962522	100,467023264083
5300,000977	0,485688400000015	1,979265747	1,00575681105231	100,536686493625
5310,000977	0,486433499999976	1,981529907	1,00606254019791	100,651694366841
5320,000977	0,484943299999998	1,975231079	1,0058195962522	100,331745771321
5330,000977	0,486075799999981	1,981082153	1,00556156189355	100,628950728907
5340,000977	0,48586720000003	1,98369104	1,00581307577749	100,761468989689
5350,000977	0,485330799999986	1,979924927	1,00558652653971	100,570169502718
5360,000977	0,486910299999977	1,985119385	1,00560292124764	100,83402168944
5370,000977	0,487178500000027	1,98652771	1,005715450698	100,905557474476
5380,000977	0,486582499999997	1,986477051	1,00584828774125	100,902984253568
5390,000977	0,485330799999986	1,981627808	1,00595364356917	100,656667242343
5400,000977	0,486910299999977	1,987286133	1,0056903930308	100,94408152588
5410,000977	0,485539399999993	1,982915283	1,00561791963977	100,72206445878
5420,000977	0,484794299999976	1,977516357	1,00564940476064	100,447826332097
5430,000977	0,485450000000014	1,984052124	1,00583822746595	100,779810230101
5440,000977	0,485122199999978	1,982908081	1,00601475238992	100,721698633616
5450,000977	0,48661229999999	1,987486206	1,00588526910518	100,954244222075
5460,000977	0,485360599999979	1,982214844	1,00591358851007	100,686485701224
5470,000977	0,485420200000021	1,985245605	1,00585536734241	100,840433026871
5480,000977	0,485002899999984	1,984002441	1,0059936996285	100,777286585056
5490,000977	0,484585700000025	1,982526611	1,00564595898132	100,70232188754
5500,000977	0,485002899999984	1,983633667	1,00564102186471	100,758554731549
5510,000977	0,485330799999986	1,98738269	1,00573193942719	100,948986132981
5520,000977	0,484764499999983	1,982318481	1,00575979172644	100,691749936506
5530,000977	0,484675100000004	1,979717041	1,00578214878285	100,559609945649
5540,000977	0,484913500000005	1,978918213	1,00594535369428	100,519033524661
5550,000977	0,485450000000014	1,981747803	1,00580282845989	100,662762381267
5560,000977	0,484615500000018	1,982689575	1,00620608966395	100,710599634276
5570,000977	0,485420200000021	1,985157715	1,00584651734084	100,835968659521
5580,000977	0,486433499999976	1,985059204	1,00612038828119	100,830964799106
5590,000977	0,485598999999979	1,986140137	1,00583561887598	100,885870726876
5600,000977	0,483751299999994	1,976570679	1,00559705292042	100,399790674049
5610,000977	0,483870500000023	1,978959229	1,00586924748163	100,521116929954
5620,000977	0,484615500000018	1,979547729	1,00571600982445	100,551009752629
5630,000977	0,483125400000006	1,974503052	1,00593436120815	100,294765682938
5640,000977	0,483453199999985	1,973981445	1,00593575852418	100,26827068624
5650,000977	0,485032799999999	1,979662842	1,00580897685045	100,556856910652
5660,000977	0,484049299999981	1,974152832	1,00592867892301	100,276976278763
5670,000977	0,485539399999993	1,979710205	1,0058779104409	100,559262711434
5680,000977	0,484436700000003	1,97641333	1,00550138428341	100,391798140905
5690,000977	0,483751299999994	1,97326123	1,00602248413858	100,231687407934
5700,000977	0,484794299999976	1,980666626	1,00610557693136	100,607844059532
5710,000977	0,484526099999982	1,977013794	1,00592867892301	100,422298674252
5720,000977	0,483632	1,973794922	1,00605117562763	100,258796261492
5730,000977	0,484377100000017	1,976774536	1,00585620553198	100,4101455783
5740,000977	0,483751299999994	1,976046143	1,00577078421257	100,373146898969
5750,000977	0,486195000000009	1,98148877	1,00584791465687	100,64960481536
5760,000977	0,483930100000009	1,974349243	1,00585946626945	100,286952963885
5770,000977	0,485241400000007	1,975709717	1,00600636849377	100,356058160207
5780,000977	0,48416850000001	1,972724487	1,0058430705613	100,204423579012
5790,000977	0,485032799999999	1,978439575	1,00569095115703	100,494721135775
5800,000977	0,483930100000009	1,975307251	1,00593100744965	100,335614923554
5810,000977	0,485122199999978	1,978001099	1,00594153383036	100,472448773302
5820,000977	0,483125400000006	1,96988562	1,00569169732579	100,06022349774
5830,000977	0,485181800000021	1,978218384	1,00581149241939	100,483485752019
5840,000977	0,483423399999992	1,9719552	1,00572020177253	100,16534769137
5850,000977	0,483781099999987	1,971477539	1,00601354111597	100,141084929141
5860,000977	0,484496299999989	1,972677002	1,00580906987149	100,202011581246
5870,000977	0,483304200000021	1,972651733	1,00580115208075	100,200728043887
5880,000977	0,484436700000003	1,976760498	1,00597255384604	100,409432518921
5890,000977	0,484496299999989	1,975497803	1,00589784494941	100,345294001117
5900,000977	0,483691599999986	1,972862549	1,00575308520965	100,211436430132
5910,000977	0,484108900000024	1,972076416	1,00593501335565	100,171504850917
5920,000977	0,482857200000012	1,968976318	1,0059662194134	100,014035556459
5930,000977	0,483691599999986	1,971940918	1,0058077655765	100,164622238025
5940,000977	0,486105599999973	1,979516968	1,00574498037661	100,549447249454
5950,000977	0,484198300000003	1,974187378	1,00588275453647	100,278731040788
5960,000977	0,483691599999986	1,973082764	1,00578177569847	100,222622238025
5970,000977	0,485598999999979	1,979760254	1,00569784471612	100,561804947427
5980,000977	0,483036000000027	1,97066394	1,00578913536298	100,099758216082
5990,000977	0,483781099999987	1,97446167	1,00589784494941	100,292663686697
6000,000977	0,483006199999977	1,968575684	1,00573324372218	99,9936853761365
6010,000977	0,484943299999998	1,973209473	1,00578149663536	100,229058414182
6020,000977	0,484019499999988	1,97464856	1,00580003382784	100,302156753187
6030,000977	0,484019499999988	1,973529663	1,00581763980972	100,245322446284
6040,000977	0,483840699999973	1,973355713	1,00583151994894	100,236486666328
6050,000977	0,483542600000021	1,973621094	1,00565648536203	100,249966678519
6060,000977	0,483840699999973	1,974107422	1,00569868290569	100,2746696805
6070,000977	0,483423399999992	1,972143066	1,00592076113228	100,174890333723
6080,000977	0,485360599999979	1,976902588	1,0057266292262	100,416649972063
6090,000977	0,484287699999982	1,975925293	1,00567735108115	100,36700833037
6100,000977	0,484436700000003	1,978076416	1,00574870621927	100,47627449586
6110,000977	0,485002899999984	1,977147339	1,0057887622786	100,429082084624
6120,000977	0,485032799999999	1,977945923	1,00582266994737	100,469646111647
6130,000977	0,485748000000001	1,982335083	1,00583151994894	100,692593234114
6140,000977	0,483930100000009	1,978111816	1,00562350890387	100,478072636765
6150,000977	0,483930100000009	1,979112671	1,00569430491554	100,528911007264
6160,000977	0,484704899999997	1,980368286	1,00596445001323	100,592689896886
6170,000977	0,485598999999979	1,984197021	1,00592635039638	100,787170264642
6180,000977	0,484675100000004	1,979918091	1,0061545760133	100,569822268502
6190,000977	0,485122199999978	1,984344971	1,00577544126584	100,794685376137
6200,000977	0,484704899999997	1,982829834	1,00596426397115	100,717724081881
6210,000977	0,486016199999995	1,987225098	1,00583068175937	100,940981256667
6220,000977	0,486105599999973	1,99163501	1,00572579103663	101,164982475745
6230,000977	0,484704899999997	1,986324829	1,00588387178915	100,895252146086
6240,000977	0,484853900000019	1,988290527	1,00567641987054	100,995099659674
6250,000977	0,486105599999973	1,988830688	1,00589104541159	101,022537105704
6260,000977	0,484377100000017	1,985098755	1,00564223213843	100,832973789811
6270,000977	0,486433499999976	1,9927229	1,00591833858438	101,220241783918
6280,000977	0,48586720000003	1,991960571	1,00581587040954	101,181519327475
6290,000977	0,486940100000027	1,998841675	1,00571666197195	101,531044597958
6300,000977	0,485688400000015	1,993758911	1,00575364333588	101,272865901356
6310,000977	0,484198300000003	1,99505188	1,00600739372564	101,338542185198
6320,000977	0,483959900000002	1,990976074	1,00551358804349	101,131511860619
6330,000977	0,486165200000016	1,998888428	1,0060944914242	101,533419413826
6340,000977	0,485777799999994	1,99913855	1,00570548344374	101,546124346015
6350,000977	0,486016199999995	2,00231311	1,00595103597942	101,707375933357
6360,000977	0,485122199999978	2,001990356	1,00575178091466	101,690981663026
6370,000977	0,484347300000024	2,002358887	1,00604064924692	101,709701173363
6380,000977	0,484526099999982	1,997988403	1,00607828275834	101,487702697211
6390,000977	0,483036000000027	1,994400269	1,00567763114449	101,305443643013
6400,000977	0,484675100000004	2,000935547	1,00567530161763	101,637402702291
6410,000977	0,486582499999997	2,011990356	1,00551405314868	102,198931071265
6420,000977	0,486254599999995	2,012767822	1,00595299242191	102,238422410728
6430,000977	0,483602200000007	2,003213257	1,00573212546927	101,753098846955
6440,000977	0,484704899999997	2,007014648	1,00593724886124	101,946190277848
6450,000977	0,486254599999995	2,01284668	1,00578848321548	102,242427998171
6460,000977	0,484377100000017	2,006431274	1,00609188383445	101,91655783004
6470,000977	0,483274400000028	2,001453247	1,0061662196467	101,663699243155
6480,000977	0,484764499999983	2,006076294	1,00566244671029	101,898526641946
6490,000977	0,483036000000027	2,002487427	1,00585657861636	101,716230355057
6500,000977	0,482767799999976	2,00177417	1,00599435177599	101,680000507949
6510,000977	0,482559200000026	1,999386841	1,00556407646226	101,558736272667
6520,000977	0,485330799999986	2,010105103	1,00561838474496	102,103169756692
6530,000977	0,483036000000027	2,004562256	1,00582136665261	101,821621171331
6540,000977	0,483751299999994	2,003981812	1,00550939609541	101,7921375527
6550,000977	0,482857200000012	2,002350342	1,00586589372312	101,709267130594
6560,000977	0,482380299999988	2,000576538	1,0059109799201	101,619166861381
6570,000977	0,483632	2,005156128	1,00616612662566	101,851786864428
6580,000977	0,483602200000007	2,003624756	1,00577804985581	101,774000914309
6590,000977	0,483274400000028	2,005209717	1,00561810568184	101,854508914512
6600,000977	0,481456499999979	1,994449097	1,00595718336976	101,307923858384
6610,000977	0,482350499999995	1,99850769	1,0058494990152	101,514079849647
6620,000977	0,483125400000006	2,000408081	1,00549896273574	101,610610098034
6630,000977	0,483274400000028	2,001162598	1,00604279173147	101,6489357444
6640,000977	0,484198300000003	2,002833008	1,00551321495911	101,733784121502
6650,000977	0,481516100000022	1,99260022	1,00570222270627	101,214010260578
6660,000977	0,483691599999986	2,001001587	1,00572718835266	101,640757200183
6670,000977	0,482261100000017	1,997947876	1,00585732378489	101,485644130645
6680,000977	0,481873699999994	1,994611206	1,00591722133169	101,316158175446
6690,000977	0,484198300000003	2,001121948	1,00563468743208	101,646870930055
6700,000977	0,483512800000028	2,002436279	1,00589560944382	101,713632295423
6710,000977	0,484704899999997	2,004442993	1,00563794716932	101,815563214304
6720,000977	0,484943299999998	2,00448291	1,00598345331113	101,817590795957
6730,000977	0,483959900000002	2,004030273	1,00589719280192	101,794599126327
6740,000977	0,483781099999987	2,002947754	1,00579705315371	101,739612637781
6750,000977	0,484585700000025	2,006766113	1,0056376681062	101,933565957231
6760,000977	0,483036000000027	2,000960083	1,00582900438	101,638649006959
6770,000977	0,484794299999976	2,003094238	1,00612122647076	101,747053283893
6780,000977	0,485450000000014	2,007984863	1,00602499970752	101,99547229136
6790,000977	0,4852712	2,008454346	1,0058620738592	102,019319652563
6800,000977	0,48586720000003	2,017944824	1,00590427240308	102,501387920963
6810,000977	0,485450000000014	2,012965088	1,0058195962522	102,248442525524
6820,000977	0,486671899999976	2,016373657	1,00589048628513	102,421580586174
6830,000977	0,48583739999998	2,014063477	1,00590194387645	102,304235129781
6840,000977	0,485092399999985	2,008949829	1,00581941021012	102,044487682227
6850,000977	0,483930100000009	2,006740234	1,00569430491554	101,932251434957
6860,000977	0,484943299999998	2,006211914	1,00581009510336	101,905415451821
6870,000977	0,4855096	2,005802856	1,0059355724821	101,884637374917
6880,000977	0,484913500000005	2,003671875	1,00601037439977	101,776394321126
6890,000977	0,486284399999988	2,009924805	1,00579155691065	102,094011530452
6900,000977	0,484347300000024	2,004664917	1,00565396979309	101,826835830751
6910,000977	0,484287699999982	2,002395386	1,0056879704829	101,711555137908
6920,000977	0,484943299999998	2,003335205	1,00589057930617	101,759293188398
6930,000977	0,486105599999973	2,009966919	1,00591405361526	102,096150708589
6940,000977	0,486582499999997	2,010062012	1,00591936381625	102,100980951897
6950,000977	0,486582499999997	2,013044434	1,00594665798927	102,252472900899
6960,000977	0,486344099999997	2,010192749	1,00579723919579	102,107621730076
6970,000977	0,487357299999985	2,017889526	1,00603925193089	102,498579062325
6980,000977	0,486940100000027	2,017197266	1,00565164126646	102,463415756591
6990,000977	0,486671899999976	2,012624268	1,00567576772305	102,231130593793
7000,000977	0,487685199999987	2,01978125	1,00576202723203	102,594669070961
7010,000977	0,487834200000009	2,024395386	1,00592057408997	102,829043836034
7020,000977	0,485330799999986	2,01307373	1,00620431926354	102,253960989485
7030,000977	0,486761300000012	2,012692871	1,00572057485691	102,234615279118
7040,000977	0,487506300000007	2,017677734	1,00569849686361	102,487821100218
7050,000977	0,487744799999973	2,017919434	1,00579621496414	102,500098237416
7060,000977	0,4855096	2,008836914	1,00604744978497	102,038752171484
7070,000977	0,487744799999973	2,018103394	1,0058432576036	102,50944247473
7080,000977	0,486850699999991	2,013754517	1,0058251855163	102,288541524864
7090,000977	0,488102400000002	2,019407593	1,00590641488764	102,575689185757
7100,000977	0,487744799999973	2,017685303	1,00580804563984	102,488205567126
7110,000977	0,487178500000027	2,014407837	1,00586934050267	102,321726875603
7120,000977	0,487685199999987	2,019686401	1,0057911848265	102,589851221618
7130,000977	0,487744799999973	2,017394531	1,00585219962598	102,473435820592
7140,000977	0,486493100000018	2,010514771	1,00574060238646	102,12397881851
7150,000977	0,487506300000007	2,0146604	1,00566039724677	102,334555798242
7160,000977	0,487685199999987	2,014128296	1,00579146388961	102,30752760705
7170,000977	0,488668599999983	2,024995361	1,00581941021012	102,859519530655
7180,000977	0,487834200000009	2,018903687	1,00587809648298	102,550093310306
7190,000977	0,488161999999988	2,019730591	1,00585238666828	102,592095850053
7200,000977	0,487893799999995	2,013630859	1,00581167846146	102,282260324072
7210,000977	0,487983199999974	2,017287964	1,00628918245673	102,468022756133
7220,000977	0,487416900000028	2,013314087	1,00595886074912	102,266169909077
7230,000977	0,487178500000027	2,012941895	1,00570855713891	102,247264438462
7240,000977	0,489592500000015	2,03030835	1,00592430093286	103,129392492508
7250,000977	0,489652100000001	2,034267334	1,00612225170263	103,33048885051
7260,000977	0,489234899999985	2,032771362	1,0059440493993	103,254501041296
7270,000977	0,490128900000002	2,037162109	1,0058991492444	103,477528775334
7280,000977	0,488966699999992	2,032813599	1,00587530185092	103,256646467212
7290,000977	0,48863879999999	2,031950073	1,00581326181957	103,212783715142
7300,000977	0,490218400000003	2,043430786	1,00593818007185	103,795945852593
7310,000977	0,488817600000004	2,034638306	1,00585723076386	103,349332351298
7320,000977	0,489056100000028	2,033709473	1,00604679763747	103,302152334028
7330,000977	0,48863879999999	2,030880005	1,0057178732459	103,158429674404
7340,000977	0,488102400000002	2,02770105	1,00587893467255	102,996954843298
7350,000977	0,486582499999997	2,02494165	1,00583580491805	102,856791283588
7360,000977	0,488221599999974	2,02890979	1,00578475737282	103,058352720069
7370,000977	0,487834200000009	2,029440796	1,00597600062558	103,085325138416
7380,000977	0,488668599999983	2,032399536	1,00587427761928	103,235614161629
7390,000977	0,486433499999976	2,026488037	1,00583226511747	102,935339919744
7400,000977	0,489085900000021	2,038470459	1,00602285722296	103,543986336161
7410,000977	0,488251400000024	2,034317383	1,00605210683824	103,333031086504
7420,000977	0,486731500000019	2,02961499	1,00592588429096	103,094173312338
7430,000977	0,486403699999983	2,023680542	1,0056068341326	102,792733377356
7440,000977	0,486493100000018	2,024501587	1,00595476182208	102,834438309544
7450,000977	0,48583739999998	2,02143457	1,00586589372312	102,678649362523
7460,000977	0,48586720000003	2,020104614	1,00591759341585	102,611094326205
7470,000977	0,485181800000021	2,01958728	1,00599882378741	102,584816376289
7480,000977	0,485926800000016	2,022895874	1,00578680683634	102,752876212729
7490,000977	0,487238100000013	2,028314941	1,00561894387141	103,028137400315
7500,000977	0,487476500000014	2,026421021	1,00604167347856	102,93193584599
7510,000977	0,486671899999976	2,025207275	1,00581605645162	102,870283689744
7520,000977	0,485777799999994	2,022498535	1,00577441703419	102,732693401737
7530,000977	0,487476500000014	2,02549585	1,00612411412385	102,884941839793
7540,000977	0,488489800000025	2,036149048	1,00597637370996	103,426070401788
7550,000977	0,487327499999992	2,029466675	1,0058676631233	103,08663966069
7560,000977	0,487595800000008	2,030135498	1,00558242761267	103,120612485396
7570,000977	0,48661229999999	2,03063562	1,00571582378238	103,146016152791
7580,000977	0,486254599999995	2,027869629	1,0060267691077	103,005517803627
7590,000977	0,486582499999997	2,028216309	1,00588843682161	103,023127393712
7600,000977	0,485450000000014	2,019783813	1,00585974533257	102,594799258394
7610,000977	0,485330799999986	2,021036011	1,00595420269563	102,658404581704
7620,000977	0,484764499999983	2,019767456	1,00576025783186	102,593968405547
7630,000977	0,484526099999982	2,020153931	1,00591004870949	102,613599380302
7640,000977	0,484853900000019	2,02086731	1,00581279571415	102,649835424392
7650,000977	0,486731500000019	2,022704102	1,0061780503224	102,743135165338
7660,000977	0,487655399999994	2,029174561	1,00566850207981	103,071801747346
7670,000977	0,486165200000016	2,026884521	1,00584111511904	102,955479301062
7680,000977	0,486254599999995	2,023445557	1,00579314126898	102,780797328186
7690,000977	0,484257899999989	2,019606323	1,005761934211	102,585783664347
7700,000977	0,486761300000012	2,027695923	1,00612588452426	102,996694417636
7710,000977	0,485360599999979	2,023686157	1,00587185507138	102,793018590948
7720,000977	0,486344099999997	2,02549585	1,00591247025716	102,884941839793
7730,000977	0,486254599999995	2,024206787	1,00576575407492	102,819463960989
7740,000977	0,487565899999993	2,034465698	1,00591833858438	103,340564738152
7750,000977	0,487327499999992	2,032882935	1,00587288030325	103,260168385229
7760,000977	0,485598999999979	2,026964478	1,00568601404042	102,959540712145
7770,000977	0,485598999999979	2,025953003	1,00589784494941	102,908162899375
7780,000977	0,485598999999979	2,026819214	1,00592942409155	102,952162035861
7790,000977	0,485450000000014	2,025923584	1,00564819448692	102,906668563011
7800,000977	0,484436700000003	2,023009888	1,00583505974952	102,758667547112
7810,000977	0,485777799999994	2,027952637	1,00566598651087	103,009734190075
7820,000977	0,486403699999983	2,027988403	1,00576966595966	103,011550921928
7830,000977	0,487327499999992	2,036778564	1,00577162240214	103,458046629756
7840,000977	0,486165200000016	2,032726807	1,00571209693949	103,252237872708
7850,000977	0,486344099999997	2,024179321	1,00588946105326	102,818068827145
7860,000977	0,484585700000025	2,020324951	1,00585117539434	102,622286331081
7870,000977	0,484704899999997	2,020759766	1,00561074701756	102,644372733276
7880,000977	0,483870500000023	2,018753784	1,00587464970343	102,542478996292
7890,000977	0,484585700000025	2,019859375	1,00577013206507	102,598637425712
7900,000977	0,484049299999981	2,01887146	1,00585098935226	102,548456341748
7910,000977	0,486195000000009	2,025239258	1,00583189303332	102,871908264337
7920,000977	0,483453199999985	2,016642334	1,00585732378489	102,435228018489
7930,000977	0,484436700000003	2,021044189	1,00580934993483	102,65881998273
7940,000977	0,486522900000011	2,029707764	1,00576286642183	103,098885762178
7950,000977	0,487327499999992	2,033281738	1,00591079387802	103,280425560014
7960,000977	0,485092399999985	2,025151245	1,00591163206759	102,86743764921
7970,000977	0,485539399999993	2,025932861	1,0059496386634	102,907139787677
7980,000977	0,483751299999994	2,020497803	1,00593482731357	102,631066338193
7990,000977	0,483781099999987	2,020185547	1,00581810591514	102,615205313151
8000,000977	0,484943299999998	2,025823242	1,00603887884651	102,901571697059
8010,000977	0,484436700000003	2,024116943	1,00599267539685	102,814900340326
8020,000977	0,486016199999995	2,027473145	1,00601931742238	102,985378422309
8030,000977	0,484764499999983	2,026261108	1,00594050959871	102,923813074618
8040,000977	0,486999700000013	2,037142944	1,00574917232469	103,476555290293
8050,000977	0,486284399999988	2,03479187	1,00563189280002	103,35713262559
8060,000977	0,486910299999977	2,036809326	1,00572914479514	103,459609183725
8070,000977	0,487178500000027	2,039186768	1,00592802677552	103,580371209428
8080,000977	0,486344099999997	2,03443689	1,00582602370587	103,339101437497
8090,000977	0,487655399999994	2,041665649	1,0058660797652	103,706285823132
8100,000977	0,486493100000018	2,034626099	1,00588135722044	103,348712297455
8110,000977	0,486344099999997	2,034855591	1,00600534426212	103,360369330015
8120,000977	0,484704899999997	2,032179443	1,00589421212779	103,224434550719
8130,000977	0,484704899999997	2,028727295	1,0056723209435	103,049082897343
8140,000977	0,485122199999978	2,029450684	1,00586906043933	103,085827398791
8150,000977	0,487148699999977	2,037067261	1,00568117094508	103,472710976787
8160,000977	0,484198300000003	2,027999512	1,00590967562511	103,012115202926
8170,000977	0,484496299999989	2,024946289	1,00591051381468	102,857026921319
8180,000977	0,487178500000027	2,038238159	1,00587558191427	103,532186671408
8190,000977	0,487893799999995	2,044617554	1,00582835323273	103,856227662925
8200,000977	0,487983199999974	2,044040649	1,00579984778577	103,826923807589
8210,000977	0,485122199999978	2,030938477	1,0059472161155	103,161399756184
8220,000977	0,483840699999973	2,021072998	1,00587222815576	102,66028333418
8230,000977	0,484377100000017	2,020998047	1,00581111933501	102,65647620257
8240,000977	0,484198300000003	2,021425659	1,00595336450606	102,678196728806
8250,000977	0,485032799999999	2,022148315	1,00569626135802	102,714903997562
8260,000977	0,484615500000018	2,019921509	1,00574954540907	102,601793518566
8270,000977	0,486433499999976	2,027962524	1,00579323429002	103,010236399655
8280,000977	0,484853900000019	2,021453491	1,00603822769924	102,679610453599
8290,000977	0,484853900000019	2,016885132	1,00571032753931	102,447560928532
8300,000977	0,48661229999999	2,024634644	1,00590222293956	102,841196931986
8310,000977	0,487327499999992	2,03168457	1,00595429571667	103,199297505968
8320,000977	0,487685199999987	2,03500647	1,00601614970595	103,368033219891
8330,000977	0,487029500000006	2,031126465	1,00574088144957	103,17094859552
8340,000977	0,486433499999976	2,02563623	1,0059009196448	102,892072433586
8350,000977	0,486165200000016	2,025504028	1,00600841795729	102,885357240819
8360,000977	0,485598999999979	2,021145264	1,00601400722139	102,663954081373
8370,000977	0,486940100000027	2,025674194	1,00597674579412	102,894000812719
8380,000977	0,488102400000002	2,034582031	1,00573985721793	103,346473866003
8390,000977	0,487565899999993	2,032831909	1,005626489578	103,257576522578
8400,000977	0,48831100000001	2,036443481	1,00594609886282	103,4410261086
8410,000977	0,487923599999988	2,032859497	1,00593818007185	103,258977853406
8420,000977	0,488013000000024	2,032852661	1,00549234823976	103,25863061919
8430,000977	0,488013000000024	2,032766602	1,00581587040954	103,254259257378
8440,000977	0,487416900000028	2,027694458	1,00555112853388	102,996620003048
8450,000977	0,488013000000024	2,030009521	1,00592430093286	103,114213491136
8460,000977	0,487416900000028	2,026633911	1,00577124931776	102,942749580942
8470,000977	0,487476500000014	2,024833252	1,005668967185	102,851285213593
8480,000977	0,487893799999995	2,030265625	1,00570334095918	103,127222278661
8490,000977	0,489383900000007	2,0430979	1,00566365798424	103,779036927922
8500,000977	0,48807260000001	2,031400024	1,00583105384352	103,184844008737
8510,000977	0,488430199999982	2,033116943	1,00597106350897	103,272054807741
8520,000977	0,48807260000001	2,029334717	1,00580534402883	103,079936861889
8530,000977	0,487178500000027	2,022384644	1,00576454280097	102,726908315132
8540,000977	0,488668599999983	2,035102539	1,00608554940181	103,372913039061
8550,000977	0,48831100000001	2,030600952	1,00581046718751	103,144255193783
8560,000977	0,488996499999985	2,037062866	1,00587539487196	103,472487733022
8570,000977	0,48831100000001	2,029741943	1,00578848321548	103,100621882461
8580,000977	0,486731500000019	2,024966675	1,00566691772148	102,858062426982
8590,000977	0,488817600000004	2,029776245	1,00574777500866	103,102364250521
8600,000977	0,489085900000021	2,035243774	1,00597795706806	103,380087062529
8610,000977	0,489175299999999	2,039255615	1,00579220905814	103,583868288718
8620,000977	0,48974149999998	2,041922119	1,00603561910927	103,719313201605
8630,000977	0,489503099999979	2,041335693	1,00592607033304	103,689525727638
8640,000977	0,490069300000016	2,046652954	1,00576277240057	103,959615685478
8650,000977	0,489592500000015	2,037695313	1,00564027669618	103,504612840961
8660,000977	0,488489800000025	2,031880249	1,00606999288346	103,209237009194
8670,000977	0,4855096	2,01479248	1,00561484494438	102,341264794027
8680,000977	0,488221599999974	2,024337769	1,00586840829183	102,826117183928
8690,000977	0,488251400000024	2,024530762	1,00587856258839	102,835920251943
8700,000977	0,487685199999987	2,022588501	1,0059047385085	102,737263219383
8710,000977	0,488161999999988	2,021903076	1,00594926557902	102,702447097069
8720,000977	0,48831100000001	2,022383911	1,00602248413858	102,72687108244
8730,000977	0,489056100000028	2,027792603	1,00557432377986	103,001605272515
8740,000977	0,490337599999975	2,0394198	1,00589588850693	103,592208056078
8750,000977	0,489473299999986	2,031436279	1,00585685767948	103,186685579316
8760,000977	0,488728200000025	2,025975586	1,00566999241687	102,909310001524
8770,000977	0,488907100000006	2,028249023	1,00583403551787	103,024789099406
8780,000977	0,488996499999985	2,027770508	1,00592718858595	103,000482958297
8790,000977	0,488489800000025	2,024949219	1,00578037838244	102,857175750495
8800,000977	0,489652100000001	2,035306519	1,00582881833792	103,383274191091
8810,000977	0,490665400000012	2,043688965	1,00588769165308	103,80906003962
8820,000977	0,489473299999986	2,032906006	1,00607045798865	103,261340275309
8830,000977	0,490069300000016	2,036700317	1,0059662194134	103,454072078021
8840,000977	0,489890500000001	2,037350586	1,00580376067073	103,487102453396
8850,000977	0,489920299999994	2,034669189	1,00592895798613	103,350901051455
8860,000977	0,487983199999974	2,026060303	1,00563347615813	102,913613196526
8870,000977	0,487267900000006	2,019901001	1,00560599594303	102,600751815919
8880,000977	0,489324300000021	2,030469849	1,0060157776218	103,137595824656
8890,000977	0,48974149999998	2,032374023	1,00565508804601	103,234318230304
8900,000977	0,489801100000022	2,033810303	1,00588545614748	103,307273987911
8910,000977	0,490546199999983	2,037177612	1,00587250721887	103,478316249302
8920,000977	0,490546199999983	2,042070435	1,00553482684699	103,726846904048
8930,000977	0,490874000000019	2,045806396	1,00603450085636	103,916614821964
8940,000977	0,491142200000013	2,047713501	1,00584130116112	104,013486107584
8950,000977	0,489473299999986	2,032410645	1,00577171542318	103,236178442627
8960,000977	0,489562700000022	2,03406897	1,00583897263448	103,320412962869
8970,000977	0,489562700000022	2,034258179	1,00585601948991	103,330023822827
8980,000977	0,48831100000001	2,026242798	1,00580581013425	102,922883019251
8990,000977	0,488161999999988	2,026993286	1,00594647094697	102,9610040128
9000,000977	0,488907100000006	2,025522949	1,0057525260832	102,886318331894
9010,000977	0,48974149999998	2,031989014	1,00586906043933	103,214761720933
9020,000977	0,490903800000012	2,041393066	1,00588368574708	103,692439985777
9030,000977	0,489801100000022	2,033021606	1,00582136665261	103,267212170468
9040,000977	0,490069300000016	2,036090942	1,00585052324684	103,423118910956
9050,000977	0,490903800000012	2,042888672	1,00578140361432	103,768409204043
9060,000977	0,489652100000001	2,034326904	1,00587343942971	103,333514705135
9070,000977	0,487178500000027	2,021904663	1,00577124931776	102,70252770864
9080,000977	0,489592500000015	2,028145874	1,00560748628009	103,019549652055
9090,000977	0,489145500000006	2,026779663	1,00569430491554	102,950153045157
9100,000977	0,489473299999986	2,029710083	1,00593110047069	103,099003555646
9110,000977	0,491082600000027	2,041377808	1,00609887041458	103,69166495657
9120,000977	0,490575999999976	2,040284302	1,00574293091309	103,63612038401
9130,000977	0,490575999999976	2,037765015	1,00570911626536	103,508153349926
9140,000977	0,490993199999991	2,041157837	1,00597283390938	103,680491542642
9150,000977	0,490814399999977	2,039124878	1,00606757033556	103,57722751054
9160,000977	0,489830900000015	2,03093457	1,00587902769358	103,16120130035
9170,000977	0,490575999999976	2,035632446	1,00608117041143	103,399829633768
9180,000977	0,488102400000002	2,025496338	1,0057556927994	102,884966627724
9190,000977	0,488907100000006	2,025216553	1,0060323583718	102,870754965205
9200,000977	0,490635600000019	2,035965698	1,0058180128941	103,416757149388
9210,000977	0,491410400000007	2,041752563	1,00578438428845	103,710700614619
9220,000977	0,490546199999983	2,03908313	1,00567437040702	103,57510692335
9230,000977	0,49221510000001	2,049671387	1,00597227478292	104,112936811094
9236,120117	0,492781400000013	2,056119873	1,00584912593082	104,440487275867
9240,000977	0,491142200000013	2,045847168	1,00578112355098	103,918685833291
9250,000977	0,491231599999992	2,044072876	1,00586253996462	103,828560776147
9260,000977	0,492691900000011	2,056190186	1,00571312217136	104,444058820541
9270,000977	0,491797899999995	2,052036865	1,00599835768199	104,233091126124
9280,000977	0,491380600000014	2,047093384	1,00566580046879	103,981987301265
9290,000977	0,491797899999995	2,051752686	1,00602183199109	104,218656270635
9300,000977	0,492691900000011	2,056278809	1,00578084448786	104,448560420582
9310,000977	0,490665400000012	2,042018188	1,00582593068484	103,724193020775
9320,000977	0,490903800000012	2,041431763	1,00600525124108	103,694405597602
9330,000977	0,488728200000025	2,035450195	1,00569784471612	103,390572205008
9340,000977	0,490456800000004	2,038266724	1,00589300085384	103,533637628892
9350,000977	0,491201799999999	2,042662109	1,00605713697588	103,756900949865
9360,000977	0,492393900000025	2,052382813	1,0056926285364	104,250663534312
9370,000977	0,492155500000024	2,055197266	1,00604679763747	104,393623507899
9380,000977	0,491529700000001	2,050095947	1,0059630526972	104,13450231117
9390,000977	0,492393900000025	2,056014893	1,00599910285053	104,43515482298
9400,000977	0,490575999999976	2,040665771	1,00597413820437	103,655497079291
9410,000977	0,491142200000013	2,043703491	1,00583450062307	103,80979788693
9420,000977	0,492781400000013	2,057390625	1,00587986688338	104,505035048509
9430,000977	0,49161909999998	2,048616455	1,00594134778828	104,05935160258
9440,000977	0,491887299999973	2,04707019	1,00591899073187	103,980809163407
9450,000977	0,491559499999994	2,048699951	1,00589067232721	104,063592776959
9460,000977	0,492066099999988	2,0510625	1,00581028114544	104,183598313608
9470,000977	0,491797899999995	2,051847168	1,0059881103644	104,223455478234
9480,000977	0,493437000000029	2,067147949	1,00570743988622	105,000657743689
9490,000977	0,49388399999998	2,070796143	1,00585145445745	105,185967542033
9500,000977	0,492632300000025	2,062516846	1,00591060683572	104,765421140854
9510,000977	0,493198600000028	2,064207764	1,00584847378332	104,851311220602
9520,000977	0,492900599999984	2,063178955	1,00598634096422	104,799052928328
9530,000977	0,491797899999995	2,054192139	1,00575606588378	104,342568141413
9540,000977	0,4935562	2,067396973	1,00603114709785	105,013306903032
9550,000977	0,491291199999978	2,050446777	1,00589700675984	104,152322700259
9560,000977	0,490307799999982	2,047443726	1,00565499402474	103,999782902423
9570,000977	0,492542899999989	2,056970459	1,00589980139189	104,483692741403
9580,000977	0,490575999999976	2,047530518	1,00591601005774	104,004191496927
9590,000977	0,491887299999973	2,053187256	1,00612122647076	104,291525168893
9600,000977	0,491529700000001	2,049028564	1,00589048628513	104,080284654848
9610,000977	0,491470100000015	2,047464722	1,00578960146839	104,000849393
9620,000977	0,491142200000013	2,046182251	1,00578056542475	103,935706354447
9630,000977	0,491827699999988	2,051935547	1,00583450062307	104,227944684309
9640,000977	0,492483300000004	2,055684326	1,00588433789457	104,418363691776
9650,000977	0,491470100000015	2,046950806	1,00572635016309	103,974745060192
9660,000977	0,492304499999989	2,055285889	1,00603971803631	104,398125107939
9670,000977	0,49221510000001	2,055838135	1,00571330821344	104,426176410829
9680,000977	0,492274699999996	2,055235107	1,0058779104409	104,395545639254
9690,000977	0,492900599999984	2,059098389	1,00568620108272	104,59178081983
9700,000977	0,493049600000006	2,061723145	1,00597162263543	104,725105145528
9710,000977	0,492453500000011	2,059297607	1,00579071872108	104,601900086351
9720,000977	0,4933178	2,06705127	1,00607176228363	104,995746939605
9730,000977	0,492572699999982	2,061324219	1,00581913014678	104,704841722964
9740,000977	0,494301300000018	2,07623877	1,00584670438314	105,462425458424
9750,000977	0,494033100000024	2,072750244	1,00580031389118	105,285225986692
9760,000977	0,493854199999987	2,072517578	1,00596025806515	105,27340773099
9770,000977	0,493615799999986	2,071678711	1,00589542340174	105,230797531366
9780,000977	0,493198600000028	2,066786133	1,00586468244917	104,98227932138
9790,000977	0,493764800000008	2,071553223	1,00588294057855	105,224423375832
9800,000977	0,494182099999989	2,074216553	1,00582732800086	105,359707065576
9810,000977	0,493466800000022	2,068703125	1,00581130537709	105,079652816579
9820,000977	0,494360900000004	2,074940674	1,00580804563984	105,396488748921
9830,000977	0,494033100000024	2,073062256	1,00565238643499	105,301074617768
9840,000977	0,493794600000001	2,070159912	1,00573855292294	105,153650226037
9850,000977	0,494062900000017	2,073224609	1,0058251855163	105,309321328796
9860,000977	0,49388399999998	2,071479248	1,00593277785005	105,220665820084
9870,000977	0,493466800000022	2,067194824	1,00602863252914	105,00303875654
9880,000977	0,493198600000028	2,067226074	1,00590110568688	105,004626098441
9890,000977	0,493377399999986	2,068094727	1,0058005929543	105,048749276172
9900,000977	0,4933178	2,066655762	1,00570175760108	104,975657134149
9910,000977	0,493019800000013	2,066099609	1,00592122623747	104,947407375425
9920,000977	0,493437000000029	2,066603516	1,00588815675827	104,973003301671
9930,000977	0,493288000000007	2,070115967	1,00612066834453	105,151418042363
9940,000977	0,492542899999989	2,060820801	1,00591396059423	104,679270635445
9950,000977	0,492483300000004	2,062130371	1,00583086780144	104,745790166099
9960,000977	0,490963399999998	2,056042969	1,0058890889691	104,436580941738
9970,000977	0,492304499999989	2,057375732	1,00586458942814	104,504278559455
9980,000977	0,491827699999988	2,055997559	1,00579928865931	104,434274343475
9990,000977	0,493019800000013	2,063947021	1,00593575852418	104,838066795347
10000,00098	0,493466800000022	2,064851807	1,00575867447375	104,884025346675
10010,00098	0,492691900000011	2,060878906	1,0059015717923	104,682222075481
10020,00098	0,491082600000027	2,054287842	1,00597534847809	104,347429369635
10030,00098	0,492483300000004	2,06032666	1,00587204211368	104,654170772591
10040,00098	0,493466800000022	2,067911133	1,00579863651182	105,039423629806
10050,00098	0,490486599999997	2,051111084	1,00574898628261	104,186066135013
10060,00098	0,491887299999973	2,05058667	1,00597208874085	104,159428556916
10070,00098	0,489801100000022	2,044460083	1,00567641987054	103,848228932798
10080,00098	0,489801100000022	2,036285156	1,00593277785005	103,432983999594
10090,00098	0,490724999999998	2,041158691	1,00594526067325	103,680534921522
10100,00098	0,489592500000015	2,038912842	1,00594768222092	103,566457154467
10110,00098	0,489324300000021	2,036811035	1,00545406258084	103,459695992279
10120,00098	0,488728200000025	2,033478027	1,00594954564236	103,290396048154
10130,00098	0,490456800000004	2,038613159	1,00587856258839	103,551234774216
10140,00098	0,489383900000007	2,036642822	1,00586216788046	103,451151622898
10150,00098	0,491470100000015	2,043677856	1,00583273122289	103,808495758622
10160,00098	0,492125699999974	2,050480225	1,00585573942657	104,15402168944
10170,00098	0,491827699999988	2,049024414	1,00608592148597	104,080073855844
10180,00098	0,491827699999988	2,048781738	1,00601037439977	104,067747142785
10190,00098	0,490486599999997	2,042610596	1,00601885131696	103,754284350079
10200,00098	0,490724999999998	2,039688477	1,00587297332429	103,605855488393
10210,00098	0,490069300000016	2,034770508	1,00573883198605	103,356047544065
10220,00098	0,488966699999992	2,032926514	1,00588843682161	103,262381977955
10230,00098	0,492125699999974	2,050335938	1,00590026749731	104,146692639813
10240,00098	0,490546199999983	2,038056396	1,00580990806106	103,522954030579
10250,00098	0,49161909999998	2,04237146	1,00571824533005	103,74213745111
10260,00098	0,490993199999991	2,041145264	1,00576631220115	103,679852897851
10270,00098	0,490903800000012	2,040780396	1,00579379241625	103,661319449383
10280,00098	0,490069300000016	2,038223877	1,0058526657314	103,531461218063
10290,00098	0,490963399999998	2,042153442	1,00588648037913	103,731063239701
10300,00098	0,489383900000007	2,038403198	1,00594423544137	103,540569817646
10310,00098	0,488996499999985	2,033709961	1,00586533459667	103,302177121959
10320,00098	0,49161909999998	2,043231445	1,00597954042617	103,785820338294
10330,00098	0,490993199999991	2,038860718	1,00600012708217	103,563809518972
10340,00098	0,491708500000016	2,045141357	1,00601959648549	103,882834205313
10350,00098	0,491976700000009	2,046974609	1,00582611672691	103,975954132168
10360,00098	0,490546199999983	2,037787109	1,00586002539591	103,509275613349
10370,00098	0,489056100000028	2,034147949	1,0059612822968	103,3244246965
10380,00098	0,488817600000004	2,030080688	1,00557301948487	103,11782841469
10390,00098	0,489830900000015	2,03122229	1,00573818083879	103,175816020724
10400,00098	0,490784599999984	2,034013306	1,00590054656042	103,317585513283
10410,00098	0,491291199999978	2,041015625	1,00558643351867	103,673267892518
10420,00098	0,491321000000028	2,043464233	1,00555122155492	103,797644790979
10430,00098	0,491410400000007	2,041448853	1,00576640622241	103,695273683141
10440,00098	0,488668599999983	2,030174072	1,0060598385869	103,122571849444
10450,00098	0,490456800000004	2,03115564	1,00573929809147	103,172430537918
10460,00098	0,489711699999987	2,030861938	1,0057777707927	103,157511962209
10470,00098	0,490903800000012	2,034697876	1,00579919563827	103,352358205923
10480,00098	0,491321000000028	2,040875	1,00579826442766	103,666124853965
10490,00098	0,491529700000001	2,043523926	1,00597600062558	103,800676893381
10500,00098	0,491738300000009	2,046438965	1,0056848037667	103,948746126886
10510,00098	0,49221510000001	2,050367432	1,00583692317096	104,148292375679
10520,00098	0,492572699999982	2,053323486	1,00597385814103	104,298444963682
10530,00098	0,489473299999986	2,036017456	1,0059959351341	103,419386193935
10540,00098	0,490874000000019	2,03766626	1,00575373735715	103,503137095545
10550,00098	0,491231599999992	2,042220459	1,00580515798675	103,734467364251
10560,00098	0,489264699999978	2,031700073	1,00588880890576	103,200084979936
10570,00098	0,488430199999982	2,026308228	1,00579928865931	102,926206532229
10580,00098	0,488221599999974	2,025841553	1,00583030867499	102,90250180322
10590,00098	0,490069300000016	2,029928101	1,00605387723864	103,110077767054
10600,00098	0,491142200000013	2,038045166	1,00585639157406	103,522383603393
10610,00098	0,489473299999986	2,030118774	1,00598624794318	103,119762990806
10620,00098	0,491887299999973	2,04330957	1,00607614027379	103,789788693046
10630,00098	0,490218400000003	2,034140381	1,00588517608414	103,324040280388
10640,00098	0,490546199999983	2,034966919	1,00578615468885	103,366024229187
10650,00098	0,490546199999983	2,036055664	1,00582099356823	103,421326967034
10660,00098	0,49161909999998	2,041192871	1,00594442148345	103,682271092599
10670,00098	0,489592500000015	2,033432861	1,00572057485691	103,288101843856
10680,00098	0,490665400000012	2,03762561	1,0059552279275	103,501072281201
10690,00098	0,490128900000002	2,030626343	1,00593240476567	103,145544928125
10700,00098	0,490724999999998	2,034428589	1,00605890737629	103,338679788693
10710,00098	0,490337599999975	2,033181519	1,00608182255893	103,27533494184
10720,00098	0,489652100000001	2,031016602	1,00598783130128	103,165368110936
10730,00098	0,489503099999979	2,030608398	1,00588061205191	103,144633412912
10740,00098	0,490724999999998	2,035803223	1,00592467301701	103,408504241378
10750,00098	0,490724999999998	2,036895508	1,00596416994988	103,463986793315
10760,00098	0,490128900000002	2,032918335	1,00586729103915	103,261966526134
10770,00098	0,491410400000007	2,04006311	1,00590501757162	103,624884949459
10780,00098	0,491231599999992	2,041528198	1,00580934993483	103,699304007721
10790,00098	0,489920299999994	2,034248047	1,00571927056192	103,329509168487
10800,00098	0,490069300000016	2,035515747	1,0058195962522	103,393901914969
10810,00098	0,490635600000019	2,03689978	1,00577590737125	103,464203789303
10820,00098	0,489830900000015	2,036980835	1,00576295944287	103,468320973231
10830,00098	0,48863879999999	2,031903687	1,00598820438566	103,210427541017
10840,00098	0,490486599999997	2,038035034	1,00584297754026	103,521868949053
10850,00098	0,491082600000027	2,040713135	1,00573296365884	103,657902930868
10860,00098	0,489473299999986	2,037909302	1,0059528053796	103,515482399553
10870,00098	0,491559499999994	2,04712439	1,0058408350557	103,9835622492
10880,00098	0,491708500000016	2,045690796	1,00608499027536	103,910742926804
10890,00098	0,490874000000019	2,04096167	1,00590240998187	103,670527251486
10900,00098	0,490307799999982	2,037848022	1,00592811979656	103,512369685579
10910,00098	0,490784599999984	2,039628174	1,0059746963306	103,602792401077
10920,00098	0,491887299999973	2,048070068	1,00584828774125	104,031597907248
10930,00098	0,488251400000024	2,033160034	1,00598978774376	103,274243612536
10940,00098	0,490486599999997	2,039851074	1,00599798459762	103,614114593386
10950,00098	0,491052799999977	2,044135498	1,00577348582358	103,831741656931
10960,00098	0,491946900000016	2,049630859	1,00585369096327	104,110878193732
10970,00098	0,490903800000012	2,043156128	1,00580012684888	103,781994615736
10980,00098	0,491321000000028	2,046659424	1,00572383459415	103,959944328745
10990,00098	0,49161909999998	2,046576904	1,00599397969184	103,955752730228
11000,00098	0,490963399999998	2,042759155	1,0058470764673	103,761830395693
11010,00098	0,491082600000027	2,045549927	1,00611768667018	103,903587494286
11020,00098	0,488489800000025	2,034579468	1,00583431458099	103,34634367857
11030,00098	0,488489800000025	2,034303345	1,00584987109935	103,332318027125
11040,00098	0,488966699999992	2,030158936	1,00581260967207	103,121803017219
11050,00098	0,488668599999983	2,02444458	1,00547343896312	102,831542642353
11060,00098	0,48863879999999	2,025576172	1,00563636381122	102,88902179103
11070,00098	0,487893799999995	2,021558105	1,00600403996713	102,684924315538
11080,00098	0,487923599999988	2,023789917	1,00572681526828	102,798289074008
11090,00098	0,490009699999973	2,031244507	1,00597730492057	103,176944531925
11100,00098	0,487178500000027	2,018888184	1,00586803620768	102,549305836339
11110,00098	0,486820899999998	2,016616089	1,00586906043933	102,433894905267
11120,00098	0,487565899999993	2,01768335	1,0059047385085	102,488106364606
11130,00098	0,487744799999973	2,018242432	1,00577749072935	102,516504901712
11140,00098	0,489890500000001	2,025635132	1,00574386312393	102,892016660741
11150,00098	0,488817600000004	2,02615918	1,00570278183273	102,918635647889
11160,00098	0,489830900000015	2,026924316	1,00591219119405	102,957500685732
11170,00098	0,490069300000016	2,03124585	1,0058975658863	103,17701274953
11180,00098	0,489890500000001	2,028126709	1,00591722133169	103,018576167014
11190,00098	0,489890500000001	2,028057861	1,00574814809304	103,015079036928
11200,00098	0,487267900000006	2,021732544	1,00589486427528	102,693784934221
11210,00098	0,489652100000001	2,025975586	1,00548163581697	102,909310001524
11220,00098	0,490665400000012	2,036160278	1,00574749594555	103,426640828973
11230,00098	0,488996499999985	2,028695801	1,00580413275488	103,047483161477
11240,00098	0,491052799999977	2,039476807	1,00583794740261	103,595103723269
11250,00098	0,491380600000014	2,042329956	1,00581838497825	103,740029257886
11260,00098	0,489920299999994	2,036114258	1,00596975921399	103,424303245797
11270,00098	0,490874000000019	2,040621948	1,00607809671627	103,653271092599
11280,00098	0,489175299999999	2,032035767	1,00581875806263	103,217136536801
11290,00098	0,491321000000028	2,043318481	1,00581363490395	103,790241326764
11300,00098	0,489562700000022	2,034477295	1,0057069737808	103,341153807081
11310,00098	0,490724999999998	2,037092285	1,00566701074252	103,473982069386
11320,00098	0,490874000000019	2,040623413	1,0058354328339	103,653345507187
11330,00098	0,490874000000019	2,039795166	1,0057093963287	103,611274749835
11340,00098	0,490456800000004	2,039680176	1,00598848344878	103,60543383959
11350,00098	0,490963399999998	2,043648438	1,00584409579317	103,807001473053
11360,00098	0,490635600000019	2,041459961	1,00581624249369	103,695837913344
11370,00098	0,491291199999978	2,04461084	1,0060117717158	103,855886625692
11380,00098	0,489652100000001	2,032528687	1,00591582401567	103,242174379032
11390,00098	0,48974149999998	2,037139038	1,00576510192743	103,476356885254
11400,00098	0,48997989999998	2,032548218	1,00580767255546	103,243166455021
11410,00098	0,490874000000019	2,039184692	1,00591573099463	103,58026575913
11420,00098	0,490397200000018	2,037379272	1,00554507316436	103,488559557068
11430,00098	0,489711699999987	2,035869995	1,00586943352371	103,411895921166
11440,00098	0,488161999999988	2,026222534	1,00608797094949	102,92185371057
11450,00098	0,487416900000028	2,025135742	1,00558131035999	102,866650175243
11460,00098	0,491321000000028	2,043420654	1,00604064924692	103,795431198253
11470,00098	0,491470100000015	2,047512939	1,00594246604119	104,003298572662
11480,00098	0,489175299999999	2,033248047	1,00588946105326	103,278714227663
11490,00098	0,490337599999975	2,038001587	1,00593184563922	103,520170010667
11500,00098	0,491052799999977	2,04185083	1,00581745376764	103,715692081069
11510,00098	0,487267900000006	2,024792236	1,00582239088425	102,8492018083
11520,00098	0,486820899999998	2,018369995	1,00582462638985	102,522984456748
11530,00098	0,490248199999996	2,034416504	1,00604484119499	103,338065931833
11540,00098	0,489324300000021	2,034505737	1,00578214878285	103,342598516788
11550,00098	0,48831100000001	2,027570801	1,00579947570161	102,99033885305
11560,00098	0,490784599999984	2,039302368	1,00589039326409	103,586243104587
11570,00098	0,490158699999995	2,035784424	1,0060211798436	103,407549347285
11580,00098	0,489920299999994	2,033672241	1,00568200913465	103,300261136791
11590,00098	0,488489800000025	2,027294189	1,00572811956327	102,976288362879
11600,00098	0,488161999999988	2,024395874	1,00580944295587	102,829068623965
11610,00098	0,48863879999999	2,027439575	1,00575867447375	102,983673236146
11620,00098	0,487178500000027	2,021084473	1,0060167088324	102,660866206126
11630,00098	0,489473299999986	2,027662598	1,00600366688276	102,995001676233
11640,00098	0,488728200000025	2,029607666	1,00588452393665	103,093801290191
11650,00098	0,489085900000021	2,028780762	1,00593165959714	103,051798750444
11660,00098	0,48974149999998	2,029580322	1,0058550882793	103,09241235333
11670,00098	0,488668599999983	2,023342651	1,00563105361023	102,775570224006
11680,00098	0,490486599999997	2,033298218	1,00579733321705	103,281262660639
11690,00098	0,490903800000012	2,038337524	1,00584288451922	103,537233910702
11700,00098	0,490635600000019	2,037655884	1,00573752869129	103,502610047239
11710,00098	0,489801100000022	2,031278809	1,0058494990152	103,178686899985
11720,00098	0,489920299999994	2,029020386	1,00565993114135	103,063970437344
11730,00098	0,489264699999978	2,027667725	1,00585201358391	102,995262101895
11740,00098	0,490009699999973	2,031402344	1,00598168291072	103,184961852999
11750,00098	0,490307799999982	2,035872437	1,00609710001417	103,412019962412
11760,00098	0,490069300000016	2,03110437	1,00575960568436	103,169826281302
11770,00098	0,490218400000003	2,032172729	1,00579379241625	103,224093513486
11780,00098	0,490963399999998	2,038400635	1,00594255906223	103,540439630213
11790,00098	0,490575999999976	2,03362854	1,00588117117837	103,298041347082
11800,00098	0,489801100000022	2,029820923	1,00585192056287	103,104633666887
11810,00098	0,490397200000018	2,03325415	1,005980472637	103,279024229187
11820,00098	0,490903800000012	2,037430664	1,0059614693391	103,491170010667
11830,00098	0,490009699999973	2,031063965	1,00606011865024	103,167773911718
11840,00098	0,489801100000022	2,027716309	1,00574423520808	102,9977299233
11850,00098	0,491052799999977	2,036352173	1,00564856657107	103,436388124143
11860,00098	0,491052799999977	2,037344604	1,00590650890891	103,48679859806
11870,00098	0,491321000000028	2,042403442	1,00568657316688	103,743761974907
11880,00098	0,492155500000024	2,050764648	1,00585555338449	104,168468938894
11890,00098	0,492572699999982	2,05315918	1,00578578160447	104,290099050135
11900,00098	0,491559499999994	2,045080688	1,00589160353782	103,879752527048
11910,00098	0,491052799999977	2,041767212	1,00573864594398	103,711444709707
11920,00098	0,491708500000016	2,049562988	1,00563412830562	104,107430690303
11930,00098	0,492632300000025	2,062500732	1,00581447309352	104,764602631178
11940,00098	0,492453500000011	2,06135791	1,00570967539182	104,706553055316
11950,00098	0,491797899999995	2,052667725	1,00563151971565	104,265135622492
11960,00098	0,492304499999989	2,055480957	1,00603887884651	104,408033575456
11970,00098	0,490069300000016	2,043001099	1,00561046695422	103,774119926855
11980,00098	0,490069300000016	2,039949219	1,00587064479766	103,619099862854
11990,00098	0,491946900000016	2,047306641	1,00576221427434	103,99281967796
12000,00098	0,491410400000007	2,046074219	1,00576184118996	103,9302188754
12010,00098	0,491410400000007	2,046320679	1,00594703007342	103,942737796515
12020,00098	0,492393900000025	2,053011719	1,00581205054562	104,282608777366
12030,00098	0,492453500000011	2,055131592	1,00573808681752	104,390287600955
12040,00098	0,491738300000009	2,052198486	1,00594544671532	104,241300655255
12050,00098	0,493109199999992	2,063441162	1,00621037463306	104,812371717377
12060,00098	0,492125699999974	2,055498535	1,00567334517515	104,408926448926
12070,00098	0,492781400000013	2,057797363	1,00583235813851	104,52569528115
12080,00098	0,493466800000022	2,064273193	1,00584232539276	104,854634682786
12090,00098	0,493049600000006	2,06653418	1,00582444034777	104,969481383654
12100,00098	0,493138999999985	2,063435059	1,00583664310762	104,812061715853
12110,00098	0,492691900000011	2,061905518	1,00631181857625	104,73436877127
12120,00098	0,492781400000013	2,057658691	1,00597292693042	104,518651445116
12130,00098	0,492483300000004	2,058579346	1,00557991304396	104,56541606136
12140,00098	0,492304499999989	2,058227539	1,00575764924188	104,547546045614
12150,00098	0,492870799999992	2,059760986	1,0058716690293	104,625437395235
12160,00098	0,491559499999994	2,051156738	1,00587576795634	104,188385127241
12170,00098	0,491887299999973	2,054545654	1,00612653667175	104,360524914918
12180,00098	0,491082600000027	2,050491455	1,00569458497888	104,154592116625
12190,00098	0,492364099999975	2,056971924	1,00590576274015	104,483767155991
12200,00098	0,492632300000025	2,060914551	1,00592653643846	104,684032661147
12210,00098	0,491976700000009	2,055235596	1,00600385392506	104,39557047798
12220,00098	0,491529700000001	2,051825684	1,00590045353939	104,222364199726
12230,00098	0,491738300000009	2,052551758	1,00611871190205	104,259245085589
12240,00098	0,490486599999997	2,048034668	1,00597162263543	104,029799766343
12250,00098	0,491976700000009	2,05257373	1,00582471941089	104,260361152029
12260,00098	0,492364099999975	2,058932129	1,00596091021264	104,583335652969
12270,00098	0,491321000000028	2,049133789	1,00595802255955	104,085629552497
12280,00098	0,489592500000015	2,046423462	1,00577255361275	103,947958652918
12290,00098	0,489801100000022	2,047577515	1,00586710499707	104,006578706761
12300,00098	0,49164890000003	2,051560547	1,00579407247959	104,2088965815
12310,00098	0,491529700000001	2,051777588	1,00582295001071	104,219921166252
12320,00098	0,493466800000022	2,066997314	1,00583934471864	104,993006247778
12330,00098	0,492304499999989	2,058553467	1,00594609886282	104,564101539087
12340,00098	0,491946900000016	2,055531006	1,00572942385825	104,410575811449
12350,00098	0,492572699999982	2,060693115	1,00582024839969	104,672784832631
12360,00098	0,491976700000009	2,052767578	1,00595364356917	104,270207649718
12370,00098	0,492125699999974	2,055004395	1,00591358851007	104,383826636867
12380,00098	0,491827699999988	2,053278564	1,00580003382784	104,29616315335
12390,00098	0,493377399999986	2,065063477	1,00584521304585	104,8947771118
12400,00098	0,4935562	2,067851074	1,00584549310919	105,036372936456
12410,00098	0,493109199999992	2,063945068	1,00571852539339	104,837967592828
12420,00098	0,492900599999984	2,060348877	1,00584577217231	104,655299283791
12430,00098	0,492304499999989	2,057536865	1,00585089633122	104,512463300655
12440,00098	0,493288000000007	2,065300293	1,00574824111408	104,906806166506
12450,00098	0,493198600000028	2,063473877	1,0058991492444	104,814033473866
12460,00098	0,49161909999998	2,054801514	1,00566207362591	104,373521308478
12470,00098	0,490903800000012	2,050835938	1,00584921895185	104,172090110225
12480,00098	0,492364099999975	2,058467773	1,00597888827867	104,559748717428
12490,00098	0,490814399999977	2,050852783	1,00594926557902	104,172945751003
12500,00098	0,493019800000013	2,060934082	1,00595886074912	104,685024737136
12510,00098	0,491380600000014	2,048967041	1,00588433789457	104,077159597704
12520,00098	0,489711699999987	2,04247229	1,00595336450606	103,747259104993
12530,00098	0,490456800000004	2,047226074	1,00575094272509	103,988727281963
12540,00098	0,492066099999988	2,051635986	1,0059085573722	104,212728501041
12550,00098	0,492036299999995	2,054687988	1,00581465913559	104,367754762026
12560,00098	0,492125699999974	2,053273193	1,00600739372564	104,295890333723
12570,00098	0,488817600000004	2,037709473	1,00605182777512	103,505332097323
12580,00098	0,489085900000021	2,038213013	1,00566840805854	103,530909381826
12590,00098	0,489175299999999	2,035033325	1,00581838497825	103,369397318027
12600,00098	0,488579200000004	2,031132935	1,0059165691842	103,171277238787
12610,00098	0,490456800000004	2,036033081	1,00609560967711	103,420179864885
12620,00098	0,490963399999998	2,039659058	1,00572635016309	103,604361152029
12630,00098	0,491380600000014	2,042897949	1,00593072838653	103,768880428709
12640,00098	0,491201799999999	2,044152466	1,00581111933501	103,832603545487
12650,00098	0,491946900000016	2,051923096	1,00596426397115	104,227312236501
12660,00098	0,491231599999992	2,046386841	1,00572122600418	103,94609849139
12670,00098	0,492125699999974	2,050530762	1,00590790522471	104,156588713364
12680,00098	0,491321000000028	2,044783447	1,00595755645414	103,864654188043
12690,00098	0,491201799999999	2,045582886	1,00580273543886	103,90526164474
12700,00098	0,490874000000019	2,04374646	1,00565993114135	103,811980494743
12710,00098	0,490397200000018	2,041398926	1,00595457578001	103,692737644131
12720,00098	0,49161909999998	2,049163818	1,00564074180137	104,087154873775
12730,00098	0,492811200000006	2,058522949	1,00579528375354	104,562551379083
12740,00098	0,492364099999975	2,056097656	1,00572364855207	104,439358764667
12750,00098	0,492453500000011	2,057213867	1,00595159510588	104,496056636359
12760,00098	0,492066099999988	2,052739014	1,00590334119248	104,268756743028
12770,00098	0,491976700000009	2,054640381	1,00599025284895	104,365336567278
12780,00098	0,491797899999995	2,051221436	1,00586356519649	104,191671458323
12790,00098	0,491321000000028	2,049563965	1,00588489702103	104,10748031696
12800,00098	0,491946900000016	2,053178711	1,0059992888926	104,291091126124
12810,00098	0,492632300000025	2,059403076	1,00581708168349	104,607257377965
12820,00098	0,491976700000009	2,054282715	1,00573482708028	104,347168943973
12830,00098	0,491738300000009	2,051026123	1,00606607999849	104,181750546046
12840,00098	0,489324300000021	2,038056763	1,00582555860068	103,522972672322
12850,00098	0,490784599999984	2,044392822	1,00574339701851	103,844812414284
12860,00098	0,491291199999978	2,049188965	1,00591004870949	104,088432214151
12870,00098	0,490575999999976	2,044621094	1,00584987109935	103,856407477015
12880,00098	0,489711699999987	2,043875977	1,00562937723109	103,818559303093
12890,00098	0,48974149999998	2,043737549	1,00583710921304	103,811527861025
12900,00098	0,490218400000003	2,047288208	1,00589775192837	103,991883374816
12910,00098	0,48807260000001	2,034936646	1,00582695591671	103,364486513943
12920,00098	0,488102400000002	2,031076294	1,00585601948991	103,168400162544
12930,00098	0,48863879999999	2,031248413	1,00594050959871	103,177142936963
12940,00098	0,4894137	2,035155029	1,00583850652907	103,375579265505
12950,00098	0,487476500000014	2,025088745	1,00584987109935	102,864262965409
12960,00098	0,490128900000002	2,036800171	1,00590240998187	103,459144156042
12970,00098	0,490456800000004	2,03806543	1,00590967562511	103,523412912074
12980,00098	0,490575999999976	2,041442139	1,00579621496414	103,694932645908
12990,00098	0,488579200000004	2,033645264	1,00591694126835	103,298890841672
13000,00098	0,487148699999977	2,022911499	1,00590501757162	102,75366988368
13010,00098	0,488430199999982	2,030279541	1,00580105905971	103,127929141058
13020,00098	0,487744799999973	2,026395264	1,00582313605278	102,930627520699
13030,00098	0,489056100000028	2,030048096	1,00584195330861	103,116172905979
13040,00098	0,487416900000028	2,023665649	1,00585387700535	102,791976888302
13050,00098	0,488340800000003	2,022147095	1,00591004870949	102,714842027734
13060,00098	0,486761300000012	2,015305664	1,00575783528396	102,367331944938
13070,00098	0,487655399999994	2,017529663	1,00580478490237	102,480299842536
13080,00098	0,487416900000028	2,018164063	1,00587921473589	102,512524152994
13090,00098	0,490456800000004	2,031081665	1,00580711342901	103,168672982171
13100,00098	0,489503099999979	2,028279419	1,00586132869067	103,026333062427
13110,00098	0,489801100000022	2,027705078	1,00586570768105	102,997159445319
13120,00098	0,48997989999998	2,03078064	1,00584987109935	103,153382435109
13130,00098	0,491231599999992	2,039235352	1,00587250721887	103,582839030833
13140,00098	0,490397200000018	2,03609375	1,00579863651182	103,42326154315
13150,00098	0,490665400000012	2,038685791	1,00617991374384	103,554924112358
13160,00098	0,490903800000012	2,039064209	1,0059203880479	103,574145832275
13170,00098	0,49161909999998	2,047133911	1,00589337393822	103,984045867832
13180,00098	0,491410400000007	2,044497314	1,0058117714825	103,85012007924
13190,00098	0,490724999999998	2,041207642	1,00592784073344	103,68302138467
13200,00098	0,49161909999998	2,04621814	1,00572933083722	103,937529334078
13210,00098	0,490874000000019	2,042490845	1,00595047685297	103,74820160512
13220,00098	0,491142200000013	2,042822266	1,00592299663787	103,765036115203
13230,00098	0,489383900000007	2,032686646	1,00592010898478	103,250197897089
13240,00098	0,490158699999995	2,035042969	1,00602667608666	103,369887184436
13250,00098	0,490486599999997	2,037814941	1,00594609886282	103,510689338142
13260,00098	0,489801100000022	2,032905273	1,00599314150227	103,261303042617
13270,00098	0,489085900000021	2,031648193	1,00577823589789	103,197449738406
13280,00098	0,491291199999978	2,040355103	1,00566868812188	103,639716716615
13290,00098	0,490307799999982	2,034263794	1,00573752869129	103,33030903642
13300,00098	0,488728200000025	2,027291138	1,00597162263543	102,976133387515
13310,00098	0,489264699999978	2,02837146	1,00581149241939	103,031008279575
13320,00098	0,488907100000006	2,03016626	1,00583822746595	103,122175039366
13330,00098	0,490546199999983	2,036196411	1,0058079526188	103,42847620257
13340,00098	0,488251400000024	2,028583496	1,00585816197446	103,041778635648
13350,00098	0,489175299999999	2,031919312	1,00577618643437	103,211221211967
13360,00098	0,489592500000015	2,02857666	1,00584698344626	103,041431401432
13370,00098	0,490784599999984	2,036322021	1,00591666220524	103,434856555087
13380,00098	0,490963399999998	2,038490356	1,0059474031578	103,544997003098
13390,00098	0,491082600000027	2,042637207	1,00594973168444	103,755636054249
13400,00098	0,491380600000014	2,046203735	1,00594889349487	103,936797632956
13410,00098	0,491976700000009	2,049063477	1,00586253996462	104,082058058617
13420,00098	0,49164890000003	2,047844604	1,00594227899889	104,020145476711
13430,00098	0,490724999999998	2,038912964	1,005854901237	103,56646335145
13440,00098	0,488668599999983	2,033797974	1,00578475737282	103,306647737085
13450,00098	0,488996499999985	2,029579102	1,00594926557902	103,092350383502
13460,00098	0,490248199999996	2,032831055	1,0058354328339	103,257533143699
13470,00098	0,488966699999992	2,029083252	1,00617711911179	103,067163712094
13480,00098	0,487148699999977	2,019199097	1,00581996933658	102,565098643775
13490,00098	0,487834200000009	2,019195557	1,00581605645162	102,564918829685
13500,00098	0,486999700000013	2,017233032	1,00587502278781	102,465232488444
13510,00098	0,489592500000015	2,026603882	1,00588601427371	102,941224259664
13520,00098	0,487923599999988	2,021822754	1,005980472637	102,698367145832
13530,00098	0,489801100000022	2,027319458	1,00609887041458	102,977571900239
13540,00098	0,487089099999992	2,016837646	1,00572169210959	102,445148879972
13550,00098	0,488251400000024	2,021305176	1,00578065844579	102,672076801951
13560,00098	0,487565899999993	2,020084351	1,00577227454963	102,610065068319
13570,00098	0,487029500000006	2,015657837	1,00568107692381	102,385220551633
13580,00098	0,488430199999982	2,022802979	1,00578839019445	102,748157616701
13590,00098	0,489562700000022	2,026550415	1,00594665798927	102,938508406563
13600,00098	0,490724999999998	2,035676636	1,00620562355853	103,402074262203
13610,00098	0,490665400000012	2,036171265	1,00572495284706	103,427198912988
13620,00098	0,490218400000003	2,031734985	1,00579444456374	103,20185833291
13630,00098	0,490486599999997	2,036047119	1,00607874886376	103,420892924265
13640,00098	0,489175299999999	2,029047241	1,00571116572888	103,06533453548
13650,00098	0,490397200000018	2,033722412	1,00588405883146	103,302809569767
13660,00098	0,490218400000003	2,034588257	1,00568061181862	103,346790115305
13670,00098	0,490903800000012	2,040825562	1,00577795683477	103,66361365368
13680,00098	0,490575999999976	2,037894531	1,00586347117523	103,514732107482
13690,00098	0,491231599999992	2,042911133	1,00608489725432	103,769550109209
13700,00098	0,490903800000012	2,03748938	1,00576770951718	103,494152486412
13710,00098	0,490963399999998	2,039621094	1,00594349027284	103,602432772896
13720,00098	0,491887299999973	2,048243652	1,00552467255043	104,040415096256
13730,00098	0,491142200000013	2,045094971	1,00577385790773	103,880478031188
13740,00098	0,490963399999998	2,041397095	1,00594088168287	103,692644638594
13750,00098	0,491887299999973	2,050023682	1,00574516641869	104,130831614771
13760,00098	0,490784599999984	2,040502319	1,00576957293862	103,647194544623
13770,00098	0,490665400000012	2,040150513	1,00592718858595	103,629324579672
13780,00098	0,488817600000004	2,033783569	1,0058660797652	103,305916035963
13790,00098	0,489145500000006	2,030987427	1,00586458942814	103,163886168538
13800,00098	0,490993199999991	2,038810425	1,00598308022675	103,561254889013
13810,00098	0,489830900000015	2,030792969	1,00592942409155	103,154008685935
13820,00098	0,489801100000022	2,033514282	1,00560385345847	103,292237618733
13830,00098	0,48831100000001	2,025451782	1,00582630376921	102,882703408341
13840,00098	0,48807260000001	2,027121582	1,00586691795477	102,967520800528
13850,00098	0,48863879999999	2,027794434	1,00593296389213	103,001698278052
13860,00098	0,489801100000022	2,033450562	1,00603692340426	103,289000965104
13870,00098	0,490993199999991	2,040193359	1,00581028114544	103,631500939706
13880,00098	0,490456800000004	2,036469727	1,00586868835518	103,442359272616
13890,00098	0,490307799999982	2,034557617	1,00602183199109	103,345233758318
13900,00098	0,491291199999978	2,042467041	1,00573706258588	103,746992482349
13910,00098	0,490963399999998	2,04071167	1,00584148720319	103,65782851628
13920,00098	0,488817600000004	2,033420898	1,00573762171233	103,287494183979
13930,00098	0,490665400000012	2,03628772	1,00588387178915	103,433114237822
13940,00098	0,489562700000022	2,032706909	1,00574544648203	103,251227154975
13950,00098	0,490337599999975	2,03471875	1,00576454280097	103,353418499517
13960,00098	0,490963399999998	2,040069824	1,00575522769421	103,625225986692
13970,00098	0,490486599999997	2,035984009	1,00582881833792	103,417687255549
13980,00098	0,49164890000003	2,043831787	1,00568210215568	103,816314674658
13990,00098	0,490993199999991	2,041133057	1,00575308520965	103,679232844009
14000,00098	0,490158699999995	2,032630249	1,00590865139346	103,247333214812
14010,00098	0,490248199999996	2,035720459	1,00588871588473	103,404300248895
14020,00098	0,491559499999994	2,044324585	1,0057771186452	103,841346319907
14030,00098	0,491380600000014	2,042397827	1,00593547946107	103,743476761315
14040,00098	0,490665400000012	2,034567993	1,00580310852323	103,345760806624
14050,00098	0,491946900000016	2,046326904	1,00569533014741	103,943053995022
14060,00098	0,492483300000004	2,05618042	1,00587353245075	104,443562757149
14070,00098	0,491529700000001	2,0467052	1,00574675077702	103,962269517956
14080,00098	0,492453500000011	2,055297607	1,00587418459824	104,398720323056
14090,00098	0,492781400000013	2,058216797	1,0058298435698	104,54700040636
14100,00098	0,4933178	2,060054443	1,00601698789552	104,640343526185
14110,00098	0,493049600000006	2,059865723	1,00585946626945	104,630757504953
14120,00098	0,491231599999992	2,04278125	1,00568303336629	103,76295270991
14130,00098	0,489652100000001	2,040224854	1,00576715139095	103,633100726368
14140,00098	0,49161909999998	2,046935547	1,00566328489986	103,97396998019
14150,00098	0,491887299999973	2,049563721	1,00584847378332	104,107467922995
14160,00098	0,491201799999999	2,043282471	1,00589076534824	103,788412200945
14170,00098	0,490575999999976	2,039741089	1,00589942830751	103,60852791182
14180,00098	0,491201799999999	2,041996948	1,00583161296998	103,723114136232
14190,00098	0,491946900000016	2,04684668	1,0059282128176	103,969455986184
14200,00098	0,493198600000028	2,059123535	1,00578773804695	104,593058109412
14210,00098	0,490784599999984	2,041685547	1,00586570768105	103,707296540865
14220,00098	0,491201799999999	2,044111206	1,00573296365884	103,830507746228
14230,00098	0,492036299999995	2,049866699	1,00580376067073	104,122857672576
14240,00098	0,491321000000028	2,044197144	1,00571153881326	103,834872961853
14250,00098	0,491559499999994	2,046526245	1,00572457976268	103,953179509321
14260,00098	0,490486599999997	2,04190564	1,00590660192994	103,718476151775
14270,00098	0,490724999999998	2,045041016	1,00561437983919	103,877737390156
14280,00098	0,492304499999989	2,052578613	1,00602555883398	104,260609183725
14290,00098	0,491797899999995	2,048228516	1,00610641512093	104,039646264032
14300,00098	0,49161909999998	2,047391724	1,00581978229428	103,99714146391
14310,00098	0,491738300000009	2,046508301	1,00560543681658	103,952268044903
14320,00098	0,491976700000009	2,049562256	1,0060553675757	104,107393508407
14330,00098	0,493228400000021	2,05620752	1,00587260023991	104,444939300046
14340,00098	0,492572699999982	2,054179443	1,00574637769264	104,341923248844
14350,00098	0,492811200000006	2,055779053	1,00595960591765	104,423175344136
14360,00098	0,492691900000011	2,05889624	1,00560571587969	104,581512673338
14370,00098	0,492721700000004	2,056244141	1,00588210238898	104,446799461574
14380,00098	0,492066099999988	2,050444092	1,00583515277056	104,152186315843
14390,00098	0,492155500000024	2,047437744	1,00589523735966	103,999479047087
14400,00098	0,49221510000001	2,051412598	1,00585601948991	104,201381520801
14410,00098	0,49161909999998	2,047350464	1,00582136665261	103,995045664652
14420,00098	0,49221510000001	2,051040039	1,00589169655885	104,182457408442
14430,00098	0,492274699999996	2,051379639	1,0060267691077	104,199707370346
14440,00098	0,491887299999973	2,047032715	1,00576333152702	103,978905623
14450,00098	0,490069300000016	2,04225708	1,00583422155995	103,736327525778
14460,00098	0,489056100000028	2,036960938	1,00578848321548	103,467310306293
14470,00098	0,491827699999988	2,046658081	1,0058644964071	103,959876111139
14480,00098	0,492632300000025	2,054209717	1,00543366196691	104,343461014883
14490,00098	0,492036299999995	2,049602783	1,00604875307973	104,109452074973
14500,00098	0,491738300000009	2,046601685	1,00585862807988	103,957011479657
14510,00098	0,49161909999998	2,046476929	1,00597972646824	103,950674506019
14520,00098	0,491380600000014	2,04565332	1,00568126396611	103,908839335602
14530,00098	0,491231599999992	2,044082764	1,00586216788046	103,829063036522
14540,00098	0,489830900000015	2,042474731	1,00581028114544	103,747383095444
14550,00098	0,492304499999989	2,052721191	1,00630660239653	104,267851424798
14560,00098	0,489801100000022	2,040989014	1,00559230184589	103,671916188348
14570,00098	0,491201799999999	2,04068396	1,00568396557713	103,65642098847
14580,00098	0,491082600000027	2,041902832	1,00601885131696	103,718333519581
14590,00098	0,49161909999998	2,04467981	1,00596566028695	103,859389952761
14600,00098	0,491470100000015	2,044247803	1,0058991492444	103,83744618276
14610,00098	0,49161909999998	2,045325684	1,00581680162015	103,89219708437
14620,00098	0,491142200000013	2,043906982	1,00581587040954	103,820134200234
14630,00098	0,489652100000001	2,040255493	1,00578922838402	103,63465703256
14640,00098	0,490575999999976	2,041159912	1,00582639679025	103,680596942145
14650,00098	0,491470100000015	2,04566272	1,00585471519492	103,909316808046
14660,00098	0,491142200000013	2,041666504	1,00580711342901	103,706329252806
14670,00098	0,491201799999999	2,044248657	1,00601959648549	103,83748956164
14680,00098	0,492721700000004	2,055155762	1,00574721588221	104,391515314675
14690,00098	0,492036299999995	2,051870361	1,00592849288094	104,224633565297
14700,00098	0,492364099999975	2,055727783	1,0056713897329	104,42057108752
14710,00098	0,492036299999995	2,051704346	1,00578634073093	104,216200843196
14720,00098	0,490665400000012	2,04324707	1,00580571611298	103,786614009245
14730,00098	0,492364099999975	2,052583008	1,00588545614748	104,26083242749
14740,00098	0,492036299999995	2,053321289	1,00599481788141	104,298333367197
14750,00098	0,491291199999978	2,047213013	1,00579621496414	103,988063849241
14760,00098	0,489056100000028	2,038387939	1,00581680162015	103,539794737644
14770,00098	0,488579200000004	2,033100098	1,00567986665009	103,271199166963
14780,00098	0,490397200000018	2,043446289	1,00590837133012	103,796733326561
14790,00098	0,491321000000028	2,043592041	1,00588769165308	103,804136790776
14800,00098	0,490963399999998	2,044263794	1,00577804985581	103,838258444659
14810,00098	0,491410400000007	2,050556641	1,00583841350803	104,157903235638
14820,00098	0,489234899999985	2,040293457	1,00592234449038	103,636585411693
14830,00098	0,489175299999999	2,03683313	1,005909396562	103,460818306497
14840,00098	0,48863879999999	2,033708008	1,0058100010821	103,302077919439
14850,00098	0,488966699999992	2,03116394	1,00599099801749	103,172852135927
14860,00098	0,491559499999994	2,043546265	1,00597013229837	103,801811601564
14870,00098	0,491708500000016	2,044486084	1,0058195962522	103,849549652055
14880,00098	0,491142200000013	2,044172852	1,00623301075259	103,83363905115
14890,00098	0,491291199999978	2,043978027	1,00605620576528	103,823742926804
14900,00098	0,491201799999999	2,041707031	1,00599276841789	103,708387819373
14910,00098	0,489920299999994	2,034150757	1,00563105361023	103,324567328694
14920,00098	0,48997989999998	2,035890625	1,00582527853734	103,412943820795
14930,00098	0,488489800000025	2,030590454	1,00598289418467	103,143721948494
14940,00098	0,488489800000025	2,028953613	1,00579444456374	103,060578706761
14950,00098	0,491410400000007	2,04254834	1,00609300108713	103,751122060243
14960,00098	0,49161909999998	2,044819214	1,00587818950401	103,866470970691
14970,00098	0,491231599999992	2,042617676	1,00597926136305	103,75464397826
14980,00098	0,490307799999982	2,036385864	1,00569924203214	103,438099456494
14990,00098	0,491797899999995	2,048208252	1,00569123122037	104,038616955351
15000,00098	0,491470100000015	2,047492432	1,00600124533508	104,002256920811
15010,00098	0,491559499999994	2,04673584	1,00592457999598	103,963825874943
15020,00098	0,491559499999994	2,04816333	1,00580003382784	104,03633514502
15030,00098	0,492483300000004	2,052569824	1,00583915867656	104,26016274699
15040,00098	0,492125699999974	2,053097656	1,00585117539434	104,286973942195
15050,00098	0,491470100000015	2,049129883	1,0057092092864	104,085431147458
15060,00098	0,490814399999977	2,044684204	1,00582136665261	103,859613145731
15070,00098	0,488996499999985	2,038698608	1,00603310354033	103,555575151115
15080,00098	0,489145500000006	2,034941528	1,00595951289662	103,364734494844
15090,00098	0,488519600000018	2,031721069	1,00578438428845	103,201151470514
15100,00098	0,48997989999998	2,036184814	1,00592057408997	103,427887133641
15110,00098	0,490724999999998	2,039252319	1,00612020223911	103,583700868593
15120,00098	0,488996499999985	2,029938599	1,0058079526188	103,110611012343
15130,00098	0,487744799999973	2,024426758	1,00572038781461	102,830637374917
15140,00098	0,488758000000018	2,026853149	1,0060962618246	102,953885762178
15150,00098	0,487834200000009	2,022564453	1,00578438428845	102,736041702646
15160,00098	0,490665400000012	2,035411621	1,0059787022366	103,388612840961
15170,00098	0,490575999999976	2,034967407	1,00567036450102	103,366049017118
15180,00098	0,490784599999984	2,036612549	1,00595392363251	103,449613907655
15190,00098	0,490218400000003	2,033963013	1,00559574862543	103,315030883324
15200,00098	0,487923599999988	2,025772461	1,00607874886376	102,898992279169
15210,00098	0,489145500000006	2,023482056	1,00583245115955	102,782651292731
15220,00098	0,490486599999997	2,031491577	1,00583962478198	103,189494437954
15230,00098	0,489503099999979	2,032151855	1,00610483176283	103,223033219891
15240,00098	0,488847399999997	2,027563965	1,00573072815324	102,989991618835
15250,00098	0,489890500000001	2,028398193	1,00599528398683	103,032366180728
15260,00098	0,489085900000021	2,026859863	1,00596882800338	102,954226799411
15270,00098	0,488430199999982	2,02624292	1,00568098390277	102,922889216234
15280,00098	0,48863879999999	2,025882568	1,00580450583926	102,904585157718
15290,00098	0,487357299999985	2,02007312	1,00582453336881	102,609494590339
15300,00098	0,490575999999976	2,032402588	1,00588769165308	103,235769187789
15310,00098	0,487416900000028	2,022707031	1,00574712286117	102,743283943719
15320,00098	0,487744799999973	2,022772339	1,00595224625315	102,746601259715
15330,00098	0,489830900000015	2,030277222	1,00581484517767	103,12781134759
15340,00098	0,489383900000007	2,026901367	1,00580925591357	102,956334992635
15350,00098	0,48974149999998	2,030406372	1,00566431013173	103,134371514197
15360,00098	0,488102400000002	2,026054443	1,00584763559375	102,913315538172
15370,00098	0,486940100000027	2,015870483	1,00587101688181	102,39602189262
15380,00098	0,489383900000007	2,026162231	1,00615029104419	102,918790623254
15390,00098	0,488013000000024	2,022599854	1,00586785016561	102,737839894347
15400,00098	0,489175299999999	2,026376709	1,0060167088324	102,929685020572
15410,00098	0,48997989999998	2,031351318	1,0058045988603	103,182369990349
15420,00098	0,490963399999998	2,038037598	1,00595858068578	103,521999187281
15430,00098	0,488668599999983	2,027893188	1,00597497639394	103,006714481638
15440,00098	0,489324300000021	2,02765686	1,00571927056192	102,994710214863
15450,00098	0,489830900000015	2,028955688	1,00565210637165	103,060684106263
15460,00098	0,489234899999985	2,024532227	1,00585397002639	102,835994666531
15470,00098	0,487893799999995	2,021320923	1,00583683014993	102,672876669884
15480,00098	0,489503099999979	2,027145996	1,00583953076071	102,968760908214
15490,00098	0,488340800000003	2,026168335	1,00579854349078	102,919100675573
15500,00098	0,487178500000027	2,019690552	1,00594069564079	102,590062071418
15510,00098	0,490248199999996	2,030938599	1,00612225170263	103,161405953167
15520,00098	0,489324300000021	2,02596106	1,00575205997778	102,908572154213
15530,00098	0,487834200000009	2,023901978	1,00582499947423	102,803981205872
15540,00098	0,488221599999974	2,02149939	1,0058195962522	102,681941890588
15550,00098	0,490158699999995	2,029734375	1,00595951289662	103,100237466348
15560,00098	0,490248199999996	2,032914795	1,00577907508768	103,261786712043
15570,00098	0,490337599999975	2,031902832	1,00585797593239	103,210384111343
15580,00098	0,490814399999977	2,036067261	1,00603170622431	103,421916035963
15590,00098	0,490814399999977	2,03728479	1,0059306353655	103,483760349469
15600,00098	0,490993199999991	2,042416626	1,00599537700787	103,744431655407
15610,00098	0,491082600000027	2,041002441	1,00584968505727	103,672598212018
15620,00098	0,491201799999999	2,040858643	1,00595709034872	103,665294001117
15630,00098	0,489711699999987	2,02822522	1,00578019234037	103,023580027429
15640,00098	0,490874000000019	2,036876343	1,00584474794066	103,463013308274
15650,00098	0,491052799999977	2,038810913	1,0058897411166	103,561279676944
15660,00098	0,49161909999998	2,042087646	1,00579090476316	103,727721135775
15670,00098	0,490456800000004	2,033126465	1,00565378375102	103,272538477168
15680,00098	0,490665400000012	2,036581909	1,00580310852323	103,448057550668
15690,00098	0,490009699999973	2,038283936	1,00595494786416	103,534511911414
15700,00098	0,489383900000007	2,030689087	1,00586645284958	103,148732005892
15710,00098	0,487923599999988	2,024824097	1,00566794295335	102,850820185909
15720,00098	0,490874000000019	2,035623291	1,00590986166719	103,399364606085
15730,00098	0,490665400000012	2,035408203	1,00585778889008	103,388439223853
15740,00098	0,490665400000012	2,034880737	1,00587697923029	103,361646619597
15750,00098	0,491291199999978	2,038741211	1,00567530161763	103,557739167979
15760,00098	0,491797899999995	2,046441284	1,00611601029104	103,948863920354
15770,00098	0,491231599999992	2,042372681	1,00568405859817	103,742199471733
15780,00098	0,492304499999989	2,052313965	1,00560627500615	104,247166404226
15790,00098	0,490724999999998	2,039938232	1,00584614525669	103,618541778839
15800,00098	0,49164890000003	2,048600586	1,00575904655791	104,058545537664
15810,00098	0,492632300000025	2,056143066	1,00607120315718	104,44166536293
15820,00098	0,491082600000027	2,042512451	1,00587437064032	103,749299080612
15830,00098	0,492066099999988	2,050525879	1,00577274065505	104,156340681668
15840,00098	0,492632300000025	2,054848145	1,00574414218704	104,375889927363
15850,00098	0,492453500000011	2,05282251	1,00562043420848	104,272997917407
15860,00098	0,491321000000028	2,042677002	1,00577329878128	103,757657438919
15870,00098	0,492066099999988	2,053565674	1,00595895377016	104,31074688881
15880,00098	0,492125699999974	2,050955078	1,00570511135959	104,178141819475
15890,00098	0,49161909999998	2,045922852	1,00587092386077	103,922530197592
15900,00098	0,489711699999987	2,037795044	1,00585816197446	103,509678671204
15910,00098	0,491708500000016	2,047650024	1,00609430538212	104,010261797125
15920,00098	0,490814399999977	2,041339966	1,00580869778734	103,68974277442
15930,00098	0,491946900000016	2,050624023	1,00610222317286	104,16132590034
15940,00098	0,491887299999973	2,04951123	1,00589933528648	104,104801645756
15950,00098	0,492304499999989	2,056643066	1,0057232754677	104,467062833342
15960,00098	0,492393900000025	2,055367432	1,00551805905468	104,402267079799
15970,00098	0,493019800000013	2,062387939	1,00586151573297	104,758873317418
15980,00098	0,491529700000001	2,051149658	1,00570147753774	104,18802549906
15990,00098	0,492900599999984	2,059290283	1,00590902347762	104,601528064205
16000,00098	0,493645599999979	2,065986816	1,00579481764812	104,941678061665
16010,00098	0,491291199999978	2,046082642	1,00570371404356	103,930646721187
16020,00098	0,491380600000014	2,047190918	1,00591489180483	103,986941535023
16030,00098	0,491976700000009	2,051015625	1,00580897685045	104,181217300757
16040,00098	0,48997989999998	2,040517822	1,00589775192837	103,647982018591
16050,00098	0,491410400000007	2,046877075	1,00603981105735	103,97099989841
16060,00098	0,490993199999991	2,042447998	1,00579481764812	103,746025194291
16070,00098	0,491082600000027	2,045639404	1,00568294034525	103,908132473206
16080,00098	0,492036299999995	2,052088623	1,00579928865931	104,235720170671
16090,00098	0,491797899999995	2,053185791	1,00592113321643	104,291450754305
16100,00098	0,494122500000003	2,070005127	1,00587837654632	105,145787931122
16110,00098	0,492393900000025	2,059200439	1,00590594978245	104,596964443541
16120,00098	0,491470100000015	2,047353271	1,00590036051835	103,995188246051
16130,00098	0,49221510000001	2,051632568	1,00579071872108	104,212554883934
16140,00098	0,491708500000016	2,047987427	1,00587064479766	104,027400162544
16150,00098	0,491797899999995	2,049929199	1,00604288475251	104,126032356377
16160,00098	0,492691900000011	2,057117676	1,00604586542664	104,491170620206
16170,00098	0,492036299999995	2,053867432	1,00607865584272	104,326074668563
16180,00098	0,491887299999973	2,050939697	1,00578615468885	104,17736054249
16190,00098	0,491380600000014	2,046511841	1,00581857202055	103,952447858993
16200,00098	0,49221510000001	2,055073242	1,00597078444586	104,387323716158
16210,00098	0,492066099999988	2,051829834	1,00588117117837	104,22257499873
16220,00098	0,491797899999995	2,050568359	1,0060812644327	104,158498450754
16230,00098	0,490665400000012	2,046879272	1,00584055599259	103,971111494895
16240,00098	0,491946900000016	2,047650146	1,00569449095761	104,010267994108
16250,00098	0,491946900000016	2,04996167	1,00577562830814	104,127681718901
16260,00098	0,493437000000029	2,062479248	1,00588769165308	104,763511352669
16270,00098	0,493645599999979	2,067437256	1,00592029502686	105,015353075634
16280,00098	0,493019800000013	2,061772217	1,0057881101311	104,727597754864
16290,00098	0,49388399999998	2,06900415	1,00592104019539	105,094943363641
16300,00098	0,492632300000025	2,062364746	1,00573138030073	104,757695230355
16310,00098	0,492393900000025	2,0598479	1,00576715139095	104,629852186722
16320,00098	0,48997989999998	2,048953125	1,00593967140914	104,076452735308
16330,00098	0,491380600000014	2,049985596	1,00617003951062	104,128897038655
16340,00098	0,490993199999991	2,046887451	1,00572234425709	103,971526946716
16350,00098	0,491470100000015	2,047241577	1,00583002961187	103,98951475593
16360,00098	0,490397200000018	2,045838013	1,00610045377268	103,918220805608
16370,00098	0,491321000000028	2,047776123	1,0058975658863	104,016666988368
16380,00098	0,489324300000021	2,038718384	1,00582770108524	103,556579671865
16390,00098	0,490337599999975	2,043515503	1,00572579103663	103,800249047595
16400,00098	0,49161909999998	2,046864624	1,00577190146525	103,970367450602
16410,00098	0,491201799999999	2,045613281	1,00581624249369	103,906805556967
16420,00098	0,491738300000009	2,049340332	1,00585117539434	104,096120891959
16430,00098	0,492304499999989	2,053148682	1,00591954985833	104,289565804846
16440,00098	0,489503099999979	2,04391748	1,00585219962598	103,820667445522
16450,00098	0,491708500000016	2,051658936	1,0058023633547	104,213894244933
16460,00098	0,492870799999992	2,059620605	1,00622509296185	104,618306750648
16470,00098	0,491946900000016	2,05095874	1,0059550408852	104,178327830548
16480,00098	0,492453500000011	2,055417725	1,00585136143641	104,404821709758
16490,00098	0,48863879999999	2,036499023	1,00590958260407	103,443847361203
16500,00098	0,490665400000012	2,040403564	1,0058544361318	103,642178290242
16510,00098	0,491827699999988	2,048259766	1,0061773981749	104,041233605933
16520,00098	0,491231599999992	2,043254883	1,00583645706555	103,787010870117
16530,00098	0,488519600000018	2,031808838	1,00586030445902	103,205609691675
16540,00098	0,490128900000002	2,038642578	1,00588685346351	103,552729110581
16550,00098	0,490009699999973	2,036323975	1,00576240031641	103,434955808401
16560,00098	0,489503099999979	2,037366211	1,00578242784596	103,487896124346
16570,00098	0,488817600000004	2,031818359	1,00584828774125	103,206093310306
16580,00098	0,491738300000009	2,04661145	1,00575457554672	103,957507492254
16590,00098	0,491082600000027	2,042347534	1,00574516641869	103,740922131356
16600,00098	0,491291199999978	2,043509644	1,00565629831973	103,799951440037
16610,00098	0,491380600000014	2,04457251	1,00598559579569	103,85393965561
16620,00098	0,49161909999998	2,048005615	1,00567725806011	104,028324020928
16630,00098	0,491142200000013	2,045694458	1,00571666197195	103,910928937878
16640,00098	0,490993199999991	2,042236084	1,00571144579222	103,735261035201
16650,00098	0,492066099999988	2,049052246	1,00592355576433	104,081487580637
16660,00098	0,492632300000025	2,055862305	1,00604521327915	104,427404124549
16670,00098	0,49164890000003	2,048364746	1,00574898628261	104,046566058821
16680,00098	0,490724999999998	2,04282312	1,0058542490895	103,765079494082
16690,00098	0,491052799999977	2,042200073	1,00578112355098	103,733431858587
16700,00098	0,492453500000011	2,052842041	1,00575001051426	104,273989993397
16710,00098	0,492304499999989	2,053805908	1,00584577217231	104,322949560624
16720,00098	0,489801100000022	2,038377197	1,0059827081426	103,53924909839
16730,00098	0,491291199999978	2,043548706	1,00595615913811	103,801935592015
16740,00098	0,491976700000009	2,050544678	1,00604549334249	104,157295575761
16750,00098	0,491082600000027	2,045204346	1,0059409747039	103,886033727841
16760,00098	0,492155500000024	2,051804443	1,00582015537866	104,221285264388
16770,00098	0,491797899999995	2,049247803	1,00598801734336	104,09142088688
16780,00098	0,488996499999985	2,036985596	1,00581195752458	103,468562807944
16790,00098	0,491052799999977	2,042100342	1,00602378843357	103,728366028344
16800,00098	0,488817600000004	2,032728027	1,00587427761928	103,252299842536
16810,00098	0,490784599999984	2,039800903	1,0059606301493	103,61156616041
16820,00098	0,488430199999982	2,030755493	1,00572029479357	103,152105094733
16830,00098	0,489145500000006	2,033580322	1,00589560944382	103,295592116625
16840,00098	0,487893799999995	2,026470459	1,00591321542569	102,934447046274
16850,00098	0,488996499999985	2,029666016	1,00587530185092	103,096765174989
16860,00098	0,488817600000004	2,025619507	1,00570501733832	102,89122298979
16870,00098	0,490307799999982	2,030540283	1,00628489748761	103,141173515518
16880,00098	0,489383900000007	2,024857666	1,00574088144957	102,852525321278
16890,00098	0,490218400000003	2,031859741	1,00587558191427	103,208195306547
16900,00098	0,490575999999976	2,034078247	1,0057462846716	103,320884187535
16910,00098	0,490903800000012	2,035121094	1,00576500890639	103,373855539188
16920,00098	0,490993199999991	2,036966064	1,00581428705144	103,46757068116
16930,00098	0,491559499999994	2,043282593	1,0059141466363	103,788418397928
16940,00098	0,491201799999999	2,044175171	1,0057232754677	103,833756844618
16950,00098	0,491380600000014	2,043929321	1,00598345331113	103,821268908417
16960,00098	0,489920299999994	2,03530542	1,00585201358391	103,383218367451
16970,00098	0,48863879999999	2,030010254	1,00557926089647	103,114250723828
16980,00098	0,490009699999973	2,032971069	1,00568908873581	103,264645146543
16990,00098	0,489383900000007	2,030416382	1,00602723521312	103,134879971555
17000,00098	0,489652100000001	2,030749634	1,00587800346194	103,151807487174
17010,00098	0,488817600000004	2,027929443	1,00599751949242	103,008556052217
17020,00098	0,490307799999982	2,034897095	1,00598382539528	103,362477523239
17030,00098	0,489324300000021	2,031948853	1,00602444058106	103,212721745314
17040,00098	0,488161999999988	2,024968384	1,00587623406176	102,858149235536
17050,00098	0,489145500000006	2,029846924	1,00577451005523	103,105954386143
17060,00098	0,490546199999983	2,033263428	1,00601242386329	103,279495504648
17070,00098	0,488519600000018	2,027106934	1,00560506473242	102,966776756235
17080,00098	0,490963399999998	2,03681311	1,00580338758635	103,459801391781
17090,00098	0,489503099999979	2,026688843	1,00589067232721	102,945539848631
17100,00098	0,487655399999994	2,024089478	1,00576221427434	102,813505257276
17110,00098	0,489801100000022	2,03026062	1,00575327125173	103,126968049982
17120,00098	0,488400399999989	2,029726807	1,00599118505979	103,099853050236
17130,00098	0,486999700000013	2,019362793	1,0059141466363	102,573413572408
17140,00098	0,486761300000012	2,016706177	1,00602211205443	102,438470919896
17150,00098	0,490814399999977	2,034448486	1,00581465913559	103,339690455631
17160,00098	0,490009699999973	2,030525513	1,00546496204593	103,140423274242
17170,00098	0,488340800000003	2,026417847	1,00600497117774	102,931774622848
17180,00098	0,491231599999992	2,038533813	1,00597888827867	103,547204398842
17190,00098	0,489890500000001	2,030078735	1,00580730047131	103,11772921217
17200,00098	0,487834200000009	2,023066528	1,00591340146777	102,761544572561
17210,00098	0,487506300000007	2,022511597	1,00572225123605	102,733356885254
17220,00098	0,48863879999999	2,023871582	1,00591740737377	102,802437242851
17230,00098	0,487327499999992	2,018331909	1,00589439816987	102,521049880632
17240,00098	0,488161999999988	2,02075415	1,00607986711667	102,644087468888
17250,00098	0,490248199999996	2,027616699	1,00591796650023	102,992670239244
17260,00098	0,489145500000006	2,027295044	1,00547641963725	102,976331792553
17270,00098	0,489830900000015	2,028768066	1,00572560499456	103,051153857876
17280,00098	0,490069300000016	2,031139282	1,00570222270627	103,171599634276
17290,00098	0,490874000000019	2,037687866	1,00569281457847	103,504234571037
17300,00098	0,49161909999998	2,045425781	1,00569542316845	103,897281505562
17310,00098	0,492632300000025	2,054377197	1,00589840407587	104,351968151572
17320,00098	0,491946900000016	2,051155762	1,00604856703765	104,188335551379
17330,00098	0,492125699999974	2,050639404	1,00582863229585	104,162107177325
17340,00098	0,491291199999978	2,043271851	1,00590371427685	103,787872758673
17350,00098	0,491321000000028	2,043869629	1,00569849686361	103,818236856809
17360,00098	0,491201799999999	2,04134729	1,00597944740513	103,690114796566
17370,00098	0,491082600000027	2,040802734	1,00620254986336	103,662454106771
17380,00098	0,489652100000001	2,037710205	1,00583636404451	103,50536927922
17390,00098	0,490486599999997	2,038796143	1,00567791020761	103,560529435668
17400,00098	0,491082600000027	2,039279175	1,00607707248462	103,585065017524
17410,00098	0,491052799999977	2,041578735	1,00593575852418	103,701871031645
17420,00098	0,491410400000007	2,044144165	1,00576612615907	103,832181896683
17430,00098	0,490903800000012	2,040181885	1,00587679218799	103,630918118555
17440,00098	0,490546199999983	2,041131958	1,00579015959462	103,679177020369
17450,00098	0,490963399999998	2,039825439	1,0058890889691	103,612812465078
17460,00098	0,489711699999987	2,035936279	1,00568145000819	103,415262813024
17470,00098	0,492721700000004	2,054922607	1,00606691818806	104,379672220247
17480,00098	0,491410400000007	2,044074829	1,00541428658485	103,828659978666
17490,00098	0,491410400000007	2,045751221	1,00585583344783	103,913812211104
17500,00098	0,490784599999984	2,037799805	1,00564157999094	103,509920505918
17510,00098	0,491738300000009	2,049252686	1,00586840829183	104,091668918576
17520,00098	0,491946900000016	2,049731689	1,00590240998187	104,115999847615
17530,00098	0,491797899999995	2,046221069	1,00584297754026	103,93767811246
17540,00098	0,491082600000027	2,039246826	1,00573985721793	103,583421851984
17550,00098	0,491946900000016	2,04459021	1,00570082539025	103,854838726063
17560,00098	0,491797899999995	2,046756348	1,0058077655765	103,964867577589
17570,00098	0,491559499999994	2,043471436	1,00585005714142	103,798010666938
17580,00098	0,491380600000014	2,043218384	1,00579509671123	103,785156905572
17590,00098	0,492155500000024	2,046749023	1,00584875384666	103,964495504648
17600,00098	0,492960200000027	2,056626465	1,00606104986085	104,466219586529
17610,00098	0,491946900000016	2,047274292	1,00595653222249	103,991176512419
17620,00098	0,492632300000025	2,052287109	1,00565424885621	104,245802255295
17630,00098	0,492811200000006	2,056393311	1,0060251857496	104,454376542896
17640,00098	0,492960200000027	2,059371094	1,00590501757162	104,605632854168
17650,00098	0,492960200000027	2,059972656	1,00576892079112	104,63618916036
17660,00098	0,492811200000006	2,059150391	1,0057013845167	104,594422258343
17670,00098	0,492691900000011	2,057102783	1,00572457976268	104,490414131153
17680,00098	0,492721700000004	2,058531982	1,00589607554923	104,563010209783
17690,00098	0,492483300000004	2,056633789	1,00571489157154	104,466591608676
17700,00098	0,492453500000011	2,053565674	1,00579928865931	104,31074688881
17710,00098	0,493049600000006	2,058163818	1,00584633129876	104,54430934119
17720,00098	0,492483300000004	2,056598877	1,00607017892553	104,464818255702
17730,00098	0,491708500000016	2,04911499	1,00587278728221	104,084674658404
17740,00098	0,492811200000006	2,055735596	1,00567064456436	104,420967948392
17750,00098	0,491797899999995	2,046763794	1,0056673838269	103,965245796719
17760,00098	0,492155500000024	2,05253418	1,00591079387802	104,25835221212
17770,00098	0,493526400000007	2,061771484	1,00583804042365	104,727560522172
17780,00098	0,493109199999992	2,058497803	1,00573985721793	104,561274089501
17790,00098	0,494509900000025	2,073154297	1,00605070952221	105,305749834916
17800,00098	0,494390699999997	2,074432617	1,00583869257114	105,37068202367
17810,00098	0,494629099999997	2,07741748	1,00579425852166	105,522297963123
17820,00098	0,494301300000018	2,073294189	1,00601456634785	105,312855640778
17830,00098	0,494867499999998	2,077645508	1,00597851619452	105,533880631889
17840,00098	0,494539700000018	2,077481689	1,00591768643689	105,525559455478
17850,00098	0,494807900000012	2,076648438	1,00574833413512	105,483234520242
17860,00098	0,493228400000021	2,062406494	1,00587045775535	104,759815817545
17870,00098	0,492155500000024	2,054417236	1,00591340146777	104,354001930208
17880,00098	0,490635600000019	2,051296387	1,00570790599164	104,195478589932
17890,00098	0,492721700000004	2,056398438	1,00578503643594	104,454636968558
17900,00098	0,493943600000023	2,065394775	1,00567353221745	104,911605374105
17910,00098	0,492960200000027	2,059255127	1,00591340146777	104,599742317265
17920,00098	0,493019800000013	2,060151123	1,00609998766726	104,645254381064
17930,00098	0,494390699999997	2,069116699	1,00609132470799	105,100660283436
17940,00098	0,494182099999989	2,071219482	1,00575084970406	105,207471021486
17950,00098	0,494062900000017	2,069675537	1,00585117539434	105,129046426576
17960,00098	0,494182099999989	2,06790918	1,00573268459572	105,039324427287
17970,00098	0,494122500000003	2,068179443	1,00593529241876	105,053052420379
17980,00098	0,493943600000023	2,066249268	1,00590669495098	104,955009295474
17990,00098	0,493973400000016	2,067811523	1,00589961534982	105,034363945751
18000,00098	0,494629099999997	2,068900879	1,00576957293862	105,089697719307
18010,00098	0,494390699999997	2,072235352	1,00556472860976	105,259072078021
18020,00098	0,494927099999984	2,075171143	1,00566104939426	105,408195408137
18030,00098	0,494778100000019	2,075858887	1,00548349923842	105,443129323919
18040,00098	0,494271500000025	2,072239746	1,00575215299882	105,259295270991
18050,00098	0,494629099999997	2,070578857	1,0058470764673	105,174930512521
18060,00098	0,494688699999983	2,074031494	1,00589626159131	105,350307004622
18070,00098	0,495105899999999	2,078480469	1,00600208352465	105,576292426474
18080,00098	0,494718499999976	2,073567627	1,0057965870483	105,326744907807
18090,00098	0,49525490000002	2,078594727	1,00611712854395	105,582096154823
18100,00098	0,493615799999986	2,065638672	1,00602751427623	104,923994107787
18110,00098	0,494688699999983	2,073030029	1,00597432424644	105,29943764921
18120,00098	0,494629099999997	2,074655518	1,00572038781461	105,382004266775
18130,00098	0,494390699999997	2,070518066	1,00604381596312	105,171842637273
18140,00098	0,494807900000012	2,070357666	1,0058211796103	105,163695128765
18150,00098	0,493854199999987	2,067548096	1,00591619609982	105,020983186875
18160,00098	0,494122500000003	2,068802734	1,0058336624335	105,08471244984
18170,00098	0,494629099999997	2,074258301	1,00591023475157	105,361827652766
18180,00098	0,495046300000013	2,07729248	1,00582686189544	105,51594859552
18190,00098	0,493943600000023	2,067507813	1,00592905200739	105,018937014273
18200,00098	0,494807900000012	2,072851563	1,00579528375354	105,290372479301
18210,00098	0,494539700000018	2,074279297	1,00579640100622	105,362894143343
18220,00098	0,494778100000019	2,072648926	1,00573855292294	105,280079544877
18230,00098	0,494867499999998	2,073330811	1,0058685023131	105,314715853101
18240,00098	0,49501650000002	2,076942139	1,00599220929144	105,498153045157
18250,00098	0,495135699999992	2,076783691	1,00575606588378	105,490104688373
18260,00098	0,494509900000025	2,071659424	1,00592253053246	105,229817849342
18270,00098	0,494867499999998	2,074453613	1,00567129671186	105,371748514248
18280,00098	0,494539700000018	2,071101807	1,00580730047131	105,201493726825
18290,00098	0,494927099999984	2,072218506	1,00585378398431	105,258216386448
18300,00098	0,493973400000016	2,064546387	1,00585387700535	104,868511555849
18310,00098	0,494927099999984	2,073356934	1,0057746960973	105,31604276934
18320,00098	0,495105899999999	2,074610352	1,00571014149724	105,379710062478
18330,00098	0,494182099999989	2,066378418	1,00581009510336	104,961569462082
18340,00098	0,494807900000012	2,070172119	1,00580627523944	105,15427027988
18350,00098	0,494807900000012	2,072403564	1,00585797593239	105,267616396607
18360,00098	0,49576159999998	2,081283691	1,00597180867751	105,718681922081
18370,00098	0,494807900000012	2,071666992	1,00578438428845	105,230202265454
18380,00098	0,494390699999997	2,068494629	1,00568228819776	105,069062274597
18390,00098	0,494778100000019	2,074784424	1,0057999408068	105,388552039417
18400,00098	0,494956899999977	2,073157227	1,00593818007185	105,305898664093
18410,00098	0,494629099999997	2,071289795	1,00580888382941	105,21104256616
18420,00098	0,495105899999999	2,074660645	1,00568862263039	105,382264692437
18430,00098	0,495463599999994	2,07553418	1,00565620529869	105,426635851069
18440,00098	0,495374200000015	2,075332031	1,00576789655948	105,416367704577
18450,00098	0,496298000000024	2,084695068	1,00577767777166	105,891962614924
18460,00098	0,49501650000002	2,07703833	1,00601428728473	105,50303906131
18470,00098	0,49552319999998	2,081371826	1,00602164594901	105,72315873419
18480,00098	0,494539700000018	2,070132324	1,00574954540907	105,15224889521
18490,00098	0,4933178	2,060439697	1,00579444456374	104,659912480317
18500,00098	0,494211899999982	2,064440186	1,00590725407744	104,863117082339
18510,00098	0,493854199999987	2,062728516	1,00571703505633	104,776172905979
18520,00098	0,494211899999982	2,064732178	1,00598941465938	104,8779487987
18530,00098	0,494807900000012	2,067823242	1,00579770530121	105,034959211663
18540,00098	0,494718499999976	2,069006836	1,00593464027127	105,095079798852
18550,00098	0,494360900000004	2,067173828	1,00575690407335	105,001972265962
18560,00098	0,494539700000018	2,067848877	1,00567092362748	105,036261339971
18570,00098	0,495433800000001	2,073770996	1,00581354188291	105,337075024128
18580,00098	0,494718499999976	2,070681152	1,0059181525423	105,180126580993
18590,00098	0,493764800000008	2,061758301	1,00601279594744	104,726890892467
18600,00098	0,494301300000018	2,066699707	1,00614283835864	104,977889317824
18610,00098	0,493973400000016	2,063533691	1,00589663367546	104,817071722456
18620,00098	0,493943600000023	2,063635986	1,00587539487196	104,822267790928
18630,00098	0,493615799999986	2,060773438	1,00598447754278	104,676864834662
18640,00098	0,494688699999983	2,068539307	1,00576277240057	105,071331690964
18650,00098	0,49388399999998	2,063077148	1,00579248912148	104,793881647788
18660,00098	0,495046300000013	2,071823975	1,00573268459572	105,23817620765
18670,00098	0,494182099999989	2,066624023	1,00598783130128	104,974044953523
18680,00098	0,494509900000025	2,067620605	1,00552895751954	105,024666277239
18690,00098	0,494360900000004	2,065501709	1,00572457976268	104,917037080307
18700,00098	0,493854199999987	2,062006104	1,00565518106704	104,739478031188
18710,00098	0,493437000000029	2,058958496	1,00582295001071	104,584674963174
18720,00098	0,494182099999989	2,064936035	1,00591759341585	104,888303702951
18730,00098	0,494062900000017	2,064485107	1,00598540975361	104,865398841875
18740,00098	0,492691900000011	2,059226074	1,00572672224724	104,598266571849
18750,00098	0,493049600000006	2,058253418	1,00572122600418	104,548860567887
18760,00098	0,493943600000023	2,062418457	1,00572206519397	104,760423477422
18770,00098	0,493854199999987	2,064259277	1,00595131504254	104,853927820389
18780,00098	0,492483300000004	2,059318848	1,0060133550739	104,602979021689
18790,00098	0,491470100000015	2,056132568	1,00572029479357	104,441132117641
18800,00098	0,491380600000014	2,055272705	1,00568321940837	104,397455427439
18810,00098	0,49164890000003	2,056042969	1,00596547424487	104,436580941738
18820,00098	0,493437000000029	2,060599609	1,00584036995051	104,668035200894
18830,00098	0,491708500000016	2,055484131	1,00594283812535	104,408194798598
18840,00098	0,492960200000027	2,052266846	1,00606421657705	104,244772997409
18850,00098	0,490784599999984	2,049249023	1,00616351803568	104,091482856707
18860,00098	0,493228400000021	2,055195068	1,00591237723612	104,393511860619
18870,00098	0,4935562	2,057758789	1,00608051926417	104,523735917103
18880,00098	0,49164890000003	2,051820557	1,00578410522533	104,222103774064
18890,00098	0,489801100000022	2,034575928	1,00567921450259	103,346163864479
18900,00098	0,490248199999996	2,037382813	1,00586235392254	103,488739421954
18910,00098	0,490575999999976	2,040256836	1,00579360637417	103,634725250165
18920,00098	0,491142200000013	2,039202271	1,00585601948991	103,581158683395
18930,00098	0,490814399999977	2,036311523	1,00590045353939	103,434323309798
18940,00098	0,492781400000013	2,046114014	1,00608321987495	103,93224026007
18950,00098	0,492721700000004	2,045322632	1,00573948413355	103,892042058211
18960,00098	0,493138999999985	2,051156982	1,00588536212622	104,188397521207
18970,00098	0,492155500000024	2,043169434	1,00585797593239	103,782670493219
18980,00098	0,493854199999987	2,058714111	1,00599062593333	104,57226144156
18990,00098	0,49221510000001	2,043946533	1,00591936381625	103,822143190938
19000,00098	0,492632300000025	2,048309082	1,00577385790773	104,043738609234
19010,00098	0,493019800000013	2,049183594	1,00578121757224	104,088159394524
19020,00098	0,492453500000011	2,045161743	1,00575429548337	103,883869710977
19030,00098	0,492453500000011	2,04563916	1,00583403551787	103,90812007924
19040,00098	0,493198600000028	2,049215088	1,00582714195878	104,089759130391
19050,00098	0,4935562	2,052825439	1,00584400277213	104,273146695789
19060,00098	0,494360900000004	2,062711426	1,00584521304585	104,77530482044
19070,00098	0,493854199999987	2,059145508	1,00594982470548	104,594174226647
19080,00098	0,494211899999982	2,06163916	1,00584120814008	104,720839132422
19090,00098	0,493377399999986	2,057033203	1,00576733743302	104,48687981917
19100,00098	0,4935562	2,053641113	1,0058488468677	104,314578808351
19110,00098	0,493645599999979	2,054043213	1,00580627523944	104,335003454056
19120,00098	0,493645599999979	2,055321289	1,00580450583926	104,399923248844
19130,00098	0,4933178	2,052092529	1,00583002961187	104,23591857571
19140,00098	0,493377399999986	2,050463135	1,00566999241687	104,153153603901
19150,00098	0,494599300000004	2,062570313	1,00587278728221	104,768136993955
19160,00098	0,494539700000018	2,064752197	1,0057558798417	104,87896566262
19170,00098	0,493764800000008	2,058222168	1,0056454928759	104,547273225987
19180,00098	0,494033100000024	2,060194824	1,00578065844579	104,647474170773
19190,00098	0,493854199999987	2,057533936	1,00569933505318	104,512314522274
19200,00098	0,494062900000017	2,059950195	1,00578103052994	104,635048255194
19210,00098	0,492900599999984	2,050845947	1,00560143091057	104,172598516788
19220,00098	0,493645599999979	2,055976318	1,00557572109588	104,433195408137
19230,00098	0,494301300000018	2,062390137	1,0057462846716	104,758984964698
19240,00098	0,494182099999989	2,063572998	1,00596659249778	104,819068319195
19250,00098	0,495672200000001	2,072750732	1,00591358851007	105,285250774623
19260,00098	0,494956899999977	2,069849609	1,00586123566963	105,137888403515
19270,00098	0,494271500000025	2,062986084	1,00587837654632	104,789256057297
19280,00098	0,49552319999998	2,071383789	1,00596920108776	105,215816985828
19290,00098	0,494271500000025	2,062262695	1,00574339701851	104,752511555849
19300,00098	0,494688699999983	2,064764404	1,00583384847557	104,879585716463
19310,00098	0,494360900000004	2,062104248	1,00590194387645	104,74446324986
19320,00098	0,495463599999994	2,071101807	1,00576100300039	105,201493726825
19330,00098	0,494301300000018	2,061445557	1,00582947048542	104,711005079494
19340,00098	0,49525490000002	2,071999512	1,00584744955168	105,247092599177
19350,00098	0,495433800000001	2,07140625	1,00581149241939	105,216957890994
19360,00098	0,493645599999979	2,058265625	1,00598457056381	104,54948062173
19370,00098	0,49552319999998	2,070589355	1,00570576250686	105,17546375781
19380,00098	0,494718499999976	2,068224854	1,00589607554923	105,055359069437
19390,00098	0,49501650000002	2,067472412	1,00560627500615	105,017138822573
19400,00098	0,496625900000026	2,081887207	1,00586570768105	105,749337481587
19410,00098	0,496417199999996	2,08163623	1,00585657861636	105,736589119724
19420,00098	0,49635760000001	2,081577148	1,00583738827616	105,73358805303
19430,00098	0,495284700000013	2,072805664	1,00578345307784	105,288041042312
19440,00098	0,494301300000018	2,06330957	1,00571647592987	104,805687509524
19450,00098	0,495463599999994	2,071786133	1,00577739770832	105,236254025499
19460,00098	0,495463599999994	2,073093506	1,00580450583926	105,302661959669
19470,00098	0,49635760000001	2,08075415	1,00588405883146	105,691783918322
19480,00098	0,495433800000001	2,07217334	1,0057887622786	105,255922182151
19490,00098	0,494807900000012	2,06486792	1,0057093963287	104,884843805557
19500,00098	0,495135699999992	2,069290527	1,00584456189859	105,109489866409
19510,00098	0,495463599999994	2,072348633	1,00579071872108	105,264826179712
19520,00098	0,49552319999998	2,072765381	1,00590604280349	105,285994869711
19530,00098	0,495105899999999	2,068553955	1,00598457056381	105,072075735257
19540,00098	0,495851000000016	2,074285889	1,00596342478135	105,363228983593
19550,00098	0,49525490000002	2,072472412	1,00575625192586	105,271113526693
19560,00098	0,495672200000001	2,073230469	1,00560133788954	105,309618987149
19570,00098	0,495284700000013	2,070298096	1,00593929832476	105,16066927414
19580,00098	0,495999999999981	2,074469238	1,00565704348826	105,372542185198
19590,00098	0,496178799999996	2,07796582	1,00627306681191	105,550150860974
19600,00098	0,494778100000019	2,067728271	1,0057132151924	105,030135165338
19610,00098	0,496089400000017	2,076126221	1,0059181525423	105,45670853863
19620,00098	0,495612600000015	2,069458008	1,00575643796793	105,117997053893
19630,00098	0,494718499999976	2,065562012	1,00573529218547	104,920100167623
19640,00098	0,494211899999982	2,060181641	1,00598457056381	104,646804541068
19650,00098	0,492811200000006	2,058105469	1,00583561887598	104,541345507187
19660,00098	0,494390699999997	2,061437988	1,00587325238741	104,710620612587
19670,00098	0,495135699999992	2,06775	1,00581810591514	105,031238888607
19680,00098	0,494956899999977	2,064930664	1,00590958260407	104,888030883324
19690,00098	0,494927099999984	2,066725098	1,00576072393727	104,979179052166
19700,00098	0,494718499999976	2,06464624	1,00576724441198	104,873583583075
19710,00098	0,495612600000015	2,070619141	1,00587725829341	105,176976735917
19720,00098	0,495999999999981	2,074184326	1,00592765469137	105,358070097018
19730,00098	0,495105899999999	2,065312988	1,00586039748006	104,90745100828
19740,00098	0,49525490000002	2,065067139	1,00583589793909	104,894963122873
19750,00098	0,495433800000001	2,06794873	1,0058544361318	105,041333367197
19760,00098	0,495672200000001	2,07005957	1,00587250721887	105,148553360085
19770,00098	0,495463599999994	2,069167725	1,00603198628765	105,103252146086
19780,00098	0,494271500000025	2,060484375	1,00589654065442	104,662181896683
19790,00098	0,494867499999998	2,062465332	1,00574395614497	104,762804490273
19800,00098	0,495553000000029	2,070885498	1,00618848368207	105,19050632397
19810,00098	0,494450299999983	2,062890625	1,00585685767948	104,784407223041
19820,00098	0,494033100000024	2,057642334	1,0061269087559	104,517820592269
19830,00098	0,494062900000017	2,057290039	1,00591358851007	104,499925788591
19840,00098	0,492483300000004	2,050104004	1,00582816619043	104,134911566008
19850,00098	0,494271500000025	2,058711914	1,0061814040809	104,572149845075
19860,00098	0,493794600000001	2,054595459	1,00592308965891	104,363054756946
19870,00098	0,492393900000025	2,049741699	1,0058021763124	104,116508304973
19880,00098	0,494539700000018	2,06249707	1,00573231151134	104,764416620105
19890,00098	0,493854199999987	2,053554443	1,00588927501118	104,310176410829
19900,00098	0,4935562	2,055113525	1,00584698344626	104,389369888759
19910,00098	0,493437000000029	2,052990723	1,00569309464181	104,281542286788
19920,00098	0,491738300000009	2,048574707	1,00576780353844	104,057231015391
19930,00098	0,493615799999986	2,053528564	1,00594581879947	104,308861888556
19940,00098	0,494033100000024	2,057380615	1,00589495729632	104,504526591152
19950,00098	0,49501650000002	2,066571289	1,0059418138937	104,971366333113
19960,00098	0,493973400000016	2,059214111	1,00570632163331	104,597658911972
19970,00098	0,493973400000016	2,056987549	1,00587260023991	104,484560826942
19980,00098	0,494122500000003	2,061345215	1,00583617800243	104,705908213542
19990,00098	0,49161909999998	2,047140503	1,00578783106799	103,984380708081
20000,00098	0,492364099999975	2,048188477	1,00578075146682	104,037612485396
20010,00098	0,491797899999995	2,047615479	1,00593026228112	104,008507085894
20020,00098	0,491291199999978	2,045510254	1,00564400253884	103,901572306598
20030,00098	0,49161909999998	2,04885376	1,0058857352106	104,071405496013
20040,00098	0,491529700000001	2,039815552	1,00571014149724	103,612310255499
20050,00098	0,490069300000016	2,034006958	1,00606300630333	103,317263066999
20060,00098	0,491082600000027	2,033549194	1,00566281979467	103,294010971707
20070,00098	0,492036299999995	2,034937378	1,00580254939678	103,36452369584
20080,00098	0,493049600000006	2,044198853	1,00595103597942	103,834959770407
20090,00098	0,493615799999986	2,050645752	1,00615755668743	104,162429623609
20100,00098	0,492781400000013	2,043525269	1,00607958705333	103,800745110987
20110,00098	0,492721700000004	2,041900757	1,00595941987558	103,718228120079
20120,00098	0,493288000000007	2,047279419	1,00595764947517	103,991436938081
20129,99902	0,492781400000013	2,044710083	1,00596137531783	103,860927668004
20139,99902	0,49161909999998	2,034900024	1,00572784050015	103,36262630162
20149,99902	0,490337599999975	2,032737061	1,00578550254136	103,252758724031
20159,99902	0,491082600000027	2,032983765	1,00566365798424	103,265290039112
20169,99902	0,492393900000025	2,038659546	1,00579723919579	103,553590999136
20179,99902	0,492066099999988	2,037050171	1,00595755645414	103,471842891248
20189,99902	0,494301300000018	2,054769775	1,00583124088582	104,371909127851
20199,99902	0,492483300000004	2,043039307	1,00583683014993	103,776060699954
20209,99902	0,493645599999979	2,051978271	1,00575634494689	104,230114847361
20219,99902	0,493437000000029	2,048766357	1,005887505611	104,0669658658
20229,99902	0,4933178	2,050672363	1,00605005737472	104,16378132778
20239,99902	0,493377399999986	2,048486084	1,00568974088331	104,05272941535
20249,99902	0,493198600000028	2,050239014	1,00579742623809	104,141769390969
20259,99902	0,494033100000024	2,054847168	1,00575504065191	104,375840300706
20269,99902	0,492870799999992	2,045227417	1,00592327570099	103,88720561792
20279,99902	0,492811200000006	2,047267456	1,00594609886282	103,990829278204
20289,99902	0,493377399999986	2,048382324	1,00574321097643	104,04745893229
20299,99902	0,494718499999976	2,059408691	1,00587362547178	104,607542591558
20309,99902	0,494271500000025	2,057749512	1,00589151051678	104,523264692437
20319,99902	0,494271500000025	2,058191162	1,00590129172896	104,545698278052
20329,99902	0,493794600000001	2,057284424	1,00572020177253	104,499640574999
20339,99902	0,494599300000004	2,063962402	1,00585313183682	104,838848072332
20349,99902	0,494688699999983	2,06312207	1,00598978774376	104,79616345812
20359,99902	0,493973400000016	2,060118896	1,00591247025716	104,643617412506
20369,99902	0,495046300000013	2,06651416	1,00588703950559	104,968464468939
20379,99902	0,494509900000025	2,061968994	1,00590650890891	104,737593030934
20389,99902	0,492572699999982	2,053916016	1,00574544648203	104,328542489968
20399,99902	0,493377399999986	2,051706055	1,00588089111503	104,21628765175
20409,99902	0,4935562	2,054453613	1,00587157600826	104,35584969777
20419,99902	0,494122500000003	2,060859863	1,00591125898321	104,681254787423
20429,99902	0,49501650000002	2,069033936	1,00584335062464	105,096456341748
20439,99902	0,495105899999999	2,066236572	1,00605508751236	104,954364402905
20449,99902	0,494688699999983	2,064885498	1,00587418459824	104,885736679027
20459,99902	0,495105899999999	2,066440674	1,00589868313898	104,964731751917
20469,99902	0,49576159999998	2,075773926	1,00616873521563	105,438813734952
20479,99902	0,494539700000018	2,064845703	1,00598457056381	104,883715294357
20489,99902	0,494629099999997	2,065773926	1,00592411489078	104,930864326713
20499,99902	0,493109199999992	2,051661377	1,00584409579317	104,214018235384
20509,99902	0,492900599999984	2,049587891	1,00574060238646	104,108695636715
20519,99902	0,493645599999979	2,052803711	1,00584409579317	104,272043023315
20529,99902	0,493705200000022	2,052404053	1,00562863206256	104,251742418855
20539,99902	0,494599300000004	2,059481934	1,00572569801559	104,611262965409
20549,99902	0,492304499999989	2,048486816	1,00589840407587	104,052766597247
20559,99902	0,494718499999976	2,064126221	1,00595774249621	104,847169248743
20569,99902	0,494509900000025	2,062891113	1,00561847876622	104,784432010972
20579,99902	0,494301300000018	2,061368896	1,00573939111251	104,707111088536
20589,99902	0,495135699999992	2,066691406	1,00580357362843	104,97746766902
20599,99902	0,495135699999992	2,068107178	1,00572970292137	105,04938172398
20609,99902	0,49501650000002	2,066929688	1,00568974088331	104,98957118911
20619,99902	0,496625900000026	2,082689209	1,00614563299069	105,790075125717
20629,99902	0,495612600000015	2,074242432	1,00571274908698	105,36102158785
20639,99902	0,494807900000012	2,067711182	1,00585583344783	105,029267130594
20649,99902	0,494807900000012	2,065447021	1,0058336624335	104,914259206583
20659,99902	0,494509900000025	2,064130615	1,00579928865931	104,847392441713
20669,99902	0,495135699999992	2,06675708	1,00583151994894	104,980803575964
20679,99902	0,494956899999977	2,06505542	1,00584372270879	104,894367856961
20689,99902	0,496178799999996	2,075636475	1,00566868812188	105,431831919541
20699,99902	0,496417199999996	2,07943335	1,00592681550157	105,624693960482
20709,99902	0,494629099999997	2,06486792	1,00583310330704	104,884843805557
20719,99902	0,495433800000001	2,069824707	1,00562565138843	105,136623507899
20729,99902	0,495344400000022	2,069252686	1,00592076113228	105,107567735054
20739,99902	0,494778100000019	2,065474854	1,00578857623652	104,915672982171
20749,99902	0,495135699999992	2,068842285	1,00591107294114	105,086721440545
20759,99902	0,495463599999994	2,069400879	1,00584297754026	105,115095189719
20769,99902	0,495195299999978	2,068082031	1,00597711887849	105,048104383603
20779,99902	0,49576159999998	2,071835938	1,00610324840473	105,238783867527
20789,99902	0,495195299999978	2,067741455	1,00576538099054	105,030804845837
20799,99902	0,495553000000029	2,072008545	1,00585639157406	105,247551429878
20809,99902	0,495433800000001	2,071272461	1,00593724886124	105,210162086656
20819,99902	0,494867499999998	2,06654126	1,00578401220429	104,969841011835
20829,99902	0,494360900000004	2,063331787	1,00581363490395	104,806816020724
20839,99902	0,495195299999978	2,068627441	1,00580385369177	105,075808452278
20849,99902	0,494718499999976	2,065169678	1,00572616312078	104,90017158531
20859,99902	0,494956899999977	2,068432861	1,00583720223408	105,065924772693
20869,99902	0,494450299999983	2,064542969	1,00599807861888	104,868337938741
20879,99902	0,495105899999999	2,066435791	1,00597301995146	104,964483720221
20889,99902	0,494509900000025	2,064977783	1,00582835323273	104,890424290141
20899,99902	0,494539700000018	2,063128662	1,00570734686518	104,796498298369
20909,99902	0,494390699999997	2,060976318	1,0059029681081	104,687170112257
20919,99902	0,494122500000003	2,06023999	1,00599155714394	104,64976837507
20929,99902	0,495195299999978	2,065680664	1,00575308520965	104,926127088942
20939,99902	0,494062900000017	2,060840576	1,00567511557556	104,6802751054
20949,99902	0,494360900000004	2,061430176	1,00582444034777	104,710223802509
20959,99902	0,494211899999982	2,061214844	1,00590604280349	104,699286026312
20969,99902	0,49388399999998	2,059505859	1,00563738804286	104,612478234368
20979,99902	0,493288000000007	2,056057373	1,00593473429253	104,437312592066
20989,99902	0,494688699999983	2,063900635	1,00599910285053	104,835710621222
20999,99902	0,491470100000015	2,050828613	1,00587250721887	104,171718037283
21009,99902	0,490546199999983	2,040632324	1,0058180128941	103,653798140905
21019,99902	0,491321000000028	2,039602417	1,00570725384415	103,601484075786
21029,99902	0,4933178	2,047571655	1,005933989124	104,006281048408
21039,99902	0,491410400000007	2,039653687	1,0058857352106	103,604088332402
21049,99902	0,490993199999991	2,035903076	1,00574991749322	103,413576268604
21059,99902	0,491321000000028	2,039523193	1,00582043444177	103,597459897394
21069,99902	0,492870799999992	2,045945923	1,00581913014678	103,923702087672
21079,99902	0,492483300000004	2,046181396	1,00584772861479	103,935662924773
21089,99902	0,492125699999974	2,042352661	1,0058077655765	103,741182557017
21099,99902	0,493138999999985	2,050210693	1,00596286665512	104,14033082745
21109,99902	0,493377399999986	2,052578613	1,00580189724928	104,260609183725
21119,99902	0,493437000000029	2,049854004	1,0060117717158	104,122212830802
21129,99902	0,491797899999995	2,044746826	1,005769946023	103,862794026515
21139,99902	0,492155500000024	2,046880005	1,00593324295524	103,971148727587
21149,99902	0,491142200000013	2,043228027	1,005883499705	103,785646721187
21159,99902	0,490993199999991	2,046378296	1,00588247447313	103,945664448621
21169,99902	0,490963399999998	2,040887573	1,00567176181705	103,666763498756
21179,99902	0,492900599999984	2,046295532	1,00543701572542	103,941460456139
21189,99902	0,491410400000007	2,041348022	1,00570008022171	103,690151978463
21199,99902	0,489562700000022	2,029272095	1,00562294977742	103,076755981104
21209,99902	0,489652100000001	2,028593384	1,00604856703765	103,042280896023
21219,99902	0,489830900000015	2,031161987	1,00597795706806	103,172752933408
21229,99902	0,490903800000012	2,032897827	1,00604474817396	103,260924823488
21239,99902	0,489503099999979	2,023462524	1,00584148720319	102,781659165947
21249,99902	0,492036299999995	2,035633545	1,00574749594555	103,399885457408
21259,99902	0,491708500000016	2,032522827	1,00579230207918	103,241876720679
21269,99902	0,491231599999992	2,033052734	1,00573408191175	103,268793315386
21279,99902	0,492572699999982	2,039553833	1,00581521826205	103,599016254381
21289,99902	0,493228400000021	2,047966553	1,00564782140254	104,026339868949
21299,99902	0,492483300000004	2,041550171	1,00590613582453	103,700420124956
21309,99902	0,492483300000004	2,039949219	1,00596314571824	103,619099862854
21319,99902	0,493645599999979	2,051469482	1,00599798459762	104,204270940214
21329,99902	0,490963399999998	2,036280029	1,00577301971816	103,432723573932
21339,99902	0,4894137	2,027551636	1,00577972723518	102,989365368009
21349,99902	0,490158699999995	2,031629517	1,00588946105326	103,196501092091
21359,99902	0,490248199999996	2,03024585	1,00587958682004	103,126217808706
21369,99902	0,48974149999998	2,030324463	1,00585797593239	103,130210951389
21379,99902	0,490665400000012	2,032614258	1,00591601005774	103,246520952913
21389,99902	0,491231599999992	2,034029297	1,00589346695926	103,318397775182
21399,99902	0,49221510000001	2,039368042	1,00600254963007	103,58957901153
21409,99902	0,490069300000016	2,033543457	1,00595317846398	103,293719561132
21419,99902	0,492483300000004	2,040286133	1,00575373735715	103,636213389546
21429,99902	0,492691900000011	2,042796143	1,00609430538212	103,763709198964
21439,99902	0,493794600000001	2,053504395	1,00618084495445	104,307634225631
21449,99902	0,493228400000021	2,048831055	1,00590417938205	104,070252196881
21459,99902	0,493466800000022	2,05120166	1,00594786826299	104,190666937573
21469,99902	0,492572699999982	2,043610962	1,0058354328339	103,805097881851
21479,99902	0,493377399999986	2,047794678	1,00604651757413	104,017609488495
21489,99902	0,492781400000013	2,043987183	1,00585005714142	103,824208005283
21499,99902	0,493288000000007	2,04667981	1,00574097447061	103,960979834408
21509,99902	0,493288000000007	2,046356445	1,00584763559375	103,944554528369
21519,99902	0,493019800000013	2,046800903	1,00597041136148	103,967130746178
21529,99902	0,492721700000004	2,044452759	1,0059692941088	103,847856910652
21539,99902	0,492960200000027	2,04383374	1,0055862474766	103,816413877178
21549,99902	0,493109199999992	2,044153809	1,00584614525669	103,832671763092
21559,99902	0,492304499999989	2,040191406	1,00566784993231	103,631401737187
21569,99902	0,492483300000004	2,041153564	1,00557190123196	103,68027449586
21579,99902	0,492781400000013	2,043529541	1,00581046718751	103,800962106974
21589,99902	0,492542899999989	2,041550415	1,00574842715616	103,700432518921
21599,99902	0,493854199999987	2,049253662	1,00584651734084	104,091718494438
21609,99902	0,493645599999979	2,05046582	1,0058841518525	104,153289988317
21619,99902	0,493109199999992	2,045026978	1,00581149241939	103,877024330777
21629,99902	0,492870799999992	2,04400061	1,005933989124	103,824890028953
21639,99902	0,494182099999989	2,052830078	1,00560133788954	104,27338233352
21649,99902	0,493854199999987	2,055799805	1,00574423520808	104,424229440748
21659,99902	0,493049600000006	2,049017822	1,00588014594649	104,079739015594
21669,99902	0,494778100000019	2,059614502	1,00609710001417	104,617996749124
21679,99902	0,494211899999982	2,054494385	1,00608759886533	104,357920709097
21689,99902	0,493466800000022	2,047776489	1,00592150630081	104,016685579316
21699,99902	0,4935562	2,04905542	1,00585723076386	104,081648803779
21709,99902	0,494122500000003	2,05725293	1,00578559556239	104,498040839132
21719,99902	0,494927099999984	2,061419434	1,00613510660998	104,709678163255
21729,99902	0,495344400000022	2,06614502	1,00589057930617	104,949714024483
21739,99902	0,495463599999994	2,06711499	1,00591489180483	104,998983593234
21749,99902	0,495284700000013	2,065314697	1,00583580491805	104,907537816833
21759,99902	0,495463599999994	2,06906958	1,00585369096327	105,098266876619
21769,99902	0,49525490000002	2,068293945	1,00619127831412	105,058868542693
21779,99902	0,495046300000013	2,06839502	1,00585918620611	105,064002641337
21789,99902	0,495612600000015	2,072980225	1,00606011865024	105,296907857977
21799,99902	0,494539700000018	2,064503662	1,00586039748006	104,866341342002
21809,99902	0,494450299999983	2,062461914	1,00578326703576	104,762630873165
21819,99902	0,494539700000018	2,063425293	1,00578354609887	104,811565652461
21829,99902	0,494629099999997	2,064384521	1,00572998298471	104,860289581958
21839,99902	0,495672200000001	2,070354492	1,00582555860068	105,163533905623
21849,99902	0,49635760000001	2,076808105	1,00570045330609	105,491344796058
21859,99902	0,49576159999998	2,072034912	1,00568387155586	105,248890740082
21869,99902	0,495284700000013	2,068432617	1,00600664855711	105,065912378727
21879,99902	0,494718499999976	2,064144531	1,0057344539959	104,848099304109
21889,99902	0,495046300000013	2,066939941	1,00587623406176	104,990091989638
21899,99902	0,494867499999998	2,066754639	1,00606859556743	104,980679585513
21909,99902	0,495374200000015	2,067690674	1,00571796626693	105,028225427947
21919,99902	0,49611920000001	2,076162598	1,00583226511747	105,458556306192
21929,99902	0,495791399999973	2,073331055	1,0059552279275	105,314728247067
21939,99902	0,495672200000001	2,074831543	1,00595532094854	105,390945446234
21949,99902	0,496268199999975	2,078134033	1,00582099356823	105,558695230355
21959,99902	0,495553000000029	2,072405762	1,00566300583674	105,267728043887
21969,99902	0,494956899999977	2,070209473	1,0058763270828	105,1561676741
21979,99902	0,49552319999998	2,070128418	1,00590119870792	105,152050490171
21989,99902	0,496446999999989	2,079280762	1,00581084027189	105,616943262051
21999,99902	0,496208599999989	2,076700195	1,00586552063875	105,485863513994
22009,99902	0,495880800000009	2,073114502	1,00588871588473	105,303728450246
22019,99902	0,495374200000015	2,069600098	1,00587092386077	105,125214507035
22029,99902	0,495433800000001	2,069010742	1,00587530185092	105,095278203891
22039,99902	0,495553000000029	2,073790527	1,00598876251189	105,338067100117
22049,99902	0,495105899999999	2,070315918	1,00600273567215	105,161574541576
22059,99902	0,495374200000015	2,069164551	1,00560385345847	105,103090922944
22069,99902	0,494390699999997	2,062352295	1,00577702562416	104,757062782547
22079,99902	0,494718499999976	2,062849609	1,00585201358391	104,782323817748
22089,99902	0,494718499999976	2,063783936	1,00578671281508	104,829782902423
22099,99902	0,493973400000016	2,057796631	1,00579071872108	104,525658099253
22109,99902	0,493794600000001	2,055618896	1,00582499947423	104,415040178798
22119,99902	0,494062900000017	2,058228516	1,00595476182208	104,547595672271
22129,99902	0,493288000000007	2,052579346	1,00576798958052	104,260646416417
22139,99902	0,493615799999986	2,055365234	1,00593044932342	104,402155432519
22149,99902	0,494033100000024	2,057460693	1,00571628888757	104,508594148423
22159,99902	0,494509900000025	2,060283691	1,0056673838269	104,651988164779
22169,99902	0,492066099999988	2,049317627	1,00599183720728	104,094967592828
22179,99902	0,493794600000001	2,056107666	1,00621503268656	104,439867222025
22189,99902	0,494271500000025	2,058302734	1,00582881833792	104,551365571189
22199,99902	0,4935562	2,056045654	1,00607418483153	104,436717326154
22209,99902	0,493377399999986	2,054777344	1,00572737439473	104,372293594758
22219,99902	0,493764800000008	2,054171875	1,00573305667988	104,341538832732
22229,99902	0,491797899999995	2,049369385	1,00597497639394	104,097596637375
22239,99902	0,493288000000007	2,052125	1,00589700675984	104,237567938233
22249,99902	0,493615799999986	2,055421631	1,00598671304837	104,405020114797
22259,99902	0,492125699999974	2,048981201	1,00587660614591	104,077878854066
22269,99902	0,492870799999992	2,050475342	1,00580478490237	104,153773657744
22279,99902	0,491887299999973	2,045648193	1,00595988498077	103,908578909941
22289,99902	0,492483300000004	2,04817041	1,00576836166467	104,036694773201
22299,99902	0,493198600000028	2,051310791	1,0058488468677	104,19621024026
22309,99902	0,491529700000001	2,044917969	1,00574460829246	103,871487225072
22319,99902	0,491708500000016	2,043009155	1,00569374578908	103,774529130899
22329,99902	0,493764800000008	2,053470703	1,00585974533257	104,305922842485
22339,99902	0,492870799999992	2,047549316	1,00601400722139	104,005146340225
22349,99902	0,492542899999989	2,042995483	1,00586356519649	103,773834662468
22359,99902	0,493019800000013	2,047085693	1,00570259579065	103,981596637375
22369,99902	0,4933178	2,050958008	1,00600320177756	104,178290648651
22379,99902	0,493526400000007	2,050891357	1,00582155269468	104,174905115051
22389,99902	0,490546199999983	2,040886353	1,00589961534982	103,666701528928
22399,99902	0,492870799999992	2,045156128	1,00581242363	103,883584497384
22409,99902	0,492453500000011	2,045199097	1,00586058352214	103,885767105196
22419,99902	0,492453500000011	2,043016235	1,00610771941592	103,77488875908
22429,99902	0,490069300000016	2,033499512	1,00572737439473	103,291487377457
22439,99902	0,490903800000012	2,035557983	1,00559267493027	103,39604729009
22449,99902	0,493228400000021	2,04555542	1,0057502905776	103,903866510895
22459,99902	0,492036299999995	2,037416016	1,00583599096013	103,490425966374
22469,99902	0,493138999999985	2,0460979	1,00578382516199	103,931421750394
22479,99902	0,493198600000028	2,050235107	1,00581419303017	104,141570935135
22489,99902	0,492274699999996	2,044237183	1,0057965870483	103,836906740489
22499,99902	0,491738300000009	2,042854736	1,00568200913465	103,766685426931
22509,99902	0,492155500000024	2,045179077	1,00600627547273	103,884750190481
22519,99902	0,492721700000004	2,043682739	1,00587809648298	103,808743790318
22529,99902	0,489592500000015	2,030013794	1,00584912593082	103,114430537918
22539,99902	0,490724999999998	2,031567383	1,00585918620611	103,193344999238
22549,99902	0,490158699999995	2,031531982	1,0057266292262	103,191546807538
22559,99902	0,489920299999994	2,030368042	1,00591088689906	103,132424544115
22569,99902	0,489473299999986	2,027061035	1,00581717470453	102,964445319246
22579,99902	0,490307799999982	2,026601685	1,00593659671375	102,941112663179
22589,99902	0,491946900000016	2,035312134	1,00594665798927	103,383559404683
22599,99902	0,492304499999989	2,036434082	1,00571954962504	103,440548686951
22609,99902	0,493526400000007	2,048113281	1,00592383482744	104,033792909026
22619,99902	0,492542899999989	2,041582642	1,00571526465592	103,702069487479
22629,99902	0,492691900000011	2,041609863	1,00578671281508	103,703452176563
22639,99902	0,492870799999992	2,04271814	1,00571526465592	103,759747041195
22649,99902	0,493377399999986	2,04702124	1,00586570768105	103,978322751054
22659,99902	0,492274699999996	2,037795898	1,00580478490237	103,509722050084
22669,99902	0,491827699999988	2,037279663	1,0058756749353	103,483499923808
22679,99902	0,492393900000025	2,036451538	1,00578401220429	103,441435363438
22689,99902	0,492870799999992	2,040144653	1,00553398865742	103,629026921319
22699,99902	0,493049600000006	2,045581055	1,00591358851007	103,905168639204
22709,99902	0,49388399999998	2,05211792	1,00585760284801	104,237208310052
22719,99902	0,492870799999992	2,045613525	1,00564791442357	103,906817950932
22729,99902	0,493228400000021	2,046847412	1,00579323429002	103,96949316808
22739,99902	0,490784599999984	2,03863269	1,00563673589537	103,552226850206
22749,99902	0,492870799999992	2,044061157	1,00587856258839	103,827965510235
22759,99902	0,493228400000021	2,046971069	1,0059228105958	103,975774318078
22769,99902	0,492483300000004	2,041687622	1,00584856680436	103,707401940367
22779,99902	0,494509900000025	2,056253906	1,00569626135802	104,447295474171
22789,99902	0,493943600000023	2,053143799	1,00595196719003	104,28931777315
22799,99902	0,494122500000003	2,053812012	1,00594619188385	104,323259612943
22809,99902	0,494390699999997	2,057244141	1,00586431036502	104,497594402398
22819,99902	0,494033100000024	2,050362793	1,00598839042774	104,148056737949
22829,99902	0,493943600000023	2,051464844	1,00562704870445	104,204035353279
22839,99902	0,494122500000003	2,051888428	1,00567744410219	104,225551277493
22849,99902	0,493973400000016	2,053807129	1,00574144057603	104,323011581246
22859,99902	0,493288000000007	2,046953369	1,00579192999503	103,974875247625
22869,99902	0,494688699999983	2,053726563	1,00566030422573	104,318919236044
22879,99902	0,494450299999983	2,054611816	1,00582313605278	104,363885609793
22889,99902	0,494062900000017	2,050298828	1,00581838497825	104,144807639559
22899,99902	0,494390699999997	2,05687915	1,00601251688433	104,479054706151
22909,99902	0,494807900000012	2,064242676	1,00584493398274	104,853084573576
22919,99902	0,494062900000017	2,056266113	1,00605816220776	104,447915528013
22929,99902	0,494182099999989	2,056599609	1,00585126841537	104,464855437598
22939,99902	0,494509900000025	2,059730713	1,00587045775535	104,623899679992
22949,99902	0,494062900000017	2,055013184	1,00579481764812	104,384273073602
22959,99902	0,494718499999976	2,060308594	1,00586570768105	104,65325311119
22969,99902	0,49525490000002	2,063576904	1,00614749641213	104,819266724234
22979,99902	0,494718499999976	2,063396484	1,00591284334154	104,810102301011
22989,99902	0,494688699999983	2,062020508	1,00586635982854	104,740209681516
22999,99902	0,496089400000017	2,071763184	1,00591284334154	105,235088332402
23009,99902	0,495612600000015	2,070723389	1,00600077922967	105,182272006908
23019,99902	0,495463599999994	2,070109619	1,00593464027127	105,151095596079
23029,99902	0,495701999999994	2,071889893	1,00595038383193	105,241524508559
23039,99902	0,494718499999976	2,065599365	1,00597600062558	104,921997511048
23049,99902	0,495344400000022	2,064932129	1,00576240031641	104,888105297912
23059,99902	0,494688699999983	2,060772705	1,00574498037661	104,676827601971
23069,99902	0,495284700000013	2,065346924	1,00593193966048	104,909174785391
23079,99902	0,494927099999984	2,061557617	1,00599686734493	104,716697160563
23089,99902	0,495701999999994	2,070218018	1,0060978451827	105,156601716869
23099,99902	0,496178799999996	2,072185059	1,00595196719003	105,256517448062
23109,99902	0,49552319999998	2,067833008	1,00603925193089	105,035455275055
23119,99902	0,494927099999984	2,0605896	1,00574209272352	104,667526794331
23129,99902	0,495463599999994	2,064191895	1,00574125453395	104,850505155686
23139,99902	0,495672200000001	2,066205811	1,00564204609636	104,952801899731
23149,99902	0,494599300000004	2,060040039	1,00572485982602	104,639611875857
23159,99902	0,495135699999992	2,064269775	1,00599118505979	104,854461065678
23169,99902	0,494539700000018	2,059566406	1,00571899049858	104,61555371565
23179,99902	0,494807900000012	2,0609104	1,00554125430066	104,683821811348
23189,99902	0,493973400000016	2,055486328	1,00576705836991	104,408306395083
23199,99902	0,493794600000001	2,053494629	1,00566486825796	104,307138162239
23209,99902	0,494599300000004	2,058275391	1,00589831105483	104,549976685122
23219,99902	0,494956899999977	2,060504639	1,00575727715773	104,663211205364
23229,99902	0,49501650000002	2,062838379	1,005808417724	104,781753390562
23239,99902	0,494867499999998	2,064047363	1,00563645683225	104,843163661299
23249,99902	0,495046300000013	2,063891357	1,00604027616254	104,835239345761
23259,99902	0,49501650000002	2,064276855	1,00577367186566	104,854820693859
23269,99902	0,494390699999997	2,057051025	1,00560851051174	104,487785086605
23279,99902	0,494867499999998	2,06112207	1,00580320154427	104,694573576472
23289,99902	0,494718499999976	2,059933594	1,00588079809399	104,634205008381
23299,99902	0,494182099999989	2,055741699	1,00607073805199	104,421277949916
23309,99902	0,49501650000002	2,061629395	1,00595541396958	104,720343119825
23319,99902	0,494271500000025	2,05515918	1,00574991749322	104,391688931782
23329,99902	0,491887299999973	2,049416016	1,0056461450234	104,09996525626
23339,99902	0,494033100000024	2,052930908	1,00567511557556	104,278503987403
23349,99902	0,494718499999976	2,05752832	1,00595858068578	104,512029257886
23359,99902	0,494211899999982	2,055080078	1,00579649402726	104,387670950373
23369,99902	0,494271500000025	2,05418042	1,00581447309352	104,341972875502
23379,99902	0,493288000000007	2,052556885	1,00582173873676	104,259505511251
23389,99902	0,493764800000008	2,051971191	1,00573193942719	104,22975521918
23399,99902	0,494927099999984	2,060495361	1,00583999686613	104,662739929903
23409,99902	0,494062900000017	2,053626709	1,00566468221588	104,313847158023
23419,99902	0,493764800000008	2,053372314	1,00596445001323	104,300925179052
23429,99902	0,493973400000016	2,054539063	1,00581242363	104,360190125464
23439,99902	0,492036299999995	2,046957153	1,00573464003798	103,975067455681
23449,99902	0,492036299999995	2,044406006	1,00579220905814	103,845482094783
23459,99902	0,492393900000025	2,046330811	1,00580171120721	103,943252450856
23469,99902	0,493526400000007	2,048123291	1,00616715185753	104,034301366384
23479,99902	0,492572699999982	2,046165894	1,00584400277213	103,9348755016
23489,99902	0,491082600000027	2,040522461	1,00580469188134	103,648217656321
23499,99902	0,492691900000011	2,042335693	1,00597003927733	103,740320668461
23509,99902	0,491529700000001	2,039981812	1,00592374180641	103,62075542236
23519,99902	0,491231599999992	2,039631958	1,00598149686865	103,602984609133
23529,99902	0,493645599999979	2,047715454	1,00589598252819	104,013585310103
23539,99902	0,491082600000027	2,040214844	1,00596491511842	103,63259226901
23549,99902	0,491887299999973	2,041260376	1,00573417493279	103,685700005079
23559,99902	0,491201799999999	2,039818115	1,00579751925913	103,612440442932
23569,99902	0,490993199999991	2,038904175	1,00587977386234	103,566016914715
23579,99902	0,492870799999992	2,039633423	1,00585844103758	103,603059023721
23589,99902	0,493228400000021	2,044861572	1,00568247423984	103,868622542795
23599,99902	0,492960200000027	2,041923218	1,0058220188001	103,719369025245
23609,99902	0,490874000000019	2,037956909	1,00594619188385	103,517900594301
23619,99902	0,490546199999983	2,034678833	1,00598578183776	103,351390917865
23629,99902	0,491201799999999	2,033452393	1,00568713229333	103,289093970641
23639,99902	0,490248199999996	2,031229492	1,0058873185687	103,176181845888
23649,99902	0,492542899999989	2,036780151	1,0058951433384	103,458127241327
23659,99902	0,489562700000022	2,027395874	1,00582853927481	102,981453446437
23669,99902	0,490784599999984	2,029651123	1,00588778467412	103,096008685935
23679,99902	0,49164890000003	2,037338623	1,00584754257271	103,486494793519
23689,99902	0,492691900000011	2,040015991	1,00598671304837	103,622491542642
23699,99902	0,492125699999974	2,037272461	1,00582062148407	103,483134098644
23709,99902	0,492483300000004	2,037769165	1,0059047385085	103,508364148931
23719,99902	0,491082600000027	2,035859985	1,00596445001323	103,411387463809
23729,99902	0,491976700000009	2,036577271	1,00582062148407	103,447821963732
23739,99902	0,49221510000001	2,038239746	1,00595457578001	103,532267282979
23749,99902	0,491738300000009	2,037089233	1,00581111933501	103,473827043226
23759,99902	0,490307799999982	2,031485352	1,00583422155995	103,189178239447
23769,99902	0,492393900000025	2,037035278	1,0059085573722	103,471086402194
23779,99902	0,492900599999984	2,039990479	1,00577069119153	103,621195662112
23789,99902	0,492364099999975	2,03750354	1,00565508804601	103,494871742774
23799,99902	0,493288000000007	2,043503296	1,00582416128466	103,799628993752
23809,99902	0,494182099999989	2,050918945	1,00615606635036	104,176306445878
23819,99902	0,493943600000023	2,055114014	1,00573901902836	104,389394727485
23829,99902	0,493705200000022	2,051064453	1,00584772861479	104,183697516127
23839,99902	0,492542899999989	2,043481445	1,00592588429096	103,7985190735
23849,99902	0,493228400000021	2,045282471	1,00593044932342	103,890002082593
23859,99902	0,490814399999977	2,038342896	1,0057731127392	103,537506781125
23869,99902	0,493019800000013	2,045605103	1,00591247025716	103,90639015594
23879,99902	0,493645599999979	2,047012085	1,00586030445902	103,977857723371
23889,99902	0,494301300000018	2,054114014	1,00600702064126	104,338599786661
23899,99902	0,494688699999983	2,057312256	1,0059494516211	104,501054299792
23909,99902	0,494688699999983	2,057651855	1,00574758896659	104,518304210901
23919,99902	0,495105899999999	2,060494629	1,00574078842854	104,662702748006
23929,99902	0,495105899999999	2,061975342	1,00570743988622	104,737915477218
23939,99902	0,495046300000013	2,062067139	1,00571954962504	104,742578300401
23949,99902	0,494182099999989	2,055781982	1,00574544648203	104,423324122517
23959,99902	0,495433800000001	2,063441895	1,00576016481082	104,812408950069
23969,99902	0,494360900000004	2,058855469	1,00591889771083	104,579441712805
23979,99902	0,49576159999998	2,066578369	1,00599081197541	104,971725961294
23989,99902	0,495701999999994	2,067870117	1,00573883198605	105,037340224514
23999,99902	0,495433800000001	2,065190674	1,00583804042365	104,901238075888
24009,99902	0,49576159999998	2,069147705	1,00584689042522	105,102235231371
24019,99902	0,495433800000001	2,064311768	1,00576631220115	104,856594097628
24029,99902	0,495344400000022	2,063835449	1,00597926136305	104,83239950221
24039,99902	0,495135699999992	2,062304932	1,00572457976268	104,754656981765
24049,99902	0,49525490000002	2,0639104	1,00578661979404	104,836206633819
24059,99902	0,496268199999975	2,069972412	1,00594684403135	105,144126174633
24069,99902	0,495553000000029	2,065636963	1,00588601427371	104,923907299233
24079,99902	0,495612600000015	2,064763428	1,00581214456688	104,8795361406
24089,99902	0,495672200000001	2,066637939	1,00590119870792	104,974751815919
24099,99902	0,496178799999996	2,068989502	1,00574647071368	105,094199319348
24109,99902	0,496596099999977	2,071839844	1,00598941465938	105,238982272566
24119,99902	0,495940399999995	2,067330078	1,00599286143893	105,009908975466
24129,99902	0,496208599999989	2,070768799	1,00587502278781	105,184578605171
24139,99902	0,496089400000017	2,068001709	1,00588368574708	105,044024432367
24149,99902	0,496625900000026	2,076999023	1,00594451450449	105,501042464571
24159,99902	0,495791399999973	2,068013916	1,00573370882737	105,044644486209
24169,99902	0,496029799999974	2,070124756	1,00596500913968	105,151864479098
24179,99902	0,495612600000015	2,066823242	1,00576342454806	104,984164270839
24189,99902	0,495791399999973	2,067023193	1,00606533482996	104,994320770051
24199,99902	0,495940399999995	2,069790283	1,0058685023131	105,134874942856
24209,99902	0,495135699999992	2,065771484	1,0060151254743	104,930740285468
24219,99902	0,495701999999994	2,067662842	1,00590548367703	105,026811703154
24229,99902	0,496268199999975	2,072409424	1,0059472161155	105,26791405496
24239,99902	0,496446999999989	2,077563477	1,00613370929395	105,529713872098
24249,99902	0,495463599999994	2,06832959	1,00610501780491	105,060679128359
24259,99902	0,49525490000002	2,066049561	1,00594954564236	104,944865190227
24269,99902	0,497043099999985	2,079371826	1,00580823168192	105,621568852542
24279,99902	0,496268199999975	2,076358398	1,00564661112881	105,468501955605
24289,99902	0,496208599999989	2,073324219	1,00604400300542	105,314381012851
24299,99902	0,497102700000028	2,08010376	1,00582770108524	105,658747396759
24309,99902	0,496298000000024	2,07645459	1,00588545614748	105,473388022553
24319,99902	0,496178799999996	2,074004883	1,00571899049858	105,348955300452
24329,99902	0,495374200000015	2,068357666	1,00589477125425	105,062105247117
24339,99902	0,495463599999994	2,066305908	1,00594190691474	104,957886320922
24349,99902	0,496029799999974	2,069483154	1,00591517186817	105,119274343475
24359,99902	0,494927099999984	2,062623047	1,00591750039481	104,770815614365
24369,99902	0,495344400000022	2,064113037	1,00587958682004	104,846499568243
24379,99902	0,49576159999998	2,067540527	1,00591358851007	105,020598719967
24389,99902	0,495344400000022	2,065284424	1,00581382094602	104,90600010159
24399,99902	0,494629099999997	2,060599609	1,00602378843357	104,668035200894
24409,99902	0,494450299999983	2,058447021	1,0057232754677	104,558694620816
24419,99902	0,495284700000013	2,065262939	1,00592206542726	104,904908772286
24429,99902	0,495374200000015	2,06366333	1,00571861841443	104,82365672779
24439,99902	0,495344400000022	2,065232178	1,00586887439725	104,903346269112
24449,99902	0,496089400000017	2,071590332	1,00616295990945	105,226308325291
24459,99902	0,495672200000001	2,06849707	1,00577767777166	105,069186265048
24469,99902	0,49388399999998	2,056511719	1,00588648037913	104,460391070249
24479,99902	0,494182099999989	2,058210693	1,00589486427528	104,546690354041
24489,99902	0,493019800000013	2,056696045	1,00593799402978	104,469753898512
24499,99902	0,493645599999979	2,056223145	1,00575466856775	104,445732970996
24509,99902	0,494122500000003	2,056537842	1,00589384004364	104,461717986489
24519,99902	0,494688699999983	2,058847168	1,00574181366041	104,579020064002
24529,99902	0,494122500000003	2,057799805	1,0056084174907	104,525819322395
24539,99902	0,492453500000011	2,050198975	1,0059355724821	104,139735612333
24549,99902	0,494062900000017	2,054034424	1,00584921895185	104,334557017321
24559,99902	0,493138999999985	2,047749756	1,00599239533351	104,015327678163
24569,99902	0,494718499999976	2,056662354	1,00569234847305	104,46804256616
24579,99902	0,494539700000018	2,056603027	1,00573016902679	104,465029054706
24589,99902	0,494599300000004	2,057930908	1,00580199027032	104,532478691522
24599,99902	0,492393900000025	2,049324219	1,00604279173147	104,095302433078
24609,99902	0,492304499999989	2,050428467	1,0058486598254	104,151392644893
24619,99902	0,493705200000022	2,047527344	1,00579025261566	104,004030273785
24629,99902	0,494301300000018	2,049740723	1,00582173873676	104,116458729111
24639,99902	0,492781400000013	2,042691895	1,00593138053403	103,758413927973
24649,99902	0,492691900000011	2,04482019	1,00583589793909	103,866520546554
24659,99902	0,492125699999974	2,042923828	1,00594190691474	103,770194950983
24669,99902	0,492691900000011	2,041473877	1,0061002677306	103,69654477574
24679,99902	0,492900599999984	2,041381104	1,00589151051678	103,691832376695
24689,99902	0,491887299999973	2,039773804	1,00572206519397	103,610189668309
24699,99902	0,492900599999984	2,04477478	1,00575280514631	103,864213948291
24709,99902	0,493705200000022	2,049632324	1,00573650345942	104,11095260832
24719,99902	0,492691900000011	2,044011841	1,00616193467758	103,825460506934
24729,99902	0,491976700000009	2,042067383	1,00589365300133	103,726691877889
24739,99902	0,493109199999992	2,042587769	1,00586514855459	103,753124853965
24749,99902	0,4935562	2,045595703	1,00602872555018	103,905912683497
24759,99902	0,490993199999991	2,037281738	1,00589831105483	103,48360532331
24769,99902	0,49161909999998	2,038118286	1,00589682071776	103,526097729466
24779,99902	0,490546199999983	2,03464563	1,00596398390781	103,349704373444
24789,99902	0,492542899999989	2,038274048	1,00574600560848	103,534009651039
24799,99902	0,490814399999977	2,034900513	1,00569989417964	103,362651140346
24809,99902	0,491201799999999	2,034530273	1,00605052348013	103,343844821456
24819,99902	0,491380600000014	2,035367065	1,00586151573297	103,386349621578
24829,99902	0,493288000000007	2,04027063	1,00579481764812	103,635425915579
24839,99902	0,492572699999982	2,040312622	1,00579090476316	103,637558896734
24849,99902	0,490575999999976	2,031555786	1,00580338758635	103,192755930309
24859,99902	0,49221510000001	2,035420532	1,00579947570161	103,389065474679
24869,99902	0,491201799999999	2,031088379	1,0059409747039	103,169014019404
24879,99902	0,4935562	2,044802856	1,00612476627134	103,865640067049
24889,99902	0,49388399999998	2,047700073	1,00584968505727	104,012804033118
24899,99902	0,493198600000028	2,042734009	1,00581736074661	103,760553106111
24909,99902	0,493973400000016	2,046663818	1,00572588405767	103,960167521715
24919,99902	0,492900599999984	2,040334839	1,00587399755594	103,638687407934
24929,99902	0,493973400000016	2,048375244	1,00578037838244	104,047099304109
24939,99902	0,493377399999986	2,045528809	1,00581288973541	103,902514806725
24949,99902	0,494539700000018	2,052173096	1,00573818083879	104,240010971707
24959,99902	0,493377399999986	2,042559204	1,00559686687835	103,75167389648
24969,99902	0,494539700000018	2,05620166	1,00584418881421	104,444641641692
24979,99902	0,494927099999984	2,058061279	1,00572355553104	104,539100878752
24989,99902	0,494539700000018	2,056629639	1,00593855315623	104,466380809671
24999,99902	0,494807900000012	2,057068115	1,00580916289253	104,488653172144
25009,99902	0,494867499999998	2,058637939	1,00592867892301	104,568392289328
25019,99902	0,495105899999999	2,063681641	1,00584744955168	104,824586833951
25029,99902	0,494360900000004	2,05535498	1,00591321542569	104,401634581196
25039,99902	0,494956899999977	2,05904126	1,00605052348013	104,588878955656
25049,99902	0,494927099999984	2,057425537	1,00589803099149	104,506808401483
25059,99902	0,495672200000001	2,064577393	1,00601568460076	104,870086503784
25069,99902	0,49576159999998	2,066738037	1,00610278229931	104,979836287906
25079,99902	0,495553000000029	2,063	1,00579882355412	104,789962919693
25089,99902	0,494718499999976	2,05854834	1,00602322930711	104,563841113425
25099,99902	0,494360900000004	2,056744141	1,00564735629735	104,472196931986
25109,99902	0,495046300000013	2,061251465	1,00593873919831	104,70114618784
25119,99902	0,495195299999978	2,063172852	1,0058951433384	104,798742926804
25129,99902	0,49501650000002	2,060158936	1,00593929832476	104,645651241936
25139,99902	0,495195299999978	2,063176025	1,00586915346037	104,798904099152
25149,99902	0,494062900000017	2,052626221	1,00591470576276	104,263027429268
25159,99902	0,494599300000004	2,05722583	1,00579248912148	104,496664296236
25169,99902	0,494956899999977	2,060208496	1,00563012239962	104,648168639204
25179,99902	0,494956899999977	2,060026855	1,00602183199109	104,638942195357
25189,99902	0,494927099999984	2,05905835	1,00588471097895	104,589747041195
25199,99902	0,494688699999983	2,058358887	1,00581149241939	104,554217859501
25209,99902	0,494867499999998	2,059415527	1,00591517186817	104,607889825773
25219,99902	0,495612600000015	2,064233643	1,00586486849125	104,852625742876
25229,99902	0,495463599999994	2,063528809	1,00555233980783	104,816823741555
25239,99902	0,496864300000027	2,075111328	1,00588312662062	105,405157108752
25249,99902	0,49501650000002	2,06313501	1,00585816197446	104,796820744654
25259,99902	0,495701999999994	2,067163086	1,00591340146777	105,001426626708
25269,99902	0,495135699999992	2,064648682	1,00582136665261	104,873707624321
25279,99902	0,496298000000024	2,072777832	1,00605695093381	105,286627317519
25289,99902	0,496029799999974	2,06893457	1,00572867868972	105,091409051658
25299,99902	0,496298000000024	2,070959961	1,00594777524196	105,194288667649
25309,99902	0,49611920000001	2,069096924	1,00587809648298	105,099655813481
25319,99902	0,496834499999977	2,077900391	1,00584875384666	105,546827398791
25329,99902	0,495553000000029	2,067974609	1,0055918367407	105,04264788947
25339,99902	0,496506599999975	2,074592285	1,00573547922777	105,378792350282
25349,99902	0,496834499999977	2,077695801	1,00611098015339	105,536435261848
25359,99902	0,49778809999998	2,086928223	1,00586673191269	106,005395590999
25369,99902	0,496864300000027	2,078689697	1,00573985721793	105,586920150353
25379,99902	0,495463599999994	2,070053467	1,00578661979404	105,148243358561
25389,99902	0,495672200000001	2,068930176	1,00572355553104	105,091185858688
25399,99902	0,495701999999994	2,07195459	1,00582062148407	105,244810788845
25409,99902	0,495880800000009	2,069613281	1,0058564845951	105,12588413674
25419,99902	0,495701999999994	2,067529785	1,00586235392254	105,020053080713
25429,99902	0,495195299999978	2,063617432	1,00579109180546	104,821325341596
25439,99902	0,495999999999981	2,069832764	1,00583002961187	105,137032762737
25449,99902	0,494867499999998	2,063055664	1,00592476603805	104,792790369279
25459,99902	0,495612600000015	2,065929443	1,00582546457942	104,938763803525
25469,99902	0,49576159999998	2,066104492	1,00583953076071	104,947655407121
25479,99902	0,496178799999996	2,071555908	1,00576854870697	105,224559760248
25489,99902	0,496596099999977	2,076042236	1,00588825077953	105,452442525524
25499,99902	0,495612600000015	2,066474365	1,00584372270879	104,966443084269
25509,99902	0,495672200000001	2,069817139	1,00590650890891	105,136239091786
25519,99902	0,497102700000028	2,077863281	1,00620320201086	105,544942398537
25529,99902	0,495672200000001	2,069945313	1,0057565319892	105,142749682532
25539,99902	0,496446999999989	2,074661133	1,00595653222249	105,382289480368
25549,99902	0,494629099999997	2,063162598	1,00587250721887	104,798222075481
25559,99902	0,494450299999983	2,057388184	1,00607940101126	104,504911058059
25569,99902	0,493794600000001	2,056777832	1,00565909295178	104,473908264337
25579,99902	0,494390699999997	2,057071045	1,00594907953694	104,488802001321
25589,99902	0,494778100000019	2,059950439	1,00574190668145	104,635060649159
25599,99902	0,494688699999983	2,060753418	1,00574973145114	104,675847919947
25609,99902	0,494807900000012	2,057465332	1,00585760284801	104,508829786153
25619,99902	0,494927099999984	2,056187988	1,00575327125173	104,443947173262
25629,99902	0,493466800000022	2,052622559	1,00585247968932	104,262841418195
25639,99902	0,493228400000021	2,049046143	1,00584260545611	104,081177579113
25649,99902	0,493764800000008	2,047282227	1,00581708168349	103,991579570275
25659,99902	0,491470100000015	2,041977905	1,00589365300133	103,722146848174
25669,99902	0,4935562	2,043849487	1,00584251243507	103,817213745111
25679,99902	0,492632300000025	2,042539063	1,00587045775535	103,750650835577
25689,99902	0,491708500000016	2,041292236	1,00559910238394	103,687318331894
25699,99902	0,493019800000013	2,041861328	1,00613501358894	103,716225326357
25709,99902	0,492542899999989	2,040404663	1,00600608943065	103,642234113882
25719,99902	0,49161909999998	2,040610718	1,00596267961282	103,652700665414
25729,99902	0,492870799999992	2,042810669	1,00578503643594	103,764447046274
25739,99902	0,491887299999973	2,036053345	1,00584120814008	103,421209173566
25749,99902	0,491380600000014	2,031613281	1,00583953076071	103,195676385432
25759,99902	0,491291199999978	2,028186401	1,00547092339419	103,021608218621
25769,99902	0,491976700000009	2,029968872	1,00608200960123	103,112148727587
25779,99902	0,493466800000022	2,039379639	1,00592150630081	103,590168080459
25789,99902	0,492483300000004	2,037873047	1,00593138053403	103,513640828973
25799,99902	0,492900599999984	2,036084961	1,00581587040954	103,422815106415
25809,99902	0,492811200000006	2,037479736	1,00584297754026	103,493662620003
25819,99902	0,492125699999974	2,032972656	1,0057020366642	103,264725758114
25829,99902	0,491470100000015	2,033221436	1,00586412332272	103,277362523493
25839,99902	0,493943600000023	2,043335449	1,00595438873771	103,79110321532
25849,99902	0,492572699999982	2,035784424	1,00589849709691	103,407549347285
25859,99902	0,492781400000013	2,037464966	1,00603021588724	103,492912378727
25869,99902	0,493019800000013	2,039646118	1,00581791987306	103,603703865495
25879,99902	0,493794600000001	2,044273438	1,00594647094697	103,838748311068
25889,99902	0,492393900000025	2,037678589	1,00573305667988	103,503763346371
25899,99902	0,493615799999986	2,042903931	1,00574973145114	103,769184284045
25909,99902	0,493228400000021	2,040859497	1,00572057485691	103,665337379997
25919,99902	0,494211899999982	2,048163818	1,00593995047226	104,036359932951
25929,99902	0,494360900000004	2,051895264	1,00568554893523	104,225898511708
25939,99902	0,494033100000024	2,051525146	1,00593790100874	104,2070983898
25949,99902	0,493437000000029	2,045836914	1,005854901237	103,918164981968
25959,99902	0,493794600000001	2,049501465	1,00614376956925	104,104305633159
25969,99902	0,493466800000022	2,04592688	1,00589206964323	103,922734799614
25979,99902	0,494688699999983	2,052454834	1,00562006212433	104,254321836745
25989,99902	0,491559499999994	2,040817383	1,00587744433548	103,663198201859
25999,99902	0,49388399999998	2,049302979	1,00605238690158	104,094223548535
26009,99902	0,493794600000001	2,048448486	1,0058376683395	104,050819627165
26019,99902	0,495046300000013	2,057926025	1,00580823168192	104,532230659826
26029,99902	0,494778100000019	2,054792969	1,00582024839969	104,373087265708
26039,99902	0,493854199999987	2,047965698	1,00604698367955	104,026296439275
26049,99902	0,494599300000004	2,053174316	1,00591852562668	104,290867882359
26059,99902	0,493973400000016	2,048707275	1,00577423099211	104,063964799106
26069,99902	0,494390699999997	2,053904297	1,00581149241939	104,327947224056
26079,99902	0,494539700000018	2,052924805	1,00579882355412	104,278193985879
26089,99902	0,494390699999997	2,051369629	1,00581978229428	104,199198912988
26099,99902	0,494778100000019	2,055432861	1,00603487394074	104,405590541982
26109,99902	0,494360900000004	2,050353027	1,00584670438314	104,147560674557
26119,99902	0,495135699999992	2,058068848	1,00621549779175	104,53948534566
26129,99902	0,49501650000002	2,057669678	1,00575550675732	104,519209529131
26139,99902	0,49388399999998	2,046799194	1,00598727217483	103,967043937624
26149,99902	0,495433800000001	2,058351563	1,00589877716025	104,553845837355
26159,99902	0,495701999999994	2,060001953	1,00583002961187	104,637677299741
26169,99902	0,495851000000016	2,062300537	1,00588592125267	104,754433738
26179,99902	0,495046300000013	2,055927002	1,0057849434149	104,430690404836
26189,99902	0,494182099999989	2,050376465	1,00595103597942	104,14875120638
26199,99902	0,49501650000002	2,056946045	1,00587483674573	104,482452633718
26209,99902	0,495940399999995	2,062675293	1,00562509226197	104,773469446843
26219,99902	0,496268199999975	2,067057861	1,00606738429348	104,99608172906
26229,99902	0,496029799999974	2,067248779	1,00588927501118	105,005779397572
26239,99902	0,494807900000012	2,057125977	1,00584130116112	104,49159226901
26249,99902	0,49576159999998	2,065975098	1,00610483176283	104,941082846548
26259,99902	0,495463599999994	2,062697021	1,0060922559186	104,774573119317
26269,99902	0,495851000000016	2,066431885	1,00614041681097	104,964285315183
26279,99902	0,49576159999998	2,063463867	1,00587502278781	104,813525016508
26289,99902	0,496596099999977	2,069553955	1,00587502278781	105,122870676081
26299,99902	0,494867499999998	2,056818115	1,00561260943878	104,475954436938
26309,99902	0,495046300000013	2,059833496	1,00591619609982	104,629120536395
26319,99902	0,495195299999978	2,060254395	1,00582546457942	104,650500076192
26329,99902	0,496864300000027	2,071591064	1,00583738827616	105,226345507187
26339,99902	0,495284700000013	2,060548096	1,0058314269279	104,665418601107
26349,99902	0,496208599999989	2,068719238	1,00571824533005	105,080471275461
26359,99902	0,495374200000015	2,063385254	1,00587464970343	104,809531873825
26369,99902	0,496745099999998	2,076060303	1,00568443068232	105,45336023772
26379,99902	0,49611920000001	2,069580322	1,00577208850755	105,124209986285
26389,99902	0,495195299999978	2,061297119	1,0057831730145	104,703465180068
26399,99902	0,495612600000015	2,064595947	1,00592262355349	104,871028953116
26409,99902	0,496536400000025	2,07174707	1,00601251688433	105,234269822726
26419,99902	0,496298000000024	2,068112793	1,00621736121319	105,049666937573
26429,99902	0,496506599999975	2,071676514	1,00599155714394	105,230685934881
26439,99902	0,496029799999974	2,067986328	1,00590790522471	105,043243155382
26449,99902	0,495433800000001	2,062233643	1,00583329034934	104,751035861228
26459,99902	0,496685500000012	2,070712158	1,00595979195973	105,181701528928
26469,99902	0,497341100000028	2,078505371	1,00609104564488	105,577557322091
26479,99902	0,496298000000024	2,069878174	1,00561726749227	105,139339361
26489,99902	0,497192100000007	2,076308105	1,00585918620611	105,465947325646
26499,99902	0,496625900000026	2,074361328	1,00596472907634	105,367060903134
26509,99902	0,496774899999991	2,074523682	1,00583580491805	105,375307664957
26519,99902	0,496178799999996	2,07097168	1,00602313628608	105,19488393356
26529,99902	0,49611920000001	2,071070068	1,00585555338449	105,199881546198
26539,99902	0,496745099999998	2,072184814	1,00561326158627	105,256505003302
26549,99902	0,496208599999989	2,070262939	1,00595969893869	105,158883476406
26559,99902	0,496417199999996	2,073727539	1,00572942385825	105,334867628384
26569,99902	0,496745099999998	2,072081055	1,00591004870949	105,251234571037
26579,99902	0,496864300000027	2,07374707	1,00578988053151	105,335859704373
26589,99902	0,496089400000017	2,069333008	1,00596901404546	105,11164768629
26599,99902	0,495791399999973	2,06584082	1,00580534402883	104,934262203485
26609,99902	0,495195299999978	2,061576416	1,00570073236921	104,717652054655
26619,99902	0,495463599999994	2,06304541	1,00572085392002	104,792269517956
26629,99902	0,496089400000017	2,069801514	1,00579155691065	105,135445420836
26639,99902	0,495851000000016	2,066287109	1,00593818007185	104,95693142683
26649,99902	0,495433800000001	2,062708496	1,00585555338449	104,775155991263
26659,99902	0,495135699999992	2,059515137	1,00574060238646	104,612949509829
26669,99902	0,494033100000024	2,059256104	1,00569449095761	104,599791943922
26679,99902	0,4935562	2,055761719	1,00588871588473	104,422294864631
26689,99902	0,493526400000007	2,056294922	1,00562462615656	104,449378879464
26699,99902	0,494778100000019	2,056893311	1,0059534575271	104,479774013308
26709,99902	0,494062900000017	2,052868652	1,00587325238741	104,275341697567
26719,99902	0,494211899999982	2,054730225	1,00582444034777	104,369900187941
26729,99902	0,49552319999998	2,062006836	1,00594768222092	104,739515213085
26739,99902	0,494778100000019	2,056579834	1,00600646151481	104,463850967644
26749,99902	0,493854199999987	2,049386719	1,00587027171328	104,098477116879
26759,99902	0,494271500000025	2,052972168	1,0057116318343	104,280599786661
26769,99902	0,495195299999978	2,057295166	1,00602658306562	104,500186214253
26779,99902	0,492781400000013	2,050353516	1,00582015537866	104,147585513283
26789,99902	0,494033100000024	2,052311523	1,00583226511747	104,247042362981
26799,99902	0,495284700000013	2,059562988	1,0057652879695	104,615380098542
26809,99902	0,493138999999985	2,051562256	1,00574665775598	104,208983390054
26819,99902	0,492900599999984	2,046523926	1,00575280514631	103,953061715853
26829,99902	0,492721700000004	2,043987061	1,00580953597691	103,8242018083
26839,99902	0,494301300000018	2,050032227	1,00568918175685	104,131265657541
26849,99902	0,492691900000011	2,045432739	1,0058841518525	103,89763493676
26859,99902	0,49388399999998	2,049369873	1,00585778889008	104,097621425306
26869,99902	0,494778100000019	2,053527344	1,00584856680436	104,308799918728
26879,99902	0,494807900000012	2,052783203	1,00574498037661	104,271001320668
26889,99902	0,493615799999986	2,044952515	1,00585341089993	103,873241987098
26899,99902	0,493645599999979	2,047661377	1,00595401665355	104,010838472088
26909,99902	0,492811200000006	2,044833496	1,0057849434149	103,867196424036
26919,99902	0,494122500000003	2,048392578	1,00573026204782	104,047979783614
26929,99902	0,492811200000006	2,042702393	1,00590827830908	103,758947173262
26939,99902	0,49388399999998	2,045600342	1,00582136665261	103,906148321227
26949,99902	0,494062900000017	2,046060059	1,00592355576433	103,929499619038
26959,99902	0,493854199999987	2,046026001	1,00592895798613	103,927769644943
26969,99902	0,49388399999998	2,045995605	1,00577162240214	103,926225681922
26979,99902	0,495105899999999	2,051150146	1,00582537155838	104,188050286991
26989,99902	0,492811200000006	2,042299438	1,00578000629829	103,738479097882
26999,99902	0,49221510000001	2,039572632	1,00589384004364	103,599971148474
27009,99902	0,494360900000004	2,046293945	1,00591358851007	103,941379844567
27019,99902	0,493138999999985	2,042014038	1,00597823613118	103,723982221771
27029,99902	0,494211899999982	2,04685144	1,00577413797107	103,969697770102
27039,99902	0,493973400000016	2,044517212	1,00586794318664	103,851130796973
27049,99902	0,493019800000013	2,042509277	1,00594274510431	103,749137857469
27059,99902	0,495105899999999	2,050853271	1,00587399755594	104,172970538934
27069,99902	0,494688699999983	2,050468506	1,00610976887944	104,153426423528
27079,99902	0,4933178	2,04267627	1,00586719801811	103,757620257022
27089,99902	0,49221510000001	2,041354492	1,00598457056381	103,69048062173
27099,99902	0,493019800000013	2,04008374	1,00573212546927	103,625932849088
27109,99902	0,494509900000025	2,046290649	1,00589859011794	103,941212424443
27119,99902	0,494867499999998	2,051830566	1,00587763137778	104,222612180627
27129,99902	0,494688699999983	2,047767334	1,00586552063875	104,016220551633
27139,99902	0,494956899999977	2,050020264	1,00592430093286	104,130657997663
27149,99902	0,494360900000004	2,048167725	1,00594898651591	104,036558388784
27159,99902	0,494599300000004	2,049447266	1,0059802855947	104,101552598161
27169,99902	0,494807900000012	2,05136084	1,00590529763496	104,198752476253
27179,99902	0,494956899999977	2,054649414	1,0058023633547	104,365795397978
27189,99902	0,495553000000029	2,059719727	1,00581568436746	104,623341646772
27199,99902	0,495880800000009	2,061697754	1,00591517186817	104,723815411185
27209,99902	0,495284700000013	2,056880127	1,00598941465938	104,479104332808
27219,99902	0,494778100000019	2,050482178	1,00581382094602	104,154120891959
27229,99902	0,496417199999996	2,064013184	1,00625238713487	104,841427541017
27239,99902	0,49525490000002	2,053695313	1,00567558168097	104,317331894143
27249,99902	0,49525490000002	2,054239258	1,00587986688338	104,34496154823
27259,99902	0,496268199999975	2,060243896	1,00595299242191	104,649966780109
27269,99902	0,496029799999974	2,061506348	1,00602239111754	104,714092954742
27279,99902	0,496268199999975	2,063671631	1,00590865139346	104,824078376594
27289,99902	0,49635760000001	2,068692383	1,00572141304648	105,079107177325
27299,99902	0,496417199999996	2,065192627	1,00578596764655	104,901337278407
27309,99902	0,495880800000009	2,064436523	1,00571386733989	104,86293102047
27319,99902	0,495612600000015	2,061885742	1,00613193989378	104,733364250521
27329,99902	0,496953700000006	2,07046167	1,00581745376764	105,168978005791
27339,99902	0,497013299999992	2,070830078	1,00589868313898	105,18769126835
27349,99902	0,496923900000013	2,071541992	1,00577544126584	105,223852897851
27359,99902	0,495672200000001	2,061529297	1,00576780353844	104,715258647839
27369,99902	0,495612600000015	2,061119385	1,00582602370587	104,694437192056
27379,99902	0,497162300000014	2,070507813	1,00589840407587	105,171321836745
27389,99902	0,497579500000029	2,075414063	1,00592104019539	105,420534515162
27399,99902	0,497281499999985	2,073641357	1,00587176205034	105,330490018794
27409,99902	0,496774899999991	2,069571045	1,00575606588378	105,123738761619
27419,99902	0,497192100000007	2,075386719	1,0059512220215	105,4191455783
27429,99902	0,497847700000023	2,079324951	1,00576267937953	105,619187839691
27439,99902	0,49611920000001	2,067039063	1,00587856258839	104,995126885762
27449,99902	0,496774899999991	2,071239014	1,00607753758981	105,20846314827
27459,99902	0,496834499999977	2,071859863	1,0059961221764	105,239999136486
27469,99902	0,497192100000007	2,073209961	1,00582751404294	105,308577284502
27479,99902	0,498235200000011	2,081623047	1,00592299663787	105,735919490019
27489,99902	0,497490099999993	2,07570874	1,00572029479357	105,435502615939
27499,99902	0,497698700000001	2,077576172	1,0059009196448	105,530358713872
27509,99902	0,49799680000001	2,080044678	1,00575271212527	105,655746330066
27519,99902	0,498175600000025	2,082098389	1,00610324840473	105,76006445878
27529,99902	0,497192100000007	2,074406494	1,00573193942719	105,369355107431
27539,99902	0,497519899999986	2,077333984	1,0055737646534	105,518056788744
27549,99902	0,496745099999998	2,071810547	1,0057368765438	105,237494133184
27559,99902	0,497192100000007	2,075619629	1,0058779104409	105,430976227968
27569,99902	0,497043099999985	2,074870605	1,00585862807988	105,392929598212
27579,99902	0,497281499999985	2,075007568	1,00580534402883	105,399886625692
27589,99902	0,497192100000007	2,076086182	1,00581270269311	105,454674759994
27599,99902	0,497370900000021	2,076837891	1,0057366895015	105,492857774166
27609,99902	0,49611920000001	2,0685625	1,00593892624061	105,072509778026
27619,99902	0,497490099999993	2,077609863	1,00601614970595	105,532070046223
27629,99902	0,497102700000028	2,076565918	1,0059031551504	105,479042921725
27639,99902	0,497668900000008	2,077753906	1,00580804563984	105,539386701884
27649,99902	0,497579500000029	2,077244629	1,00574339701851	105,513518006807
27659,99902	0,496596099999977	2,070685547	1,00581149241939	105,180349824757
27669,99902	0,49635760000001	2,072145264	1,00577441703419	105,254496063392
27679,99902	0,495374200000015	2,062627686	1,00584474794066	104,771051252095
27689,99902	0,495284700000013	2,059743896	1,00599444479703	104,624569309697
27699,99902	0,495284700000013	2,062919189	1,00575960568436	104,78585812973
27709,99902	0,493437000000029	2,05751123	1,00601372815828	104,511161172347
27719,99902	0,495701999999994	2,062152588	1,00592094717435	104,7469186773
27729,99902	0,493943600000023	2,05827417	1,00586337815419	104,549914664499
27739,99902	0,494360900000004	2,059156738	1,00585238666828	104,594744653832
27749,99902	0,493973400000016	2,055246826	1,00604064924692	104,396140905166
27759,99902	0,493943600000023	2,052340088	1,00577749072935	104,248493320465
27769,99902	0,4933178	2,053718018	1,00555392316593	104,318485193275
27779,99902	0,494807900000012	2,056556396	1,00583971780302	104,462660435821
27789,99902	0,493466800000022	2,049852051	1,00592895798613	104,122113628283
27799,99902	0,494629099999997	2,048660645	1,00596836189796	104,061596231015
27809,99902	0,49221510000001	2,043759155	1,00576491488512	103,812625336516
27819,99902	0,491797899999995	2,039635132	1,00576044387393	103,603145832275
27829,99902	0,493526400000007	2,043031372	1,00602211205443	103,775657642099
27839,99902	0,493288000000007	2,045326904	1,00596398390781	103,892259054198
27849,99902	0,492542899999989	2,042046265	1,00593594456626	103,725619190329
27859,99902	0,494271500000025	2,047231689	1,00590240998187	103,989012495555
27869,99902	0,4935562	2,045280762	1,00591778045815	103,889915274039
27879,99902	0,494629099999997	2,04986084	1,00602155292797	104,122560065018
27889,99902	0,494539700000018	2,050038086	1,00597888827867	104,131563265099
27899,99902	0,493138999999985	2,045177612	1,00584567915127	103,884675775893
27909,99902	0,493228400000021	2,043700195	1,0057228103625	103,809630466806
27919,99902	0,493437000000029	2,044781372	1,00585331787889	103,864548788541
27929,99902	0,492781400000013	2,043139771	1,00572914479514	103,781163762889
27939,99902	0,494927099999984	2,051888428	1,00599258237581	104,225551277493
27949,99902	0,494718499999976	2,05127417	1,00599463183933	104,194350078732
27959,99902	0,494718499999976	2,052637939	1,00570082539025	104,263622644385
27969,99902	0,494390699999997	2,049583984	1,00588312662062	104,108497180881
27979,99902	0,493943600000023	2,047297363	1,00576333152702	103,992348402499
27989,99902	0,494927099999984	2,05275708	1,00567641987054	104,269674404429
27999,99902	0,495046300000013	2,051656738	1,00572513888914	104,213782597653
28009,99902	0,494539700000018	2,049689209	1,00591042079364	104,113842078529
28019,99902	0,495105899999999	2,052404053	1,0059534575271	104,251742418855
28029,99902	0,495791399999973	2,056157715	1,00605238690158	104,442409458018
28039,99902	0,49552319999998	2,053316162	1,00595457578001	104,298072941535
28049,99902	0,495433800000001	2,055244385	1,00599882378741	104,396016914715
28059,99902	0,496298000000024	2,059443848	1,00578932140505	104,609328389292
28069,99902	0,495374200000015	2,053483154	1,0057675234751	104,306555290293
28079,99902	0,496029799999974	2,059296387	1,00574553950307	104,601838116524
28089,99902	0,49576159999998	2,057148193	1,00593324295524	104,492720729415
28099,99902	0,495999999999981	2,057331543	1,00602481266522	104,502033981815
28109,99902	0,495195299999978	2,052844971	1,00578503643594	104,274138822573
28119,99902	0,49576159999998	2,058294189	1,00600580936731	104,55093152842
28129,99902	0,49576159999998	2,058385254	1,00601810614843	104,555557169706
28139,99902	0,49525490000002	2,055174561	1,00578615468885	104,392470208767
28149,99902	0,495046300000013	2,052735352	1,00584148720319	104,268570731955
28159,99902	0,495940399999995	2,061651855	1,00592765469137	104,721483974196
28169,99902	0,495999999999981	2,059382324	1,00578857623652	104,606203281353
28179,99902	0,496417199999996	2,061833008	1,00613771519995	104,730685630111
28189,99902	0,495940399999995	2,057712402	1,00564838052899	104,521379692183
28199,99902	0,496745099999998	2,066343994	1,00604726274267	104,959820897039
28209,99902	0,496417199999996	2,065968506	1,00591871166876	104,940748006299
28219,99902	0,497430500000007	2,071953125	1,00597320599353	105,244736374257
28229,99902	0,497043099999985	2,070712402	1,00595075591608	105,181713922893
28239,99902	0,496953700000006	2,071637451	1,00602555883398	105,228701732107
28249,99902	0,496745099999998	2,069874756	1,00624493444932	105,139165743892
28259,99902	0,496774899999991	2,066762695	1,00582956350646	104,981088789557
28269,99902	0,497043099999985	2,068788086	1,00584251243507	105,083968405547
28279,99902	0,496864300000027	2,069545654	1,00582891135896	105,122449027277
28289,99902	0,497013299999992	2,069942139	1,00579826442766	105,142588459389
28299,99902	0,497102700000028	2,071799805	1,0058991492444	105,23694849393
28309,99902	0,496745099999998	2,067892578	1,00598326626883	105,038481129679
28319,99902	0,497609300000022	2,072344482	1,00606999288346	105,264615329913
28329,99902	0,497490099999993	2,072581787	1,00584772861479	105,276669223345
28339,99902	0,497698700000001	2,074470703	1,00589225568531	105,372616599787
28349,99902	0,497341100000028	2,070170166	1,00574730890325	105,154171077361
28359,99902	0,497281499999985	2,069698975	1,00547129647857	105,130236958399
28369,99902	0,496774899999991	2,067782227	1,00589002017971	105,032875857165
28379,99902	0,497281499999985	2,07065625	1,00568778444082	105,178861685376
28389,99902	0,496774899999991	2,068807617	1,0058526657314	105,084960481536
28399,99902	0,497013299999992	2,067178711	1,005808417724	105,002220297658
28409,99902	0,497043099999985	2,07093042	1,00571628888757	105,192788134302
28419,99902	0,497937200000024	2,077476074	1,00587101688181	105,525274241885
28429,99902	0,497370900000021	2,074814697	1,00581130537709	105,39008975466
28439,99902	0,49778809999998	2,075361084	1,00585089633122	105,417843449992
28449,99902	0,497370900000021	2,071685791	1,0057983574487	105,231157159547
28459,99902	0,497579500000029	2,072209229	1,00574749594555	105,257745161782
28469,99902	0,49778809999998	2,075983154	1,00566719778482	105,449441458831
28479,99902	0,497490099999993	2,075008057	1,00591079387802	105,399911464418
28489,99902	0,498115999999982	2,079172363	1,00569365276804	105,611437141261
28499,99902	0,49799680000001	2,076004395	1,00564484072841	105,450520394169
28509,99902	0,498175600000025	2,078989746	1,00574162661811	105,602161121552
28519,99902	0,498235200000011	2,080644775	1,00593501335565	105,686228221669
28529,99902	0,498324599999989	2,079152832	1,00597199471958	105,610445065272
28539,99902	0,498533199999997	2,080861816	1,00584400277213	105,69725280642
28549,99902	0,497370900000021	2,075730469	1,00583384847557	105,436606339209
28559,99902	0,498741800000005	2,083646484	1,0059087444145	105,838699852695
28569,99902	0,497579500000029	2,077728516	1,00580571611298	105,538097018337
28579,99902	0,498533199999997	2,083846924	1,00589737984422	105,848881190633
28589,99902	0,498115999999982	2,083308594	1,00596314571824	105,82153675014
28599,99902	0,497430500000007	2,076807373	1,0056761398072	105,491307614162
28609,99902	0,497341100000028	2,074577148	1,00580040691222	105,378023467263
28619,99902	0,497937200000024	2,078651855	1,0059474031578	105,584997968202
28629,99902	0,497519899999986	2,07586084	1,00598540975361	105,443228526439
28639,99902	0,498235200000011	2,081548584	1,00579798436432	105,73213714634
28649,99902	0,497519899999986	2,076042236	1,00567707201804	105,452442525524
28659,99902	0,497192100000007	2,073410156	1,00606691818806	105,318746177681
28669,99902	0,496625900000026	2,069996338	1,00588722554766	105,145341494387
28679,99902	0,496446999999989	2,068563232	1,00574367608162	105,072546959923
28689,99902	0,496029799999974	2,064657471	1,00596780377173	104,874154061056
28699,99902	0,495553000000029	2,063891602	1,00589141749574	104,835251790522
28709,99902	0,496596099999977	2,067773682	1,00587642010384	105,032441814395
28719,99902	0,496298000000024	2,066440186	1,00576985200173	104,964706963986
28729,99902	0,496536400000025	2,067394775	1,00610678820531	105,013195255753
28739,99902	0,494927099999984	2,058044189	1,00583943773967	104,538232793214
28749,99902	0,493228400000021	2,051004639	1,00595196719003	104,180659267537
28759,99902	0,495791399999973	2,058690186	1,00606254019791	104,571046172601
28769,99902	0,49552319999998	2,055618408	1,00592094717435	104,415015390867
28779,99902	0,495612600000015	2,058080322	1,0057965870483	104,540068166811
28789,99902	0,494301300000018	2,051811035	1,0058045988603	104,221620104638
28799,99902	0,495046300000013	2,055793457	1,00577749072935	104,423906994463
28809,99902	0,49635760000001	2,064244629	1,00546412285613	104,853183776096
28819,99902	0,495701999999994	2,057817383	1,0057501035353	104,526712195865
28829,99902	0,494927099999984	2,058715088	1,00562294977742	104,572311068218
28839,99902	0,493705200000022	2,053189453	1,00582891135896	104,291636765378
28849,99902	0,495612600000015	2,058655273	1,00589560944382	104,569272768832
28859,99902	0,494718499999976	2,056644287	1,00591004870949	104,467124853965
28869,99902	0,493526400000007	2,049637695	1,00571824533005	104,111225427947
28879,99902	0,495433800000001	2,051476318	1,00583505974952	104,20461817443
28889,99902	0,496625900000026	2,062977539	1,00598671304837	104,788822014527
28899,99902	0,493466800000022	2,049775879	1,00577050414923	104,11824447605
28909,99902	0,495463599999994	2,054062256	1,00569588827364	104,335970742114
28919,99902	0,495880800000009	2,057260254	1,00565471496163	104,498412861279
28929,99902	0,495284700000013	2,052071777	1,00587735131444	104,234864479098
28939,99902	0,496625900000026	2,062356201	1,00590483152954	104,757261187586
28949,99902	0,4935562	2,049296387	1,00585797593239	104,093888708285
28959,99902	0,494390699999997	2,048609131	1,00571470552947	104,058979580434
28969,99902	0,495105899999999	2,048735352	1,00567120269059	104,06539096866
28979,99902	0,49635760000001	2,056240723	1,00589411910675	104,446625844466
28989,99902	0,494211899999982	2,046355957	1,00563124065253	103,944529740438
28999,99902	0,49501650000002	2,049687744	1,00578214878285	104,113767663941
29009,99902	0,494122500000003	2,051799805	1,00567586074409	104,221049677452
29019,99902	0,495672200000001	2,054567139	1,00589607554923	104,361616244222
29029,99902	0,496953700000006	2,062625488	1,00600785883083	104,770939604815
29039,99902	0,496298000000024	2,058863525	1,00598382539528	104,579850916849
29049,99902	0,496268199999975	2,05797998	1,00579509671123	104,534971300858
29059,99902	0,496268199999975	2,05786792	1,00597106350897	104,52927921979
29069,99902	0,496446999999989	2,060661377	1,00573175238489	104,671172702799
29079,99902	0,495999999999981	2,057861084	1,00571358827678	104,528931985574
29089,99902	0,496596099999977	2,060700684	1,00602024863299	104,673169299538
29099,99902	0,496298000000024	2,058330566	1,00552606986645	104,552779295982
29109,99902	0,496268199999975	2,057087158	1,00589411910675	104,489620460202
29119,99902	0,496536400000025	2,060466064	1,00564325737031	104,661251790522
29129,99902	0,49778809999998	2,070158936	1,00591144602551	105,153600650175
29139,99902	0,49635760000001	2,059389893	1,00563450038977	104,60658774826
29149,99902	0,495791399999973	2,055849854	1,00577683858186	104,426771676741
29159,99902	0,49635760000001	2,057525146	1,00581288973541	104,511868034744
29169,99902	0,495701999999994	2,05482666	1,00582471941089	104,37479859806
29179,99902	0,496923900000013	2,061192627	1,00607427785257	104,698157515111
29189,99902	0,497162300000014	2,066248291	1,0062397182696	104,954959668817
29199,99902	0,496923900000013	2,064429199	1,00588983413764	104,862558998324
29209,99902	0,496298000000024	2,059787109	1,00567809624968	104,626764311475
29219,99902	0,497609300000022	2,06945166	1,00599947593491	105,117674607609
29229,99902	0,496417199999996	2,059124268	1,00573818083879	104,593095342104
29239,99902	0,497043099999985	2,065932861	1,00591405361526	104,938937420633
29249,99902	0,496864300000027	2,064336182	1,00568517585085	104,857834205313
29259,99902	0,496596099999977	2,061446777	1,00576416971659	104,711067049322
29269,99902	0,496446999999989	2,060427979	1,00587977386234	104,6593172652
29279,99902	0,497043099999985	2,065305664	1,0056651483213	104,907078986133
29289,99902	0,497490099999993	2,067924316	1,0058676631233	105,040093259511
29299,99902	0,497102700000028	2,065074707	1,00592327570099	104,895347538985
29309,99902	0,497370900000021	2,066601563	1,0056651483213	104,972904099152
29319,99902	0,498354399999982	2,074408936	1,0057462846716	105,369479148677
29329,99902	0,497519899999986	2,068049072	1,00595848766474	105,046430233149
29339,99902	0,496774899999991	2,06458374	1,00595075591608	104,870408899274
29349,99902	0,497043099999985	2,064100586	1,0059552279275	104,845867120435
29359,99902	0,498652400000026	2,076610107	1,00575559977836	105,481287499365
29369,99902	0,496834499999977	2,066669678	1,00574078842854	104,976363996546
29379,99902	0,498026600000003	2,073360352	1,00565322462456	105,316216386448
29389,99902	0,497847700000023	2,075814941	1,00601531151638	105,44089708945
29399,99902	0,497370900000021	2,068542969	1,00563710897975	105,071517702037
29409,99902	0,496953700000006	2,066175049	1,00577544126584	104,951239345761
29419,99902	0,497519899999986	2,069641357	1,00573883198605	105,127310255499
29429,99902	0,498235200000011	2,076861572	1,00574004326	105,494060649159
29439,99902	0,498414000000025	2,078996582	1,00576882777009	105,602508355768
29449,99902	0,498503400000004	2,080494385	1,00606421657705	105,678589170519
29459,99902	0,499009999999998	2,0825979	1,00584856680436	105,785437090466
29469,99902	0,498652400000026	2,080063477	1,00599118505979	105,656701224158
29479,99902	0,498533199999997	2,078858643	1,00566542738441	105,595501752425
29489,99902	0,498592799999983	2,079600586	1,00582043444177	105,633188703205
29499,99902	0,498920600000019	2,083116943	1,00580692738693	105,811801848936
29509,99902	0,498354399999982	2,080799561	1,0058975658863	105,694090567379
29519,99902	0,498682200000019	2,082012451	1,00591321542569	105,755699243155
29529,99902	0,49778809999998	2,076188477	1,00582881833792	105,459870828465
29539,99902	0,497937200000024	2,076272949	1,00584726250937	105,464161578707
29549,99902	0,498414000000025	2,080205078	1,0058195962522	105,663893838574
29559,99902	0,498860999999977	2,084458984	1,00585070928892	105,879970742114
29569,99902	0,499427299999979	2,09262793	1,00597274088834	106,294911870778
29579,99902	0,498920600000019	2,08658374	1,00582024839969	105,987897597399
29589,99902	0,498354399999982	2,081552002	1,00573659648046	105,732310763448
29599,99902	0,498324599999989	2,083316406	1,00580590315529	105,821933560217
29609,99902	0,498265000000004	2,080587891	1,00582239088425	105,683338802255
29619,99902	0,498443800000018	2,082454834	1,00591833858438	105,778170061462
29629,99902	0,498086199999989	2,081584229	1,00590986166719	105,733947732006
29639,99902	0,498086199999989	2,078632324	1,00574712286117	105,584005892213
29649,99902	0,497281499999985	2,074776367	1,00567846933406	105,388142784579
29659,99902	0,496685500000012	2,071116699	1,00594898651591	105,202250165084
29669,99902	0,497609300000022	2,075593018	1,00581382094602	105,429624523797
29679,99902	0,497192100000007	2,072489258	1,00582863229585	105,271969218266
29689,99902	0,49576159999998	2,067838623	1,00573724862795	105,035740488647
29699,99902	0,496625900000026	2,069569824	1,00598410545862	105,123676740997
29709,99902	0,49778809999998	2,074208496	1,00588359272604	105,359297810738
29719,99902	0,497162300000014	2,071085205	1,0058195962522	105,200650429217
29729,99902	0,496625900000026	2,069749268	1,00574935836677	105,132791588358
29739,99902	0,497013299999992	2,070339844	1,00601037439977	105,16278986133
29749,99902	0,497281499999985	2,071659424	1,00593519939773	105,229817849342
29759,99902	0,494927099999984	2,06505127	1,0056919763889	104,894157057957
29769,99902	0,49552319999998	2,065729248	1,00578037838244	104,928594910347
29779,99902	0,496089400000017	2,066089844	1,00590417938205	104,946911362828
29789,99902	0,496596099999977	2,063204346	1,0059197359004	104,800342662671
29799,99902	0,496506599999975	2,063346191	1,00564176703324	104,807547671052
29809,99902	0,495433800000001	2,06322583	1,00576500890639	104,801433941179
29819,99902	0,494390699999997	2,059558838	1,00564465468633	104,615169299538
29829,99902	0,49576159999998	2,062970703	1,005968454919	104,788474780312
29839,99902	0,496446999999989	2,060267578	1,00607623329483	104,651169705897
29849,99902	0,494927099999984	2,057287598	1,00587120292389	104,499801798141
29859,99902	0,493973400000016	2,05091748	1,00578065844579	104,17623203129
29869,99902	0,49552319999998	2,05412085	1,00611135223754	104,338947020877
29879,99902	0,494778100000019	2,05370752	1,00556649901016	104,317951947986
29889,99902	0,495344400000022	2,053157959	1,00581288973541	104,290037029512
29899,99902	0,494807900000012	2,04720813	1,00576854870697	103,987815817545
29909,99902	0,496536400000025	2,058517822	1,00595066289505	104,562290953421
29919,99902	0,495672200000001	2,054270264	1,00593696979813	104,346536496165
29929,99902	0,494301300000018	2,048324463	1,0058352457916	104,044519886219
29939,99902	0,496596099999977	2,059656006	1,00615755668743	104,620104942348
29949,99902	0,494033100000024	2,049603516	1,00599751949242	104,109489307665
29959,99902	0,49501650000002	2,049206055	1,00564819448692	104,08930029969
29969,99902	0,495344400000022	2,051308594	1,00583673612866	104,196098643775
29979,99902	0,496417199999996	2,057921143	1,0058969137388	104,531982678925
29989,99902	0,49552319999998	2,051556885	1,00576398367452	104,208710570427
29999,99902	0,496536400000025	2,059383545	1,0058211796103	104,606265301976
30009,99902	0,497162300000014	2,064917236	1,00605294502781	104,887348808859
30019,99902	0,495880800000009	2,057080811	1,00592076113228	104,489298064713
30029,99902	0,496506599999975	2,061643799	1,00591144602551	104,721074770153
30039,99902	0,496089400000017	2,05725293	1,00587558191427	104,498040839132
30049,99902	0,497192100000007	2,064898193	1,00576472884305	104,886381520801
30059,99902	0,496417199999996	2,060594727	1,00591219119405	104,667787219993
30069,99902	0,496417199999996	2,061330811	1,0056555531512	104,705176563214
30079,99902	0,497251699999993	2,066266357	1,00601102654726	104,955877330218
30089,99902	0,496506599999975	2,059299316	1,00570734686518	104,601986894905
30099,99902	0,494927099999984	2,056950928	1,00584139418216	104,482700665414
30109,99902	0,496178799999996	2,05877417	1,00585471519492	104,575312134911
30119,99902	0,496774899999991	2,060696289	1,0058448409617	104,672946055773
30129,99902	0,496953700000006	2,060765625	1,00557106304239	104,67646797379
30139,99902	0,497102700000028	2,064930908	1,00605350415426	104,88804327729
30149,99902	0,496446999999989	2,058600098	1,00610576297344	104,566470157972
30159,99902	0,497281499999985	2,065012939	1,0057889493209	104,89221003708
30169,99902	0,497281499999985	2,065740234	1,0058542490895	104,929152943567
30179,99902	0,497758299999987	2,067849365	1,00577367186566	105,036286127902
30189,99902	0,497698700000001	2,069969971	1,0058991492444	105,144002184182
30199,99902	0,49799680000001	2,073824707	1,00585564640553	105,339803271194
30209,99902	0,496953700000006	2,067359619	1,0059149858261	105,011409508813
30219,99902	0,498324599999989	2,075320557	1,0059416268514	105,415784883426
30229,99902	0,498026600000003	2,07431543	1,00592923804947	105,36472951694
30239,99902	0,49799680000001	2,072087402	1,00612867915631	105,251556966526
30249,99902	0,497281499999985	2,066112061	1,00587893467255	104,948039874029
30259,99902	0,49799680000001	2,073046387	1,00567651289158	105,300268552852
30269,99902	0,498175600000025	2,075031494	1,00595597309603	105,401101945446
30279,99902	0,497490099999993	2,069629639	1,00592048106894	105,126715040382
30289,99902	0,498414000000025	2,073894043	1,00586170177505	105,343325189211
30299,99902	0,497490099999993	2,069215332	1,00604446811061	105,105670340834
30309,99902	0,499427299999979	2,083739502	1,00579723919579	105,8434246965
30319,99902	0,498682200000019	2,079655518	1,00568294034525	105,635978970894
30329,99902	0,498920600000019	2,080694092	1,00604754280601	105,688733275766
30339,99902	0,499069599999984	2,082470215	1,0059197359004	105,778951338447
30349,99902	0,499486900000022	2,08557251	1,00593575852418	105,93653222939
30359,99902	0,498592799999983	2,079759277	1,00578689985738	105,641249403159
30369,99902	0,498682200000019	2,080350586	1,00581028114544	105,671284908823
30379,99902	0,499009999999998	2,080704834	1,00581484517767	105,68927891502
30389,99902	0,499427299999979	2,08563501	1,00572793352119	105,939706913191
30399,99902	0,499009999999998	2,081271973	1,00578559556239	105,718086706964
30409,99902	0,499516700000015	2,086246094	1,0058566716374	105,97074688881
30419,99902	0,499009999999998	2,081998047	1,00571088666577	105,754967592828
30429,99902	0,499278300000014	2,082983643	1,00585676465844	105,805030883324
30439,99902	0,499933899999974	2,08976123	1,00565518106704	106,149298013918
30449,99902	0,499159099999986	2,084181396	1,00567735108115	105,865870676081
30459,99902	0,499606099999994	2,086848389	1,0058101881244	106,001340427693
30469,99902	0,499278300000014	2,087748779	1,00599267539685	106,047075684462
30479,99902	0,499725300000023	2,0886521	1,00577590737125	106,092959821202
30489,99902	0,499755100000016	2,089828125	1,00573920507043	106,152695941484
30499,99902	0,499278300000014	2,087314453	1,00589048628513	106,025014120994
30509,99902	0,499516700000015	2,087262451	1,00603841374132	106,022372682481
30519,99902	0,498443800000018	2,079602539	1,00594050959871	105,633287905725
30529,99902	0,499576300000001	2,088058594	1,00601764004301	106,062812719053
30539,99902	0,499278300000014	2,083105469	1,00579043965796	105,811219027785
30549,99902	0,498771599999998	2,07964917	1,0058550882793	105,63565652461
30559,99902	0,499486900000022	2,085947754	1,00595597309603	105,955592726164
30569,99902	0,499248500000022	2,083169434	1,00582192477883	105,814468126175
30579,99902	0,49966569999998	2,089400879	1,00591209717278	106,130994006197
30589,99902	0,499188899999979	2,085879883	1,00596416994988	105,952145222736
30599,99902	0,499904099999981	2,09072583	1,00591004870949	106,198294813837
30609,99902	0,499755100000016	2,086913086	1,00588694648455	106,00462670798
30619,99902	0,499993500000016	2,088307373	1,00574237178664	106,075449433636
30629,99902	0,499397499999986	2,084628906	1,0057266292262	105,888601920049
30639,99902	0,498831199999984	2,081197754	1,00580646128151	105,714316757251
30649,99902	0,498741800000005	2,079078369	1,00560804540655	105,606662721593
30659,99902	0,498682200000019	2,079117676	1,00602034165403	105,608659318332
30669,99902	0,499427299999979	2,084421631	1,00592607033304	105,878073398689
30679,99902	0,498831199999984	2,079118164	1,00591237723612	105,608684106263
30689,99902	0,498265000000004	2,076721924	1,00574824111408	105,486967237263
30699,99902	0,496923900000013	2,073290039	1,0060323583718	105,312644841774
30709,99902	0,497341100000028	2,068311279	1,00596137531783	105,059749022197
30719,99902	0,496774899999991	2,069043457	1,00579500369019	105,09693996038
30729,99902	0,496774899999991	2,069331299	1,00594581879947	105,111560877737
30739,99902	0,496536400000025	2,064122803	1,00590231696083	104,846995631635
30749,99902	0,496953700000006	2,065789307	1,00585164149975	104,931645603698
30759,99902	0,496685500000012	2,064252441	1,005689553841	104,853580586174
30769,99902	0,497281499999985	2,065462402	1,00575094272509	104,915040483568
30779,99902	0,495374200000015	2,059590332	1,00570967539182	104,616769035404
30789,99902	0,49576159999998	2,059367676	1,00611330868002	104,60545923706
30799,99902	0,497847700000023	2,069605469	1,00595606611707	105,125487326662
30809,99902	0,496625900000026	2,05955127	1,00570101243255	104,614784883426
30819,99902	0,496923900000013	2,062675049	1,00591423965734	104,773457052878
30829,99902	0,495553000000029	2,060258057	1,00571684801402	104,650686087266
30839,99902	0,495880800000009	2,055633545	1,00579379241625	104,415784273886
30849,99902	0,495284700000013	2,053437744	1,00565573919327	104,30424869203
30859,99902	0,496417199999996	2,055493896	1,005701571559	104,408690811195
30869,99902	0,498443800000018	2,072420898	1,00593724886124	105,268496876111
30879,99902	0,497043099999985	2,063749023	1,00609756611959	104,828009498654
30889,99902	0,496417199999996	2,059346924	1,0057692938755	104,604405140448
30899,99902	0,494778100000019	2,055236816	1,0058039467128	104,395632447808
30909,99902	0,496417199999996	2,060202637	1,00576687132761	104,647871031645
30919,99902	0,497162300000014	2,061499023	1,00600059318759	104,7137208818
30929,99902	0,497281499999985	2,064087891	1,00591489180483	104,845222278661
30939,99902	0,497579500000029	2,066060059	1,00603999709942	104,945398435516
30949,99902	0,496596099999977	2,058500732	1,00587744433548	104,561422867882
30959,99902	0,496446999999989	2,059421875	1,00584744955168	104,608212272058
30969,99902	0,496864300000027	2,057390869	1,00578512945698	104,505047442475
30979,99902	0,496089400000017	2,058173584	1,00581987631554	104,544805404582
30989,99902	0,497370900000021	2,061482422	1,00571079364473	104,712877634988
30999,99902	0,496089400000017	2,05608374	1,00573352278529	104,438651902271
31009,99902	0,497370900000021	2,062936279	1,00570976841286	104,786726215269
31019,99902	0,496446999999989	2,056449219	1,00601344809494	104,457216386448
31029,99902	0,497430500000007	2,062782959	1,00584735653064	104,778938334942
31039,99902	0,497907399999974	2,068169922	1,00597162263543	105,052568801747
31049,99902	0,498860999999977	2,075658936	1,0057911848265	105,432972824707
31059,99902	0,498443800000018	2,074741699	1,00569030000976	105,38638182557
31069,99902	0,499278300000014	2,08159668	1,00605555361778	105,734580179814
31079,99902	0,498682200000019	2,075646729	1,00617329924786	105,432352770864
31089,99902	0,498265000000004	2,071239014	1,00561875782934	105,20846314827
31099,99902	0,497937200000024	2,070835693	1,00576975898069	105,187976481942
31109,99902	0,498235200000011	2,07231665	1,00605238690158	105,26320160512
31119,99902	0,497668900000008	2,066877686	1,00578531549905	104,986929750597
31129,99902	0,497698700000001	2,067688477	1,00594013651433	105,028113831462
31139,99902	0,498026600000003	2,068726563	1,00590762616159	105,080843348402
31149,99902	0,498026600000003	2,068718994	1,00595969893869	105,080458881495
31159,99902	0,499486900000022	2,079974365	1,00602490668648	105,652174785391
31169,99902	0,498235200000011	2,06892749	1,00563217186314	105,091049423477
31179,99902	0,498443800000018	2,07170459	1,00591619609982	105,232112053639
31189,99902	0,498115999999982	2,070295654	1,00605415630176	105,160545232895
31199,99902	0,49799680000001	2,06633374	1,00588079809399	104,959300045715
31209,99902	0,498086199999989	2,066447754	1,00583561887598	104,965091380099
31219,99902	0,498175600000025	2,06784082	1,0057116318343	105,035852085132
31229,99902	0,497847700000023	2,067220459	1,00589411910675	105,004340884848
31239,99902	0,498115999999982	2,067737793	1,00582714195878	105,030618834764
31249,99902	0,499516700000015	2,076787109	1,00594246604119	105,490278305481
31259,99902	0,498831199999984	2,073513428	1,00586412332272	105,323991872809
31269,99902	0,498831199999984	2,07388208	1,00579304724771	105,342717529334
31279,99902	0,498980200000005	2,076583008	1,00596267961282	105,479911007264
31289,99902	0,500172299999974	2,084567139	1,00570874418121	105,885464468939
31299,99902	0,498682200000019	2,076718262	1,00588843682161	105,48678122619
31309,99902	0,499606099999994	2,083208008	1,00584549310919	105,816427490222
31319,99902	0,50026170000001	2,08791748	1,00591088689906	106,055644841774
31329,99902	0,499933899999974	2,087822021	1,00591712831066	106,050796007518
31339,99902	0,500231900000017	2,089647705	1,00588331366293	106,143531518261
31349,99902	0,499486900000022	2,08447583	1,00580171120721	105,880826433687
31359,99902	0,499248500000022	2,081407227	1,00598308022675	105,72495692589
31369,99902	0,4993379	2,081140381	1,00601000131539	105,711402499111
31379,99902	0,499814700000002	2,085250244	1,00561810568184	105,92016274699
31389,99902	0,500559800000019	2,089621094	1,0059456327574	106,142179814091
31399,99902	0,50026170000001	2,087019043	1,00597078444586	106,010008787525
31409,99902	0,500023300000009	2,087010742	1,00584856680436	106,009587138721
31419,99902	0,499814700000002	2,086991455	1,00592830583863	106,008607456697
31429,99902	0,500410699999975	2,090235596	1,00572513888914	106,173393406817
31439,99902	0,499844499999995	2,084400391	1,00575606588378	105,876994514146
31449,99902	0,500231900000017	2,087960693	1,00568312638733	106,057839843552
31459,99902	0,499606099999994	2,082851807	1,00555941940899	105,798334281506
31469,99902	0,499099399999977	2,078437256	1,00593594456626	105,574097424697
31479,99902	0,498592799999983	2,074101807	1,0058953303807	105,353878549296
31489,99902	0,499844499999995	2,085126221	1,00605424932279	105,913863006045
31499,99902	0,499427299999979	2,079599609	1,00573026204782	105,633139076548
31509,99902	0,499606099999994	2,080143555	1,00596370484469	105,660768781429
31519,99902	0,499069599999984	2,076970703	1,00564912569752	105,499603951846
31529,99902	0,499248500000022	2,082361084	1,00595699732768	105,77340803576
31539,99902	0,499725300000023	2,081162598	1,00588089111503	105,712531010311
31549,99902	0,500231900000017	2,087096924	1,0059282128176	106,013964748311
31559,99902	0,499427299999979	2,083136719	1,00582770108524	105,812806369686
31569,99902	0,498860999999977	2,076914551	1,00573724862795	105,496751714329
31579,99902	0,499069599999984	2,078553467	1,00588592125267	105,580000355565
31589,99902	0,499427299999979	2,082229004	1,00599481788141	105,766699039976
31599,99902	0,499009999999998	2,076007813	1,00599332754435	105,450694011276
31609,99902	0,497907399999974	2,070923828	1,00593110047069	105,192453294052
31619,99902	0,498920600000019	2,075345947	1,00590827830908	105,417074566973
31629,99902	0,498831199999984	2,074649414	1,00591601005774	105,381694214456
31639,99902	0,497847700000023	2,070258545	1,0056691542273	105,158660283436
31649,99902	0,498414000000025	2,072068848	1,00563319609479	105,250614517194
31659,99902	0,496864300000027	2,066218262	1,00582825921147	104,953434347539
31669,99902	0,496834499999977	2,064970947	1,00567427738599	104,890077055925
31679,99902	0,497490099999993	2,065349609	1,00575606588378	104,909311169807
31689,99902	0,495344400000022	2,06043335	1,0057132151924	104,659590084828
31699,99902	0,495791399999973	2,059985352	1,00589346695926	104,636834052928
31709,99902	0,497668900000008	2,064752441	1,00565210637165	104,878978056586
31719,99902	0,498175600000025	2,068818848	1,005689553841	105,085530959516
31729,99902	0,496506599999975	2,063484375	1,00590986166719	104,814566719155
31739,99902	0,495135699999992	2,057910156	1,00582527853734	104,53142459491
31749,99902	0,494688699999983	2,053196045	1,00599239533351	104,291971605628
31759,99902	0,497758299999987	2,062484619	1,00576631220115	104,763784172296
31769,99902	0,494867499999998	2,053124023	1,00591200415174	104,2883132524
31779,99902	0,496089400000017	2,054673828	1,00590324817144	104,367035505664
31789,99902	0,497192100000007	2,060561035	1,0060339417299	104,666075836847
31799,99902	0,494778100000019	2,053062256	1,00575764924188	104,28517580129
31809,99902	0,49576159999998	2,056245117	1,00597199471958	104,446849037436
31819,99902	0,497281499999985	2,059155273	1,00594488758887	104,594670239244
31829,99902	0,496298000000024	2,057155029	1,00568210215568	104,493067963631
31839,99902	0,496834499999977	2,055432861	1,00576062991601	104,405590541982
31849,99902	0,495612600000015	2,056417969	1,00583012263291	104,455629044547
31859,99902	0,494956899999977	2,052634766	1,00584586519335	104,263461472037
31869,99902	0,495195299999978	2,052099609	1,00582751404294	104,236278203891
31879,99902	0,496596099999977	2,056643311	1,00591899073187	104,467075278102
31889,99902	0,497162300000014	2,057456299	1,00594116174621	104,508370955453
31899,99902	0,497698700000001	2,061471924	1,00583738827616	104,712344389699
31909,99902	0,496685500000012	2,055426758	1,00584232539276	104,405280540458
31919,99902	0,495940399999995	2,057032227	1,00567884141822	104,486830243308
31929,99902	0,49552319999998	2,053333496	1,00577069119153	104,298953421039
31939,99902	0,496834499999977	2,055717529	1,0055659398837	104,420050236196
31949,99902	0,497370900000021	2,058354736	1,0059882974067	104,554007009702
31959,99902	0,498443800000018	2,065755859	1,00565164126646	104,929946614517
31969,99902	0,497609300000022	2,062819824	1,00573249755342	104,780810890435
31979,99902	0,497043099999985	2,058418945	1,00597991351055	104,557268502057
31989,99902	0,498115999999982	2,067073242	1,00621633598132	104,996863006045
31999,99902	0,498086199999989	2,067973145	1,00595699732768	105,042573525677
32009,99902	0,498354399999982	2,068763672	1,00571927056192	105,082728297862
32019,99902	0,499486900000022	2,079017578	1,00572774747911	105,603574846345
32029,99902	0,498443800000018	2,0727146	1,00582835323273	105,283415451821
32039,99902	0,497937200000024	2,068609863	1,0058005929543	105,074915578808
32049,99902	0,498682200000019	2,072376953	1,00602825944476	105,266264692437
32059,99902	0,497937200000024	2,068640137	1,00589672769673	105,076453344847
32069,99902	0,498771599999998	2,074150391	1,0059662194134	105,356346370701
32079,99902	0,498652400000026	2,070960938	1,00600338781964	105,194338294306
32089,99902	0,498086199999989	2,069349609	1,00576705836991	105,112490933103
32099,99902	0,499904099999981	2,083826416	1,00580199027032	105,847839487987
32109,99902	0,498324599999989	2,071985107	1,0061349205679	105,246360898055
32119,99902	0,498324599999989	2,070595459	1,0057228103625	105,175773810129
32129,99902	0,498980200000005	2,070785889	1,0058236021582	105,18544669071
32139,99902	0,499188899999979	2,075065674	1,00605751006026	105,402838116524
32149,99902	0,497758299999987	2,0650625	1,0058504302258	104,894727485142
32159,99902	0,498652400000026	2,070349121	1,00593324295524	105,163261085996
32169,99902	0,498026600000003	2,064802246	1,00595103597942	104,881507898613
32179,99902	0,498414000000025	2,068153076	1,00586114264859	105,051713110174
32189,99902	0,498354399999982	2,067578613	1,0059378079877	105,022533296084
32199,99902	0,498920600000019	2,070526367	1,00621875852922	105,172264286077
32209,99902	0,498860999999977	2,071373535	1,00589281481176	105,215296134505
32219,99902	0,499725300000023	2,076355225	1,00572541795225	105,468340783258
32229,99902	0,498771599999998	2,071605469	1,00614302440072	105,22707720831
32239,99902	0,499099399999977	2,071891846	1,00598261512156	105,241623711078
32249,99902	0,499993500000016	2,079425537	1,00562881810463	105,624297099609
32259,99902	0,499725300000023	2,076939453	1,00573249755342	105,498016609946
32269,99902	0,4993379	2,076597412	1,00586477547021	105,480642657591
32279,99902	0,500023300000009	2,083053467	1,00587800346194	105,808577589272
32289,99902	0,499278300000014	2,080703369	1,00599621519744	105,689204500432
32299,99902	0,499248500000022	2,078352295	1,00594265208327	105,569781835729
32309,99902	0,500470399999983	2,085501953	1,00577926112976	105,93294829075
32319,99902	0,499725300000023	2,082292969	1,00599509694453	105,769948138365
32329,99902	0,499516700000015	2,080045166	1,00585117539434	105,655771117997
32339,99902	0,4993379	2,076680664	1,00592607033304	105,484871438005
32349,99902	0,500738599999977	2,086879639	1,00590417938205	106,002927769594
32359,99902	0,499904099999981	2,081387939	1,00578848321548	105,723977193072
32369,99902	0,500559800000019	2,087003418	1,00590306212936	106,009215116574
32379,99902	0,500231900000017	2,086554932	1,00591861864772	105,986434296744
32389,99902	0,500351099999989	2,086608398	1,00578457033052	105,98915009905
32399,99902	0,500500199999976	2,088640869	1,00572411465749	106,092389343221
32409,99902	0,500231900000017	2,085162598	1,00568648014584	105,915710773607
32419,99902	0,499606099999994	2,083580322	1,00597395116206	105,83533915782
32429,99902	0,500321299999996	2,088658447	1,00588983413764	106,093282216691
32439,99902	0,499755100000016	2,084002197	1,00581987631554	105,85676827348
32449,99902	0,501096200000006	2,092222412	1,00573659648046	106,274313607965
32459,99902	0,500500199999976	2,089725342	1,00595858068578	106,147475085082
32469,99902	0,500410699999975	2,088684082	1,00588079809399	106,094584344999
32479,99902	0,499844499999995	2,083524658	1,00588033198857	105,832511708234
32489,99902	0,49966569999998	2,084198486	1,00573007600575	105,866738761619
32499,99902	0,50026170000001	2,087177002	1,00592933107051	106,018032305582
32509,99902	0,500500199999976	2,089481445	1,00583869257114	106,135086351399
32519,99902	0,500887599999999	2,090568359	1,00593110047069	106,19029608371
32529,99902	0,500500199999976	2,092445801	1,00602239111754	106,285660639
32539,99902	0,501066400000013	2,093296387	1,00579314126898	106,328866104536
32549,99902	0,500023300000009	2,08721582	1,00578103052994	106,020004063595
32559,99902	0,501006800000027	2,092765381	1,00567092362748	106,301893686189
32569,99902	0,500678999999991	2,089970459	1,00591731435273	106,159925788591
32579,99902	0,499099399999977	2,077179688	1,00584614525669	105,510219332554
32589,99902	0,499755100000016	2,08328833	1,00589402608571	105,820507441459
32599,99902	0,498831199999984	2,075717773	1,0058819163469	105,43596144664
32609,99902	0,499397499999986	2,077456299	1,00594796128403	105,524269771931
32619,99902	0,499009999999998	2,077251953	1,00584372270879	105,513890028953
32629,99902	0,4993379	2,079111328	1,00586486849125	105,608336872048
32639,99902	0,49778809999998	2,068384766	1,00591908375291	105,063481790014
32649,99902	0,496506599999975	2,068269775	1,00594237201993	105,057640828973
32659,99902	0,498503400000004	2,071100098	1,00574954540907	105,201406918271
32669,99902	0,499248500000022	2,076766846	1,00581438007248	105,489249047595
32679,99902	0,496953700000006	2,06849707	1,00591489180483	105,069186265048
32689,99902	0,496417199999996	2,065418457	1,0057525260832	104,912808299893
32699,99902	0,498324599999989	2,066775635	1,00577972723518	104,981746076091
32709,99902	0,497102700000028	2,063455566	1,00574321097643	104,813103367705
32719,99902	0,496953700000006	2,062710205	1,00581186450354	104,775242799817
32729,99902	0,495851000000016	2,058080322	1,00604856703765	104,540068166811
32739,99902	0,497102700000028	2,061180908	1,00595383061148	104,6975622492
32749,99902	0,498831199999984	2,071768555	1,00583496672848	105,235361152029
32759,99902	0,495999999999981	2,058897217	1,00610874464779	104,581562299995
32769,99902	0,496953700000006	2,055799316	1,00601596366387	104,424204602022
32779,99902	0,498741800000005	2,070044922	1,00594786826299	105,147809315792
32789,99902	0,49799680000001	2,064652832	1,00600450607255	104,873918423325
32799,99902	0,495999999999981	2,059813477	1,00581726772557	104,628103672474
32809,99902	0,496596099999977	2,058700439	1,00567194785913	104,571566973129
32819,99902	0,49778809999998	2,06147876	1,0056713897329	104,712691623914
32829,99902	0,497013299999992	2,057779053	1,00595438873771	104,524765225783
32839,99902	0,49635760000001	2,056892334	1,00572802654223	104,479724386651
32849,99902	0,49799680000001	2,063457764	1,00567530161763	104,813215014984
32859,99902	0,496298000000024	2,057997314	1,00572569801559	104,535851780363
32869,99902	0,496774899999991	2,057286865	1,00593967140914	104,499764565449
32879,99902	0,498115999999982	2,064214111	1,00586868835518	104,851633616092
32889,99902	0,497579500000029	2,062120361	1,00585462217388	104,745281708742
32899,99902	0,498086199999989	2,064494141	1,00596836189796	104,865857723371
32909,99902	0,496864300000027	2,061144531	1,00590334119248	104,695714481638
32919,99902	0,496834499999977	2,060423096	1,00566626557398	104,659069233504
32929,99902	0,498652400000026	2,068295166	1,00593417516608	105,058930563316
32939,99902	0,498920600000019	2,069852295	1,00583124088582	105,138024838726
32949,99902	0,498115999999982	2,065524658	1,00588089111503	104,918202773404
32959,99902	0,499248500000022	2,075758057	1,00599416573392	105,438007670036
32969,99902	0,499248500000022	2,074491943	1,00598186995303	105,37369548433
32979,99902	0,498115999999982	2,066201904	1,00597972646824	104,952603443897
32989,99902	0,497341100000028	2,060243164	1,00569104517829	104,649929598212
32999,99902	0,496745099999998	2,059218994	1,00568098390277	104,597906943668
33009,99902	0,498086199999989	2,064426514	1,00586095660652	104,862422613908
33019,99902	0,498086199999989	2,062245605	1,0057462846716	104,75164347031
33029,99902	0,49799680000001	2,062654785	1,00600254963007	104,772427744197
33039,99902	0,499009999999998	2,070891113	1,00593743490332	105,190791537563
33049,99902	0,498414000000025	2,066629883	1,00587362547178	104,974342611876
33059,99902	0,498741800000005	2,066910156	1,00564027669618	104,988579062325
33069,99902	0,498175600000025	2,062485352	1,00581149241939	104,763821404988
33079,99902	0,498831199999984	2,069437988	1,00586654587062	105,116980139178
33089,99902	0,498533199999997	2,068590576	1,00580497094445	105,073935896785
33099,99902	0,498443800000018	2,068045898	1,00581326181957	105,046269010007
33109,99902	0,499516700000015	2,076874756	1,00577432401315	105,494730329659
33119,99902	0,499278300000014	2,074962402	1,00600562332524	105,397592421395
33129,99902	0,499069599999984	2,073979736	1,00587241419783	105,347677960075
33139,99902	0,498235200000011	2,067843018	1,00594078866183	105,035963732412
33149,99902	0,498860999999977	2,070883057	1,00592392784848	105,19038233352
33159,99902	0,498741800000005	2,070571533	1,00602993682413	105,174558490374
33169,99902	0,498175600000025	2,066616211	1,00573743467003	104,973648143445
33179,99902	0,498503400000004	2,068901123	1,00557953995958	105,089710113273
33189,99902	0,500321299999996	2,082590088	1,00590026749731	105,785040280388
33199,99902	0,499188899999979	2,075686279	1,0058296565275	105,434361710774
33209,99902	0,499725300000023	2,078299316	1,00566132845738	105,567090770559
33219,99902	0,499993500000016	2,080948975	1,00584400277213	105,701680042668
33229,99902	0,499159099999986	2,076841553	1,00585900016403	105,493043785239
33239,99902	0,500559800000019	2,084656006	1,00589160353782	105,889978462945
33249,99902	0,499516700000015	2,078030762	1,00590566971911	105,553449586021
33259,99902	0,500738599999977	2,087339844	1,00570855713891	106,026303855336
33269,99902	0,499993500000016	2,085726318	1,00594553973636	105,944344897648
33279,99902	0,499278300000014	2,079061768	1,00583897263448	105,60581947478
33289,99902	0,499486900000022	2,080317627	1,00588592125267	105,669610758368
33299,99902	0,499427299999979	2,079408936	1,00584968505727	105,623453852796
33309,99902	0,499606099999994	2,079012695	1,00585601948991	105,603326814649
33319,99902	0,499755100000016	2,080541016	1,00580953597691	105,680957789404
33329,99902	0,499516700000015	2,079916992	1,0060638444929	105,649260527251
33339,99902	0,50026170000001	2,083342773	1,00577432401315	105,823272870422
33349,99902	0,500589600000012	2,086161865	1,00588713252662	105,966468481739
33359,99902	0,501394199999993	2,093006348	1,00585164149975	106,314133590694
33369,99902	0,501006800000027	2,092646729	1,00606840852513	106,29586676487
33379,99902	0,500351099999989	2,087471191	1,0058975658863	106,032975618428
33389,99902	0,501543200000015	2,09559668	1,00601139863142	106,445709351349
33399,99902	0,500231900000017	2,085266357	1,00577721166624	105,920981205872
33409,99902	0,501066400000013	2,091796387	1,00606021167128	106,2526736933
33419,99902	0,501245200000028	2,094203857	1,00573836688086	106,374960989485
33429,99902	0,500678999999991	2,093153809	1,00590110568688	106,321623863463
33439,99902	0,500887599999999	2,0925625	1,00576966595966	106,2915883578
33449,99902	0,500828000000013	2,090854248	1,00566617255295	106,204817798547
33459,99902	0,501066400000013	2,09133374	1,0056249062199	106,229173566313
33469,99902	0,500559800000019	2,089015625	1,00594786826299	106,111425052065
33479,99902	0,500976999999978	2,092361328	1,00573193942719	106,281369837964
33489,99902	0,500321299999996	2,087103027	1,0059416268514	106,014274749835
33499,99902	0,500738599999977	2,089330811	1,00593995047226	106,127434906283
33509,99902	0,500678999999991	2,091224854	1,00574870621927	106,223642708386
33519,99902	0,500470399999983	2,088837891	1,00599891680845	106,102397064052
33529,99902	0,501245200000028	2,091192627	1,00590352723455	106,222005739828
33539,99902	0,500887599999999	2,089103271	1,00581167846146	106,115877025448
33549,99902	0,500887599999999	2,090109131	1,0055862474766	106,166969624625
33559,99902	0,500589600000012	2,08920752	1,00620217677898	106,121172347234
33569,99902	0,499933899999974	2,081287842	1,00574162661811	105,71889277188
33579,99902	0,499993500000016	2,082003662	1,00563692293767	105,75525280642
33589,99902	0,500023300000009	2,082243652	1,00567409134391	105,767443084269
33599,99902	0,498741800000005	2,074102051	1,005887505611	105,353890943262
33609,99902	0,498652400000026	2,072877686	1,00611489203813	105,29169939554
33619,99902	0,498771599999998	2,077001953	1,00611386780648	105,501191293747
33629,99902	0,498831199999984	2,071458984	1,00587427761928	105,219636511403
33639,99902	0,499576300000001	2,075447754	1,00569970813756	105,422245847514
33649,99902	0,497758299999987	2,071781494	1,00581903712575	105,236018387769
33659,99902	0,497668900000008	2,064001953	1,00576836166467	104,840857063037
33669,99902	0,496834499999977	2,064413574	1,00577562830814	104,861765327373
33679,99902	0,497609300000022	2,064538086	1,00578419824637	104,868089907045
33689,99902	0,498503400000004	2,067323242	1,00605331811219	105,009561741251
33699,99902	0,498533199999997	2,068344971	1,00589244272761	105,061460405344
33709,99902	0,499099399999977	2,072273438	1,00575727715773	105,261006654137
33719,99902	0,497251699999993	2,063417969	1,0059440493993	104,811193630314
33729,99902	0,497370900000021	2,065993408	1,00592961013362	104,942012901915
33739,99902	0,498831199999984	2,070176025	1,00615410990788	105,154468684919
33749,99902	0,496208599999989	2,059415771	1,00576472884305	104,607902219739
33759,99902	0,496685500000012	2,058998779	1,00595718336976	104,586721135775
33769,99902	0,497043099999985	2,060152588	1,00579565583769	104,645328795652
33779,99902	0,495433800000001	2,056394775	1,00621186497013	104,45445090669
33789,99902	0,49552319999998	2,052761963	1,00589933528648	104,269922436125
33799,99902	0,496506599999975	2,05462793	1,00592253053246	104,36470411947
33809,99902	0,495553000000029	2,052611328	1,0056336622002	104,262270940214
33819,99902	0,496864300000027	2,056168457	1,00577954019287	104,442955097272
33829,99902	0,495701999999994	2,053170654	1,00578708589946	104,290681871286
33839,99902	0,496178799999996	2,050883545	1,0057746960973	104,174508304973
33849,99902	0,495344400000022	2,051863037	1,00598186995303	104,22426154315
33859,99902	0,497162300000014	2,05720752	1,00585285177348	104,49573424087
33869,99902	0,498324599999989	2,060864258	1,00578848321548	104,681478031188
33879,99902	0,495672200000001	2,053937988	1,00595336450606	104,329658556408
33889,99902	0,497698700000001	2,060098633	1,00592607033304	104,64258815462
33899,99902	0,498414000000025	2,063519287	1,00592830583863	104,816340072129
33909,99902	0,497490099999993	2,057176025	1,00558661956075	104,494134454208
33919,99902	0,496208599999989	2,051715088	1,00603124111912	104,21674648245
33929,99902	0,496864300000027	2,052832031	1,00583999686613	104,273481536039
33939,99902	0,497847700000023	2,058859131	1,00590175783437	104,579627723879
33949,99902	0,496029799999974	2,052151611	1,00600226956673	104,238919642404
33959,99902	0,497579500000029	2,057619629	1,00585052324684	104,516667293138
33969,99902	0,498741800000005	2,064438965	1,00594609886282	104,863055061716
33979,99902	0,496953700000006	2,055273438	1,00574265184998	104,397492660131
33989,99902	0,49552319999998	2,052335938	1,005933989124	104,248282521461
33999,99902	0,496953700000006	2,053054688	1,00582770108524	104,284791385178
34009,99902	0,497847700000023	2,0584646	1,00585797593239	104,559587545081
34019,99902	0,498652400000026	2,063235596	1,00585760284801	104,801930004572
34029,99902	0,498265000000004	2,062001953	1,00577106327568	104,739267181389
34039,99902	0,499248500000022	2,067667969	1,00595578605373	105,027072128816
34049,99902	0,498503400000004	2,065547119	1,0059007326025	104,91934367857
34059,99902	0,498503400000004	2,064794922	1,00589700675984	104,881135876467
34069,99902	0,498265000000004	2,061198975	1,00579034663693	104,698479961396
34079,99902	0,498920600000019	2,068679932	1,00580096603868	105,078474729517
34089,99902	0,499427299999979	2,07041333	1,00566319187882	105,166522578351
34099,99902	0,498026600000003	2,062406494	1,00576156212684	104,759815817545
34109,99902	0,498086199999989	2,061971191	1,00589831105483	104,737704627419
34119,99902	0,498652400000026	2,065593994	1,0058140069881	104,921724691421
34129,99902	0,498682200000019	2,066077148	1,00564092784345	104,94626647026
34139,99902	0,498533199999997	2,065689209	1,00583124088582	104,926561131711
34149,99902	0,498920600000019	2,068701416	1,00579668106956	105,079566008026
34159,99902	0,499814700000002	2,075457764	1,0059355724821	105,422754304871
34169,99902	0,49966569999998	2,074431152	1,00584074203466	105,370607609082
34179,99902	0,498086199999989	2,063259277	1,00570725384415	104,803132879565
34189,99902	0,499516700000015	2,072013916	1,00582975054876	105,247824249505
34199,99902	0,499188899999979	2,073058838	1,00583049571729	105,30090100066
34209,99902	0,500142499999981	2,078621338	1,00587995990442	105,583447858993
34219,99902	0,500410699999975	2,079220703	1,00605415630176	105,6138925687
34229,99902	0,499427299999979	2,070318848	1,00601829219051	105,161723370752
34239,99902	0,498354399999982	2,06354834	1,00583245115955	104,817815817545
34249,99902	0,500082899999995	2,076042236	1,00597851619452	105,452442525524
34259,99902	0,500231900000017	2,077657471	1,00600562332524	105,534488291766
34269,99902	0,500410699999975	2,080174072	1,00603356964575	105,662318890639
34279,99902	0,500082899999995	2,081155518	1,00585070928892	105,71217138213
34289,99902	0,499844499999995	2,077884277	1,00577786381373	105,546008889115
34299,99902	0,500500199999976	2,08231543	1,00583515277056	105,771089043531
34309,99902	0,499904099999981	2,080158691	1,0059898807648	105,661537613654
34319,99902	0,499606099999994	2,077126709	1,00579192999503	105,507528267385
34329,99902	0,500768400000027	2,083656006	1,00591451972068	105,839183522121
34339,99902	0,50026170000001	2,080519043	1,00563021542066	105,679841672169
34349,99902	0,50026170000001	2,08080542	1,0058211796103	105,694388174938
34359,99902	0,499814700000002	2,076053955	1,00597693183619	105,453037791436
34369,99902	0,49966569999998	2,076210938	1,00577767777166	105,461011733631
34379,99902	0,499725300000023	2,076434326	1,00568601404042	105,472358713872
34389,99902	0,500172299999974	2,080898926	1,00592057408997	105,699137806674
34399,99902	0,501006800000027	2,085252686	1,00571703505633	105,920286788236
34409,99902	0,500559800000019	2,084018799	1,00604213958398	105,857611571088
34419,99902	0,500649199999998	2,085699707	1,00613287110438	105,942993193478
34429,99902	0,500589600000012	2,087624023	1,00600422600921	106,040738710824
34439,99902	0,500828000000013	2,089659668	1,00582350913716	106,144139178138
34449,99902	0,501066400000013	2,089107178	1,00571396036093	106,116075481282
34459,99902	0,500500199999976	2,08532251	1,00580003382784	105,923833494184
34469,99902	0,501155799999992	2,08916626	1,00577097025464	106,119076547976
34479,99902	0,501096200000006	2,086874268	1,0058763270828	106,002654949967
34489,99902	0,500470399999983	2,08501416	1,00583319632808	105,908170874181
34499,99902	0,500321299999996	2,082236572	1,00563645683225	105,767083456088
34509,99902	0,500828000000013	2,084768311	1,00581428705144	105,895682988774
34519,99902	0,500351099999989	2,081381348	1,00575997776852	105,723642403617
34529,99902	0,501304800000014	2,088974854	1,00590585676141	106,109354091532
34539,99902	0,500917399999992	2,084424072	1,00581465913559	105,87819738914
34549,99902	0,500887599999999	2,084862793	1,00598186995303	105,900482196373
34559,99902	0,500172299999974	2,081715088	1,00578960146839	105,740594707167
34569,99902	0,499725300000023	2,077871582	1,00591489180483	105,545364047341
34579,99902	0,50026170000001	2,081564941	1,00581633551473	105,732967999187
34589,99902	0,49966569999998	2,075202148	1,00587148298723	105,409770305278
34599,99902	0,500410699999975	2,081513184	1,00564269824385	105,730339005435
34609,99902	0,500142499999981	2,079588867	1,00592290361683	105,632593437294
34619,99902	0,500410699999975	2,082378662	1,00582872531689	105,774300909229
34629,99902	0,500351099999989	2,083040283	1,00564186005428	105,807907908772
34639,99902	0,497609300000022	2,071643555	1,00599416573392	105,229011784426
34649,99902	0,499844499999995	2,079500244	1,00585946626945	105,628091837253
34659,99902	0,498533199999997	2,072315918	1,00586738406019	105,263164423223
34669,99902	0,499486900000022	2,07590332	1,00586999265016	105,445386295525
34679,99902	0,498443800000018	2,069734863	1,00592737462803	105,132059887235
34689,99902	0,497251699999993	2,068366211	1,00577982025622	105,062539289887
34699,99902	0,496506599999975	2,062274658	1,00555485437654	104,753119215726
34709,99902	0,497192100000007	2,064634033	1,00595066289505	104,872963529232
34719,99902	0,498354399999982	2,064773438	1,00602164594901	104,880044597958
34729,99902	0,497251699999993	2,060548584	1,00574544648203	104,665443389038
34739,99902	0,495880800000009	2,053592285	1,00572895775284	104,31209859298
34749,99902	0,498235200000011	2,05852832	1,00606682516702	104,56282419871
34759,99902	0,495553000000029	2,050525146	1,00586198083816	104,156303448976
34769,99902	0,496446999999989	2,053424561	1,00591694126835	104,303579062325
34779,99902	0,497668900000008	2,055016113	1,0058676631233	104,384421851984
34789,99902	0,498115999999982	2,058584229	1,00607595423171	104,565664093056
34799,99902	0,497281499999985	2,053081543	1,00583440760203	104,286155483314
34809,99902	0,497341100000028	2,056906982	1,00585834801654	104,480468430944
34819,99902	0,499099399999977	2,067165527	1,00594535369428	105,001550617159
34829,99902	0,497847700000023	2,058738037	1,00545471472833	104,573476761315
34839,99902	0,49576159999998	2,052418945	1,00587185507138	104,252498857114
34849,99902	0,495284700000013	2,049093262	1,00601074748415	104,08357098593
34859,99902	0,498324599999989	2,058882568	1,0058716690293	104,580818204907
34869,99902	0,497192100000007	2,05801709	1,00532942339167	104,536856301112
34879,99902	0,497013299999992	2,056555176	1,00576649924345	104,462598465993
34889,99902	0,496089400000017	2,052919189	1,00598606090088	104,277908721491
34899,99902	0,496774899999991	2,05401001	1,00597600062558	104,333316909636
34909,99902	0,496923900000013	2,054045166	1,00606663912495	104,335102656575
34919,99902	0,495135699999992	2,047544067	1,00588089111503	104,00487971758
34929,99902	0,497430500000007	2,054434082	1,00575550675732	104,354857621781
34939,99902	0,49799680000001	2,059384033	1,00596882800338	104,606290089907
34949,99902	0,497609300000022	2,056552002	1,00600385392506	104,462437242851
34959,99902	0,497490099999993	2,055978027	1,00593091442861	104,433282216691
34969,99902	0,497370900000021	2,055670898	1,00625005760801	104,417681617311
34979,99902	0,496774899999991	2,055290771	1,00592234449038	104,39837308884
34989,99902	0,497519899999986	2,053489014	1,00576836166467	104,306852948646
34999,99902	0,497579500000029	2,054741455	1,00594246604119	104,370470615127
35009,99902	0,497698700000001	2,054864258	1,00572914479514	104,376708386245
35019,99902	0,496834499999977	2,051926758	1,0059322187236	104,227498247575
35029,99902	0,495284700000013	2,0489375	1,00578671281508	104,075659064357
35039,99902	0,497490099999993	2,05320874	1,00584651734084	104,292616447402
35049,99902	0,497579500000029	2,055197266	1,00582397424235	104,393623507899
35059,99902	0,497907399999974	2,057824463	1,00581484517767	104,527071824046
35069,99902	0,498235200000011	2,057624756	1,00584987109935	104,516927718799
35079,99902	0,498443800000018	2,059030029	1,00601596366387	104,588308477676
35089,99902	0,498354399999982	2,060602783	1,00598186995303	104,668196424036
35099,99902	0,497162300000014	2,052911377	1,00584297754026	104,277511911414
35109,99902	0,49799680000001	2,056187988	1,00593026228112	104,443947173262
35119,99902	0,498503400000004	2,060138428	1,0057053904227	104,64460953929
35129,99902	0,497609300000022	2,054986084	1,00570799901268	104,382896530706
35139,99902	0,498860999999977	2,063579346	1,00578680683634	104,81939076548
35149,99902	0,498235200000011	2,059044678	1,00597451028852	104,589052572764
35159,99902	0,497341100000028	2,054769287	1,00578848321548	104,37188433992
35169,99902	0,497370900000021	2,054647949	1,00589961534982	104,36572098339
35179,99902	0,498354399999982	2,062459473	1,00576519494846	104,762506882714
35189,99902	0,499069599999984	2,066206055	1,00572793352119	104,952814293696
35199,99902	0,498265000000004	2,063227295	1,00599537700787	104,801508355768
35209,99902	0,498682200000019	2,063825684	1,00594283812535	104,831903489612
35219,99902	0,498443800000018	2,063592285	1,00601037439977	104,820048001219
35229,99902	0,498115999999982	2,060991211	1,00589560944382	104,687926601311
35239,99902	0,498771599999998	2,065658447	1,00592849288094	104,924998577742
35249,99902	0,498503400000004	2,064377686	1,00586393728064	104,859942398537
35259,99902	0,498652400000026	2,065374023	1,00585834801654	104,910551277493
35269,99902	0,498086199999989	2,061676025	1,00562444011448	104,722711687916
35279,99902	0,498086199999989	2,060196289	1,00583869257114	104,647548585361
35289,99902	0,498443800000018	2,065389648	1,00563496649519	104,911344948443
35299,99902	0,498592799999983	2,067007813	1,00581652255704	104,993539543861
35309,99902	0,498771599999998	2,066606689	1,00581791987306	104,973164474018
35319,99902	0,498860999999977	2,070391113	1,00579267516356	105,165394067151
35329,99902	0,499099399999977	2,071016113	1,00585601948991	105,197140905166
35339,99902	0,49966569999998	2,075167725	1,00577031810715	105,40802179103
35349,99902	0,499844499999995	2,07462085	1,00567912148156	105,380243307767
35359,99902	0,499755100000016	2,074321045	1,00564325737031	105,365014730533
35369,99902	0,500410699999975	2,081128418	1,00599481788141	105,710794839234
35379,99902	0,500142499999981	2,08037915	1,00587306634533	105,672735815513
35389,99902	0,499427299999979	2,072895508	1,00582509249527	105,292604662976
35399,99902	0,49966569999998	2,074086914	1,0057518739357	105,353122060243
35409,99902	0,500470399999983	2,084423584	1,00587604701946	105,878172601209
35419,99902	0,500410699999975	2,083498779	1,00583235813851	105,83119718596
35429,99902	0,499814700000002	2,077515625	1,00579668106956	105,52728323259
35439,99902	0,499516700000015	2,074666992	1,00582024839969	105,382587087926
35449,99902	0,500321299999996	2,080086426	1,00592765469137	105,657866917255
35459,99902	0,50026170000001	2,080547607	1,00587912171485	105,681292578859
35469,99902	0,500828000000013	2,083506104	1,00583207907539	105,831569258902
35479,99902	0,500172299999974	2,08201001	1,00603813367798	105,755575252705
35489,99902	0,500649199999998	2,085420166	1,00603533904593	105,928793924925
35499,99902	0,500172299999974	2,082775635	1,00575783528396	105,794465129273
35509,99902	0,500231900000017	2,082166992	1,00579770530121	105,763549144105
35519,99902	0,501215399999978	2,088264648	1,00574721588221	106,07327921979
35529,99902	0,499814700000002	2,078865723	1,00603040192932	105,595861380606
35539,99902	0,50026170000001	2,079707275	1,00595848766474	105,638607964647
35549,99902	0,49966569999998	2,076729004	1,00576575407492	105,487326865444
35559,99902	0,499188899999979	2,072434326	1,00586812922872	105,269178950577
35569,99902	0,499397499999986	2,073646973	1,00592299663787	105,330775283182
35579,99902	0,499159099999986	2,071463379	1,00578177569847	105,219859755168
35589,99902	0,499188899999979	2,071439453	1,00574553950307	105,218644435414
35599,99902	0,500559800000019	2,083871094	1,00596882800338	105,850108904353
35609,99902	0,499755100000016	2,078486084	1,00611684848061	105,576577640067
35619,99902	0,499725300000023	2,077967529	1,00587614004049	105,550237669528
35629,99902	0,499606099999994	2,079344482	1,0058296565275	105,62017991568
35639,99902	0,499427299999979	2,076646729	1,00582555860068	105,483147711688
35649,99902	0,499576300000001	2,079640137	1,00587129694515	105,63519769391
35659,99902	0,498175600000025	2,072679443	1,00587902769358	105,281629654086
35669,99902	0,497609300000022	2,067761719	1,00597534847809	105,031834154518
35679,99902	0,498324599999989	2,067415771	1,00572206519397	105,01426174633
35689,99902	0,496208599999989	2,060495117	1,00582471941089	104,662727535937
35699,99902	0,498503400000004	2,066968994	1,0059865270063	104,991567735054
35709,99902	0,498414000000025	2,064197998	1,00597339203561	104,85081515721
35719,99902	0,497698700000001	2,064241699	1,00578522247802	104,853034946919
35729,99902	0,499069599999984	2,071521729	1,00587446366135	105,222823639965
35739,99902	0,497668900000008	2,064230713	1,00570147753774	104,852476913699
35749,99902	0,496298000000024	2,058949219	1,00584912593082	104,584203738508
35759,99902	0,49799680000001	2,0612771	1,00613594479955	104,702448316148
35769,99902	0,49799680000001	2,062141846	1,00583012263291	104,746373038045
35779,99902	0,497192100000007	2,059939209	1,00585313183682	104,634490221974
35789,99902	0,496953700000006	2,05864502	1,00569961511652	104,568751968304
35799,99902	0,497579500000029	2,056383301	1,00588294057855	104,453868085539
35809,99902	0,496089400000017	2,051076416	1,00591135200425	104,184305176004
35819,99902	0,496625900000026	2,054186035	1,00560068574204	104,342258089094
35829,99902	0,495463599999994	2,0475896	1,00581242363	104,007192563621
35839,99902	0,497937200000024	2,056718018	1,00586300607003	104,470870015746
35849,99902	0,497668900000008	2,055618652	1,00585918620611	104,415027784833
35859,99902	0,495433800000001	2,048453125	1,00579761228017	104,051055264896
35869,99902	0,49576159999998	2,048454834	1,00580338758635	104,051142073449
35879,99902	0,495105899999999	2,04686853	1,00594367631492	103,970565855641
35889,99902	0,49635760000001	2,048552002	1,00596016504411	104,056077716259
35899,99902	0,497370900000021	2,052096924	1,00597236780396	104,236141819475
35909,99902	0,494927099999984	2,045357422	1,00586589372312	103,893809214202
35919,99902	0,497341100000028	2,04625	1,00575112876717	103,939147660893
35929,99902	0,497519899999986	2,050163086	1,00565275851915	104,137912632702
35939,99902	0,496745099999998	2,047190918	1,00580869778734	103,986941535023
35949,99902	0,496864300000027	2,049437744	1,00595867470705	104,101068928735
35959,99902	0,494629099999997	2,041041016	1,00572774747911	103,67455762686
35969,99902	0,496864300000027	2,047220581	1,00600720668334	103,988448265353
35979,99902	0,496685500000012	2,049660156	1,00591135200425	104,112366333113
35989,99902	0,494956899999977	2,044469482	1,00568852960936	103,848706354447
35999,99902	0,495046300000013	2,045599976	1,00594069564079	103,906129730279
36009,99902	0,49799680000001	2,057606445	1,00569374578908	104,515997612638
36019,99902	0,498175600000025	2,056350098	1,005761934211	104,452181541118
36029,99902	0,495195299999978	2,047155396	1,00586980560786	103,985137197135
36039,99902	0,496596099999977	2,048624023	1,00585881412196	104,059736018693
36049,99902	0,494629099999997	2,04262085	1,00600757976772	103,754805201402
36059,99902	0,497192100000007	2,049699951	1,00577646649771	104,114387717783
36069,99902	0,497579500000029	2,05151123	1,00597553552039	104,206391527404
36079,99902	0,496178799999996	2,048741455	1,00564800744461	104,065700970183
36089,99902	0,497609300000022	2,052943604	1,0061333372098	104,279148879972
36099,99902	0,496089400000017	2,046254517	1,0060008722507	103,939377101641
36109,99902	0,497251699999993	2,050880371	1,00571712807736	104,174347081831
36119,99902	0,497847700000023	2,052659424	1,0059882974067	104,264713973688
36129,99902	0,496268199999975	2,049766846	1,00583561887598	104,11778564535
36139,99902	0,496774899999991	2,052338623	1,00581447309352	104,248418905877
36149,99902	0,497758299999987	2,053805176	1,00592346274329	104,322912378727
36159,99902	0,497102700000028	2,050203125	1,00589607554923	104,139946411337
36169,99902	0,498265000000004	2,056579346	1,00566598651087	104,463826179712
36179,99902	0,496208599999989	2,050951416	1,00572690928954	104,177955808401
36189,99902	0,498682200000019	2,062549072	1,00587064479766	104,767058058617
36199,99902	0,499188899999979	2,067208252	1,00560245614245	105,003720831005
36209,99902	0,498354399999982	2,061412109	1,00579090476316	104,709306090313
36219,99902	0,498980200000005	2,066762695	1,00576444977993	104,981088789557
36229,99902	0,497937200000024	2,060030518	1,00596724464528	104,639128257226
36239,99902	0,498443800000018	2,062504395	1,00587222815576	104,764788693046
36249,99902	0,496923900000013	2,054415283	1,00562397400906	104,353902727688
36259,99902	0,498533199999997	2,061245361	1,00583943773967	104,700836135521
36269,99902	0,498324599999989	2,060558105	1,00596445001323	104,66592700767
36279,99902	0,498026600000003	2,057829346	1,0059418138937	104,527319855742
36289,99902	0,498831199999984	2,063608398	1,00600403996713	104,820866460101
36299,99902	0,498414000000025	2,060121582	1,00583068175937	104,643753847717
36309,99902	0,498354399999982	2,062548096	1,00584195330861	104,767008482755
36319,99902	0,499397499999986	2,068848877	1,005976466731	105,087056280794
36329,99902	0,500082899999995	2,076160645	1,00596249357074	105,458457103672
36339,99902	0,499814700000002	2,073916748	1,00578988053151	105,344478488343
36349,99902	0,498980200000005	2,068002441	1,00589952232878	105,044061614263
36359,99902	0,4993379	2,070804199	1,00590222293956	105,186376746076
36369,99902	0,499188899999979	2,067838867	1,0060117717158	105,035752882613
36379,99902	0,498920600000019	2,066615479	1,00605415630176	104,973610961548
36389,99902	0,49966569999998	2,071801514	1,00593901926165	105,237035302484
36399,99902	0,499755100000016	2,072297119	1,00584400277213	105,262209529131
36409,99902	0,499159099999986	2,070131104	1,00595168812692	105,152186925382
36419,99902	0,500082899999995	2,076001709	1,00588620131602	105,450383958958
36429,99902	0,49966569999998	2,075182617	1,00574833413512	105,408778229288
36439,99902	0,499397499999986	2,07101709	1,00562947025213	105,197190531823
36449,99902	0,500887599999999	2,082546387	1,0057462846716	105,782820490679
36459,99902	0,500023300000009	2,077583252	1,00577329878128	105,530718342053
36469,99902	0,500172299999974	2,079580322	1,00591042079364	105,632159394524
36479,99902	0,499755100000016	2,074753418	1,00586477547021	105,386977091482
36489,99902	0,499606099999994	2,072331299	1,00568275430318	105,263945700208
36499,99902	0,499904099999981	2,076608643	1,0058430705613	105,481213135572
36509,99902	0,499993500000016	2,075494873	1,00575923259998	105,42463925433
36519,99902	0,500976999999978	2,082690674	1,00603925193089	105,790149540306
36529,99902	0,500887599999999	2,082607666	1,00573482708028	105,785933153858
36539,99902	0,500559800000019	2,079263916	1,00563654985329	105,616087570478
36549,99902	0,500470399999983	2,080237793	1,00586943352371	105,665555595063
36559,99902	0,500649199999998	2,081239502	1,00585704372155	105,71643734444
36569,99902	0,500023300000009	2,079567627	1,00580823168192	105,631514552751
36579,99902	0,500082899999995	2,077638184	1,00578708589946	105,533508609742
36589,99902	0,500768400000027	2,083278076	1,00597311297249	105,819986590136
36599,99902	0,500410699999975	2,079904053	1,00578345307784	105,648603291512
36609,99902	0,499933899999974	2,076356934	1,00576975898069	105,468427591812
36619,99902	0,499933899999974	2,077305176	1,00557031787386	105,516593488089
36629,99902	0,500470399999983	2,080111572	1,00588927501118	105,659144206837
36639,99902	0,500023300000009	2,074904541	1,00571265606595	105,394653375324
36649,99902	0,499516700000015	2,070585205	1,00575112876717	105,175252958805
36659,99902	0,499397499999986	2,071001465	1,00579332731105	105,196396860873
36669,99902	0,499486900000022	2,07280127	1,00589812501275	105,287817849342
36679,99902	0,499248500000022	2,069595459	1,00589225568531	105,124978869305
36689,99902	0,498026600000003	2,065340332	1,00573072815324	104,908839945141
36699,99902	0,497043099999985	2,066697754	1,00582825921147	104,977790115305
36709,99902	0,498920600000019	2,065789551	1,00584456189859	104,931657997663
36719,99902	0,496268199999975	2,059000488	1,0058660797652	104,586807944329
36729,99902	0,499009999999998	2,067711426	1,0056683150375	105,029279524559
36739,99902	0,499159099999986	2,070239258	1,00595792953851	105,157680601412
36749,99902	0,497013299999992	2,062838867	1,00604651757413	104,781778178493
36759,99902	0,496834499999977	2,059072266	1,00567036450102	104,590453903591
36769,99902	0,497430500000007	2,060951904	1,00601829219051	104,685930004572
36779,99902	0,498920600000019	2,068456055	1,00603804065694	105,06710291055
36789,99902	0,498741800000005	2,066304688	1,00610203713078	104,957824351095
36799,99902	0,496953700000006	2,062835205	1,00573864594398	104,78159216742
36809,99902	0,495344400000022	2,051192627	1,00589141749574	104,190208106873
36819,99902	0,497192100000007	2,056910156	1,0059692941088	104,480629654086
36829,99902	0,495195299999978	2,049437744	1,0058180128941	104,101068928735
36839,99902	0,496953700000006	2,053704834	1,00578121757224	104,317815512775
36849,99902	0,496029799999974	2,050372559	1,00600487815671	104,148552801341
36859,99902	0,495553000000029	2,047768555	1,0058101881244	104,016282572256
36869,99902	0,497758299999987	2,054222168	1,00555066242846	104,344093462691
36879,99902	0,496298000000024	2,052668213	1,00570306189607	104,265160410423
36889,99902	0,496029799999974	2,050417969	1,00607651335817	104,150859399604
36899,99902	0,496864300000027	2,053108643	1,00577208850755	104,28753202621
36909,99902	0,498443800000018	2,05832959	1,00580711342901	104,55272972012
36919,99902	0,497579500000029	2,054418457	1,00581382094602	104,354063950831
36929,99902	0,497013299999992	2,055955811	1,00608182255893	104,432153756286
36939,99902	0,495999999999981	2,050200195	1,00574600560848	104,139797582161
36949,99902	0,495791399999973	2,051847656	1,0057831730145	104,223480266165
36959,99902	0,497698700000001	2,054902588	1,00594190691474	104,378655356327
36969,99902	0,497043099999985	2,051822754	1,00584176726653	104,222215370549
36979,99902	0,497609300000022	2,052853027	1,00584763559375	104,274548026617
36989,99902	0,49552319999998	2,05023999	1,00611098015339	104,141818966831
36999,99902	0,494688699999983	2,043744751	1,00586216788046	103,811893686189
37009,99902	0,496774899999991	2,051016113	1,00561857178726	104,181242088688
37019,99902	0,497013299999992	2,050708984	1,0059874582169	104,165641489308
37029,99902	0,498831199999984	2,060498291	1,00579649402726	104,66288875908
37039,99902	0,498026600000003	2,057274414	1,00573659648046	104,499132117641
37049,99902	0,498652400000026	2,06062085	1,00569374578908	104,669114136232
37059,99902	0,49799680000001	2,056408203	1,00592057408997	104,455132981155
37069,99902	0,496596099999977	2,054279053	1,00597162263543	104,3469829329
37079,99902	0,497370900000021	2,050926514	1,00598922861731	104,176690912785
37089,99902	0,498652400000026	2,059650635	1,00577292669712	104,619832122721
37099,99902	0,497579500000029	2,054790283	1,00577693260313	104,372950830497
37109,99902	0,497609300000022	2,05440625	1,00581251665103	104,353443896988
37119,99902	0,497579500000029	2,054428467	1,00589803099149	104,354572408188
37129,99902	0,498831199999984	2,061126953	1,00584409579317	104,694821608168
37139,99902	0,498592799999983	2,060181885	1,00585164149975	104,646816935033
37149,99902	0,498592799999983	2,062957031	1,0058448409617	104,787780311881
37159,99902	0,498086199999989	2,057454102	1,00581829195721	104,508259358968
37169,99902	0,498324599999989	2,058900635	1,00584400277213	104,581735917103
37179,99902	0,500231900000017	2,075945801	1,00588051903087	105,447544115406
37189,99902	0,49966569999998	2,070935791	1,00582276396863	105,193060953929
37199,99902	0,499069599999984	2,06945874	1,00581941021012	105,11803423579
37209,99902	0,499188899999979	2,068844482	1,0058218317578	105,08683303703
37219,99902	0,499606099999994	2,07270166	1,00572858566868	105,282758165287
37229,99902	0,499993500000016	2,074591064	1,00608499027536	105,378730329659
37239,99902	0,499606099999994	2,068900391	1,00582732800086	105,089672931376
37249,99902	0,499278300000014	2,065339111	1,00595634518019	104,908777924519
37259,99902	0,498414000000025	2,059618408	1,00594330423076	104,618195154163
37269,99902	0,498652400000026	2,063270996	1,00586309909107	104,803728145477
37279,99902	0,498592799999983	2,060791992	1,00573585131193	104,677807283995
37289,99902	0,498115999999982	2,059832031	1,00589579548589	104,629046121806
37299,99902	0,499009999999998	2,061704834	1,00569113819933	104,724175039366
37309,99902	0,499486900000022	2,070564941	1,00575205997778	105,174223650124
37319,99902	0,500410699999975	2,07566626	1,00567791020761	105,433344846853
37329,99902	0,499069599999984	2,066277344	1,00582136665261	104,956435414233
37339,99902	0,499278300000014	2,065962402	1,00584158022423	104,94043795398
37349,99902	0,499814700000002	2,071882568	1,00587045775535	105,241152435617
37359,99902	0,500023300000009	2,073015381	1,00570352700126	105,298693604917
37369,99902	0,499516700000015	2,067036865	1,00611573122792	104,995015238482
37379,99902	0,499188899999979	2,066063477	1,00576221427434	104,945572052624
37389,99902	0,499159099999986	2,066653809	1,00583207907539	104,97555793163
37399,99902	0,499904099999981	2,071570557	1,00592430093286	105,225303855336
37409,99902	0,499725300000023	2,071847168	1,0058079526188	105,239354294712
37419,99902	0,501006800000027	2,080356201	1,00600972225228	105,671570122416
37429,99902	0,49966569999998	2,069551514	1,00554880000724	105,12274668563
37439,99902	0,500678999999991	2,080119629	1,00569765867404	105,659553461675
37449,99902	0,501066400000013	2,081432129	1,00592104019539	105,726221821507
37459,99902	0,500351099999989	2,078017822	1,00583850652907	105,552792299487
37469,99902	0,501155799999992	2,0850354	1,0056555531512	105,909249758724
37479,99902	0,500887599999999	2,082565186	1,00591554395233	105,783775384772
37489,99902	0,501483600000029	2,085738281	1,00575327125173	105,944952557525
37499,99902	0,50190090000001	2,092081787	1,00585322485785	106,267170569411
37509,99902	0,501304800000014	2,09150415	1,00603645729884	106,237829532179
37519,99902	0,501990299999989	2,093862549	1,00590781220367	106,357624269823
37529,99902	0,501632599999994	2,091498779	1,005976466731	106,237556712551
37539,99902	0,500410699999975	2,080429199	1,0058991492444	105,675278051506
37549,99902	0,499397499999986	2,071745117	1,00578000629829	105,234170620206
37559,99902	0,500023300000009	2,076093994	1,00588927501118	105,455071570072
37569,99902	0,501006800000027	2,085000244	1,00587837654632	105,907464011784
37579,99902	0,501066400000013	2,086101563	1,00590744011951	105,963405445218
37589,99902	0,499755100000016	2,075069092	1,00574935836677	105,403011733631
37599,99902	0,499576300000001	2,074652344	1,00576267937953	105,381843043633
37609,99902	0,500231900000017	2,077589844	1,00572392761519	105,531053182303
37619,99902	0,499486900000022	2,072478516	1,00571116572888	105,271423579012
37629,99902	0,499278300000014	2,072953369	1,00602565185501	105,295543709047
37639,99902	0,500976999999978	2,084357666	1,00608778490741	105,8748243003
37649,99902	0,500649199999998	2,080660645	1,00597637370996	105,68703433738
37659,99902	0,500023300000009	2,07581958	1,005689553841	105,44113272718
37669,99902	0,500470399999983	2,078233398	1,00575718413669	105,56374246965
37679,99902	0,500231900000017	2,077191406	1,0058890889691	105,510814547671
37689,99902	0,498652400000026	2,071905273	1,00566794295335	105,242305734749
37699,99902	0,499069599999984	2,071244873	1,00562462615656	105,208760755829
37709,99902	0,498175600000025	2,064674316	1,00591535791025	104,875009701834
37719,99902	0,496685500000012	2,060300049	1,00585536734241	104,652819068421
37729,99902	0,498860999999977	2,065615234	1,0059378079877	104,922803575964
37739,99902	0,498086199999989	2,063477295	1,0058890889691	104,814207090974
37749,99902	0,498115999999982	2,064646484	1,00578354609887	104,873595977041
37759,99902	0,496625900000026	2,057424805	1,00574842715616	104,506771219587
37769,99902	0,497668900000008	2,058640137	1,00573026204782	104,568503936608
37779,99902	0,498443800000018	2,064642578	1,00570026726402	104,873397572002
37789,99902	0,49966569999998	2,0706604	1,00578988053151	105,179072484381
37799,99902	0,499248500000022	2,066859863	1,00594861343153	104,986024432367
37809,99902	0,496625900000026	2,058686768	1,00600189748258	104,570872555493
37819,99902	0,497847700000023	2,057642334	1,00582257692633	104,517820592269
37829,99902	0,497758299999987	2,060995361	1,00589961534982	104,688137400315
37839,99902	0,499099399999977	2,064801758	1,00561950299787	104,881483110682
37849,99902	0,496923900000013	2,058397461	1,00588294057855	104,556177223549
37859,99902	0,496625900000026	2,055845703	1,00553026181453	104,426560826942
37869,99902	0,49611920000001	2,052582764	1,00603040192932	104,260820033525
37879,99902	0,49611920000001	2,052331055	1,00597497639394	104,248034489765
37889,99902	0,497758299999987	2,054196045	1,00595709034872	104,342766546452
37899,99902	0,495553000000029	2,049122559	1,00572690928954	104,085059125311
37909,99902	0,496506599999975	2,049459473	1,00564968482398	104,102172652004
37919,99902	0,498175600000025	2,052163818	1,00567017845895	104,239539696246
37929,99902	0,497668900000008	2,052850342	1,00576612615907	104,2744116422
37939,99902	0,496298000000024	2,045814087	1,00599556304994	103,917005485854
37949,99902	0,498235200000011	2,05448877	1,00586868835518	104,357635495505
37959,99902	0,497430500000007	2,050320801	1,00606300630333	104,145923756794
37969,99902	0,498443800000018	2,053949463	1,00583151994894	104,330241428354
37979,99902	0,498235200000011	2,054651367	1,0057422787656	104,365894600498
37989,99902	0,496446999999989	2,047493408	1,00605275898573	104,002306496673
37999,99902	0,497937200000024	2,051814697	1,00595951289662	104,221806115711
38009,99902	0,496208599999989	2,049496094	1,00606049073439	104,104032813532
38019,99902	0,496774899999991	2,046541748	1,00591619609982	103,953966983288
38029,99902	0,498175600000025	2,053060791	1,00589365300133	104,285101386702
38039,99902	0,498354399999982	2,054285645	1,00589840407587	104,34731777315
38049,99902	0,498771599999998	2,059463867	1,00585732378489	104,610345253213
38059,99902	0,498592799999983	2,059223145	1,00574022930208	104,598117793468
38069,99902	0,498354399999982	2,056196533	1,00577963321391	104,444381216031
38079,99902	0,498652400000026	2,059283203	1,00594032355664	104,601168436024
38089,99902	0,498086199999989	2,055215576	1,00563617776914	104,394553563265
38099,99902	0,497758299999987	2,053387207	1,00602006259091	104,301681668106
38109,99902	0,496596099999977	2,050814941	1,00570222270627	104,171023568853
38119,99902	0,498980200000005	2,059672607	1,00576444977993	104,62094818916
38129,99902	0,498503400000004	2,05797583	1,00584968505727	104,534760501854
38139,99902	0,498414000000025	2,057056396	1,00573911204939	104,488057906233
38149,99902	0,49799680000001	2,053249756	1,00597954042617	104,294699852695
38159,99902	0,498235200000011	2,052899414	1,00586253996462	104,276904251537
38169,99902	0,498354399999982	2,054135986	1,00579006657359	104,339715853101
38179,99902	0,498235200000011	2,055992432	1,00589607554923	104,434013917814
38189,99902	0,498324599999989	2,0549729	1,00574116151291	104,382226850206
38199,99902	0,498324599999989	2,055009277	1,00589840407587	104,384074617768
38209,99902	0,499069599999984	2,063717285	1,00596333176031	104,826397368822
38219,99902	0,499427299999979	2,064541992	1,00595001074755	104,868288312084
38229,99902	0,499099399999977	2,06328418	1,00604474817396	104,804397825977
38239,99902	0,499993500000016	2,07119165	1,00569924203214	105,206057296693
38249,99902	0,499725300000023	2,069818359	1,00591004870949	105,136301061614
38259,99902	0,500470399999983	2,075862061	1,00599155714394	105,443290547061
38269,99902	0,499993500000016	2,072527588	1,00576947991758	105,273916188348
38279,99902	0,499486900000022	2,06754248	1,00588210238898	105,020697922487
38289,99902	0,499069599999984	2,064591797	1,00582751404294	104,870818154112
38299,99902	0,498354399999982	2,058533447	1,00588890292703	104,563084624371
38309,99902	0,499397499999986	2,064696533	1,00619640147281	104,876138213034
38319,99902	0,499486900000022	2,06472998	1,00577609341333	104,87783715142
38329,99902	0,499844499999995	2,06733374	1,00579705315371	105,010094986539
38339,99902	0,499188899999979	2,064637207	1,00570110545359	104,873124752375
38349,99902	0,500589600000012	2,075407471	1,00577031810715	105,420199674912
38359,99902	0,4993379	2,065205811	1,005887505611	104,902006958907
38369,99902	0,500023300000009	2,070189209	1,00600562332524	105,155138365419
38379,99902	0,499009999999998	2,06319043	1,00559556258336	104,799635800274
38389,99902	0,500172299999974	2,070052002	1,00591274932028	105,148168943973
38399,99902	0,499844499999995	2,069307373	1,0059418138937	105,110345557982
38409,99902	0,499993500000016	2,070751953	1,00592961013362	105,183722913598
38419,99902	0,500351099999989	2,074747559	1,00582667585337	105,386679483923
38429,99902	0,500828000000013	2,078407715	1,00575802232626	105,57259689135
38439,99902	0,50026170000001	2,075571777	1,00565974509927	105,428545588459
38449,99902	0,500231900000017	2,073437256	1,00578084448786	105,320122720577
38459,99902	0,500351099999989	2,076409424	1,00561139916506	105,471093818256
38469,99902	0,500589600000012	2,077132568	1,00593594456626	105,507825874943
38479,99902	0,500828000000013	2,079259521	1,00588983413764	105,615864326713
38489,99902	0,500738599999977	2,083066162	1,00584828774125	105,809222431046
38499,99902	0,500082899999995	2,076373535	1,00597739794161	105,469270838624
38509,99902	0,501662399999987	2,086900146	1,00580869778734	106,003969421446
38519,99902	0,501423999999986	2,086580322	1,00571666197195	105,987723980292
38529,99902	0,501066400000013	2,083372559	1,0059087444145	105,824785848529
38539,99902	0,501543200000015	2,087452881	1,00595494786416	106,032045563062
38549,99902	0,500887599999999	2,082052246	1,00591722133169	105,757720627825
38559,99902	0,501394199999993	2,086110596	1,00588424487353	105,963864275918
38569,99902	0,501155799999992	2,084796631	1,00585639157406	105,897121501498
38579,99902	0,500589600000012	2,082587402	1,00587045775535	105,784903845177
38589,99902	0,501155799999992	2,084992676	1,00595215323211	105,907079595672
38599,99902	0,501573000000008	2,088797363	1,00577059817049	106,100338446691
38609,99902	0,50026170000001	2,077532715	1,00573529218547	105,528151318129
38619,99902	0,501155799999992	2,084690186	1,00587930775693	105,891714634022
38629,99902	0,501751899999988	2,0872229	1,00586170177505	106,020363691776
38639,99902	0,501096200000006	2,08327124	1,00580022087014	105,81963935592
38649,99902	0,500649199999998	2,080133545	1,00599984801906	105,660260324072
38659,99902	0,501751899999988	2,090036621	1,00587967984108	106,163286483466
38669,99902	0,500410699999975	2,080498291	1,00570529740166	105,678787575557
38679,99902	0,501245200000028	2,082955811	1,00598876251189	105,803617158531
38689,99902	0,500142499999981	2,073094238	1,0056667316794	105,302699141565
38699,99902	0,499814700000002	2,073115967	1,00581363490395	105,303802864835
38709,99902	0,500410699999975	2,076419922	1,00581922416805	105,471627063544
38719,99902	0,499397499999986	2,067988525	1,00587176205034	105,043354751867
38729,99902	0,499993500000016	2,072198242	1,00570306189607	105,257187077767
38739,99902	0,498652400000026	2,069448242	1,0061175006281	105,117500990501
38749,99902	0,498175600000025	2,058960693	1,00582686189544	104,584786559659
38759,99902	0,498741800000005	2,064633057	1,00579146388961	104,87291395337
38769,99902	0,498652400000026	2,061875977	1,00601242386329	104,732868237923
38779,99902	0,498265000000004	2,061520508	1,00577823589789	104,714812211104
38789,99902	0,497758299999987	2,055913574	1,00590725407744	104,43000833037
38799,99902	0,496774899999991	2,053691162	1,00570958237078	104,317121044344
38809,99902	0,497490099999993	2,053445068	1,00591247025716	104,304620714177
38819,99902	0,497609300000022	2,053609619	1,00583664310762	104,312979072484
38829,99902	0,498592799999983	2,057481689	1,0060598385869	104,509660639
38839,99902	0,497251699999993	2,051398438	1,00576510192743	104,200662264438
38849,99902	0,499069599999984	2,061693848	1,00584614525669	104,723617006146
38859,99902	0,499248500000022	2,063069336	1,00581084027189	104,79348483771
38869,99902	0,499516700000015	2,065024658	1,00584279149818	104,892805302992
38879,99902	0,496745099999998	2,05290332	1,00582732800086	104,277102656575
38889,99902	0,497490099999993	2,054393311	1,00586002539591	104,352786661249
38899,99902	0,498503400000004	2,05646582	1,00583710921304	104,458059633261
38909,99902	0,498503400000004	2,058801758	1,00583403551787	104,576713465739
38919,99902	0,498860999999977	2,063236084	1,00597516243601	104,801954792503
38929,99902	0,498324599999989	2,056856934	1,00584018290821	104,477926245746
38939,99902	0,497430500000007	2,053469238	1,00564064878033	104,305848427897
38949,99902	0,496864300000027	2,053791992	1,00555029034431	104,322242698227
38959,99902	0,496029799999974	2,051347412	1,00567399732264	104,198070401788
38969,99902	0,49778809999998	2,053003662	1,0059228105958	104,282199522528
38979,99902	0,498860999999977	2,060146729	1,00600636849377	104,645031188094
38989,99902	0,496834499999977	2,051473633	1,00562136641931	104,204481790014
38999,99902	0,498414000000025	2,055108643	1,00556566082059	104,389121907858
39009,99902	0,498443800000018	2,056699951	1,00577339280254	104,469952303551
39019,99902	0,498265000000004	2,055730957	1,00563552562165	104,420732310662
39029,99902	0,497847700000023	2,055065674	1,00587604701946	104,386939300046
39039,99902	0,499069599999984	2,060020508	1,00588927501118	104,638619799868
39049,99902	0,499009999999998	2,060057129	1,00606561389308	104,640479961396
39059,99902	0,498324599999989	2,054956787	1,00599416573392	104,381408391324
39069,99902	0,498026600000003	2,0535625	1,00588340668396	104,310585665668
39079,99902	0,498860999999977	2,059131836	1,0058117714825	104,593479758216
39089,99902	0,498652400000026	2,05769043	1,00574870621927	104,520263625743
39099,99902	0,497907399999974	2,051598877	1,00599509694453	104,210843551582
39109,99902	0,499069599999984	2,05913623	1,00572895775284	104,593702951186
39119,99902	0,4993379	2,061534912	1,00584633129876	104,715543861431
39129,99902	0,498860999999977	2,058542969	1,00581447309352	104,563568293798
39139,99902	0,498175600000025	2,055821289	1,0058218317578	104,425320719256
39149,99902	0,499248500000022	2,061251709	1,00563301005271	104,701158581805
39159,99902	0,499188899999979	2,060958252	1,00571666197195	104,686252450856
39169,99902	0,499188899999979	2,061171875	1,0058180128941	104,6971034185
39179,99902	0,498265000000004	2,056967041	1,00582024839969	104,483519124295
39189,99902	0,498682200000019	2,058114746	1,00566337792089	104,541816731854
39199,99902	0,498652400000026	2,054419678	1,00581614947266	104,354125971453
39209,99902	0,498026600000003	2,052128174	1,00565853382532	104,237729161376
39219,99902	0,498980200000005	2,061534424	1,00588666642121	104,7155190735
39229,99902	0,499427299999979	2,064756348	1,00584232539276	104,879176512419
39239,99902	0,500887599999999	2,075349365	1,00569346672597	105,417248184081
39249,99902	0,499904099999981	2,068720459	1,00575606588378	105,080533296084
39259,99902	0,499755100000016	2,065010742	1,00565471496163	104,892098440595
39269,99902	0,499159099999986	2,062806396	1,0057871789205	104,78012881597
39279,99902	0,499159099999986	2,061760498	1,00589952232878	104,727002488952
39289,99902	0,500142499999981	2,068420166	1,00563459341081	105,065279930919
39299,99902	0,500172299999974	2,067044922	1,00593007623904	104,99542449332
39309,99902	0,501215399999978	2,080788574	1,0058644964071	105,693532483365
39319,99902	0,499993500000016	2,069015137	1,00589775192837	105,095501447656
39329,99902	0,500321299999996	2,072342529	1,00558969425614	105,264516127394
39339,99902	0,50026170000001	2,074224854	1,00575466856775	105,36012871438
39349,99902	0,500887599999999	2,079688477	1,00587604701946	105,637653121349
39359,99902	0,501304800000014	2,083331543	1,00581186450354	105,822702443237
39369,99902	0,501155799999992	2,082341064	1,00588117117837	105,772391121044
39379,99902	0,500589600000012	2,078037354	1,00604456213188	105,553784426271
39389,99902	0,501960499999996	2,086660645	1,00597832915222	105,991803982323
39399,99902	0,501245200000028	2,083146729	1,00584297754026	105,813314827043
39409,99902	0,501096200000006	2,078308594	1,00581549732516	105,56756204602
39419,99902	0,500768400000027	2,078440674	1,00589384004364	105,574271041804
39429,99902	0,500828000000013	2,078349365	1,00589933528648	105,569633006553
39439,99902	0,501245200000028	2,081311523	1,00573249755342	105,720095646874
39449,99902	0,501394199999993	2,082955078	1,00573380184841	105,803579925839
39459,99902	0,500678999999991	2,078414795	1,00564251220177	105,572956519531
39469,99902	0,50246709999999	2,090695801	1,00586626580728	106,196769492559
39479,99902	0,501662399999987	2,084424561	1,00571265606595	105,878222227866
39489,99902	0,501543200000015	2,08484082	1,00578699287842	105,899366079139
39499,99902	0,501632599999994	2,084319824	1,00591554395233	105,872902118149
39509,99902	0,501662399999987	2,082879639	1,00586365821753	105,799748006299
39519,99902	0,501811499999974	2,087973145	1,00589560944382	106,058472342155
39529,99902	0,502407500000004	2,093493896	1,0059612822968	106,338898562503
39539,99902	0,501543200000015	2,086386475	1,00580077899637	105,977877533398
39549,99902	0,501960499999996	2,090593994	1,00586132869067	106,191598212018
39559,99902	0,502556500000026	2,094595459	1,00587874863047	106,394852389902
39569,99902	0,501751899999988	2,08936499	1,00580655530278	106,129171026566
39579,99902	0,502407500000004	2,093374756	1,00604661059517	106,332846853253
39589,99902	0,501304800000014	2,086217285	1,00595047685297	105,96928353736
39599,99902	0,500559800000019	2,078334473	1,00566188758383	105,568876568294
39609,99902	0,500738599999977	2,080286865	1,00590110568688	105,668048204399
39619,99902	0,500559800000019	2,076458252	1,00589719280192	105,473574033626
39629,99902	0,500172299999974	2,073431152	1,00578205576181	105,319812668258
39639,99902	0,498771599999998	2,070822754	1,00579556281665	105,187319246203
39649,99902	0,499844499999995	2,070205322	1,00584139418216	105,1559568243
39659,99902	0,500500199999976	2,074001221	1,00581894410471	105,348769289379
39669,99902	0,499397499999986	2,068195313	1,00597460330956	105,05385853609
39679,99902	0,500500199999976	2,07694458	1,00580292148093	105,498277035607
39689,99902	0,498920600000019	2,071449463	1,00554628443831	105,219152892772
39699,99902	0,500917399999992	2,078432129	1,0056926285364	105,573836999035
39709,99902	0,498652400000026	2,065052002	1,00579397945855	104,894194239854
39719,99902	0,499993500000016	2,071449707	1,0058566716374	105,219165286737
39729,99902	0,500410699999975	2,075937012	1,00601260990537	105,447097678671
39739,99902	0,498443800000018	2,064431396	1,00590194387645	104,862670594809
39749,99902	0,499188899999979	2,06482251	1,00596416994988	104,882537207294
39759,99902	0,497847700000023	2,06245874	1,00581614947266	104,762469650023
39769,99902	0,499486900000022	2,065466553	1,00587800346194	104,915251333367
39779,99902	0,498741800000005	2,062321533	1,00586980560786	104,755500228577
39789,99902	0,498533199999997	2,063809814	1,00592746764906	104,831097373902
39799,99902	0,498265000000004	2,062193359	1,00601316903182	104,748989637832
39809,99902	0,498771599999998	2,059053467	1,00556528773621	104,589499009499
39819,99902	0,496298000000024	2,049927734	1,00578960146839	104,125957941789
39829,99902	0,497013299999992	2,052809082	1,00573268459572	104,272315842942
39839,99902	0,496268199999975	2,047488403	1,00567055154333	104,002052267994
39849,99902	0,498414000000025	2,053004639	1,00575485460983	104,282249149185
39859,99902	0,497579500000029	2,051003174	1,00588713252662	104,180584852949
39869,99902	0,498920600000019	2,059054932	1,0057092092864	104,589573424087
39879,99902	0,496685500000012	2,050678467	1,0058935599803	104,164091380099
39889,99902	0,498354399999982	2,055509766	1,00573389486944	104,409496926906
39899,99902	0,499159099999986	2,060199707	1,00605862731295	104,647722202469
39909,99902	0,497102700000028	2,050364746	1,00588210238898	104,148155940468
39919,99902	0,496596099999977	2,049352539	1,00635699779426	104,096740945802
39929,99902	0,497937200000024	2,049672852	1,00580273543886	104,113011225682
39939,99902	0,499397499999986	2,059131348	1,00612411412385	104,593454970285
39949,99902	0,498682200000019	2,055158203	1,00598848344878	104,391639305125
39959,99902	0,498652400000026	2,057497803	1,00592169234289	104,510479148677
39969,99902	0,498324599999989	2,053651855	1,00604046320484	104,315124447605
39979,99902	0,497758299999987	2,054212891	1,00572653620516	104,343622238025
39989,99902	0,498682200000019	2,054657227	1,00586123566963	104,366192258851
39999,99902	0,498682200000019	2,056071777	1,00618084495445	104,438044242393
40009,99902	0,50026170000001	2,069043701	1,00606356442956	105,096952354346
40019,99902	0,498533199999997	2,056182129	1,00596966619295	104,443649565703
40029,99902	0,499427299999979	2,061029541	1,00593929832476	104,689873571392
40039,99902	0,498831199999984	2,058441406	1,00582071450511	104,558409407223
40049,99902	0,498115999999982	2,0553396	1,00576854870697	104,400853355006
40059,99902	0,4993379	2,060667969	1,00597357907791	104,671507543049
40069,99902	0,499427299999979	2,063290771	1,00599891680845	104,804732615431
40079,99902	0,499099399999977	2,057257813	1,00587930775693	104,498288870828
40089,99902	0,499069599999984	2,061581055	1,00588471097895	104,717887692386
40099,99902	0,499099399999977	2,060415771	1,00570008022171	104,658697160563
40109,99902	0,498771599999998	2,056816895	1,00567986665009	104,47589246711
40119,99902	0,499397499999986	2,060483643	1,00585126841537	104,662144714786
40129,99902	0,50026170000001	2,069446777	1,00607455691569	105,117426575913
40139,99902	0,4993379	2,062013184	1,00570073236921	104,739837659369
40149,99902	0,4993379	2,061904297	1,0058039467128	104,734306750648
40159,99902	0,500500199999976	2,075130859	1,00589300085384	105,406149184741
40169,99902	0,500023300000009	2,06763623	1,00583720223408	105,025459948189
40179,99902	0,500410699999975	2,070116699	1,00576118904246	105,15145522426
40189,99902	0,500231900000017	2,072232178	1,0060205276961	105,258910854879
40199,99902	0,500142499999981	2,072247314	1,00578634073093	105,259679687103
40209,99902	0,500023300000009	2,070605713	1,00585397002639	105,176294661452
40219,99902	0,501841300000024	2,082159424	1,00587483674573	105,763164727993
40229,99902	0,500678999999991	2,072943115	1,00571349425552	105,295022857723
40239,99902	0,499606099999994	2,064823975	1,00560925568027	104,882611621882
40249,99902	0,499486900000022	2,06538208	1,0057312872797	104,910960532331
40259,99902	0,499486900000022	2,062555664	1,00561130514379	104,767392898867
40269,99902	0,500082899999995	2,069846436	1,00575112876717	105,137727231168
40279,99902	0,499844499999995	2,066806396	1,00574358306059	104,983308579265
40289,99902	0,499397499999986	2,064098389	1,00584763559375	104,84575552395
40299,99902	0,500172299999974	2,068340088	1,00583207907539	105,061212373648
40309,99902	0,501334600000007	2,078675781	1,00579323429002	105,586213287957
40319,99902	0,500351099999989	2,072571777	1,00600469211463	105,276160765988
40329,99902	0,501006800000027	2,07784668	1,00596016504411	105,544099151724
40339,99902	0,501423999999986	2,080524658	1,00577907508768	105,680126885762
40349,99902	0,501096200000006	2,078946777	1,0058542490895	105,59997851374
40359,99902	0,501245200000028	2,080483154	1,00575103574613	105,678018692538
40369,99902	0,501543200000015	2,084235596	1,00570501733832	105,868623761873
40379,99902	0,501245200000028	2,08036792	1,0060015243982	105,672165388327
40389,99902	0,500351099999989	2,076003174	1,00581009510336	105,450458373546
40399,99902	0,501066400000013	2,081402588	1,00587520882989	105,72472128816
40409,99902	0,502079700000024	2,087481201	1,00590250300291	106,033484075786
40419,99902	0,501990299999989	2,086128174	1,0055916496984	105,964757149388
40429,99902	0,501423999999986	2,084135498	1,00588182232564	105,863539289887
40439,99902	0,501573000000008	2,085570068	1,00589281481176	105,936408188144
40449,99902	0,501662399999987	2,087298584	1,00599379264954	106,024208056078
40459,99902	0,50246709999999	2,091844482	1,0060301228662	106,255116675979
40469,99902	0,502496899999983	2,090942627	1,00592290361683	106,209307004622
40479,99902	0,501423999999986	2,082227783	1,00569588827364	105,766637019353
40489,99902	0,501483600000029	2,083407715	1,00571796626693	105,826571595469
40499,99902	0,502496899999983	2,089003662	1,00591088689906	106,110817392188
40509,99902	0,501751899999988	2,084979004	1,00576696434864	105,906385127241
40519,99902	0,501751899999988	2,08588916	1,00586114264859	105,952616447402
40529,99902	0,501662399999987	2,084470947	1,00599789157658	105,880578401991
40539,99902	0,502884300000005	2,092231689	1,0059961221764	106,274784832631
40549,99902	0,50270549999999	2,092445801	1,0060211798436	106,285660639
40559,99902	0,502586300000019	2,091187988	1,00587427761928	106,221770102098
40569,99902	0,501841300000024	2,084205078	1,00575988474748	105,867073601869
40579,99902	0,501960499999996	2,085662598	1,00570641465435	105,941108244019
40589,99902	0,501423999999986	2,082496826	1,00568377853482	105,780303042617
40599,99902	0,501304800000014	2,081045166	1,00580655530278	105,706566058821
40609,99902	0,501394199999993	2,080845459	1,00588210238898	105,696421953573
40619,99902	0,501543200000015	2,082029541	1,0058638442596	105,756567328694
40629,99902	0,50026170000001	2,073497314	1,00579798436432	105,323173363133
40639,99902	0,500678999999991	2,075342529	1,00573072815324	105,416900949865
40649,99902	0,500351099999989	2,071604492	1,0058566716374	105,227027581653
40659,99902	0,499755100000016	2,071036865	1,00586365821753	105,198195001778
40669,99902	0,499069599999984	2,068438232	1,00592169234289	105,06619759232
40679,99902	0,499576300000001	2,068650146	1,00586514855459	105,07696175141
40689,99902	0,501066400000013	2,077368408	1,00588275453647	105,519805353787
40699,99902	0,500917399999992	2,075045898	1,00583710921304	105,401833595774
40709,99902	0,501066400000013	2,079263672	1,00622928490993	105,616075176512
40719,99902	0,500768400000027	2,075154297	1,00572159908855	105,407339716564
40729,99902	0,498503400000004	2,068420898	1,00586104962755	105,065317112816
40739,99902	0,499248500000022	2,066880615	1,00591228421509	104,987078528979
40749,99902	0,498771599999998	2,065220703	1,00592457999598	104,902763397166
40759,99902	0,500231900000017	2,069786133	1,00595848766474	105,134664143851
40769,99902	0,498980200000005	2,063137207	1,00578233482493	104,796932341139
40779,99902	0,499248500000022	2,060230713	1,00566961933249	104,649297150404
40789,99902	0,496953700000006	2,055806396	1,00603869280444	104,424564230203
40799,99902	0,499814700000002	2,062359131	1,00570166458004	104,757410016762
40809,99902	0,499725300000023	2,064936035	1,0058486598254	104,888303702951
40819,99902	0,499248500000022	2,063010254	1,00558009908604	104,790483771016
40829,99902	0,496923900000013	2,055734863	1,00581708168349	104,420930715701
40839,99902	0,497251699999993	2,054436768	1,00584931197289	104,354994056992
40849,99902	0,497758299999987	2,057346924	1,00574516641869	104,5028152588
40859,99902	0,497907399999974	2,05709375	1,00584595921461	104,489955300452
40869,99902	0,498771599999998	2,057553955	1,0060772585267	104,513331386194
40879,99902	0,49966569999998	2,062517578	1,00612104042868	104,765458322751
40889,99902	0,499159099999986	2,059634521	1,00598475760612	104,619013613044
40899,99902	0,496953700000006	2,054993652	1,00576323850598	104,383280946818
40909,99902	0,499069599999984	2,059866211	1,00571293612929	104,630782292884
40919,99902	0,499278300000014	2,062435303	1,00575625192586	104,761279168995
40929,99902	0,497370900000021	2,057774414	1,00584726250937	104,524529588053
40939,99902	0,499755100000016	2,065272705	1,00576444977993	104,905404835678
40949,99902	0,498980200000005	2,062933105	1,00552681503499	104,786564992127
40959,99902	0,498503400000004	2,056511963	1,00575979172644	104,460403464215
40969,99902	0,499009999999998	2,060008789	1,005765940117	104,638024533956
40979,99902	0,496923900000013	2,05406543	1,0058564845951	104,336131965256
40989,99902	0,498592799999983	2,055965576	1,00590781220367	104,432649768883
40999,99902	0,496864300000027	2,052302246	1,00570445921209	104,246571138315
41009,99902	0,497370900000021	2,054134766	1,00588070507295	104,339653883273
41019,99902	0,499576300000001	2,062477539	1,00592700254387	104,763424544115
41029,99902	0,499248500000022	2,058995361	1,00560823144863	104,586547518667
41039,99902	0,498920600000019	2,056147217	1,00569253551536	104,441876212729
41049,99902	0,500172299999974	2,065324219	1,00586915346037	104,90802148626
41059,99902	0,499904099999981	2,062023926	1,00570641465435	104,740383298623
41069,99902	0,499009999999998	2,058933594	1,0056807978607	104,583410067557
41079,99902	0,499844499999995	2,063470947	1,00614563299069	104,813884644689
41089,99902	0,499904099999981	2,067012207	1,00608517631743	104,993762736831
41099,99902	0,500559800000019	2,068401367	1,00612187861825	105,064325036826
41109,99902	0,499844499999995	2,064365234	1,00587325238741	104,859309899934
41119,99902	0,499725300000023	2,062744141	1,00586253996462	104,776966576929
41129,99902	0,500649199999998	2,069659424	1,00593445422919	105,128227967694
41139,99902	0,499725300000023	2,064790771	1,00583254518081	104,880925026667
41149,99902	0,499159099999986	2,060577637	1,00578550254136	104,666919134454
41159,99902	0,500470399999983	2,069507324	1,00595392363251	105,120502057195
41169,99902	0,499099399999977	2,058416992	1,00593007623904	104,557169299538
41179,99902	0,499159099999986	2,061080322	1,00558205552852	104,692452989282
41189,99902	0,499844499999995	2,064139648	1,00580906987149	104,847851272413
41199,99902	0,499814700000002	2,063193115	1,00572541795225	104,79977218469
41209,99902	0,500738599999977	2,075344238	1,00593901926165	105,416987758419
41219,99902	0,500023300000009	2,066303467	1,00585406304743	104,957762330472
41229,99902	0,50026170000001	2,070399658	1,00572439372061	105,16582810992
41239,99902	0,500321299999996	2,069533203	1,0059228105958	105,121816579469
41249,99902	0,500470399999983	2,069595703	1,00595383061148	105,12499126327
41259,99902	0,500559800000019	2,069814209	1,00559975453143	105,13609026261
41269,99902	0,500142499999981	2,066856201	1,00583720223408	104,985838421293
41279,99902	0,501006800000027	2,072252441	1,00578131059328	105,259940112765
41289,99902	0,500470399999983	2,071436768	1,00563692293767	105,218508050998
41299,99902	0,500738599999977	2,071533203	1,00583999686613	105,223406461116
41309,99902	0,501245200000028	2,075263672	1,00595886074912	105,412895413217
41319,99902	0,500678999999991	2,071107666	1,00586030445902	105,201791334383
41329,99902	0,501543200000015	2,07684082	1,00590138474999	105,493006552547
41339,99902	0,502645900000005	2,088214111	1,00605173475408	106,070712195865
41349,99902	0,500500199999976	2,074866943	1,00583971780302	105,392743587139
41359,99902	0,501155799999992	2,079098633	1,00581074725086	105,607692030274
41369,99902	0,501334600000007	2,079626709	1,00578773804695	105,634515619444
41379,99902	0,501573000000008	2,081856689	1,00604828797454	105,747787321583
41389,99902	0,501066400000013	2,077528809	1,00555261887094	105,52795291309
41399,99902	0,501662399999987	2,079932861	1,00581186450354	105,650066592167
41409,99902	0,501543200000015	2,08101123	1,00582313605278	105,704842281709
41419,99902	0,502169100000003	2,085103027	1,00589123145366	105,912684868187
41429,99902	0,502288299999975	2,086610596	1,00583450062307	105,98926174633
41439,99902	0,501751899999988	2,083739258	1,00574302393413	105,843412302535
41449,99902	0,502556500000026	2,088574463	1,00580161818617	106,089016254381
41459,99902	0,50270549999999	2,090628174	1,00569234847305	106,193334383095
41469,99902	0,501990299999989	2,084750732	1,00587120292389	105,89479006451
41479,99902	0,502645900000005	2,090947266	1,00588843682161	106,209542642353
41489,99902	0,50356979999998	2,096551758	1,00587437064032	106,494222481841
41499,99902	0,502735299999983	2,094056885	1,00578932140505	106,367495555443
41509,99902	0,501990299999989	2,086018799	1,00583068175937	105,959201452735
41519,99902	0,502169100000003	2,086890625	1,00593752892459	106,003485802814
41529,99902	0,502049899999975	2,085020508	1,00586356519649	105,908493320465
41539,99902	0,502318100000025	2,085248535	1,00590613582453	105,920075938437
41549,99902	0,503033399999993	2,093243652	1,00577227454963	106,326187433332
41559,99902	0,502228699999989	2,087046143	1,00596584732925	106,011385330421
41569,99902	0,502556500000026	2,088368652	1,00589868313898	106,078562096815
41579,99902	0,501543200000015	2,080746582	1,00566142247864	105,69139950221
41589,99902	0,501960499999996	2,082225586	1,00576631220115	105,766525422868
41599,99902	0,501751899999988	2,079124512	1,00551060636913	105,609006552547
41609,99902	0,501990299999989	2,080825684	1,00590324817144	105,695417483619
41619,99902	0,502169100000003	2,08433667	1,00601745400094	105,873757809722
41629,99902	0,501662399999987	2,079954346	1,00577385790773	105,651157921471
41639,99902	0,501096200000006	2,075583496	1,00616789702606	105,429140854371
41649,99902	0,502079700000024	2,082000732	1,00613547969436	105,755103977244
41659,99902	0,500231900000017	2,070911377	1,00587642010384	105,191820846244
41669,99902	0,500023300000009	2,066977783	1,00580897685045	104,992014171788
41679,99902	0,500678999999991	2,071574951	1,00577544126584	105,225527048306
41689,99902	0,500649199999998	2,071579102	1,00596351780239	105,225737898105
41699,99902	0,500917399999992	2,073253906	1,00583310330704	105,310809468177
41709,99902	0,501215399999978	2,074190674	1,00576323850598	105,358392543303
41719,99902	0,501155799999992	2,074379395	1,00565611227765	105,36797861533
41729,99902	0,499427299999979	2,072139893	1,00564726227608	105,254223243765
41739,99902	0,4993379	2,066656982	1,00589160353782	104,975719103977
41749,99902	0,499844499999995	2,063860352	1,00587781741986	104,833664448621
41759,99902	0,498831199999984	2,061406982	1,00585024418373	104,709045664652
41769,99902	0,498503400000004	2,061824707	1,00571600982445	104,730263981307
41779,99902	0,500082899999995	2,064072754	1,00593855315623	104,844453395642
41789,99902	0,498771599999998	2,055043457	1,00577702562416	104,385810788845
41799,99902	0,500023300000009	2,062186279	1,00571014149724	104,748630009651
41809,99902	0,500172299999974	2,063868408	1,00587753735652	104,834073652664
41819,99902	0,498592799999983	2,060388672	1,0058100010821	104,657320668461
41829,99902	0,500023300000009	2,065628418	1,00587064479766	104,923473256464
41839,99902	0,500559800000019	2,069212402	1,00583189303332	105,105521511657
41849,99902	0,4993379	2,064596191	1,00602155292797	104,871041347082
41859,99902	0,498741800000005	2,058905029	1,00572718835266	104,581959110073
41869,99902	0,4993379	2,060986816	1,0058430705613	104,687703357546
41879,99902	0,499725300000023	2,062513184	1,00568452370336	104,765235129781
41889,99902	0,499844499999995	2,062937256	1,00567846933406	104,786775841926
41899,99902	0,499486900000022	2,06	1,0060732526207	104,637578097222
41909,99902	0,498652400000026	2,057877441	1,00579491066916	104,529762838421
41919,99902	0,499814700000002	2,062350342	1,00587520882989	104,756963580027
41929,99902	0,498920600000019	2,061543945	1,0058544361318	104,716002692132
41939,99902	0,499278300000014	2,060342041	1,00584549310919	104,654952049576
41949,99902	0,498354399999982	2,056296387	1,00585052324684	104,449453294052
41959,99902	0,498414000000025	2,054837891	1,00570082539025	104,37536907604
41969,99902	0,498115999999982	2,050893311	1,00575522769421	104,175004368365
41979,99902	0,498115999999982	2,053907227	1,00570091941151	104,328096053233
41989,99902	0,496774899999991	2,04816626	1,00601037439977	104,036483974196
41999,99902	0,499069599999984	2,05394458	1,0058155903462	104,329993396658
42009,99902	0,499725300000023	2,059459229	1,00575094272509	104,610109666277
42019,99902	0,499904099999981	2,062907715	1,00559863627852	104,785275308579
42029,99902	0,498831199999984	2,053857666	1,00602462662314	104,325578605171
42039,99902	0,499814700000002	2,060534424	1,00581819893618	104,664724132676
42049,99902	0,499278300000014	2,055966064	1,00567707201804	104,432674556814
42059,99902	0,499159099999986	2,054627441	1,00586803620768	104,364679280744
42069,99902	0,500321299999996	2,063296387	1,00579127784754	104,805017879819
42079,99902	0,500410699999975	2,066230957	1,00602201903339	104,954079189313
42089,99902	0,500172299999974	2,064395752	1,00588843682161	104,860860059938
42099,99902	0,499725300000023	2,059707275	1,00576463582201	104,622709148169
42109,99902	0,499486900000022	2,059270752	1,00596603337133	104,600535988216
42119,99902	0,499278300000014	2,055985596	1,00583673612866	104,433666683598
42129,99902	0,499069599999984	2,05538623	1,00577646649771	104,403221923096
42139,99902	0,497609300000022	2,052820313	1,00559751902584	104,272886320922
42149,99902	0,498086199999989	2,050870117	1,0058582549955	104,173826230507
42159,99902	0,497430500000007	2,049339355	1,0056903930308	104,096071265302
42169,99902	0,496625900000026	2,048031982	1,0061568115189	104,029663331132
42179,99902	0,496089400000017	2,044256226	1,00579090476316	103,837874028547
42189,99902	0,498652400000026	2,053789795	1,00570511135959	104,322131101742
42199,99902	0,498026600000003	2,051256348	1,00561987608225	104,193444811297
42209,99902	0,496774899999991	2,047261841	1,0057574631998	103,990544064611
42219,99902	0,496446999999989	2,04405542	1,00597534847809	103,82767409966
42229,99902	0,497490099999993	2,049426758	1,00585955929049	104,100510895515
42239,99902	0,499188899999979	2,053156982	1,00597413820437	104,289987402855
42249,99902	0,496953700000006	2,046886963	1,00572607009975	103,971502158785
42259,99902	0,496596099999977	2,045753418	1,00581307577749	103,913923807589
42269,99902	0,498860999999977	2,052574219	1,00594758919988	104,260385990755
42279,99902	0,498414000000025	2,051275635	1,00603207930869	104,19442449332
42289,99902	0,499278300000014	2,055011719	1,00603533904593	104,384198659014
42299,99902	0,498652400000026	2,050078369	1,00587502278781	104,1336094377
42309,99902	0,499248500000022	2,056890381	1,00584335062464	104,479625184132
42319,99902	0,499159099999986	2,056265137	1,00602108682256	104,447865952151
42329,99902	0,496834499999977	2,049481934	1,00586151573297	104,10331355717
42339,99902	0,498831199999984	2,056971924	1,00585676465844	104,483767155991
42349,99902	0,498235200000011	2,05576123	1,00583981082405	104,422270025905
42359,99902	0,499486900000022	2,059073975	1,00590194387645	104,590540712145
42369,99902	0,497579500000029	2,05247998	1,00566943329041	104,255599126327
42379,99902	0,497341100000028	2,047084106	1,00585005714142	103,981516025804
42389,99902	0,498831199999984	2,052476563	1,00593417516608	104,255425560014
42399,99902	0,498860999999977	2,052060791	1,00593547946107	104,234306445878
42409,99902	0,496625900000026	2,046167603	1,00591694126835	103,934962310154
42419,99902	0,495672200000001	2,042825317	1,00587381151386	103,765191090567
42429,99902	0,498652400000026	2,051899414	1,00565592623558	104,226109310713
42439,99902	0,498026600000003	2,051810547	1,00577860898227	104,221595316706
42449,99902	0,495791399999973	2,042400513	1,00594470154679	103,743613196526
42459,99902	0,497281499999985	2,044684204	1,00565098911897	103,859613145731
42469,99902	0,495374200000015	2,035570679	1,00599640123951	103,396692182659
42479,99902	0,496625900000026	2,037099976	1,00599444479703	103,474372733276
42489,99902	0,497490099999993	2,041247192	1,00582648981129	103,68503032458
42499,99902	0,497370900000021	2,044894897	1,00587371849282	103,870315284198
42509,99902	0,496745099999998	2,039705566	1,00576612615907	103,606723523137
42519,99902	0,497251699999993	2,043426758	1,00582509249527	103,795741250571
42529,99902	0,497758299999987	2,043393555	1,00574572554514	103,794054706151
42539,99902	0,495553000000029	2,038849243	1,00567725806011	103,563226647026
42549,99902	0,497043099999985	2,043461548	1,00598363935321	103,797508406563
42559,99902	0,496178799999996	2,035888428	1,0057232754677	103,41283222431
42569,99902	0,49576159999998	2,036462646	1,00574721588221	103,44199959364
42579,99902	0,495433800000001	2,032735474	1,00577404394981	103,25267811246
42589,99902	0,497251699999993	2,035634521	1,00623291773155	103,399935033271
42599,99902	0,496864300000027	2,033696289	1,00568834356728	103,301482653528
42609,99902	0,497251699999993	2,037256104	1,00590287508706	103,482303245797
42619,99902	0,497668900000008	2,037532837	1,00579565583769	103,496359882156
42629,99902	0,49799680000001	2,044230591	1,0059652882028	103,836571900239
42639,99902	0,498086199999989	2,043699341	1,00586999265016	103,809587087926
42649,99902	0,497490099999993	2,039476807	1,00605806918672	103,595103723269
42659,99902	0,495284700000013	2,034062256	1,00602723521312	103,320071925636
42669,99902	0,49611920000001	2,035285645	1,00589933528648	103,382213897496
42679,99902	0,497430500000007	2,041288574	1,00578438428845	103,687132320821
42689,99902	0,495105899999999	2,033615112	1,00575066266175	103,297359272616
42699,99902	0,495701999999994	2,037023804	1,00564633106547	103,470503581043
42709,99902	0,497013299999992	2,042328735	1,00598345331113	103,739967237263
42719,99902	0,498265000000004	2,04748584	1,00578214878285	104,001922080561
42729,99902	0,496089400000017	2,040025513	1,00565275851915	103,622975212069
42739,99902	0,496208599999989	2,03671521	1,00576649924345	103,454828567075
42749,99902	0,495046300000013	2,032229004	1,006018944338	103,226951998781
42759,99902	0,495612600000015	2,033487671	1,00576174816892	103,290885914563
42769,99902	0,497192100000007	2,038761475	1,00577413797107	103,55876847666
42779,99902	0,498324599999989	2,044698364	1,00613007647233	103,860332402093
42789,99902	0,495880800000009	2,037734009	1,00567492953348	103,506578401991
42799,99902	0,49501650000002	2,033731934	1,00603142716119	103,303293239193
42809,99902	0,495463599999994	2,034615845	1,00571973566711	103,348191446132
42819,99902	0,496029799999974	2,031226318	1,00560776534321	103,176020622746
42829,99902	0,497013299999992	2,035181396	1,00563552562165	103,37691857571
42839,99902	0,494867499999998	2,030628052	1,00583189303332	103,145631736679
42849,99902	0,494539700000018	2,029556641	1,00575196695674	103,091209478336
42859,99902	0,497043099999985	2,035562866	1,00601438030577	103,396295321786
42869,99902	0,496625900000026	2,034696899	1,00583934471864	103,352308579265
42879,99902	0,496536400000025	2,034437988	1,00583804042365	103,339157210342
42889,99902	0,497490099999993	2,040114258	1,00598065867908	103,627483009092
42899,99902	0,497490099999993	2,040850586	1,00582881833792	103,664884746279
42909,99902	0,498175600000025	2,045253784	1,00568862263039	103,888544928125
42919,99902	0,49778809999998	2,041919189	1,00607791067419	103,719164372429
42929,99902	0,497698700000001	2,041598389	1,00570911626536	103,702869355412
42939,99902	0,498771599999998	2,048947021	1,00586319211211	104,076142682989
42949,99902	0,497162300000014	2,039646973	1,00572597707871	103,603747295169
42959,99902	0,495940399999995	2,038938354	1,00587576795634	103,567753034998
42969,99902	0,497907399999974	2,04386438	1,00585303881578	103,817970234165
42979,99902	0,497192100000007	2,038690552	1,00577963321391	103,555165947072
42989,99902	0,496923900000013	2,041718628	1,0057787020033	103,708976888302
42999,99902	0,494688699999983	2,027109253	1,00589607554923	102,966894549703
43009,99902	0,496536400000025	2,031287964	1,0058660797652	103,179151927668
43019,99902	0,496923900000013	2,035815308	1,0058077655765	103,409118098237
43029,99902	0,497430500000007	2,039324951	1,00601680185344	103,587390206735
43039,99902	0,495463599999994	2,036046143	1,00563012239962	103,420843348402
43049,99902	0,497192100000007	2,038684692	1,00588769165308	103,554868288718
43059,99902	0,496029799999974	2,034620605	1,00582807316939	103,34843323005
43069,99902	0,498354399999982	2,046415527	1,00592132025873	103,947555595063
43079,99902	0,497251699999993	2,039750122	1,00590948958303	103,60898674252
43089,99902	0,497579500000029	2,042681763	1,00567148275393	103,757899273632
43099,99902	0,496685500000012	2,041208862	1,00588294057855	103,683083354498
43109,99902	0,498443800000018	2,050180176	1,005921971406	104,13878071824
43119,99902	0,497937200000024	2,04694397	1,00585462217388	103,974397825977
43129,99902	0,496417199999996	2,03957019	1,00575215299882	103,599847107228
43139,99902	0,495046300000013	2,036291992	1,00597003927733	103,433331233809
43149,99902	0,49525490000002	2,036404785	1,00582080752615	103,439060547569
43159,99902	0,496089400000017	2,034929932	1,00588424487353	103,364145476711
43169,99902	0,49552319999998	2,030638306	1,005786526773	103,146152588002
43179,99902	0,496536400000025	2,035337891	1,00591917677395	103,384867729974
43189,99902	0,495999999999981	2,029831787	1,00585760284801	103,105185503124
43199,99902	0,494718499999976	2,030069092	1,00573193942719	103,117239396556
43209,99902	0,497251699999993	2,0364104	1,00594470154679	103,439345761162
43219,99902	0,496625900000026	2,034487061	1,00589495729632	103,341649870473
43229,99902	0,497251699999993	2,039432861	1,00605350415426	103,5928714888
43239,99902	0,494867499999998	2,032825806	1,00604763582704	103,257266521055
43249,99902	0,49552319999998	2,033993652	1,0058683152708	103,316587189516
43259,99902	0,496953700000006	2,039574829	1,00567576772305	103,600082744959
43269,99902	0,49525490000002	2,032083984	1,00596445001323	103,219585716463
43279,99902	0,495105899999999	2,0263573	1,00589588850693	102,928699141565
43289,99902	0,49501650000002	2,027878906	1,00590334119248	103,005989028293
43299,99902	0,496536400000025	2,032778198	1,00592989019696	103,254848275512
43309,99902	0,494062900000017	2,025476807	1,00593659671375	102,883974551735
43319,99902	0,494271500000025	2,027768066	1,00578177569847	103,000358917052
43329,99902	0,494360900000004	2,027664917	1,00591023475157	102,995119469701
43339,99902	0,494271500000025	2,025501221	1,00604046320484	102,88521465942
43349,99902	0,494688699999983	2,028557861	1,00595336450606	103,04047650734
43359,99902	0,495553000000029	2,031401123	1,00612802700881	103,184899832377
43369,99902	0,494033100000024	2,023502563	1,00587940077796	102,783692944583
43379,99902	0,49388399999998	2,020056396	1,00597832915222	102,608645095748
43389,99902	0,495195299999978	2,026208862	1,00597003927733	102,921159242139
43399,99902	0,495105899999999	2,026964966	1,00573771473337	102,959565500076
43409,99902	0,493973400000016	2,023426514	1,0058897411166	102,779830040128
43419,99902	0,494509900000025	2,024281494	1,00593072838653	102,823258698634
43429,99902	0,496268199999975	2,028656372	1,00581195752458	103,045480367755
43439,99902	0,49635760000001	2,032032104	1,00567791020761	103,216950474933
43449,99902	0,495046300000013	2,028767944	1,0060944914242	103,051147660893
43459,99902	0,49388399999998	2,021997925	1,00601037439977	102,707264946411
43469,99902	0,493198600000028	2,019321899	1,00590948958303	102,571336364098
43479,99902	0,494360900000004	2,024317139	1,00574637769264	102,825069284299
43489,99902	0,496864300000027	2,034293701	1,00586095660652	103,331828160715
43499,99902	0,496625900000026	2,036455933	1,0059418138937	103,441658607203
43509,99902	0,497102700000028	2,037156982	1,0057871789205	103,477268349672
43519,99902	0,496298000000024	2,033586304	1,00570809203372	103,295895971961
43529,99902	0,49552319999998	2,030341919	1,00583757531846	103,131097627876
43539,99902	0,496834499999977	2,036154175	1,00569784471612	103,42633082745
43549,99902	0,495880800000009	2,029672363	1,00587269426118	103,097087570478
43559,99902	0,496417199999996	2,030328735	1,00575280514631	103,130427947376
43569,99902	0,497043099999985	2,036466309	1,00557832968586	103,442185655509
43579,99902	0,495344400000022	2,030600586	1,00586458942814	103,144236602834
43589,99902	0,496029799999974	2,033104248	1,00582835323273	103,271409965967
43599,99902	0,495940399999995	2,033928101	1,00567101664852	103,31325753035
43609,99902	0,495105899999999	2,033489868	1,00578084448786	103,290997511048
43619,99902	0,494182099999989	2,026140381	1,00595792953851	102,917680753797
43629,99902	0,495195299999978	2,030505615	1,00565965207824	103,139412556509
43639,99902	0,497043099999985	2,037270508	1,00605089656451	103,483034896124
43649,99902	0,497281499999985	2,040368896	1,00576025783186	103,640417331234
43659,99902	0,495701999999994	2,036533936	1,00568443068232	103,445620764972
43669,99902	0,497609300000022	2,043446045	1,00618065891237	103,796720932595
43679,99902	0,495940399999995	2,031329102	1,00583478068641	103,181241529944
43689,99902	0,496834499999977	2,039046387	1,00597385814103	103,57324056484
43699,99902	0,496298000000024	2,035188965	1,00592588429096	103,377303042617
43709,99902	0,494539700000018	2,031911255	1,00578615468885	103,210811957129
43719,99902	0,494629099999997	2,027190552	1,00581344786164	102,971024127597
43729,99902	0,496625900000026	2,035494263	1,00623403598446	103,392810636461
43739,99902	0,495433800000001	2,027989136	1,00591694126835	103,01158815462
43749,99902	0,494390699999997	2,028554443	1,00586337815419	103,040302890232
43759,99902	0,494271500000025	2,02746521	1,00576454280097	102,984975364454
43769,99902	0,493943600000023	2,025138184	1,00556808236826	102,866774216488
43779,99902	0,493138999999985	2,019798828	1,00570511135959	102,59556194443
43785,88965	0,491738300000009	2,005919189	1,00577488313961	101,890546502768
43789,99902	0,49552319999998	2,02006897	1,0057965870483	102,609283791334
43799,99902	0,493019800000013	2,016984375	1,00586654587062	102,452601970844
43809,99902	0,493705200000022	2,017773926	1,00596379786573	102,492707167166
43819,99902	0,49576159999998	2,022690186	1,00571610284549	102,742428302941
43829,99902	0,493049600000006	2,016244629	1,00604111535233	102,415026616549
43839,99902	0,495284700000013	2,020265991	1,00596221450763	102,61929146137
43849,99902	0,494301300000018	2,021580322	1,00573352278529	102,686052826738
43859,99902	0,493109199999992	2,017624023	1,00576631220115	102,485092853152
43869,99902	0,494450299999983	2,021715454	1,00608582846493	102,692916848682
43879,99902	0,495672200000001	2,025310181	1,00575075568279	102,875510793925
43889,99902	0,494062900000017	2,023572266	1,00598764525921	102,787233504343
43899,99902	0,496596099999977	2,032486084	1,00610017370934	103,240010362168
43909,99902	0,494867499999998	2,024910034	1,00592271757476	102,855185350739
43919,99902	0,494539700000018	2,022472534	1,00581661557807	102,731372682481
43929,99902	0,49611920000001	2,030599365	1,00574954540907	103,144174582212
43939,99902	0,495701999999994	2,028013916	1,00593752892459	103,012846853253
43949,99902	0,496298000000024	2,033133911	1,00600757976772	103,272916696297
43959,99902	0,495999999999981	2,031183228	1,00606533482996	103,173831868746
43969,99902	0,49576159999998	2,029407837	1,00587222815576	103,083650987962
43979,99902	0,49525490000002	2,030889038	1,00562229762992	103,158888505105
43989,99902	0,493615799999986	2,023386475	1,00580376067073	102,777796261492
43999,99902	0,494539700000018	2,025490479	1,00597041136148	102,884669020166
44009,99902	0,4933178	2,022396851	1,00592681550157	102,727528368974
44019,99902	0,494807900000012	2,024546021	1,00577078421257	102,836695331945
44029,99902	0,493228400000021	2,020181396	1,00583515277056	102,614994463351
44039,99902	0,495105899999999	2,023286133	1,00594321120973	102,77269939554
44049,99902	0,493973400000016	2,023864746	1,00584297754026	102,802090008635
44059,99902	0,494778100000019	2,02672998	1,00587856258839	102,947629400112
44069,99902	0,495553000000029	2,02842395	1,00582751404294	103,033674506019
44079,99902	0,492870799999992	2,018112183	1,00578531549905	102,509888911464
44089,99902	0,495999999999981	2,027585083	1,00584120814008	102,991064306395
44099,99902	0,494718499999976	2,024661377	1,00584847378332	102,842554833139
44109,99902	0,495463599999994	2,026958252	1,00593138053403	102,959224462843
44119,99902	0,493794600000001	2,020127563	1,00589141749574	102,612260019302
44129,99902	0,492483300000004	2,013630859	1,0056763268495	102,282260324072
44139,99902	0,494718499999976	2,017517212	1,00595355054813	102,479667394727
44149,99902	0,496029799999974	2,027141479	1,00575355031484	102,968531467466
44159,99902	0,494033100000024	2,021173096	1,00583170599101	102,665367806167
44169,99902	0,494271500000025	2,020814087	1,00599817163992	102,647131965256
44179,99902	0,494956899999977	2,021903076	1,0059456327574	102,702447097069
44189,99902	0,496596099999977	2,034844971	1,00591396059423	103,359829887743
44199,99902	0,496953700000006	2,038484131	1,00594647094697	103,544680804592
44209,99902	0,496298000000024	2,036151733	1,00576575407492	103,426206786204
44219,99902	0,497102700000028	2,040899292	1,00604437508958	103,667358764667
44229,99902	0,495999999999981	2,034638794	1,00590986166719	103,349357139229
44239,99902	0,496774899999991	2,040249146	1,00584530706712	103,63433463707
44249,99902	0,497043099999985	2,041703003	1,00605974556586	103,708183217352
44259,99902	0,495999999999981	2,034436401	1,00596985223503	103,339076598771
44269,99902	0,495433800000001	2,031218018	1,00585369096327	103,175599024737
44279,99902	0,497162300000014	2,042126831	1,00611256351149	103,729711535531
44289,99902	0,496298000000024	2,036669067	1,00599947593491	103,45248473612
44299,99902	0,496506599999975	2,035756714	1,00557953995958	103,406141819475
44309,99902	0,494182099999989	2,027881104	1,00588182232564	103,006100675573
44319,99902	0,495880800000009	2,032661255	1,00584633129876	103,248908162747
44329,99902	0,49635760000001	2,035157104	1,00573147332177	103,375684665007
44339,99902	0,495463599999994	2,029871826	1,00581996933658	103,10721928176
44349,99902	0,493705200000022	2,026752197	1,00577227454963	102,948757911312
44359,99902	0,494360900000004	2,028831787	1,00566021120469	103,0543905623
44369,99902	0,494390699999997	2,025350586	1,00604744978497	102,877563163509
44379,99902	0,496446999999989	2,034035645	1,005808417724	103,318720221466
44389,99902	0,49611920000001	2,032634888	1,00563850629577	103,247568852542
44399,99902	0,494062900000017	2,029200928	1,00613529265206	103,073141057551
44409,99902	0,495999999999981	2,030648682	1,00573091419532	103,146679636308
44419,99902	0,493377399999986	2,022519043	1,00587660614591	102,733735104384
44429,99902	0,493973400000016	2,026157593	1,00613370929395	102,918555036318
44439,99902	0,494927099999984	2,029489746	1,00594283812535	103,08781155077
44449,99902	0,495791399999973	2,030348267	1,0058544361318	103,131420074161
44459,99902	0,49635760000001	2,033598389	1,00629104487794	103,296509828821
44469,99902	0,495195299999978	2,028718628	1,00588294057855	103,048642657591
44479,99902	0,496745099999998	2,037746826	1,0055485199439	103,507229440748
44489,99902	0,493526400000007	2,025356079	1,0056881575252	102,877842180119
44499,99902	0,495463599999994	2,032697266	1,00569393283138	103,250737339361
44509,99902	0,496208599999989	2,036348633	1,00575429548337	103,436208310052
44519,99902	0,495999999999981	2,034250366	1,00625685814606	103,329626961955
44529,99902	0,494390699999997	2,027576782	1,00602285722296	102,990642657591
44539,99902	0,496596099999977	2,034266235	1,00589598252819	103,330433026871
44549,99902	0,495374200000015	2,028388916	1,00602798038165	103,031894956062
44559,99902	0,49576159999998	2,0315354	1,00587902769358	103,191720424646
44569,99902	0,494062900000017	2,029489502	1,00588079809399	103,087799156804
44579,99902	0,494033100000024	2,027878052	1,00601000131539	103,005945649413
44589,99902	0,494688699999983	2,027486572	1,00600068620863	102,98606044598
44599,99902	0,493973400000016	2,025541016	1,00581279571415	102,88723604409
44609,99902	0,493973400000016	2,023324097	1,00594432846241	102,774627774674
44619,99902	0,493466800000022	2,021070923	1,00573613137527	102,660177934678
44629,99902	0,495851000000016	2,028751587	1,00575504065191	103,050316808046
44639,99902	0,494062900000017	2,023803345	1,00603813367798	102,798971148474
44649,99902	0,495046300000013	2,025064697	1,0058676631233	102,863041448672
44659,99902	0,494360900000004	2,023639648	1,00595653222249	102,790656169046
44669,99902	0,493943600000023	2,023981201	1,00587176205034	102,808005333469
44679,99902	0,494599300000004	2,024674316	1,00597097048794	102,843212068878
44689,99902	0,493705200000022	2,024197876	1,00579444456374	102,819011327272
44699,99902	0,493288000000007	2,020667358	1,0058644964071	102,639678874384
44709,99902	0,493526400000007	2,0222771	1,00581130537709	102,721445624016
44719,99902	0,493138999999985	2,019063477	1,00579640100622	102,558209833901
44729,99902	0,4935562	2,021358643	1,00584530706712	102,674792655052
44739,99902	0,493794600000001	2,020359985	1,00596091021264	102,624065881038
44749,99902	0,494927099999984	2,024876709	1,00584092807674	102,853492609336
44759,99902	0,496685500000012	2,034813599	1,005837016192	103,35823634886
44769,99902	0,493198600000028	2,022374512	1,00583720223408	102,726393660791
44779,99902	0,493198600000028	2,01931543	1,00594693705239	102,571007771626
44789,99902	0,492572699999982	2,015844727	1,00582369517924	102,394713618124
44799,99902	0,493198600000028	2,018025391	1,00586589372312	102,50548031696
44809,99902	0,49388399999998	2,020823975	1,00584893988874	102,647634225631
44819,99902	0,49388399999998	2,02046167	1,00566281979467	102,629230964596
44829,99902	0,494211899999982	2,022663086	1,00579621496414	102,741051760045
44839,99902	0,495046300000013	2,023977539	1,00615252654978	102,807819322395
44849,99902	0,492453500000011	2,015031494	1,0057990095962	102,353405496013
44859,99902	0,494360900000004	2,022255493	1,00606580093538	102,720348097729
44869,99902	0,496178799999996	2,030456299	1,00585695070051	103,136907553208
44879,99902	0,493288000000007	2,021408081	1,00582155269468	102,677303855336
44889,99902	0,495344400000022	2,026233643	1,00592476603805	102,922417991568
44899,99902	0,494718499999976	2,02663147	1,00567027147998	102,942625590491
44909,99902	0,493109199999992	2,020587524	1,00578503643594	102,635623711078
44919,99902	0,495284700000013	2,027862061	1,00586999265016	103,005133387515
44929,99902	0,496953700000006	2,039769653	1,00602546481271	103,60997881851
44939,99902	0,496268199999975	2,03468396	1,00577767777166	103,351651343526
44949,99902	0,494807900000012	2,028403809	1,00569905599007	103,032651445116
44959,99902	0,494867499999998	2,025315552	1,00586868835518	102,875783613552
44969,99902	0,493019800000013	2,021966553	1,00544921848527	102,705671407528
44979,99902	0,494182099999989	2,023664307	1,00596640645571	102,791908721491
44989,99902	0,493794600000001	2,021718506	1,00589672769673	102,693071874841
44999,99902	0,493198600000028	2,019800293	1,00578214878285	102,595636359019
45009,99902	0,493973400000016	2,021228149	1,00612085438661	102,668164220044
45019,99902	0,493288000000007	2,024130615	1,00588648037913	102,815594808757
45029,99902	0,493138999999985	2,021728271	1,00612877217734	102,693567887438
45039,99902	0,49552319999998	2,02603418	1,00585778889008	102,912286280286
45049,99902	0,495195299999978	2,027157104	1,00585974533257	102,969325138416
45059,99902	0,495374200000015	2,027537354	1,00587986688338	102,988639914664
45069,99902	0,494539700000018	2,02721521	1,00600664855711	102,972276629248
45079,99902	0,49525490000002	2,028326782	1,00596240054971	103,028738863209
45089,99902	0,496178799999996	2,032855469	1,00582295001071	103,258773251384
45099,99902	0,495105899999999	2,030565308	1,00586309909107	103,142444658912
45109,99902	0,496178799999996	2,034872559	1,00583738827616	103,361231218571
45119,99902	0,493228400000021	2,023294067	1,00580478490237	102,773102402601
45129,99902	0,49388399999998	2,021513916	1,00585881412196	102,682679737898
45139,99902	0,492066099999988	2,014121216	1,00589682071776	102,307167978869
45149,99902	0,492483300000004	2,0164646	1,00584614525669	102,426200030477
45159,99902	0,4935562	2,021192871	1,00571954962504	102,666372276121
45169,99902	0,492483300000004	2,014611816	1,00589896320232	102,332087976837
45179,99902	0,4935562	2,018825195	1,00581708168349	102,546106313811
45189,99902	0,493437000000029	2,021461914	1,0057565319892	102,680038299385
45199,99902	0,496029799999974	2,032923218	1,00587995990442	103,26221455783
45209,99902	0,495135699999992	2,028428589	1,00581857202055	103,03391014375
45219,99902	0,496089400000017	2,03367041	1,00554237255357	103,300168131254
45229,99902	0,495135699999992	2,029372559	1,00589002017971	103,081859044039
45239,99902	0,494033100000024	2,025456543	1,00596249357074	102,882945243054
45249,99902	0,495105899999999	2,027263428	1,00579742623809	102,974725859704
45259,99902	0,495433800000001	2,030172119	1,00590865139346	103,122472646924
45269,99902	0,492960200000027	2,020464844	1,00612327593428	102,629392187738
45279,99902	0,492811200000006	2,018038574	1,00588135722044	102,506149946665
45289,99902	0,493854199999987	2,0210896	1,00555820813504	102,661126631787
45299,99902	0,495553000000029	2,028885132	1,00565685744618	103,057100218418
45309,99902	0,495851000000016	2,031435059	1,00578280093034	103,186623609488
45319,99902	0,497251699999993	2,042873779	1,00593799402978	103,76765271499
45329,99902	0,495791399999973	2,033977295	1,00577888804538	103,315756336669
45339,99902	0,494301300000018	2,027298218	1,00606514878788	102,976493015696
45349,99902	0,495374200000015	2,031182007	1,00574013628104	103,173769848123
45359,99902	0,493019800000013	2,022900391	1,00587260023991	102,753105653477
45369,99902	0,494688699999983	2,025922607	1,00611423989063	102,906618936354
45379,99902	0,495791399999973	2,030869019	1,00593836711416	103,157871641185
45389,99902	0,496178799999996	2,033244385	1,00561391373377	103,27852821659
45399,99902	0,4935562	2,025356201	1,0057132151924	102,877848377102
45409,99902	0,492781400000013	2,01914209	1,00594954564236	102,562202976584
45419,99902	0,49635760000001	2,033863647	1,00567157577497	103,309983593234
45429,99902	0,494271500000025	2,02378418	1,00599090499645	102,797997663433
45439,99902	0,494539700000018	2,025259521	1,00569588827364	102,872937522223
45449,99902	0,496446999999989	2,035784302	1,0059827081426	103,407543150302
45459,99902	0,493973400000016	2,024942139	1,0057228103625	102,856816122314
45469,99902	0,494033100000024	2,025008545	1,00569001994642	102,860189211155
45479,99902	0,494629099999997	2,026655396	1,00580692738693	102,943840910245
45489,99902	0,494718499999976	2,026689331	1,00568275430318	102,945564636562
45499,99902	0,493437000000029	2,0235	1,0057502905776	102,783562757149
45509,99902	0,495344400000022	2,028249512	1,00568424464024	103,024813938132
45519,99902	0,494033100000024	2,025891724	1,00572895775284	102,905050236196
45529,99902	0,494539700000018	2,027212158	1,00581857202055	102,972121603088
45539,99902	0,495463599999994	2,027487549	1,00567595376513	102,986110072637
45549,99902	0,492483300000004	2,017547485	1,00578578160447	102,481205109971
45559,99902	0,493437000000029	2,018361694	1,00585313183682	102,522562807944
45569,99902	0,493794600000001	2,021318848	1,006018944338	102,672771270381
45579,99902	0,492960200000027	2,017605713	1,0059362246296	102,484162797785
45589,99902	0,49221510000001	2,010293945	1,00580431879696	102,112761974907
45599,99902	0,49161909999998	2,006731689	1,00578960146839	101,931817392188
45609,99902	0,493049600000006	2,015665161	1,00600403996713	102,38559257378
45619,99902	0,492483300000004	2,013169922	1,00563021542066	102,258847056433
45629,99902	0,493019800000013	2,015343506	1,0061063220999	102,369254127089
45639,99902	0,493377399999986	2,014652954	1,00593240476567	102,334177579113
45649,99902	0,495940399999995	2,027651367	1,00600580936731	102,994431198253
45659,99902	0,49611920000001	2,028475952	1,00575047661968	103,036315944532
45669,99902	0,494033100000024	2,02292334	1,00573575829089	102,754271346574
45679,99902	0,49525490000002	2,025763916	1,00592253053246	102,8985582364
45689,99902	0,494211899999982	2,021762817	1,00549952186219	102,695322649464
45699,99902	0,494509900000025	2,020831787	1,00590063958146	102,648031035709
45709,99902	0,494539700000018	2,021934326	1,00584335062464	102,70403443897
45719,99902	0,494688699999983	2,020314941	1,00553864571068	102,621777873724
45729,99902	0,494122500000003	2,020828003	1,00620143161045	102,647838827653
45739,99902	0,494956899999977	2,022602173	1,00584353666671	102,737957687814
45749,99902	0,496178799999996	2,028962769	1,0059087444145	103,061043785239
45759,99902	0,49635760000001	2,032553223	1,00597497639394	103,2434206837
45769,99902	0,49576159999998	2,026175415	1,00566701074252	102,919460303754
45779,99902	0,493705200000022	2,020349243	1,00572802654223	102,623520241784
45789,99902	0,493288000000007	2,018078613	1,0057228103625	102,508183725301
45799,99902	0,494271500000025	2,015808716	1,00588256849439	102,39288444151
45809,99902	0,495851000000016	2,026407959	1,00602090078048	102,931272362473
45819,99902	0,49635760000001	2,032226685	1,00601680185344	103,226834205313
45829,99902	0,495553000000029	2,026022095	1,00579593590103	102,911672423427
45839,99902	0,495433800000001	2,024519531	1,00591004870949	102,835349773963
45849,99902	0,495284700000013	2,025334839	1,00585322485785	102,876763295576
45859,99902	0,496208599999989	2,032615601	1,00584679740418	103,246589170519
45869,99902	0,49552319999998	2,024187134	1,00583869257114	102,818465688017
45879,99902	0,496446999999989	2,032562134	1,00602267018066	103,243873317418
45889,99902	0,495672200000001	2,028176636	1,00583515277056	103,021112206024
45899,99902	0,494182099999989	2,019829224	1,00592299663787	102,597105907452
45909,99902	0,495135699999992	2,02316333	1,00580385369177	102,766461624422
45919,99902	0,492453500000011	2,013727417	1,00595811558059	102,287164981968
45929,99902	0,494271500000025	2,015144653	1,00574162661811	102,359153400721
45939,99902	0,493228400000021	2,017986694	1,00603533904593	102,503514705135
45949,99902	0,494807900000012	2,024671509	1,00568396557713	102,843069487479
45959,99902	0,495046300000013	2,02505603	1,00574656373471	102,86260120892
45969,99902	0,495433800000001	2,025650513	1,00591778045815	102,892797937725
45979,99902	0,496417199999996	2,032299438	1,00580357362843	103,230529689643
45989,99902	0,493943600000023	2,021517334	1,00570483129625	102,682853355006
45999,99902	0,492393900000025	2,014239624	1,00579984778577	102,313182506222
46009,99902	0,493973400000016	2,018316284	1,00595634518019	102,520256209682
46019,99902	0,495284700000013	2,023511719	1,00578280093034	102,784158023061
46029,99902	0,494867499999998	2,022446045	1,00578755200488	102,730027175293
46039,99902	0,493615799999986	2,019882202	1,00582555860068	102,599796921827
46049,99902	0,494539700000018	2,02225061	1,00612523237676	102,720100066033
46059,99902	0,492781400000013	2,017319214	1,00583953076071	102,469610098034
46069,99902	0,4935562	2,023738159	1,00603971803631	102,795660029461
46079,99902	0,493764800000008	2,020158325	1,00597134357232	102,613822573272
46089,99902	0,492900599999984	2,015626831	1,00593855315623	102,383645603698
46099,99902	0,493615799999986	2,017791138	1,00576463582201	102,493581449688
46109,99902	0,494211899999982	2,019428101	1,00606104986085	102,576730888404
46119,99902	0,493973400000016	2,018630371	1,00577367186566	102,53621024026
46129,99902	0,496446999999989	2,034661377	1,00577069119153	103,350504241378
46139,99902	0,495284700000013	2,029000366	1,00590529763496	103,062953522629
46149,99902	0,493973400000016	2,020227661	1,00591461274172	102,617344491289
46159,99902	0,492036299999995	2,013605835	1,00583431458099	102,280989231473
46169,99902	0,494599300000004	2,023175781	1,00595429571667	102,76709407223
46179,99902	0,492960200000027	2,019671021	1,00587614004049	102,589069995428
46189,99902	0,492781400000013	2,017057373	1,00576500890639	102,456309899934
46199,99902	0,493109199999992	2,017525635	1,00569672746343	102,480095240514
46209,99902	0,494122500000003	2,017995728	1,00611610331208	102,503973586631
46219,99902	0,493288000000007	2,018943481	1,00579388643751	102,552114644181
46229,99902	0,492125699999974	2,012090332	1,0058195962522	102,204009346269
46239,99902	0,49161909999998	2,008552246	1,00576640622241	102,024292477269
46249,99902	0,492870799999992	2,014836304	1,00605667187069	102,343490831513
46259,99902	0,491827699999988	2,010783447	1,00592784073344	102,13762620003
46269,99902	0,492036299999995	2,009046509	1,00582639679025	102,049398537106
46279,99902	0,492900599999984	2,014701172	1,00585620553198	102,33662680957
46289,99902	0,492632300000025	2,013049927	1,00572243727813	102,252751917509
46299,99902	0,495105899999999	2,020687988	1,00600292171422	102,640726774013
46309,99902	0,492274699999996	2,01204834	1,00601139863142	102,201876365114
46319,99902	0,495672200000001	2,023575317	1,00597674579412	102,787388479707
46329,99902	0,495433800000001	2,025444092	1,00574516641869	102,882312795246
46339,99902	0,493198600000028	2,019741821	1,0058817293046	102,592666277239
46349,99902	0,494450299999983	2,016705811	1,00604633153206	102,438452328948
46359,99902	0,494629099999997	2,017106323	1,00587763137778	102,458796312287
46369,99902	0,493466800000022	2,014360352	1,00573398889071	102,319314877838
46379,99902	0,495284700000013	2,022859253	1,00569057907288	102,751016051201
46389,99902	0,495463599999994	2,023449585	1,00609328115047	102,781001930208
46399,99902	0,4935562	2,017027466	1,00593985745122	102,454790775639
46409,99902	0,495940399999995	2,026841553	1,00599444479703	102,953296744044
46419,99902	0,492632300000025	2,014398682	1,00576510192743	102,32126184792
46429,99902	0,492781400000013	2,015341187	1,00584213935069	102,369136333621
46439,99902	0,494301300000018	2,020186768	1,00577823589789	102,615267333774
46449,99902	0,494688699999983	2,016677368	1,00577786381373	102,437007568446
46459,99902	0,493019800000013	2,013199341	1,00586589372312	102,260341392797
46469,99902	0,493049600000006	2,014836548	1,00572784050015	102,343503225479
46479,99902	0,495672200000001	2,025768921	1,00581736074661	102,898812465078
46489,99902	0,493288000000007	2,016485229	1,00603096105578	102,427247879311
46499,99902	0,494450299999983	2,022473145	1,00567791020761	102,73140371819
46509,99902	0,495553000000029	2,028083618	1,00565620529869	103,016387362219
46519,99902	0,49552319999998	2,027052612	1,00595988498077	102,96401747346
46529,99902	0,494301300000018	2,020566284	1,00588312662062	102,634544826535
46539,99902	0,493705200000022	2,021577515	1,00562574440947	102,68591024534
46549,99902	0,495284700000013	2,026775391	1,00573007600575	102,94993604917
46559,99902	0,49501650000002	2,025947876	1,00582090054719	102,907902473714
46569,99902	0,49525490000002	2,027120483	1,00593790100874	102,967464976888
46579,99902	0,49576159999998	2,033252808	1,00607707248462	103,278956062376
46589,99902	0,49552319999998	2,027854614	1,0057911848265	103,00475511759
46599,99902	0,495105899999999	2,026140869	1,00561354164961	102,917705541728
46609,99902	0,493288000000007	2,021513306	1,00567222792247	102,682648752984
46619,99902	0,494360900000004	2,024914429	1,00604148743649	102,855408594504
46629,99902	0,492632300000025	2,017516846	1,00565676442515	102,479648803779
46639,99902	0,494718499999976	2,022720093	1,00592122623747	102,743947427236
46649,99902	0,495851000000016	2,030717773	1,00595792953851	103,150189109565
46659,99902	0,494718499999976	2,023344604	1,00601251688433	102,775669426525
46669,99902	0,494271500000025	2,021799683	1,0057849434149	102,697195255753
46679,99902	0,493645599999979	2,020880005	1,00589970837085	102,650480266165
46689,99902	0,495195299999978	2,024330933	1,00564763536046	102,825769949713
46699,99902	0,495284700000013	2,027120483	1,00601829219051	102,967464976888
46709,99902	0,496208599999989	2,032110229	1,00593091442861	103,220918829685
46719,99902	0,496536400000025	2,035390137	1,00572439372061	103,387521562452
46729,99902	0,495672200000001	2,029722412	1,00555550652403	103,099629806471
46739,99902	0,495284700000013	2,02833728	1,00607940101126	103,029272108498
46749,99902	0,495612600000015	2,029097656	1,00587325238741	103,067895362422
46759,99902	0,4935562	2,024493286	1,00587902769358	102,834016660741
46769,99902	0,495433800000001	2,029829224	1,00594684403135	103,105055315691
46779,99902	0,49525490000002	2,028285889	1,00608377900141	103,026661705694
46789,99902	0,495701999999994	2,032047119	1,0057502905776	103,217713160969
46799,99902	0,493854199999987	2,020649292	1,00596221450763	102,638761212983
46809,99902	0,494867499999998	2,022183716	1,00583030867499	102,716702189262
46819,99902	0,492632300000025	2,01651062	1,0060944914242	102,428537613654
46829,99902	0,494211899999982	2,023012329	1,00587679218799	102,758791537563
46839,99902	0,493973400000016	2,020619019	1,00581074725086	102,63722349774
46849,99902	0,494360900000004	2,023409546	1,0058251855163	102,778968151572
46859,99902	0,494927099999984	2,023403687	1,00583943773967	102,778670544014
46869,99902	0,495791399999973	2,031825562	1,0058953303807	103,206459186265
46879,99902	0,495612600000015	2,030600464	1,00569626135802	103,144230405852
46889,99902	0,495940399999995	2,03174707	1,00591712831066	103,20247218977
46899,99902	0,495880800000009	2,03054126	1,0060844311489	103,141223142175
46909,99902	0,495612600000015	2,029233154	1,0059746963306	103,074777975314
46919,99902	0,495284700000013	2,026978149	1,00596416994988	102,960235129781
46929,99902	0,494182099999989	2,023015381	1,00571070062369	102,758946563722
46939,99902	0,495374200000015	2,02371167	1,00548312615404	102,794314522274
46949,99902	0,493466800000022	2,019841919	1,00586645284958	102,597750749225
46959,99902	0,492542899999989	2,014611938	1,00630827877567	102,33209417382
46969,99902	0,493437000000029	2,014677612	1,00592504610139	102,335430080764
46979,99902	0,491827699999988	2,007562744	1,00557972700188	101,974030781734
46989,99902	0,493854199999987	2,01573999	1,00584931197289	102,389393508407
46999,99902	0,492125699999974	2,009437256	1,00589057930617	102,069246507848
47009,99902	0,493228400000021	2,011663086	1,00574777500866	102,182307410982
47019,99902	0,494450299999983	2,016510376	1,00575802232626	102,428525219688
47029,99902	0,49525490000002	2,021319702	1,00592234449038	102,672814649261
47039,99902	0,494033100000024	2,018053955	1,00593901926165	102,50693122365
47049,99902	0,492155500000024	2,011488525	1,00583086780144	102,173440595317
47059,99902	0,494629099999997	2,0188396	1,00609430538212	102,546838014934
47069,99902	0,493854199999987	2,018626831	1,00580199027032	102,53603042617
47079,99902	0,492542899999989	2,015403076	1,00589039326409	102,372279981714
47089,99902	0,493526400000007	2,015039429	1,00582751404294	102,353808553868
47099,99902	0,493645599999979	2,019505371	1,00600841795729	102,580655813481
47109,99902	0,494867499999998	2,022042603	1,00587697923029	102,709534362777
47119,99902	0,494956899999977	2,023422729	1,0059662194134	102,779637781277
47129,99902	0,492721700000004	2,01880896	1,00634544718191	102,545281657947
47139,99902	0,4935562	2,018365601	1,00548163581697	102,522761263778
47149,99902	0,494599300000004	2,021093628	1,00584493398274	102,661331233809
47159,99902	0,492364099999975	2,015339111	1,00616873521563	102,369030883324
47169,99902	0,492125699999974	2,009830444	1,00562919118901	102,08921846904
47179,99902	0,493437000000029	2,015620605	1,00604297777355	102,383329354396
47189,99902	0,494033100000024	2,015028198	1,00597767800495	102,353238075888
47199,99902	0,492572699999982	2,013445313	1,00565927999408	102,272835525982
47209,99902	0,495195299999978	2,023721436	1,00570976841286	102,794810585666
47219,99902	0,494956899999977	2,026258423	1,00581344786164	102,923676690202
47229,99902	0,493705200000022	2,022999512	1,00581941021012	102,758140498806
47239,99902	0,49388399999998	2,022629395	1,0056571365093	102,739340427693
47249,99902	0,494778100000019	2,023593628	1,00580366764969	102,788318585869
47259,99902	0,494390699999997	2,023910278	1,00599910285053	102,804402803881
47269,99902	0,496268199999975	2,035149536	1,00605862731295	103,375300248895
47279,99902	0,495612600000015	2,030974365	1,00587912171485	103,163222685021
47289,99902	0,496298000000024	2,035457642	1,00593072838653	103,390950474933
47299,99902	0,495701999999994	2,033386475	1,0059959351341	103,285745669731
47309,99902	0,495374200000015	2,029220459	1,00564903267649	103,07413313354
47319,99902	0,496208599999989	2,036580688	1,00601475238992	103,447995530045
47329,99902	0,496536400000025	2,036099609	1,00600357386172	103,423559150709
47339,99902	0,493645599999979	2,026010864	1,00570743988622	102,911101945446
47349,99902	0,495105899999999	2,026732178	1,00590706703514	102,947741047392
47359,99902	0,494539700000018	2,027139648	1,0059827081426	102,968438461929
47369,99902	0,495195299999978	2,02851709	1,00603124111912	103,038405546808
47379,99902	0,493138999999985	2,023322876	1,00585117539434	102,774565754051
47389,99902	0,495791399999973	2,030927612	1,00598214901614	103,160847869152
47399,99902	0,493049600000006	2,020662964	1,00587856258839	102,639455681414
47409,99902	0,494122500000003	2,020855469	1,00608573544389	102,649233961497
47419,99902	0,493466800000022	2,018838379	1,00562732776757	102,546775994311
47429,99902	0,493705200000022	2,020314453	1,00589933528648	102,621753085793
47439,99902	0,493615799999986	2,018050781	1,00588098413607	102,506770000508
47449,99902	0,494927099999984	2,021771973	1,00584670438314	102,695787727942
47459,99902	0,49525490000002	2,027922607	1,00599733245012	103,008208818002
47469,99902	0,495344400000022	2,027465576	1,00586132869067	102,984993955402
47479,99902	0,49501650000002	2,025887085	1,00591563697337	102,904814598466
47489,99902	0,492691900000011	2,019203491	1,00571871143547	102,565321836745
47499,99902	0,49552319999998	2,028874756	1,00582704893775	103,056573170112
47509,99902	0,492542899999989	2,018117432	1,00589700675984	102,510155534109
47519,99902	0,493109199999992	2,020352417	1,00587856258839	102,623681464926
47529,99902	0,492572699999982	2,017681396	1,00575308520965	102,488007111292
47539,99902	0,493109199999992	2,020378174	1,00590585676141	102,624989790217
47549,99902	0,495046300000013	2,025409058	1,00600180446154	102,880533245289
47559,99902	0,493943600000023	2,0226073	1,00603673636195	102,738218113476
47569,99902	0,492811200000006	2,018285034	1,00582900438	102,518668867781
47579,99902	0,493854199999987	2,022285034	1,00574917232469	102,721848631076
47589,99902	0,492364099999975	2,016654663	1,005921971406	102,435854269315
47599,99902	0,492691900000011	2,019862427	1,00583189303332	102,598792451872
47609,99902	0,493019800000013	2,02246582	1,00599193022832	102,731031645248
47619,99902	0,493973400000016	2,022403442	1,0058345936441	102,727863158429
47629,99902	0,49525490000002	2,026832764	1,00608620154931	102,952850307309
47639,99902	0,495433800000001	2,027446411	1,00560599594303	102,984020470361
47649,99902	0,49576159999998	2,032431274	1,00581065322959	103,237226291461
47659,99902	0,495135699999992	2,030588867	1,00579444456374	103,143641336923
47669,99902	0,494211899999982	2,028398071	1,00606840852513	103,032359983746
47679,99902	0,496178799999996	2,034599731	1,00580832470296	103,347372936456
47689,99902	0,492542899999989	2,017013184	1,00573650345942	102,454065322294
47699,99902	0,492960200000027	2,020138306	1,00577749072935	102,612805709351
47709,99902	0,49388399999998	2,020560425	1,00600077922967	102,634247218977
47719,99902	0,494956899999977	2,023995728	1,00573575829089	102,808743231574
47729,99902	0,494629099999997	2,022495728	1,00586943352371	102,732550820338
47739,99902	0,496298000000024	2,033594604	1,0058470764673	103,29631756997
47749,99902	0,495672200000001	2,030883545	1,00592234449038	103,158609488495
47759,99902	0,49576159999998	2,030619263	1,00571237700283	103,145185299944
47769,99902	0,495940399999995	2,030117554	1,005833010286	103,119701020978
47779,99902	0,49611920000001	2,034321411	1,00592728160699	103,333235688525
47789,99902	0,495999999999981	2,037221924	1,00588312662062	103,480567074719
47799,99902	0,497162300000014	2,04258313	1,005862913049	103,752889216234
47809,99902	0,49576159999998	2,034018311	1,00585182754183	103,317839741962
47819,99902	0,494271500000025	2,028418091	1,00571209693949	103,033376898461
47829,99902	0,49388399999998	2,020604248	1,00575150085132	102,636473205669
47839,99902	0,495135699999992	2,025424072	1,00602360239149	102,88129588053
47849,99902	0,494301300000018	2,025305908	1,00596230752867	102,875293747143
47859,99902	0,4935562	2,023035278	1,00574926534573	102,75995723066
47869,99902	0,495433800000001	2,027654053	1,00586514855459	102,994567633464
47879,99902	0,496864300000027	2,038570557	1,00592607033304	103,549070808148
47889,99902	0,496446999999989	2,035725342	1,00607083107303	103,404548280591
47899,99902	0,495344400000022	2,028059448	1,00571405338197	103,015159648499
47909,99902	0,495880800000009	2,030920166	1,00585834801654	103,160469650023
47919,99902	0,494927099999984	2,025282104	1,00572141304648	102,874084624371
47929,99902	0,493377399999986	2,021583984	1,00583273122289	102,686238837812
47939,99902	0,49552319999998	2,027933105	1,00585797593239	103,00874206329
47949,99902	0,49525490000002	2,025259033	1,0058242543057	102,872912734292
47959,99902	0,495880800000009	2,030978271	1,00597572156247	103,163421090059
47969,99902	0,495851000000016	2,031451782	1,0058850830631	103,187473053284
47979,99902	0,492542899999989	2,01693457	1,00565983812031	102,450072128816
47989,99902	0,492542899999989	2,015914917	1,00572560499456	102,39827891502
47999,99902	0,492155500000024	2,013566528	1,0058005929543	102,278992634734
48009,99902	0,495195299999978	2,025199463	1,00598876251189	102,869886879667
48019,99902	0,495195299999978	2,025911987	1,00588210238898	102,906079494082
48029,99902	0,496208599999989	2,03137793	1,00582416128466	103,183721745314
48039,99902	0,495672200000001	2,029582153	1,00588051903087	103,092505358866
48049,99902	0,495135699999992	2,026419312	1,00563012239962	102,931849037436
48059,99902	0,495344400000022	2,026477539	1,0059015717923	102,934806674455
48069,99902	0,49576159999998	2,027890015	1,00559556258336	103,00655330929
48079,99902	0,494509900000025	2,021795532	1,00586514855459	102,696984405953
48089,99902	0,495463599999994	2,025619629	1,00576901381216	102,891229186773
48099,99902	0,49576159999998	2,028145142	1,00565629831973	103,019512470158
48109,99902	0,492900599999984	2,019541748	1,00584018290821	102,582503581043
48119,99902	0,494927099999984	2,024483398	1,00573203244823	102,833514400366
48129,99902	0,494629099999997	2,021272339	1,00598913559627	102,670408848479
48139,99902	0,494360900000004	2,023108765	1,0058582549955	102,763689998476
48149,99902	0,495672200000001	2,029168701	1,00566132845738	103,071504088993
48159,99902	0,495374200000015	2,02717041	1,0058620738592	102,970001015899
48169,99902	0,49552319999998	2,0286604	1,005736037354	103,045684969777
48179,99902	0,493049600000006	2,019945923	1,00569393283138	102,603033626251
48189,99902	0,495791399999973	2,028751221	1,00573771473337	103,050298217098
48199,99902	0,495999999999981	2,028965576	1,00586887439725	103,061186366638
48209,99902	0,495463599999994	2,027018555	1,00572150606752	102,96228755016
48219,99902	0,493973400000016	2,022455566	1,0058991492444	102,730510793925
48229,99902	0,493138999999985	2,020146484	1,00603915890985	102,613221110377
48239,99902	0,494688699999983	2,022325195	1,00584055599259	102,723888606695
48249,99902	0,496596099999977	2,034911133	1,00572970292137	103,363190582618
48259,99902	0,495880800000009	2,030542358	1,00559267493027	103,14127891502
48269,99902	0,493138999999985	2,021344482	1,00583124088582	102,674073347895
48279,99902	0,493794600000001	2,021768433	1,00583515277056	102,695607913852
48289,99902	0,492483300000004	2,016690674	1,00569328068389	102,437683445929
48299,99902	0,492632300000025	2,018168335	1,00570660169665	102,512741148982
48309,99902	0,494390699999997	2,021263184	1,00607139019948	102,669943820795
48319,99902	0,495999999999981	2,028139893	1,00604875307973	103,019245847514
48329,99902	0,495940399999995	2,028654785	1,00586757010226	103,045399756184
48339,99902	0,49576159999998	2,028096924	1,00588825077953	103,017063239701
48349,99902	0,495999999999981	2,029285278	1,0058660797652	103,077425610809
48359,99902	0,496089400000017	2,029567505	1,00585387700535	103,091761314573
48369,99902	0,494629099999997	2,021732422	1,00601875829592	102,693778737238
48379,99902	0,494927099999984	2,02165332	1,00573771473337	102,689760755829
48389,99902	0,495940399999995	2,027846924	1,00563654985329	103,004364504495
48399,99902	0,496268199999975	2,028518066	1,00573007600575	103,03845512267
48409,99902	0,494807900000012	2,021065918	1,00591563697337	102,659923705999
48419,99902	0,496029799999974	2,030598999	1,00618159012298	103,144155991263
48429,99902	0,494539700000018	2,023794189	1,00601950346446	102,798506069995
48439,99902	0,49611920000001	2,031274536	1,00568722531437	103,178469853203
48449,99902	0,495284700000013	2,027807861	1,00574265184998	103,002380301722
48459,99902	0,496029799999974	2,030026245	1,00593706281917	103,115062985727
48469,99902	0,494956899999977	2,023161377	1,00584679740418	102,766362421903
48479,99902	0,49525490000002	2,025620361	1,00571573076134	102,89126636867
48489,99902	0,495940399999995	2,030465454	1,00611116619547	103,137372580891
48499,99902	0,493764800000008	2,022361572	1,00571340123448	102,725736374257
48509,99902	0,495463599999994	2,024663086	1,00580692738693	102,842641641692
48519,99902	0,496029799999974	2,030810913	1,00594237201993	103,154920150353
48529,99902	0,496298000000024	2,030897461	1,00576240031641	103,159316350891
48539,99902	0,495851000000016	2,029428101	1,00583822746595	103,084680296642
48549,99902	0,493973400000016	2,023883545	1,00577963321391	102,803044902728
48559,99902	0,495463599999994	2,027308105	1,00584092807674	102,976995225276
48569,99902	0,49576159999998	2,028952881	1,00590930254073	103,060541524864
48579,99902	0,496298000000024	2,03404541	1,00592569824889	103,319216234063
48589,99902	0,495999999999981	2,030486938	1,00592709556491	103,1384638594
48599,99902	0,496089400000017	2,032998535	1,00588489702103	103,266040280388
48609,99902	0,496834499999977	2,037359375	1,0057753482448	103,487548890131
48619,99902	0,495999999999981	2,033222168	1,00567204188039	103,277399705389
48629,99902	0,496268199999975	2,035759644	1,00597832915222	103,406290648651
48639,99902	0,495433800000001	2,027939819	1,00577031810715	103,009083100523
48649,99902	0,495999999999981	2,02840979	1,00592662945949	103,032955249657
48659,99902	0,494033100000024	2,021653687	1,00588471097895	102,689779397572
48669,99902	0,49635760000001	2,034501831	1,00586412332272	103,342400111749
48679,99902	0,495612600000015	2,027106567	1,00571871143547	102,966758114492
48689,99902	0,495046300000013	2,025914063	1,00586058352214	102,90618494438
48699,99902	0,495105899999999	2,025137207	1,0057092092864	102,866724589831
48709,99902	0,495344400000022	2,027515503	1,00595653222249	102,987529994413
48719,99902	0,495851000000016	2,031249023	1,00571684801402	103,177173921877
48729,99902	0,496417199999996	2,034749268	1,00579574885873	103,354968659522
48739,99902	0,49635760000001	2,033291382	1,00609411934004	103,280915426424
48749,99902	0,495880800000009	2,02728418	1,00570753290726	102,975779956316
48759,99902	0,494450299999983	2,024387573	1,00596594035029	102,828646975161
48769,99902	0,494629099999997	2,022897949	1,00584893988874	102,752981612231
48779,99902	0,494390699999997	2,022491455	1,00568247423984	102,732333773556
48789,99902	0,495999999999981	2,028357788	1,00574712286117	103,030313811144
48799,99902	0,496446999999989	2,031399292	1,00571908351962	103,18480682684
48809,99902	0,495105899999999	2,022756348	1,00568890269374	102,745788997816
48819,99902	0,496268199999975	2,030299683	1,00583617800243	103,128952252756
48829,99902	0,496029799999974	2,031274414	1,00596882800338	103,17846365622
48839,99902	0,496745099999998	2,036152588	1,00595392363251	103,426250215878
48849,99902	0,496953700000006	2,035616943	1,00578568858343	103,399042159801
48859,99902	0,496417199999996	2,031233398	1,005744049166	103,176380250927
48869,99902	0,496029799999974	2,028072632	1,00561847876622	103,015829328999
48879,99902	0,496268199999975	2,030266602	1,00579574885873	103,127271905318
48889,99902	0,497609300000022	2,041264404	1,00584689042522	103,685904607101
48899,99902	0,495284700000013	2,027855713	1,00576156212684	103,00481094123
48909,99902	0,496298000000024	2,033388794	1,00584400277213	103,285863463199
48919,99902	0,495672200000001	2,029190552	1,0059203880479	103,072614009245
48929,99902	0,496625900000026	2,035015503	1,00579528375354	103,368492050592
48939,99902	0,496864300000027	2,037423218	1,0058683152708	103,490791791538
48949,99902	0,496178799999996	2,032097412	1,00580273543886	103,220267790928
48959,99902	0,496745099999998	2,036605347	1,00627586144397	103,449248082491
48969,99902	0,496834499999977	2,035717529	1,0059702253194	103,404151419719
48979,99902	0,497341100000028	2,038600098	1,00573547922777	103,550571341494
48989,99902	0,497519899999986	2,040571167	1,00586104962755	103,650691674709
48999,99902	0,497251699999993	2,041443726	1,00599910285053	103,69501325748
49009,99902	0,49635760000001	2,034582275	1,00576249333745	103,346486259969
49019,99902	0,496446999999989	2,034696289	1,00586514855459	103,352277594352
49029,99902	0,495999999999981	2,033930664	1,00585732378489	103,313387717783
49039,99902	0,496625900000026	2,03606543	1,00594898651591	103,421823030426
49049,99902	0,495999999999981	2,030617188	1,00595150108462	103,145079900442
49059,99902	0,495880800000009	2,030940063	1,00564744931838	103,16148031696
49069,99902	0,496864300000027	2,037697388	1,00571470552947	103,504718240463
49079,99902	0,494539700000018	2,027630127	1,00562499924093	102,99335231371
49089,99902	0,497519899999986	2,042533203	1,00591247025716	103,750353177224
49099,99902	0,495999999999981	2,032868286	1,00579593590103	103,259424290141
49109,99902	0,496923900000013	2,039487671	1,0060788418848	103,595655559506
49119,99902	0,494599300000004	2,028838135	1,00591042079364	103,054713008584
49129,99902	0,496953700000006	2,038105713	1,00580674134486	103,525459084675
49139,99902	0,49611920000001	2,030932251	1,00586868835518	103,161083506883
49149,99902	0,497490099999993	2,040957275	1,00598922861731	103,670304007721
49159,99902	0,497192100000007	2,041202515	1,00584567915127	103,682760959008
49169,99902	0,496834499999977	2,035194946	1,00573119425866	103,377606847158
49179,99902	0,496268199999975	2,03430127	1,00602220507547	103,332212627622
49189,99902	0,494807900000012	2,030203247	1,0058756749353	103,124053791842
49199,99902	0,49388399999998	2,026245117	1,00587874863047	102,923000812719
49209,99902	0,496417199999996	2,033721069	1,00583841350803	103,302741352161
49219,99902	0,496268199999975	2,034462036	1,00581484517767	103,340378727079
49229,99902	0,497102700000028	2,038297974	1,00609588874022	103,535224970793
49239,99902	0,49635760000001	2,034204468	1,00599220929144	103,327295575761
49249,99902	0,495463599999994	2,031902222	1,00579444456374	103,210353126429
49259,99902	0,49635760000001	2,032925903	1,00592364878537	103,262350942246
49269,99902	0,495999999999981	2,030801636	1,00612877217734	103,154448925687
49279,99902	0,497013299999992	2,039387939	1,00588014594649	103,590589678468
49289,99902	0,496953700000006	2,039208252	1,00591163206759	103,581462487936
49299,99902	0,497430500000007	2,044376343	1,00601326205286	103,843975364454
49309,99902	0,494807900000012	2,029276978	1,00580674134486	103,0770040128
49319,99902	0,496446999999989	2,033572876	1,00578755200488	103,295213897496
49329,99902	0,497162300000014	2,040344482	1,00588135722044	103,639177223549
49339,99902	0,496625900000026	2,037025757	1,005808417724	103,470602783563
49349,99902	0,496268199999975	2,034079834	1,00582499947423	103,320964799106
49359,99902	0,496923900000013	2,03778064	1,00598466358485	103,508947020877
49369,99902	0,496625900000026	2,035885132	1,00570893022329	103,412664804185
49379,99902	0,496923900000013	2,037366821	1,00588387178915	103,48792710926
49389,99902	0,498235200000011	2,048793457	1,00585974533257	104,068342408696
49399,99902	0,496953700000006	2,03979126	1,00556314525165	103,611076344796
49409,99902	0,496864300000027	2,038804321	1,00574572554514	103,560944836694
49419,99902	0,496446999999989	2,035301392	1,0059009196448	103,383013765429
49429,99902	0,496745099999998	2,036910767	1,0057226233202	103,464761873317
49439,99902	0,496446999999989	2,035425293	1,00564279126489	103,389307309392
49449,99902	0,498086199999989	2,046996216	1,00616351803568	103,977051658455
49459,99902	0,497102700000028	2,039262817	1,00587697923029	103,584234113882
49469,99902	0,497341100000028	2,038927979	1,00574824111408	103,567226037487
49479,99902	0,496834499999977	2,037241943	1,00576947991758	103,48158393864
49489,99902	0,497013299999992	2,037728516	1,00592681550157	103,506299385381
49499,99902	0,49799680000001	2,047279907	1,00605527455467	103,991461726012
49509,99902	0,496417199999996	2,034207275	1,0055705979372	103,32743815716
49519,99902	0,49778809999998	2,044150879	1,00607511604214	103,832522933916
49529,99902	0,496834499999977	2,035223145	1,00585331787889	103,379039213694
49539,99902	0,496745099999998	2,036912964	1,0061197361337	103,464873469802
49549,99902	0,496178799999996	2,032625488	1,00608471121224	103,247091380099
49559,99902	0,497043099999985	2,035264648	1,00563375522124	103,381147356123
49569,99902	0,498026600000003	2,043948364	1,00585369096327	103,822236196475
49579,99902	0,497668900000008	2,040546509	1,00601233084225	103,649439173058
49589,99902	0,497013299999992	2,037602539	1,00566542738441	103,499900391121
49599,99902	0,497013299999992	2,036518555	1,00605434234383	103,444839487987
49609,99902	0,496923900000013	2,034764771	1,00584828774125	103,355756133489
49619,99902	0,497668900000008	2,04055481	1,00594013651433	103,649860821862
49629,99902	0,497162300000014	2,041100952	1,00566365798424	103,677602072434
49639,99902	0,497251699999993	2,039902466	1,0060938392767	103,616725046985
49649,99902	0,496953700000006	2,039992554	1,00602229809651	103,621301061614
49659,99902	0,497013299999992	2,036761963	1,00585294479451	103,457203382943
49669,99902	0,497192100000007	2,039087524	1,0057777707927	103,57533011632
49679,99902	0,497251699999993	2,038713501	1,00572616312078	103,556331640169
49689,99902	0,497192100000007	2,039299927	1,00577208850755	103,586119114136
49699,99902	0,497579500000029	2,041320923	1,00616752394168	103,688775486362
49709,99902	0,496596099999977	2,034957031	1,00577842294019	103,365521968812
49719,99902	0,496923900000013	2,036193726	1,00565881388867	103,428339818154
49729,99902	0,49799680000001	2,043188354	1,00569095115703	103,783631533499
49739,99902	0,497102700000028	2,03806604	1,00592225146934	103,523443896988
49749,99902	0,49611920000001	2,031617188	1,00569495706303	103,195874841266
49759,99902	0,496953700000006	2,036911011	1,00590306212936	103,464774267283
49769,99902	0,494688699999983	2,029313721	1,00575876749479	103,078870371311
49779,99902	0,49611920000001	2,031262573	1,00592187838496	103,177862193326
49789,99902	0,497251699999993	2,036068848	1,0056249062199	103,421996647534
49799,99902	0,497430500000007	2,03781543	1,00582947048542	103,510714176868
49809,99902	0,497162300000014	2,039245728	1,00590837133012	103,583366079139
49819,99902	0,496745099999998	2,033745728	1,00563412830562	103,303993904607
49829,99902	0,496208599999989	2,031487305	1,00569533014741	103,189277441967
49839,99902	0,497609300000022	2,038746216	1,00573305667988	103,557993396658
49849,99902	0,497847700000023	2,041727173	1,00585955929049	103,709410931071
49859,99902	0,498741800000005	2,049876221	1,00607921496918	104,123341342002
49868,63965	0,499248500000022	2,056044922	1,00584567915127	104,436680144258
49869,99902	0,497579500000029	2,045931519	1,0056745564491	103,922970437344
49879,99902	0,497907399999974	2,047749268	1,00579090476316	104,015302890232
49889,99902	0,497430500000007	2,045478394	1,00603515300385	103,899953979784
49899,99902	0,497847700000023	2,047018799	1,00610362048888	103,978198760603
49909,99902	0,497490099999993	2,043345947	1,00586077056444	103,791636460609
49919,99902	0,495940399999995	2,036691162	1,0058897411166	103,453607050338
49929,99902	0,497698700000001	2,041629761	1,00583030867499	103,704462894296
49939,99902	0,498026600000003	2,047439209	1,0061758148168	103,999553461675
49949,99902	0,495999999999981	2,037479248	1,00567157577497	103,493637832072
49959,99902	0,497490099999993	2,041500122	1,00617469656389	103,697877888962
49969,99902	0,498175600000025	2,045380493	1,00577423099211	103,894981104282
49979,99902	0,497013299999992	2,036692139	1,00587912171485	103,453656676995
49989,99902	0,497013299999992	2,037424683	1,00588694648455	103,490866206126
49999,99902	0,498831199999984	2,052513916	1,00580199027032	104,257322903439
50009,99902	0,498115999999982	2,048046875	1,00591023475157	104,030419820186
50019,99902	0,498086199999989	2,04587146	1,00592364878537	103,919919743993
50029,99902	0,497192100000007	2,040837524	1,00595438873771	103,664221262762
50039,99902	0,496596099999977	2,036281372	1,00578345307784	103,432791791538
50049,99902	0,497162300000014	2,040069946	1,00580608919736	103,625232183674
50059,99902	0,495195299999978	2,033662598	1,0059063218666	103,299771321176
50069,99902	0,497758299999987	2,041871582	1,00592364878537	103,716746177681
50079,99902	0,497698700000001	2,040768066	1,00575643796793	103,660693147762
50089,99902	0,497102700000028	2,037300781	1,00558093727561	103,484572611368
50099,99902	0,497162300000014	2,038911255	1,00603580515135	103,566376542896
50109,99902	0,498086199999989	2,044650635	1,00582276396863	103,857908010362
50119,99902	0,498115999999982	2,046910034	1,00572495284706	103,972674048865
50129,99902	0,498324599999989	2,047680908	1,00595979195973	104,011830548077
50139,99902	0,497907399999974	2,045135254	1,00582136665261	103,882524203789
50149,99902	0,497668900000008	2,043240601	1,00573147332177	103,786285416772
50159,99902	0,498026600000003	2,045553467	1,00594106872517	103,903767308376
50169,99902	0,498265000000004	2,046189819	1,00600226956673	103,936090770559
50179,99902	0,498324599999989	2,047641357	1,00585555338449	104,009821557373
50189,99902	0,498443800000018	2,046869873	1,00584810169917	103,970634073246
50199,99902	0,498115999999982	2,045737915	1,00589998743397	103,913136333621
50209,99902	0,498503400000004	2,04617749	1,00564735629735	103,935464519734
50219,99902	0,497937200000024	2,045765503	1,00600935016812	103,914537664449
50229,99902	0,496596099999977	2,03455896	1,00587120292389	103,345301975923
50239,99902	0,49525490000002	2,027190552	1,0056902059885	102,971024127597
50249,99902	0,496178799999996	2,030766357	1,00578671281508	103,15265693097
50259,99902	0,497490099999993	2,039272461	1,00597339203561	103,584723980292
50269,99902	0,497370900000021	2,038375244	1,00595196719003	103,53914989587
50279,99902	0,497668900000008	2,040814331	1,00614004372659	103,6630431757
50289,99902	0,496953700000006	2,036913086	1,00590594978245	103,464879666785
50299,99902	0,496685500000012	2,034619507	1,00563058850504	103,348377457205
50309,99902	0,497609300000022	2,036768677	1,0056168944079	103,457544420176
50319,99902	0,49611920000001	2,032556519	1,00586198083816	103,243588103825
50329,99902	0,496685500000012	2,034770874	1,00585331787889	103,356066135013
50339,99902	0,495553000000029	2,029321167	1,00603058897162	103,07924859044
50349,99902	0,496536400000025	2,031853394	1,00578140361432	103,207872911058
50359,99902	0,496596099999977	2,033055786	1,00577451005523	103,268948341545
50369,99902	0,497370900000021	2,037597412	1,00601242386329	103,499639965459
50379,99902	0,498115999999982	2,042570313	1,00590902347762	103,752238177478
50389,99902	0,497907399999974	2,040539185	1,00595056987401	103,649067150912
50399,99902	0,497907399999974	2,040458008	1,00589002017971	103,64494377
50409,99902	0,49799680000001	2,03961499	1,00584595921461	103,602122720577
50419,99902	0,498115999999982	2,04296167	1,00592765469137	103,772117133134
50429,99902	0,498115999999982	2,041895142	1,00594255906223	103,717942906487
50439,99902	0,497102700000028	2,034358276	1,00574162661811	103,335108244019
50449,99902	0,498503400000004	2,042404663	1,00577143636006	103,74382399553
50459,99902	0,497370900000021	2,035522949	1,00589160353782	103,394267740133
50469,99902	0,498980200000005	2,049669922	1,00575075568279	104,112862396505
50479,99902	0,499009999999998	2,051620117	1,00560860453301	104,211922436125
50489,99902	0,498235200000011	2,048853516	1,00581763980972	104,071393102047
50499,99902	0,497609300000022	2,04333313	1,00575308520965	103,790985421852
50509,99902	0,498086199999989	2,043631592	1,00600608943065	103,80614578148
50519,99902	0,498592799999983	2,048150879	1,00578522247802	104,035702697211
50529,99902	0,498771599999998	2,04922998	1,00582164571572	104,090515568649
50539,99902	0,498026600000003	2,0415177	1,00606989886219	103,698770762432
50549,99902	0,497430500000007	2,040225342	1,00603496696178	103,633125514299
50559,99902	0,497251699999993	2,036716553	1,00568620108272	103,45489678468
50569,99902	0,497937200000024	2,039456421	1,00583151994894	103,594068217606
50579,99902	0,497698700000001	2,039011719	1,00564623804443	103,571479605831
50589,99902	0,497668900000008	2,037672241	1,00574088144957	103,503440900086
50599,99902	0,497758299999987	2,039208252	1,00596938712983	103,581462487936
50609,99902	0,498652400000026	2,045289917	1,0059746963306	103,890380301722
50619,99902	0,497698700000001	2,037898193	1,0060616089873	103,514918118555
50629,99902	0,498414000000025	2,044285645	1,0058100010821	103,839368364911
50639,99902	0,4993379	2,051834717	1,00597572156247	104,222823030426
50649,99902	0,498115999999982	2,042485718	1,0060424186471	103,747941179459
50659,99902	0,498652400000026	2,047622925	1,00564940476064	104,008885305024
50669,99902	0,498831199999984	2,050694092	1,00601102654726	104,164885051049
50679,99902	0,497430500000007	2,039663452	1,00590613582453	103,604584344999
50689,99902	0,497937200000024	2,041993286	1,00576892079112	103,722928125159
50699,99902	0,497341100000028	2,038937988	1,00609998766726	103,567734444049
50709,99902	0,497937200000024	2,04480188	1,00584940499393	103,865590491187
50719,99902	0,498771599999998	2,049419922	1,00569374578908	104,100163661299
50729,99902	0,498652400000026	2,049625244	1,00579761228017	104,110592980139
50739,99902	0,498920600000019	2,0518396	1,00563412830562	104,223071062122
50749,99902	0,498414000000025	2,047106201	1,00578457033052	103,982638340021
50759,99902	0,498235200000011	2,04437085	1,00584530706712	103,843696347844
50769,99902	0,499069599999984	2,050400146	1,00589188360116	104,149954081373
50779,99902	0,499755100000016	2,055592285	1,00588033198857	104,413688474628
50789,99902	0,498354399999982	2,044536255	1,00608536235951	103,852098085031
50799,99902	0,499069599999984	2,049707031	1,00590501757162	104,114747345964
50809,99902	0,497668900000008	2,03899231	1,00587837654632	103,570493726825
50819,99902	0,498443800000018	2,044509521	1,0059085573722	103,850740133083
50829,99902	0,498503400000004	2,044525879	1,00596491511842	103,851571036725
50839,99902	0,498265000000004	2,04420166	1,00580487792341	103,835102351806
50849,99902	0,498265000000004	2,041298096	1,00597274088834	103,687615990247
50859,99902	0,498652400000026	2,045941895	1,0056966344424	103,92349748565
50869,99902	0,497519899999986	2,037113159	1,00585564640553	103,475042362981
50879,99902	0,498503400000004	2,045046021	1,00569868290569	103,877991618835
50889,99902	0,498354399999982	2,044491211	1,00587306634533	103,849810077716
50899,99902	0,498503400000004	2,044788574	1,00577348582358	103,864914613704
50909,99902	0,497192100000007	2,036501953	1,00587083083973	103,443996190379
50919,99902	0,499159099999986	2,047873657	1,00579817140663	104,021621222126
50929,99902	0,499099399999977	2,050137451	1,00574842715616	104,136610504394
50939,99902	0,498771599999998	2,044712158	1,00566160852072	103,861033067506
50949,99902	0,498920600000019	2,045973511	1,00569588827364	103,9251034185
50959,99902	0,49799680000001	2,040301758	1,00586719801811	103,637007060497
50969,99902	0,49799680000001	2,04011731	1,00572979694263	103,627638035252
50979,99902	0,498771599999998	2,0455	1,00603207930869	103,901051455275
50989,99902	0,499248500000022	2,048406006	1,0057635175691	104,048661858079
50999,99902	0,498652400000026	2,044443115	1,00600767278876	103,847367044242
51009,99902	0,497698700000001	2,037950073	1,00564716925504	103,517553360085
51019,99902	0,497847700000023	2,03865979	1,00584437485628	103,553603393102
51029,99902	0,498592799999983	2,043299194	1,00593044932342	103,78926164474
51039,99902	0,498354399999982	2,038992554	1,00567586074409	103,57050612079
51049,99902	0,497102700000028	2,036864868	1,00588843682161	103,462430436329
51059,99902	0,496953700000006	2,036744141	1,0060716692626	103,456298115508
51069,99902	0,495701999999994	2,03274707	1,00577525522376	103,253267130594
51079,99902	0,498592799999983	2,04260498	1,00576798958052	103,753999085691
51089,99902	0,498592799999983	2,043918945	1,00576416971659	103,820741860111
51099,99902	0,498443800000018	2,042069702	1,00593706281917	103,726809671357
51109,99902	0,498414000000025	2,04502417	1,00577423099211	103,876881698583
51119,99902	0,498652400000026	2,045532104	1,0057967740906	103,902682176055
51129,99902	0,497102700000028	2,036869995	1,00592765469137	103,46269086199
51139,99902	0,498771599999998	2,04593396	1,00571973566711	103,923094427795
51149,99902	0,497758299999987	2,039179077	1,00593240476567	103,579980545538
51159,99902	0,498503400000004	2,041399292	1,00586691795477	103,692756235079
51169,99902	0,498741800000005	2,043636353	1,00587269426118	103,806387616193
51179,99902	0,49966569999998	2,054354004	1,00582676887441	104,35079006451
51189,99902	0,499486900000022	2,052828613	1,00569076511495	104,273307918931
51199,99902	0,498980200000005	2,050871826	1,00595001074755	104,173913039061
51209,99902	0,499069599999984	2,049806885	1,00580124510179	104,119819423985
51219,99902	0,499099399999977	2,049672363	1,0055256977823	104,112986386956
51229,99902	0,499725300000023	2,053894043	1,005769946023	104,327426372733
51239,99902	0,499606099999994	2,054245117	1,00590930254073	104,345259155788
51249,99902	0,499427299999979	2,052302246	1,00566766289001	104,246571138315
51259,99902	0,498682200000019	2,045027344	1,00577274065505	103,877042921725
51269,99902	0,498503400000004	2,044350464	1,00590809226701	103,84266084218
51279,99902	0,499069599999984	2,046868896	1,00591582401567	103,970584446589
51289,99902	0,498920600000019	2,048228271	1,00581260967207	104,039633819272
51299,99902	0,498741800000005	2,045327026	1,00582295001071	103,892265251181
51309,99902	0,498682200000019	2,044176392	1,00564074180137	103,833818865241
51319,99902	0,498086199999989	2,04193103	1,00579071872108	103,719765835323
51329,99902	0,498175600000025	2,041474854	1,00575168789363	103,696594402398
51339,99902	0,498741800000005	2,043807617	1,00573138030073	103,815086960939
51349,99902	0,499009999999998	2,045847534	1,00569868290569	103,918704424239
51359,99902	0,498771599999998	2,045508301	1,00585946626945	103,901473104079
51369,99902	0,499069599999984	2,045892944	1,00587148298723	103,921011022502
51379,99902	0,499188899999979	2,048038086	1,00589337393822	104,029973383451
51389,99902	0,50026170000001	2,056807129	1,00610911673195	104,475396403718
51399,99902	0,498115999999982	2,041580322	1,00587381151386	103,701951643216
51409,99902	0,498324599999989	2,041994141	1,00579137086857	103,722971554833
51419,99902	0,498175600000025	2,041924438	1,00605993160793	103,719430995073
51429,99902	0,498682200000019	2,044512329	1,00591954985833	103,850882765277
51439,99902	0,500231900000017	2,058950195	1,00596901404546	104,58425331437
51449,99902	0,499576300000001	2,054056152	1,00589328091718	104,335660689795
51459,99902	0,498860999999977	2,047772095	1,00586989962912	104,016462386346
51469,99902	0,499427299999979	2,053171631	1,00569570223156	104,290731497943
51479,99902	0,498831199999984	2,049583252	1,00577562830814	104,108459998984
51489,99902	0,498592799999983	2,046123657	1,00596351780239	103,932730075684
51499,99902	0,499009999999998	2,047952637	1,00551042032706	104,025633006553
51509,99902	0,498980200000005	2,048670166	1,00587986688338	104,062079849647
51519,99902	0,499099399999977	2,049149902	1,00552923758288	104,086448011378
51529,99902	0,497043099999985	2,041049438	1,00556463558872	103,674985421852
51539,99902	0,498652400000026	2,046016235	1,00573268459572	103,927273581551
51549,99902	0,499755100000016	2,058623779	1,00584046297155	104,567673032966
51559,99902	0,499427299999979	2,054850586	1,00586645284958	104,376013917814
51569,99902	0,501066400000013	2,064623535	1,00564344341238	104,872430283944
51579,99902	0,498741800000005	2,049157471	1,00566226066821	104,086832478285
51589,99902	0,499069599999984	2,050334717	1,00591060683572	104,14663061919
51599,99902	0,499486900000022	2,05560083	1,00571805928797	104,414122517397
51609,99902	0,499516700000015	2,055978027	1,0058542490895	104,433282216691
51619,99902	0,499904099999981	2,058007813	1,00605313207011	104,536385076446
51629,99902	0,500470399999983	2,062008789	1,00614376956925	104,739614415604
51639,99902	0,499725300000023	2,055700684	1,00569337370493	104,419194595418
51649,99902	0,500142499999981	2,05682373	1,00586552063875	104,476239650531
51659,99902	0,498920600000019	2,049604492	1,00596901404546	104,109538883527
51669,99902	0,498265000000004	2,046140503	1,00591489180483	103,933585767258
51679,99902	0,499009999999998	2,049093506	1,00590194387645	104,083583379895
51689,99902	0,499576300000001	2,05292627	1,00556491565206	104,278268400467
51699,99902	0,498831199999984	2,047231934	1,00549896273574	103,989024940316
51709,99902	0,498533199999997	2,048574951	1,00573175238489	104,057243409356
51719,99902	0,498503400000004	2,047395508	1,00589495729632	103,997333671966
51729,99902	0,498414000000025	2,04487793	1,00564875361337	103,869453446437
51739,99902	0,497698700000001	2,044115479	1,00578969448943	103,830724793011
51749,99902	0,499188899999979	2,049294922	1,00573333674322	104,093814293696
51759,99902	0,498354399999982	2,047350342	1,0058101881244	103,995039467669
51769,99902	0,499904099999981	2,055586182	1,00574358306059	104,413378473104
51779,99902	0,498115999999982	2,043350952	1,00571573076134	103,791890689287
51789,99902	0,499188899999979	2,047968628	1,00598019257366	104,026445268451
51799,99902	0,499069599999984	2,048483154	1,00604167347856	104,052580586174
51809,99902	0,4993379	2,051267578	1,00558503620265	104,194015238482
51819,99902	0,498414000000025	2,044669556	1,00598214901614	103,858869101437
51829,99902	0,498860999999977	2,045175537	1,00590744011951	103,884570376391
51839,99902	0,499814700000002	2,052734375	1,0061331501675	104,268521105298
51849,99902	0,499009999999998	2,048808594	1,0061056699524	104,069111291715
51859,99902	0,500231900000017	2,056155762	1,00598736519587	104,442310255499
51869,99902	0,499427299999979	2,052164551	1,00586552063875	104,239576928938
51879,99902	0,499069599999984	2,046944458	1,00596286665512	103,974422613908
51889,99902	0,500649199999998	2,060486328	1,00596566028695	104,662281099203
51899,99902	0,500023300000009	2,05436499	1,00591563697337	104,351348097729
51909,99902	0,499486900000022	2,050579102	1,006018944338	104,159044140804
51919,99902	0,499248500000022	2,051862549	1,00595196719003	104,224236755219
51929,99902	0,50026170000001	2,059776123	1,00584158022423	104,626206278255
51939,99902	0,499725300000023	2,053811768	1,00578307999346	104,323247218977
51949,99902	0,499486900000022	2,052985352	1,00574656373471	104,281269467161
51959,99902	0,498980200000005	2,048745361	1,00582155269468	104,065899375222
51969,99902	0,499755100000016	2,05363623	1,00580953597691	104,314330776655
51979,99902	0,500470399999983	2,060650879	1,0056998011586	104,67063945751
51989,99902	0,499397499999986	2,052796875	1,00597767800495	104,271695789099
51999,99902	0,499397499999986	2,052738281	1,00581391396706	104,268719510337
52009,99902	0,49966569999998	2,05309668	1,00583515277056	104,286924366333
52019,99902	0,499933899999974	2,056720459	1,00572839962661	104,470994006197
52029,99902	0,500082899999995	2,056984619	1,00579649402726	104,484411997765
52039,99902	0,499159099999986	2,049484619	1,00565573919327	104,103449941586
52049,99902	0,498503400000004	2,045290649	1,00590725407744	103,890417483619
52059,99902	0,498324599999989	2,043899414	1,00573268459572	103,819749784122
52069,99902	0,498414000000025	2,043609375	1,00560543681658	103,80501727028
52079,99902	0,500082899999995	2,054567627	1,00594209295682	104,361641032153
52089,99902	0,499486900000022	2,05144751	1,006119923176	104,203154873775
52099,99902	0,500828000000013	2,06136377	1,00596500913968	104,706850713669
52109,99902	0,499486900000022	2,052815918	1,00567725806011	104,272663077158
52119,99902	0,499993500000016	2,056830078	1,00579593590103	104,476562096815
52129,99902	0,500231900000017	2,057329346	1,00587502278781	104,50192238533
52139,99902	0,499755100000016	2,054775146	1,00596137531783	104,372181947478
52149,99902	0,500828000000013	2,062617432	1,00575532071525	104,770530400772
52159,99902	0,501304800000014	2,065832764	1,00600143137716	104,933852999441
52169,99902	0,501006800000027	2,065169678	1,00577143636006	104,90017158531
52179,99902	0,500231900000017	2,059551758	1,00599640123951	104,614809671357
52189,99902	0,499755100000016	2,055768311	1,00567772416553	104,422629704881
52199,99902	0,498414000000025	2,047328857	1,00589719280192	103,993948138365
52209,99902	0,499278300000014	2,04935791	1,00576519494846	104,097013765429
52219,99902	0,499516700000015	2,051616455	1,00585937324841	104,211736425052
52229,99902	0,500023300000009	2,056523193	1,00578708589946	104,4609738914
52239,99902	0,499397499999986	2,051201172	1,00577013206507	104,190642149642
52249,99902	0,500023300000009	2,05746582	1,00571778022486	104,508854574084
52259,99902	0,500142499999981	2,057426514	1,00583897263448	104,50685802814
52269,99902	0,500500199999976	2,060264893	1,00593342999755	104,651033321481
52279,99902	0,500231900000017	2,058101807	1,00562639655696	104,541159496114
52289,99902	0,499814700000002	2,05182251	1,00578568858343	104,222202976584
52299,99902	0,499159099999986	2,049506104	1,00587902769358	104,104541270889
52309,99902	0,499427299999979	2,052415771	1,00593892624061	104,252337633972
52319,99902	0,499755100000016	2,052022461	1,00576090997935	104,232359475796
52329,99902	0,4993379	2,049915527	1,0058195962522	104,125337887946
52339,99902	0,500559800000019	2,059205078	1,00605434234383	104,597200081272
52349,99902	0,500172299999974	2,059017334	1,00583431458099	104,587663635902
52359,99902	0,498115999999982	2,047089233	1,00606254019791	103,981776451465
52369,99902	0,4993379	2,049381836	1,00597134357232	104,098229085183
52379,99902	0,499755100000016	2,04990918	1,00593370906066	104,125015492457
52389,99902	0,4993379	2,048965576	1,00585089633122	104,077085183116
52399,99902	0,497251699999993	2,043216064	1,00592057408997	103,785039061309
52409,99902	0,496864300000027	2,040778564	1,0056785623551	103,661226393051
52419,99902	0,497490099999993	2,039181396	1,00591750039481	103,580098339005
52429,99902	0,499576300000001	2,050947266	1,00589337393822	104,177745009397
52439,99902	0,499009999999998	2,047516968	1,00585639157406	104,003503225479
52449,99902	0,499516700000015	2,051604248	1,00569849686361	104,211116371209
52459,99902	0,498831199999984	2,045440063	1,00590986166719	103,898006958907
52469,99902	0,499844499999995	2,051549072	1,00603515300385	104,208313709555
52479,99902	0,499069599999984	2,046011597	1,00581531128309	103,927037994616
52489,99902	0,499844499999995	2,053977295	1,00606915369366	104,331655153147
52499,99902	0,499248500000022	2,046822021	1,00606580093538	103,968203433738
52509,99902	0,499993500000016	2,053018555	1,00560049969997	104,282956011581
52519,99902	0,499993500000016	2,052570068	1,0059552279275	104,260175140956
52529,99902	0,498503400000004	2,042529175	1,00597954042617	103,750148575202
52539,99902	0,499576300000001	2,049959229	1,00579090476316	104,12755772845
52549,99902	0,499397499999986	2,049991943	1,00575643796793	104,129219434144
52559,99902	0,499427299999979	2,048667725	1,00574693681909	104,061955859196
52569,99902	0,499606099999994	2,052280762	1,00588294057855	104,245479859806
52579,99902	0,50026170000001	2,059284424	1,00584968505727	104,601230456647
52589,99902	0,500142499999981	2,056797852	1,00569365276804	104,474925179052
52599,99902	0,499427299999979	2,049676025	1,00575727715773	104,113172398029
52609,99902	0,500768400000027	2,060677734	1,00582816619043	104,672003555646
52619,99902	0,500976999999978	2,061385498	1,0057887622786	104,707954386143
52629,99902	0,499904099999981	2,054628662	1,005808417724	104,364741301366
52639,99902	0,499188899999979	2,04780127	1,00599453781807	104,017944328745
52649,99902	0,499278300000014	2,047320557	1,00576416971659	103,993526540357
52659,99902	0,498741800000005	2,045274536	1,00591228421509	103,889599024737
52669,99902	0,49799680000001	2,043824951	1,00597078444586	103,815967440443
52679,99902	0,498860999999977	2,045385986	1,0057581153473	103,895260120892
52689,99902	0,499933899999974	2,05134375	1,00588526910518	104,197884390715
52699,99902	0,498235200000011	2,043759888	1,00598624794318	103,812662569208
52709,99902	0,499159099999986	2,046774048	1,00555969847211	103,965766648042
52719,99902	0,4993379	2,047956909	1,00584567915127	104,02585000254
52729,99902	0,499576300000001	2,049539551	1,00597581458351	104,106240209275
52739,99902	0,500678999999991	2,057609131	1,00578075146682	104,516134047849
52749,99902	0,500321299999996	2,054152832	1,00617795730136	104,340571544674
52759,99902	0,500828000000013	2,057748047	1,00595690430664	104,523190277848
52769,99902	0,499933899999974	2,052427734	1,00573454701694	104,252945293849
52779,99902	0,500470399999983	2,05652832	1,0058510823733	104,461234317062
52789,99902	0,499933899999974	2,053842773	1,00596025806515	104,324822116117
52799,99902	0,500142499999981	2,051424316	1,00571573076134	104,201976735917
52809,99902	0,500023300000009	2,05459082	1,00557255337945	104,362819119216
52819,99902	0,500559800000019	2,057703369	1,00588964809556	104,520920861482
52829,99902	0,500678999999991	2,058464111	1,00606934073596	104,559562706354
52839,99902	0,500887599999999	2,061105469	1,00581065322959	104,693730329659
52849,99902	0,499844499999995	2,053437012	1,00566431013173	104,304211510134
52859,99902	0,500082899999995	2,053101807	1,00560422554263	104,287184791995
52869,99902	0,499904099999981	2,053011719	1,00595783551725	104,282608777366
52879,99902	0,501066400000013	2,06025	1,0057344539959	104,650276832427
52889,99902	0,500678999999991	2,0575896	1,00572616312078	104,51514197186
52899,99902	0,500231900000017	2,056937012	1,00582332209486	104,481993803017
52909,99902	0,4993379	2,049175781	1,00592299663787	104,087762533652
52919,99902	0,500172299999974	2,053549805	1,00572457976268	104,309940823894
52929,99902	0,499904099999981	2,050603027	1,00565322462456	104,160259409763
52939,99902	0,500023300000009	2,053805664	1,0062395312273	104,322937166658
52949,99902	0,498682200000019	2,044273193	1,00577451005523	103,838735866308
52959,99902	0,498980200000005	2,045434692	1,00590790522471	103,89773413928
52969,99902	0,499188899999979	2,047685059	1,00574749594555	104,012041397877
52979,99902	0,500142499999981	2,052612793	1,00577963321391	104,262345354803
52989,99902	0,499844499999995	2,051134033	1,00588843682161	104,18723182811
52999,99902	0,498354399999982	2,046514404	1,00595019778985	103,952578046427
53009,99902	0,499159099999986	2,046898926	1,00591247025716	103,972109818662
53019,99902	0,499248500000022	2,047300659	1,00562947025213	103,992515822624
53029,99902	0,500172299999974	2,055284668	1,00608405906475	104,398063087317
53039,99902	0,500351099999989	2,058071533	1,00590725407744	104,539621730076
53049,99902	0,500231900000017	2,057037598	1,00583580491805	104,487103062935
53059,99902	0,499248500000022	2,049144043	1,00589560944382	104,08615040382
53069,99902	0,500142499999981	2,053459473	1,00590948958303	104,305352415299
53079,99902	0,498265000000004	2,045055908	1,00563897240119	103,878493828415
53089,99902	0,49966569999998	2,05081543	1,00589169655885	104,171048407579
53099,99902	0,499933899999974	2,053591797	1,00594283812535	104,312073805049
53109,99902	0,500410699999975	2,05801001	1,0057525260832	104,536496672931
53119,99902	0,500172299999974	2,056182373	1,00591908375291	104,443661959669
53129,99902	0,500082899999995	2,053703125	1,00589085836928	104,317728704221
53139,99902	0,499755100000016	2,05227002	1,00589179058012	104,244934220552
53149,99902	0,500172299999974	2,052422119	1,00575820836834	104,252660080256
53159,99902	0,499009999999998	2,046013306	1,00578280093034	103,92712480317
53169,99902	0,500321299999996	2,052540771	1,00578922838402	104,258687001575
53179,99902	0,500351099999989	2,055000732	1,00606281926102	104,383640574999
53189,99902	0,499755100000016	2,050736084	1,00566682470044	104,167018032204
53199,99902	0,500231900000017	2,053108154	1,00579640100622	104,287507187484
53209,99902	0,499099399999977	2,046092773	1,00581195752458	103,931161324732
53219,99902	0,499844499999995	2,049921631	1,00574013628104	104,125647940265
53229,99902	0,498771599999998	2,043510864	1,00606281926102	103,800013409864
53239,99902	0,498980200000005	2,045326904	1,00598941465938	103,892259054198
53249,99902	0,499725300000023	2,048990967	1,00590650890891	104,078374917458
53259,99902	0,500023300000009	2,05289502	1,00581214456688	104,276681058567
53269,99902	0,50026170000001	2,054261963	1,00600935016812	104,346114847361
53279,99902	0,498414000000025	2,04409082	1,00592737462803	103,829472240565
53289,99902	0,498354399999982	2,044690552	1,00563981059076	103,859935592015
53299,99902	0,4993379	2,045217896	1,00599081197541	103,886721999289
53309,99902	0,499844499999995	2,049778076	1,00574004326	104,118356072535
53319,99902	0,499009999999998	2,0445802	1,00580730047131	103,854330268705
53329,99902	0,500023300000009	2,051159424	1,0059742312254	104,188521562452
53339,99902	0,499516700000015	2,047811401	1,00592905200739	104,01845893229
53349,99902	0,499755100000016	2,048708496	1,00603766857279	104,064026819729
53359,99902	0,500351099999989	2,053527344	1,00571405338197	104,308799918728
53369,99902	0,500559800000019	2,057961182	1,00595737041206	104,534016457561
53379,99902	0,50026170000001	2,054480225	1,00577348582358	104,357201452735
53389,99902	0,500738599999977	2,058104736	1,00578075146682	104,541308274496
53399,99902	0,500500199999976	2,054879395	1,00589477125425	104,377477269264
53409,99902	0,499576300000001	2,048148438	1,00579090476316	104,035578706761
53419,99902	0,500023300000009	2,052844727	1,00603310354033	104,274126428608
53429,99902	0,500142499999981	2,051204346	1,00566281979467	104,190803372784
53439,99902	0,500172299999974	2,053858154	1,00598075170012	104,325603393102
53449,99902	0,500172299999974	2,05004541	1,00578112355098	104,131935287245
53459,99902	0,499516700000015	2,047638916	1,0058817293046	104,009697566922
53469,99902	0,501483600000029	2,062042725	1,00578103052994	104,741338192716
53479,99902	0,501066400000013	2,060446777	1,0058376683395	104,660272108498
53489,99902	0,500023300000009	2,051874268	1,00591861864772	104,224832021131
53499,99902	0,500768400000027	2,05627002	1,00614647118026	104,448113983847
53509,99902	0,501245200000028	2,059938477	1,00576715139095	104,634453040077
53519,99902	0,500082899999995	2,050400391	1,00591396059423	104,149966526134
53529,99902	0,500887599999999	2,056216797	1,00618457079711	104,445410524712
53539,99902	0,500023300000009	2,051381104	1,00583617800243	104,199781784934
53549,99902	0,500678999999991	2,054711182	1,00586635982854	104,368932899883
53559,99902	0,500678999999991	2,057611084	1,00565601925661	104,516233250368
53569,99902	0,501006800000027	2,058849854	1,00586691795477	104,579156499213
53579,99902	0,499755100000016	2,049802734	1,00579267516356	104,119608574186
53589,99902	0,500321299999996	2,053659668	1,0056919763889	104,315521308478
53599,99902	0,500410699999975	2,053428955	1,00590417938205	104,303802255295
53609,99902	0,499814700000002	2,050146484	1,00580199027032	104,137069335094
53619,99902	0,500828000000013	2,057197021	1,00576398367452	104,495200944786
53629,99902	0,500917399999992	2,060571289	1,00582295001071	104,66659668817
53639,99902	0,500976999999978	2,06076416	1,00585778889008	104,676393559202
53649,99902	0,500589600000012	2,05610498	1,00594311718846	104,439730786814
53659,99902	0,501215399999978	2,060861084	1,00572159908855	104,681316808046
53669,99902	0,500768400000027	2,057732178	1,0058873185687	104,522384212932
53679,99902	0,500976999999978	2,057468994	1,00562099333493	104,509015797227
53689,99902	0,500678999999991	2,056280518	1,00586431036502	104,448647229136
53699,99902	0,499755100000016	2,049956055	1,00590613582453	104,127396505308
53709,99902	0,500559800000019	2,055741699	1,0059197359004	104,421277949916
53719,99902	0,500321299999996	2,054958984	1,00572197217293	104,381519987809
53729,99902	0,501423999999986	2,060716309	1,00591712831066	104,673962970488
53739,99902	0,499933899999974	2,052911377	1,00579127784754	104,277511911414
53749,99902	0,500589600000012	2,056403809	1,00570101243255	104,454909788185
53759,99902	0,500351099999989	2,055147949	1,00572141304648	104,391118453802
53769,99902	0,500887599999999	2,056500488	1,00571014149724	104,459820592269
53779,99902	0,500321299999996	2,052148438	1,0058376683395	104,238758470056
53789,99902	0,498980200000005	2,044081299	1,00593501335565	103,828988621933
53799,99902	0,499248500000022	2,045304688	1,00575196695674	103,891130593793
53809,99902	0,499009999999998	2,048773193	1,00584241941403	104,067313100015
53819,99902	0,499904099999981	2,048011719	1,00610976887944	104,028634073246
53829,99902	0,497579500000029	2,042447632	1,00607064503095	103,746006603342
53839,99902	0,499576300000001	2,047439453	1,00583757531846	103,999565855641
53849,99902	0,499486900000022	2,0465625	1,00571973566711	103,9550210799
53859,99902	0,500976999999978	2,05721167	1,00594926557902	104,495945039874
53869,99902	0,500410699999975	2,054530029	1,00590036051835	104,359731243968
53879,99902	0,501006800000027	2,057032715	1,00595392363251	104,486855031239
53889,99902	0,501245200000028	2,061746826	1,00583403551787	104,726308020521
53899,99902	0,500768400000027	2,05900708	1,00594386335722	104,587142784579
53909,99902	0,499427299999979	2,046733765	1,00575606588378	103,963720475441
53919,99902	0,4993379	2,046269897	1,00569011296746	103,940158327831
53929,99902	0,499397499999986	2,04677124	1,00590725407744	103,965624015848
53939,99902	0,49966569999998	2,048579102	1,00578214878285	104,057454259156
53949,99902	0,501543200000015	2,062874512	1,00580366764969	104,783588764159
53959,99902	0,500768400000027	2,057835205	1,00572998298471	104,527617463301
53969,99902	0,499725300000023	2,050973145	1,00609747309855	104,179059531671
53979,99902	0,499427299999979	2,047262695	1,00558149640206	103,990587443491
53989,99902	0,499755100000016	2,05013501	1,00590771918263	104,136486513943
53999,99902	0,499278300000014	2,048058594	1,00594227899889	104,031015086097
54009,99902	0,500172299999974	2,050064453	1,00588051903087	104,132902575303
54019,99902	0,500470399999983	2,05313208	1,00617916857531	104,288722507238
54029,99902	0,499606099999994	2,0475354	1,00567791020761	104,004439477828
54039,99902	0,499576300000001	2,045248657	1,00588536212622	103,888284502464
54049,99902	0,499159099999986	2,044643555	1,00603431481428	103,857548382181
54059,99902	0,499427299999979	2,046584106	1,00599677432389	103,956118555392
54069,99902	0,498771599999998	2,045264771	1,00554786779641	103,88910301214
54079,99902	0,498175600000025	2,043380981	1,00561745353435	103,793416010565
54089,99902	0,500082899999995	2,048841797	1,00597143659335	104,070797836136
54099,99902	0,499397499999986	2,044756958	1,00580925591357	103,863308680855
54109,99902	0,499099399999977	2,043570313	1,0058544361318	103,803033118301
54119,99902	0,500589600000012	2,053450439	1,00586216788046	104,304893533804
54129,99902	0,500768400000027	2,055008301	1,00599099801749	104,384025041906
54139,99902	0,500082899999995	2,050869141	1,00594526067325	104,173776654645
54149,99902	0,499814700000002	2,047232056	1,00575178091466	103,989031137299
54159,99902	0,500768400000027	2,054009033	1,00589877716025	104,333267282979
54169,99902	0,501006800000027	2,056643066	1,00571051358139	104,467062833342
54179,99902	0,499993500000016	2,05035498	1,00584353666671	104,147659877076
54189,99902	0,498175600000025	2,040685303	1,00593538644003	103,656489206075
54199,99902	0,499814700000002	2,048248535	1,00595066289505	104,040663127952
54209,99902	0,499486900000022	2,046458618	1,00572513888914	103,949744399858
54219,99902	0,499069599999984	2,04374646	1,00583068175937	103,811980494743
54229,99902	0,500500199999976	2,051550293	1,00603356964575	104,208375730177
54239,99902	0,49966569999998	2,048215576	1,0058039467128	104,038988977498
54249,99902	0,499904099999981	2,047709839	1,00568759839875	104,01330009651
54259,99902	0,500142499999981	2,049111572	1,00608592148597	104,084501041296
54269,99902	0,500828000000013	2,055982422	1,00604167347856	104,433505460456
54279,99902	0,500589600000012	2,055134521	1,00560292124764	104,390436379337
54289,99902	0,500887599999999	2,056183105	1,00586999265016	104,443699141566
54299,99902	0,500678999999991	2,056690674	1,00593082140757	104,469481078885
54309,99902	0,501096200000006	2,056929932	1,0059221584483	104,481634174836
54319,99902	0,500172299999974	2,049025879	1,00594470154679	104,080148270432
54329,99902	0,500142499999981	2,049226807	1,00592560522785	104,090354396302
54339,99902	0,498741800000005	2,045685669	1,00587902769358	103,910482501143
54349,99902	0,498324599999989	2,042096802	1,00587679218799	103,728186214253
54359,99902	0,4993379	2,04442627	1,00593594456626	103,846511403464
54369,99902	0,499427299999979	2,043608154	1,00609831128812	103,804955249657
54379,99902	0,500023300000009	2,048231934	1,00596202746533	104,03981988114
54389,99902	0,499278300000014	2,04497937	1,00572616312078	103,874606085234
54399,99902	0,499993500000016	2,04823584	1,00581260967207	104,040018286179
54409,99902	0,500023300000009	2,047356079	1,00569868290569	103,995330878245
54419,99902	0,500559800000019	2,055912354	1,00600506419878	104,429946360542
54429,99902	0,500351099999989	2,053842773	1,00581307577749	104,324822116117
54439,99902	0,501215399999978	2,061025635	1,00607595423171	104,689675166353
54449,99902	0,501245200000028	2,060907715	1,00585900016403	104,683685426931
54459,99902	0,500589600000012	2,057221924	1,005790532679	104,496465891197
54469,99902	0,500738599999977	2,05674292	1,00586691795477	104,472134911363
54479,99902	0,501006800000027	2,060623047	1,00575848743145	104,669225732717
54489,99902	0,500172299999974	2,05422998	1,00593678275583	104,344490272769
54499,99902	0,501066400000013	2,059430176	1,00591209717278	104,608633920861
54509,99902	0,499486900000022	2,04821875	1,00592905200739	104,03915020064
54519,99902	0,499099399999977	2,048885254	1,00575308520965	104,073005231879
54529,99902	0,498026600000003	2,045513916	1,00599267539685	103,901758317672
54539,99902	0,499427299999979	2,048861816	1,00575327125173	104,071814700056
54549,99902	0,500738599999977	2,05540918	1,00591125898321	104,404387666988
54559,99902	0,496953700000006	2,036371948	1,0057675234751	103,437392594098
54569,99902	0,498831199999984	2,042065674	1,00582900438	103,726605069335
54579,99902	0,499993500000016	2,048614258	1,00553398865742	104,059240006095
54589,99902	0,499427299999979	2,046411499	1,00580366764969	103,947350993041
54599,99902	0,498771599999998	2,041247192	1,00587604701946	103,68503032458
54609,99902	0,498980200000005	2,042892822	1,00591209717278	103,768620003048
54619,99902	0,499486900000022	2,046462402	1,00586170177505	103,949936607914
54629,99902	0,500082899999995	2,05087793	1,00581372792498	104,17422309138
54639,99902	0,499933899999974	2,051593018	1,00584493398274	104,210545944024
54649,99902	0,499725300000023	2,047080688	1,00584614525669	103,981342408696
54659,99902	0,499755100000016	2,047937134	1,00597283390938	104,024845532585
54669,99902	0,500500199999976	2,056074951	1,00592187838496	104,438205465536
54679,99902	0,500351099999989	2,05522998	1,0060133550739	104,395285213593
54689,99902	0,499844499999995	2,048031494	1,00579202301607	104,029638543201
54699,99902	0,498980200000005	2,042825806	1,00572169210959	103,765215929293
54709,99902	0,501483600000029	2,061648926	1,00595038383193	104,721335195815
54719,99902	0,499844499999995	2,05192627	1,00602229809651	104,227473459643
54729,99902	0,500321299999996	2,051643066	1,00569001994642	104,213088129222
54739,99902	0,499516700000015	2,047693604	1,00592430093286	104,012475440646
54749,99902	0,500082899999995	2,051133545	1,00568359249275	104,187207040179
54759,99902	0,499486900000022	2,049570557	1,00596370484469	104,10781515721
54769,99902	0,500142499999981	2,052046631	1,00586533459667	104,233587189516
54779,99902	0,499606099999994	2,0482771	1,00594926557902	104,042114085437
54789,99902	0,498324599999989	2,044462524	1,00592737462803	103,848352923249
54799,99902	0,497668900000008	2,041755981	1,00574060238646	103,710874231727
54809,99902	0,498920600000019	2,041916382	1,00620934940119	103,71902179103
54819,99902	0,499248500000022	2,044354492	1,00601549755845	103,842865444202
54829,99902	0,497281499999985	2,037060547	1,00587222815576	103,472369939554
54839,99902	0,498443800000018	2,041520996	1,00618988099809	103,698938182557
54849,99902	0,498175600000025	2,032956909	1,00570110545359	103,263925890181
54859,99902	0,499009999999998	2,037666626	1,00588228843105	103,503155686494
54869,99902	0,498503400000004	2,034626587	1,00576705836991	103,348737085386
54879,99902	0,49966569999998	2,041194702	1,00604344387897	103,682364098136
54889,99902	0,499606099999994	2,045108154	1,00589989441293	103,881147660893
54899,99902	0,499009999999998	2,038680664	1,00566654563733	103,554663686697
54909,99902	0,498443800000018	2,036851563	1,00576398367452	103,461754609641
54919,99902	0,499755100000016	2,04419165	1,00589588850693	103,834593894448
54929,99902	0,499516700000015	2,041419556	1,00580869778734	103,69378554376
54939,99902	0,49966569999998	2,04255249	1,00587902769358	103,751332859247
54949,99902	0,498324599999989	2,035076172	1,00577441703419	103,371573728857
54959,99902	0,499069599999984	2,039236206	1,00584418881421	103,582882409712
54969,99902	0,499516700000015	2,045478638	1,0059063218666	103,899966373749
54979,99902	0,500023300000009	2,047228516	1,00601000131539	103,988851323208
54989,99902	0,499427299999979	2,04386084	1,00590194387645	103,817790420074
54999,99902	0,498592799999983	2,039661621	1,0056517342875	103,604491339463
55009,99902	0,4993379	2,044438965	1,00592569824889	103,847156245238
55019,99902	0,499248500000022	2,043171021	1,00579202301607	103,78275110479
55029,99902	0,499844499999995	2,048151367	1,00595103597942	104,035727485142
55039,99902	0,498533199999997	2,038431396	1,00573985721793	103,542002133388
55049,99902	0,499099399999977	2,04236792	1,00586980560786	103,741957637019
55059,99902	0,500023300000009	2,04831665	1,00593138053403	104,044123025347
55069,99902	0,499099399999977	2,042255005	1,0058385995501	103,736222126276
55079,99902	0,500649199999998	2,053312256	1,00559910238394	104,297874536496
55089,99902	0,499009999999998	2,042377319	1,00578242784596	103,742435058668
55099,99902	0,499904099999981	2,048946777	1,00572774747911	104,076130289023
55109,99902	0,499397499999986	2,046319702	1,00592104019539	103,942688169858
55119,99902	0,499904099999981	2,050193604	1,00580674134486	104,139462792706
55129,99902	0,499606099999994	2,047726196	1,00586356519649	104,014130949357
55139,99902	0,500678999999991	2,055085938	1,00583170599101	104,387968608727
55149,99902	0,500023300000009	2,051379639	1,00574796105074	104,199707370346
55159,99902	0,500321299999996	2,054343262	1,00591927079521	104,350244425255
55169,99902	0,499993500000016	2,05071167	1,00588079809399	104,165777924519
55179,99902	0,50026170000001	2,052512939	1,00598894955419	104,257273276782
55189,99902	0,498652400000026	2,042229248	1,00610893068987	103,734913800985
55199,99902	0,499248500000022	2,042939819	1,00578829717341	103,771007212882
55209,99902	0,499516700000015	2,046511353	1,00585657861636	103,952423071062
55219,99902	0,499576300000001	2,04638562	1,00575150085132	103,946036470768
55229,99902	0,499397499999986	2,04364917	1,00579686711164	103,80703865495
55239,99902	0,500172299999974	2,049537842	1,00582686189544	104,106153400721
55249,99902	0,49966569999998	2,04710498	1,00594926557902	103,982576319399
55259,99902	0,500828000000013	2,054558838	1,00583282424393	104,361194595418
55269,99902	0,500172299999974	2,050933838	1,00576575407492	104,177062934932
55279,99902	0,499427299999979	2,046744629	1,00606226113479	103,964272311678
55289,99902	0,499844499999995	2,048299072	1,00582704893775	104,043230151877
55299,99902	0,500887599999999	2,055879639	1,00599966197698	104,428284604053
55309,99902	0,499904099999981	2,049734619	1,00592905200739	104,116148676792
55319,99902	0,500976999999978	2,054831787	1,00596938712983	104,375059023721
55329,99902	0,500828000000013	2,053985352	1,00571032753931	104,332064407985
55339,99902	0,49966569999998	2,044990967	1,00584279149818	103,875195154163
55349,99902	0,501096200000006	2,055943604	1,00580608919736	104,431533702443
55359,99902	0,500738599999977	2,055608643	1,00587837654632	104,41451937827
55369,99902	0,500738599999977	2,055356445	1,00579146388961	104,401708995784
55379,99902	0,501215399999978	2,059994385	1,00586822224976	104,637292883629
55389,99902	0,500738599999977	2,053818359	1,00576323850598	104,323582008432
55399,99902	0,500321299999996	2,050101074	1,00593082140757	104,134762736831
55409,99902	0,500917399999992	2,058196045	1,00586021143798	104,545946309748
55419,99902	0,501006800000027	2,057490479	1,00576361159036	104,51010712653
55429,99902	0,501066400000013	2,058067139	1,00599640123951	104,539398537106
55439,99902	0,499755100000016	2,0512771	1,00580403973384	104,194498907909
55449,99902	0,499397499999986	2,046107666	1,00603971803631	103,931917813786
55459,99902	0,500172299999974	2,049577881	1,00571647592987	104,108187179357
55469,99902	0,500351099999989	2,051642334	1,00599807861888	104,213050947326
55479,99902	0,500082899999995	2,050457275	1,00577031810715	104,152855945548
55489,99902	0,499993500000016	2,049078125	1,00572122600418	104,082802102911
55499,99902	0,498771599999998	2,042543091	1,0058180128941	103,750855437598
55509,99902	0,499427299999979	2,045908936	1,00586635982854	103,921823335196
55519,99902	0,50026170000001	2,051556641	1,00594013651433	104,208698176462
55529,99902	0,501096200000006	2,057122559	1,00567492953348	104,491418651902
55539,99902	0,500678999999991	2,054663574	1,0059614693391	104,36651465434
55549,99902	0,500500199999976	2,054701416	1,00587642010384	104,368436836491
55559,99902	0,499844499999995	2,049185547	1,00596659249778	104,088258597044
55569,99902	0,499993500000016	2,048052979	1,00592029502686	104,030729872505
55579,99902	0,499159099999986	2,043821777	1,00586058352214	103,815806217301
55589,99902	0,499009999999998	2,044857056	1,00551209770642	103,868393152842
55599,99902	0,501066400000013	2,055353027	1,00575504065191	104,401535378676
55609,99902	0,498920600000019	2,04377063	1,00576975898069	103,813208208462
55619,99902	0,499755100000016	2,046512695	1,00585285177348	103,952491237873
55629,99902	0,500172299999974	2,049017822	1,00600692762022	104,079739015594
55639,99902	0,499248500000022	2,040463623	1,00573473405924	103,645228983593
55649,99902	0,499904099999981	2,045123291	1,00578326703576	103,881916543912
55659,99902	0,500023300000009	2,045594849	1,00582248390529	103,905869304617
55669,99902	0,498115999999982	2,037096069	1,00605471542821	103,474174277442
55679,99902	0,498682200000019	2,035209717	1,00583282424393	103,378357139229
55689,99902	0,499397499999986	2,040750122	1,00606617301953	103,659781683344
55699,99902	0,499904099999981	2,045192383	1,00583207907539	103,885426067964
55709,99902	0,500231900000017	2,049435547	1,00616212071966	104,10095733225
55719,99902	0,499725300000023	2,044503906	1,0059874582169	103,85045491949
55729,99902	0,500768400000027	2,052147949	1,00577441703419	104,23873363133
55739,99902	0,499993500000016	2,049953613	1,00598894955419	104,127272464063
55749,99902	0,500500199999976	2,052337402	1,00593501335565	104,248356885254
55759,99902	0,50026170000001	2,048227539	1,0058155903462	104,039596637375
55769,99902	0,49799680000001	2,038172363	1,005672973091	103,528844567481
55779,99902	0,499606099999994	2,040373901	1,00558997331926	103,640671559913
55789,99902	0,500738599999977	2,05059668	1,0059149858261	104,159937014273
55799,99902	0,498741800000005	2,037561035	1,00599472486037	103,497792197897
55809,99902	0,497698700000001	2,033163086	1,00582807316939	103,274398638696
55819,99902	0,498265000000004	2,036557983	1,00589542340174	103,446842230914
55829,99902	0,499159099999986	2,037410278	1,00581782685202	103,490134505003
55839,99902	0,499993500000016	2,044103149	1,00588983413764	103,83009849139
55849,99902	0,499188899999979	2,039719849	1,00575941964229	103,607449027277
55859,99902	0,499576300000001	2,042540771	1,00571293612929	103,750737593336
55869,99902	0,499933899999974	2,045036865	1,00574181366041	103,877526540357
55879,99902	0,499904099999981	2,04358252	1,00567334517515	103,803653172144
55889,99902	0,499993500000016	2,048068848	1,00574907930365	104,031535937421
55899,99902	0,498592799999983	2,037451538	1,00577255361275	103,492230304262
55909,99902	0,499814700000002	2,046164795	1,00572765445807	103,93481967796
55919,99902	0,497430500000007	2,036772217	1,00590641488764	103,457724234266
55929,99902	0,498443800000018	2,036882324	1,00593436120815	103,463317112816
55939,99902	0,499278300000014	2,040236694	1,00594824134737	103,633702138467
55949,99902	0,499993500000016	2,046245117	1,00585285177348	103,938899629197
55959,99902	0,500678999999991	2,052738037	1,00579090476316	104,268707116371
55969,99902	0,500142499999981	2,047367676	1,0056501509294	103,995919947173
55979,99902	0,4993379	2,043225464	1,00591694126835	103,785516533753
55989,99902	0,500142499999981	2,046053223	1,00584195330861	103,929152384822
55999,99902	0,499516700000015	2,044097168	1,00585005714142	103,829794686849
56009,99902	0,49966569999998	2,046063965	1,00583440760203	103,929698024077
56019,99902	0,499844499999995	2,046713257	1,00597115653001	103,962678772794
56029,99902	0,499933899999974	2,045333374	1,00573147332177	103,892587697465
56039,99902	0,49966569999998	2,044794556	1,00583384847557	103,86521846904
56049,99902	0,499606099999994	2,044008301	1,00596109625472	103,825280692843
56059,99902	0,498860999999977	2,040151978	1,0058817293046	103,62939899426
56069,99902	0,500142499999981	2,045885132	1,00585285177348	103,920614212424
56079,99902	0,499278300000014	2,041489868	1,00571153881326	103,697357037639
56089,99902	0,500231900000017	2,048356445	1,0057889493209	104,046144410017
56099,99902	0,500321299999996	2,04946582	1,00611861888101	104,102495047493
56109,99902	0,500321299999996	2,048992188	1,00582239088425	104,078436938081
56119,99902	0,499188899999979	2,042315674	1,00592635039638	103,739303804541
56129,99902	0,499933899999974	2,045636597	1,00577516220272	103,907989891807
56139,99902	0,500410699999975	2,049124268	1,00581288973541	104,085145933865
56149,99902	0,500142499999981	2,047076538	1,00586794318664	103,981131609692
56159,99902	0,499486900000022	2,041784058	1,00586281902773	103,71230040128
56169,99902	0,499755100000016	2,04359082	1,00586803620768	103,804074770153
56179,99902	0,500589600000012	2,047538818	1,00571191089741	104,004613094936
56189,99902	0,499486900000022	2,042463013	1,00553240429909	103,746787880327
56199,99902	0,4993379	2,041271851	1,00583161296998	103,686282877025
56209,99902	0,500589600000012	2,050261719	1,00585797593239	104,1429226901
56219,99902	0,499427299999979	2,042939331	1,00595830162267	103,77098242495
56229,99902	0,500470399999983	2,049175537	1,00581838497825	104,087750139686
56239,99902	0,500470399999983	2,04700415	1,00569076511495	103,977454665515
56249,99902	0,499397499999986	2,042588989	1,00574749594555	103,753186823792
56259,99902	0,499755100000016	2,044802856	1,00561456588126	103,865640067049
56269,99902	0,501096200000006	2,05402832	1,00587269426118	104,334246965002
56279,99902	0,499278300000014	2,04079248	1,00560934970154	103,661933255448
56289,99902	0,500410699999975	2,048696777	1,00570874418121	104,063431553817
56299,99902	0,500172299999974	2,04709375	1,00559910238394	103,982005892213
56309,99902	0,500410699999975	2,04877417	1,00603207930869	104,067362726672
56319,99902	0,499993500000016	2,043200073	1,00568778444082	103,784226799411
56329,99902	0,501334600000007	2,055206543	1,00589849709691	104,394094732565
56339,99902	0,500976999999978	2,05302124	1,00592430093286	104,283092395997
56349,99902	0,499844499999995	2,046142212	1,00573771473337	103,933672575811
56359,99902	0,50026170000001	2,046438843	1,00582881833792	103,948739929903
56369,99902	0,501066400000013	2,054581543	1,00578214878285	104,36234789455
56379,99902	0,500589600000012	2,05010083	1,00580487792341	104,134750342866
56389,99902	0,500410699999975	2,04781897	1,00602974978183	104,018843399197
56399,99902	0,500559800000019	2,049037109	1,00562071427182	104,080718697618
56409,99902	0,500589600000012	2,049525391	1,00590771918263	104,105520952913
56419,99902	0,500500199999976	2,046416504	1,00609356021359	103,94760522172
56429,99902	0,500738599999977	2,050691895	1,00565778865679	104,164773454564
56439,99902	0,500172299999974	2,047584717	1,00582853927481	104,006944531925
56449,99902	0,500172299999974	2,04844165	1,00572336848873	104,05047239295
56459,99902	0,501483600000029	2,055761719	1,00577208850755	104,422294864631
56469,99902	0,500649199999998	2,051746094	1,00577162240214	104,218321430386
56479,99902	0,501304800000014	2,056113281	1,00581978229428	104,440152435617
56489,99902	0,501155799999992	2,052422119	1,0057502905776	104,252660080256
56499,99902	0,500738599999977	2,052529053	1,0059282128176	104,258091786458
56509,99902	0,501006800000027	2,050861816	1,00586077056444	104,173404581704
56519,99902	0,501245200000028	2,053254395	1,005833010286	104,294935490425
56529,99902	0,500738599999977	2,05193335	1,00590809226701	104,227833087824
56539,99902	0,500738599999977	2,055353271	1,00591358851007	104,401547772642
56549,99902	0,500976999999978	2,05461377	1,00571973566711	104,363984863108
56559,99902	0,500470399999983	2,050835693	1,00609607578253	104,172077665465
56569,99902	0,500172299999974	2,046870728	1,00564418858091	103,970677502921
56579,99902	0,500887599999999	2,053177246	1,0058660797652	104,291016711536
56589,99902	0,500738599999977	2,050953613	1,00575234004112	104,178067404886
56599,99902	0,500589600000012	2,049635254	1,00586198083816	104,111101437497
56609,99902	0,500172299999974	2,048763672	1,0056036674164	104,066829481384
56619,99902	0,501423999999986	2,057199951	1,00586803620768	104,495349773963
56629,99902	0,500351099999989	2,048580322	1,00561158520713	104,057516228984
56639,99902	0,500470399999983	2,049940918	1,00568834356728	104,126627622289
56649,99902	0,500828000000013	2,051533203	1,00581251665103	104,207507644639
56659,99902	0,500082899999995	2,048862061	1,00607968007437	104,071827144816
56669,99902	0,498741800000005	2,041792725	1,00580413275488	103,712740641032
56679,99902	0,498503400000004	2,041572754	1,00587194809242	103,701567227104
56689,99902	0,500470399999983	2,046540283	1,0058817293046	103,9538925687
56699,99902	0,499725300000023	2,044297607	1,00600012708217	103,839975973993
56709,99902	0,500142499999981	2,046339722	1,005837016192	103,943705084574
56719,99902	0,500887599999999	2,052296143	1,00574144057603	104,246261136791
56729,99902	0,500470399999983	2,049368896	1,00586431036502	104,097571798649
56739,99902	0,500589600000012	2,050975342	1,00579882355412	104,179171128156
56749,99902	0,500351099999989	2,04903418	1,00588433789457	104,080569919236
56759,99902	0,500470399999983	2,048336182	1,00583673612866	104,045115152131
56769,99902	0,499725300000023	2,044535645	1,0059141466363	103,852067100117
56779,99902	0,500023300000009	2,046780029	1,00581624249369	103,966070452583
56789,99902	0,499486900000022	2,042512207	1,00575504065191	103,749286686646
56799,99902	0,500142499999981	2,045852661	1,00573706258588	103,918964849901
56809,99902	0,498414000000025	2,040109375	1,00619509717782	103,627234977396
56819,99902	0,500082899999995	2,045221436	1,00607874886376	103,886901813379
56829,99902	0,4993379	2,042432861	1,00584335062464	103,745256311271
56839,99902	0,500828000000013	2,051940186	1,0058023633547	104,22818032204
56849,99902	0,501215399999978	2,05718042	1,00575196695674	104,494357697973
56859,99902	0,501304800000014	2,056384521	1,0058432576036	104,453930055366
56869,99902	0,501096200000006	2,055214844	1,00593734188228	104,394516381368
56879,99902	0,501573000000008	2,060840332	1,00607390476819	104,680262711434
56889,99902	0,500768400000027	2,054041992	1,0056673838269	104,334941433433
56899,99902	0,501573000000008	2,059564941	1,00567725806011	104,615479301062
56909,99902	0,500828000000013	2,053365967	1,0059063218666	104,300602783563
56919,99902	0,500470399999983	2,048499023	1,00587297332429	104,05338665109
56929,99902	0,499814700000002	2,043725708	1,00599025284895	103,810926398131
56939,99902	0,500500199999976	2,049602051	1,00607968007437	104,109414893077
56949,99902	0,501632599999994	2,056525635	1,00571070062369	104,461097932646
56959,99902	0,501096200000006	2,053766602	1,00585201358391	104,32095301468
56969,99902	0,502169100000003	2,063603271	1,00590222293956	104,820606034439
56979,99902	0,500976999999978	2,053056152	1,00564782140254	104,284865748971
56989,99902	0,500678999999991	2,049775635	1,00590175783437	104,118232082085
56999,99902	0,501394199999993	2,055296387	1,00608135745374	104,398658353228
57009,99902	0,501751899999988	2,061623047	1,00578866925756	104,720020673541
57019,99902	0,500768400000027	2,053133301	1,00576323850598	104,288784527861
57029,99902	0,502169100000003	2,0623396	1,00571489157154	104,756417940773
57039,99902	0,501334600000007	2,056686035	1,00593370906066	104,469245441154
57049,99902	0,501811499999974	2,05947998	1,00566999241687	104,611163712094
57059,99902	0,501423999999986	2,057830078	1,00560403950055	104,527357037639
57069,99902	0,501841300000024	2,060024414	1,00576500890639	104,638818204907
57079,99902	0,500917399999992	2,053239502	1,00570399310668	104,294179001371
57089,99902	0,501006800000027	2,050576416	1,00584130116112	104,158907705593
57099,99902	0,501394199999993	2,05685376	1,00587427761928	104,477765022604
57109,99902	0,500559800000019	2,04814624	1,00604279173147	104,035467059481
57119,99902	0,501006800000027	2,052611084	1,00608200960123	104,262258546249
57129,99902	0,500828000000013	2,051149658	1,00580012684888	104,18802549906
57139,99902	0,501155799999992	2,05313623	1,00581540430412	104,288933306243
57149,99902	0,501394199999993	2,054212402	1,00585518130034	104,343597399299
57159,99902	0,501632599999994	2,055557129	1,00581391396706	104,411902727688
57169,99902	0,501543200000015	2,056489746	1,00575448252568	104,459274953015
57179,99902	0,501722099999995	2,056782959	1,00602798038165	104,474168689998
57189,99902	0,500828000000013	2,051228271	1,00587297332429	104,192018641743
57199,99902	0,501006800000027	2,053082275	1,00575392339922	104,286192665211
57209,99902	0,501096200000006	2,053584961	1,00597665277308	104,311726570834
57219,99902	0,500828000000013	2,050452393	1,00574078842854	104,152607964647
57229,99902	0,50190090000001	2,057531006	1,00583319632808	104,512165693097
57239,99902	0,501423999999986	2,056196533	1,00595690430664	104,444381216031
57249,99902	0,501811499999974	2,058779053	1,00606682516702	104,575560166607
57259,99902	0,501662399999987	2,059289795	1,00574162661811	104,601503276274
57269,99902	0,500500199999976	2,050666748	1,00588536212622	104,163496114187
57279,99902	0,501990299999989	2,060643066	1,00599733245012	104,670242596637
57289,99902	0,501841300000024	2,059894043	1,00559043942467	104,632196017677
57299,99902	0,501394199999993	2,056806641	1,00601056044185	104,475371615787
57309,99902	0,500976999999978	2,053220947	1,00569393283138	104,293236501244
57319,99902	0,500470399999983	2,050115967	1,00589384004364	104,135519225885
57329,99902	0,500321299999996	2,047863281	1,00595560001165	104,02109417382
57339,99902	0,501483600000029	2,055780273	1,00583450062307	104,423237313964
57349,99902	0,501483600000029	2,05608374	1,00583999686613	104,438651902271
57359,99902	0,499814700000002	2,044206299	1,00568424464024	103,835337989536
57369,99902	0,500321299999996	2,048498535	1,00604046320484	104,053361863158
57379,99902	0,500351099999989	2,050594238	1,00581680162015	104,159812973028
57389,99902	0,500917399999992	2,05097168	1,00585322485785	104,178985117082
57399,99902	0,500500199999976	2,048718262	1,00589234870635	104,064522883121
57409,99902	0,501543200000015	2,056176514	1,00575131480925	104,443364352111
57419,99902	0,501066400000013	2,053971924	1,00590846435116	104,33138233352
57429,99902	0,500828000000013	2,051252441	1,00580133812283	104,193246355463
57439,99902	0,500768400000027	2,053008057	1,00565294556145	104,282422766292
57449,99902	0,501245200000028	2,056624268	1,00600627547273	104,466107990044
57459,99902	0,500917399999992	2,051675781	1,00577078421257	104,214749885711
57469,99902	0,501632599999994	2,05794165	1,00582676887441	104,533024330777
57479,99902	0,499516700000015	2,04570874	1,00573072815324	103,911654391223
57489,99902	0,500589600000012	2,050198486	1,00586719801811	104,139710773607
57499,99902	0,500321299999996	2,047921387	1,00572979694263	104,024045664652
57509,99902	0,500023300000009	2,047302124	1,00579528375354	103,992590237212
57519,99902	0,50026170000001	2,048912842	1,00585145445745	104,074406562706
57529,99902	0,499904099999981	2,047448853	1,00600506419878	104,000043328085
57539,99902	0,500470399999983	2,050212891	1,00592961013362	104,14044247473
57549,99902	0,500738599999977	2,05238623	1,00582276396863	104,250837100625
57559,99902	0,501304800000014	2,055776367	1,00581549732516	104,423038908925
57569,99902	0,501304800000014	2,057655518	1,00594628490489	104,518490272769
57579,99902	0,501304800000014	2,055319824	1,00586924748163	104,399848834256
57589,99902	0,500678999999991	2,053037354	1,00585462217388	104,283910905674
57599,99902	0,500500199999976	2,051085449	1,00571209693949	104,184764006705
57609,99902	0,500768400000027	2,054092285	1,00583683014993	104,337496063392
57619,99902	0,500917399999992	2,053468506	1,00588703950559	104,305811246
57629,99902	0,501334600000007	2,057673096	1,00583161296998	104,519383146239
57639,99902	0,501066400000013	2,054663574	1,00577860898227	104,36651465434
57649,99902	0,501006800000027	2,055352539	1,00579155691065	104,401510590745
57659,99902	0,500678999999991	2,053928711	1,00580171120721	104,329187331742
57669,99902	0,502228699999989	2,064856934	1,0059147987838	104,884285772337
57679,99902	0,501155799999992	2,055412109	1,00597972646824	104,40453644537
57689,99902	0,500887599999999	2,052423828	1,00563217186314	104,25274688881
57699,99902	0,501245200000028	2,055397461	1,00590194387645	104,403792401077
57709,99902	0,500470399999983	2,049316406	1,00587800346194	104,094905572205
57719,99902	0,501334600000007	2,054388184	1,00565685744618	104,352526235587
57729,99902	0,501245200000028	2,056170898	1,00572970292137	104,443079087723
57739,99902	0,501841300000024	2,058395264	1,00601130561038	104,556065627064
57749,99902	0,501215399999978	2,05423291	1,00558922815072	104,344639101945
57759,99902	0,500142499999981	2,046069092	1,00569169732579	103,929958449738
57769,99902	0,501066400000013	2,05287207	1,00609076558154	104,275515314675
57779,99902	0,501304800000014	2,053810059	1,00575988474748	104,323160410423
57789,99902	0,501096200000006	2,054215576	1,00587148298723	104,343758622441
57799,99902	0,501573000000008	2,056213379	1,00567418436495	104,445236907604
57809,99902	0,500678999999991	2,051012939	1,00551368106453	104,181080865546
57819,99902	0,501245200000028	2,054250488	1,00603515300385	104,345531975415
57829,99902	0,501543200000015	2,057690674	1,00604726274267	104,520276019708
57839,99902	0,501006800000027	2,053495605	1,00570306189607	104,307187738101
57849,99902	0,500917399999992	2,052660645	1,00586924748163	104,264775994311
57859,99902	0,502079700000024	2,060277588	1,00568899571477	104,651678163255
57869,99902	0,501543200000015	2,057033691	1,00574889326157	104,486904607101
57879,99902	0,50213930000001	2,063585205	1,00589123145366	104,819688373038
57889,99902	0,50213930000001	2,062964844	1,0060401831415	104,788177172754
57899,99902	0,50213930000001	2,061018799	1,00581503221997	104,689327932138
57909,99902	0,501841300000024	2,0584104	1,00585406304743	104,556834459288
57919,99902	0,500500199999976	2,04840332	1,00574078842854	104,048525422868
57929,99902	0,501841300000024	2,058233643	1,00583068175937	104,547856097933
57939,99902	0,501334600000007	2,054884277	1,00584316458256	104,377725250165
57949,99902	0,501811499999974	2,059456055	1,00579137086857	104,609948443135
57959,99902	0,501841300000024	2,058007324	1,00593743490332	104,53636023772
57969,99902	0,500828000000013	2,052215088	1,00587958682004	104,242143952862
57979,99902	0,501245200000028	2,05128418	1,00584577217231	104,19485853609
57989,99902	0,501811499999974	2,057948486	1,00572336848873	104,533371564992
57999,99902	0,502496899999983	2,062182129	1,00582593068484	104,748419210647
58009,99902	0,501543200000015	2,056220703	1,00580739349235	104,445608929751
58019,99902	0,501006800000027	2,052167969	1,00583487370744	104,239750546046
58029,99902	0,502169100000003	2,059046875	1,00567334517515	104,589164169249
58039,99902	0,502407500000004	2,063297607	1,00580133812283	104,805079849647
58049,99902	0,501006800000027	2,054729004	1,00577842294019	104,369838167319
58059,99902	0,500678999999991	2,052773682	1,00576892079112	104,270517702037
58069,99902	0,500500199999976	2,050119873	1,00598913559627	104,135717630924
58079,99902	0,50246709999999	2,062992188	1,00595569303269	104,789566109615
58089,99902	0,501215399999978	2,054066895	1,00580711342901	104,336206379845
58099,99902	0,500917399999992	2,051749756	1,00560823144863	104,218507441459
58109,99902	0,501483600000029	2,056686279	1,00589411910675	104,46925783512
58119,99902	0,500917399999992	2,051794189	1,00591209717278	104,220764413064
58129,99902	0,501811499999974	2,059637451	1,00587092386077	104,619162442221
58139,99902	0,50246709999999	2,064155029	1,00586188781712	104,848632549398
58149,99902	0,502496899999983	2,063678223	1,00552588382438	104,824413216844
58159,99902	0,501423999999986	2,055811279	1,00596416994988	104,424812261899
58169,99902	0,500887599999999	2,052613525	1,00572718835266	104,262382536699
58179,99902	0,501334600000007	2,052911865	1,00600879104167	104,277536699345
58189,99902	0,500559800000019	2,0500896	1,00570613559123	104,13417991568
58199,99902	0,501751899999988	2,05653125	1,00570632163331	104,461383146239
58209,99902	0,50190090000001	2,059651855	1,00593184563922	104,619894092548
58219,99902	0,501334600000007	2,055619385	1,00600879104167	104,415065017524
58229,99902	0,501573000000008	2,055626953	1,00580515798675	104,415449433636
58239,99902	0,501632599999994	2,058198242	1,00567809624968	104,546057906233
58249,99902	0,50270549999999	2,065653564	1,00576016481082	104,924750546046
58259,99902	0,501841300000024	2,061440674	1,005883499705	104,710757047798
58269,99902	0,501483600000029	2,058906494	1,00557367163236	104,582033524661
58279,99902	0,502884300000005	2,069325684	1,00596091021264	105,111275664144
58289,99902	0,501334600000007	2,057846924	1,0057518739357	104,528212729212
58299,99902	0,501394199999993	2,057345459	1,00580869778734	104,502740844212
58309,99902	0,501722099999995	2,060055908	1,00591396059423	104,640417940773
58319,99902	0,502318100000025	2,063143799	1,00578401220429	104,797267181389
58329,99902	0,502496899999983	2,065527344	1,0057384599019	104,918339208615
58339,99902	0,502407500000004	2,066611084	1,00552150583422	104,973387717783
58349,99902	0,502586300000019	2,066004639	1,00582947048542	104,942583379895
58359,99902	0,502169100000003	2,063942871	1,00581009510336	104,837855996343
58369,99902	0,50213930000001	2,063393555	1,0057999408068	104,809953522629
58379,99902	0,501662399999987	2,060132813	1,00576957293862	104,644324325697
58389,99902	0,501632599999994	2,059660889	1,00593892624061	104,620352974044
58399,99902	0,502169100000003	2,060902832	1,0061465642013	104,683437395235
58409,99902	0,501751899999988	2,057722656	1,00569057907288	104,521900543506
58419,99902	0,501096200000006	2,053774902	1,00570855713891	104,321374612689
58429,99902	0,501841300000024	2,059910645	1,00601549755845	104,633039315284
58439,99902	0,501662399999987	2,056981689	1,00586915346037	104,484263168588
58449,99902	0,501811499999974	2,060951904	1,0058660797652	104,685930004572
58459,99902	0,502377700000011	2,060880127	1,00600254963007	104,682284096104
58469,99902	0,502228699999989	2,061391113	1,00580515798675	104,708239599736
58479,99902	0,501990299999989	2,059634521	1,00607315959966	104,619013613044
58489,99902	0,501543200000015	2,055888184	1,00588825077953	104,428718646823
58499,99902	0,501990299999989	2,06010498	1,00565816174117	104,642910550109
58509,99902	0,501811499999974	2,060908447	1,00591750039481	104,683722608828
58519,99902	0,501215399999978	2,054295898	1,00579742623809	104,347838573678
58529,99902	0,501483600000029	2,057119385	1,00583794740261	104,49125742876
58539,99902	0,501215399999978	2,052796631	1,00557106304239	104,271683395134
58549,99902	0,501990299999989	2,061932861	1,00606859556743	104,735757657337
58559,99902	0,501960499999996	2,060102539	1,00566207362591	104,642786559659
58569,99902	0,501215399999978	2,056180664	1,00578177569847	104,443575151115
58579,99902	0,500828000000013	2,052312256	1,00580124510179	104,247079595672
58589,99902	0,501394199999993	2,055667236	1,00567986665009	104,417495606238
58599,99902	0,501155799999992	2,055889648	1,00574926534573	104,428793010616
58609,99902	0,501722099999995	2,058792725	1,00584968505727	104,576254635038
58619,99902	0,502407500000004	2,06494751	1,00582863229585	104,888886574897
58629,99902	0,501960499999996	2,06128833	1,00597395116206	104,703018743333
58639,99902	0,500678999999991	2,052398682	1,00567315913307	104,251469599228
58649,99902	0,500887599999999	2,05449707	1,00587884165151	104,358057093513
58659,99902	0,500917399999992	2,053985107	1,00602620998124	104,332051963224
58669,99902	0,501423999999986	2,055889893	1,00596612639237	104,428805455377
58679,99902	0,502228699999989	2,063261719	1,0060844311489	104,803256920811
58689,99902	0,500768400000027	2,05019458	1,00567409134391	104,139512368568
58699,99902	0,501841300000024	2,059087891	1,00566235368925	104,591247574542
58709,99902	0,501543200000015	2,055494873	1,00563515253727	104,408740437852
58719,99902	0,501096200000006	2,053811279	1,00603384870886	104,323222380251
58729,99902	0,501304800000014	2,053529297	1,00577525522376	104,308899121248
58739,99902	0,502288299999975	2,059780762	1,00578596764655	104,626441915985
58749,99902	0,502973699999984	2,065821289	1,00579071872108	104,933270127495
58759,99902	0,501751899999988	2,059333008	1,00594842738945	104,603698278051
58769,99902	0,500976999999978	2,052204346	1,00574116151291	104,241598313608
58779,99902	0,501662399999987	2,055018311	1,00559621473085	104,384533499263
58789,99902	0,501751899999988	2,056223145	1,00591992294271	104,445732970996
58799,99902	0,501215399999978	2,052643311	1,00586114264859	104,263895514807
58809,99902	0,501394199999993	2,055796631	1,00593082140757	104,424068217606
58819,99902	0,501245200000028	2,052781738	1,00600599640962	104,27092690608
58829,99902	0,501990299999989	2,058787598	1,00602639702355	104,575994209377
58839,99902	0,501960499999996	2,057588623	1,00561652232374	104,515092345202
58849,99902	0,501573000000008	2,056444824	1,00587325238741	104,456993142683
58859,99902	0,501096200000006	2,05337207	1,00577050414923	104,300912785087
58869,99902	0,501215399999978	2,052994141	1,0057753482448	104,281715903896
58879,99902	0,501066400000013	2,05132251	1,00576575407492	104,196805506172
58889,99902	0,502496899999983	2,060438477	1,00567288006996	104,659850510489
58899,99902	0,501245200000028	2,051878174	1,00569970813756	104,22503042617
58909,99902	0,502079700000024	2,060106934	1,00586095660652	104,643009803424
58919,99902	0,501960499999996	2,0555354	1,00577516220272	104,410799004419
58929,99902	0,501960499999996	2,057076904	1,00578950744713	104,489099608879
58939,99902	0,503212200000007	2,067845947	1,00595709034872	105,036112510794
58949,99902	0,501990299999989	2,059500977	1,00585536734241	104,612230253467
58959,99902	0,501990299999989	2,058068359	1,00573948413355	104,539460506933
58969,99902	0,502377700000011	2,060218506	1,00571228398179	104,648677096561
58979,99902	0,502586300000019	2,062190186	1,0060631923454	104,748828465485
58989,99902	0,503242	2,067161377	1,00592765469137	105,001339818154
58999,99902	0,502288299999975	2,060316895	1,00594544671532	104,653674759994
59009,99902	0,501960499999996	2,057057129	1,00565778865679	104,488095138924
59019,99902	0,501811499999974	2,057998779	1,00580180422825	104,535926194951
59029,99902	0,501304800000014	2,053696533	1,00583822746595	104,317393863971
59039,99902	0,501811499999974	2,055199219	1,00590324817144	104,393722710418
59049,99902	0,502228699999989	2,058307373	1,00569886994799	104,55160120892
59059,99902	0,502377700000011	2,061195313	1,00593296389213	104,698293950323
59069,99902	0,502228699999989	2,062608154	1,00580515798675	104,770059125311
59079,99902	0,501990299999989	2,060874756	1,00575904655791	104,682011276477
59089,99902	0,503242	2,066688965	1,00586123566963	104,97734367857
59099,99902	0,501841300000024	2,058395996	1,00600935016812	104,55610280896
59109,99902	0,50270549999999	2,062954834	1,00574665775598	104,787668715396
59119,99902	0,501841300000024	2,05638916	1,0058991492444	104,454165693097
59129,99902	0,502645900000005	2,063504883	1,00582593068484	104,815608421801
59139,99902	0,501811499999974	2,058552979	1,00604279173147	104,564076751156
59149,99902	0,502169100000003	2,058756348	1,00573883198605	104,574406867476
59159,99902	0,501632599999994	2,057105469	1,00598345331113	104,490550566364
59169,99902	0,502318100000025	2,058448242	1,00578634073093	104,558756641439
59179,99902	0,501573000000008	2,056766846	1,00610436565741	104,473350231117
59189,99902	0,502288299999975	2,060512939	1,00597693183619	104,663632803373
59199,99902	0,502079700000024	2,059529541	1,00587148298723	104,613681160156
59209,99902	0,502169100000003	2,060879639	1,00587427761928	104,682259308173
59219,99902	0,501662399999987	2,057070068	1,00602006259091	104,488752374663
59229,99902	0,502169100000003	2,058513672	1,00579109180546	104,562080154417
59239,99902	0,501841300000024	2,058718018	1,00583776136053	104,572459897394
59249,99902	0,501811499999974	2,055410156	1,00580515798675	104,404437242851
59259,99902	0,501662399999987	2,054380859	1,00591107294114	104,352154162645
59269,99902	0,501990299999989	2,057428711	1,00597767800495	104,506969624625
59279,99902	0,501751899999988	2,056256592	1,00570734686518	104,447431909382
59289,99902	0,502794900000026	2,065146729	1,00603030890828	104,899005892213
59299,99902	0,501483600000029	2,055169189	1,00583403551787	104,392197338345
59309,99902	0,500738599999977	2,052962646	1,00575876749479	104,280116117235
59319,99902	0,502794900000026	2,063246826	1,00569272155743	104,802500431757
59329,99902	0,501960499999996	2,057729004	1,00587325238741	104,52222298979
59339,99902	0,503331399999979	2,069533691	1,00574162661811	105,1218413674
59349,99902	0,501990299999989	2,059554688	1,00589952232878	104,614958500533
59359,99902	0,501841300000024	2,057780273	1,00570436619106	104,524827195611
59369,99902	0,501543200000015	2,05454541	1,00580403973384	104,360512520953
59379,99902	0,501245200000028	2,051809082	1,00576510192743	104,221520902118
59389,99902	0,501811499999974	2,057986572	1,00558410499204	104,535306141108
59399,99902	0,501751899999988	2,058232666	1,00569998720068	104,547806471275
59409,99902	0,50213930000001	2,058515625	1,00583450062307	104,562179356936
59419,99902	0,502169100000003	2,05766748	1,00584288451922	104,519097881851
59429,99902	0,501722099999995	2,055903076	1,00576295944287	104,429475085082
59439,99902	0,500738599999977	2,052023682	1,00586514855459	104,232421496419
59449,99902	0,501811499999974	2,056831787	1,00604027616254	104,476648905369
59459,99902	0,501096200000006	2,050691406	1,00583422155995	104,164748615838
59469,99902	0,50270549999999	2,062115234	1,00589253574865	104,74502128308
59479,99902	0,501483600000029	2,052796875	1,00594880047383	104,271695789099
59489,99902	0,501573000000008	2,056894531	1,0060750230211	104,479835983136
59499,99902	0,501543200000015	2,053546875	1,00586589372312	104,309791994717
59509,99902	0,501960499999996	2,05614502	1,00580469188134	104,441764616244
59519,99902	0,50190090000001	2,057572998	1,00606887463054	104,514298674252
59529,99902	0,500976999999978	2,049755371	1,00613231197793	104,117202773404
59539,99902	0,499904099999981	2,049355469	1,00582052746281	104,096889774978
59549,99902	0,501006800000027	2,050910889	1,00593659671375	104,175897241835
59559,99902	0,500917399999992	2,049682617	1,00575001051426	104,113507238279
59569,99902	0,500589600000012	2,048364258	1,0059472161155	104,046541270889
59579,99902	0,502049899999975	2,059729492	1,00577385790773	104,623837659369
59589,99902	0,503331399999979	2,068793213	1,00600888406271	105,084228831208
59599,99902	0,501960499999996	2,057705078	1,00582266994737	104,521007670036
59609,99902	0,502407500000004	2,061746094	1,00583515277056	104,726270838624
59619,99902	0,501960499999996	2,059445801	1,00595131504254	104,609427591812
59629,99902	0,50190090000001	2,05715332	1,00581503221997	104,492981155077
59639,99902	0,502318100000025	2,059687744	1,00589365300133	104,62171707218
59649,99902	0,501841300000024	2,056954834	1,00564269824385	104,482899070453
59659,99902	0,502645900000005	2,06335376	1,00584353666671	104,807932137959
59669,99902	0,501304800000014	2,053461182	1,00577069119153	104,305439223853
59679,99902	0,501006800000027	2,052009033	1,0059472161155	104,231677401331
59689,99902	0,50213930000001	2,05792334	1,00590566971911	104,53209427541
59699,99902	0,501990299999989	2,059529297	1,00577646649771	104,613668766191
59709,99902	0,501751899999988	2,055871582	1,0057871789205	104,427875349215
59719,99902	0,501155799999992	2,050869629	1,00585918620611	104,173801442576
59729,99902	0,501632599999994	2,05315918	1,00589281481176	104,290099050135
59739,99902	0,501245200000028	2,051333008	1,00591535791025	104,19733875146
59749,99902	0,501543200000015	2,05544458	1,00543422109337	104,406185807894
59759,99902	0,501543200000015	2,054587891	1,0057675234751	104,362670340834
59769,99902	0,502824700000019	2,064402832	1,00570436619106	104,861219688119
59779,99902	0,501573000000008	2,057156982	1,00577525522376	104,49316716615
59789,99902	0,502407500000004	2,061536865	1,00585303881578	104,715643063951
59799,99902	0,502586300000019	2,060507324	1,00585704372155	104,66334758978
59809,99902	0,502169100000003	2,058805908	1,00564968482398	104,576924264743
59819,99902	0,501573000000008	2,056300537	1,00564409555988	104,449664093056
59829,99902	0,502973699999984	2,066021973	1,00580441281822	104,9434638594
59839,99902	0,503033399999993	2,066511963	1,00571014149724	104,968352872454
59849,99902	0,501394199999993	2,054650879	1,00578671281508	104,365869812567
59859,99902	0,502169100000003	2,061285889	1,0059085573722	104,702894752883
59869,99902	0,50246709999999	2,063114746	1,00578410522533	104,795791435973
59879,99902	0,501841300000024	2,059695557	1,00579090476316	104,622113933052
59889,99902	0,502735299999983	2,065699219	1,00598149686865	104,927069589069
59899,99902	0,502228699999989	2,061089355	1,00595802255955	104,692911819983
59909,99902	0,502914099999998	2,06607666	1,00582630376921	104,946241682328
59919,99902	0,501662399999987	2,05725415	1,00590417938205	104,49810280896
59929,99902	0,501662399999987	2,056782471	1,00568247423984	104,474143902067
59939,99902	0,501632599999994	2,055704834	1,00594898651591	104,419405394423
59949,99902	0,501155799999992	2,051592773	1,00580208329136	104,210533499263
59959,99902	0,501811499999974	2,056268555	1,00593193966048	104,448039569259
59969,99902	0,502228699999989	2,057833984	1,00587930775693	104,527555442678
59979,99902	0,502496899999983	2,059455322	1,00583105384352	104,609911210443
59989,99902	0,50270549999999	2,061966553	1,00589300085384	104,737469040484
59999,99902	0,502169100000003	2,0586875	1,00576342454806	104,57090973739
60009,99902	0,501006800000027	2,050593506	1,00582928444334	104,159775791131
60019,99902	0,502407500000004	2,058271973	1,00590576274015	104,549803068014
60029,99902	0,502049899999975	2,057949219	1,00583329034934	104,533408797684
60039,99902	0,501722099999995	2,056658691	1,00583738827616	104,467856504292
60049,99902	0,50213930000001	2,059953857	1,00596370484469	104,635234266267
60059,99902	0,502169100000003	2,058740234	1,00577274065505	104,5735883578
60069,99902	0,501662399999987	2,054993896	1,00590036051835	104,383293340783
60079,99902	0,502586300000019	2,059919189	1,00594358329388	104,633473307259
60089,99902	0,503033399999993	2,064029541	1,00566719778482	104,842258393864
60099,99902	0,503301599999986	2,069072998	1,00587185507138	105,098440493727
60109,99902	0,502824700000019	2,066497803	1,00603375568783	104,967633616092
60119,99902	0,502079700000024	2,06	1,0056477283815	104,637578097222
60129,99902	0,502288299999975	2,059927246	1,00583887861322	104,633882562097
60139,99902	0,501423999999986	2,055055176	1,00565350368768	104,386406054757
60149,99902	0,501543200000015	2,054187744	1,00565685744618	104,342344897648
60159,99902	0,50190090000001	2,05556958	1,00586757010226	104,412535175497
60169,99902	0,502586300000019	2,060289795	1,00582770108524	104,652298217098
60179,99902	0,502556500000026	2,059503418	1,00581065322959	104,612354243917
60189,99902	0,502496899999983	2,05872876	1,00558643351867	104,573005536649
60199,99902	0,502824700000019	2,062150146	1,00585005714142	104,746794636054
60209,99902	0,502824700000019	2,063849365	1,00590613582453	104,833106364606
60219,99902	0,502318100000025	2,061895996	1,00611666243853	104,733885101844
60229,99902	0,503242	2,067434814	1,00589458521217	105,015229034388
60239,99902	0,502824700000019	2,063676025	1,00580757953443	104,824301569564
60249,99902	0,503391000000022	2,069356934	1,00610445967868	105,112863006045
60259,99902	0,502377700000011	2,061091309	1,00591852562668	104,693011073297
60269,99902	0,503122800000028	2,066491455	1,00585322485785	104,967311169807
60279,99902	0,50270549999999	2,06244043	1,00579882355412	104,761539594656
60289,99902	0,502735299999983	2,062555176	1,00549765844075	104,767368110936
60299,99902	0,503122800000028	2,066487793	1,00573659648046	104,967125158734
60309,99902	0,503152600000021	2,068914307	1,00580338758635	105,090379793773
60319,99902	0,502169100000003	2,059706787	1,00580254939678	104,622684360238
60329,99902	0,50270549999999	2,061667969	1,00580571611298	104,722302483873
60339,99902	0,502228699999989	2,0612229	1,00584726250937	104,699695230355
60349,99902	0,502556500000026	2,061590576	1,00583599096013	104,718371311017
60359,99902	0,501751899999988	2,057602539	1,0058385995501	104,515799207599
60369,99902	0,50356979999998	2,070710938	1,00626673237928	105,1816395591
60379,99902	0,502735299999983	2,063253418	1,0057226233202	104,802835272007
60389,99902	0,502496899999983	2,062683838	1,00587520882989	104,773903489612
60399,99902	0,50213930000001	2,06108667	1,00577795683477	104,692775435567
60409,99902	0,502496899999983	2,059508545	1,00576398367452	104,612614669579
60419,99902	0,502884300000005	2,062114746	1,00597432424644	104,744996495149
60429,99902	0,501543200000015	2,053986572	1,00579593590103	104,332126377813
60439,99902	0,502586300000019	2,062147949	1,00563198582106	104,746683039569
60449,99902	0,501811499999974	2,054920654	1,00581391396706	104,379573017727
60459,99902	0,501215399999978	2,053549316	1,00580450583926	104,309915985168
60469,99902	0,500649199999998	2,051248535	1,00589868313898	104,193047950424
60479,99902	0,502228699999989	2,057135254	1,00576444977993	104,492063493676
60489,99902	0,501066400000013	2,052846191	1,00578000629829	104,274200792401
60499,99902	0,500172299999974	2,051477783	1,00574553950307	104,204692589018
60509,99902	0,502377700000011	2,060262451	1,00579779832225	104,650909280236
60519,99902	0,502496899999983	2,060595703	1,00582332209486	104,667836795855
60529,99902	0,501960499999996	2,058247559	1,00574535346099	104,548562960329
60539,99902	0,502079700000024	2,05994751	1,0058039467128	104,634911870778
60549,99902	0,50270549999999	2,062322998	1,0057312872797	104,755574643166
60559,99902	0,501334600000007	2,0536875	1,00595150108462	104,316935033271
60569,99902	0,502496899999983	2,061713379	1,00580888382941	104,724609082135
60579,99902	0,501751899999988	2,056378662	1,00584288451922	104,453632447808
60589,99902	0,502586300000019	2,063061279	1,00599826466096	104,793075582872
60599,99902	0,502288299999975	2,061391602	1,00587446366135	104,708264438462
60609,99902	0,501811499999974	2,057576416	1,00572569801559	104,51447229136
60619,99902	0,501215399999978	2,052745117	1,00598485062715	104,269066744552
60629,99902	0,502824700000019	2,064130127	1,0057691068332	104,847367653782
60639,99902	0,501662399999987	2,055992432	1,00588648037913	104,434013917814
60649,99902	0,502288299999975	2,058116943	1,0059742312254	104,541928328338
60659,99902	0,503391000000022	2,066495605	1,00580990806106	104,967521968812
60669,99902	0,502824700000019	2,064731201	1,005769946023	104,877899172042
60679,99902	0,502228699999989	2,059353271	1,00553892577403	104,604727535937
60689,99902	0,502884300000005	2,063865234	1,00602397447565	104,833912429522
60699,99902	0,502824700000019	2,06236499	1,00571573076134	104,757707624321
60709,99902	0,502318100000025	2,06149707	1,00578112355098	104,713621679281
60719,99902	0,503033399999993	2,065552979	1,00567912148156	104,919641336923
60729,99902	0,50356979999998	2,070078125	1,00584428183525	105,149495860212
60739,99902	0,502169100000003	2,06021167	1,0057999408068	104,648329862346
60749,99902	0,50356979999998	2,067397949	1,00599397969184	105,013356478895
60759,99902	0,502377700000011	2,061024414	1,00605192079616	104,689613145731
60769,99902	0,502914099999998	2,060539063	1,00581763980972	104,664959770407
60779,99902	0,502228699999989	2,057055664	1,0055855953291	104,488020724336
60789,99902	0,502914099999998	2,062344482	1,00583440760203	104,756665921674
60799,99902	0,503450600000008	2,066529541	1,00590706703514	104,969245745924
60809,99902	0,502288299999975	2,057736328	1,00584893988874	104,522595011937
60819,99902	0,503122800000028	2,063887207	1,00589626159131	104,835028546757
60829,99902	0,502914099999998	2,062928223	1,00563627079018	104,786317011226
60839,99902	0,50356979999998	2,067444336	1,00590548367703	105,015712703815
60849,99902	0,503152600000021	2,064487549	1,00606840852513	104,865522883121
60859,99902	0,502556500000026	2,059428223	1,00576631220115	104,608534718342
60869,99902	0,502884300000005	2,061395508	1,00569998720068	104,708462843501
60879,99902	0,503122800000028	2,062317627	1,00585695070051	104,755301823538
60889,99902	0,502049899999975	2,057619629	1,00603748153049	104,516667293138
60899,99902	0,502496899999983	2,05841748	1,00591470576276	104,557194087469
60909,99902	0,50246709999999	2,059782959	1,00583915867656	104,62655351247
60919,99902	0,502288299999975	2,0583479	1,00598466358485	104,553659775486
60929,99902	0,502556500000026	2,060009033	1,00586077056444	104,638036927922
60939,99902	0,502735299999983	2,061798096	1,00581382094602	104,728912277137
60949,99902	0,501811499999974	2,054455322	1,00583189303332	104,355936506324
60959,99902	0,503033399999993	2,063412109	1,00585760284801	104,810895971961
60969,99902	0,504046599999981	2,071449707	1,00577860898227	105,219165286737
60979,99902	0,50246709999999	2,05999585	1,00569467799991	104,637367298217
60989,99902	0,501841300000024	2,053425293	1,00573398889071	104,303616244222
60999,99902	0,501662399999987	2,052750244	1,00592048106894	104,269327170214
61009,99902	0,502288299999975	2,057323486	1,0057226233202	104,501624726977
61019,99902	0,503122800000028	2,061279785	1,00569970813756	104,702584700564
61029,99902	0,502735299999983	2,060662109	1,00578457033052	104,671209884695
61039,99902	0,501722099999995	2,052106689	1,00572420767853	104,236637832072
61049,99902	0,502079700000024	2,053690918	1,00576836166467	104,317108650378
61059,99902	0,502288299999975	2,057880615	1,00595718336976	104,529924061563
61069,99902	0,50213930000001	2,057339844	1,00588154326252	104,502455630619
61079,99902	0,503331399999979	2,066648682	1,00581372792498	104,975297505968
61089,99902	0,502824700000019	2,065237305	1,00588890292703	104,903606694773
61099,99902	0,504404299999976	2,075919922	1,00585164149975	105,446229593133
61109,99902	0,502914099999998	2,0655979	1,00562378796699	104,92192309646
61119,99902	0,503033399999993	2,063187256	1,00583273122289	104,799474577132
61129,99902	0,502735299999983	2,063169434	1,00604651757413	104,798569309697
61139,99902	0,502318100000025	2,058183105	1,0061018510887	104,545289023213
61149,99902	0,501394199999993	2,052193115	1,0057485201772	104,241027835628
61159,99902	0,502288299999975	2,059939941	1,00588880890576	104,634527403871
61169,99902	0,502735299999983	2,062659668	1,00600310875653	104,772675775893
61179,99902	0,501662399999987	2,054832764	1,00591545093129	104,375108650378
61189,99902	0,501841300000024	2,053733154	1,00581391396706	104,319254025499
61199,99902	0,50246709999999	2,057493164	1,00573482708028	104,510243510946
61209,99902	0,503301599999986	2,065643799	1,00587716527237	104,924254533448
61219,99902	0,503986999999995	2,071036865	1,00591871166876	105,198195001778
61229,99902	0,503629400000023	2,066874023	1,00584353666671	104,986743688729
61239,99902	0,503539999999987	2,06795166	1,00590669495098	105,041482196373
61249,99902	0,503152600000021	2,066748047	1,00602183199109	104,980344745263
61259,99902	0,502496899999983	2,0620271	1,00601214379995	104,740544521766
61269,99902	0,503391000000022	2,06477832	1,00592560522785	104,880292578859
61279,99902	0,502556500000026	2,061647705	1,00583869257114	104,721273175192
61289,99902	0,502556500000026	2,061344971	1,00584213935069	104,705895819576
61299,99902	0,502377700000011	2,06009668	1,00568750537771	104,6424889521
61309,99902	0,502079700000024	2,057072021	1,00588927501118	104,488851577183
61319,99902	0,501543200000015	2,053585205	1,0057990095962	104,311738964799
61329,99902	0,502496899999983	2,06093457	1,00574339701851	104,685049525067
61339,99902	0,50356979999998	2,06660791	1,00619938214693	104,973226494641
61349,99902	0,502079700000024	2,056972656	1,00601223782121	104,483804337888
61359,99902	0,501304800000014	2,050851807	1,00587995990442	104,172896175141
61369,99902	0,503212200000007	2,065091064	1,00602406749669	104,896178391832
61379,99902	0,502586300000019	2,061637451	1,00581875806263	104,720752323869
61389,99902	0,503033399999993	2,062140381	1,00552886449851	104,746298623457
61399,99902	0,502556500000026	2,059171143	1,00575364333588	104,595476354955
61409,99902	0,502049899999975	2,05699707	1,00589700675984	104,485044445573
61419,99902	0,503301599999986	2,065408936	1,0060424186471	104,912324681262
61429,99902	0,502288299999975	2,059085449	1,00592607033304	104,591123533296
61439,99902	0,502824700000019	2,064006592	1,00574665775598	104,841092700767
61449,99902	0,501960499999996	2,055387451	1,00582891135896	104,403283943719
61459,99902	0,502288299999975	2,0584729	1,00587325238741	104,560009143089
61469,99902	0,502645900000005	2,060711914	1,00592635039638	104,673739726723
61479,99902	0,502496899999983	2,061150391	1,0057990095962	104,696012139991
61489,99902	0,502556500000026	2,059082275	1,00576044387393	104,590962310154
61499,99902	0,502407500000004	2,057590332	1,0060544363651	104,515179153756
61509,99902	0,501662399999987	2,053520264	1,00590669495098	104,308440290547
61519,99902	0,502735299999983	2,060969482	1,00597357907791	104,686822878041
61529,99902	0,503122800000028	2,063350342	1,005837016192	104,807758520851
61539,99902	0,502586300000019	2,059422852	1,00570110545359	104,608261898715
61549,99902	0,502169100000003	2,056561523	1,00578214878285	104,462920861482
61559,99902	0,502407500000004	2,059112549	1,00567772416553	104,592500076192
61569,99902	0,501483600000029	2,052649414	1,00592886496509	104,264205516331
61579,99902	0,502824700000019	2,060305908	1,00564074180137	104,653116675979
61589,99902	0,502169100000003	2,056758789	1,00597795706806	104,472940976279
61599,99902	0,50213930000001	2,057229004	1,00592979717593	104,496825519378
61609,99902	0,503063199999985	2,064441406	1,00615383084477	104,863179052166
61619,99902	0,502496899999983	2,060347656	1,00580413275488	104,655237263169
61629,99902	0,501751899999988	2,053833008	1,00583207907539	104,32432610352
61639,99902	0,502824700000019	2,062426025	1,0060890892024	104,760807893534
61649,99902	0,50246709999999	2,059334717	1,00564679717089	104,603785086605
61659,99902	0,502496899999983	2,060888184	1,00589682071776	104,682693350942
61669,99902	0,502735299999983	2,063229492	1,00588312662062	104,801619952253
61679,99902	0,502049899999975	2,058002686	1,00576798958052	104,536124650785
61689,99902	0,502079700000024	2,056533936	1,00577069119153	104,46151958145
61699,99902	0,502228699999989	2,056302734	1,00573147332177	104,449775689541
61709,99902	0,502079700000024	2,05729126	1,00573836688086	104,499987809214
61719,99902	0,502496899999983	2,059599854	1,00593920530373	104,617252704831
61729,99902	0,502645900000005	2,060575928	1,005883499705	104,6668323259
61739,99902	0,502079700000024	2,056523682	1,00578391818303	104,460998730126
61749,99902	0,500887599999999	2,050637695	1,00597516243601	104,162020368771
61759,99902	0,502169100000003	2,058870117	1,00581326181957	104,580185757099
61769,99902	0,502556500000026	2,059672363	1,00584018290821	104,620935795195
61779,99902	0,50213930000001	2,057156982	1,00591861864772	104,49316716615
61789,99902	0,501394199999993	2,051899658	1,00595299242191	104,226121704678
61799,99902	0,499159099999986	2,046221069	1,005980472637	103,93767811246
61809,99902	0,500768400000027	2,048818848	1,00599099801749	104,069632143039
61819,99902	0,501751899999988	2,051848633	1,00573985721793	104,223529892823
61829,99902	0,502914099999998	2,059769287	1,00576947991758	104,625859044039
61839,99902	0,50190090000001	2,052960205	1,00579528375354	104,279992126784
61849,99902	0,501394199999993	2,049225586	1,00573575829089	104,090292375679
61859,99902	0,502377700000011	2,059094727	1,00579761228017	104,591594808757
61869,99902	0,502735299999983	2,060337646	1,00589598252819	104,654728805811
61879,99902	0,50213930000001	2,054811523	1,00578224180389	104,37402971504
61889,99902	0,501006800000027	2,049615234	1,00608461719098	104,110084522782
61899,99902	0,500410699999975	2,050912598	1,00576538099054	104,175984050389
61909,99902	0,502407500000004	2,057362061	1,00585061626788	104,503584141819
61919,99902	0,501722099999995	2,052994141	1,0058140069881	104,281715903896
61929,99902	0,502824700000019	2,061271973	1,00566999241687	104,702187890486
61939,99902	0,501751899999988	2,055021729	1,00581065322959	104,384707116371
61949,99902	0,502318100000025	2,0575896	1,00590725407744	104,51514197186
61959,99902	0,501960499999996	2,055417236	1,00565098911897	104,404796871032
61969,99902	0,502824700000019	2,061520508	1,00588387178915	104,714812211104
61979,99902	0,503212200000007	2,063631592	1,00590529763496	104,822044597958
61989,99902	0,50270549999999	2,061679199	1,00578857623652	104,722872911058
61999,99902	0,501990299999989	2,057249023	1,00566859510084	104,497842383299
62009,99902	0,502794900000026	2,062362793	1,00594693705239	104,757596027836
62019,99902	0,501006800000027	2,05007251	1,00571060660243	104,133311830142
62029,99902	0,502556500000026	2,059964111	1,00577823589789	104,63575511759
62039,99902	0,502169100000003	2,05861792	1,00586216788046	104,567375425408
62049,99902	0,502049899999975	2,056122314	1,00597534847809	104,440611266318
62059,99902	0,501304800000014	2,049640625	1,00588620131602	104,111374257124
62069,99902	0,501543200000015	2,049537598	1,00592662945949	104,106141006756
62079,99902	0,50190090000001	2,055435791	1,0058021763124	104,405739371159
62089,99902	0,501245200000028	2,050741943	1,00614684426464	104,167315639762
62099,99902	0,501632599999994	2,050945313	1,00575084970406	104,177645806878
62109,99902	0,50213930000001	2,052986328	1,0057983574487	104,281319043023
62119,99902	0,502049899999975	2,05399292	1,00594423544137	104,332448824097
62129,99902	0,502824700000019	2,059192139	1,00595038383193	104,596542845533
62139,99902	0,502377700000011	2,055774902	1,00584595921461	104,422964494336
62149,99902	0,502407500000004	2,05835083	1,00605471542821	104,553808604663
62159,99902	0,50190090000001	2,053093018	1,00589262876969	104,28673835526
62169,99902	0,502228699999989	2,054963867	1,00591489180483	104,381768019505
62179,99902	0,501662399999987	2,050895752	1,00553156610952	104,175128358815
62189,99902	0,502228699999989	2,053810059	1,00583273122289	104,323160410423
62199,99902	0,50190090000001	2,052639893	1,00585750982697	104,263721897699
62209,99902	0,502049899999975	2,053135254	1,00594414242033	104,28888373038
62219,99902	0,50270549999999	2,058140625	1,00585164149975	104,543131254127
62229,99902	0,501960499999996	2,052950439	1,00571778022486	104,279496063392
62239,99902	0,502884300000005	2,060521484	1,00590175783437	104,664066846142
62249,99902	0,501751899999988	2,051220703	1,0057210399621	104,191634225631
62259,99902	0,502884300000005	2,059228516	1,00570874418121	104,598390613095
62269,99902	0,502586300000019	2,057524414	1,00549924179885	104,511830852847
62279,99902	0,502049899999975	2,055194336	1,0058045988603	104,393474678722
62289,99902	0,501573000000008	2,05151709	1,00574274487102	104,206689185757
62299,99902	0,502645900000005	2,057635986	1,00560981480673	104,517498145985
62309,99902	0,502914099999998	2,06091626	1,00587027171328	104,684119469701
62319,99902	0,50246709999999	2,058332275	1,00613072861983	104,552866104536
62329,99902	0,502496899999983	2,056842285	1,00578503643594	104,477182150658
62339,99902	0,502169100000003	2,055487793	1,00572132002544	104,408380809671
62349,99902	0,502824700000019	2,06001416	1,00560702017468	104,638297353584
62359,99902	0,502496899999983	2,05703833	1,00588787769516	104,487140244832
62369,99902	0,503122800000028	2,060026367	1,00580925591357	104,638917407426
62379,99902	0,503539999999987	2,063910889	1,00567353221745	104,836231472545
62389,99902	0,503897600000016	2,068489502	1,00566980537457	105,068801848936
62399,99902	0,502735299999983	2,057173584	1,00576062991601	104,494010463758
62409,99902	0,503480400000001	2,064158936	1,00581913014678	104,848831005232
62419,99902	0,502735299999983	2,059386963	1,00612299687117	104,606438919084
62429,99902	0,502824700000019	2,059177979	1,00593790100874	104,595823589171
62439,99902	0,501990299999989	2,050938965	1,00575504065191	104,177323360593
62449,99902	0,501811499999974	2,05180127	1,00587502278781	104,22112409204
62459,99902	0,502824700000019	2,059075195	1,00572914479514	104,590602681973
62469,99902	0,503212200000007	2,063709473	1,00610613605782	104,826000558744
62479,99902	0,502794900000026	2,059165283	1,00596491511842	104,595178696602
62489,99902	0,50270549999999	2,058614746	1,00584549310919	104,567214202265
62499,99902	0,502586300000019	2,059174805	1,00583710921304	104,595662366028
62509,99902	0,501543200000015	2,050472656	1,00581633551473	104,153637222533
62519,99902	0,500649199999998	2,051386475	1,00572476580476	104,200054604561
62529,99902	0,50246709999999	2,054709473	1,00557143612677	104,368846091329
62539,99902	0,50270549999999	2,056773193	1,00584782163583	104,473672626606
62549,99902	0,501841300000024	2,052008545	1,005715450698	104,2316526134
62559,99902	0,502079700000024	2,054583496	1,00587464970343	104,362447097069
62569,99902	0,50246709999999	2,059089111	1,00564428160195	104,591309544369
62579,99902	0,502407500000004	2,059051514	1,00589933528648	104,589399806979
62589,99902	0,503212200000007	2,064223389	1,0058180128941	104,852104891553
62599,99902	0,504195600000003	2,071598633	1,00579146388961	105,226729974095
62609,99902	0,503391000000022	2,066142822	1,00568722531437	104,949602377203
62619,99902	0,503450600000008	2,064212891	1,00577888804538	104,851571646264
62629,99902	0,503122800000028	2,064944824	1,00592253053246	104,888750139686
62639,99902	0,502407500000004	2,056843994	1,00576463582201	104,477268959212
62649,99902	0,501960499999996	2,052352539	1,00561121212275	104,249125768273
62659,99902	0,50246709999999	2,057610352	1,00572225123605	104,516196068472
62669,99902	0,504195600000003	2,06960083	1,00601354111597	105,125251688932
62679,99902	0,503718800000001	2,068132813	1,00599947593491	105,050683852288
62689,99902	0,502914099999998	2,062738281	1,00579444456374	104,776668918576
62699,99902	0,503450600000008	2,066125732	1,0057652879695	104,948734291665
62709,99902	0,503867800000023	2,067458252	1,005790532679	105,016419566211
62719,99902	0,502556500000026	2,05821875	1,00584791465687	104,547099608879
62729,99902	0,502794900000026	2,059605957	1,00592430093286	104,617562706354
62739,99902	0,502556500000026	2,057475342	1,0055784227069	104,509338243511
62749,99902	0,50380819999998	2,069361084	1,00585797593239	105,113073805049
62759,99902	0,503450600000008	2,06512915	1,00604856703765	104,898112967948
62769,99902	0,503480400000001	2,06626709	1,00578140361432	104,95591456291
62779,99902	0,503331399999979	2,063698975	1,00590865139346	104,825467313456
62789,99902	0,503122800000028	2,06572876	1,00575364333588	104,928570122416
62799,99902	0,502586300000019	2,061028564	1,00568266128214	104,689823944735
62809,99902	0,502407500000004	2,059196289	1,00575867447375	104,596753644537
62819,99902	0,503242	2,064242188	1,0058195962522	104,853059785645
62829,99902	0,503212200000007	2,065141357	1,00594581879947	104,898733021791
62839,99902	0,503539999999987	2,067185059	1,00579500369019	105,002542743943
62849,99902	0,50356979999998	2,069506104	1,00602751427623	105,120440087367
62859,99902	0,502973699999984	2,063574219	1,00584018290821	104,819130339818
62869,99902	0,503063199999985	2,065284424	1,0059474031578	104,90600010159
62879,99902	0,502556500000026	2,059532715	1,00570417914875	104,613842383299
62889,99902	0,502377700000011	2,059266846	1,00580897685045	104,600337583177
62899,99902	0,502496899999983	2,058325684	1,00577013206507	104,552531315081
62909,99902	0,502049899999975	2,056484619	1,0056416740122	104,459014527353
62919,99902	0,502973699999984	2,062248535	1,00606412355601	104,751792299487
62929,99902	0,503301599999986	2,063742432	1,00582471941089	104,827674709199
62939,99902	0,502914099999998	2,061548096	1,00580897685045	104,716213541931
62949,99902	0,503391000000022	2,066262451	1,00603375568783	104,955678925179
62959,99902	0,503539999999987	2,066330322	1,00572215821501	104,959126428608
62969,99902	0,50246709999999	2,060236328	1,00576575407492	104,649582363997
62979,99902	0,502735299999983	2,062132568	1,00583161296998	104,745901762584
62989,99902	0,503301599999986	2,065230713	1,00576295944287	104,903271854523
62999,99902	0,503659200000016	2,067785156	1,0059355724821	105,033024635546
63009,99902	0,50356979999998	2,066615479	1,00573659648046	104,973610961548
63019,99902	0,503152600000021	2,062105469	1,00572858566868	104,744525270483
63029,99902	0,502079700000024	2,05560498	1,00572802654223	104,414333316402
63039,99902	0,503242	2,065018311	1,00597926136305	104,892482907502
63049,99902	0,502824700000019	2,060074219	1,00560171097392	104,641348046935
63059,99902	0,503629400000023	2,066699219	1,00598671304837	104,977864529893
63069,99902	0,504136000000017	2,070361084	1,00572420767853	105,163868745873
63079,99902	0,503391000000022	2,065106934	1,00601549755845	104,896984507543
63089,99902	0,502973699999984	2,061834717	1,00563198582106	104,730772438665
63099,99902	0,503450600000008	2,065178711	1,00599090499645	104,900630416011
63109,99902	0,503301599999986	2,062505859	1,00613240499897	104,76486305684
63119,99902	0,50356979999998	2,066671875	1,00594824134737	104,976475593031
63129,99902	0,503629400000023	2,066549805	1,00564409555988	104,970275054605
63139,99902	0,504076399999974	2,069972168	1,00583151994894	105,144113780667
63149,99902	0,503331399999979	2,066753906	1,00588610829498	104,980642352822
63159,99902	0,503152600000021	2,062716797	1,0060301228662	104,775577640067
63169,99902	0,503450600000008	2,065160889	1,00608936826551	104,899725148575
63179,99902	0,502824700000019	2,06116333	1,00590566971911	104,69666937573
63189,99902	0,504195600000003	2,072016113	1,00610203713078	105,24793584599
63199,99902	0,50380819999998	2,069148682	1,00586729103915	105,102284858028
63209,99902	0,503122800000028	2,062786377	1,00591843160542	104,77911195205
63219,99902	0,503212200000007	2,063959717	1,00592504610139	104,838711687916
63229,99902	0,503480400000001	2,06400293	1,00578196274077	104,840906689694
63239,99902	0,503301599999986	2,063500488	1,00597823613118	104,815385178036
63249,99902	0,502407500000004	2,056743164	1,00585732378489	104,472147305328
63259,99902	0,502645900000005	2,059345459	1,00573566526985	104,60433072586
63269,99902	0,502556500000026	2,057846191	1,00553864571068	104,528175496521
63279,99902	0,502586300000019	2,059215088	1,00580403973384	104,59770853863
63289,99902	0,502794900000026	2,058634033	1,00552271710817	104,568193884289
63299,99902	0,503301599999986	2,061746094	1,00586803620768	104,726270838624
63309,99902	0,503033399999993	2,061603516	1,00572225123605	104,719028597552
63319,99902	0,502556500000026	2,056964844	1,00575289816735	104,48340752781
63329,99902	0,502318100000025	2,056913086	1,00593110047069	104,480778483263
63339,99902	0,503063199999985	2,061574951	1,00585937324841	104,717577640067
63349,99902	0,503152600000021	2,063075684	1,00579342033209	104,793807283995
63359,99902	0,502645900000005	2,057990723	1,00574013628104	104,535516990908
63369,99902	0,503122800000028	2,060853027	1,0060017114405	104,680907553208
63379,99902	0,502556500000026	2,058092041	1,00586533459667	104,540663432722
63389,99902	0,503539999999987	2,06581665	1,00587194809242	104,933034489765
63399,99902	0,503957200000002	2,068564453	1,00583189303332	105,072608980546
63409,99902	0,504404299999976	2,070592529	1,0057226233202	105,175624980952
63419,99902	0,502973699999984	2,059985352	1,00585946626945	104,636834052928
63429,99902	0,503063199999985	2,062222412	1,00597935438409	104,750465383248
63439,99902	0,501990299999989	2,053118652	1,00591107294114	104,288040432773
63449,99902	0,503301599999986	2,063080078	1,00566160852072	104,794030476964
63459,99902	0,503867800000023	2,068327393	1,00558186948644	105,060567531874
63469,99902	0,50356979999998	2,067193359	1,0057887622786	105,002964341952
63479,99902	0,503986999999995	2,070429688	1,00587027171328	105,167353481993
63489,99902	0,503778399999987	2,069181641	1,00592979717593	105,103959008483
63499,99902	0,504046599999981	2,072609619	1,00571274908698	105,278082948138
63509,99902	0,503897600000016	2,072985352	1,0059109799201	105,297168283639
63519,99902	0,503331399999979	2,066140869	1,00586179479609	104,949503174684
63529,99902	0,50356979999998	2,06562085	1,00569430491554	104,923088840352
63539,99902	0,502407500000004	2,057772705	1,00582444034777	104,524442779499
63549,99902	0,501483600000029	2,057145508	1,00609756611959	104,492584344999
63559,99902	0,501751899999988	2,053329834	1,00585993137464	104,298767409966
63569,99902	0,502556500000026	2,054682861	1,00615755668743	104,367494336364
63579,99902	0,502228699999989	2,053636963	1,00595429571667	104,314368009346
63589,99902	0,50246709999999	2,055729248	1,00604633153206	104,420645502108
63599,99902	0,502169100000003	2,052092285	1,0059197359004	104,235906181744
63609,99902	0,50246709999999	2,053967529	1,00585974533257	104,331159089755
63619,99902	0,500500199999976	2,047256348	1,00569700652655	103,990265048001
63629,99902	0,502288299999975	2,053017578	1,00565750959368	104,282906384924
63639,99902	0,502407500000004	2,057238525	1,00594106872517	104,49730913801
63649,99902	0,50246709999999	2,054348145	1,00571628888757	104,350492456951
63659,99902	0,503331399999979	2,063514404	1,00571079364473	104,816092040433
63669,99902	0,50246709999999	2,056832031	1,00589123145366	104,476661299335
63679,99902	0,503152600000021	2,061529297	1,00592765469137	104,715258647839
63689,99902	0,503242	2,062994873	1,00588098413607	104,789702494032
63699,99902	0,50270549999999	2,059528076	1,00593259180798	104,613606745568
63709,99902	0,503391000000022	2,064150879	1,00574302393413	104,848421750394
63719,99902	0,503242	2,064679932	1,0057990095962	104,875294966221
63729,99902	0,502228699999989	2,056562988	1,00598019257366	104,462995276071
63739,99902	0,502973699999984	2,057400146	1,00609365323463	104,505518667141
63749,99902	0,503122800000028	2,059471436	1,00583207907539	104,61072972012
63759,99902	0,502645900000005	2,05773999	1,005689553841	104,52278102301
63769,99902	0,502824700000019	2,056666748	1,00587921473589	104,46826575913
63779,99902	0,501990299999989	2,054586426	1,00586170177505	104,362595926246
63789,99902	0,502973699999984	2,059383789	1,00575205997778	104,606277695941
63799,99902	0,503033399999993	2,058724854	1,00593482731357	104,57280713161
63809,99902	0,503063199999985	2,062518555	1,00597124955105	104,765507949408
63819,99902	0,503629400000023	2,066516602	1,00595261933753	104,968588510184
63829,99902	0,503301599999986	2,062700684	1,00593948436684	104,774759181186
63839,99902	0,502794900000026	2,059897705	1,00583226511747	104,63238202875
63849,99902	0,502079700000024	2,054128662	1,00568387155586	104,339343830954
63859,99902	0,500678999999991	2,050223145	1,00586272600669	104,140963326053
63869,99902	0,501304800000014	2,04963208	1,00592374180641	104,110940214355
63879,99902	0,502377700000011	2,050841553	1,00574283789205	104,172375323818
63889,99902	0,501960499999996	2,050604492	1,00572150606752	104,160333824351
63899,99902	0,502496899999983	2,053031738	1,00577562830814	104,283625641286
63909,99902	0,500738599999977	2,049750488	1,00572690928954	104,116954741708
63919,99902	0,502377700000011	2,052582031	1,00606971282011	104,260782800833
63929,99902	0,503152600000021	2,058498047	1,00598922861731	104,561286483466
63939,99902	0,502318100000025	2,053035889	1,00577329878128	104,283836491085
63949,99902	0,502228699999989	2,05369165	1,00599528398683	104,317145832275
63959,99902	0,501334600000007	2,050581055	1,00583897263448	104,159143343323
63969,99902	0,502735299999983	2,053398682	1,00570501733832	104,302264540052
63979,99902	0,502079700000024	2,052011475	1,00583161296998	104,231801442576
63989,99902	0,502884300000005	2,058080811	1,00594106872517	104,540093005537
63999,99902	0,502914099999998	2,060752686	1,00567427738599	104,67581073805
64009,99902	0,504702300000019	2,075119873	1,0060133550739	105,405591151521
64019,99902	0,504225399999996	2,068419678	1,0058660797652	105,065255142988
64029,99902	0,502914099999998	2,060990479	1,00564595898132	104,687889419414
64039,99902	0,502318100000025	2,056195313	1,00590809226701	104,444319246203
64049,99902	0,50356979999998	2,065361572	1,0059149858261	104,909918829685
64059,99902	0,502973699999984	2,058622559	1,00568461672439	104,567611063138
64069,99902	0,502645900000005	2,05486377	1,00580310852323	104,376683598314
64079,99902	0,503331399999979	2,059529297	1,00574777500866	104,613668766191
64089,99902	0,502556500000026	2,056470947	1,00569933505318	104,458320058922
64099,99902	0,50380819999998	2,064811768	1,00606794341994	104,88199156804
64109,99902	0,503391000000022	2,06312793	1,00603515300385	104,796461116473
64119,99902	0,502884300000005	2,061235107	1,00603906588881	104,700315284198
64129,99902	0,503450600000008	2,062413818	1,00590464548746	104,760187839691
64139,99902	0,503957200000002	2,066661377	1,00580534402883	104,975942347742
64149,99902	0,502973699999984	2,059300293	1,00570837109683	104,602036521562
64159,99902	0,502884300000005	2,058189697	1,0057753482448	104,545623863463
64169,99902	0,503301599999986	2,060520508	1,00612607056633	104,66401727028
64179,99902	0,501632599999994	2,054622559	1,00584353666671	104,364431299843
64189,99902	0,502914099999998	2,059304932	1,00597003927733	104,602272159293
64199,99902	0,503301599999986	2,060751709	1,00582574464276	104,675761111393
64209,99902	0,503033399999993	2,060301758	1,00596370484469	104,652905876975
64219,99902	0,502496899999983	2,056886719	1,00583599096013	104,479439173058
64229,99902	0,503033399999993	2,062381836	1,00576044387393	104,758563315894
64239,99902	0,503152600000021	2,062347656	1,00591591703671	104,756827144816
64249,99902	0,50246709999999	2,058191895	1,00596547424487	104,545735510743
64259,99902	0,504225399999996	2,071682617	1,0060345938774	105,230995936405
64269,99902	0,502645900000005	2,058498779	1,00585546036345	104,561323665363
64279,99902	0,502288299999975	2,056178467	1,00571191089741	104,44346355463
64289,99902	0,502377700000011	2,056165527	1,00571489157154	104,442806268096
64299,99902	0,502884300000005	2,059389404	1,00571181787638	104,606562909534
64309,99902	0,502794900000026	2,059279297	1,0057833600568	104,600970030985
64319,99902	0,502884300000005	2,058673096	1,00582704893775	104,570178087063
64329,99902	0,501006800000027	2,052797607	1,00598559579569	104,271732970996
64339,99902	0,50190090000001	2,0550271	1,0055391118161	104,384979935998
64349,99902	0,501722099999995	2,051647217	1,00588266151543	104,213298979022
64359,99902	0,501096200000006	2,053154297	1,00580804563984	104,289851018439
64369,99902	0,503152600000021	2,061433838	1,00596491511842	104,710409813583
64379,99902	0,502377700000011	2,054931885	1,0058494990152	104,380143495708
64389,99902	0,502556500000026	2,057334961	1,00589560944382	104,502207598923
64399,99902	0,502735299999983	2,058149414	1,00620748697997	104,543577690862
64409,99902	0,502496899999983	2,05655957	1,00571750016152	104,462821658963
64419,99902	0,502794900000026	2,058825684	1,00570240974857	104,577928785493
64429,99902	0,503539999999987	2,065050049	1,0059746963306	104,894095037334
64439,99902	0,502407500000004	2,057493408	1,00608219564331	104,510255904912
64449,99902	0,50270549999999	2,05660376	1,00565378375102	104,465066287398
64459,99902	0,503212200000007	2,060534668	1,00562863206256	104,664736526642
64469,99902	0,503212200000007	2,061717529	1,0059009196448	104,72481988114
64479,99902	0,502794900000026	2,059604004	1,00569542316845	104,617463503835
64489,99902	0,501155799999992	2,05244873	1,00583943773967	104,254011784426
64499,99902	0,501632599999994	2,051893799	1,00577721166624	104,22582409712
64509,99902	0,501543200000015	2,052495605	1,00605927946044	104,256392797277
64519,99902	0,501722099999995	2,050181152	1,00573110023739	104,138830294103
64529,99902	0,500917399999992	2,048965576	1,00591740737377	104,077085183116
64539,99902	0,502556500000026	2,057489258	1,00597339203561	104,510045105907
64549,99902	0,501632599999994	2,050731201	1,00593370906066	104,166770000508
64559,99902	0,502973699999984	2,059715088	1,00594553973636	104,623106009041
64569,99902	0,502914099999998	2,058391357	1,00590902347762	104,55586717123
64579,99902	0,502586300000019	2,056712158	1,00592392784848	104,470572357393
64589,99902	0,501632599999994	2,051528076	1,00573426795382	104,207247218977
64599,99902	0,502496899999983	2,057627197	1,0058817293046	104,51705170925
64609,99902	0,502884300000005	2,059112549	1,00595699732768	104,592500076192
64619,99902	0,502914099999998	2,059228516	1,00585341089993	104,598390613095
64629,99902	0,502824700000019	2,060064697	1,00596575430821	104,640864377508
64639,99902	0,502318100000025	2,054878174	1,00587418459824	104,377415248641
64649,99902	0,502884300000005	2,060266357	1,0058298435698	104,651107685275
64659,99902	0,502377700000011	2,056871094	1,00601968950653	104,478645502108
64669,99902	0,502914099999998	2,058593262	1,00575783528396	104,566122923757
64679,99902	0,502914099999998	2,060329346	1,00604325783689	104,654307207802
64689,99902	0,502318100000025	2,056478516	1,00604474817396	104,458704525829
64699,99902	0,503718800000001	2,065932861	1,00592132025873	104,938937420633
64709,99902	0,503242	2,062182129	1,00584316458256	104,748419210647
64719,99902	0,50356979999998	2,064288818	1,00569831082154	104,855428353736
64729,99902	0,503450600000008	2,066729248	1,00572895775284	104,979389851171
64739,99902	0,504314899999997	2,072846191	1,0058448409617	105,290099608879
64749,99902	0,503957200000002	2,068606689	1,00586542761771	105,074754355666
64759,99902	0,503301599999986	2,064087158	1,00608061228521	104,845185045969
64769,99902	0,502586300000019	2,058868408	1,00569849686361	104,580098948545
64779,99902	0,503450600000008	2,063806152	1,00594032355664	104,830911362828
64789,99902	0,502973699999984	2,060046631	1,00599342056539	104,639946716107
64799,99902	0,503629400000023	2,065166992	1,00586887439725	104,900035150099
64809,99902	0,503122800000028	2,060264893	1,00591023475157	104,651033321481
64819,99902	0,504046599999981	2,069020996	1,00616137555113	105,095799055214
64829,99902	0,503152600000021	2,059654541	1,00587660614591	104,620030527759
64839,99902	0,503212200000007	2,060404053	1,00602322930711	104,658101945446
64849,99902	0,503539999999987	2,06291333	1,00586757010226	104,785560522172
64859,99902	0,503033399999993	2,058743652	1,00576025783186	104,573761974907
64869,99902	0,502586300000019	2,057115479	1,00571396036093	104,491059023721
64879,99902	0,502884300000005	2,058033691	1,00574106849188	104,537699547925
64889,99902	0,50190090000001	2,052344482	1,00581978229428	104,248716513435
64899,99902	0,503480400000001	2,063502441	1,00594134778828	104,815484380556
64909,99902	0,502735299999983	2,058535156	1,00586645284958	104,563171432925
64919,99902	0,50270549999999	2,057693848	1,0059197359004	104,520437242851
64929,99902	0,502496899999983	2,054526123	1,00596072317034	104,359532838929
64939,99902	0,501960499999996	2,051175293	1,00590138474999	104,189327627368
64949,99902	0,502288299999975	2,054309814	1,00587446366135	104,348545436075
64959,99902	0,502556500000026	2,055352051	1,00569551618948	104,401485802814
64969,99902	0,502407500000004	2,055140381	1,00592383482744	104,39073403769
64979,99902	0,502318100000025	2,052826172	1,00588135722044	104,273183928481
64989,99902	0,501990299999989	2,050946533	1,00569793773716	104,177707776705
64999,99902	0,502169100000003	2,053188477	1,00593519939773	104,291587189516
65009,99902	0,502556500000026	2,05545874	1,00558112431791	104,406905064256
65019,99902	0,502645900000005	2,055722168	1,00578550254136	104,420285873927
65029,99902	0,502288299999975	2,054164307	1,00556836143138	104,34115441662
65039,99902	0,502288299999975	2,054866211	1,0059221584483	104,376807588764
65049,99902	0,502884300000005	2,058407715	1,00594647094697	104,556698074872
65059,99902	0,503629400000023	2,060770264	1,0057889493209	104,67670361152
65069,99902	0,503450600000008	2,061839355	1,00585294479451	104,731008025601
65079,99902	0,503152600000021	2,05947583	1,00571228398179	104,61095291309
65089,99902	0,502973699999984	2,058504395	1,00576966595966	104,561608929751
65099,99902	0,502824700000019	2,058234131	1,00564912569752	104,547880885864
65109,99902	0,503152600000021	2,059906494	1,00575718413669	104,632828465485
65119,99902	0,50246709999999	2,055598877	1,00576966595966	104,414023314878
65129,99902	0,502794900000026	2,057000732	1,00581568436746	104,485230456647
65139,99902	0,503122800000028	2,060435059	1,00589933528648	104,659676893381
65149,99902	0,502794900000026	2,056021484	1,00554209249023	104,435489612435
65159,99902	0,503450600000008	2,061531006	1,00582574464276	104,715345456393
65169,99902	0,502496899999983	2,05677417	1,00593324295524	104,473722253264
65179,99902	0,503480400000001	2,062064453	1,00601773306405	104,74244186519
65189,99902	0,502824700000019	2,059586426	1,00586030445902	104,616570630365
65199,99902	0,503331399999979	2,0644375	1,00613631788393	104,862980647128
65209,99902	0,501632599999994	2,052116211	1,00580441281822	104,237121501498
65219,99902	0,502228699999989	2,055098145	1,00593082140757	104,388588662569
65229,99902	0,502556500000026	2,057852783	1,00581046718751	104,52851033677
65239,99902	0,502645900000005	2,056788574	1,00581465913559	104,474453903591
65249,99902	0,503718800000001	2,065863525	1,00595979195973	104,935415502616
65259,99902	0,50270549999999	2,058054932	1,00591899073187	104,538778483263
65269,99902	0,502824700000019	2,061128174	1,00597255384604	104,694883628791
65279,99902	0,501245200000028	2,052394043	1,00582555860068	104,251233961497
65289,99902	0,50270549999999	2,05699585	1,00559099855113	104,484982475745
65299,99902	0,501990299999989	2,054645752	1,00584549310919	104,365609386905
65309,99902	0,503063199999985	2,059611572	1,00581363490395	104,617847919947
65319,99902	0,50270549999999	2,059813232	1,0058542490895	104,628091227714
65329,99902	0,503063199999985	2,061738037	1,00591358851007	104,725861583786
65339,99902	0,503718800000001	2,065025635	1,00627083130632	104,892854929649
65349,99902	0,501245200000028	2,052849365	1,00593361603962	104,274362015543
65359,99902	0,502884300000005	2,058001953	1,00585536734241	104,536087418093
65369,99902	0,502973699999984	2,060106689	1,00590147777103	104,642997358663
65379,99902	0,501841300000024	2,052106201	1,00581885108367	104,236613044141
65389,99902	0,501423999999986	2,048824951	1,00587856258839	104,069942144562
65399,99902	0,503539999999987	2,064216064	1,00560450560597	104,851732818611
65409,99902	0,502079700000024	2,054623535	1,00589542340174	104,364480875705
65419,99902	0,502556500000026	2,056956055	1,00568247423984	104,482961091075
65429,99902	0,503301599999986	2,061429443	1,00566011818365	104,710186569818
65439,99902	0,501632599999994	2,051836426	1,00581708168349	104,22290983898
65449,99902	0,501006800000027	2,051783447	1,00589411910675	104,22021877381
65459,99902	0,501155799999992	2,050848877	1,00586999265016	104,172747345964
65469,99902	0,502079700000024	2,052662354	1,00571824533005	104,264862802865
65479,99902	0,502169100000003	2,053119629	1,0056186648083	104,28809005943
65489,99902	0,502377700000011	2,054477539	1,00601233084225	104,357065017524
65499,99902	0,50246709999999	2,056636963	1,00570455223313	104,466752831818
65509,99902	0,502169100000003	2,053711182	1,00605005737472	104,318137959059
65519,99902	0,503539999999987	2,060495605	1,00591675522628	104,662752323869
65529,99902	0,502884300000005	2,054831787	1,00600208352465	104,375059023721
65539,99902	0,502407500000004	2,054625732	1,00568899571477	104,36459247219
65549,99902	0,503659200000016	2,065051758	1,00602779433957	104,894181845888
65559,99902	0,503063199999985	2,06059082	1,00562881810463	104,667588764159
65569,99902	0,502794900000026	2,057647949	1,00574535346099	104,518105805862
65579,99902	0,502318100000025	2,054648438	1,00601354111597	104,365745822116
65589,99902	0,503152600000021	2,060756104	1,00591200415174	104,675984355158
65599,99902	0,503450600000008	2,060289063	1,00570576250686	104,652261035201
65609,99902	0,503242	2,062189697	1,00579491066916	104,748803626759
65619,99902	0,502496899999983	2,056773193	1,00582621074818	104,473672626606
65629,99902	0,502496899999983	2,053859619	1,00589123145366	104,32567780769
65639,99902	0,50270549999999	2,056555908	1,00554628443831	104,462635647889
65649,99902	0,503659200000016	2,065987793	1,00588526910518	104,941727688322
65659,99902	0,502556500000026	2,057134277	1,00600897708374	104,492013867019
65669,99902	0,502407500000004	2,056545898	1,00595578605373	104,462127190532
65679,99902	0,50380819999998	2,065537109	1,00617320622682	104,918835221212
65689,99902	0,502377700000011	2,056699463	1,00587995990442	104,469927515619
65699,99902	0,503242	2,061272705	1,00591647616316	104,702225072383
65709,99902	0,503480400000001	2,063627686	1,00556882753679	104,821846192919
65719,99902	0,503212200000007	2,062496582	1,00566384402631	104,764391832174
65729,99902	0,503301599999986	2,060034424	1,00605723099715	104,639326662264
65739,99902	0,502973699999984	2,05998584	1,00603934495193	104,636858840859
65749,99902	0,502645900000005	2,056430176	1,00596519518176	104,45624909839
65759,99902	0,502824700000019	2,057866943	1,00601419326347	104,529229593133
65769,99902	0,503331399999979	2,062838867	1,00582537155838	104,781778178493
65779,99902	0,502973699999984	2,057525635	1,00578261488827	104,51189287347
65789,99902	0,501573000000008	2,05546582	1,00584940499393	104,407264692437
65799,99902	0,502318100000025	2,055430664	1,0059528053796	104,405478945497
65809,99902	0,503212200000007	2,060434082	1,00600813889417	104,659627266724
65819,99902	0,501751899999988	2,051931641	1,00573659648046	104,227746279271
65829,99902	0,503659200000016	2,064763916	1,00565769563575	104,879560928532
65839,99902	0,503212200000007	2,063584961	1,00578401220429	104,819675979072
65849,99902	0,503033399999993	2,060953369	1,00570837109683	104,68600441916
65859,99902	0,50246709999999	2,056785645	1,00587222815576	104,47430512521
65869,99902	0,503391000000022	2,064871338	1,0059999410401	104,885017422665
65879,99902	0,503480400000001	2,06553418	1,0056919763889	104,91868644283
65889,99902	0,502288299999975	2,056138672	1,0058021763124	104,44144216996
65899,99902	0,502884300000005	2,05680542	1,00587697923029	104,475309595164
65909,99902	0,503242	2,062739258	1,00589952232878	104,776718545233
65919,99902	0,502169100000003	2,054161621	1,00593445422919	104,341017981409
65929,99902	0,503063199999985	2,061295654	1,00587427761928	104,70339076548
65939,99902	0,502645900000005	2,056885498	1,00583440760203	104,479377152436
65949,99902	0,502735299999983	2,05909082	1,00598363935321	104,591396352923
65959,99902	0,502169100000003	2,056226318	1,00597600062558	104,445894143343
65969,99902	0,502377700000011	2,057081543	1,00580571611298	104,489335246609
65979,99902	0,501751899999988	2,051120117	1,00561279648108	104,186524965713
65989,99902	0,502884300000005	2,059782471	1,00584633129876	104,626528724539
65999,99902	0,502973699999984	2,062165527	1,00579202301607	104,747575913039
66009,99902	0,502318100000025	2,056340332	1,0056903930308	104,451685477726
66019,99902	0,502884300000005	2,060760254	1,00587446366135	104,676195154163
66029,99902	0,502973699999984	2,063237061	1,00589505031736	104,80200441916
66039,99902	0,503539999999987	2,064551514	1,00576957293862	104,868771981511
66049,99902	0,502169100000003	2,055169922	1,00585164149975	104,392234571037
66059,99902	0,502079700000024	2,055821289	1,00591144602551	104,425320719256
66069,99902	0,502735299999983	2,061359619	1,00570511135959	104,70663986387
66079,99902	0,503152600000021	2,062463867	1,00594647094697	104,762730075684
66089,99902	0,502318100000025	2,056602539	1,00584614525669	104,465004266775
66099,99902	0,502407500000004	2,058145752	1,0058819163469	104,543391679789
66109,99902	0,500500199999976	2,052862061	1,0058566716374	104,275006908112
66119,99902	0,501394199999993	2,054431152	1,0058756749353	104,354708792604
66129,99902	0,502556500000026	2,057382813	1,00558894908761	104,504638238431
66139,99902	0,501006800000027	2,052814453	1,00596761672943	104,272588662569
66149,99902	0,500410699999975	2,049138672	1,00581549732516	104,085877584193
66159,99902	0,502407500000004	2,054243164	1,00589234870635	104,345159953269
66169,99902	0,503152600000021	2,061035156	1,00565471496163	104,690158784985
66179,99902	0,503212200000007	2,065189209	1,00558186948644	104,901163661299
66189,99902	0,502586300000019	2,058987793	1,00589029924283	104,586163102555
66199,99902	0,502318100000025	2,056956543	1,00602034165403	104,482985879006
66209,99902	0,503152600000021	2,063400879	1,00597124955105	104,810325544776
66219,99902	0,501662399999987	2,052702881	1,00581680162015	104,266921369432
66229,99902	0,500976999999978	2,049321289	1,0058023633547	104,095153603901
66239,99902	0,50190090000001	2,052977783	1,00574451527142	104,280885000254
66249,99902	0,50190090000001	2,053159668	1,0058494990152	104,290123838066
66259,99902	0,502884300000005	2,060115723	1,0057965870483	104,643456240158
66269,99902	0,502884300000005	2,05997583	1,00578615468885	104,636350383502
66279,99902	0,502288299999975	2,055177246	1,00586934050267	104,392606593183
66289,99902	0,50246709999999	2,05758374	1,00605434234383	104,514844313506
66299,99902	0,503212200000007	2,061711914	1,00568620108272	104,724534667547
66309,99902	0,502586300000019	2,05923999	1,00596016504411	104,598973434246
66319,99902	0,502794900000026	2,059476074	1,00588163628356	104,610965307055
66329,99902	0,50270549999999	2,059717041	1,00577385790773	104,623205211561
66339,99902	0,502914099999998	2,061999023	1,00562928421005	104,739118352212
66349,99902	0,503539999999987	2,065759766	1,00567791020761	104,930145070351
66359,99902	0,502824700000019	2,061968506	1,005921971406	104,737568243003
66369,99902	0,503063199999985	2,062427002	1,00588256849439	104,760857520191
66379,99902	0,502586300000019	2,059797363	1,0057210399621	104,627285162798
66389,99902	0,503659200000016	2,066929688	1,00583962478198	104,98957118911
66399,99902	0,503957200000002	2,068955322	1,00570511135959	105,09246314827
66409,99902	0,502556500000026	2,057917236	1,00579267516356	104,531784223091
66419,99902	0,503242	2,062651367	1,00594488758887	104,772254127089
66429,99902	0,502794900000026	2,059213135	1,0057777707927	104,59760933611
66439,99902	0,501483600000029	2,052235107	1,00581465913559	104,243160816783
66449,99902	0,501722099999995	2,050247559	1,00590688099306	104,142203433738
66459,99902	0,501066400000013	2,049224854	1,00588228843105	104,090255193783
66469,99902	0,501543200000015	2,051289551	1,00603841374132	104,195131355717
66479,99902	0,500589600000012	2,051713135	1,00594386335722	104,216647279931
66489,99902	0,50246709999999	2,054760986	1,00568471074566	104,371462691116
66499,99902	0,501841300000024	2,051377441	1,0058242543057	104,199595723066
66509,99902	0,503212200000007	2,064389893	1,00584530706712	104,86056245238
66519,99902	0,503122800000028	2,062868652	1,00576398367452	104,783291105806
66529,99902	0,502645900000005	2,060518311	1,00601018835769	104,663905673795
66539,99902	0,502228699999989	2,054967041	1,00580636826048	104,381929242647
66549,99902	0,501394199999993	2,052801025	1,00584036995051	104,271906588104
66559,99902	0,501722099999995	2,053278809	1,00597693183619	104,29617559811
66569,99902	0,501155799999992	2,052143555	1,00560674111156	104,23851043836
66579,99902	0,503122800000028	2,060156006	1,00585359694201	104,64550241276
66589,99902	0,50190090000001	2,053482666	1,00594684403135	104,306530502362
66599,99902	0,502586300000019	2,056885986	1,00574870621927	104,479401940367
66609,99902	0,503450600000008	2,062862549	1,00567576772305	104,782981104282
66619,99902	0,503242	2,063986816	1,00588648037913	104,840088180017
66629,99902	0,50380819999998	2,067416992	1,0058700856712	105,014323766953
66639,99902	0,502645900000005	2,058922852	1,00588927501118	104,582864428303
66649,99902	0,500649199999998	2,053943604	1,00583133390686	104,329943820795
66659,99902	0,50270549999999	2,060508545	1,00576118904246	104,663409610403
66669,99902	0,503331399999979	2,064790039	1,0059612822968	104,880887844771
66679,99902	0,504374499999983	2,07634375	1,00611796673352	105,467757911312
66689,99902	0,504732100000012	2,075982666	1,00607809671627	105,4494166709
66699,99902	0,503659200000016	2,066210938	1,00585546036345	104,953062325392
66709,99902	0,501990299999989	2,055760986	1,00588061205191	104,42225763194
66719,99902	0,503331399999979	2,06495874	1,00589607554923	104,889457002083
66729,99902	0,503331399999979	2,064623535	1,00581214456688	104,872430283944
66739,99902	0,501960499999996	2,05438623	1,00579817140663	104,352426982273
66749,99902	0,503033399999993	2,062230225	1,00577609341333	104,75086224412
66759,99902	0,502884300000005	2,062442383	1,00584018290821	104,761638797176
66769,99902	0,503242	2,065723633	1,00564903267649	104,928309696754
66779,99902	0,503301599999986	2,06619043	1,00558307976017	104,952020622746
66789,99902	0,502556500000026	2,06037207	1,00603021588724	104,656477370854
66799,99902	0,502496899999983	2,059184814	1,00581242363	104,596170772591
66809,99902	0,501096200000006	2,056132813	1,00565872086763	104,441144562402
66819,99902	0,501811499999974	2,055399414	1,00586235392254	104,403891603596
66829,99902	0,503391000000022	2,063667236	1,00578596764655	104,823855132829
66839,99902	0,503122800000028	2,061543701	1,00552150583422	104,715990298166
66849,99902	0,502288299999975	2,058351807	1,00577525522376	104,55385823132
66859,99902	0,50270549999999	2,05977417	1,00603040192932	104,626107075735
66869,99902	0,502645900000005	2,060776855	1,00576500890639	104,677038400975
66879,99902	0,502377700000011	2,058628418	1,00590240998187	104,567908670696
66889,99902	0,502824700000019	2,062487793	1,00578457033052	104,763945395439
66899,99902	0,503152600000021	2,063911865	1,00594665798927	104,836281048408
66909,99902	0,502824700000019	2,061489258	1,00593836711416	104,713224869203
66919,99902	0,502914099999998	2,061536865	1,00596416994988	104,715643063951
66929,99902	0,502973699999984	2,061733398	1,00587725829341	104,725625946056
66939,99902	0,502586300000019	2,060967773	1,00595420269563	104,686736069487
66949,99902	0,501751899999988	2,057077637	1,00593370906066	104,489136841571
66959,99902	0,502735299999983	2,061773926	1,00587502278781	104,727684563417
66969,99902	0,502735299999983	2,05996582	1,00601913038008	104,635841926144
66979,99902	0,500231900000017	2,053408691	1,00602127286463	104,302772946615
66989,99902	0,501096200000006	2,052481445	1,00579425852166	104,255673540915
66999,99902	0,502973699999984	2,060519043	1,00570399310668	104,663942855692
67009,99902	0,502228699999989	2,054819092	1,00587697923029	104,374414181947
67019,99902	0,499099399999977	2,042504883	1,00585704372155	103,748914664499
67029,99902	0,499516700000015	2,046093506	1,00583384847557	103,931198557424
67039,99902	0,501751899999988	2,052204102	1,00608061228521	104,241585919642
67049,99902	0,501394199999993	2,051769043	1,00602481266522	104,219487123483
67059,99902	0,501841300000024	2,053294678	1,00591209717278	104,296981663026
67069,99902	0,502407500000004	2,055954346	1,00578680683634	104,432079341698
67079,99902	0,502288299999975	2,055627686	1,00587623406176	104,415486666328
67089,99902	0,499933899999974	2,049160889	1,00588769165308	104,087006095393
67099,99902	0,501632599999994	2,051632813	1,00595755645414	104,212567328694
67109,99902	0,502377700000011	2,058528809	1,00596491511842	104,562849037436
67119,99902	0,503450600000008	2,06570166	1,00567912148156	104,927193579519
67129,99902	0,502884300000005	2,062710938	1,00595234027441	104,775280032509
67139,99902	0,500887599999999	2,052895264	1,00586589372312	104,276693452532
67149,99902	0,500649199999998	2,050737793	1,00586393728064	104,167104840758
67159,99902	0,502377700000011	2,060527344	1,00584046297155	104,664364504495
67169,99902	0,502586300000019	2,060062988	1,00593203268152	104,640777568954
67179,99902	0,502228699999989	2,056979248	1,00586458942814	104,484139178138
67189,99902	0,502556500000026	2,059709229	1,00626663935824	104,622808401483
67199,99902	0,502586300000019	2,05961499	1,0058314269279	104,618021537055
67209,99902	0,502794900000026	2,059267578	1,00581260967207	104,600374765073
67219,99902	0,500738599999977	2,051215088	1,00599984801906	104,191349012038
67229,99902	0,501841300000024	2,052693604	1,00571405338197	104,266450144766
67239,99902	0,502407500000004	2,057755615	1,00596547424487	104,52357469396
67249,99902	0,50246709999999	2,058109375	1,00578121757224	104,541543912226
67259,99902	0,503063199999985	2,063707275	1,00584875384666	104,825888911464
67269,99902	0,503480400000001	2,067937012	1,00564204609636	105,04073815208
67279,99902	0,50213930000001	2,056862793	1,0059047385085	104,478223853304
67289,99902	0,50270549999999	2,06076416	1,00566365798424	104,676393559202
67299,99902	0,502288299999975	2,057834473	1,00574395614497	104,527580281404
67309,99902	0,501304800000014	2,05186792	1,00564539985486	104,224509574846
67319,99902	0,502556500000026	2,056498047	1,00598941465938	104,459696601818
67329,99902	0,500559800000019	2,049321533	1,00608005315875	104,095165997867
67339,99902	0,502407500000004	2,057647217	1,0059550408852	104,518068623965
67349,99902	0,502914099999998	2,062351563	1,00576240031641	104,75702560065
67359,99902	0,502049899999975	2,054333984	1,00581456611455	104,349773149794
67369,99902	0,503063199999985	2,061235596	1,0057038070646	104,700340122924
67379,99902	0,503212200000007	2,062499268	1,00573631741734	104,764528267385
67389,99902	0,502824700000019	2,061818359	1,00572513888914	104,729941535023
67399,99902	0,502407500000004	2,057370117	1,00577367186566	104,503993345863
67409,99902	0,501662399999987	2,052503662	1,00575131480925	104,256802052116
67419,99902	0,501632599999994	2,050905518	1,00610138498329	104,175624422208
67429,99902	0,502645900000005	2,056804932	1,00602667608666	104,475284807233
67439,99902	0,501066400000013	2,050399658	1,00587045775535	104,149929293442
67449,99902	0,502884300000005	2,058290283	1,00557432377986	104,550733123381
67459,99902	0,50026170000001	2,051015869	1,00579183697399	104,181229694722
67469,99902	0,499814700000002	2,048606689	1,00562975031547	104,058855539188
67479,99902	0,500828000000013	2,050968994	1,00610697424739	104,178848681871
67489,99902	0,500828000000013	2,049695068	1,00605117562763	104,114139686087
67499,99902	0,501960499999996	2,0527229	1,00569616833698	104,267938233352
67509,99902	0,502318100000025	2,05519043	1,00610417961534	104,393276273683
67519,99902	0,502794900000026	2,058913818	1,00584521304585	104,582405546808
67529,99902	0,501960499999996	2,054195801	1,00583878559218	104,342754152486
67539,99902	0,50026170000001	2,050252686	1,00597041136148	104,1424638594
67549,99902	0,502049899999975	2,053666504	1,00582648981129	104,315868542693
67559,99902	0,501155799999992	2,05251001	1,0057093963287	104,2571244984
67569,99902	0,499755100000016	2,045401978	1,00592700254387	103,896072433586
67579,99902	0,502049899999975	2,053757813	1,00584372270879	104,320506577945
67589,99902	0,50190090000001	2,053409424	1,00565247945603	104,302810179306
67599,99902	0,501751899999988	2,052289063	1,00588890292703	104,24590150861
67609,99902	0,502288299999975	2,05466748	1,00578736496257	104,366713059379
67619,99902	0,502794900000026	2,059560547	1,00567791020761	104,615256108092
67629,99902	0,50270549999999	2,059434082	1,00576137508454	104,6088323259
67639,99902	0,503212200000007	2,060474854	1,0058061822184	104,661698278052
67649,99902	0,501632599999994	2,052493164	1,00579025261566	104,256268806827
67659,99902	0,50246709999999	2,059032227	1,00597916834201	104,588420124956
67669,99902	0,502735299999983	2,058046387	1,00584316458256	104,538344440494
67679,99902	0,503063199999985	2,064124756	1,00602229809651	104,847094834155
67689,99902	0,503301599999986	2,063095947	1,00609188383445	104,79483654188
67699,99902	0,502914099999998	2,060441406	1,00580581013425	104,659999288871
67709,99902	0,502377700000011	2,056465576	1,00577320576024	104,458047239295
67719,99902	0,502496899999983	2,057449463	1,00574302393413	104,508023721237
67729,99902	0,50270549999999	2,057046143	1,00568247423984	104,487537105704
67739,99902	0,501215399999978	2,053731201	1,00590781220367	104,31915482298
67749,99902	0,501751899999988	2,051510742	1,00588377876812	104,206366739473
67759,99902	0,502496899999983	2,056509277	1,00577963321391	104,460267029004
67769,99902	0,502556500000026	2,058109863	1,0059662194134	104,541568700157
67779,99902	0,502824700000019	2,060538086	1,00578457033052	104,66491014375
67789,99902	0,503539999999987	2,063304443	1,00574796105074	104,805427083862
67799,99902	0,502318100000025	2,054830078	1,00591396059423	104,374972215167
67809,99902	0,502556500000026	2,055666748	1,0058819163469	104,417470818306
67819,99902	0,502496899999983	2,054473877	1,00589635461235	104,356879006451
67829,99902	0,503033399999993	2,057617676	1,00557423075882	104,516568090618
67839,99902	0,502794900000026	2,058414307	1,00568368551379	104,557032915122
67849,99902	0,502049899999975	2,054241455	1,00609011343404	104,345073144715
67859,99902	0,50213930000001	2,053483154	1,00575112876717	104,306555290293
67869,99902	0,501990299999989	2,04986084	1,00584782163583	104,122560065018
67879,99902	0,501841300000024	2,050668701	1,00592588429096	104,163595316706
67889,99902	0,501394199999993	2,048572754	1,00573967117585	104,057131812871
67899,99902	0,500172299999974	2,046597168	1,00600664855711	103,956782038909
67909,99902	0,500500199999976	2,045030518	1,00615112923376	103,877204144867
67919,99902	0,500649199999998	2,047176758	1,00596985223503	103,986222278661
67929,99902	0,501811499999974	2,048458496	1,00612914526172	104,051328084523
67939,99902	0,50190090000001	2,049436279	1,00577385790773	104,100994514146
67949,99902	0,501483600000029	2,051153564	1,00587343942971	104,188223904099
67959,99902	0,499248500000022	2,040647827	1,00575643796793	103,654585614873
67969,99902	0,499278300000014	2,040682861	1,00579854349078	103,65636516483
67979,99902	0,50213930000001	2,048916504	1,00601521849534	104,07459257378
67989,99902	0,499844499999995	2,043422729	1,00582062148407	103,795536597755
67999,99902	0,501394199999993	2,04755957	1,0060127029264	104,005667191548
68009,99902	0,502973699999984	2,05713916	1,00572867868972	104,492261898715
68019,99902	0,501751899999988	2,050151611	1,00582239088425	104,137329760756
68029,99902	0,50213930000001	2,050801025	1,00558792385574	104,170316706456
68039,99902	0,502228699999989	2,051257813	1,00591694126835	104,193519225885
68049,99902	0,50190090000001	2,051711426	1,00580022087014	104,216560471377
68059,99902	0,50190090000001	2,050729248	1,00592718858595	104,166670797989
68069,99902	0,503539999999987	2,063159668	1,00567902846052	104,798073246305
68079,99902	0,503063199999985	2,063560791	1,00585406304743	104,818448265353
68089,99902	0,503391000000022	2,063365967	1,00603813367798	104,808552191802
68099,99902	0,503957200000002	2,066846924	1,0057574631998	104,985367196627
68109,99902	0,503718800000001	2,064304688	1,00578950744713	104,856234469447
68119,99902	0,502318100000025	2,055139404	1,0059181525423	104,390684411033
68129,99902	0,502884300000005	2,05845166	1,00586943352371	104,558930258546
68139,99902	0,503063199999985	2,059209473	1,00588387178915	104,597423325037
68149,99902	0,502288299999975	2,055099121	1,00571181787638	104,388638238431
68159,99902	0,503152600000021	2,060821533	1,00581428705144	104,679307817341
68169,99902	0,502318100000025	2,0560979	1,00580757953443	104,439371158633
68179,99902	0,500410699999975	2,04957666	1,0059009196448	104,108125158734
68189,99902	0,501662399999987	2,050714111	1,00558550230806	104,165901914969
68199,99902	0,501334600000007	2,047781616	1,00584092807674	104,016946004978
68209,99902	0,501096200000006	2,04770874	1,00603915890985	104,01324427287
68219,99902	0,500649199999998	2,04820752	1,00602062171737	104,038579773455
68229,99902	0,503391000000022	2,05977417	1,00567949356571	104,626107075735
68239,99902	0,503539999999987	2,062272949	1,00581996933658	104,753032407172
68249,99902	0,50246709999999	2,056560303	1,00596240054971	104,462858891654
68259,99902	0,502288299999975	2,055939453	1,00583068175937	104,431322852644
68269,99902	0,503152600000021	2,060224609	1,00577581435021	104,648987098085
68279,99902	0,503063199999985	2,059796875	1,0059568112856	104,627260374867
68289,99902	0,502496899999983	2,057575439	1,00559379318318	104,514422664703
68299,99902	0,50213930000001	2,053512451	1,005668967185	104,308043429674
68309,99902	0,503331399999979	2,06043042	1,00566477523692	104,659441255651
68319,99902	0,50213930000001	2,052283691	1,00574376910266	104,245628638188
68329,99902	0,502645900000005	2,055973633	1,00591051381468	104,433059023721
68339,99902	0,50190090000001	2,051885742	1,00588070507295	104,225414842282
68349,99902	0,502735299999983	2,055830566	1,00567399732264	104,425791943922
68359,99902	0,502407500000004	2,055813477	1,00601419326347	104,424923909179
68369,99902	0,503063199999985	2,060325684	1,00578307999346	104,654121196729
68379,99902	0,502556500000026	2,057061279	1,00605005737472	104,488305937929
68389,99902	0,501334600000007	2,050368652	1,00581521826205	104,148354345507
68399,99902	0,502377700000011	2,053914063	1,00592532516451	104,328443287449
68409,99902	0,500351099999989	2,04609729	1,00600245660903	103,93139076548
68419,99902	0,500410699999975	2,047773315	1,00592411489078	104,016524356174
68429,99902	0,502496899999983	2,054776123	1,00588014594649	104,372231574135
68439,99902	0,502645900000005	2,056625732	1,00603133414015	104,466182353838
68449,99902	0,503152600000021	2,062150879	1,00601260990537	104,746831868746
68459,99902	0,502288299999975	2,054152588	1,00582192477883	104,340559150709
68469,99902	0,502824700000019	2,058205566	1,00563571166372	104,546429928379
68479,99902	0,503033399999993	2,060427734	1,00577292669712	104,65930482044
68489,99902	0,503897600000016	2,069440674	1,00583124088582	105,117116574389
68499,99902	0,502973699999984	2,060327393	1,00588033198857	104,654208005283
68509,99902	0,503629400000023	2,066512939	1,00578680683634	104,968402448316
68519,99902	0,504314899999997	2,071470215	1,0058100010821	105,220206989384
68529,99902	0,502586300000019	2,058791748	1,00586840829183	104,576205008381
68539,99902	0,502407500000004	2,056679688	1,00585676465844	104,468923045665
68549,99902	0,502645900000005	2,055203369	1,0058544361318	104,393933509422
68559,99902	0,503301599999986	2,061353271	1,00575001051426	104,706317417585
68569,99902	0,501423999999986	2,053468506	1,0058045988603	104,305811246
68579,99902	0,50356979999998	2,062710938	1,00601438030577	104,775280032509
68589,99902	0,502169100000003	2,05286792	1,00579211603711	104,27530451567
68599,99902	0,502735299999983	2,055565186	1,00583878559218	104,412311982527
68609,99902	0,502556500000026	2,05594873	1,00587614004049	104,43179407731
68619,99902	0,502049899999975	2,05301416	1,00584260545611	104,282732767816
68629,99902	0,503301599999986	2,061471924	1,00596798981381	104,712344389699
68639,99902	0,50356979999998	2,064539551	1,00588238145209	104,868164321634
68649,99902	0,503152600000021	2,062145996	1,00589663367546	104,74658383705
68659,99902	0,502645900000005	2,056744629	1,00591861864772	104,472221719917
68669,99902	0,502794900000026	2,057170898	1,0062531323034	104,493874028547
68679,99902	0,503212200000007	2,059220215	1,00601531151638	104,597968964291
68689,99902	0,504046599999981	2,066970947	1,00577069119153	104,991666937573
68699,99902	0,503063199999985	2,063014648	1,00575429548337	104,790706963986
68709,99902	0,503242	2,06154834	1,00583720223408	104,716225935897
68719,99902	0,50213930000001	2,05334375	1,00567921450259	104,299474272362
68729,99902	0,501751899999988	2,051598389	1,00576724441198	104,210818763651
68739,99902	0,502288299999975	2,053152832	1,00596491511842	104,28977660385
68749,99902	0,502407500000004	2,052837891	1,00609272202402	104,273779194392
68759,99902	0,501960499999996	2,049799072	1,0058251855163	104,119422563113
68769,99902	0,502169100000003	2,050552246	1,00559062546675	104,157679991873
68779,99902	0,502586300000019	2,053090332	1,00576379763244	104,286601920049
68789,99902	0,502735299999983	2,05336499	1,00584856680436	104,300553156906
68799,99902	0,504076399999974	2,065466553	1,00583878559218	104,915251333367
68809,99902	0,503659200000016	2,062149414	1,00578764502591	104,746757454158
68819,99902	0,50356979999998	2,061334961	1,00577339280254	104,705387362219
68829,99902	0,50246709999999	2,053307617	1,00607418483153	104,297638898766
68839,99902	0,50270549999999	2,054786133	1,00586216788046	104,372740031493
68849,99902	0,503152600000021	2,057090576	1,00576416971659	104,48979407731
68859,99902	0,502645900000005	2,054732422	1,00595410967459	104,370011784426
68869,99902	0,50246709999999	2,052521484	1,00598345331113	104,257707319551
68879,99902	0,503718800000001	2,061895996	1,00573268459572	104,733885101844
68889,99902	0,503539999999987	2,061164307	1,00546710453049	104,696719002387
68899,99902	0,502586300000019	2,055530518	1,00606915369366	104,410551023518
68909,99902	0,503480400000001	2,061311279	1,00586431036502	104,70418443643
68919,99902	0,503659200000016	2,061371094	1,00577190146525	104,707222735816
68929,99902	0,503212200000007	2,058943604	1,00595140806358	104,583918524915
68939,99902	0,502407500000004	2,054544922	1,0059614693391	104,360487733022
68949,99902	0,502973699999984	2,05654126	1,00608228866435	104,461891603596
68959,99902	0,503718800000001	2,062210205	1,00574423520808	104,749845329405
68969,99902	0,502973699999984	2,058893311	1,00577898106642	104,581363894956
68979,99902	0,502914099999998	2,056911377	1,00568471074566	104,480691674709
68989,99902	0,50356979999998	2,065538574	1,00565294556145	104,9189096358
68999,99902	0,502973699999984	2,061422852	1,00597730492057	104,709851780363
69009,99902	0,502914099999998	2,057941406	1,00570576250686	104,533011936811
69019,99902	0,501751899999988	2,050743896	1,0058079526188	104,167414842282
69029,99902	0,502914099999998	2,054480225	1,00605490147029	104,357201452735
69039,99902	0,502586300000019	2,052565674	1,00593920530373	104,259951947986
69049,99902	0,500768400000027	2,04721814	1,00594526067325	103,988324274902
69059,99902	0,501245200000028	2,049097412	1,00571293612929	104,083781784934
69069,99902	0,502645900000005	2,054153809	1,00593957738788	104,340621171331
69079,99902	0,502228699999989	2,051622803	1,00592644341742	104,212058871336
69089,99902	0,503242	2,05861084	1,00599854372407	104,567015797227
69099,99902	0,50270549999999	2,054362305	1,00593715584021	104,351211713313
69109,99902	0,503152600000021	2,057659424	1,00586412332272	104,518688677808
69119,99902	0,50270549999999	2,055426514	1,00587045775535	104,405268146493
69129,99902	0,503242	2,05894873	1,00618717938708	104,584178899782
69139,99902	0,504046599999981	2,063949951	1,00580012684888	104,838215624524
69149,99902	0,503242	2,057925781	1,00597749096265	104,532218265861
69159,99902	0,502735299999983	2,057095947	1,00602360239149	104,490066896937
69169,99902	0,503152600000021	2,060939941	1,00563114763149	104,685322344694
69179,99902	0,503063199999985	2,058506592	1,0058660797652	104,561720526236
69189,99902	0,503033399999993	2,058583008	1,00605080254325	104,565602072434
69199,99902	0,502794900000026	2,056267822	1,00593818007185	104,448002336567
69209,99902	0,502407500000004	2,053054688	1,00561717447124	104,284791385178
69219,99902	0,503122800000028	2,057312012	1,00591181810967	104,501041905826
69229,99902	0,502794900000026	2,054930908	1,00603813367798	104,380093869051
69239,99902	0,503152600000021	2,059864502	1,00578587462551	104,63069548433
69249,99902	0,503331399999979	2,060638184	1,00562220460888	104,669994615736
69259,99902	0,503331399999979	2,060573975	1,00601000131539	104,666733123381
69269,99902	0,503212200000007	2,061944092	1,0057881101311	104,736328135318
69279,99902	0,503629400000023	2,064594727	1,00608582846493	104,870966983288
69289,99902	0,502645900000005	2,057273193	1,00567409134391	104,499070097018
69299,99902	0,502556500000026	2,056133545	1,00596566028695	104,441181744298
69309,99902	0,502407500000004	2,054845703	1,00578615468885	104,375765886118
69319,99902	0,50246709999999	2,054291992	1,0058236021582	104,347640168639
69329,99902	0,503867800000023	2,064152588	1,00587744433548	104,848508558948
69339,99902	0,50356979999998	2,062823486	1,00563925146431	104,780996901509
69349,99902	0,503242	2,059813965	1,00579742623809	104,628128460405
69359,99902	0,503122800000028	2,059120605	1,00583431458099	104,592909280236
69369,99902	0,50380819999998	2,063371338	1,00582909840127	104,808825011429
69379,99902	0,503212200000007	2,061391846	1,00590175783437	104,708276832427
69389,99902	0,503242	2,06068042	1,00578689985738	104,672139990857
69399,99902	0,503331399999979	2,060555176	1,00591423965734	104,665778229288
69409,99902	0,502973699999984	2,056481934	1,00577246059171	104,458878142937
69419,99902	0,502735299999983	2,058453125	1,00588946105326	104,559004673135
69429,99902	0,502794900000026	2,058202393	1,00583738827616	104,546268756032
69439,99902	0,502884300000005	2,060103516	1,00590045353939	104,642836186316
69449,99902	0,503659200000016	2,064842041	1,00577078421257	104,883529283283
69459,99902	0,503867800000023	2,066943115	1,00598727217483	104,99025321278
69469,99902	0,503242	2,062467285	1,00568899571477	104,762903692792
69479,99902	0,503391000000022	2,062479492	1,00591833858438	104,763523746635
69489,99902	0,503480400000001	2,060283203	1,00579621496414	104,651963376848
69499,99902	0,503867800000023	2,062298584	1,00593529241876	104,75433453548
69509,99902	0,504225399999996	2,066180664	1,00560245614245	104,951524559354
69519,99902	0,50380819999998	2,06539917	1,00576901381216	104,91182861787
69529,99902	0,503212200000007	2,057833496	1,00565909295178	104,527530654747
69539,99902	0,50213930000001	2,052681396	1,00552849241435	104,265830040128
69549,99902	0,503629400000023	2,064299316	1,00595019778985	104,855961599025
69559,99902	0,503391000000022	2,061968506	1,00576286642183	104,737568243003
69569,99902	0,503778399999987	2,065930176	1,00573920507043	104,938801036217
69579,99902	0,50356979999998	2,062255371	1,00597106350897	104,752139533702
69589,99902	0,503391000000022	2,060080566	1,00586514855459	104,641670442424
69599,99902	0,503391000000022	2,057689453	1,00559928842602	104,520213999086
69609,99902	0,503301599999986	2,058787598	1,00591470576276	104,575994209377
69619,99902	0,503659200000016	2,062388428	1,00591107294114	104,758898156144
69629,99902	0,502914099999998	2,057812988	1,00595802255955	104,5264889521
69639,99902	0,502645900000005	2,055062744	1,00584288451922	104,386790470869
69649,99902	0,502824700000019	2,05688208	1,00558438405515	104,479203535328
69659,99902	0,503242	2,059014893	1,00588815675827	104,587539645451
69669,99902	0,502914099999998	2,057333496	1,00595224625315	104,502133184335
69679,99902	0,503778399999987	2,060687744	1,00575205997778	104,672512013003
69689,99902	0,501543200000015	2,053799072	1,00586058352214	104,322602326408
69699,99902	0,503778399999987	2,06326709	1,00583189303332	104,803529740438
69709,99902	0,503778399999987	2,065608887	1,00581242363	104,922481180474
69719,99902	0,502824700000019	2,057264893	1,00591051381468	104,498648499009
69729,99902	0,503391000000022	2,059809326	1,00606431059831	104,627892822675
69739,99902	0,503778399999987	2,062456787	1,00579425852166	104,762370447503
69749,99902	0,504791699999998	2,070121826	1,00580553007091	105,151715649921
69759,99902	0,503242	2,058018311	1,00589318789614	104,536918321735
69769,99902	0,503659200000016	2,062420898	1,00597534847809	104,760547467872
69779,99902	0,503152600000021	2,058708496	1,00594861343153	104,571976227968
69789,99902	0,503331399999979	2,059244873	1,00581614947266	104,599221465942
69799,99902	0,502735299999983	2,055605469	1,00579360637417	104,414358155128
69809,99902	0,503986999999995	2,06568335	1,00587697923029	104,926263524153
69819,99902	0,504225399999996	2,064756348	1,00577013206507	104,879176512419
69829,99902	0,502645900000005	2,054897461	1,00602751427623	104,378394930665
69839,99902	0,504136000000017	2,065608887	1,0059474031578	104,922481180474
69849,99902	0,503539999999987	2,063547119	1,00591051381468	104,817753796922
69859,99902	0,503659200000016	2,063736084	1,00594889349487	104,827352262915
69869,99902	0,503331399999979	2,060246338	1,00581885108367	104,650090821354
69879,99902	0,503539999999987	2,061430908	1,00594628490489	104,710260984406
69889,99902	0,50380819999998	2,061814453	1,00582490645319	104,729743129984
69899,99902	0,503242	2,060076416	1,00576221427434	104,64145964342
69909,99902	0,503718800000001	2,062351074	1,00576072393727	104,757000761924
69919,99902	0,50380819999998	2,062713623	1,00613855338952	104,775416416925
69929,99902	0,50270549999999	2,056013916	1,00559984755247	104,435105196322
69939,99902	0,503331399999979	2,059962646	1,00586822224976	104,635680703002
69949,99902	0,503122800000028	2,058754639	1,00576836166467	104,574320058922
69959,99902	0,503539999999987	2,062200439	1,00616594058358	104,749349266013
69969,99902	0,50246709999999	2,054153809	1,00591088689906	104,340621171331
69979,99902	0,503152600000021	2,058532227	1,00567753712323	104,563022654544
69989,99902	0,502824700000019	2,056134277	1,00610595001574	104,441218926195
69999,99902	0,503391000000022	2,060037354	1,00573706258588	104,639475491441
70009,99902	0,503659200000016	2,062099609	1,00575783528396	104,74422761213
70019,99902	0,503539999999987	2,066726807	1,00584018290821	104,97926586072
70029,99902	0,503480400000001	2,06209668	1,00598401243758	104,744078833748
70039,99902	0,502824700000019	2,059072998	1,00575019755656	104,590491085488
70049,99902	0,504404299999976	2,068154541	1,0059416268514	105,051787524763
70059,99902	0,502824700000019	2,058539551	1,00598960070146	104,56339467669
70069,99902	0,503957200000002	2,066072266	1,00571070062369	104,946018489358
70079,99902	0,504136000000017	2,06734668	1,00577329878128	105,010752273074
70089,99902	0,504314899999997	2,067893066	1,00594265208327	105,038505917611
70099,99902	0,502973699999984	2,059195557	1,00592411489078	104,59671646264
70109,99902	0,503301599999986	2,060667236	1,00598084472115	104,671470310357
70119,99902	0,503033399999993	2,058471191	1,00586514855459	104,559922334535
70129,99902	0,503122800000028	2,059501953	1,00570278183273	104,612279829329
70139,99902	0,503539999999987	2,0620354	1,00593790100874	104,740966119774
70149,99902	0,503539999999987	2,062673096	1,00562751380965	104,773357850358
70159,99902	0,503331399999979	2,062356201	1,00582732800086	104,757261187586
70169,99902	0,503331399999979	2,063054932	1,00578373214095	104,792753187383
70179,99902	0,503897600000016	2,066552002	1,00573026204782	104,97038665109
70189,99902	0,503331399999979	2,063349609	1,00567269402788	104,80772128816
70199,99902	0,503957200000002	2,067677979	1,00573016902679	105,027580586174
70209,99902	0,503867800000023	2,067298584	1,00614665722234	105,0083092396
70219,99902	0,504046599999981	2,069114258	1,00571293612929	105,100536292985
70229,99902	0,503986999999995	2,065695801	1,00589737984422	104,926895971961
70239,99902	0,503897600000016	2,065946045	1,00573454701694	104,939607101133
70249,99902	0,503629400000023	2,064763184	1,00578438428845	104,879523746635
70259,99902	0,503301599999986	2,062447754	1,00576156212684	104,761911616803
70269,99902	0,503897600000016	2,066382813	1,00565518106704	104,961792705847
70279,99902	0,504046599999981	2,066263672	1,00590576274015	104,955740945802
70289,99902	0,50270549999999	2,057229248	1,00583049571729	104,496837913344
70299,99902	0,50270549999999	2,056349365	1,00578671281508	104,452144308427
70309,99902	0,503957200000002	2,064389648	1,00578307999346	104,860550007619
70319,99902	0,50270549999999	2,057906982	1,0058542490895	104,531263371768
70329,99902	0,503242	2,061081055	1,00571060660243	104,692490221974
70339,99902	0,504553299999998	2,070862061	1,00566756986897	105,189315842942
70349,99902	0,503629400000023	2,064449463	1,00571908351962	104,863588307005
70359,99902	0,503867800000023	2,067180176	1,00579528375354	105,002294712247
70369,99902	0,504553299999998	2,069232422	1,005782520867	105,106538426373
70379,99902	0,50380819999998	2,065577393	1,0059009196448	104,920881444608
70389,99902	0,503033399999993	2,060387451	1,00595168812692	104,657258647839
70399,99902	0,503301599999986	2,060754639	1,00587288030325	104,67590994057
70409,99902	0,504732100000012	2,072005127	1,00572839962661	105,24737781277
70419,99902	0,503957200000002	2,066230957	1,00611545116458	104,954079189313
70429,99902	0,504225399999996	2,068145264	1,00603981105735	105,051316300096
70439,99902	0,503897600000016	2,065093262	1,00593305691317	104,896290039112
70449,99902	0,502914099999998	2,057632813	1,00585900016403	104,517336973637
70459,99902	0,502556500000026	2,056771729	1,00595317846398	104,473598262813
70469,99902	0,503718800000001	2,062153564	1,00572607009975	104,746968253162
70479,99902	0,504225399999996	2,065744385	1,00593287087109	104,929363793366
70489,99902	0,503480400000001	2,060958496	1,00577255361275	104,686264844821
70499,99902	0,503986999999995	2,063811035	1,00580385369177	104,831159394524
70509,99902	0,503212200000007	2,059449219	1,00593883221935	104,60960120892
70519,99902	0,503659200000016	2,062951904	1,00582751404294	104,787519886219
70529,99902	0,503957200000002	2,065494873	1,00592765469137	104,916689846091
70539,99902	0,503629400000023	2,063208008	1,00573147332177	104,800528673744
70549,99902	0,503986999999995	2,064415771	1,00582313605278	104,861876923858
70559,99902	0,503063199999985	2,058239746	1,00588648037913	104,548166099456
70569,99902	0,503301599999986	2,061038574	1,00585993137464	104,690332402093
70579,99902	0,503450600000008	2,05913208	1,00570613559123	104,593492152182
70589,99902	0,503718800000001	2,06201123	1,00601084050519	104,739738406055
70599,99902	0,503957200000002	2,063670654	1,00566850207981	104,824028749937
70609,99902	0,503450600000008	2,060478027	1,00562621051488	104,661859450399
70619,99902	0,503391000000022	2,059148193	1,0058716690293	104,594310611063
70629,99902	0,503539999999987	2,061453125	1,00582909840127	104,711389495606
70639,99902	0,502973699999984	2,056314697	1,00559537654128	104,450383349418
70649,99902	0,503450600000008	2,061629639	1,00571703505633	104,720355513791
70659,99902	0,503331399999979	2,05880127	1,00572392761519	104,576688677808
70669,99902	0,503718800000001	2,061618164	1,00570837109683	104,719772641845
70679,99902	0,503331399999979	2,059388672	1,00599686734493	104,606525727638
70689,99902	0,503718800000001	2,062248047	1,00588517608414	104,751767511556
70699,99902	0,503301599999986	2,060345459	1,0056595590572	104,655125666684
70709,99902	0,50356979999998	2,06002832	1,0059433972518	104,639016609946
70719,99902	0,50356979999998	2,061291992	1,00583869257114	104,703204754406
70729,99902	0,502824700000019	2,056204834	1,00591051381468	104,444802864835
70739,99902	0,503450600000008	2,061140381	1,00586663889166	104,695503682633
70749,99902	0,503242	2,057809326	1,0059322187236	104,526302941027
70759,99902	0,502973699999984	2,056263672	1,00576090997935	104,447791537563
70769,99902	0,503331399999979	2,059412598	1,00583953076071	104,607741047392
70779,99902	0,504225399999996	2,067120117	1,00575559977836	104,999244018896
70789,99902	0,503450600000008	2,062294922	1,0059827081426	104,754148524407
70799,99902	0,503897600000016	2,066516602	1,00596668551882	104,968588510184
70809,99902	0,505298299999993	2,074974854	1,0058676631233	105,398224919998
70819,99902	0,504225399999996	2,068079834	1,005862913049	105,047992787118
70829,99902	0,504404299999976	2,068141846	1,00562686166215	105,051142682989
70839,99902	0,503391000000022	2,061219971	1,00600403996713	104,699546451973
70849,99902	0,503391000000022	2,06002002	1,00594209295682	104,638595011937
70859,99902	0,504732100000012	2,070074707	1,00591684824732	105,149322243105
70869,99902	0,504732100000012	2,069606689	1,00591181810967	105,12554929649
70879,99902	0,504791699999998	2,069978516	1,00587064479766	105,144436226952
70889,99902	0,503391000000022	2,061960449	1,00584661036188	104,737158988165
70899,99902	0,504732100000012	2,069166748	1,0057038070646	105,103202519429
70909,99902	0,503331399999979	2,060619629	1,00605508751236	104,669052115609
70919,99902	0,504553299999998	2,068149414	1,00613287110438	105,051527099101
70929,99902	0,503539999999987	2,060717529	1,00576221427434	104,674024940316
70939,99902	0,503212200000007	2,057568115	1,00581354188291	104,514050642556
70949,99902	0,503122800000028	2,058052979	1,00578634073093	104,538679280744
70959,99902	0,502884300000005	2,055545654	1,00568722531437	104,411319855742
70969,99902	0,503033399999993	2,057002197	1,00594134778828	104,485304871235
70979,99902	0,502735299999983	2,055889893	1,00596202746533	104,428805455377
70989,99902	0,504076399999974	2,063041748	1,00606682516702	104,792083506883
70999,99902	0,504285100000004	2,067083496	1,00595243329545	104,997383857368
71009,99902	0,50356979999998	2,062986816	1,00609216289756	104,789293239193
71019,99902	0,504732100000012	2,068925293	1,00574824111408	105,090937826992
71029,99902	0,504285100000004	2,068493896	1,00613976466347	105,069025041906
71039,99902	0,503450600000008	2,061624512	1,00596445001323	104,720095088129
71049,99902	0,502914099999998	2,056684814	1,00574973145114	104,469183420531
71059,99902	0,503659200000016	2,059248779	1,00573780775441	104,599419870981
71069,99902	0,504612899999984	2,066985107	1,00584698344626	104,992386193935
71079,99902	0,504523500000005	2,066423096	1,00605788214442	104,963838878448
71089,99902	0,503629400000023	2,06024707	1,00574973145114	104,650128003251
71099,99902	0,50356979999998	2,059662598	1,00583999686613	104,620439782598
71109,99902	0,503391000000022	2,059978271	1,00590641488764	104,636474373952
71119,99902	0,504285100000004	2,065365479	1,005883499705	104,910117285518
71129,99902	0,504404299999976	2,067742432	1,00613519963102	105,030854472495
71139,99902	0,503539999999987	2,062020752	1,00595895377016	104,740222075481
71149,99902	0,503897600000016	2,064814453	1,00583804042365	104,882127952456
71159,99902	0,504195600000003	2,063743652	1,00595578605373	104,827736679027
71169,99902	0,503122800000028	2,057953369	1,00575848743145	104,533619596688
71179,99902	0,502973699999984	2,056321289	1,00579379241625	104,450718189668
71189,99902	0,504314899999997	2,066078857	1,00592122623747	104,946353278813
71199,99902	0,504404299999976	2,069564697	1,00589048628513	105,123416315335
71209,99902	0,50494070000002	2,071906738	1,00590902347762	105,242380149337
71219,99902	0,504195600000003	2,067497559	1,00579267516356	105,01841616295
71229,99902	0,504046599999981	2,065706055	1,00590045353939	104,927416823284
71239,99902	0,503986999999995	2,066536621	1,0056761398072	104,969605374105
71249,99902	0,503867800000023	2,064991455	1,00579425852166	104,891118758572
71259,99902	0,503629400000023	2,063991211	1,00593724886124	104,840311423782
71269,99902	0,504374499999983	2,067466064	1,00586365821753	105,016816376289
71279,99902	0,503986999999995	2,06552832	1,00596547424487	104,918388784477
71289,99902	0,504285100000004	2,068069092	1,00609234893964	105,047447147864
71299,99902	0,503718800000001	2,063136963	1,00597823613118	104,796919947173
71309,99902	0,503867800000023	2,06419873	1,00576081695831	104,850852339107
71319,99902	0,503718800000001	2,063214355	1,00595336450606	104,800851069234
71329,99902	0,504791699999998	2,071066162	1,00592076113228	105,199683141159
71339,99902	0,503957200000002	2,067739502	1,00581130537709	105,030705643318
71349,99902	0,504225399999996	2,068232422	1,00634376980254	105,055743485549
71359,99902	0,502556500000026	2,057857666	1,00575541373629	104,528758368466
71369,99902	0,503897600000016	2,064632324	1,00601708191678	104,872876720679
71379,99902	0,504046599999981	2,065237305	1,00578205576181	104,903606694773
71389,99902	0,503778399999987	2,065267334	1,00587437064032	104,905132016051
71399,99902	0,503391000000022	2,062446777	1,00572802654223	104,761861990146
71409,99902	0,502914099999998	2,058853271	1,00608797094949	104,579330065525
71419,99902	0,504612899999984	2,068229736	1,0058716690293	105,055607050338
71429,99902	0,501394199999993	2,056248291	1,00601614970595	104,447010260578
71439,99902	0,502884300000005	2,056141113	1,00572085392002	104,44156616041
71449,99902	0,502794900000026	2,056779541	1,00580990806106	104,473995072891
71459,99902	0,503331399999979	2,059374023	1,0058660797652	104,605781632549
71469,99902	0,503539999999987	2,060526611	1,0056336622002	104,664327271804
71479,99902	0,503152600000021	2,060401123	1,00593790100874	104,65795311627
71489,99902	0,503986999999995	2,06397998	1,00564223213843	104,839740945802
71499,99902	0,503391000000022	2,059601318	1,00555615867152	104,617327068624
71509,99902	0,504642699999977	2,06647168	1,00588666642121	104,966306699853
71519,99902	0,504225399999996	2,066045654	1,00592532516451	104,944666734393
71529,99902	0,504195600000003	2,064332764	1,00596267961282	104,857660588205
71539,99902	0,504046599999981	2,064368896	1,00589262876969	104,859495911007
71549,99902	0,504046599999981	2,063994629	1,00590827830908	104,84048504089
71559,99902	0,503897600000016	2,063727539	1,00575923259998	104,826918220145
71569,99902	0,503897600000016	2,064010498	1,00589104541159	104,841291105806
71579,99902	0,504314899999997	2,067727783	1,00597078444586	105,030110377406
71589,99902	0,504285100000004	2,066652588	1,00560227010037	104,975495911007
71599,99902	0,504046599999981	2,064054688	1,00562108635597	104,843535734241
71609,99902	0,503212200000007	2,058847656	1,00565806872013	104,579044851933
71619,99902	0,503986999999995	2,063690186	1,0061608174249	104,825020876721
71629,99902	0,503331399999979	2,057755371	1,00606794341994	104,523562299995
71639,99902	0,504076399999974	2,063869141	1,00613697003142	104,834110885356
71649,99902	0,503033399999993	2,056552734	1,00574376910266	104,462474424747
71659,99902	0,503718800000001	2,061207275	1,00564810146588	104,698901559405
71669,99902	0,504046599999981	2,062735107	1,00595513490646	104,776507695434
71679,99902	0,503778399999987	2,062291748	1,00598233505822	104,753987301265
71689,99902	0,504463900000019	2,067907715	1,00552672201395	105,039250012699
71699,99902	0,503957200000002	2,062535645	1,00587660614591	104,766376034947
71709,99902	0,503659200000016	2,062999756	1,00610548391033	104,789950525728
71719,99902	0,504642699999977	2,068212891	1,00582667585337	105,05475140956
71729,99902	0,503957200000002	2,065822021	1,00583915867656	104,933307309392
71739,99902	0,504195600000003	2,065322754	1,00582155269468	104,907947071672
71749,99902	0,503986999999995	2,063888428	1,00588377876812	104,835090567379
71759,99902	0,503778399999987	2,06405127	1,00579369939521	104,843362117133
71769,99902	0,503778399999987	2,062642334	1,00579826442766	104,771795296388
71779,99902	0,504285100000004	2,06580249	1,00590194387645	104,932315233403
71789,99902	0,504225399999996	2,065587891	1,00582751404294	104,921414689897
71799,99902	0,50356979999998	2,061035645	1,00584409579317	104,690183623711
71809,99902	0,503331399999979	2,059858643	1,00580478490237	104,630397876771
71819,99902	0,504970500000013	2,072570068	1,0056084174907	105,276073957434
71829,99902	0,505030099999999	2,07435376	1,00588377876812	105,366676487022
71839,99902	0,505030099999999	2,073193115	1,00587660614591	105,307721592929
71849,99902	0,504553299999998	2,070104004	1,00591340146777	105,150810382486
71859,99902	0,504404299999976	2,067854248	1,00593724886124	105,036534159598
71869,99902	0,504553299999998	2,069538818	1,00566263275236	105,122101793061
71879,99902	0,504732100000012	2,068923096	1,00582099356823	105,090826230507
71889,99902	0,504553299999998	2,069602539	1,00579733321705	105,125338497486
71899,99902	0,504225399999996	2,066563232	1,00584316458256	104,970957078275
71909,99902	0,504463900000019	2,065995361	1,00577087723361	104,942112104434
71919,99902	0,505387700000028	2,07376001	1,00568051879758	105,336516990908
71929,99902	0,505566600000009	2,076081787	1,00597339203561	105,454451516229
71939,99902	0,504732100000012	2,070506104	1,0056555531512	105,171235028191
71949,99902	0,504076399999974	2,064419922	1,00584232539276	104,862087773658
71959,99902	0,50494070000002	2,069681152	1,00591535791025	105,129331640169
71969,99902	0,503778399999987	2,06357666	1,00579845046974	104,819254330269
71979,99902	0,504821499999991	2,06956543	1,00581531128309	105,123453548027
71989,99902	0,503867800000023	2,0628125	1,0057534572938	104,780438868289
71999,99902	0,503778399999987	2,063920654	1,00584828774125	104,836727485142
72009,99902	0,504195600000003	2,066634766	1,00573380184841	104,974590643572
72019,99902	0,504553299999998	2,068445801	1,00584549310919	105,066582059227
72029,99902	0,504821499999991	2,069259521	1,00573920507043	105,107914918474
72039,99902	0,505477100000007	2,074375977	1,00582276396863	105,367804998222
72049,99902	0,504046599999981	2,064824219	1,00592150630081	104,882624015848
72059,99902	0,504702300000019	2,071517578	1,0059228105958	105,222612790166
72069,99902	0,504463900000019	2,066949463	1,00586794318664	104,990575659064
72079,99902	0,504285100000004	2,0665625	1,00582555860068	104,970919896378
72089,99902	0,504970500000013	2,06970459	1,0056589069097	105,130522171992
72099,99902	0,505298299999993	2,074096924	1,00582015537866	105,3536305176
72109,99902	0,506013600000017	2,078771484	1,00600860399936	105,591074516178
72119,99902	0,505059899999992	2,075097656	1,00594507363094	105,404462640321
72129,99902	0,504225399999996	2,068654053	1,00571060660243	105,077160207243
72139,99902	0,504463900000019	2,067758057	1,00575634494689	105,031648143445
72149,99902	0,505387700000028	2,074996582	1,00601214379995	105,399328592472
72159,99902	0,504791699999998	2,071797119	1,00589281481176	105,236812058719
72169,99902	0,504285100000004	2,068991699	1,00587884165151	105,094310915833
72179,99902	0,505298299999993	2,075093262	1,0058873185687	105,404239447351
72189,99902	0,505447300000014	2,073801025	1,00587483674573	105,338600345406
72199,99902	0,505208900000014	2,071112305	1,00571470552947	105,202026972114
72209,99902	0,505298299999993	2,073971924	1,00568247423984	105,347281149997
72219,99902	0,504553299999998	2,067289307	1,00592895798613	105,007838014934
72229,99902	0,505030099999999	2,071450928	1,00575737017877	105,21922730736
72239,99902	0,505030099999999	2,072150146	1,00561111910172	105,254744044293
72249,99902	0,506550000000004	2,083786133	1,006061421945	105,845793315386
72259,99902	0,505477100000007	2,075800049	1,00575709011543	105,440140651191
72269,99902	0,505387700000028	2,074295898	1,00581167846146	105,363737390156
72279,99902	0,505536699999993	2,075731201	1,00583897263448	105,436643521105
72289,99902	0,505208900000014	2,071667725	1,00572001573045	105,230239498146
72299,99902	0,504553299999998	2,067960205	1,00572700231058	105,041916239143
72309,99902	0,504612899999984	2,067470703	1,00570855713891	105,017052014019
72319,99902	0,504791699999998	2,070018799	1,00592187838496	105,146482399553
72329,99902	0,5052685	2,075663574	1,00578205576181	105,433208411642
72339,99902	0,505298299999993	2,075013428	1,00592020200582	105,400184284045
72349,99902	0,505357899999979	2,075738037	1,00577879502434	105,436990755321
72359,99902	0,504195600000003	2,068098877	1,00594032355664	105,048960075177
72369,99902	0,504404299999976	2,069048828	1,00604130139441	105,097212780007
72379,99902	0,504702300000019	2,067911621	1,00586477547021	105,039448417738
72389,99902	0,504076399999974	2,062668457	1,00586486849125	104,773122212628
72399,99902	0,50380819999998	2,061006348	1,00593911228269	104,68869548433
72409,99902	0,502973699999984	2,058961426	1,00619901006278	104,58482379235
72419,99902	0,502645900000005	2,057995361	1,00597711887849	104,535752577843
72429,99902	0,502228699999989	2,055047363	1,00599351358642	104,386009193884
72439,99902	0,503659200000016	2,060227295	1,00616519541505	104,649123533296
72449,99902	0,502079700000024	2,056070557	1,00598326626883	104,437982272566
72459,99902	0,50190090000001	2,052469238	1,00560981480673	104,255053487073
72469,99902	0,503897600000016	2,057769043	1,00551461227513	104,524256768426
72479,99902	0,502407500000004	2,053889648	1,00603785461487	104,327203128968
72489,99902	0,500559800000019	2,045292236	1,00573324372218	103,89049809519
72499,99902	0,502407500000004	2,050889893	1,00574665775598	104,174830751257
72509,99902	0,502228699999989	2,04967627	1,00581279571415	104,11318484279
72519,99902	0,503897600000016	2,057886719	1,00578615468885	104,530234113882
72529,99902	0,501990299999989	2,051375	1,00592811979656	104,199471732615
72539,99902	0,500351099999989	2,044621338	1,00600534426212	103,856419870981
72549,99902	0,501096200000006	2,046565674	1,00607697946358	103,955182303043
72559,99902	0,501334600000007	2,046205811	1,00599817163992	103,936903083253
72569,99902	0,502556500000026	2,048673584	1,00590725407744	104,062253466755
72579,99902	0,502288299999975	2,044020142	1,00563058850504	103,825882155737
72589,99902	0,501811499999974	2,046709229	1,00578950744713	103,962474170773
72599,99902	0,500410699999975	2,041494385	1,00563012239962	103,697586478387
72609,99902	0,50026170000001	2,038639771	1,00576715139095	103,552586529182
72619,99902	0,501632599999994	2,038627563	1,00571191089741	103,551966424544
72629,99902	0,502377700000011	2,041585449	1,00592662945949	103,702212068878
72639,99902	0,503122800000028	2,047410767	1,00605788214442	103,998108751968
72649,99902	0,500142499999981	2,037786255	1,00565424885621	103,509232234469
72659,99902	0,502318100000025	2,044285645	1,00584679740418	103,839368364911
72669,99902	0,501573000000008	2,041500122	1,00583170599101	103,697877888962
72679,99902	0,50026170000001	2,039887817	1,00567791020761	103,615980951897
72689,99902	0,501960499999996	2,043493774	1,00582136665261	103,799145324326
72699,99902	0,502228699999989	2,044937012	1,00587874863047	103,87245451313
72709,99902	0,500589600000012	2,038776245	1,00584353666671	103,559518717936
72719,99902	0,501662399999987	2,042044678	1,00580906987149	103,725538578758
72729,99902	0,500649199999998	2,038398682	1,0058716690293	103,540340427693
72739,99902	0,502228699999989	2,046074219	1,005769946023	103,9302188754
72749,99902	0,499427299999979	2,032202271	1,00568778444082	103,225594097628
72759,99902	0,498980200000005	2,029946167	1,00590762616159	103,110995428455
72769,99902	0,500500199999976	2,032088989	1,00568741135645	103,219839945141
72779,99902	0,500976999999978	2,029686157	1,00587660614591	103,097788235892
72789,99902	0,499516700000015	2,028848389	1,00583058873833	103,055233859908
72799,99902	0,501662399999987	2,035964844	1,00577059817049	103,416713770508
72809,99902	0,502377700000011	2,044595947	1,00584810169917	103,855130136638
72819,99902	0,500768400000027	2,035829346	1,00580757953443	103,409831157617
72829,99902	0,499904099999981	2,032110474	1,00592169234289	103,220931274445
72839,99902	0,499069599999984	2,028342041	1,0057132151924	103,029513943211
72849,99902	0,499278300000014	2,02811438	1,00596072317034	103,017949916188
72859,99902	0,501722099999995	2,035437622	1,00575485460983	103,389933560217
72869,99902	0,500559800000019	2,02980542	1,00583347639142	103,103846192919
72879,99902	0,500500199999976	2,032469238	1,00597432424644	103,239154670595
72889,99902	0,499725300000023	2,031417114	1,00594470154679	103,185712094275
72899,99902	0,500976999999978	2,031799438	1,00567912148156	103,205132219231
72909,99902	0,502318100000025	2,040435791	1,00595066289505	103,6438152588
72919,99902	0,50246709999999	2,043421265	1,00579304724771	103,795462233962
72929,99902	0,501662399999987	2,04110083	1,00580338758635	103,677595875451
72939,99902	0,501722099999995	2,0401875	1,00588228843105	103,631203332148
72949,99902	0,502377700000011	2,04514624	1,00594442148345	103,883082237009
72959,99902	0,501483600000029	2,040501221	1,00608061228521	103,647138771778
72969,99902	0,500917399999992	2,040530884	1,00581186450354	103,648645502108
72979,99902	0,500142499999981	2,038125854	1,00576379763244	103,526482145578
72989,99902	0,499844499999995	2,035499634	1,00567390430161	103,393083456088
72999,99902	0,500321299999996	2,033848633	1,00584549310919	103,309220957993
73009,99902	0,499814700000002	2,036634888	1,00602555883398	103,450748615838
73019,99902	0,50026170000001	2,032828369	1,00581167846146	103,257396708488
73029,99902	0,501990299999989	2,041045898	1,00584092807674	103,674805607761
73039,99902	0,501423999999986	2,037680176	1,0056218315245	103,503843957942
73049,99902	0,502049899999975	2,043179199	1,00573072815324	103,783166505816
73059,99902	0,500321299999996	2,038424316	1,00596202746533	103,541642505206
73069,99902	0,4993379	2,034172241	1,00573333674322	103,325658607203
73079,99902	0,49966569999998	2,034927002	1,0057525260832	103,363996647534
73089,99902	0,50026170000001	2,035904419	1,00587399755594	103,413644486209
73099,99902	0,499278300000014	2,032301514	1,00586123566963	103,23063513994
73109,99902	0,499069599999984	2,02933252	1,00583561887598	103,079825265404
73119,99902	0,498354399999982	2,025836914	1,00584251243507	102,90226616549
73129,99902	0,498354399999982	2,025380859	1,00582220484218	102,879100878752
73139,99902	0,501155799999992	2,034516357	1,00604148743649	103,343137959059
73149,99902	0,499278300000014	2,02930835	1,00559071848779	103,078597551684
73159,99902	0,498354399999982	2,027016479	1,00586868835518	102,962182099863
73169,99902	0,498592799999983	2,026163086	1,00576715139095	102,918834052928
73179,99902	0,498414000000025	2,025818115	1,00579137086857	102,901311271397
73189,99902	0,500351099999989	2,027884521	1,00593296389213	103,006274241885
73199,99902	0,499427299999979	2,025435059	1,00574088144957	102,881853964545
73209,99902	0,501483600000029	2,03610083	1,00584744955168	103,423621171331
73219,99902	0,501215399999978	2,034005737	1,0057534572938	103,317201046376
73229,99902	0,501155799999992	2,036121948	1,00602425453899	103,424693858892
73239,99902	0,498741800000005	2,026932251	1,00592830583863	102,957903743587
73249,99902	0,498682200000019	2,028109497	1,0058510823733	103,017701884492
73259,99902	0,501215399999978	2,034345703	1,00591861864772	103,334469599228
73269,99902	0,499755100000016	2,029450684	1,00573482708028	103,085827398791
73279,99902	0,49778809999998	2,023895386	1,00565974509927	102,803646365622
73289,99902	0,497907399999974	2,02199292	1,00566654563733	102,707010717733
73299,99902	0,49966569999998	2,026126831	1,00565098911897	102,916992482349
73309,99902	0,498086199999989	2,021270142	1,00582527853734	102,670297251994
73319,99902	0,500142499999981	2,025821167	1,00580431879696	102,901466297557
73329,99902	0,499069599999984	2,026568481	1,00567865537614	102,939426067964
73339,99902	0,501155799999992	2,034337524	1,00590240998187	103,334054147407
73349,99902	0,499278300000014	2,027887695	1,00579705315371	103,006435465028
73359,99902	0,500589600000012	2,029509766	1,00571489157154	103,088828465485
73369,99902	0,500410699999975	2,028664795	1,0059827081426	103,045908213542
73379,99902	0,500917399999992	2,03268689	1,00575606588378	103,250210291055
73389,99902	0,501334600000007	2,036355347	1,00607455691569	103,436549347285
73399,99902	0,501245200000028	2,036535156	1,0060213668859	103,4456827348
73409,99902	0,499993500000016	2,029224487	1,00587325238741	103,074337735562
73419,99902	0,498026600000003	2,02203064	1,00590883743554	102,7089267029
73429,99902	0,498324599999989	2,025014893	1,00579286120564	102,860511657439
73439,99902	0,499069599999984	2,022300537	1,00584987109935	102,722636105044
73449,99902	0,498741800000005	2,020313354	1,00599556304994	102,621697262153
73459,99902	0,498771599999998	2,021600098	1,00570119847463	102,687057347488
73469,99902	0,498831199999984	2,022911133	1,0059494516211	102,753651292731
73479,99902	0,499009999999998	2,024799805	1,00597674579412	102,849586275207
73489,99902	0,499486900000022	2,02400061	1,00585918620611	102,808991212475
73499,99902	0,499844499999995	2,027839722	1,00585900016403	103,003998679332
73509,99902	0,497341100000028	2,017896973	1,00585974533257	102,49895733225
73519,99902	0,499725300000023	2,025425781	1,00565471496163	102,881382689084
73529,99902	0,49966569999998	2,025655762	1,00580543704987	102,89306456037
73539,99902	0,501573000000008	2,039723511	1,00585005714142	103,60763503835
73549,99902	0,498980200000005	2,026209839	1,00578615468885	102,921208868797
73559,99902	0,499009999999998	2,025224609	1,00582136665261	102,871164169249
73569,99902	0,500500199999976	2,02742749	1,00549831058824	102,983059379286
73579,99902	0,498592799999983	2,027067871	1,00590268904498	102,964792553462
73589,99902	0,498354399999982	2,02643335	1,00583999686613	102,932562096815
73599,99902	0,498235200000011	2,024812988	1,00587502278781	102,850255904912
73609,99902	0,498414000000025	2,023779053	1,00596826887692	102,797737237771
73619,99902	0,498414000000025	2,022200928	1,00566822201647	102,717576471783
73629,99902	0,499427299999979	2,026555786	1,00589216266427	102,93878122619
73639,99902	0,499576300000001	2,028753418	1,00593510637669	103,050409813583
73649,99902	0,499814700000002	2,029687012	1,00559453835171	103,097831665566
73659,99902	0,499814700000002	2,02919812	1,00587697923029	103,072998425357
73669,99902	0,49799680000001	2,024384766	1,00571973566711	102,828504393762
73679,99902	0,498086199999989	2,022296143	1,00571368129782	102,722412912074
73689,99902	0,500500199999976	2,030528442	1,00597935438409	103,140572052624
73699,99902	0,499933899999974	2,02822998	1,00582798014835	103,023821811348
73709,99902	0,500976999999978	2,033054321	1,00576808260155	103,268873926957
73719,99902	0,500559800000019	2,031249023	1,00582751404294	103,177173921877
73729,99902	0,500321299999996	2,030258179	1,00572243727813	103,126844059532
73739,99902	0,497758299999987	2,022443237	1,00573492010132	102,7298845431
73749,99902	0,501245200000028	2,036475464	1,00583971780302	103,442650683192
73759,99902	0,500351099999989	2,032399048	1,00574758896659	103,235589373698
73769,99902	0,501066400000013	2,039828003	1,00585797593239	103,612942703307
73779,99902	0,501096200000006	2,041412109	1,00617777125928	103,693407273836
73789,99902	0,499814700000002	2,029408569	1,00597795706806	103,083688169858
73799,99902	0,500231900000017	2,031810913	1,00581941021012	103,205715091177
73809,99902	0,500142499999981	2,03363855	1,00604698367955	103,298549804439
73819,99902	0,500828000000013	2,035826538	1,00591358851007	103,409688525423
73829,99902	0,501304800000014	2,040833008	1,00587427761928	103,663991872809
73839,99902	0,500321299999996	2,034254395	1,00580972201898	103,329831614771
73849,99902	0,501990299999989	2,046023804	1,00591209717278	103,927658048458
73859,99902	0,502407500000004	2,049456055	1,00590706703514	104,101999034896
73869,99902	0,50213930000001	2,048686768	1,00584577217231	104,062923147255
73879,99902	0,501990299999989	2,049031738	1,00572169210959	104,080445877991
73889,99902	0,500410699999975	2,037066528	1,00588294057855	103,472673744095
73899,99902	0,501215399999978	2,042536865	1,00576780353844	103,750539188297
73909,99902	0,50246709999999	2,052692383	1,00588946105326	104,266388124143
73919,99902	0,502079700000024	2,049654053	1,00602369541253	104,112056331589
73929,99902	0,500976999999978	2,040251221	1,0058079526188	103,634440036572
73939,99902	0,501215399999978	2,043437256	1,0059147987838	103,79627449586
73949,99902	0,501573000000008	2,04303064	1,00603710944633	103,775620460202
73959,99902	0,501394199999993	2,042215942	1,00579491066916	103,734237923503
73969,99902	0,502079700000024	2,04663501	1,00590883743554	103,95870422106
73979,99902	0,501722099999995	2,04579895	1,00584586519335	103,916236602834
73989,99902	0,502884300000005	2,053369629	1,00570334095918	104,300788794636
73999,99902	0,501662399999987	2,044407104	1,00596882800338	103,845537867628
74009,99902	0,502049899999975	2,047864868	1,00579015959462	104,021174785391
74019,99902	0,50190090000001	2,047361572	1,00573501312236	103,995609894854
74029,99902	0,502496899999983	2,053036377	1,00607297355758	104,283861279017
74039,99902	0,502169100000003	2,049510742	1,00587474272447	104,104776857825
74049,99902	0,502556500000026	2,049758789	1,00577767777166	104,117376390511
74059,99902	0,50213930000001	2,048170166	1,0057462846716	104,036682379235
74069,99902	0,499576300000001	2,036799194	1,00593818007185	103,459094529385
74079,99902	0,502079700000024	2,046993286	1,00588256849439	103,976902829278
74089,99902	0,502049899999975	2,049697021	1,00596333176031	104,114238888607
74099,99902	0,502556500000026	2,052503174	1,00576649924345	104,256777264184
74109,99902	0,502377700000011	2,051935791	1,00600543728316	104,227957078275
74119,99902	0,503331399999979	2,059567627	1,00569458497888	104,615615736273
74129,99902	0,502377700000011	2,054830811	1,0057715293811	104,375009447859
74139,99902	0,50246709999999	2,054590332	1,00581205054562	104,362794331285
74149,99902	0,50356979999998	2,063083008	1,00596286665512	104,794179306141
74159,99902	0,503629400000023	2,062524414	1,00590240998187	104,765805556967
74169,99902	0,501662399999987	2,050340332	1,00559062546675	104,146915832783
74179,99902	0,50213930000001	2,049606934	1,00564223213843	104,109662924773
74189,99902	0,503063199999985	2,058914551	1,00582229786321	104,582442779499
74199,99902	0,50190090000001	2,051197998	1,00576603313804	104,1904809265
74209,99902	0,502735299999983	2,054533691	1,00594796128403	104,359917255041
74219,99902	0,503212200000007	2,060169434	1,00599751949242	104,646184487225
74229,99902	0,501990299999989	2,050933594	1,00581875806263	104,177050540966
74239,99902	0,502079700000024	2,049726074	1,00599509694453	104,115714634022
74249,99902	0,502377700000011	2,053103027	1,00569113819933	104,287246761823
74259,99902	0,50246709999999	2,053851318	1,00595056987401	104,325256158887
74269,99902	0,501751899999988	2,049292725	1,00569085813599	104,093702697211
74279,99902	0,502496899999983	2,053078125	1,00585536734241	104,285981866206
74289,99902	0,501722099999995	2,048371826	1,00582770108524	104,046925687002
74299,99902	0,502794900000026	2,055723389	1,00590771918263	104,42034789455
74309,99902	0,500589600000012	2,048757324	1,00589458521217	104,066507035099
74319,99902	0,50246709999999	2,052285156	1,00586412332272	104,245703052776
74329,99902	0,500231900000017	2,045996704	1,00591358851007	103,926281505562
74339,99902	0,501155799999992	2,044287231	1,00588266151543	103,839448925687
74349,99902	0,501751899999988	2,048016846	1,00594488758887	104,028894498908
74359,99902	0,499725300000023	2,040618652	1,00560646204845	103,653103672474
74369,99902	0,500917399999992	2,043129028	1,00572718835266	103,78061807284
74379,99902	0,501394199999993	2,043618408	1,00594069564079	103,80547610098
74389,99902	0,501751899999988	2,045851074	1,00583245115955	103,91888423833
74399,99902	0,501841300000024	2,049152588	1,00613221895689	104,086584446589
74409,99902	0,501304800000014	2,045066284	1,00597935438409	103,879020876721
74419,99902	0,502079700000024	2,048846191	1,00589384004364	104,071021029105
74429,99902	0,500887599999999	2,041111694	1,00582639679025	103,678147711688
74439,99902	0,499814700000002	2,040910767	1,00584931197289	103,667941636613
74449,99902	0,499993500000016	2,040166748	1,00577339280254	103,630149235536
74459,99902	0,499009999999998	2,037360596	1,00602974978183	103,487610910753
74469,99902	0,500976999999978	2,040291016	1,00580022087014	103,636461421242
74479,99902	0,501990299999989	2,048781494	1,00574321097643	104,067734748819
74489,99902	0,501096200000006	2,043293701	1,00587027171328	103,78898262813
74499,99902	0,499576300000001	2,039721558	1,00567250698558	103,607535835831
74509,99902	0,501423999999986	2,04155481	1,00581736074661	103,700655762686
74519,99902	0,500023300000009	2,038300049	1,00596398390781	103,535330370295
74529,99902	0,500231900000017	2,033660522	1,00586542761771	103,299665870879
74539,99902	0,502228699999989	2,047196167	1,0060616089873	103,987208157667
74549,99902	0,501066400000013	2,040307007	1,00597777102599	103,637273683141
74559,99902	0,501722099999995	2,045442871	1,00606058375543	103,898149591101
74569,99902	0,501662399999987	2,047595947	1,00587763137778	104,00751495911
74579,99902	0,501722099999995	2,046485962	1,00591796650023	103,95113333672
74589,99902	0,501751899999988	2,046529419	1,0058296565275	103,953340732463
74599,99902	0,501304800000014	2,04278186	1,00563040246296	103,762983694824
74609,99902	0,501394199999993	2,044468262	1,00582295001071	103,848644384619
74619,99902	0,501394199999993	2,045192261	1,00583710921304	103,885419870981
74629,99902	0,501066400000013	2,043662231	1,00569896296903	103,807702087672
74639,99902	0,500142499999981	2,038743408	1,00590548367703	103,557850764464
74649,99902	0,499278300000014	2,038542969	1,00577860898227	103,54766947732
74659,99902	0,499904099999981	2,040618652	1,00572718835266	103,653103672474
74669,99902	0,500231900000017	2,041134766	1,0057691068332	103,679319652563
74679,99902	0,501334600000007	2,044762573	1,00604540032145	103,863593894448
74689,99902	0,501662399999987	2,045985352	1,00578988053151	103,925704881394
74699,99902	0,501096200000006	2,044843262	1,00535112830059	103,867692487428
74709,99902	0,501662399999987	2,045896484	1,00567157577497	103,921190836593
74719,99902	0,500559800000019	2,040781616	1,00589411910675	103,661381419211
74729,99902	0,499814700000002	2,038012695	1,00573967117585	103,52073424087
74739,99902	0,498443800000018	2,03037854	1,00567641987054	103,132957789404
74749,99902	0,501096200000006	2,042545532	1,00598112378427	103,750979428049
74759,99902	0,501334600000007	2,042809448	1,00583403551787	103,764385025651
74769,99902	0,498503400000004	2,030566528	1,00579779832225	103,14250662874
74779,99902	0,49799680000001	2,029163818	1,005693559747	103,071256057297
74789,99902	0,499099399999977	2,029775879	1,00588294057855	103,102345659572
74799,99902	0,498235200000011	2,027842651	1,00582248390529	103,004147457713
74809,99902	0,498652400000026	2,031046021	1,00579323429002	103,1668624473
74819,99902	0,498026600000003	2,026763306	1,00579025261566	102,94932219231
74829,99902	0,499993500000016	2,031138672	1,00581102631397	103,171568649363
74839,99902	0,500738599999977	2,038973999	1,0056242540724	103,569563620663
74849,99902	0,499159099999986	2,03475769	1,00573706258588	103,355396454513
74859,99902	0,498652400000026	2,031201782	1,00581717470453	103,174774318078
74869,99902	0,498980200000005	2,033235229	1,00573454701694	103,278063138111
74879,99902	0,499516700000015	2,033935059	1,00596389088677	103,313610961548
74889,99902	0,498980200000005	2,027636841	1,00586188781712	102,993693350942
74899,99902	0,499188899999979	2,031197266	1,00592085415332	103,174544928125
74909,99902	0,498086199999989	2,029523682	1,00577190146525	103,089535327881
74919,99902	0,497579500000029	2,02605603	1,0061275609034	102,913396149743
74929,99902	0,498026600000003	2,026074341	1,00584400277213	102,914326255905
74939,99902	0,498414000000025	2,027790771	1,00581587040954	103,001512216183
74949,99902	0,500470399999983	2,033666382	1,00584670438314	103,299963529232
74959,99902	0,500500199999976	2,03733313	1,00571116572888	103,486215776909
74969,99902	0,499904099999981	2,033761841	1,0055565317559	103,304812363489
74979,99902	0,498652400000026	2,032250732	1,00586980560786	103,228055671255
74989,99902	0,499725300000023	2,031771851	1,00570799901268	103,203730939198
74999,99902	0,501066400000013	2,03887561	1,00583804042365	103,564565957231
75009,99902	0,499576300000001	2,03471582	1,00565527408808	103,353269670341
75019,99902	0,500470399999983	2,03858374	1,00605005737472	103,549740437852
75029,99902	0,497609300000022	2,026401123	1,00597227478292	102,930925128257
75039,99902	0,49778809999998	2,024974243	1,00569411887346	102,858446843094
75049,99902	0,500559800000019	2,035157349	1,00588554916852	103,375697109768
75059,99902	0,500976999999978	2,036859619	1,00574451527142	103,462163813684
75069,99902	0,498115999999982	2,026866821	1,00577767777166	102,954580230609
75079,99902	0,498265000000004	2,027704712	1,00564838052899	102,997140854371
75089,99902	0,497609300000022	2,02333667	1,0058975658863	102,775266419465
75099,99902	0,499606099999994	2,028549561	1,00582062148407	103,040054909331
75109,99902	0,498235200000011	2,026649048	1,0061237420397	102,943518463961
75119,99902	0,499069599999984	2,030639648	1,0058542490895	103,146220754813
75129,99902	0,498771599999998	2,028372681	1,00598839042774	103,031070300198
75139,99902	0,500023300000009	2,031594116	1,00564661112881	103,194702900391
75149,99902	0,498324599999989	2,028733887	1,00574265184998	103,049417737593
75159,99902	0,498115999999982	2,02720459	1,00603999709942	102,971737186976
75169,99902	0,500678999999991	2,036346802	1,00600916312582	103,436115304516
75179,99902	0,500023300000009	2,032556641	1,00576202723203	103,243594300808
75189,99902	0,500678999999991	2,037730713	1,00592383482744	103,506410981866
75199,99902	0,499933899999974	2,035163696	1,00591200415174	103,376019505257
75209,99902	0,500410699999975	2,032691284	1,00558429103411	103,250433484025
75219,99902	0,500023300000009	2,03174646	1,00564027669618	103,202441204856
75229,99902	0,498860999999977	2,029822632	1,00572364855207	103,104720475441
75239,99902	0,500172299999974	2,034014526	1,00574395614497	103,317647483111
75249,99902	0,500321299999996	2,034998047	1,00586589372312	103,367605374105
75259,99902	0,500470399999983	2,036618164	1,00590417938205	103,449899121248
75269,99902	0,500649199999998	2,038481567	1,00602695615	103,544550566364
75279,99902	0,500589600000012	2,035226074	1,005837016192	103,379187992076
75289,99902	0,501423999999986	2,041845703	1,00567828229176	103,715431655407
75299,99902	0,502288299999975	2,048358887	1,0059306353655	104,046268451262
75309,99902	0,501662399999987	2,045397461	1,0060884370549	103,895842992838
75319,99902	0,501722099999995	2,047095337	1,00584987109935	103,982086503784
75329,99902	0,501751899999988	2,046114502	1,00585359694201	103,932265048001
75339,99902	0,499844499999995	2,035780884	1,00592467301701	103,407369533194
75349,99902	0,499576300000001	2,034210815	1,00580376067073	103,32761797125
75359,99902	0,498414000000025	2,03078186	1,00574144057603	103,153444404937
75369,99902	0,501334600000007	2,041078491	1,00593016926008	103,676461167268
75379,99902	0,500500199999976	2,035430176	1,00594982470548	103,389555341088
75389,99902	0,499993500000016	2,033761719	1,00578634073093	103,304806166506
75399,99902	0,500559800000019	2,036050537	1,00575718413669	103,421066541372
75409,99902	0,500649199999998	2,035695923	1,00586356519649	103,403053944227
75419,99902	0,500917399999992	2,03817749	1,00592476603805	103,529104993143
75429,99902	0,498741800000005	2,029010254	1,00572057485691	103,063455783004
75439,99902	0,501722099999995	2,044033813	1,0059109799201	103,826576573373
75449,99902	0,498235200000011	2,028338745	1,0059109799201	103,029346523086
75459,99902	0,499397499999986	2,033248291	1,00563654985329	103,278726621628
75469,99902	0,499606099999994	2,030905029	1,00595150108462	103,159700767004
75479,99902	0,499397499999986	2,030912109	1,00596445001323	103,160060395185
75489,99902	0,500738599999977	2,035929688	1,00584353666671	103,414928023569
75499,99902	0,498503400000004	2,029477295	1,00570958237078	103,087179102961
75509,99902	0,501304800000014	2,040342163	1,00582825921147	103,639059430081
75519,99902	0,501215399999978	2,041465454	1,00570995445493	103,696116929954
75529,99902	0,501722099999995	2,044888672	1,00567763114449	103,869999085691
75539,99902	0,500500199999976	2,037200806	1,00581456611455	103,479494387159
75549,99902	0,501632599999994	2,043572266	1,00582257692633	103,803132320821
75559,99902	0,501096200000006	2,04239502	1,00588163628356	103,743334179916
75569,99902	0,500976999999978	2,041016357	1,00599984801906	103,673305074415
75579,99902	0,500887599999999	2,039970215	1,0056555531512	103,620166353431
75589,99902	0,500589600000012	2,037095581	1,00577590737125	103,474149489511
75599,99902	0,501394199999993	2,042907715	1,00585695070051	103,769376492101
75609,99902	0,501423999999986	2,042479492	1,00596267961282	103,747624930157
75619,99902	0,501215399999978	2,042120728	1,00568023873424	103,729401534007
75629,99902	0,501632599999994	2,041939087	1,005693559747	103,720175090161
75639,99902	0,501662399999987	2,046110229	1,00596798981381	103,932048001219
75649,99902	0,501841300000024	2,044766235	1,00548685299692	103,863779905521
75659,99902	0,501155799999992	2,042042236	1,00593538644003	103,725414537512
75669,99902	0,501334600000007	2,043852783	1,00606263321895	103,817381165236
75679,99902	0,500738599999977	2,039499146	1,00587399755594	103,596238431452
75689,99902	0,502318100000025	2,052448486	1,00577665253978	104,253999390461
75699,99902	0,502228699999989	2,054731445	1,00577758375039	104,369962157769
75709,99902	0,502049899999975	2,052202148	1,00605667187069	104,241486666328
75719,99902	0,502586300000019	2,056719727	1,005736037354	104,4709568243
75729,99902	0,502735299999983	2,058413086	1,00596500913968	104,556970894499
75739,99902	0,502824700000019	2,059232422	1,00600562332524	104,598589018134
75749,99902	0,501811499999974	2,04890918	1,00572402063623	104,074220551633
75759,99902	0,502586300000019	2,054270264	1,00588685346351	104,346536496165
75769,99902	0,50190090000001	2,05026416	1,00572020177253	104,143046680551
75779,99902	0,501960499999996	2,050635986	1,00574442125016	104,161933560217
75789,99902	0,502318100000025	2,052807617	1,00562937723109	104,272241428354
75799,99902	0,502318100000025	2,053290283	1,00571824533005	104,296758419261
75809,99902	0,502824700000019	2,056124512	1,0057384599019	104,440722913598
75819,99902	0,502407500000004	2,053251953	1,00584968505727	104,29481144918
75829,99902	0,50246709999999	2,052481201	1,00620599664291	104,25566114695
75839,99902	0,502079700000024	2,05120874	1,00602770131853	104,191026565754
75849,99902	0,503450600000008	2,05854248	1,00601233084225	104,563543455072
75859,99902	0,503122800000028	2,055744141	1,00593026228112	104,421401991162
75869,99902	0,50190090000001	2,047755615	1,00586319211211	104,015625285722
75879,99902	0,501841300000024	2,048828369	1,005933989124	104,07011576167
75889,99902	0,502645900000005	2,052274902	1,00577581435021	104,245182201453
75899,99902	0,502318100000025	2,051346191	1,00575150085132	104,198008381165
75909,99902	0,501632599999994	2,045539063	1,00591731435273	103,903035658048
75919,99902	0,501722099999995	2,046554443	1,00575681105231	103,954611825062
75929,99902	0,502318100000025	2,051178223	1,0057422787656	104,189476456545
75939,99902	0,503122800000028	2,056305664	1,00589542340174	104,449924518718
75949,99902	0,503033399999993	2,05570752	1,0057889493209	104,419541829634
75959,99902	0,501811499999974	2,047972656	1,005786526773	104,026649870473
75969,99902	0,502377700000011	2,051239258	1,00584437485628	104,192576725758
75979,99902	0,502556500000026	2,054105713	1,00578307999346	104,338178137857
75989,99902	0,502794900000026	2,053998291	1,00593445422919	104,332721643724
75999,99902	0,501811499999974	2,04813916	1,00574451527142	104,0351074313
76009,99902	0,502288299999975	2,050967041	1,005955880075	104,178749479352
76019,99902	0,502556500000026	2,053224854	1,00583664310762	104,293434957078
76029,99902	0,502586300000019	2,052557373	1,00581763980972	104,259530299182
76039,99902	0,501811499999974	2,046869629	1,00603710944633	103,970621679281
76049,99902	0,502556500000026	2,052614014	1,00577413797107	104,262407375425
76059,99902	0,502049899999975	2,050725342	1,00608797094949	104,16647239295
76069,99902	0,501215399999978	2,045244507	1,00598550277465	103,888073703459
76079,99902	0,500559800000019	2,04403186	1,00589458521217	103,826477370854
76089,99902	0,500082899999995	2,041931396	1,00577227454963	103,719784426271
76099,99902	0,500500199999976	2,044019043	1,00565369072998	103,825826332097
76109,99902	0,501841300000024	2,049763672	1,00596724464528	104,117624422208
76119,99902	0,501662399999987	2,047496216	1,00596286665512	104,002449128867
76129,99902	0,502049899999975	2,051266113	1,00564875361337	104,193940823894
76139,99902	0,501632599999994	2,047179077	1,00580338758635	103,986340072129
76149,99902	0,50270549999999	2,053384033	1,0059820559951	104,301520444964
76159,99902	0,501960499999996	2,049075439	1,00589849709691	104,0826656677
76169,99902	0,502169100000003	2,05010083	1,00599518996556	104,134750342866
76179,99902	0,501960499999996	2,048676514	1,00564782140254	104,062402295931
76189,99902	0,501722099999995	2,047859253	1,00586691795477	104,020889571799
76199,99902	0,501632599999994	2,047552734	1,00587986688338	104,005319957332
76209,99902	0,500649199999998	2,045351074	1,00582798014835	103,893486767918
76219,99902	0,499069599999984	2,037290894	1,00593808705081	103,484070401788
76229,99902	0,501096200000006	2,043223877	1,00584735653064	103,785435922182
76239,99902	0,501245200000028	2,042806641	1,00567828229176	103,764242444253
76249,99902	0,50213930000001	2,048992432	1,00601680185344	104,078449332047
76259,99902	0,501334600000007	2,045244141	1,00565499402474	103,888055112511
76269,99902	0,502645900000005	2,052595703	1,0058220188001	104,261477269264
76279,99902	0,501722099999995	2,046803711	1,00596286665512	103,967273378372
76289,99902	0,501304800000014	2,044682251	1,00592830583863	103,859513943211
76299,99902	0,502824700000019	2,056237061	1,00604828797454	104,446439833393
76309,99902	0,501722099999995	2,048827393	1,0060772585267	104,070066185808
76319,99902	0,501573000000008	2,045240479	1,00592411489078	103,887869101437
76329,99902	0,501543200000015	2,047449219	1,0058077655765	104,000061919033
76339,99902	0,50270549999999	2,054885498	1,00583077478041	104,377787270788
76349,99902	0,499606099999994	2,041018066	1,00590967562511	103,673391882968
76359,99902	0,500887599999999	2,044944336	1,00557749049606	103,872826535277
76369,99902	0,502794900000026	2,055304932	1,00581903712575	104,399092395997
76379,99902	0,501215399999978	2,044604614	1,00583245115955	103,855570376391
76389,99902	0,501543200000015	2,045027222	1,00570725384415	103,877036724742
76399,99902	0,501304800000014	2,044605225	1,00588629433705	103,855601412099
76409,99902	0,502049899999975	2,049015869	1,00585834801654	104,079639813075
76419,99902	0,50270549999999	2,055302734	1,00586887439725	104,398980748717
76429,99902	0,501155799999992	2,047192139	1,00588135722044	103,987003555646
76439,99902	0,501394199999993	2,043782959	1,00609728605625	103,813834459288
76449,99902	0,501632599999994	2,047835083	1,00578512945698	104,019661858079
76459,99902	0,501543200000015	2,047718384	1,00590483152954	104,01373413928
76469,99902	0,501722099999995	2,049555664	1,00586915346037	104,107058668157
76479,99902	0,501155799999992	2,043666626	1,00559714594146	103,807925331437
76489,99902	0,501215399999978	2,044435425	1,00600077922967	103,846976431147
76499,99902	0,501155799999992	2,044606445	1,00579155691065	103,855663381927
76509,99902	0,501751899999988	2,051425049	1,00566347094193	104,202013968609
76519,99902	0,501841300000024	2,050276123	1,00600226956673	104,143654340428
76529,99902	0,501394199999993	2,046923584	1,00571992270941	103,973362320313
76539,99902	0,501006800000027	2,045672119	1,00608974134989	103,909794229695
76549,99902	0,502824700000019	2,0570271	1,00590706703514	104,486569817646
76559,99902	0,501811499999974	2,049692627	1,00568228819776	104,114015695637
76569,99902	0,502914099999998	2,058075195	1,00560152493184	104,539807741149
76579,99902	0,503242	2,061506592	1,00587660614591	104,714105348707
76589,99902	0,501543200000015	2,048668945	1,00566961933249	104,062017829024
76599,99902	0,501155799999992	2,045813354	1,00568089088173	103,916968253162
76609,99902	0,502169100000003	2,052009277	1,00585918620611	104,231689795296
76619,99902	0,503152600000021	2,057312012	1,00584213935069	104,501041905826
76629,99902	0,502794900000026	2,055518555	1,0060553675757	104,409943363641
76639,99902	0,503480400000001	2,060101563	1,00575075568279	104,642736983796
76649,99902	0,503152600000021	2,058644043	1,00602304326504	104,568702341647
76659,99902	0,503033399999993	2,057063965	1,00591396059423	104,48844237314
76669,99902	0,503242	2,057990479	1,0059007326025	104,535504596942
76679,99902	0,502735299999983	2,055966309	1,00596752370839	104,432687001575
76689,99902	0,502586300000019	2,056151367	1,00602723521312	104,442087011734
76699,99902	0,503659200000016	2,059424316	1,00571591680341	104,608336262508
76709,99902	0,502228699999989	2,052470459	1,0058079526188	104,255115507695
76719,99902	0,503242	2,060316895	1,0059494516211	104,653674759994
76729,99902	0,503331399999979	2,062425293	1,00583804042365	104,760770711637
76739,99902	0,503539999999987	2,059960938	1,00571666197195	104,635593945243
76749,99902	0,503301599999986	2,059814453	1,00585695070051	104,628153248336
76759,99902	0,503391000000022	2,059469727	1,00586747708123	104,610642911566
76769,99902	0,501751899999988	2,048043457	1,00581885108367	104,030246203078
76779,99902	0,503450600000008	2,059635498	1,00605061650117	104,619063239701
76789,99902	0,50270549999999	2,054311768	1,00572085392002	104,348644689389
76799,99902	0,503659200000016	2,060550537	1,00589831105483	104,665542591558
76809,99902	0,502824700000019	2,055602783	1,00582080752615	104,414221719917
76819,99902	0,503301599999986	2,05859375	1,00576342454806	104,566147711688
76829,99902	0,503897600000016	2,061227539	1,00591051381468	104,699930868086
76839,99902	0,503033399999993	2,055907227	1,00592374180641	104,429685934881
76849,99902	0,504046599999981	2,064648193	1,00573827385982	104,873682785595
76859,99902	0,503122800000028	2,058568604	1,00589980139189	104,564870422106
76869,99902	0,504076399999974	2,064465088	1,00576556703262	104,864381977955
76879,99902	0,502973699999984	2,057299561	1,00612010921808	104,500409458018
76889,99902	0,504285100000004	2,065287598	1,0058504302258	104,906161324732
76899,99902	0,503391000000022	2,060010498	1,00572653620516	104,63811134251
76909,99902	0,504285100000004	2,065784912	1,00569793773716	104,931422359933
76919,99902	0,504076399999974	2,066966064	1,00577823589789	104,991418905877
76929,99902	0,504046599999981	2,06355542	1,00585238666828	104,818175445726
76939,99902	0,504374499999983	2,067181885	1,0057368765438	105,002381520801
76949,99902	0,503450600000008	2,062387939	1,00576062991601	104,758873317418
76959,99902	0,504404299999976	2,06960376	1,0057558798417	105,125400518108
76969,99902	0,503957200000002	2,067594727	1,00580385369177	105,02335180576
76979,99902	0,503391000000022	2,063234619	1,00575066266175	104,801880377914
76989,99902	0,502824700000019	2,057471924	1,00594293114639	104,509164626403
76999,99902	0,503033399999993	2,056964355	1,00568582799834	104,483382689084
77009,99902	0,504404299999976	2,066049072	1,00586002539591	104,944840351501
77019,99902	0,503539999999987	2,063550537	1,00582825921147	104,81792741403
77029,99902	0,504314899999997	2,067246094	1,00569737961093	105,005643013156
77039,99902	0,504076399999974	2,068494629	1,00579798436432	105,069062274597
77049,99902	0,503033399999993	2,059661377	1,00567651289158	104,620377761975
77059,99902	0,503539999999987	2,063563232	1,00580748651339	104,818572255803
77069,99902	0,503778399999987	2,063442383	1,00579491066916	104,812433738
77079,99902	0,50380819999998	2,06463916	1,00584335062464	104,873223954894
77089,99902	0,504404299999976	2,068856201	1,0056903930308	105,087428302941
77099,99902	0,505030099999999	2,075291748	1,00581447309352	105,414321531975
77109,99902	0,504076399999974	2,070093994	1,00558065821249	105,150301925128
77119,99902	0,504642699999977	2,074251221	1,00576463582201	105,361468024585
77129,99902	0,504523500000005	2,071154541	1,00600459909359	105,204172347234
77139,99902	0,503033399999993	2,06148877	1,00599351358642	104,713200081272
77149,99902	0,503897600000016	2,064108643	1,00568778444082	104,846276375273
77159,99902	0,504285100000004	2,067616943	1,00571274908698	105,024480266165
77169,99902	0,504791699999998	2,071110596	1,00591321542569	105,20194016356
77179,99902	0,503659200000016	2,062932129	1,00589160353782	104,786515416265
77189,99902	0,504046599999981	2,066352051	1,00595653222249	104,960230151877
77199,99902	0,503480400000001	2,062317139	1,00586365821753	104,755277035607
77209,99902	0,503301599999986	2,059956055	1,00578969448943	104,635345913547
77219,99902	0,504404299999976	2,067940674	1,00585993137464	105,040924163153
77229,99902	0,503867800000023	2,06289917	1,00589421212779	104,78484126581
77239,99902	0,503539999999987	2,062502197	1,00593631765064	104,764677045766
77249,99902	0,504046599999981	2,066541748	1,00579882355412	104,969865799766
77259,99902	0,504225399999996	2,065157227	1,00592886496509	104,899539137502
77269,99902	0,503391000000022	2,060074463	1,00567474249118	104,6413604409
77279,99902	0,503778399999987	2,06342041	1,00573864594398	104,811317620765
77289,99902	0,504523500000005	2,069923096	1,00604083528899	105,141621171331
77299,99902	0,505059899999992	2,073679932	1,00618252133359	105,332449433636
77309,99902	0,503867800000023	2,065380371	1,00563934448534	104,910873723777
77319,99902	0,50494070000002	2,073175293	1,00610650814197	105,306816325494
77329,99902	0,504791699999998	2,070555908	1,00577646649771	105,173764819424
77339,99902	0,504881099999977	2,072725586	1,00581028114544	105,283973485041
77349,99902	0,504523500000005	2,069352539	1,00571116572888	105,11263976228
77359,99902	0,50494070000002	2,071590576	1,00609365323463	105,226320719256
77369,99902	0,505298299999993	2,07469043	1,00590306212936	105,383777619749
77379,99902	0,504612899999984	2,069634277	1,00607176228363	105,126950627318
77389,99902	0,504553299999998	2,069768311	1,00574190668145	105,133758876416
77399,99902	0,503539999999987	2,063613281	1,00575373735715	104,821114491797
77409,99902	0,503152600000021	2,060146729	1,0058991492444	104,645031188094
77419,99902	0,504285100000004	2,065113525	1,00582462638985	104,897319296998
77429,99902	0,50494070000002	2,070675049	1,00557982002292	105,179816579469
77439,99902	0,504374499999983	2,069706787	1,00574321097643	105,130633768477
77449,99902	0,504285100000004	2,07101709	1,00585778889008	105,197190531823
77459,99902	0,505357899999979	2,076792725	1,00574516641869	105,490563569868
77469,99902	0,504404299999976	2,069198975	1,00599714640804	105,104839487987
77479,99902	0,504195600000003	2,068439209	1,00592187838496	105,066247218977
77489,99902	0,503986999999995	2,065925293	1,00587809648298	104,938553004521
77499,99902	0,504374499999983	2,067863037	1,00575289816735	105,036980596333
77509,99902	0,502824700000019	2,061453369	1,0058897411166	104,711401889572
77519,99902	0,504046599999981	2,062679443	1,00576184118996	104,773680245848
77529,99902	0,503063199999985	2,058865479	1,00569179034683	104,579950170163
77539,99902	0,503063199999985	2,057702637	1,00600692762022	104,520883679585
77549,99902	0,503331399999979	2,061130859	1,00573724862795	104,695020013207
77559,99902	0,501811499999974	2,054879639	1,00581810591514	104,37748966323
77569,99902	0,502377700000011	2,054623291	1,00581484517767	104,364468481739
77579,99902	0,502228699999989	2,057446045	1,00594907953694	104,50785010413
77589,99902	0,503301599999986	2,05812085	1,00589672769673	104,542126784172
77599,99902	0,503063199999985	2,059723145	1,0059181525423	104,62351526388
77609,99902	0,501483600000029	2,050470947	1,00575820836834	104,153550413979
77619,99902	0,502228699999989	2,052989746	1,00591321542569	104,281492660131
77629,99902	0,501096200000006	2,047874146	1,0057447013135	104,021646060852
77639,99902	0,502735299999983	2,054145508	1,00580031389118	104,340199522528
77649,99902	0,501155799999992	2,051372803	1,00573883198605	104,19936013613
77659,99902	0,501245200000028	2,049127441	1,00569514310511	104,085307106212
77669,99902	0,501006800000027	2,045995605	1,00600944318916	103,926225681922
77679,99902	0,503152600000021	2,056396484	1,00579770530121	104,454537715244
77689,99902	0,501006800000027	2,050634033	1,00589262876969	104,161834357698
77699,99902	0,501722099999995	2,048293213	1,00594889349487	104,042932544319
77709,99902	0,500976999999978	2,046923218	1,00573492010132	103,973343729365
77719,99902	0,50213930000001	2,0486604	1,00590110568688	104,061583786255
77729,99902	0,501722099999995	2,046826416	1,00594861343153	103,968426677503
77739,99902	0,502496899999983	2,052375	1,00580748651339	104,250266673439
77749,99902	0,501573000000008	2,047502563	1,00606859556743	104,002771524356
77759,99902	0,499993500000016	2,043852051	1,00577143636006	103,817343983339
77769,99902	0,500023300000009	2,043536743	1,00576267937953	103,801327932138
77779,99902	0,499397499999986	2,038276001	1,00590902347762	103,534108853558
77789,99902	0,501245200000028	2,045993896	1,00568303336629	103,926138873368
77799,99902	0,50270549999999	2,053082764	1,00582686189544	104,286217503937
77809,99902	0,501423999999986	2,048544434	1,00610119894121	104,055693300147
77819,99902	0,500500199999976	2,043848999	1,00601782708532	103,81718895718
77829,99902	0,502407500000004	2,04923291	1,00576947991758	104,090664397826
77839,99902	0,502645900000005	2,052014893	1,00589020622179	104,231975059684
77849,99902	0,503063199999985	2,054775635	1,00585024418373	104,372206786204
77859,99902	0,503033399999993	2,0534729	1,00584223237173	104,30603443897
77869,99902	0,501334600000007	2,04677771	1,00600692762022	103,965952659115
77879,99902	0,503063199999985	2,054506592	1,00594013651433	104,35854076294
77889,99902	0,500917399999992	2,046920776	1,00618149710194	103,973219688119
77899,99902	0,500917399999992	2,045003052	1,00553687631051	103,875809011023
77909,99902	0,500887599999999	2,044647949	1,00595299242191	103,857771575151
77919,99902	0,502049899999975	2,049766602	1,00581857202055	104,117773251384
77929,99902	0,503242	2,059712402	1,00603785461487	104,62296957383
77939,99902	0,503480400000001	2,062784424	1,00574060238646	104,77901274953
77949,99902	0,50246709999999	2,053207031	1,00576267937953	104,292529638848
77959,99902	0,502169100000003	2,053053467	1,00595876772808	104,284729364555
77969,99902	0,502645900000005	2,054280762	1,00603887884651	104,347069741454
77979,99902	0,503063199999985	2,05505249	1,00592262355349	104,386269619546
77989,99902	0,50213930000001	2,049849121	1,00581149241939	104,121964799106
77999,99902	0,500917399999992	2,046275024	1,00581046718751	103,940418753492
78009,99902	0,500023300000009	2,043796265	1,0058700856712	103,81451033677
78019,99902	0,501394199999993	2,044098755	1,0058218317578	103,82987529842
78029,99902	0,499278300000014	2,034717896	1,00587027171328	103,353375120638
78039,99902	0,501066400000013	2,041757568	1,00562574440947	103,710954843298
78049,99902	0,501632599999994	2,041664063	1,00595234027441	103,706205262356
78059,99902	0,502318100000025	2,045919189	1,00579938168035	103,922344135724
78069,99902	0,502377700000011	2,046614624	1,00562956327316	103,957668715396
78079,99902	0,502049899999975	2,045565308	1,00560077876308	103,90436877127
78089,99902	0,502556500000026	2,048734131	1,00581922416805	104,065328948037
78099,99902	0,503242	2,055081543	1,00596640645571	104,387745364962
78109,99902	0,500768400000027	2,043020264	1,00595261933753	103,775093411896
78119,99902	0,502556500000026	2,049501953	1,00580096603868	104,10433042109
78129,99902	0,502407500000004	2,048275635	1,00604856703765	104,042039670849
78139,99902	0,503063199999985	2,052820068	1,0057172210984	104,272873876162
78149,99902	0,501155799999992	2,043420654	1,00551498535951	103,795431198253
78159,99902	0,502556500000026	2,048583008	1,00601614970595	104,057652664195
78169,99902	0,502914099999998	2,050793213	1,00587241419783	104,169919896378
78179,99902	0,502318100000025	2,047553955	1,0057178732459	104,005381977955
78189,99902	0,503331399999979	2,054501709	1,00592644341742	104,358292731244
78199,99902	0,503659200000016	2,058914063	1,00592933107051	104,582417991568
78209,99902	0,503212200000007	2,056437256	1,0055216918763	104,456608726571
78219,99902	0,503242	2,056603027	1,00591060683572	104,465029054706
78229,99902	0,504553299999998	2,066036133	1,00590529763496	104,944183115762
78239,99902	0,503957200000002	2,061555176	1,00578922838402	104,716573170112
78249,99902	0,504553299999998	2,070470215	1,00592635039638	105,16941204856
78259,99902	0,503212200000007	2,058266113	1,00567371825953	104,549505409661
78269,99902	0,503659200000016	2,061345215	1,00574926534573	104,705908213542
78279,99902	0,50380819999998	2,059804688	1,005715450698	104,627657235739
78289,99902	0,502824700000019	2,054348389	1,0059646360553	104,350504850917
78299,99902	0,502079700000024	2,052668457	1,00579211603711	104,265172804389
78309,99902	0,502973699999984	2,055506592	1,00593836711416	104,409335703764
78319,99902	0,503301599999986	2,057836182	1,00598960070146	104,527667089958
78329,99902	0,504374499999983	2,069178467	1,00609048651842	105,103797785341
78339,99902	0,503063199999985	2,05807373	1,00582276396863	104,539733326561
78349,99902	0,504523500000005	2,067498779	1,0058638442596	105,018478132778
78359,99902	0,503301599999986	2,060710693	1,00575271212527	104,6736777061
78369,99902	0,503301599999986	2,059529053	1,00573305667988	104,613656372225
78379,99902	0,503301599999986	2,058816162	1,00573044909013	104,577445116066
78389,99902	0,504136000000017	2,066767578	1,00586812922872	104,981336821253
78399,99902	0,504046599999981	2,064171387	1,00568443068232	104,84946345304
78409,99902	0,505298299999993	2,074428955	1,00616594058358	105,370496012597
78419,99902	0,503242	2,058593262	1,00587837654632	104,566122923757
78429,99902	0,504374499999983	2,067597656	1,00580161818617	105,023500584142
78439,99902	0,504195600000003	2,068821777	1,00592765469137	105,085679737898
78449,99902	0,50494070000002	2,07470874	1,00597218176189	105,384707675116
78459,99902	0,504374499999983	2,067367432	1,00580711342901	105,011806369686
78469,99902	0,505059899999992	2,073132813	1,00584055599259	105,304658556408
78479,99902	0,505894399999988	2,080715576	1,00578680683634	105,689824554274
78489,99902	0,504195600000003	2,067114502	1,00580674134486	104,998958805303
78499,99902	0,504821499999991	2,071912109	1,0059977055345	105,242652968964
78509,99902	0,503867800000023	2,063605713	1,00582807316939	104,820730075684
78519,99902	0,503301599999986	2,059722656	1,00587940077796	104,623490425154
78529,99902	0,503122800000028	2,056806641	1,00579397945855	104,475371615787
78539,99902	0,503867800000023	2,063301514	1,00602816642372	104,805278305481
78549,99902	0,503897600000016	2,06263623	1,00581503221997	104,77148524407
78559,99902	0,504225399999996	2,065741455	1,00577600039229	104,92921496419
78569,99902	0,504881099999977	2,071294922	1,00585471519492	105,211302991822
78579,99902	0,504463900000019	2,067793457	1,00593808705081	105,03344628435
78589,99902	0,504612899999984	2,06897876	1,00600226956673	105,093653680093
78599,99902	0,504404299999976	2,068089844	1,00584372270879	105,048501244476
78609,99902	0,504404299999976	2,069029541	1,00608182255893	105,096233097983
78619,99902	0,504374499999983	2,067342285	1,00588526910518	105,010529029309
78629,99902	0,505208900000014	2,07387085	1,00562816595714	105,342147102149
78639,99902	0,504791699999998	2,070333496	1,00590045353939	105,162467415045
78649,99902	0,50494070000002	2,070295166	1,00580413275488	105,160520444964
78659,99902	0,504374499999983	2,069099121	1,00576538099054	105,099767409966
78669,99902	0,505447300000014	2,075293457	1,00589961534982	105,414408340529
78679,99902	0,505119499999978	2,07586377	1,00569430491554	105,443377355615
78689,99902	0,504702300000019	2,071030518	1,00596882800338	105,197872606288
78699,99902	0,505149300000028	2,075276855	1,00589961534982	105,413565042922
78709,99902	0,504702300000019	2,070055176	1,0056745564491	105,148330167115
78719,99902	0,50494070000002	2,072927002	1,00610175806767	105,294204398842
78729,99902	0,504136000000017	2,066734375	1,00604279173147	104,979650276832
78739,99902	0,503986999999995	2,066496826	1,00584791465687	104,967583989435
78749,99902	0,50494070000002	2,071898438	1,00589560944382	105,241958551328
78759,99902	0,504195600000003	2,066567871	1,0057849434149	104,971192716005
78769,99902	0,505805000000009	2,077799072	1,00581149241939	105,541680906182
78779,99902	0,504314899999997	2,067372559	1,00551759294926	105,012066795347
78789,99902	0,50494070000002	2,070208008	1,00594600584178	105,156093259511
78799,99902	0,504046599999981	2,06312207	1,0059496386634	104,79616345812
78809,99902	0,503629400000023	2,062874268	1,00603999709942	104,783576370194
78819,99902	0,504642699999977	2,070807373	1,00569085813599	105,186537969218
78829,99902	0,504136000000017	2,067826172	1,00593277785005	105,035108040839
78839,99902	0,503659200000016	2,062211914	1,00567707201804	104,749932137959
78849,99902	0,504463900000019	2,06679126	1,00575764924188	104,982539747041
78859,99902	0,504702300000019	2,069341553	1,00581587040954	105,11208172906
78869,99902	0,504314899999997	2,066692627	1,00577525522376	104,977529689643
78879,99902	0,503450600000008	2,059017334	1,00587921473589	104,587663635902
78889,99902	0,504285100000004	2,064053223	1,0055563447136	104,843461319653
78899,99902	0,504076399999974	2,062737793	1,00571666197195	104,776644130645
78909,99902	0,504642699999977	2,07026001	1,00604959226953	105,158734698024
78919,99902	0,503480400000001	2,059458252	1,00594088168287	104,61006003962
78929,99902	0,504553299999998	2,065806641	1,00588033198857	104,932526083202
78939,99902	0,504285100000004	2,064537842	1,00591200415174	104,86807751308
78949,99902	0,504463900000019	2,067590088	1,00590427240308	105,02311616803
78959,99902	0,504136000000017	2,063385742	1,00579845046974	104,809556661756
78969,99902	0,503539999999987	2,059718994	1,0057746960973	104,62330441408
78979,99902	0,504970500000013	2,068463135	1,00594973168444	105,067462538731
78989,99902	0,503986999999995	2,062819336	1,00583720223408	104,780786102504
78999,99902	0,504076399999974	2,062786621	1,00578848321548	104,779124346015
79009,99902	0,505715599999974	2,07613208	1,00603608421446	105,457006146188
79019,99902	0,505119499999978	2,075081299	1,00591796650023	105,403631787474
79029,99902	0,505715599999974	2,077727051	1,00581251665103	105,538022603749
79039,99902	0,503957200000002	2,065388672	1,00579248912148	104,911295372581
79049,99902	0,505864599999995	2,08007959	1,00582872531689	105,65751968304
79059,99902	0,505387700000028	2,074747559	1,00580180422825	105,386679483923
79069,99902	0,504881099999977	2,073561279	1,00564456166529	105,326422461523
79079,99902	0,505685799999981	2,077576904	1,00578103052994	105,530395895769
79089,99902	0,505566600000009	2,075583984	1,00572579103663	105,429165642302
79099,99902	0,505298299999993	2,072934814	1,00602285722296	105,29460120892
79109,99902	0,505953999999974	2,077025146	1,00561000184903	105,50236938081
79119,99902	0,506132799999989	2,079908447	1,00581260967207	105,648826484482
79129,99902	0,506132799999989	2,083032227	1,00587614004049	105,807498704729
79139,99902	0,5052685	2,07608374	1,00628051949746	105,454550718748
79149,99902	0,505149300000028	2,074901855	1,00588163628356	105,394516940113
79159,99902	0,50637119999999	2,08116748	1,00569393283138	105,712778991212
79169,99902	0,505119499999978	2,073268799	1,00576286642183	105,311565957231
79179,99902	0,505626199999995	2,078202881	1,00611461297501	105,562192360441
79189,99902	0,506550000000004	2,0835979	1,00581661557807	105,83623203129
79199,99902	0,50637119999999	2,084745361	1,00550902301103	105,894517244882
79209,99902	0,505864599999995	2,082188965	1,00581913014678	105,76466526134
79219,99902	0,505566600000009	2,080466309	1,00595876772808	105,67716305176
79229,99902	0,506460600000025	2,086514893	1,0059842915007	105,984400518108
79239,99902	0,505864599999995	2,081941162	1,00593911228269	105,752078122619
79249,99902	0,506520200000011	2,085062012	1,00578708589946	105,910601513689
79259,99902	0,505387700000028	2,077256836	1,00580608919736	105,514138060649
79269,99902	0,505775200000016	2,07870752	1,00575895353687	105,587825468583
79279,99902	0,506281800000011	2,082359375	1,00598960070146	105,773321227206
79289,99902	0,505953999999974	2,081323242	1,00607232141009	105,720690912785
79299,99902	0,505566600000009	2,077548584	1,00577562830814	105,528957383045
79309,99902	0,506430799999976	2,083395996	1,00569179034683	105,825976329558
79319,99902	0,506520200000011	2,083965088	1,00581149241939	105,854883324021
79329,99902	0,506520200000011	2,086104492	1,00618336052338	105,963554223599
79339,99902	0,506848100000013	2,090698486	1,00571684801402	106,196905876975
79349,99902	0,506460600000025	2,087994873	1,00595858068578	106,059576014629
79359,99902	0,505953999999974	2,083060059	1,00597926136305	105,808912429522
79369,99902	0,505536699999993	2,078139404	1,00574758896659	105,558968049982
79379,99902	0,506460600000025	2,085396729	1,00586253996462	105,927603443897
79389,99902	0,50660959999999	2,089101807	1,00591722133169	106,115802661655
79399,99902	0,506550000000004	2,08884375	1,00569290759951	106,102694671611
79409,99902	0,50637119999999	2,084891602	1,00589505031736	105,901945547823
79419,99902	0,505775200000016	2,07948291	1,00587558191427	105,627211357749
79429,99902	0,505864599999995	2,080416504	1,00572066787795	105,674633209732
79439,99902	0,505894399999988	2,082638428	1,00567055154333	105,787495707828
79449,99902	0,506848100000013	2,087024902	1,00589123145366	106,010306395083
79459,99902	0,507116300000007	2,088985352	1,00580320154427	106,109887336821
79469,99902	0,506788400000005	2,087714844	1,00575764924188	106,045351958145
79479,99902	0,507056700000021	2,092045166	1,00603301051929	106,265310407883
79489,99902	0,505536699999993	2,078626465	1,00607576818963	105,583708284655
79499,99902	0,506222200000025	2,083236572	1,00591219119405	105,817878396912
79509,99902	0,506758600000012	2,085996094	1,00592383482744	105,958048153604
79519,99902	0,50604340000001	2,080126953	1,00556752324181	105,659925483822
79529,99902	0,505030099999999	2,075770264	1,00580497094445	105,438627723879
79539,99902	0,505715599999974	2,079952637	1,00585089633122	105,651071112917
79549,99902	0,504642699999977	2,07123877	1,00584763559375	105,208450754305
79559,99902	0,503301599999986	2,0704021	1,00585341089993	105,165952151166
79569,99902	0,504881099999977	2,073586914	1,00587558191427	105,327724589831
79579,99902	0,505059899999992	2,073610352	1,00591601005774	105,328915121654
79589,99902	0,504881099999977	2,07087793	1,0057020366642	105,190121907858
79599,99902	0,505357899999979	2,074248535	1,00562211158784	105,361331589374
79609,99902	0,504642699999977	2,069754639	1,00594013651433	105,133064407985
79619,99902	0,503629400000023	2,067871826	1,00589998743397	105,037427033068
79629,99902	0,504225399999996	2,068458252	1,00574395614497	105,067214507035
79639,99902	0,503957200000002	2,067004883	1,0056573235516	104,993390714685
79649,99902	0,503957200000002	2,066022217	1,00581652255704	104,943476253365
79659,99902	0,505477100000007	2,077321777	1,00596491511842	105,517436734901
79669,99902	0,505447300000014	2,075694824	1,00590669495098	105,434795753543
79679,99902	0,504791699999998	2,071925537	1,00590986166719	105,24333504343
79689,99902	0,50494070000002	2,072627197	1,00619901006278	105,278975821608
79699,99902	0,503331399999979	2,066802979	1,00583915867656	104,983135012953
79709,99902	0,503242	2,065172119	1,00574656373471	104,900295575761
79719,99902	0,503986999999995	2,065419434	1,00590762616159	104,912857926551
79729,99902	0,504821499999991	2,070952148	1,00615252654978	105,193891806776
79739,99902	0,504463900000019	2,067805908	1,00576416971659	105,034078732158
79749,99902	0,504225399999996	2,065899414	1,00590194387645	104,937238482247
79759,99902	0,503957200000002	2,064654541	1,00578634073093	104,874005231879
79769,99902	0,501722099999995	2,057279297	1,00582155269468	104,499380149337
79779,99902	0,501662399999987	2,05509082	1,00601782708532	104,388216589628
79789,99902	0,503539999999987	2,058351807	1,00602127286463	104,55385823132
79799,99902	0,504642699999977	2,064962891	1,00577013206507	104,889667851882
79809,99902	0,504642699999977	2,0659021	1,00577208850755	104,937374917458
79819,99902	0,505030099999999	2,066959961	1,00580357362843	104,991108904353
79829,99902	0,503897600000016	2,061324707	1,00582276396863	104,704866510895
79839,99902	0,503331399999979	2,059104004	1,00566160852072	104,592066033423
79849,99902	0,504523500000005	2,062952393	1,0059338020817	104,787544724945
79859,99902	0,503331399999979	2,060216064	1,00604754280601	104,648553055316
79869,99902	0,502914099999998	2,058486084	1,00595457578001	104,560678823589
79879,99902	0,503778399999987	2,057621582	1,00574991749322	104,516766495657
79889,99902	0,504821499999991	2,066573486	1,00600338781964	104,971477929598
79899,99902	0,503063199999985	2,058358887	1,00584921895185	104,554217859501
79909,99902	0,504374499999983	2,063324707	1,00579025261566	104,806456392543
79919,99902	0,503718800000001	2,058729004	1,00583738827616	104,573017930614
79929,99902	0,505030099999999	2,070316895	1,00593175261818	105,161624168233
79939,99902	0,503986999999995	2,063746338	1,00600226956673	104,827873114238
79949,99902	0,503778399999987	2,060811279	1,00590641488764	104,678786966018
79959,99902	0,504404299999976	2,066977051	1,00600077922967	104,991976989892
79969,99902	0,503778399999987	2,061492676	1,00590594978245	104,713398486311
79979,99902	0,501990299999989	2,056330322	1,0058550882793	104,451177020369
79989,99902	0,501245200000028	2,052584473	1,00590809226701	104,260906842079
79999,99902	0,502794900000026	2,05480957	1,00581819893618	104,373930512521
80009,99902	0,503122800000028	2,04975	1,00599062593333	104,116929953777
80019,99902	0,503986999999995	2,05733667	1,0060598385869	104,502294407477
80029,99902	0,503957200000002	2,057003418	1,00576715139095	104,485366891858
80039,99902	0,503391000000022	2,055795166	1,00590678797202	104,423993803017
80049,99902	0,503450600000008	2,055151855	1,00612355599762	104,391316858841
80059,99902	0,503659200000016	2,057192139	1,00568145000819	104,494952963885
80069,99902	0,501066400000013	2,049219482	1,00581605645162	104,089982323361
80079,99902	0,503122800000028	2,053750977	1,00550566925252	104,320159343729
80089,99902	0,502645900000005	2,050446289	1,0059534575271	104,152297912328
80099,99902	0,501215399999978	2,049633789	1,00587735131444	104,111027022909
80109,99902	0,502794900000026	2,050609619	1,00599332754435	104,160594250013
80119,99902	0,50190090000001	2,048737305	1,0056461450234	104,065490171179
80129,99902	0,502914099999998	2,051514404	1,00600888406271	104,206552750546
80139,99902	0,501483600000029	2,044344971	1,00595653222249	103,84238182557
80149,99902	0,500976999999978	2,04169397	1,00589970837085	103,707724386651
80159,99902	0,500023300000009	2,037619141	1,00581279571415	103,500743688729
80169,99902	0,502645900000005	2,047116943	1,00594283812535	103,983183979276
80179,99902	0,50270549999999	2,048434814	1,0060071136623	104,050125158734
80189,99902	0,49966569999998	2,037005005	1,00592635039638	103,469548686951
80199,99902	0,500351099999989	2,037435059	1,00590334119248	103,491393254432
80209,99902	0,500589600000012	2,041703857	1,00581763980972	103,708226596231
80219,99902	0,499844499999995	2,036144165	1,00604540032145	103,425822370092
80229,99902	0,501990299999989	2,042397095	1,00589933528648	103,743439579418
80239,99902	0,503033399999993	2,05073291	1,00611861888101	104,166856809062
80249,99902	0,502586300000019	2,04655249	1,00584763559375	103,954512622543
80259,99902	0,500231900000017	2,041929077	1,00606207409249	103,719666632803
80269,99902	0,499397499999986	2,034435181	1,00584875384666	103,339014628943
80279,99902	0,499725300000023	2,033127563	1,00592607033304	103,272594250013
80289,99902	0,500589600000012	2,034756836	1,00599789157658	103,355353075634
80299,99902	0,500738599999977	2,035469238	1,00598475760612	103,391539493066
80309,99902	0,500917399999992	2,035130493	1,00604176749983	103,374332960837
80319,99902	0,502228699999989	2,042115967	1,00590566971911	103,729159699294
80329,99902	0,502049899999975	2,040921509	1,00578783106799	103,668487275867
80339,99902	0,501573000000008	2,039414185	1,00592104019539	103,591922842485
80349,99902	0,501751899999988	2,040394653	1,00607856282169	103,641725656525
80359,99902	0,500351099999989	2,036143066	1,00590110568688	103,425766546452
80369,99902	0,501751899999988	2,040432495	1,00575625192586	103,643647838675
80379,99902	0,502288299999975	2,044244995	1,00572513888914	103,837303550566
80389,99902	0,502049899999975	2,043599243	1,00595979195973	103,804502615939
80399,99902	0,499397499999986	2,036809082	1,00608620154931	103,45959678976
80409,99902	0,499248500000022	2,033572876	1,0057501035353	103,295213897496
80419,99902	0,501751899999988	2,035783203	1,00566943329041	103,407487326662
80429,99902	0,499427299999979	2,029817749	1,00581680162015	103,104472443745
80439,99902	0,500172299999974	2,033142822	1,00552541771896	103,273369330015
80449,99902	0,500887599999999	2,031512451	1,00581736074661	103,190554731549
80459,99902	0,500410699999975	2,032624268	1,00590324817144	103,247029410271
80469,99902	0,499606099999994	2,031728882	1,00601689487448	103,201548331386
80479,99902	0,501304800000014	2,035127441	1,00601698789552	103,374177934678
80489,99902	0,499069599999984	2,029145142	1,00591004870949	103,070307410982
80499,99902	0,498831199999984	2,025814331	1,00601652279033	102,901119063341
80509,99902	0,499844499999995	2,02611377	1,00581717470453	102,916329049627
80519,99902	0,500768400000027	2,029627686	1,00602285722296	103,094818204907
80529,99902	0,501722099999995	2,036502563	1,00576202723203	103,444027175293
80539,99902	0,500976999999978	2,033294678	1,00565499402474	103,281082846548
80549,99902	0,502228699999989	2,040251709	1,00589719280192	103,634464824503
80559,99902	0,501811499999974	2,039846313	1,00570417914875	103,613872758673
80569,99902	0,502228699999989	2,04368457	1,00575215299882	103,808836795855
80579,99902	0,503331399999979	2,055716553	1,00607688544232	104,420000660334
80589,99902	0,503152600000021	2,051974365	1,00568247423984	104,229916442322
80599,99902	0,502496899999983	2,047000977	1,00577516220272	103,977293493168
80609,99902	0,503063199999985	2,051220703	1,00605629878631	104,191634225631
80619,99902	0,501751899999988	2,041538452	1,00582006235762	103,699824859044
80629,99902	0,503480400000001	2,052161621	1,00601279594744	104,239428099761
80639,99902	0,503152600000021	2,05195166	1,00583971780302	104,228763143191
80649,99902	0,502318100000025	2,047172241	1,00584512002482	103,985992837913
80659,99902	0,503539999999987	2,053380615	1,00605229288031	104,301346827856
80669,99902	0,502794900000026	2,049535889	1,00565788267806	104,106054198202
80679,99902	0,502645900000005	2,047966553	1,0058526657314	104,026339868949
80689,99902	0,503033399999993	2,051801025	1,00578661979404	104,22111164728
80699,99902	0,50213930000001	2,044580566	1,00616305293049	103,854348859654
80709,99902	0,501423999999986	2,044622314	1,00607791067419	103,856469446843
80719,99902	0,500768400000027	2,040641479	1,00574106849188	103,654263168588
80729,99902	0,502645900000005	2,047229004	1,00580897685045	103,988876111139
80739,99902	0,502645900000005	2,046801758	1,00572523191018	103,967174175852
80749,99902	0,503063199999985	2,051080322	1,00599062593333	104,184503581043
80759,99902	0,503391000000022	2,05254248	1,00598708613275	104,258773810129
80769,99902	0,502914099999998	2,051497314	1,00604111535233	104,205684665007
80779,99902	0,503629400000023	2,059904053	1,00617907455404	104,632704475034
80789,99902	0,503063199999985	2,053670898	1,0057541094413	104,316091735663
80799,99902	0,504046599999981	2,062401367	1,00580133812283	104,759555391883
80809,99902	0,502884300000005	2,052199219	1,00602900461329	104,241337887946
80819,99902	0,502645900000005	2,05171875	1,00593836711416	104,216932493524
80829,99902	0,502586300000019	2,049246826	1,00572942385825	104,091371260222
80839,99902	0,503122800000028	2,053552979	1,00597851619452	104,310102047036
80849,99902	0,502377700000011	2,047524048	1,00566943329041	104,00386285366
80859,99902	0,50270549999999	2,048551514	1,0057558798417	104,056052928328
80869,99902	0,503897600000016	2,06030249	1,00599416573392	104,652943058871
80879,99902	0,504732100000012	2,065625	1,00586840829183	104,923299639356
80889,99902	0,505059899999992	2,069311035	1,00585573942657	105,110531569056
80899,99902	0,503897600000016	2,063787598	1,00569430491554	104,829968913496
80909,99902	0,504136000000017	2,066803223	1,00575886051583	104,983147406918
80919,99902	0,504314899999997	2,065612061	1,00561698742893	104,922642403617
80929,99902	0,504404299999976	2,065851807	1,00588545614748	104,934820287499
80939,99902	0,503986999999995	2,062001953	1,00613799426307	104,739267181389
80949,99902	0,504076399999974	2,063996338	1,00561791963977	104,840571849444
80959,99902	0,504285100000004	2,068466309	1,00580674134486	105,067623761873
80969,99902	0,504523500000005	2,06939209	1,00567157577497	105,114648752984
80979,99902	0,503957200000002	2,063618896	1,00564074180137	104,821399705389
80989,99902	0,503629400000023	2,06064209	1,0057635175691	104,670193020775
80999,99902	0,505626199999995	2,07560498	1,00565909295178	105,43023213288
81009,99902	0,503480400000001	2,060486328	1,0057652879695	104,662281099203
81019,99902	0,504702300000019	2,070427979	1,00607269349424	105,167266673439
81029,99902	0,503986999999995	2,066087402	1,00575094272509	104,946787321583
81039,99902	0,503718800000001	2,062923096	1,00585937324841	104,786056585564
81049,99902	0,504195600000003	2,068417725	1,00586943352371	105,065155940468
81059,99902	0,504463900000019	2,068896973	1,00567986665009	105,089499314268
81069,99902	0,504553299999998	2,067329102	1,00573808681752	105,009859399604
81079,99902	0,503986999999995	2,062964111	1,00563533957957	104,788139940062
81089,99902	0,50213930000001	2,054676025	1,00585937324841	104,367147102149
81099,99902	0,502079700000024	2,054843262	1,00581838497825	104,375641895667
81109,99902	0,504553299999998	2,066565186	1,00573175238489	104,971056331589
81119,99902	0,504523500000005	2,070817627	1,00588294057855	105,187058820541
81129,99902	0,504523500000005	2,067326172	1,00577982025622	105,009710570427
81139,99902	0,503212200000007	2,058456787	1,00613054257775	104,559190684208
81149,99902	0,503480400000001	2,059930908	1,00568452370336	104,63406857317
81159,99902	0,503063199999985	2,057585205	1,00576454280097	104,514918728095
81169,99902	0,503122800000028	2,055959961	1,00582602370587	104,43236455529
81179,99902	0,503539999999987	2,060884521	1,00622900484659	104,682507289074
81189,99902	0,500649199999998	2,047963257	1,0058544361318	104,026172448824
81199,99902	0,501841300000024	2,051656494	1,0060015243982	104,213770203688
81209,99902	0,501722099999995	2,047524658	1,00593138053403	104,003893838574
81219,99902	0,50190090000001	2,047793213	1,00574293091309	104,017535073907
81229,99902	0,502735299999983	2,049672607	1,00589039326409	104,112998780921
81239,99902	0,50246709999999	2,050007568	1,00566030422573	104,130013105095
81249,99902	0,501006800000027	2,046119629	1,00578382516199	103,932525473663
81259,99902	0,502377700000011	2,047644775	1,00596445001323	104,009995174481
81269,99902	0,502914099999998	2,050155762	1,00581605645162	104,137540610555
81279,99902	0,502824700000019	2,055570801	1,00592662945949	104,412597196119
81289,99902	0,501245200000028	2,047112549	1,00586868835518	103,982960786306
81299,99902	0,50246709999999	2,048794189	1,00579155691065	104,068379590593
81309,99902	0,500351099999989	2,044226807	1,00599826466096	103,836379692183
81319,99902	0,501066400000013	2,045113037	1,00572588405767	103,881395692589
81329,99902	0,500828000000013	2,042655151	1,00591125898321	103,756547518667
81339,99902	0,500976999999978	2,042567505	1,00589933528648	103,752095545284
81349,99902	0,50270549999999	2,052040771	1,00587381151386	104,233289531163
81359,99902	0,501751899999988	2,044545532	1,00600525124108	103,852569309697
81369,99902	0,499904099999981	2,038672119	1,00574190668145	103,554229643927
81379,99902	0,500678999999991	2,042468384	1,00582667585337	103,747060699954
81389,99902	0,500082899999995	2,040831909	1,0057502905776	103,663936049169
81399,99902	0,499099399999977	2,031778931	1,00574619165056	103,204090567379
81409,99902	0,500678999999991	2,036249023	1,00570743988622	103,431148625997
81419,99902	0,498831199999984	2,029837646	1,00572411465749	103,105483110682
81429,99902	0,502794900000026	2,047446411	1,00571116572888	103,999919286839
81439,99902	0,50213930000001	2,044368042	1,00602239111754	103,84355371565
81449,99902	0,502735299999983	2,049092773	1,00576277240057	104,083546147204
81459,99902	0,503033399999993	2,05234375	1,00575876749479	104,248679331539
81469,99902	0,501662399999987	2,042199829	1,00588489702103	103,733419464621
81479,99902	0,501304800000014	2,03888269	1,00571535767696	103,564925585412
81489,99902	0,498414000000025	2,027299438	1,00575308520965	102,976554985523
81499,99902	0,499933899999974	2,028175537	1,00574088144957	103,021056382384
81509,99902	0,501066400000013	2,033362427	1,005887505611	103,284524152994
81519,99902	0,500500199999976	2,033302246	1,00577944717184	103,281467262661
81529,99902	0,501155799999992	2,037457886	1,00571191089741	103,492552750546
81539,99902	0,499755100000016	2,035353149	1,00613846036849	103,385642759181
81549,99902	0,49966569999998	2,033101196	1,00557888781209	103,271254939808
81559,99902	0,500976999999978	2,036476685	1,00597395116206	103,442712703815
81569,99902	0,500887599999999	2,036993042	1,00582490645319	103,468941027074
81579,99902	0,500231900000017	2,029198486	1,00590175783437	103,073017016305
81589,99902	0,500917399999992	2,033583252	1,00585480821596	103,295740945802
81599,99902	0,501394199999993	2,037696899	1,00604996435368	103,504693401737
81609,99902	0,501483600000029	2,037352173	1,00590827830908	103,487183064967
81619,99902	0,502049899999975	2,041604736	1,00571759318255	103,703191750902
81629,99902	0,49966569999998	2,033957397	1,00603198628765	103,314745618936
81639,99902	0,500470399999983	2,034318481	1,0060117717158	103,333086859349
81649,99902	0,499248500000022	2,031501709	1,00579071872108	103,190009092294
81659,99902	0,499814700000002	2,031253052	1,00609346719255	103,177378574694
81669,99902	0,498115999999982	2,024424683	1,00566021120469	102,830531975415
81679,99902	0,497847700000023	2,022481812	1,00570501733832	102,731843957942
81689,99902	0,497937200000024	2,02159314	1,00604120837337	102,68670391629
81699,99902	0,500500199999976	2,029468628	1,00574600560848	103,086738863209
81709,99902	0,501841300000024	2,040552979	1,0058620738592	103,649767816325
81719,99902	0,499248500000022	2,031328979	1,00579938168035	103,181235282166
81729,99902	0,498682200000019	2,026561768	1,00603254441388	102,939085081526
81739,99902	0,499576300000001	2,029212891	1,00578764502591	103,073748717428
81749,99902	0,499397499999986	2,026589478	1,00593277785005	102,940492609336
81759,99902	0,498980200000005	2,024240112	1,00579183697399	102,821156702392
81769,99902	0,498324599999989	2,023093628	1,00581046718751	102,762921115457
81779,99902	0,498265000000004	2,023914673	1,00579248912148	102,804626047646
81789,99902	0,500351099999989	2,029691772	1,0058544361318	103,098073449484
81799,99902	0,501632599999994	2,040166016	1,00571666197195	103,630112053639
81809,99902	0,501423999999986	2,038121094	1,00582471941089	103,52624036166
81819,99902	0,501245200000028	2,038621216	1,00577823589789	103,551644029055
81829,99902	0,501304800000014	2,038238525	1,00572914479514	103,532205262356
81839,99902	0,498324599999989	2,026159912	1,00590706703514	102,918672829786
81849,99902	0,500828000000013	2,031058472	1,00583505974952	103,167494895108
81859,99902	0,498324599999989	2,024700439	1,00571666197195	102,844538985117
81869,99902	0,498324599999989	2,023183105	1,0060151254743	102,767466094377
81879,99902	0,499009999999998	2,025725098	1,00607297355758	102,896586478387
81889,99902	0,49799680000001	2,018871704	1,00586077056444	102,548468735714
81899,99902	0,498175600000025	2,018870972	1,00593417516608	102,548431553817
81909,99902	0,500231900000017	2,025762329	1,00576538099054	102,898477624829
81919,99902	0,501483600000029	2,036788696	1,00594311718846	103,458561284096
81929,99902	0,501155799999992	2,036867554	1,00561614923936	103,46256687154
81939,99902	0,501841300000024	2,043368896	1,00593529241876	103,792802153705
81949,99902	0,501483600000029	2,039489502	1,00588210238898	103,595748565043
81959,99902	0,497847700000023	2,023604614	1,00593613160856	102,788876619089
81969,99902	0,498026600000003	2,021903076	1,00588526910518	102,702447097069
81979,99902	0,497162300000014	2,013731567	1,00579798436432	102,287375780972
81987,1709	0,496268199999975	2,005980225	1,00567586074409	101,893646822776
81989,99902	0,497251699999993	2,012677246	1,00594358329388	102,233821608168
81999,99902	0,499993500000016	2,022678223	1,00565452891955	102,741820643064
82009,99902	0,500321299999996	2,029661621	1,00590054656042	103,096541931224
82019,99902	0,500023300000009	2,028078979	1,00592914502843	103,016151724488
82029,99902	0,50026170000001	2,030581055	1,00614647118026	103,143244526845
82039,99902	0,498414000000025	2,023623169	1,00605098958555	102,789819119216
82049,99902	0,498086199999989	2,021636597	1,00551498535951	102,688911312033
82059,99902	0,498354399999982	2,018121704	1,00579761228017	102,510372530096
82069,99902	0,498235200000011	2,019951172	1,00592085415332	102,603300248895
82079,99902	0,498026600000003	2,020285156	1,00597860921556	102,620264946411
82089,99902	0,499427299999979	2,024119019	1,00576575407492	102,815005790623
82099,99902	0,497430500000007	2,019411377	1,00589262876969	102,575881393813
82109,99902	0,499516700000015	2,021744629	1,00608992739197	102,69439879108
82119,99902	0,497281499999985	2,016685791	1,00590352723455	102,437435414233
82129,99902	0,497490099999993	2,017841675	1,00604716972163	102,496148473612
82139,99902	0,496417199999996	2,007692627	1,00586272600669	101,980628181033
82149,99902	0,496864300000027	2,010559692	1,00575895353687	102,126260578046
82159,99902	0,497758299999987	2,012168701	1,00592886496509	102,207990094987
82169,99902	0,498860999999977	2,017644043	1,00563757508517	102,486109767867
82179,99902	0,499755100000016	2,02353125	1,00589169655885	102,78515009905
82189,99902	0,499576300000001	2,023794678	1,00568471074566	102,798530908721
82199,99902	0,498592799999983	2,019441772	1,00587502278781	102,57742530604
82209,99902	0,498920600000019	2,02238269	1,00603133414015	102,726809061817
82219,99902	0,497162300000014	2,016780151	1,0059630526972	102,442228424849
82229,99902	0,496834499999977	2,014365479	1,00595988498077	102,3195753035
82239,99902	0,499009999999998	2,019208984	1,00596212048637	102,565600853355
82249,99902	0,497102700000028	2,01632666	1,00582695591671	102,41919337634
82259,99902	0,499933899999974	2,025866333	1,00564838052899	102,903760501854
82269,99902	0,499606099999994	2,0273302	1,00580646128151	102,978117539493
82279,99902	0,500023300000009	2,032040039	1,00578056542475	103,217353532788
82289,99902	0,49778809999998	2,023397095	1,0058779104409	102,778335703764
82299,99902	0,496923900000013	2,015804688	1,00586309909107	102,392679839488
82309,99902	0,496446999999989	2,010668701	1,0057556927994	102,131797683751
82319,99902	0,496923900000013	2,009852783	1,00572150606752	102,090353177224
82329,99902	0,497430500000007	2,013478027	1,00576016481082	102,274497231676
82339,99902	0,496208599999989	2,007895508	1,00571181787638	101,990933509422
82349,99902	0,497013299999992	2,010747925	1,00566393704735	102,135821862143
82359,99902	0,4993379	2,021862549	1,00562015514536	102,700388530502
82369,99902	0,496536400000025	2,012104126	1,00604092831003	102,204710011683
82379,99902	0,498414000000025	2,017936401	1,00560599594303	102,500960075177
82389,99902	0,496208599999989	2,010996582	1,00570483129625	102,148452379743
82399,99902	0,496417199999996	2,009572266	1,00592411489078	102,076104332808
82409,99902	0,497013299999992	2,011462646	1,00588722554766	102,172126073043
82419,99902	0,499755100000016	2,022138672	1,00577823589789	102,714414181947
82429,99902	0,499993500000016	2,028882324	1,00610417961534	103,056957586224
82439,99902	0,497251699999993	2,018028442	1,00585303881578	102,505635292325
82449,99902	0,498920600000019	2,018301025	1,00552718811937	102,519481129679
82459,99902	0,498503400000004	2,019717163	1,00564539985486	102,591413775588
82469,99902	0,496834499999977	2,01532959	1,00604213958398	102,368547264692
82479,99902	0,499427299999979	2,02429248	1,00582276396863	102,823816731854
82489,99902	0,500142499999981	2,029783325	1,00583981082405	103,102723878702
82499,99902	0,499904099999981	2,0267677	1,00577013206507	102,94954538528
82509,99902	0,496536400000025	2,014886475	1,00583943773967	102,346039264489
82519,99902	0,49966569999998	2,026372681	1,00601037439977	102,92948041855
82529,99902	0,4993379	2,022212769	1,0058526657314	102,718177934678
82539,99902	0,499606099999994	2,026757446	1,00589300085384	102,949024533956
82549,99902	0,500231900000017	2,030316772	1,00605667187069	103,129820287499
82559,99902	0,497519899999986	2,020357544	1,0059630526972	102,623941890588
82569,99902	0,496208599999989	2,010815796	1,00572197217293	102,139269365571
82579,99902	0,496029799999974	2,009665894	1,00597823613118	102,080860161528
82589,99902	0,497281499999985	2,016415771	1,00569234847305	102,423719764311
82599,99902	0,496178799999996	2,01187854	1,00586412332272	102,193251384162
82609,99902	0,49611920000001	2,010339111	1,0058486598254	102,115056179205
82619,99902	0,495374200000015	2,004005493	1,00580403973384	101,793340427693
82629,99902	0,496089400000017	2,008233643	1,00602304326504	102,008109056738
82639,99902	0,499486900000022	2,02343103	1,00590492455058	102,780059430081
82649,99902	0,496953700000006	2,014987671	1,00608228866435	102,351179509321
82659,99902	0,496834499999977	2,013317749	1,00581763980972	102,26635592015
82669,99902	0,496178799999996	2,010525635	1,00585145445745	102,124530654747
82679,99902	0,496178799999996	2,009418335	1,00583887861322	102,068285416772
82689,99902	0,496834499999977	2,011016968	1,00568666618791	102,149487885407
82699,99902	0,498533199999997	2,015326782	1,00578261488827	102,368404632499
82709,99902	0,498026600000003	2,01657373	1,00574926534573	102,431743282369
82719,99902	0,499099399999977	2,019735107	1,00567120269059	102,592325240006
82729,99902	0,499188899999979	2,021556519	1,0058550882793	102,684843754762
82739,99902	0,499725300000023	2,027939453	1,00589859011794	103,009064509575
82749,99902	0,497937200000024	2,020941772	1,00611731458602	102,653617717275
82759,99902	0,497043099999985	2,017263794	1,00596510216072	102,466795042414
82769,99902	0,496953700000006	2,015395386	1,00598568881672	102,371889368619
82779,99902	0,497937200000024	2,019196655	1,00594050959871	102,56497460253
82789,99902	0,497758299999987	2,012619995	1,00587110990285	102,230913547011
82799,99902	0,498920600000019	2,023593628	1,00583673612866	102,788318585869
82809,99902	0,499933899999974	2,030376953	1,00570306189607	103,132877177833
82819,99902	0,50026170000001	2,033086914	1,00579574885873	103,270529486463
82829,99902	0,496864300000027	2,019589111	1,00590753314055	102,584909381826
82839,99902	0,498533199999997	2,020261841	1,00602444058106	102,619080662366
82849,99902	0,496953700000006	2,015577026	1,00583683014993	102,38111576167
82859,99902	0,496923900000013	2,0150625	1,00577385790773	102,354980443948
82869,99902	0,499397499999986	2,022021118	1,0057746960973	102,708443033474
82879,99902	0,498741800000005	2,019593262	1,00575690407335	102,585120231625
82889,99902	0,499486900000022	2,026846191	1,0058817293046	102,95353233098
82899,99902	0,498533199999997	2,021895142	1,0060205276961	102,702044090009
82909,99902	0,498354399999982	2,023658325	1,00578158965639	102,791604866155
82919,99902	0,499397499999986	2,027130371	1,00583617800243	102,967967237263
82929,99902	0,499725300000023	2,031049683	1,00574973145114	103,167048458374
82939,99902	0,50026170000001	2,036705444	1,00598894955419	103,454332503683
82949,99902	0,499814700000002	2,032835571	1,00578233482493	103,257762533652
82959,99902	0,500470399999983	2,033409912	1,00588443091561	103,286936150759
82969,99902	0,500082899999995	2,032656982	1,00586673191269	103,248691115965
82979,99902	0,501334600000007	2,042732788	1,00597711887849	103,760491085488
82989,99902	0,500351099999989	2,033324829	1,00600050016655	103,282614364809
82999,99902	0,498860999999977	2,026480957	1,00607036496761	102,934980291563
83009,99902	0,497907399999974	2,025093384	1,00582509249527	102,864498603139
83019,99902	0,500172299999974	2,032771851	1,00601764004301	103,254525880022
83029,99902	0,498414000000025	2,024881714	1,00610548391033	102,853746838015
83039,99902	0,499725300000023	2,029116455	1,00595634518019	103,068850256514
83049,99902	0,500172299999974	2,03439978	1,00611451995397	103,337216437243
83059,99902	0,49966569999998	2,028504517	1,00563105361023	103,037766902017
83069,99902	0,499844499999995	2,029402466	1,00556463558872	103,083378168334
83079,99902	0,500082899999995	2,033187134	1,00610343444681	103,275620155433
83089,99902	0,499904099999981	2,030415527	1,00572895775284	103,13483654188
83099,99902	0,499755100000016	2,030633301	1,00607530208422	103,145898359323
83109,99902	0,500976999999978	2,04219043	1,00580376067073	103,732942042973
83119,99902	0,499993500000016	2,036229126	1,0060884370549	103,430137959059
83129,99902	0,4993379	2,032996582	1,00576770951718	103,265941077869
83139,99902	0,499576300000001	2,03171875	1,00585676465844	103,201033677046
83149,99902	0,500470399999983	2,037310425	1,00587194809242	103,485062477777
83159,99902	0,498175600000025	2,029440063	1,00573948413355	103,085287905725
83169,99902	0,499904099999981	2,034265625	1,00590427240308	103,330402041957
83179,99902	0,500231900000017	2,035008057	1,00581810591514	103,368113831462
83189,99902	0,500678999999991	2,037523682	1,00557497592735	103,495894854472
83199,99902	0,500410699999975	2,036895752	1,00575997776852	103,463999187281
83209,99902	0,500917399999992	2,045592529	1,00588946105326	103,905751460355
83219,99902	0,500738599999977	2,043230225	1,00569477102095	103,785758368466
83223,8584	0,502556500000026	2,056061279	1,00568089088173	104,437510997105
83229,99902	0,501394199999993	2,05106958	1,00580636826048	104,183957941789
83239,99902	0,501990299999989	2,055352051	1,00592961013362	104,401485802814
83249,99902	0,501751899999988	2,053749756	1,00568545591419	104,320097323107
83259,99902	0,501960499999996	2,058533447	1,00583841350803	104,563084624371
83269,99902	0,501155799999992	2,050784912	1,00595653222249	104,169498247575
83279,99902	0,501423999999986	2,050866699	1,0057312872797	104,1736526134
83289,99902	0,500828000000013	2,046890503	1,0058336624335	103,971681972876
83299,99902	0,500976999999978	2,04956665	1,00590790522471	104,107616701377
83309,99902	0,500082899999995	2,044025513	1,00583440760203	103,826154975364
83319,99902	0,499993500000016	2,045591675	1,00588154326252	103,905708081475
83329,99902	0,500738599999977	2,045216919	1,00621419349676	103,886672372632
83339,99902	0,500917399999992	2,043791138	1,00594880047383	103,814249911109
83349,99902	0,501423999999986	2,048608398	1,00595615913811	104,058942347742
83359,99902	0,501841300000024	2,053377441	1,00582229786321	104,301185604714
83369,99902	0,501841300000024	2,055092773	1,00588964809556	104,388315792147
83379,99902	0,502228699999989	2,058275879	1,00587539487196	104,550001473053
83389,99902	0,502377700000011	2,05831958	1,00579761228017	104,552221262762
83399,99902	0,50246709999999	2,059971436	1,00571694103506	104,636127190532
83409,99902	0,502288299999975	2,058999512	1,0057565319892	104,586758368467
83419,99902	0,501155799999992	2,051374268	1,00597860921556	104,199434550719
83429,99902	0,501573000000008	2,050773193	1,00603431481428	104,168902981663
83439,99902	0,501423999999986	2,051251221	1,00586561365978	104,193184385635
83449,99902	0,501573000000008	2,052079346	1,00576221427434	104,235248946005
83459,99902	0,502377700000011	2,059417236	1,00594758919988	104,607976634327
83469,99902	0,500172299999974	2,045847168	1,00587818950401	103,918685833291
83479,99902	0,501245200000028	2,047928345	1,00600767278876	104,02439909585
83489,99902	0,499516700000015	2,043918701	1,0058100010821	103,820729466145
83499,99902	0,501304800000014	2,049371582	1,00572942385825	104,09770823386
83509,99902	0,501334600000007	2,048949707	1,00574535346099	104,0762791182
83519,99902	0,502645900000005	2,059053955	1,00590501757162	104,58952379743
83529,99902	0,503212200000007	2,065949951	1,00595755645414	104,939805506172
83539,99902	0,503629400000023	2,071658203	1,00592802677552	105,229755828719
83549,99902	0,502496899999983	2,061729492	1,0058975658863	104,725427541017
83559,99902	0,503212200000007	2,06812085	1,00590240998187	105,050076192411
83569,99902	0,502735299999983	2,06332959	1,0055862474766	104,806704424239
83579,99902	0,503212200000007	2,067617188	1,00590837133012	105,024492710926
83589,99902	0,503122800000028	2,065807373	1,00582648981129	104,932563265099
83599,99902	0,503152600000021	2,067741211	1,00602965676079	105,030792451872
83609,99902	0,502169100000003	2,059953125	1,00594647094697	104,63519708437
83619,99902	0,502318100000025	2,061893066	1,00577078421257	104,733736272667
83629,99902	0,503331399999979	2,068161133	1,00572756043681	105,052122365012
83639,99902	0,503212200000007	2,06722168	1,00587250721887	105,004402905471
83649,99902	0,502318100000025	2,062761475	1,00596370484469	104,777847056433
83659,99902	0,501722099999995	2,055695068	1,00579323429002	104,418909331031
83669,99902	0,501811499999974	2,056129395	1,00595513490646	104,440970945294
83679,99902	0,4993379	2,049315186	1,00584139418216	104,094843602377
83689,99902	0,4993379	2,043691528	1,0059433972518	103,809190227053
83699,99902	0,498682200000019	2,042542114	1,00577124931776	103,750805810941
83709,99902	0,500589600000012	2,045606323	1,00596174840221	103,906452125768
83719,99902	0,499188899999979	2,044044189	1,0060167088324	103,827103621679
83729,99902	0,49966569999998	2,046494629	1,00595261933753	103,951573576472
83739,99902	0,501334600000007	2,051027344	1,00581587040954	104,181812566668
83749,99902	0,501066400000013	2,049553223	1,0058195962522	104,106934677706
83759,99902	0,499427299999979	2,046011841	1,00587148298723	103,927050388581
83769,99902	0,499069599999984	2,044144043	1,00587520882989	103,8321756997
83779,99902	0,498235200000011	2,039111694	1,00619006704017	103,57655783004
83789,99902	0,497937200000024	2,034203613	1,005929983218	103,327252146086
83799,99902	0,498503400000004	2,033757324	1,00593342999755	103,304582922741
83809,99902	0,498414000000025	2,034329224	1,00604437508958	103,333632549398
83819,99902	0,499099399999977	2,03469873	1,0058140069881	103,352401584802
83829,99902	0,497609300000022	2,029692627	1,0058314269279	103,098116879159
83839,99902	0,499933899999974	2,035516357	1,0057384599019	103,393932899883
83849,99902	0,497102700000028	2,024701172	1,00575876749479	102,844576217809
83859,99902	0,498235200000011	2,025556885	1,00591135200425	102,888042109006
83869,99902	0,496596099999977	2,01890564	1,00602490668648	102,550192512826
83879,99902	0,498235200000011	2,025279541	1,00566691772148	102,873954436938
83889,99902	0,497341100000028	2,022589111	1,00595429571667	102,737294204297
83899,99902	0,498354399999982	2,028168213	1,00585778889008	103,020684360238
83909,99902	0,497698700000001	2,022940674	1,0058039467128	102,755151826078
83919,99902	0,498414000000025	2,02725	1,00589616857027	102,974043785239
83929,99902	0,496953700000006	2,02466748	1,00583999686613	102,842864834662
83939,99902	0,499009999999998	2,030244263	1,00564735629735	103,126137197135
83949,99902	0,499933899999974	2,038113892	1,00592346274329	103,525874536496
83959,99902	0,497907399999974	2,027779175	1,00599472486037	103,000923198049
83969,99902	0,499814700000002	2,033287598	1,00572402063623	103,280723218367
83979,99902	0,497043099999985	2,022020264	1,00587623406176	102,708399654594
83989,99902	0,496298000000024	2,018374268	1,00581307577749	102,52320150353
83997,49121	0,495135699999992	2,006059448	1,00604046320484	101,897670950373
83999,99902	0,494927099999984	2,004154053	1,00589719280192	101,800886524102
84009,99902	0,497490099999993	2,015998413	1,00567930752363	102,402520089399
84019,99902	0,49635760000001	2,01325354	1,00578131059328	102,263094427795
84029,99902	0,497251699999993	2,013487061	1,00599034687022	102,274956113171
84039,99902	0,498443800000018	2,019303833	1,00553901879506	102,570418702697
84049,99902	0,497847700000023	2,01991748	1,00577097025464	102,601588865749
84059,99902	0,499188899999979	2,029987915	1,00577506918168	103,113116015645
84069,99902	0,500351099999989	2,038875366	1,00618578207106	103,564553563265
84079,99902	0,499606099999994	2,033831543	1,00571470552947	103,308352872454
84089,99902	0,499278300000014	2,031714722	1,00580366764969	103,200829075024
84099,99902	0,496834499999977	2,020993652	1,00586589372312	102,656252958805
84109,99902	0,500023300000009	2,033804077	1,00577301971816	103,306957738609
84119,99902	0,495880800000009	2,013012939	1,00581698766223	102,250873114238
84129,99902	0,496417199999996	2,015802368	1,00582220484218	102,392561995225
84139,99902	0,498771599999998	2,024128174	1,00610063981476	102,815470818306
84149,99902	0,497937200000024	2,022168579	1,0058685023131	102,715933306243
84159,99902	0,495940399999995	2,012996216	1,00577208850755	102,250023670442
84169,99902	0,496864300000027	2,014229614	1,00564819448692	102,312674048865
84179,99902	0,496536400000025	2,01890564	1,00575355031484	102,550192512826
84189,99902	0,499099399999977	2,026965698	1,00563925146431	102,959602681973
84199,99902	0,499188899999979	2,028522949	1,0059009196448	103,038703154366
84209,99902	0,497758299999987	2,021887695	1,00589737984422	102,701665820084
84219,99902	0,495701999999994	2,011807251	1,00574423520808	102,189630263626
84229,99902	0,498592799999983	2,021319214	1,00586142271193	102,67278986133
84239,99902	0,497758299999987	2,020153076	1,0058079526188	102,613555950627
84249,99902	0,500172299999974	2,036556641	1,00584549310919	103,446774064103
84259,99902	0,4993379	2,030872681	1,00588713252662	103,158057652258
84269,99902	0,497162300000014	2,024246216	1,00607111013614	102,821466754711
84279,99902	0,497370900000021	2,019405762	1,00609495752961	102,57559618022
84289,99902	0,498503400000004	2,022877319	1,00604726274267	102,751933712602
84299,99902	0,49611920000001	2,016897461	1,00598736519587	102,448187179357
84309,99902	0,497847700000023	2,019685303	1,00583040169603	102,589795448773
84319,99902	0,496029799999974	2,018662598	1,00584633129876	102,537847208818
84329,99902	0,49525490000002	2,009150879	1,00592551120658	102,054700005079
84339,99902	0,495851000000016	2,015434814	1,00587325238741	102,373892111546
84349,99902	0,496417199999996	2,015569092	1,00582397424235	102,38071275461
84359,99902	0,495672200000001	2,012231812	1,00580832470296	102,211195814497
84369,99902	0,495105899999999	2,004642578	1,00578568858343	101,825701122568
84379,99902	0,496774899999991	2,011149048	1,00598941465938	102,156196881191
84389,99902	0,498592799999983	2,022325562	1,0061599782351	102,723907248438
84399,99902	0,498086199999989	2,020819092	1,00587362547178	102,647386193935
84409,99902	0,497430500000007	2,017131714	1,00588992715867	102,46008604663
84419,99902	0,498086199999989	2,018050537	1,00598131082657	102,506757606542
84429,99902	0,495851000000016	2,01066394	1,0057366895015	102,131555849037
84439,99902	0,495433800000001	2,007491821	1,00584940499393	101,970428252146
84449,99902	0,498503400000004	2,020193726	1,00611824579663	102,615620764972
84459,99902	0,496506599999975	2,010380493	1,00574116151291	102,117158175446
84469,99902	0,495284700000013	2,00651062	1,00574730890325	101,920588205415
84479,99902	0,496029799999974	2,009131104	1,00600506419878	102,053695535125
84489,99902	0,496864300000027	2,014425781	1,00592588429096	102,322638340021
84499,99902	0,497162300000014	2,01157605	1,00600403996713	102,177886422512
84509,99902	0,496864300000027	2,015543335	1,00587940077796	102,379404429319
84519,99902	0,496506599999975	2,013030396	1,00579137086857	102,25175984152
84529,99902	0,497907399999974	2,015535645	1,00596342478135	102,379013816224
84539,99902	0,496774899999991	2,015232422	1,00562723474653	102,363611621882
84549,99902	0,497937200000024	2,018153442	1,00587902769358	102,511984659928
84559,99902	0,496089400000017	2,016060059	1,00572811956327	102,405651394321
84569,99902	0,494956899999977	2,009387207	1,005769946023	102,066704271855
84579,99902	0,495135699999992	2,006548584	1,00590585676141	101,922516584548
84589,99902	0,497370900000021	2,014653687	1,00558084425457	102,334214811805
84599,99902	0,495999999999981	2,011974731	1,00581372792498	102,198137400315
84609,99902	0,498592799999983	2,022455078	1,00565974509927	102,730486005994
84619,99902	0,4993379	2,029617676	1,00587912171485	103,094309747549
84629,99902	0,49778809999998	2,018329834	1,00592020200582	102,52094448113
84639,99902	0,495880800000009	2,013908081	1,00581326181957	102,296341799157
84649,99902	0,495284700000013	2,009700684	1,00604987133264	102,082627317519
84659,99902	0,49635760000001	2,011174805	1,0059552279275	102,157505206481
84669,99902	0,49611920000001	2,015253418	1,00585862807988	102,36467811246
84679,99902	0,497251699999993	2,016506104	1,00579640100622	102,428308223701
84689,99902	0,498086199999989	2,020262695	1,00581782685202	102,619124041245
84699,99902	0,496298000000024	2,016268188	1,00586887439725	102,41622329456
84709,99902	0,495553000000029	2,01268457	1,00600208352465	102,234193630314
84719,99902	0,49501650000002	2,009723755	1,00594134778828	102,083799207599
84729,99902	0,496208599999989	2,007525879	1,00588117117837	101,972158226241
84739,99902	0,495195299999978	2,004587769	1,0056477283815	101,822917102657
84749,99902	0,49525490000002	2,001088745	1,00594050959871	101,645184385635
84759,99902	0,497698700000001	2,011777466	1,00599332754435	102,188117336313
84769,99902	0,496029799999974	2,012431274	1,00559621473085	102,221327474983
84779,99902	0,496596099999977	2,012116577	1,00584316458256	102,205342459491
84789,99902	0,498533199999997	2,019078125	1,00608117041143	102,558953878194
84799,99902	0,497102700000028	2,012950562	1,00578913536298	102,247704678214
84809,99902	0,495940399999995	2,012275146	1,00580646128151	102,213396962463
84819,99902	0,498026600000003	2,019825195	1,00587800346194	102,596901254635
84829,99902	0,498324599999989	2,019846191	1,00583738827616	102,597967745213
84839,99902	0,498354399999982	2,023537598	1,00584912593082	102,785472545334
84849,99902	0,49799680000001	2,020870483	1,00566980537457	102,649996596739
84859,99902	0,497430500000007	2,019947388	1,00560981480673	102,603108040839
84869,99902	0,496089400000017	2,01461499	1,00590986166719	102,33224919998
84879,99902	0,494509900000025	2,003523682	1,00598410545862	101,76886686646
84889,99902	0,49635760000001	2,009057373	1,00583161296998	102,049950373343
84899,99902	0,496029799999974	2,009057861	1,00560823144863	102,049975161274
84909,99902	0,49576159999998	2,010109131	1,00572336848873	102,103374358714
84919,99902	0,49501650000002	2,007413818	1,00581829195721	101,966466094377
84929,99902	0,497162300000014	2,015001221	1,00592709556491	102,351867780769
84939,99902	0,495433800000001	2,009258667	1,00586691795477	102,060175090161
84949,99902	0,495344400000022	2,009732788	1,0058494990152	102,084258038299
84959,99902	0,498235200000011	2,018317505	1,00533380138182	102,520318230304
84969,99902	0,49635760000001	2,012118896	1,00587455668239	102,205460252959
84979,99902	0,496685500000012	2,015322144	1,0059009196448	102,368169045563
84989,99902	0,498533199999997	2,022718018	1,00564484072841	102,743842027734
84999,99902	0,497698700000001	2,018946045	1,00589318789614	102,55224488241
85009,99902	0,495999999999981	2,015234375	1,00576174816892	102,363710824402
85019,99902	0,49525490000002	2,008651978	1,00601354111597	102,029358358308
85029,99902	0,494956899999977	2,005839233	1,00580832470296	101,88648514248
85039,99902	0,494062900000017	2,000674805	1,00593305691317	101,624158327831
85049,99902	0,495553000000029	2,006776611	1,00573613137527	101,934099202519
85059,99902	0,495105899999999	2,005097534	1,00578112355098	101,848810585666
85069,99902	0,495344400000022	2,005263184	1,00593342999755	101,857224767613
85079,99902	0,498115999999982	2,016052612	1,00570352700126	102,405273124397
85089,99902	0,497251699999993	2,012919678	1,00569831082154	102,246135927262
85099,99902	0,496417199999996	2,013802856	1,00585723076386	102,290996901509
85109,99902	0,498354399999982	2,020678833	1,0057384599019	102,64026174633
85119,99902	0,498235200000011	2,021646118	1,00575457554672	102,689394930665
85129,99902	0,498741800000005	2,026243652	1,00580739349235	102,922926398131
85139,99902	0,498920600000019	2,030836914	1,00619062616663	103,156240869609
85149,99902	0,499009999999998	2,031349121	1,00586058352214	103,182258393864
85159,99902	0,499069599999984	2,034076904	1,00585359694201	103,320815969929
85169,99902	0,497192100000007	2,02612085	1,00550026703072	102,916688677808
85179,99902	0,498860999999977	2,03134729	1,00608321987495	103,182165388327
85189,99902	0,498920600000019	2,030818848	1,00591377455215	103,155323208208
85199,99902	0,499397499999986	2,033076538	1,00586971258682	103,270002438157
85209,99902	0,496208599999989	2,020529419	1,00582462638985	102,632672271042
85219,99902	0,498920600000019	2,029522339	1,00608564242285	103,089467110276
85229,99902	0,49799680000001	2,025960327	1,00591163206759	102,908534921522
85239,99902	0,499486900000022	2,034296997	1,00585601948991	103,33199558084
85249,99902	0,497519899999986	2,025703735	1,00573808681752	102,895501346066
85259,99902	0,498831199999984	2,030067993	1,00590464548746	103,117183572916
85269,99902	0,496953700000006	2,022686279	1,00568219517672	102,742229847107
85279,99902	0,498503400000004	2,02673938	1,00574665775598	102,948106872555
85289,99902	0,496536400000025	2,021691162	1,00577860898227	102,691682937979
85299,99902	0,498354399999982	2,026188354	1,00591796650023	102,920117539493
85309,99902	0,498026600000003	2,025301025	1,00570343398022	102,875045715447
85319,99902	0,496923900000013	2,023324829	1,00577162240214	102,77466495657
85329,99902	0,499397499999986	2,035272461	1,00592914502843	103,381544216996
85339,99902	0,500142499999981	2,043875122	1,00584260545611	103,818515873419
85349,99902	0,499725300000023	2,043537598	1,00590660192994	103,801371361812
85355,31934	0,501066400000013	2,056078125	1,00601810614843	104,438366688678
85359,99902	0,499606099999994	2,043658081	1,00593016926008	103,807491288668
85369,99902	0,500410699999975	2,049259033	1,00589579548589	104,091991314065
85379,99902	0,499516700000015	2,04313623	1,00586486849125	103,780983898004
85389,99902	0,497430500000007	2,033095459	1,00587353245075	103,270963529232
85399,99902	0,496298000000024	2,025450195	1,00597180867751	102,882622796769
85409,99902	0,497430500000007	2,026146851	1,00591358851007	102,918009397064
85419,99902	0,49525490000002	2,015646973	1,00562993635754	102,384668715396
85429,99902	0,496089400000017	2,02140686	1,00573035506886	102,677241834713
85439,99902	0,499099399999977	2,033683105	1,00589700675984	103,300812973028
85449,99902	0,498831199999984	2,032455322	1,0057116318343	103,238447808198
85459,99902	0,499248500000022	2,04026709	1,00582704893775	103,635246101488
85469,99902	0,499516700000015	2,040402954	1,00593659671375	103,642147305328
85479,99902	0,498592799999983	2,033477173	1,00567967960779	103,290352669274
85489,99902	0,499397499999986	2,038481567	1,00578056542475	103,544550566364
85499,99902	0,49966569999998	2,043421997	1,005600592721	103,795499415858
85509,99902	0,500142499999981	2,048459229	1,00607437087361	104,051365317214
85519,99902	0,499755100000016	2,042806519	1,00575150085132	103,76423624727
85529,99902	0,499814700000002	2,045249756	1,00609253598194	103,888340326104
85539,99902	0,499933899999974	2,047224487	1,00571088666577	103,988646670392
85549,99902	0,500231900000017	2,046018433	1,00585601948991	103,927385228831
85559,99902	0,500828000000013	2,054686768	1,00583897263448	104,367692792198
85569,99902	0,50026170000001	2,053751465	1,00614619211715	104,32018413166
85579,99902	0,500649199999998	2,052953125	1,00554032309005	104,279632498603
85589,99902	0,500768400000027	2,057310303	1,00590483152954	104,500955097272
85599,99902	0,500172299999974	2,051857422	1,00586170177505	104,223976329558
85609,99902	0,4993379	2,046151245	1,00597516243601	103,934131406512
85619,99902	0,498265000000004	2,042075806	1,00593892624061	103,727119723676
85629,99902	0,499099399999977	2,039976196	1,00568042577654	103,620470157972
85639,99902	0,499516700000015	2,042789551	1,00597972646824	103,763374358714
85649,99902	0,501394199999993	2,060108398	1,00595634518019	104,643084167217
85659,99902	0,50026170000001	2,052310059	1,00586785016561	104,246967999187
85669,99902	0,500231900000017	2,050154785	1,00570399310668	104,137490983898
85679,99902	0,500082899999995	2,050397949	1,00583515277056	104,149842484889
85689,99902	0,500351099999989	2,051578369	1,00609710001417	104,209801848936
85699,99902	0,501096200000006	2,057084717	1,00592430093286	104,489496469752
85709,99902	0,500351099999989	2,055573975	1,00588592125267	104,412758419261
85719,99902	0,500649199999998	2,055966797	1,00575941964229	104,432711789506
85729,99902	0,500410699999975	2,053589844	1,00581028114544	104,31197460253
85739,99902	0,501215399999978	2,061611816	1,0062332898157	104,719450195561
85749,99902	0,500589600000012	2,058833008	1,00594293114639	104,57830080764
85759,99902	0,500678999999991	2,06000415	1,0057833600568	104,637788896226
85769,99902	0,501632599999994	2,06715918	1,00574954540907	105,001228221669
85779,99902	0,501215399999978	2,0615625	1,00602145990694	104,716945192259
85789,99902	0,501096200000006	2,059498535	1,00565750959368	104,612106212221
85799,99902	0,500142499999981	2,054960205	1,00589961534982	104,381582008432
85809,99902	0,500231900000017	2,05349585	1,00553957792152	104,307200182862
85819,99902	0,502377700000011	2,072932373	1,00582825921147	105,294477218469
85829,99902	0,501066400000013	2,064345215	1,00589384004364	104,858293036014
85839,99902	0,501245200000028	2,066010498	1,00564241918074	104,942880987454
85849,99902	0,500559800000019	2,059926025	1,00586738406019	104,633820541474
85859,99902	0,501543200000015	2,067069092	1,00604698367955	104,99665220704
85869,99902	0,501096200000006	2,065144775	1,00585704372155	104,898906638899
85879,99902	0,501960499999996	2,069973145	1,00592681550157	105,144163407325
85889,99902	0,500828000000013	2,060474609	1,0057422787656	104,661685833291
85899,99902	0,500828000000013	2,060760254	1,00584772861479	104,676195154163
85909,99902	0,500589600000012	2,059040039	1,00597665277308	104,588816935033
85919,99902	0,499755100000016	2,053795654	1,00593715584021	104,322428709301
85929,99902	0,498086199999989	2,046630371	1,00598960070146	103,958468583329
85939,99902	0,498354399999982	2,045304443	1,00580376067073	103,891118149032
85949,99902	0,501304800000014	2,060980225	1,0059614693391	104,687368568091
85959,99902	0,50026170000001	2,055734131	1,00593184563922	104,420893533804
85969,99902	0,499576300000001	2,049940186	1,00578829717341	104,126590440392
85979,99902	0,498771599999998	2,049580322	1,00559239586715	104,108311169807
85989,99902	0,500351099999989	2,054818604	1,00568359249275	104,374389394016
85999,99902	0,500887599999999	2,059866211	1,00583794740261	104,630782292884
86009,99902	0,501841300000024	2,066990234	1,00583058873833	104,992646619597
86019,99902	0,501751899999988	2,066700928	1,00583207907539	104,977951338447
86029,99902	0,501990299999989	2,067353516	1,00561531104979	105,011099507289
86039,99902	0,502496899999983	2,075612061	1,00600059318759	105,430591811856
86049,99902	0,501543200000015	2,068803955	1,00592765469137	105,084774470463
86059,99902	0,501960499999996	2,071429932	1,00597795706806	105,218160816783
86069,99902	0,501662399999987	2,070850342	1,00586561365978	105,188720577031
86079,99902	0,500768400000027	2,063109863	1,00592271757476	104,795543404277
86089,99902	0,500678999999991	2,060532227	1,00569635437906	104,664612536191
86099,99902	0,500142499999981	2,055471924	1,00576631220115	104,407574744755
86109,99902	0,499755100000016	2,05619873	1,00575960568436	104,444492812516
86119,99902	0,498533199999997	2,050707275	1,00576947991758	104,165554680754
86129,99902	0,499606099999994	2,051823975	1,00579966174369	104,222277391172
86139,99902	0,500410699999975	2,054638428	1,00577562830814	104,365237364758
86149,99902	0,501096200000006	2,060675781	1,00577749072935	104,671904353126
86159,99902	0,500887599999999	2,05882373	1,00565052301355	104,577829532179
86169,99902	0,500678999999991	2,057548584	1,00562676864111	104,513058566567
86179,99902	0,50026170000001	2,055958984	1,00588843682161	104,432314928633
86189,99902	0,500500199999976	2,058072021	1,0057525260832	104,539646518007
86199,99902	0,500649199999998	2,055686523	1,00588787769516	104,418475288261
86209,99902	0,499725300000023	2,051570557	1,00574675077702	104,209405038858
86219,99902	0,499725300000023	2,050906982	1,0060345938774	104,175698786001
86229,99902	0,498086199999989	2,047891235	1,00583589793909	104,022514095596
86239,99902	0,499576300000001	2,048326416	1,00572495284706	104,044619088739
86249,99902	0,500410699999975	2,057336182	1,00570352700126	104,502269619546
86259,99902	0,499904099999981	2,051812012	1,00583561887598	104,221669731295
86269,99902	0,501334600000007	2,062493652	1,0057881101311	104,764243002997
86279,99902	0,502228699999989	2,072562256	1,00580292148093	105,275677147356
86289,99902	0,500738599999977	2,06182666	1,00583040169603	104,730363183827
86299,99902	0,501573000000008	2,067871338	1,0059355724821	105,037402245136
86309,99902	0,501304800000014	2,063800537	1,00610436565741	104,830626149236
86319,99902	0,501066400000013	2,059592773	1,00573631741734	104,616893025855
86329,99902	0,50026170000001	2,056548828	1,00600767278876	104,462276019708
86339,99902	0,500768400000027	2,058149902	1,00574460829246	104,543602478793
86349,99902	0,501334600000007	2,062293457	1,00584390975109	104,754074109819
86359,99902	0,500678999999991	2,057328613	1,00573575829089	104,501885152639
86369,99902	0,499904099999981	2,053378174	1,00597711887849	104,301222837405
86379,99902	0,499486900000022	2,052880615	1,00587148298723	104,275949357444
86389,99902	0,501155799999992	2,063897461	1,00598680706964	104,83554939808
86399,99902	0,502079700000024	2,071545898	1,00586077056444	105,22405130289
