BAM 5.2 *RELAX01-V03* VH5204_C_11.lis
-------------------------------------

Versuchsbezeichnung                 				RELAX-Versuch
Versuchs-Datum                      				24.10.2022
Projekt                             				VH5204
Werkstoff                           				CuNiSi
Bearbeiter                          				NN
Prüfmaschine                        				M33
Probenbezeichnung                   				C_11
Probenform                          				ZUG 005.004
Probenquerschnitt                   			mm²	19,640
Prüftemperatur                      			°C	100
Prüfgeschwindigkeit 1               			%/s	0,025
Anfangsmesslänge                    			mm	25
Steigung des elastischen Teils (mE)    			GPa	50,8
Dehngrenze (Rp0.2)                  			MPa	78,3
Anfangsdehnung                      			%	0,99
Anfangsspannung                     			MPa	98,6
Belastungszeit t                    			s	86400
Restspannung                        			MPa	91,4
-



-
[Daten]
Zeit	Weg	Kraft	Dehnung	Spannung
sec	mm	kN	%	MPa
-39,62890625	0	0,248858887	0,0144401580609769	12,6710227596741
-39,31640625	0,00983469999999897	0,298993011	0,022415590658252	15,2236767311609
-39,02832031	0,019013799999982	0,349082855	0,0294069297000361	17,7740761201629
-38,76464844	0,0275968999999918	0,399141907	0,0361363684969086	20,322907688391
-38,51660156	0,0354050999999913	0,449211243	0,042331335060526	22,8722628818737
-38,2578125	0,0433324999999627	0,4993013	0,0490475789381931	25,4226731160896
-38,01757813	0,0503658999999743	0,549417419	0,0548198210533074	27,9744103360489
-37,81152344	0,056982000000005	0,599481995	0,0599576039697155	30,5235231670061
-37,59863281	0,0635980999999788	0,649579407	0,0654170652953968	33,074307892057
-37,41015625	0,0694393999999647	0,69975769	0,0701693423560827	35,6292102851324
-37,21484375	0,0756084999999871	0,749844849	0,0749215954150965	38,1794729633401
-37,01074219	0,081688100000008	0,799938171	0,0802912014811377	40,7300494399185
-36,80664063	0,0876187999999729	0,849991455	0,0852338478036299	43,2785873217923
-36,61914063	0,0933109999999715	0,90032666	0,0898706088170531	45,8414796334012
-36,42285156	0,0990330999999856	0,95040918	0,0949688489787709	48,3915061099796
-36,21386719	0,104904099999999	1,000485535	0,100180363031555	50,9412186863544
-35,9765625	0,111043399999971	1,050523926	0,106527670207766	53,4889982688391
-35,66308594	0,117927799999961	1,100735352	0,114512990493853	56,0455881873727
-35,26855469	0,125348499999973	1,150872192	0,12447335236843	58,5983804480652
-34,74316406	0,133722999999975	1,200911377	0,137808538345373	61,1462004582485
-34,09277344	0,143080899999973	1,250926147	0,154088015432208	63,6927773421589
-33,28710938	0,153601100000003	1,30099646	0,174618496659256	66,2421822810591
-32,17382813	0,166654499999993	1,351016479	0,202351070609948	68,7890264256619
-30,8828125	0,180780900000002	1,401062012	0,234518911537264	71,3371696537678
-30	0,189840799999956	1,428563232	0,256714339750499	72,7374354378819
-29,32226563	0,196784699999967	1,451125366	0,273618812376767	73,8862202647658
-27,50683594	0,214636299999995	1,50118335	0,319010329512855	76,4349974541751
-25,6015625	0,233292500000005	1,551212891	0,366476140151678	78,9823264256619
-23,44140625	0,253736899999979	1,601291382	0,420792817046446	81,5321477596741
-21,13183594	0,275462799999957	1,651300659	0,478505216499441	84,0784449592668
-20	0,285982999999987	1,674660156	0,506716709813375	85,2678287169043
-18,63867188	0,298589399999969	1,70130188	0,540767629922749	86,6243319755601
-15,99902344	0,322669700000006	1,751310303	0,606854412765365	89,1705856924644
-12,93164063	0,350028199999997	1,801337891	0,683614524150375	91,7178152240326
-10	0,376284099999964	1,845768433	0,756765788130116	93,9800627800407
-9,807617188	0,378161599999999	1,851408569	0,761614637918405	94,2672387474542
-6,227539063	0,409811699999977	1,90142981	0,850974884074052	96,8141451120163
-2,419921875	0,443458499999963	1,951469727	0,946323626409847	99,3620023930754
0	0,456064900000001	1,935779663	0,990203897267093	98,5631192973523
4,280273438	0,45421719999996	1,901418823	0,990008864680422	96,8135856924644
10	0,454425799999967	1,897084839	0,990118862343255	96,5929144093686
20	0,454306599999995	1,889062988	0,990127709959612	96,1844698574338
30	0,453680700000007	1,880273926	0,989924108776022	95,7369616089613
40	0,453233699999998	1,873540405	0,989966300715264	95,3941143075356
50	0,453233699999998	1,870300659	0,990069963936816	95,229157790224
60	0,453144299999963	1,869420898	0,990044444159017	95,1843634419552
70	0,452995299999998	1,866282837	0,990002345226254	95,0245843686354
80	0,453829699999972	1,870911377	0,989978874591205	95,2602534114053
90	0,453591299999971	1,87025708	0,99009390060433	95,2269389002037
100	0,453561499999978	1,870061768	0,989993590616376	95,2169942973523
110	0,453978699999993	1,873588745	0,990060370268487	95,396575610998
120	0,453650899999957	1,869630127	0,990106195460834	95,1950166496945
130	0,453650899999957	1,865934692	0,989898682004702	95,0068580448065
140	0,453472099999999	1,866786377	0,989969001903438	95,0502228615071
150	0,452935699999955	1,862898315	0,989984089954526	94,8522563645621
160	0,453412499999956	1,866728638	0,990081606747896	95,04728299389
170	0,45335289999997	1,863282227	0,990108895648939	94,8718038187373
180	0,452905899999962	1,861946167	0,990104146318084	94,8037763238289
190	0,452667399999996	1,860961304	0,990081419734868	94,7536305498982
200	0,453591299999971	1,865752808	0,990268069737578	94,9975971486762
210	0,453233699999998	1,862287842	0,990233981362859	94,8211732179226
220	0,452518399999974	1,859557617	0,99013851371224	94,6821597250509
230	0,452816399999961	1,862448608	0,990302159112366	94,8293588594705
240	0,452816399999961	1,860817139	0,990050963613185	94,7462901731161
250	0,452101199999959	1,855455322	0,990041742970842	94,4732852342159
257,4345703	0,451862799999958	1,851342041	0,989917030282909	94,2638513747454
260	0,452101199999959	1,853444458	0,989995266733141	94,370899083503
270	0,452488599999981	1,856279907	0,990030007153283	94,5152702138493
280	0,452101199999959	1,852813599	0,989943109099653	94,3387779531568
290	0,453144299999963	1,860924561	0,990224108675092	94,7517597250509
300	0,452488599999981	1,856054565	0,989922897691653	94,5037965885947
310	0,45225019999998	1,854245361	0,989946834359168	94,4116782586558
320	0,452160800000001	1,853944458	0,989942736073666	94,3963573319756
330	0,452160800000001	1,855913086	0,989954657904184	94,4965929735234
340	0,452607799999953	1,858359375	0,989965555663361	94,6211494399185
350	0,452339599999959	1,857856567	0,99007909157268	94,5955482179226
360	0,451743599999986	1,851060303	0,989884711031433	94,2495062627291
370	0,452607799999953	1,859876099	0,990256986965512	94,698375712831
380	0,452726999999982	1,85944873	0,989982692857199	94,6766155804481
390	0,452905899999962	1,861592285	0,989854068896792	94,785757892057
400	0,45201179999998	1,855064087	0,990038110717806	94,4533649185336
410	0,452667399999996	1,861796265	0,990100420058499	94,7961438391039
420	0,453591299999971	1,867313477	0,990249535446412	95,0770609470468
430	0,453144299999963	1,864774536	0,990165338580956	94,9477869653768
440	0,452726999999982	1,862238403	0,989941618995847	94,8186559572301
450	0,452726999999982	1,858404297	0,990097160831449	94,6234367107943
460	0,45225019999998	1,857672485	0,990123425661152	94,586175407332
470	0,452905899999962	1,860255981	0,990158446100801	94,7177179735234
480	0,452399200000002	1,856305176	0,990105263395903	94,5165568228106
490	0,452071399999966	1,855099365	0,990201383091946	94,4551611507128
500	0,451564799999971	1,854718872	0,98989672586843	94,4357877800407
510	0,451415699999984	1,852008545	0,990084958981425	94,2977874236253
520	0,451832999999965	1,855255859	0,989998153934273	94,4631292769857
530	0,451684	1,855817261	0,990158446100801	94,4917139002037
540	0,451862799999958	1,85609668	0,99017129899618	94,5059409368636
550	0,451743599999986	1,853610107	0,990026840932713	94,3793333503055
560	0,450998499999969	1,849924438	0,990239476745687	94,1916719959267
570	0,450760099999968	1,849382324	0,990073131157456	94,1640694501018
580	0,451862799999958	1,857144897	0,990204549312517	94,5593124745417
590	0,451087900000005	1,853076416	0,990084586955508	94,3521596741344
600	0,451773399999979	1,858430908	0,990150808568743	94,6247916496945
610	0,450700499999982	1,849344482	0,989960526312998	94,1621426680244
620	0,451415699999984	1,853554321	0,990103959305055	94,3764929226069
630	0,451326300000005	1,853875122	0,990027585984616	94,3928269857434
640	0,450670699999989	1,850172607	0,990063071456661	94,204307892057
650	0,451087900000005	1,853620239	0,990116813200504	94,3798492362526
660	0,450432299999989	1,849158325	0,989954657904184	94,1526642057026
670	0,450998499999969	1,850433105	0,990217589220924	94,2175715376782
680	0,451117699999998	1,854840332	0,990001414161392	94,4419720977597
690	0,450611100000003	1,849451538	0,990147083309229	94,1675935845214
700	0,450521699999967	1,848447632	0,990120352447061	94,1164782077393
710	0,450581299999953	1,849621704	0,990047424366629	94,1762578411405
720	0,450700499999982	1,849708496	0,990188623203047	94,1806769857434
730	0,450283299999967	1,847283569	0,989997315875891	94,057208197556
740	0,450611100000003	1,848989136	0,990151274601209	94,144049694501
750	0,450104399999987	1,84613269	0,990102283188291	93,9986094704684
760	0,449865999999986	1,843105835	0,989996011785044	93,8444926171079
770	0,450760099999968	1,84859021	0,990106846506188	94,1237377800407
780	0,449746799999957	1,842649902	0,990077322449437	93,8212781059063
790	0,451505099999963	1,854261353	0,990089989331857	94,4124925152749
800	0,450163999999972	1,843906982	0,99017241707407	93,8852842158859
810	0,450819699999954	1,851179321	0,989848293494457	94,2555662423625
820	0,449865999999986	1,843737427	0,989863568558573	93,8766510692464
830	0,449597799999992	1,841743408	0,990159750191649	93,7751226069246
840	0,450849500000004	1,850330933	0,990121004492484	94,2123692973523
850	0,450104399999987	1,845811401	0,990012217914021	93,9822505600815
860	0,450432299999989	1,849513184	0,990074341241755	94,1707323828921
870	0,451356099999998	1,850392944	0,990057483067354	94,2155266802444
880	0,451028299999962	1,850179443	0,989796228867448	94,2046559572301
890	0,451564799999971	1,8544021	0,99001966943312	94,4196588594705
900	0,450581299999953	1,850395874	0,989913584042831	94,2156758655805
910	0,449508399999957	1,842225586	0,990144196108096	93,7996734215886
920	0,450193799999965	1,84496228	0,989997594895329	93,939016293279
930	0,449627599999985	1,840460327	0,990122307583263	93,7097926171079
940	0,449865999999986	1,842101807	0,989985115025936	93,7933710285132
950	0,449001799999962	1,836265381	0,989810944892619	93,4962006619145
960	0,449091199999998	1,837954834	0,989976732441975	93,5822216904277
970	0,44921039999997	1,83756958	0,990181730722892	93,5626059063136
980	0,449955399999965	1,843733765	0,989894676725679	93,8764646130346
990	0,449955399999965	1,843866577	0,990092969539469	93,8832269348269
1000	0,449836199999993	1,841357422	0,990108150597036	93,7554695519348
1010	0,449746799999957	1,844410156	0,990110665772252	93,9109040733197
1020	0,448852699999975	1,836851318	0,989759253291597	93,5260345213849
1030	0,449329599999999	1,837054443	0,990226250824322	93,5363769348269
1040	0,448793099999989	1,834376587	0,990002159213295	93,4000298879837
1050	0,449836199999993	1,84174707	0,990176421353022	93,7753090631365
1060	0,448554699999988	1,833947144	0,989950001579807	93,3781641547861
1070	0,448465299999953	1,834374878	0,990150901575223	93,3999428716904
1080	0,449538200000006	1,837646729	0,990036247588014	93,5665340631365
1090	0,449776600000007	1,841362061	0,990146617276763	93,7557057535642
1100	0,449448799999971	1,841927856	0,990044630171975	93,7845140529532
1110	0,449329599999999	1,838323853	0,990182195755288	93,6010108452138
1120	0,449120999999991	1,838875122	0,989994335668279	93,6290795315682
1130	0,449865999999986	1,843721924	0,990040811905981	93,8758617107943
1140	0,449120999999991	1,838304077	0,989963692533569	93,6000039205703
1150	0,449955399999965	1,841547363	0,990152671698536	93,7651406822811
1160	0,449180599999977	1,8413573	0,990266114601376	93,7554633401222
1170	0,449955399999965	1,847361572	0,990184151891559	94,0611798370672
1180	0,44921039999997	1,84185437	0,990346958233233	93,7807724032587
1190	0,448554699999988	1,837060059	0,990118675330227	93,5366628818737
1200	0,448614299999974	1,838144409	0,990181357696905	93,5918741853361
1210	0,449418999999978	1,84203479	0,990190299319811	93,7899587576375
1220	0,448882499999968	1,83917688	0,990054036827276	93,6444439918534
1230	0,449120999999991	1,84094165	0,990100886090964	93,734299898167
1240	0,448703699999953	1,838365967	0,990140749868018	93,6031551425662
1250	0,448852699999975	1,84027063	0,990150342536278	93,700133910387
1260	0,448614299999974	1,83868396	0,990178843521759	93,6193462321792
1270	0,448793099999989	1,83681189	0,989918613393194	93,5240269857434
1280	0,448346099999981	1,835373535	0,989828176093007	93,45079098778
1290	0,448465299999953	1,837037354	0,989924946834404	93,5355068228106
1300	0,449091199999998	1,839525757	0,990111689843593	93,6622075865581
1310	0,448942099999954	1,840788208	0,990052360710512	93,7264871690428
1320	0,450015000000008	1,844294556	0,990040624892953	93,9050181262729
1330	0,448554699999988	1,838432983	0,9900493805029	93,6065673625255
1340	0,449746799999957	1,845151001	0,989941432982888	93,948625305499
1350	0,450611100000003	1,848867554	0,990133298348919	94,1378591649694
1360	0,448524899999995	1,836512085	0,990138327699281	93,5087619653768
1370	0,45090909999999	1,851365112	0,99015015652332	94,2650260692464
1380	0,449627599999985	1,843613892	0,990103401266181	93,8703610997963
1390	0,449001799999962	1,841235962	0,989955402956087	93,7492852342159
1400	0,447958699999958	1,836395508	0,990309423618437	93,5028262729124
1410	0,448286499999995	1,835026855	0,990009609732325	93,4331392566191
1420	0,448346099999981	1,835597534	0,989986698136221	93,4621962321792
1430	0,447928899999965	1,832466553	0,990147735354652	93,3027776476578
1440	0,447451999999998	1,829422729	0,989936589645484	93,1477967922607
1450	0,447451999999998	1,828758301	0,990100420058499	93,1139664460285
1460	0,447541399999977	1,830741089	0,989910044796274	93,2149230651731
1470	0,448286499999995	1,83520459	0,990009982758312	93,4421889002037
1480	0,448256700000002	1,836156372	0,990174000184355	93,490650305499
1490	0,448137499999973	1,834805542	0,989981109746914	93,4218707739307
1500	0,44810769999998	1,83446814	0,990048821463956	93,4046914460285
1510	0,448137499999973	1,836488647	0,990049194489942	93,5075685845214
1520	0,448048099999994	1,835550293	0,990187132099171	93,459790885947
1530	0,447511599999984	1,832071045	0,990142985023727	93,2826397657841
1540	0,447958699999958	1,835426514	0,990115881135573	93,4534884928717
1550	0,448346099999981	1,838914063	0,990104332331042	93,6310622708758
1560	0,447511599999984	1,834011353	0,9901617993344	93,3814334521385
1570	0,447720299999958	1,834079468	0,990060277262008	93,3849016293279
1580	0,447451999999998	1,831779419	0,989918054354249	93,267791191446
1590	0,447213599999998	1,830076538	0,990030380179269	93,1810864562118
1600	0,448793099999989	1,840825439	0,989870275025769	93,7283828411405
1610	0,446766599999989	1,826810181	0,989812529002974	93,014775
1620	0,446617599999968	1,825499512	0,990142518991262	92,9480403258656
1630	0,447630799999956	1,831452026	0,990104611350479	93,2511214867617
1640	0,446647399999961	1,828121948	0,99011942038213	93,0815655804481
1650	0,445961899999986	1,820362305	0,989869995006262	92,6864717413442
1660	0,446707000000004	1,824957275	0,9899624814492	92,9204315173116
1670	0,446885799999961	1,826845459	0,989954099865309	93,0165712321792
1680	0,446766599999989	1,824391602	0,990000482096462	92,8916294297352
1690	0,447362599999963	1,830757446	0,990267976731098	93,2157559063136
1700	0,447183800000005	1,829396606	0,990070429969282	93,146466700611
1710	0,4477799	1,832884766	0,990071268027664	93,3240715885947
1720	0,446528199999989	1,826204468	0,989878098570786	92,983934215886
1730	0,447273199999984	1,831321899	0,990157328022912	93,2444958757637
1740	0,446855999999968	1,829314209	0,990005698459852	93,1422713340122
1750	0,4459023	1,822087769	0,99016077426299	92,7743263238289
1760	0,447064599999976	1,830384155	0,990053105762415	93,1967492362525
1770	0,446975199999997	1,828727539	0,99005152265213	93,1124001527495
1780	0,447690399999999	1,833190674	0,989976732441975	93,3396473523422
1790	0,446796399999982	1,829669312	0,990094738662712	93,1603519348269
1800	0,446945400000004	1,828143311	0,99003354639984	93,0826533095723
1810	0,446885799999961	1,82981311	0,989926902970676	93,1676736252546
1820	0,446528199999989	1,826817017	0,989991541473626	93,0151230651731
1830	0,447213599999998	1,831953979	0,990272541049065	93,2766791751527
1840	0,447124199999962	1,8296427	0,990129107056938	93,1589969450102
1850	0,447034799999983	1,830751343	0,990030566192228	93,2154451629328
1860	0,446855999999968	1,829832642	0,990046958334163	93,1686681262729
1870	0,446200299999987	1,825749878	0,98994981456678	92,9607880855397
1880	0,446468600000003	1,827078979	0,990071082014705	93,0284612525458
1890	0,447064599999976	1,831144165	0,990064841579974	93,2354462830957
1900	0,446855999999968	1,829501221	0,990090082338336	93,1517933299389
1910	0,446647399999961	1,829365234	0,989913863062269	93,1448693482688
1920	0,445961899999986	1,824001709	0,990017899309807	92,8717774439919
1930	0,445961899999986	1,822981201	0,990058322125806	92,8198167515275
1940	0,447183800000005	1,830179443	0,990031870283075	93,1863260183299
1950	0,446796399999982	1,829579956	0,990043419087607	93,1558022403259
1960	0,446766599999989	1,830635132	0,990059253190667	93,2095281059063
1970	0,447630799999956	1,83306958	0,989979526636629	93,3334816700611
1980	0,447302999999977	1,831243774	0,98995083963819	93,2405180244399
1990	0,4477799	1,833487671	0,989939383840138	93,3547693991853
2000	0,447451999999998	1,83513562	0,989982878870158	93,4386771894094
2010	0,446885799999961	1,831384888	0,990198960923209	93,2477030549898
2020	0,446885799999961	1,831387207	0,989980178682053	93,2478211303462
2030	0,446766599999989	1,830151855	0,989965462656882	93,1849213340122
2040	0,447362599999963	1,833033691	0,990124915764958	93,3316543279022
2050	0,446647399999961	1,831021729	0,990115974142052	93,2292122708757
2060	0,447183800000005	1,831909668	0,990082444806278	93,2744230142566
2070	0,446885799999961	1,830479248	0,990050032548324	93,2015910386965
2080	0,446200299999987	1,827623901	0,989782164887701	93,0562067718941
2090	0,446557999999982	1,827940186	0,990123984700096	93,0723108961303
2100	0,446975199999997	1,83309314	0,990433671273975	93,3346812627291
2110	0,446438799999953	1,828496582	0,990074341241755	93,1006406313646
2120	0,446855999999968	1,831021362	0,990159191152704	93,2291935845214
2130	0,446557999999982	1,828136353	0,989910230809233	93,0822990325866
2140	0,447213599999998	1,833786377	0,99025614790706	93,3699784623218
2150	0,447630799999956	1,834498413	0,990226250824322	93,4062328411405
2160	0,446796399999982	1,83015918	0,989960526312998	93,1852942973523
2170	0,446707000000004	1,82878125	0,989982692857199	93,1151349287169
2180	0,446200299999987	1,828082886	0,990207902546115	93,0795766802444
2190	0,446379100000001	1,829103149	0,990034478464771	93,131524898167
2200	0,446289699999966	1,829395386	0,99028371782768	93,1464045824847
2210	0,44623009999998	1,827213623	0,98985639705898	93,0353168533605
2220	0,446438799999953	1,827122437	0,990210323714782	93,0306739816701
2230	0,447183800000005	1,832275024	0,990144382121054	93,2930256619145
2240	0,446319499999959	1,828122559	0,989985021019387	93,0815966904277
2250	0,446707000000004	1,83016394	0,990107405545133	93,1855366598778
2260	0,446557999999982	1,827755737	0,990012124907542	93,0629193991853
2270	0,447213599999998	1,832157593	0,990078719546763	93,2870464867617
2280	0,44623009999998	1,826135742	0,99007806750134	92,9804349287169
2290	0,446289699999966	1,827529419	0,990052267704033	93,0513960794297
2300	0,446796399999982	1,832455444	0,990414018904921	93,3022120162933
2310	0,446319499999959	1,826534668	0,99023919672618	93,0007468431772
2320	0,447064599999976	1,831092041	0,990134043400822	93,232792311609
2330	0,446319499999959	1,826530396	0,99010982771387	93,0005293279022
2340	0,446379100000001	1,828203613	0,990216564149513	93,0857236761711
2350	0,447213599999998	1,830801025	0,989992658551445	93,217974796334
2360	0,447183800000005	1,832338135	0,990008864680422	93,2962390529532
2370	0,446528199999989	1,82931958	0,990096880811942	93,1425448065173
2380	0,446647399999961	1,829177612	0,989851646728055	93,135316293279
2390	0,447451999999998	1,835249634	0,990256241913609	93,4444823828921
2400	0,446319499999959	1,827317261	0,990069591910899	93,0405937372709
2410	0,446885799999961	1,832889038	0,989947114378675	93,3242891038696
2420	0,447809699999993	1,833763672	0,989987629201083	93,3688224032586
2430	0,447451999999998	1,83687146	0,989986791142701	93,5270600814664
2440	0,448197099999959	1,838278564	0,989926716957717	93,5987048879837
2450	0,446289699999966	1,829241943	0,990019389413613	93,138591802444
2460	0,446647399999961	1,83140271	0,990065772644836	93,2486104887984
2470	0,446885799999961	1,831603271	0,99009604275356	93,2588223523422
2480	0,446528199999989	1,829127563	0,99024348102464	93,1327679735234
2490	0,446051299999965	1,825812378	0,990220476422056	92,9639703665988
2500	0,446110900000008	1,826987671	0,990068939865476	93,0238121690428
2510	0,446557999999982	1,830661255	0,989940500917957	93,210858197556
2520	0,446975199999997	1,832282471	0,989979153610643	93,2934048370672
2530	0,44623009999998	1,829535645	0,990031591263638	93,1535460794297
2540	0,447034799999983	1,834987915	0,990070989008226	93,4311565682281
2550	0,446557999999982	1,831062378	0,990055992963548	93,2312819755601
2560	0,446319499999959	1,82892749	0,989980736720928	93,1225809572301
2570	0,447362599999963	1,835782471	0,990182568781274	93,4716125763747
2580	0,446289699999966	1,831074951	0,990222711577765	93,2319221486762
2590	0,446647399999961	1,832426636	0,990023301686156	93,3007452138493
2600	0,446945400000004	1,834049927	0,99011830330431	93,3833975050917
2610	0,446319499999959	1,830394043	0,990235099440748	93,1972526985743
2620	0,446319499999959	1,83172644	0,989917589321853	93,2650936863544
2630	0,446140700000001	1,829403076	0,990109547694363	93,1467961303462
2640	0,447451999999998	1,836239014	0,990061861372362	93,4948581466395
2650	0,446707000000004	1,83209082	0,990263040387215	93,2836466395112
2660	0,446796399999982	1,833543335	0,990173534151889	93,3576036150713
2670	0,446945400000004	1,834144409	0,990038948776189	93,388208197556
2680	0,446975199999997	1,833751709	0,989945903294306	93,3682132892057
2690	0,447124199999962	1,834892334	0,989972727162953	93,4262899185336
2700	0,446438799999953	1,828134644	0,990062047385321	93,0822120162933
2710	0,447124199999962	1,834473389	0,990405263294973	93,404958706721
2720	0,447124199999962	1,835879395	0,990283530814652	93,4765476069247
2730	0,446140700000001	1,827921021	0,9897525468244	93,0713350814664
2740	0,446707000000004	1,832311035	0,990040159860557	93,2948592158859
2750	0,446617599999968	1,832239136	0,989965555663361	93,2911983706721
2760	0,446647399999961	1,831936646	0,990160402237073	93,2757966395112
2770	0,447213599999998	1,83510144	0,990013242985431	93,4369368635438
2780	0,447869299999979	1,835092163	0,990140004816115	93,4364645112016
2790	0,446438799999953	1,829699951	0,990155837919106	93,1619119653768
2800	0,447720299999958	1,834086548	0,990148107380569	93,3852621181263
2810	0,448614299999974	1,842087646	0,989992379532008	93,79265
2820	0,447362599999963	1,838697144	0,990015385134661	93,620017515275
2830	0,447034799999983	1,837597412	0,990009423719367	93,5640230142566
2840	0,447720299999958	1,838334229	0,99003987984105	93,6015391547862
2850	0,446707000000004	1,8314375	0,989981481772831	93,2503818737271
2860	0,447392399999956	1,836270386	0,990197377812924	93,4964554989817
2870	0,446647399999961	1,830682007	0,9899995510316	93,2119148167006
2880	0,447273199999984	1,83252771	0,990011286849159	93,3058915478615
2890	0,447630799999956	1,837721313	0,990098650935256	93,5703316191446
2900	0,446945400000004	1,833314331	0,989985860077839	93,3459435336049
2910	0,446766599999989	1,832664917	0,990013801024306	93,3128776476578
2920	0,446975199999997	1,833816162	0,990246927264717	93,3714950101833
2930	0,44810769999998	1,833762329	0,989727213059559	93,3687540224033
2940	0,447600999999963	1,836959106	0,990232398252574	93,5315227087576
2950	0,446647399999961	1,831011841	0,989929883178287	93,228708808554
2960	0,447958699999958	1,834864868	0,990011006829652	93,4248914460285
2970	0,447600999999963	1,831903809	0,99001762029037	93,274124694501
2980	0,447541399999977	1,835043945	0,990026654919755	93,4340094195519
2990	0,447869299999979	1,834320068	0,99001016877127	93,3971521384929
3000	0,448375899999974	1,839409912	0,990102749220757	93,6563091649695
3010	0,448375899999974	1,838292725	0,989985860077839	93,5994259164969
3020	0,447213599999998	1,835637451	0,990112248882537	93,4642286659878
3030	0,447720299999958	1,836014282	0,990160960275948	93,4834155804481
3040	0,446885799999961	1,830984741	0,990066797716246	93,2273289714868
3050	0,447183800000005	1,831172852	0,990091199416156	93,2369069246436
3060	0,447958699999958	1,832638184	0,990168970833992	93,311516496945
3070	0,448375899999974	1,834049561	0,990066703709697	93,3833788696538
3080	0,447869299999979	1,834521484	0,989934260483226	93,4074075356415
3090	0,448554699999988	1,838486328	0,990164220503067	93,609283503055
3100	0,448942099999954	1,839238892	0,990302997170748	93,6476014256619
3110	0,449120999999991	1,839772217	0,99001762029037	93,6747564663951
3120	0,447690399999999	1,838419067	0,990049194489942	93,605858808554
3130	0,447928899999965	1,838447021	0,989971796098092	93,6072821283096
3140	0,4477799	1,836132935	0,989940966950423	93,4894569755601
3150	0,447928899999965	1,835722412	0,990032336315541	93,4685545824847
3160	0,447630799999956	1,833517822	0,990217868240361	93,3563045824847
3170	0,447928899999965	1,837806641	0,990184524917545	93,5746762219959
3180	0,44843549999996	1,835008301	0,990140376842032	93,4321945519348
3190	0,450193799999965	1,847447021	0,990115881135573	94,0655306008147
3200	0,448375899999974	1,837317993	0,99025083953726	93,5497959775967
3210	0,448703699999953	1,837213379	0,989981481772831	93,5444693991853
3220	0,449180599999977	1,839193359	0,990235751486172	93,6452830448065
3230	0,449001799999962	1,838796753	0,990108989655488	93,6250892566191
3240	0,44867389999996	1,841577637	0,990289492229945	93,7666821283096
3250	0,448763299999996	1,836044067	0,98990315231612	93,4849321283096
3260	0,449508399999957	1,841783081	0,990239941778083	93,7771426171079
3270	0,44921039999997	1,842496704	0,989872882207395	93,8134778004073
3280	0,448882499999968	1,84011438	0,990080209650569	93,6921782077393
3290	0,448048099999994	1,83924707	0,990178005463377	93,6480178207739
3300	0,449836199999993	1,845616821	0,99020743651365	93,9723432281059
3310	0,449031599999955	1,839017334	0,99013208726455	93,6363204684318
3320	0,448465299999953	1,836398438	0,990005884472811	93,5029754582485
3330	0,448614299999974	1,836650879	0,990101724149347	93,5158288696538
3340	0,447451999999998	1,834004639	0,990173907177875	93,381091598778
3350	0,448375899999974	1,837505981	0,990193000507985	93,5593676680244
3360	0,449031599999955	1,840663452	0,990307840508152	93,7201350305499
3370	0,449269999999956	1,841083374	0,99021898631825	93,74151598778
3380	0,448048099999994	1,838968384	0,990064375547509	93,6338281059063
3390	0,448882499999968	1,838594971	0,99013525448519	93,6148152240326
3400	0,448703699999953	1,837103027	0,990064468553988	93,5388506619145
3410	0,449031599999955	1,842554688	0,989911814919588	93,8164301425662
3420	0,448465299999953	1,838833008	0,990303463203213	93,6269352342159
3430	0,448703699999953	1,842979004	0,990109734707391	93,8380348268839
3440	0,448286499999995	1,842219116	0,990163754470601	93,7993439918534
3450	0,447928899999965	1,834758301	0,99025829105636	93,4194654276986
3460	0,447511599999984	1,835160278	0,98998259985072	93,439932688391
3470	0,448048099999994	1,834584839	0,990136092543572	93,4106333503055
3480	0,448048099999994	1,838213745	0,990019110394176	93,5954045315682
3490	0,448375899999974	1,833784546	0,990028424042998	93,3698852342159
3500	0,448346099999981	1,839246948	0,990245717180418	93,6480116089613
3510	0,449001799999962	1,839317627	0,989916657256922	93,6516103360489
3520	0,447869299999979	1,83439917	0,990067728781107	93,4011797352342
3530	0,447630799999956	1,834872803	0,990090361357774	93,4252954684318
3540	0,44921039999997	1,839511597	0,9899571730794	93,6614866089613
3550	0,447273199999984	1,833413818	0,989971423072106	93,3510090631365
3560	0,448346099999981	1,834828247	0,990130411147786	93,4230268329939
3570	0,448465299999953	1,840118774	0,990147921367611	93,6924019348269
3580	0,449120999999991	1,841172852	0,98994124596986	93,7460718940937
3590	0,447958699999958	1,835716797	0,990072386105553	93,4682686863544
3600	0,448018300000001	1,837824585	0,989754875986658	93,5755898676171
3610	0,447958699999958	1,838906982	0,990062885443703	93,6307017311609
3620	0,448375899999974	1,838027832	0,990286418015785	93,5859384928717
3630	0,448793099999989	1,843716064	0,990071547047101	93,8755633401222
3640	0,448852699999975	1,839382324	0,990003090278157	93,6549044806517
3650	0,447928899999965	1,835762329	0,989892627582929	93,4705870162933
3660	0,448375899999974	1,837605469	0,989959781261095	93,5644332484725
3670	0,449091199999998	1,842504395	0,990114205018809	93,8138693991853
3680	0,448375899999974	1,838932617	0,99004416413951	93,6320069755601
3690	0,447302999999977	1,832749268	0,98999638481103	93,3171725050916
3700	0,447869299999979	1,835145264	0,98999638481103	93,4391682281059
3710	0,447362599999963	1,832048462	0,990106567486751	93,2814899185336
3720	0,449120999999991	1,838167603	0,99012258760277	93,5930551425662
3730	0,447541399999977	1,830128784	0,989903711355064	93,1837466395112
3740	0,448465299999953	1,837860352	0,989928300068002	93,5774109979633
3750	0,447720299999958	1,834206299	0,990122121570304	93,3913594195519
3760	0,447958699999958	1,835069702	0,990386449984371	93,4353208757638
3770	0,448256700000002	1,83703479	0,990187319112199	93,5353762729124
3780	0,448048099999994	1,835258057	0,99012789597257	93,4449112525458
3790	0,448763299999996	1,836957886	0,99031873726726	93,5314605906314
3800	0,447869299999979	1,835029297	0,990066517696739	93,4332635947047
3810	0,447958699999958	1,830843262	0,990156023932064	93,2201253564155
3820	0,449180599999977	1,839845703	0,990173814171396	93,6784981160896
3830	0,448197099999959	1,834662231	0,990063071456661	93,4145738798371
3840	0,447451999999998	1,833659912	0,989959129215671	93,3635393075356
3850	0,448048099999994	1,833918335	0,990060650287994	93,3766973014257
3860	0,447183800000005	1,830989624	0,989953447819885	93,2275775967413
3870	0,447809699999993	1,832959229	0,990041649964363	93,3278629837067
3880	0,449538200000006	1,840322021	0,9899073436081	93,7027505600815
3890	0,449418999999978	1,842232544	0,990122959628686	93,8000276985743
3900	0,448882499999968	1,83836145	0,990060836300952	93,6029251527495
3910	0,449418999999978	1,841916382	0,99015863211376	93,7839298370672
3920	0,44843549999996	1,837702026	0,990002159213295	93,569349592668
3930	0,448852699999975	1,838077148	0,989983903941568	93,588449490835
3940	0,447928899999965	1,836438599	0,990162730399261	93,5050203156823
3950	0,448256700000002	1,837832031	0,990137023608434	93,5759689918534
3960	0,448763299999996	1,837740356	0,990119513388609	93,5713012219959
3970	0,449001799999962	1,839627197	0,989916285231005	93,6673725560081
3980	0,448852699999975	1,839851807	0,990073689196331	93,678808910387
3990	0,450372700000003	1,84897876	0,990017713296849	94,1435213849287
4000	0,450372700000003	1,848227661	0,990106195460834	94,1052780549898
4010	0,450163999999972	1,849140869	0,989974683299225	94,151775407332
4020	0,449925599999972	1,847266479	0,990140283835553	94,0563380346232
4030	0,449627599999985	1,844102661	0,990118489317268	93,8952475050916
4040	0,449001799999962	1,842155029	0,990070242956254	93,7960809063136
4050	0,447958699999958	1,83805896	0,98995931522863	93,5875234215886
4060	0,448614299999974	1,841429443	0,990127523946653	93,7591366089613
4070	0,448346099999981	1,836406982	0,990059067177709	93,5034104887984
4080	0,44867389999996	1,841248657	0,989948045443536	93,7499316191446
4090	0,449359399999992	1,842724121	0,990003183284636	93,8250570773931
4100	0,448793099999989	1,842171265	0,990173814171396	93,796907586558
4110	0,450283299999967	1,849370361	0,990230628129261	94,1634603360489
4120	0,450015000000008	1,845571411	0,990111689843593	93,9700311099796
4130	0,449418999999978	1,845518433	0,990025350828907	93,9673336558045
4140	0,450104399999987	1,848591919	0,990201196078918	94,123824796334
4150	0,449925599999972	1,845897217	0,990069311891392	93,9866200101833
4160	0,449687199999971	1,846114502	0,989874093291764	93,997683401222
4170	0,449269999999956	1,84268103	0,989989492330875	93,8228630346232
4180	0,449955399999965	1,847079834	0,989973379208377	94,0468347250509
4190	0,449627599999985	1,844650513	0,990329635026437	93,923142209776
4200	0,450283299999967	1,849808105	0,989983065883186	94,1857487270876
4210	0,449746799999957	1,845142944	0,990008399648027	93,9482150712831
4220	0,448852699999975	1,843873169	0,99012258760277	93,8835625763748
4230	0,449597799999992	1,843918335	0,990110758778731	93,8858622708757
4240	0,448256700000002	1,837973877	0,990124822758479	93,583191293279
4250	0,449865999999986	1,846269775	0,989843544163602	94,0055893584521
4260	0,448018300000001	1,837941772	0,990105449408862	93,5815566191446
4270	0,449359399999992	1,841978271	0,990013055972403	93,7870810081466
4280	0,448346099999981	1,84076123	0,990254192770858	93,7251135437882
4290	0,44843549999996	1,840863525	0,990104146318084	93,7303220468432
4300	0,449925599999972	1,843922485	0,990072572118511	93,8860735743381
4310	0,449031599999955	1,840965332	0,990154999860724	93,7355057026477
4320	0,448137499999973	1,840168579	0,990161240295455	93,6949378309572
4330	0,449597799999992	1,842296631	0,99009818490279	93,803290784114
4340	0,448942099999954	1,840074585	0,989852671799465	93,6901519857434
4350	0,450283299999967	1,848198608	0,990047424366629	94,1037987780041
4360	0,449448799999971	1,842305054	0,990180985670989	93,8037196537678
4370	0,450491899999975	1,849897705	0,990024418763976	94,1903108452138
4380	0,449955399999965	1,846343506	0,989925132847362	94,0093434826884
4390	0,44921039999997	1,843884766	0,990141401913442	93,8841530549898
4400	0,448763299999996	1,84325354	0,990011286849159	93,8520132382892
4410	0,448465299999953	1,839761841	0,990079184579159	93,6742281568228
4420	0,448614299999974	1,841765625	0,989927088983634	93,7762538187373
4430	0,449001799999962	1,844494629	0,989979898662546	93,9152051425662
4440	0,448793099999989	1,844024536	0,989994894707224	93,8912696537678
4450	0,449925599999972	1,847744751	0,990053943820797	94,0806899694501
4460	0,449448799999971	1,844970825	0,989916005211498	93,9394513747454
4470	0,449627599999985	1,847525757	0,990111131804718	94,0695395621181
4480	0,449925599999972	1,849553833	0,990087940189106	94,1728020875764
4490	0,448614299999974	1,843595825	0,990104984376466	93,869441191446
4500	0,44921039999997	1,847705688	0,989775180401136	94,0787010183299
4510	0,448882499999968	1,845004517	0,990046586308247	93,9411668533605
4520	0,448793099999989	1,846089478	0,990139817803087	93,9964092668024
4530	0,448942099999954	1,843530273	0,990261550283409	93,8661035132383
4540	0,449091199999998	1,843599487	0,990209858682386	93,8696276476579
4550	0,448375899999974	1,843777954	0,989930815243218	93,8787145621181
4560	0,448048099999994	1,84119519	0,990391758354171	93,7472092668024
4570	0,448882499999968	1,843230225	0,990182754794232	93,8508261201629
4580	0,448137499999973	1,841377319	0,990082630819237	93,7564826374745
4590	0,448197099999959	1,840024414	0,990282878769228	93,6875974541751
4600	0,448018300000001	1,838387329	0,990031032224693	93,6042428207739
4610	0,450074599999994	1,847023071	0,990113831992822	94,0439445519348
4620	0,448614299999974	1,843038818	0,990229231031934	93,8410803462322
4630	0,449418999999978	1,843441895	0,989979805656066	93,8616036150713
4640	0,448197099999959	1,842110474	0,989916378237485	93,7938123217923
4650	0,448465299999953	1,841725464	0,990112714915003	93,7742089613035
4660	0,448465299999953	1,839164917	0,990100420058499	93,6438348778004
4670	0,449955399999965	1,847820068	0,989892441569971	94,0845248472505
4680	0,450015000000008	1,849311157	0,989979526636629	94,1604458757638
4690	0,4477799	1,839799072	0,989988002227069	93,6761238289206
4700	0,449687199999971	1,847401978	0,989677104568822	94,0632371690428
4710	0,449448799999971	1,846531982	0,990039041782668	94,0189400203666
4720	0,449687199999971	1,845891968	0,990188436190019	93,9863527494908
4730	0,4477799	1,838029297	0,990102004168854	93,5860130855397
4740	0,44921039999997	1,842829834	0,990059812229612	93,8304396130346
4750	0,448346099999981	1,841955811	0,989995545752578	93,7859374236253
4760	0,448018300000001	1,840946777	0,990045655243385	93,7345609470468
4770	0,448137499999973	1,842572998	0,990118862343255	93,8173624236253
4780	0,448524899999995	1,842054199	0,990043513094155	93,7909469959267
4790	0,449865999999986	1,846324341	0,989545592407212	94,0083676680244
4800	0,448048099999994	1,840007568	0,989935099541678	93,6867397148676
4810	0,448793099999989	1,847041626	0,990138048679844	94,0448893075356
4820	0,447690399999999	1,838619019	0,990002438232733	93,6160396639511
4830	0,4477799	1,840002808	0,990347052239782	93,6864973523422
4840	0,448256700000002	1,841286011	0,990040438879995	93,7518335539715
4850	0,447511599999984	1,837954102	0,990190485332769	93,5821844195519
4860	0,448375899999974	1,84003772	0,99009390060433	93,6882749490835
4870	0,44810769999998	1,842157837	0,990177539430911	93,7962238798371
4880	0,448942099999954	1,841656982	0,990022090601788	93,7707220977597
4890	0,450521699999967	1,8547229	0,990066890722725	94,4359928716904
4900	0,44843549999996	1,846001953	0,990137303627941	93,9919528004073
4910	0,448763299999996	1,844176636	0,990118023284803	93,8990140529532
4920	0,450253400000008	1,855532837	0,990183127820219	94,4772320264766
4930	0,450849500000004	1,858469238	0,990419793307186	94,6267432790224
4940	0,448793099999989	1,846178589	0,990131901251592	94,0009464867617
4950	0,448554699999988	1,845208374	0,990127988979049	93,9515465376782
4960	0,448256700000002	1,842808228	0,99012361167411	93,8293395112016
4970	0,447928899999965	1,839898926	0,990203990273572	93,6812080448065
4980	0,448375899999974	1,84288501	0,990095204695178	93,8332489816701
4990	0,448197099999959	1,843113159	0,990152112659591	93,8448655295316
5000	0,447392399999956	1,837985107	0,990101538136388	93,5837630855397
5010	0,448256700000002	1,84305957	0,989883872973051	93,8421369653768
5020	0,449180599999977	1,84651123	0,990173162125973	94,017883401222
5030	0,449836199999993	1,852262695	0,99031119374175	94,3107278513238
5040	0,449448799999971	1,848380737	0,990014826095716	94,1130721486762
5050	0,449031599999955	1,847854736	0,990142518991262	94,0862900203666
5060	0,450015000000008	1,851600342	0,990256986965512	94,2770031568228
5070	0,447600999999963	1,840988525	0,990118582323747	93,7366866089613
5080	0,448018300000001	1,842093262	0,989966859754209	93,7929359470468
5090	0,44867389999996	1,846816772	0,990318272234864	94,0334405295316
5100	0,447958699999958	1,842151489	0,990174186197313	93,7959006619144
5110	0,448852699999975	1,845540161	0,990170087911812	93,9684399694501
5120	0,447064599999976	1,833815918	0,990126498875243	93,371482586558
5130	0,4477799	1,839437744	0,990318272234864	93,6577262729124
5140	0,448256700000002	1,842063354	0,990027212958629	93,7914131364562
5150	0,447928899999965	1,839639404	0,990157142009954	93,6679940936863
5160	0,4477799	1,838613037	0,99007806750134	93,6157350814664
5170	0,448763299999996	1,841398804	0,990122773615728	93,7575765784114
5180	0,448346099999981	1,843943848	0,990303463203213	93,8871613034623
5190	0,448048099999994	1,841182983	0,990030566192228	93,7465877291242
5200	0,447809699999993	1,84050061	0,989959129215671	93,7118436863544
5210	0,449687199999971	1,846372559	0,990038482743723	94,0108227596741
5220	0,447809699999993	1,841690552	0,990131715238634	93,7724313645621
5230	0,447511599999984	1,838669556	0,990140004816115	93,6186128309572
5240	0,447451999999998	1,835455322	0,989962947481666	93,4549552953157
5250	0,448793099999989	1,846221558	0,989974031253801	94,0031343177189
5260	0,448882499999968	1,845314087	0,99008654309178	93,9569290733198
5270	0,448703699999953	1,841124756	0,989755900057999	93,7436230142566
5280	0,448554699999988	1,84592041	0,990140097822594	93,9878009164969
5290	0,448852699999975	1,848903442	0,990290609307765	94,1396864562118
5300	0,449269999999956	1,844612061	0,989922618672216	93,9211843686354
5310	0,449329599999999	1,845040405	0,990183313833177	93,9429941446028
5320	0,448942099999954	1,843357178	0,990038669756751	93,8572901221996
5330	0,448346099999981	1,844482056	0,990034943497166	93,9145649694501
5340	0,448375899999974	1,844106445	0,990184803936983	93,8954401731161
5350	0,448375899999974	1,84363562	0,990005139420908	93,8714674134419
5360	0,450074599999994	1,852094849	0,989897377913854	94,3021817209776
5370	0,449091199999998	1,848325928	0,990010541797256	94,1102814663951
5380	0,449538200000006	1,849258911	0,989716968345876	94,1577856924643
5390	0,448465299999953	1,844229004	0,990090361357774	93,9016804480652
5400	0,448346099999981	1,844177856	0,990021904588829	93,8990761710794
5410	0,447690399999999	1,840041138	0,990077228442888	93,68844898167
5420	0,449269999999956	1,845209717	0,990232025226587	93,9516149185336
5430	0,448852699999975	1,846008301	0,990391572341213	93,9922760183299
5439,999023	0,448018300000001	1,84312207	0,990096415779546	93,8453192464358
5449,999023	0,447600999999963	1,841359497	0,990095576721095	93,755575203666
5459,999023	0,449001799999962	1,845306519	0,990346958233233	93,9565437372709
5469,999023	0,447541399999977	1,840800049	0,990208647598018	93,7270900712831
5479,999023	0,447362599999963	1,83996521	0,990092131481087	93,68458299389
5489,999023	0,447600999999963	1,84168396	0,990002438232733	93,7720957230142
5499,999023	0,448346099999981	1,847749756	0,990235378460186	94,0809448065173
5509,999023	0,447869299999979	1,844080688	0,989969187916397	93,8941287169043
5519,999023	0,448793099999989	1,845881348	0,990096135760039	93,9858120162933
5529,999023	0,447064599999976	1,838622681	0,989996104791523	93,6162261201629
5539,999023	0,449865999999986	1,850706055	0,98994124596986	94,2314691955194
5549,999023	0,449508399999957	1,849504517	0,990077880488311	94,170291089613
5559,999023	0,447809699999993	1,844893188	0,990031218237652	93,9354983706721
5569,999023	0,448018300000001	1,844988159	0,990032988360965	93,9403339613035
5579,999023	0,447630799999956	1,842448242	0,990055340918124	93,8110102851324
5589,999023	0,449120999999991	1,850380005	0,990052267704033	94,2148678716904
5599,999023	0,448554699999988	1,846087158	0,990056925028479	93,9962911405295
5609,999023	0,448256700000002	1,846691284	0,989967511799632	94,0270511201629
5619,999023	0,448465299999953	1,848809692	0,990121656537908	94,1349130346232
5629,999023	0,447541399999977	1,845033081	0,990149132451979	93,9426212321792
5639,999023	0,448048099999994	1,845189575	0,990114671051274	93,9505893584521
5649,999023	0,449538200000006	1,850243164	0,990057297054396	94,207900407332
5659,999023	0,447511599999984	1,844652466	0,990165431587435	93,9232416496945
5669,999023	0,447541399999977	1,843917236	0,990149877503882	93,8858063136456
5679,999023	0,447928899999965	1,846098389	0,990043699107114	93,9968629837067
5689,999023	0,447600999999963	1,844203857	0,990047424366629	93,9004000509165
5699,999023	0,447511599999984	1,844202271	0,99017027492484	93,9003192973523
5709,999023	0,447541399999977	1,844854736	0,990090547370732	93,9335405295316
5719,999023	0,4477799	1,846454834	0,990055247911645	94,0150119144603
5729,999023	0,446647399999961	1,837949341	0,989762606525195	93,58194200611
5739,999023	0,447362599999963	1,84182019	0,989833205443369	93,7790320773931
5749,999023	0,446855999999968	1,840589111	0,990184803936983	93,7163498472505
5759,999023	0,446379100000001	1,837164551	0,990075366313165	93,5419832484725
5769,999023	0,44843549999996	1,846686523	0,990120631466498	94,026808706721
5779,999023	0,4477799	1,847942505	0,990078625540215	94,090758910387
5789,999023	0,447511599999984	1,846549927	0,99029005126889	94,0198537169043
5799,999023	0,447928899999965	1,845222778	0,990003370297664	93,9522799389002
5809,999023	0,447928899999965	1,847627075	0,990094459643275	94,0746983197556
5819,999023	0,447541399999977	1,846643555	0,990029728133846	94,0246209266802
5829,999023	0,447183800000005	1,84306189	0,99014698930268	93,8422550916497
5839,999023	0,44810769999998	1,84614978	0,989986325110235	93,9994796334012
5849,999023	0,447273199999984	1,845660767	0,990272727062024	93,9745808044807
5859,999023	0,447392399999956	1,84486853	0,989905108452391	93,9342428716904
5869,999023	0,446140700000001	1,836369629	0,989982785863678	93,501508604888
5879,999023	0,447213599999998	1,841932739	0,990194490611791	93,7847626782077
5889,999023	0,446617599999968	1,839940552	0,98998157577938	93,6833274949084
5899,999023	0,447392399999956	1,845184692	0,990150994581702	93,9503407331975
5909,999023	0,446289699999966	1,836472534	0,990179308554155	93,5067481670061
5919,999023	0,446528199999989	1,839220581	0,990080954702472	93,6466690936864
5929,999023	0,446438799999953	1,837047241	0,990036154581535	93,5360102342159
5939,999023	0,446319499999959	1,836916382	0,990134416426808	93,5293473523422
5949,999023	0,445455299999992	1,831384766	0,990036992639917	93,2476968431772
5959,999023	0,447183800000005	1,844430298	0,990030752205186	93,9119296334012
5969,999023	0,446289699999966	1,840142944	0,990127430940174	93,693632586558
5979,999023	0,447213599999998	1,843580933	0,990063444482647	93,8686829429735
5989,999023	0,446379100000001	1,83959436	0,990049007476914	93,665700610998
5999,999023	0,445872500000007	1,835968262	0,989841774040289	93,4810724032587
6009,999023	0,447034799999983	1,844415894	0,990231094161726	93,9111962321792
6019,999023	0,446438799999953	1,839866821	0,990127150920667	93,6795733706721
6029,999023	0,446855999999968	1,840899048	0,990156210945092	93,7321307535641
6039,999023	0,447124199999962	1,844599976	0,990164313509546	93,9205690427699
6049,999023	0,446110900000008	1,837660034	0,990119048356213	93,5672115071283
6059,999023	0,445276499999977	1,830581055	0,989945158242403	93,206774694501
6069,999023	0,446379100000001	1,83547998	0,990109175668446	93,4562107942973
6079,999023	0,446379100000001	1,839893921	0,990046027269302	93,6809532077393
6089,999023	0,446319499999959	1,840347656	0,990189647274387	93,7040558044807
6099,999023	0,44623009999998	1,835667236	0,990183313833177	93,4657452138493
6109,999023	0,446438799999953	1,839164551	0,990026840932713	93,6438162423625
6119,999023	0,44512739999999	1,829367554	0,990055527931152	93,1449874745418
6129,999023	0,446438799999953	1,837802124	0,990078998566201	93,5744462321792
6139,999023	0,445812899999964	1,835203857	0,99033457137032	93,4421515784114
6149,999023	0,446379100000001	1,837484009	0,990226529843759	93,5582489307536
6159,999023	0,446200299999987	1,835320313	0,990030846211735	93,4480811099796
6169,999023	0,446557999999982	1,840780884	0,990251584589163	93,7261142566191
6179,999023	0,446468600000003	1,839412231	0,990208926617455	93,6564272403259
6189,999023	0,446110900000008	1,8368927	0,990066238677301	93,5281415478615
6199,999023	0,445693699999993	1,832854126	0,989996570823988	93,3225115071283
6209,999023	0,446617599999968	1,839635986	0,990367542667219	93,6678200610998
6219,999023	0,446557999999982	1,839143921	0,990136558576038	93,6427658350305
6229,999023	0,445455299999992	1,829742676	0,98987129909711	93,1640873727087
6239,999023	0,445455299999992	1,831875244	0,99012892104398	93,2726702647658
6249,999023	0,446707000000004	1,839041504	0,990060650287994	93,6375511201629
6259,999023	0,446051299999965	1,836037109	0,989966114702305	93,4845778513238
6269,999023	0,446885799999961	1,841689087	0,990091386429184	93,7723567718941
6279,999023	0,446528199999989	1,83898291	0,990135440498149	93,6345677189409
6289,999023	0,446468600000003	1,837328857	0,990086822111217	93,5503491344195
6299,999023	0,446021499999972	1,83567395	0,990038110717806	93,4660870672098
6309,999023	0,446855999999968	1,839406372	0,990097346844408	93,6561289205703
6319,999023	0,446617599999968	1,840051392	0,989945344255362	93,6889710794297
6329,999023	0,446438799999953	1,837229858	0,989821562632289	93,5453084521385
6339,999023	0,447183800000005	1,840831787	0,990141773939359	93,7287060590631
6349,999023	0,446140700000001	1,838521362	0,990178191476335	93,611067311609
6359,999023	0,446766599999989	1,83926062	0,990124729751999	93,6487077393075
6369,999023	0,445723499999986	1,83307019	0,989791106510606	93,3335127291242
6379,999023	0,446110900000008	1,834476685	0,989876887486417	93,4051265274949
6389,999023	0,446021499999972	1,834800659	0,990087288143682	93,4216221486762
6399,999023	0,447183800000005	1,842338745	0,99012892104398	93,8054350814664
6409,999023	0,446528199999989	1,837981934	0,990082816832195	93,5836015274949
6419,999023	0,446110900000008	1,834435181	0,990146710283242	93,4030132892057
6429,999023	0,445485099999985	1,829504517	0,990003183284636	93,1519611507128
6439,999023	0,446051299999965	1,832959839	0,990087008124175	93,3278940427698
6449,999023	0,446468600000003	1,834436401	0,990279898561616	93,403075407332
6459,999023	0,445485099999985	1,830479492	0,990367821686657	93,2016034623218
6469,999023	0,446021499999972	1,832190918	0,990135813524135	93,2887432790224
6479,999023	0,445276499999977	1,826392944	0,989987070162138	92,9935307535641
6489,999023	0,447392399999956	1,836342651	0,99004090491246	93,5001349796334
6499,999023	0,445216899999991	1,827023804	0,989921966626792	93,0256519348269
6509,999023	0,445783099999971	1,828970581	0,990205946409843	93,124775
6519,999023	0,445276499999977	1,827727905	0,990055527931152	93,0615022912424
6529,999023	0,445783099999971	1,829668823	0,990185829008393	93,1603270366599
6539,999023	0,445783099999971	1,828893066	0,989992751557925	93,1208282077393
6549,999023	0,444978399999968	1,823057007	0,989921966626792	92,8236765274949
6559,999023	0,445395700000006	1,826304565	0,990087195137203	92,9890308044807
6569,999023	0,44530629999997	1,825391846	0,990105356402382	92,9425583503055
6579,999023	0,445157300000005	1,82562439	0,990203990273572	92,9543986761711
6589,999023	0,445485099999985	1,827918457	0,990123425661152	93,0712045315682
6599,999023	0,445157300000005	1,824558594	0,990250466511274	92,9001320773931
6609,999023	0,44530629999997	1,824652466	0,99002814502356	92,9049117107943
6619,999023	0,445634100000007	1,828483154	0,990189088235442	93,0999569246436
6629,999023	0,44530629999997	1,824390137	0,989867759850553	92,8915548370672
6639,999023	0,445961899999986	1,828358887	0,99019989298814	93,0936296843177
6649,999023	0,445872500000007	1,827744873	0,990089895325308	93,0623662423625
6659,999023	0,4459023	1,828105347	0,990273751133364	93,0807203156823
6669,999023	0,445634100000007	1,825342896	0,990078998566201	92,94006598778
6679,999023	0,445037999999954	1,82397522	0,990050963613185	92,8704287169043
6689,999023	0,445783099999971	1,827490601	0,989990703415244	93,0494196028513
6699,999023	0,445395700000006	1,825126953	0,990027865004053	92,9290709266802
6709,999023	0,444561199999953	1,820564453	0,990152857711494	92,6967644093686
6719,999023	0,445693699999993	1,828922974	0,990159377165663	93,1223510183299
6729,999023	0,445485099999985	1,826675781	0,990124263719534	93,0079318228106
6739,999023	0,446289699999966	1,832538086	0,990080861695993	93,3064198574338
6749,999023	0,445574499999964	1,825736328	0,989905946510773	92,9600981670061
6759,999023	0,445485099999985	1,827257324	0,99002181158235	93,0375419551935
6769,999023	0,445455299999992	1,826267578	0,990144941159999	92,9871475560081
6779,999023	0,444471799999974	1,821537231	0,990126964907708	92,7462948574338
6789,999023	0,445037999999954	1,824185791	0,989840469949441	92,8811502545825
6799,999023	0,444739999999967	1,822410278	0,989863941584559	92,7907473523422
6809,999023	0,445157300000005	1,824057983	0,990085332007411	92,8746427189409
6819,999023	0,444888999999989	1,82442749	0,990115043077191	92,8934567209776
6829,999023	0,445693699999993	1,828369751	0,990022463627774	93,0941828411405
6839,999023	0,444620799999996	1,821491089	0,990094366636796	92,7439454684318
6849,999023	0,444382399999995	1,817506714	0,989946648346209	92,5410750509165
6859,999023	0,444799599999953	1,824161255	0,990147083309229	92,8799009674134
6869,999023	0,444471799999974	1,821503418	0,989980364695011	92,7445732179226
6879,999023	0,444620799999996	1,821864624	0,990286045989868	92,7629645621181
6889,999023	0,445544699999971	1,825020264	0,990108709635981	92,9236386965377
6899,999023	0,44420359999998	1,821045654	0,990016409206001	92,7212654786151
6909,999023	0,445634100000007	1,830408813	0,989990516402215	93,1980047352342
6919,999023	0,444948599999975	1,825093384	0,990028610055956	92,9273617107943
6929,999023	0,44453139999996	1,8248125	0,990326840831783	92,9130600814664
6939,999023	0,443875800000001	1,818724976	0,99017446521675	92,6031046843177
6949,999023	0,443905599999994	1,820558838	0,990132460290536	92,6964785132383
6959,999023	0,44420359999998	1,819774658	0,989906878575704	92,6565508146639
6969,999023	0,444471799999974	1,824312988	0,98994124596986	92,8876266802444
6979,999023	0,444143999999994	1,822099243	0,990101817155826	92,7749105397149
6989,999023	0,443637299999978	1,81782312	0,990051708665088	92,5571853360489
6999,999023	0,443249899999955	1,816573242	0,989912465964942	92,4935459266802
7009,999023	0,443667099999971	1,820731079	0,990164127496588	92,7052484215886
7019,999023	0,443041300000004	1,815868164	0,989978781584726	92,4576458248472
7029,999023	0,443488299999956	1,816058228	0,990080395663528	92,4673232179226
7039,999023	0,444054599999959	1,822256592	0,990128455011514	92,7829221995927
7049,999023	0,443816099999992	1,821737549	0,989903525342106	92,7564943482688
7059,999023	0,444143999999994	1,8242323	0,990184151891559	92,8835183299389
7069,999023	0,443994999999973	1,8225979	0,99008440094255	92,800300407332
7079,999023	0,443667099999971	1,820789917	0,990167200710679	92,7082442464358
7089,999023	0,443249899999955	1,817803223	0,990166269645818	92,5561722505092
7099,999023	0,443786299999999	1,820846313	0,990087381150162	92,7111157331976
7109,999023	0,443130699999983	1,81572876	0,989953819845802	92,4505478615071
7119,999023	0,443339299999991	1,817852173	0,989991820493063	92,5586646130346
7129,999023	0,443726699999957	1,820301392	0,990041556957884	92,6833702647658
7139,999023	0,443577699999992	1,818208008	0,990233236310956	92,5767824847251
7149,999023	0,443130699999983	1,815096436	0,989995080720182	92,4183521384929
7159,999023	0,443160499999976	1,815385376	0,990126033842847	92,4330639511202
7169,999023	0,443488299999956	1,816179565	0,989898495991743	92,4735012729124
7179,999023	0,443637299999978	1,819245239	0,990164220503067	92,6295946537678
7189,999023	0,443249899999955	1,815473999	0,989927369003141	92,4375763238289
7199,999023	0,442713499999968	1,811548462	0,989834136508231	92,2377017311609
7209,999023	0,443398899999977	1,818049438	0,990205946409843	92,5687086558045
7219,999023	0,443786299999999	1,818449341	0,99020743651365	92,5890703156823
7229,999023	0,444799599999953	1,82409082	0,99024133887541	92,8763146639511
7239,999023	0,443994999999973	1,821064575	0,990250094485357	92,7222288696538
7249,999023	0,444620799999996	1,823388184	0,990080302657048	92,8405389002037
7259,999023	0,443339299999991	1,817130371	0,990209671669358	92,5219129837067
7269,999023	0,443905599999994	1,820334473	0,99013106319321	92,6850546334012
7279,999023	0,44396519999998	1,819151978	0,990028610055956	92,6248461303462
7289,999023	0,444292999999959	1,821800415	0,989981947805296	92,7596952647658
7299,999023	0,443130699999983	1,814292725	0,990056552002493	92,3774299898167
7309,999023	0,443398899999977	1,816268066	0,990396415678617	92,4780074338085
7319,999023	0,444054599999959	1,822190063	0,990189461261429	92,7795347759674
7329,999023	0,443398899999977	1,817855957	0,990067169742162	92,5588572810591
7339,999023	0,443160499999976	1,815354858	0,989961550384339	92,4315100814664
7349,999023	0,44420359999998	1,822230957	0,989871672123096	92,7816169551935
7359,999023	0,443637299999978	1,819665649	0,989960898338915	92,6510004582485
7369,999023	0,443637299999978	1,821272949	0,989967138773646	92,7328385437882
7379,999023	0,443130699999983	1,817879395	0,990019203400655	92,5600506619145
7389,999023	0,443637299999978	1,822523438	0,990024232751017	92,7965090631365
7399,999023	0,443786299999999	1,821858887	0,990377880387382	92,7626724541752
7409,999023	0,443994999999973	1,822091553	0,99012575382334	92,7745189918534
7419,999023	0,442922099999976	1,813682373	0,990224946733474	92,3463530040733
7429,999023	0,443458499999963	1,817398071	0,989979526636629	92,5355433299389
7439,999023	0,443547899999999	1,818859131	0,989980550707969	92,6099353869654
7449,999023	0,444054599999959	1,822493164	0,990100420058499	92,7949676171079
7459,999023	0,443726699999957	1,820543579	0,990087753176078	92,6957015784114
7469,999023	0,443398899999977	1,818100098	0,990165524593915	92,5712880855397
7479,999023	0,443905599999994	1,821404297	0,989966486728222	92,7395263238289
7489,999023	0,443994999999973	1,822923462	0,990031591263638	92,8168768839104
7499,999023	0,444412199999988	1,82501001	0,990095111688699	92,923116598778
7509,999023	0,443786299999999	1,821065308	0,990147735354652	92,722266191446
7519,999023	0,442892299999983	1,816277344	0,990145406192394	92,4784798370672
7529,999023	0,443667099999971	1,82040918	0,990240314804069	92,6888584521385
7539,999023	0,442832699999997	1,816650269	0,990155465893189	92,4974678716904
7549,999023	0,443905599999994	1,821761963	0,990174652229779	92,7577374236252
7559,999023	0,443160499999976	1,820174927	0,990382909737744	92,6769311099796
7569,999023	0,442922099999976	1,816586548	0,990115974142052	92,4942234215886
7579,999023	0,442653899999982	1,812957764	0,990068194813573	92,3094584521385
7589,999023	0,444054599999959	1,822203857	0,989884711031433	92,7802371181263
7599,999023	0,442832699999997	1,816978638	0,990154533828258	92,5141872708758
7609,999023	0,443458499999963	1,820539307	0,989978874591205	92,6954840631364
7619,999023	0,443071099999997	1,819183228	0,98997840855874	92,6264372708758
7629,999023	0,443071099999997	1,818536987	0,989864779642941	92,5935329429735
7639,999023	0,443547899999999	1,821814941	0,989987629201083	92,7604348778004
7649,999023	0,444084400000008	1,825990845	0,98988825027799	92,9730572810591
7659,999023	0,44396519999998	1,825612671	0,989977570500358	92,9538019857434
7669,999023	0,444382399999995	1,827179199	0,990022463627774	93,0335641038697
7679,999023	0,445157300000005	1,832278198	0,990024512770525	93,2931872708758
7689,999023	0,44512739999999	1,833070068	0,990002159213295	93,3335065173116
7699,999023	0,444650599999989	1,833060303	0,990111317817676	93,3330093177189
7709,999023	0,444739999999967	1,832531982	0,990231280174685	93,3061090631364
7719,999023	0,443726699999957	1,828797485	0,990060277262008	93,1159615580448
7729,999023	0,443249899999955	1,823838623	0,989939662859575	92,8634736761711
7739,999023	0,445693699999993	1,834548462	0,989999272012163	93,4087811608961
7749,999023	0,444888999999989	1,835119263	0,990311751780626	93,4378443482688
7759,999023	0,445693699999993	1,837456665	0,989983903941568	93,5568566700611
7769,999023	0,443994999999973	1,832481812	0,99018936825495	93,3035545824847
7779,999023	0,443726699999957	1,830008667	0,989992565544966	93,1776307026477
7789,999023	0,443309499999998	1,82765918	0,990158446100801	93,0580030549898
7799,999023	0,443339299999991	1,829391235	0,990167200710679	93,1461932281059
7809,999023	0,443637299999978	1,829596313	0,989965927689277	93,1566350814664
7819,999023	0,443667099999971	1,83156897	0,990094645656233	93,2570758655804
7829,999023	0,444322799999952	1,836552612	0,990124077706576	93,5108254582485
7839,999023	0,443398899999977	1,831473267	0,989955775982073	93,2522030040733
7849,999023	0,444292999999959	1,835141479	0,99013637156301	93,438975509165
7859,999023	0,443994999999973	1,833314575	0,989844196209025	93,3459559572301
7869,999023	0,443041300000004	1,828391113	0,990173907177875	93,0952705193483
7879,999023	0,444054599999959	1,833632202	0,989849132552909	93,3621284114053
7889,999023	0,443786299999999	1,833133057	0,990164499522505	93,3367136965377
7899,999023	0,443071099999997	1,828391113	0,989983344902623	93,0952705193483
7909,999023	0,444412199999988	1,83830481	0,990018924381217	93,6000412423625
7919,999023	0,444292999999959	1,838955933	0,989973006182391	93,6331941446028
7929,999023	0,443488299999956	1,833221558	0,990061674359334	93,3412198574338
7939,999023	0,445216899999991	1,842395264	0,989833857488793	93,8083128309572
7949,999023	0,4459023	1,84631665	0,990078532533735	94,0079760692464
7959,999023	0,443637299999978	1,838042725	0,989997129862933	93,5866967922607
7969,999023	0,443875800000001	1,840270996	0,990280923633026	93,7001525458248
7979,999023	0,444412199999988	1,842760864	0,990121656537908	93,8269279022403
7989,999023	0,443547899999999	1,839264648	0,990181544709933	93,6489128309572
7999,999023	0,442743299999961	1,832279907	0,990026654919755	93,293274287169
8009,999023	0,443130699999983	1,83450415	0,990100048032582	93,4065249490835
8019,999023	0,443667099999971	1,838877319	0,989963320507652	93,629191395112
8029,999023	0,442981699999962	1,833047729	0,990253912751351	93,3323690936864
8039,999023	0,44453139999996	1,840199463	0,989977942526274	93,6965103360489
8049,999023	0,443577699999992	1,840038208	0,990154719841217	93,688299796334
8059,999023	0,44396519999998	1,84225415	0,989886481154747	93,8011278004073
8069,999023	0,443637299999978	1,840497559	0,990264903517007	93,7116883401222
8079,999023	0,442475000000002	1,831112671	0,989990516402215	93,2338427189409
8089,999023	0,442713499999968	1,83569458	0,990147735354652	93,4671374745417
8099,999023	0,443071099999997	1,836741211	0,990331777175667	93,5204282586558
8109,999023	0,44232599999998	1,829990356	0,990014919102195	93,1766983706721
8119,999023	0,443905599999994	1,837485596	0,98995083963819	93,5583297352342
8129,999023	0,443577699999992	1,836255737	0,990125567810382	93,4957096232179
8139,999023	0,442057799999986	1,831368042	0,990116440174518	93,2468453156823
8149,999023	0,442981699999962	1,83662793	0,990033733412868	93,5146603869654
8159,999023	0,441819399999986	1,828940796	0,990014546076209	93,1232584521385
8169,999023	0,442713499999968	1,834908447	0,989979339623601	93,4271103360489
8179,999023	0,443339299999991	1,839967529	0,990152298672549	93,6847010692464
8189,999023	0,443577699999992	1,840327148	0,990003928336539	93,7030116089613
8199,999023	0,441819399999986	1,829731812	0,990045934262823	93,1635342158859
8209,999023	0,442713499999968	1,833247803	0,990057949099819	93,3425561608961
8219,999023	0,441968400000007	1,829400879	0,990161053282427	93,1466842668024
8229,999023	0,4419982	1,830792969	0,990119048356213	93,2175646130346
8239,999023	0,442564399999981	1,835550659	0,990022276614746	93,4598095213849
8249,999023	0,443398899999977	1,839370361	0,99007592535211	93,6542953665988
8259,999023	0,4417598	1,828736206	0,990100420058499	93,1128414460285
8269,999023	0,442415399999959	1,831543335	0,989945065235924	93,2557706211813
8279,999023	0,4417598	1,827189697	0,989914515107692	93,0340986252546
8289,999023	0,442564399999981	1,829928345	0,990033640406389	93,17354098778
8299,999023	0,442087599999979	1,828483154	0,990131994258071	93,0999569246436
8309,999023	0,443309499999998	1,835822266	0,990209020624004	93,4736387983707
8319,999023	0,443816099999992	1,835122192	0,990077694475353	93,4379934826884
8329,999023	0,443786299999999	1,836786011	0,990099115967651	93,5227093177189
8339,999023	0,443637299999978	1,837274902	0,989960153287012	93,5476019348269
8349,999023	0,44232599999998	1,830452026	0,989920941555382	93,2002049898167
8359,999023	0,442564399999981	1,832936157	0,990112714915003	93,3266882382892
8369,999023	0,442147199999965	1,828486938	0,989861612422301	93,100149592668
8379,999023	0,443488299999956	1,836118652	0,989954378884746	93,4887297352342
8389,999023	0,443488299999956	1,837391846	0,990116906206983	93,5535563136456
8399,999023	0,443309499999998	1,833771118	0,990084213929522	93,3692015274949
8409,999023	0,443309499999998	1,835839478	0,990072386105553	93,4745151731161
8419,999023	0,445216899999991	1,842861572	0,989903338329078	93,8320556008147
8429,999023	0,443398899999977	1,837426147	0,990099768013075	93,5553028004073
8439,999023	0,44232599999998	1,827732666	0,990094273630317	93,0617447046843
8449,999023	0,442892299999983	1,828799438	0,989949442540863	93,1160609979633
8459,999023	0,442564399999981	1,82844458	0,990044258146058	93,0979928716904
8469,999023	0,442594299999996	1,826855347	0,98994227104127	93,017074694501
8479,999023	0,443339299999991	1,833304199	0,990068939865476	93,3454276476578
8489,999023	0,445037999999954	1,838617798	0,990023580705594	93,6159774949083
8499,999023	0,444054599999959	1,835567017	0,990116440174518	93,460642413442
8509,999023	0,44453139999996	1,835249512	0,99031026167682	93,4444761710794
8519,999023	0,443398899999977	1,833441528	0,990080395663528	93,3524199592668
8529,999023	0,443339299999991	1,831395996	0,990172137054562	93,2482686354379
8539,999023	0,444650599999989	1,83606311	0,989907902647045	93,4859017311609
8549,999023	0,443905599999994	1,832781006	0,990017899309807	93,3187884928717
8559,999023	0,444650599999989	1,835488281	0,989992472538487	93,4566334521385
8569,999023	0,443458499999963	1,830295044	0,989908275673031	93,1922120162933
8579,999023	0,442594299999996	1,82332019	0,989927834035537	92,8370768839104
8589,999023	0,442832699999997	1,827514771	0,990159377165663	93,0506502545825
8599,999023	0,443398899999977	1,830497314	0,989937613716824	93,2025108961303
8609,999023	0,444054599999959	1,829997314	0,990104053311604	93,1770526476578
8619,999023	0,444948599999975	1,835909668	0,990022276614746	93,4780890020367
8629,999023	0,444620799999996	1,834519165	0,990157142009954	93,4072894602851
8639,999023	0,44530629999997	1,837222412	0,990122959628686	93,5449293279022
8649,999023	0,44530629999997	1,835622803	0,990173534151889	93,4634828411405
8659,999023	0,446021499999972	1,843789795	0,989957825124824	93,8793174643585
8669,999023	0,445723499999986	1,843023071	0,990435440397219	93,8402785641548
8679,999023	0,445157300000005	1,836606323	0,989953074793899	93,5135602342159
8689,999023	0,446200299999987	1,84423877	0,990095856740602	93,9021776985743
8699,999023	0,44453139999996	1,837794189	0,989916192224526	93,574042209776
8709,999023	0,444233399999973	1,836677368	0,990269001802509	93,5171775967413
8719,999023	0,445216899999991	1,835812256	0,989891230485602	93,4731291242363
8729,999023	0,445037999999954	1,836750366	0,990154068795863	93,5208943991853
8739,999023	0,445365899999956	1,837017578	0,989879960700508	93,534499898167
8749,999023	0,445037999999954	1,841400513	0,99003987984105	93,7576635947047
8759,999023	0,446379100000001	1,847485962	0,990007654596124	94,0675133401222
8769,999023	0,446707000000004	1,850618042	0,98999219351905	94,2269878818737
8779,999023	0,445872500000007	1,844853638	0,990119048356213	93,9334846232179
8789,999023	0,446438799999953	1,846950073	0,990059067177709	94,0402277494908
8799,999023	0,444412199999988	1,839127319	0,989920196503479	93,6419205193483
8809,999023	0,444799599999953	1,838107544	0,990159843198128	93,5899971486762
8819,999023	0,444054599999959	1,833552002	0,990026002874331	93,3580449083503
8829,999023	0,444412199999988	1,834139282	0,989906784569155	93,3879471486762
8839,999023	0,444382399999995	1,834552246	0,990020693504461	93,4089738289206
8849,999023	0,44396519999998	1,829352783	0,99020734350717	93,1442353869654
8859,999023	0,444829400000003	1,835429443	0,990196818773979	93,4536376272912
8869,999023	0,444143999999994	1,830615845	0,990035316523153	93,2085460794297
8879,999023	0,445961899999986	1,835890137	0,990189647274387	93,4770945519348
8889,999023	0,446200299999987	1,840687988	0,990440376741102	93,7213843177189
8899,999023	0,444799599999953	1,835808472	0,990210603734289	93,4729364562118
8909,999023	0,444948599999975	1,835728149	0,990202873195752	93,4688466904277
8919,999023	0,444829400000003	1,834402832	0,9899073436081	93,401366191446
8929,999023	0,444829400000003	1,834300659	0,990170367931319	93,3961639002037
8939,999023	0,445037999999954	1,833519043	0,990059905236091	93,3563667515275
8949,999023	0,446289699999966	1,838494995	0,989974962318662	93,609724796334
8959,999023	0,446051299999965	1,839827148	0,990008864680422	93,6775533604888
8969,999023	0,444561199999953	1,835050903	0,99016813177554	93,4343636965377
8979,999023	0,446319499999959	1,84166272	0,990066983729204	93,7710142566191
8989,999023	0,4459023	1,843274048	0,990041090925418	93,8530574338085
8999,999023	0,445067800000004	1,837562256	0,989911441893601	93,56223299389
9009,999023	0,445157300000005	1,838044434	0,990043885120072	93,586783808554
9019,999023	0,444829400000003	1,834864258	0,989905667491336	93,4248603869654
9029,999023	0,444620799999996	1,834322876	0,990156955996995	93,3972951120163
9039,999023	0,444948599999975	1,836536377	0,990046772321205	93,5099988289206
9049,999023	0,446140700000001	1,839882202	0,989986791142701	93,6803565173116
9059,999023	0,445693699999993	1,836875122	0,990077228442888	93,5272465376782
9069,999023	0,446051299999965	1,840339966	0,989948418469522	93,7036642566191
9079,999023	0,446379100000001	1,84130835	0,990172696093507	93,7529709775967
9089,999023	0,445961899999986	1,83875	0,989977570500358	93,6227087576375
9099,999023	0,445544699999971	1,838146606	0,990053757807839	93,5919860488798
9109,999023	0,445693699999993	1,837637573	0,990108337610064	93,5660678716904
9119,999023	0,446438799999953	1,842560303	0,990247859329648	93,8167160386965
9129,999023	0,445961899999986	1,838659912	0,989962202429763	93,6181217922607
9139,999023	0,447034799999983	1,847766113	0,990234633408283	94,0817776476578
9149,999023	0,446707000000004	1,845077148	0,989878470596702	93,9448649694501
9159,999023	0,446766599999989	1,844877075	0,990083655890647	93,9346779531568
9169,999023	0,4459023	1,840007935	0,990028331036519	93,686758401222
9179,999023	0,446796399999982	1,845705811	0,989972168124009	93,976874287169
9189,999023	0,445812899999964	1,841456299	0,990301227047435	93,7605040224033
9199,999023	0,445067800000004	1,8389375	0,989939383840138	93,6322556008147
9209,999023	0,445485099999985	1,840298462	0,990194583618271	93,7015510183299
9219,999023	0,445037999999954	1,837174316	0,990006443511755	93,5424804480652
9229,999023	0,444739999999967	1,835219727	0,990066983729204	93,4429596232179
9239,999023	0,445812899999964	1,84319458	0,990227088882704	93,8490112016293
9249,999023	0,444829400000003	1,836518799	0,989893279628353	93,5091038187373
9259,999023	0,4459023	1,842250977	0,990036433600973	93,8009662423625
9269,999023	0,445961899999986	1,839381592	0,989954099865309	93,654867209776
9279,999023	0,446289699999966	1,840378784	0,990052733736498	93,7056407331976
9289,999023	0,446289699999966	1,838981689	0,99014698930268	93,6345055498982
9299,999023	0,445783099999971	1,84054187	0,990292286424599	93,7139445010183
9309,999023	0,446617599999968	1,843480469	0,990214422000284	93,8635676680244
9319,999023	0,447064599999976	1,847456787	0,990005046414428	94,0660278513238
9329,999023	0,445455299999992	1,840921631	0,990148759425993	93,7332806008147
9339,999023	0,446766599999989	1,844146118	0,989860588350961	93,8974601832994
9349,999023	0,446140700000001	1,840415283	0,990066797716246	93,7074991344195
9359,999023	0,445157300000005	1,836973999	0,990014360063251	93,5322810081466
9369,999023	0,444739999999967	1,834244873	0,989871578116547	93,3933234725051
9379,999023	0,446289699999966	1,844606079	0,990035782555618	93,9208797861507
9389,999023	0,444561199999953	1,833335449	0,989891696518068	93,3470187881874
9399,999023	0,44530629999997	1,83929187	0,989828548118923	93,6502988798371
9409,999023	0,445216899999991	1,839363159	0,990385331906481	93,6539286659878
9419,999023	0,445037999999954	1,835326416	0,989953912852281	93,4483918533605
9429,999023	0,445723499999986	1,835405151	0,990031684270117	93,4524007637474
9439,999023	0,446528199999989	1,841674194	0,990058042106299	93,7715984725051
9449,999023	0,444978399999968	1,837274536	0,990237427602936	93,547583299389
9459,999023	0,444292999999959	1,83067981	0,98995922222215	93,2118029531568
9469,999023	0,444143999999994	1,829875854	0,990244133070063	93,1708683299389
9479,999023	0,446110900000008	1,837313721	0,990156675977488	93,5495784623218
9489,999023	0,445872500000007	1,836101685	0,990169715885895	93,4878658350305
9499,999023	0,445067800000004	1,837562012	0,990135533504628	93,5622205702648
9509,999023	0,445395700000006	1,837978027	0,989993776629335	93,5834025967413
9519,999023	0,444471799999974	1,832084595	0,990054316846784	93,2833296843177
9529,999023	0,44530629999997	1,836645874	0,990094086617289	93,5155740325866
9539,999023	0,444829400000003	1,833772461	0,990162637392782	93,3692699083503
9549,999023	0,445634100000007	1,839060181	0,990008212634999	93,6385020875764
9559,999023	0,446468600000003	1,838978027	0,989677104568822	93,6343190936864
9569,999023	0,44396519999998	1,827768433	0,989986512123263	93,0635658350305
9579,999023	0,444561199999953	1,830727417	0,99017875051528	93,2142269348269
9589,999023	0,444620799999996	1,832201172	0,990015385134661	93,2892653767821
9599,999023	0,444739999999967	1,830285278	0,989772758232399	93,1917147657841
9609,999023	0,445783099999971	1,832493164	0,990075552326123	93,304132586558
9619,999023	0,444292999999959	1,827223877	0,990009516725846	93,0358389511202
9629,999023	0,444322799999952	1,829012817	0,99024450609605	93,126925509165
9639,999023	0,446379100000001	1,837243408	0,98993705467788	93,5459983706721
9649,999023	0,445455299999992	1,836228638	0,990014174050292	93,4943298370672
9659,999023	0,444948599999975	1,834636841	0,990071920073088	93,4132811099796
9669,999023	0,444799599999953	1,83330896	0,989847735455582	93,3456700610998
9679,999023	0,445574499999964	1,832334595	0,990164406516025	93,296058808554
9689,999023	0,444710199999975	1,83136792	0,990005418440345	93,2468391038696
9699,999023	0,444561199999953	1,832274292	0,989792503607933	93,2929883910387
9709,999023	0,44512739999999	1,834109375	0,990206226429351	93,386424389002
9719,999023	0,445067800000004	1,835427002	0,98987763253832	93,4535133401222
9729,999023	0,4459023	1,835606567	0,990134136407301	93,4626561608961
9739,999023	0,446468600000003	1,837931396	0,99013637156301	93,5810283095723
9749,999023	0,444739999999967	1,831715942	0,989903338329078	93,2645591649695
9759,999023	0,445872500000007	1,836389526	0,990146338257326	93,5025216904277
9769,999023	0,446021499999972	1,836281372	0,990159098146225	93,4970148676171
9779,999023	0,446438799999953	1,839770264	0,989788964361377	93,6746570264766
9789,999023	0,446885799999961	1,841860962	0,990379836523653	93,7811080448065
9799,999023	0,446647399999961	1,839952759	0,990336992538987	93,6839490325866
9809,999023	0,44623009999998	1,837880371	0,990078346520777	93,5784302953157
9819,999023	0,445365899999956	1,835646606	0,990072944144428	93,4646948065173
9829,999023	0,447273199999984	1,844758667	0,990094086617289	93,9286490325866
9839,999023	0,446855999999968	1,842718262	0,990149877503882	93,8247587576375
9849,999023	0,446468600000003	1,839487915	0,989973193195419	93,6602808044807
9859,999023	0,446617599999968	1,843072144	0,9900123109205	93,8427771894094
9869,999023	0,446796399999982	1,843255371	0,990184896943462	93,8521064663951
9879,999023	0,446468600000003	1,839231079	0,990109547694363	93,6472036150713
9889,999023	0,446855999999968	1,843502808	0,990178656508731	93,8647050916497
9899,999023	0,446200299999987	1,838382446	0,990120165434033	93,6039941955193
9909,999023	0,445872500000007	1,840583374	0,989946275320223	93,7160577393075
9919,999023	0,446855999999968	1,842743042	0,990066238677301	93,8260204684318
9929,999023	0,446110900000008	1,840858765	0,989843357150574	93,7300796843177
9939,999023	0,447511599999984	1,845799438	0,990004487375484	93,9816414460285
9949,999023	0,447064599999976	1,845675903	0,990179029534717	93,9753514765784
9959,999023	0,445157300000005	1,834720947	0,990029355107859	93,4175634928717
9969,999023	0,445276499999977	1,834385376	0,990151460614167	93,4004773930753
9979,999023	0,445395700000006	1,835622437	0,989922711678695	93,4634642057026
9989,999023	0,447451999999998	1,843585083	0,990184524917545	93,8688942464358
9999,999023	0,446885799999961	1,841370361	0,990070989008226	93,7561283604888
10009,99902	0,446557999999982	1,837190918	0,99010554341541	93,5433257637474
10019,99902	0,446975199999997	1,841604492	0,990272634055544	93,768049490835
10029,99902	0,4459023	1,836487671	0,989795111789628	93,5075188900204
10039,99902	0,445544699999971	1,835234985	0,990243202005202	93,4437365071283
10049,99902	0,446707000000004	1,837825562	0,990009796745353	93,5756396130346
10059,99902	0,446945400000004	1,840187378	0,990046586308247	93,6958950101833
10069,99902	0,446200299999987	1,838591553	0,989895235764624	93,614641191446
10079,99902	0,445693699999993	1,836270264	0,990410665671322	93,496449287169
10089,99902	0,445961899999986	1,834114136	0,990045655243385	93,386666802444
10099,99902	0,447302999999977	1,840647339	0,989935844593581	93,7193146130346
10109,99902	0,446855999999968	1,838208496	0,989863941584559	93,5951372708758
10119,99902	0,447064599999976	1,841284912	0,990167293717158	93,7517775967413
10129,99902	0,446557999999982	1,837162476	0,990071734060129	93,5418775967413
10139,99902	0,447392399999956	1,841894531	0,990117744265365	93,7828172606925
10149,99902	0,446528199999989	1,837090088	0,990067635774628	93,5381918533605
10159,99902	0,447928899999965	1,848795166	0,99034518910999	94,1341734215886
10169,99902	0,446140700000001	1,837662842	0,989902314257737	93,5673544806517
10179,99902	0,447124199999962	1,842508423	0,990037365665903	93,814074490835
10189,99902	0,446945400000004	1,841886719	0,990182102748808	93,7824195010183
10199,99902	0,447511599999984	1,845725342	0,990108523623022	93,9778687372709
10209,99902	0,447213599999998	1,842942261	0,989748821564885	93,8361640020367
10219,99902	0,446796399999982	1,839791016	0,99003457147125	93,6757136456212
10229,99902	0,446885799999961	1,840232666	0,990067542768149	93,6982009164969
10239,99902	0,447034799999983	1,84132251	0,990216378136555	93,7536919551935
10249,99902	0,447302999999977	1,839682007	0,989781233822839	93,6701632892057
10259,99902	0,446379100000001	1,837612671	0,990105356402382	93,5647999490835
10269,99902	0,446319499999959	1,838044189	0,990171858035125	93,5867713340122
10279,99902	0,445037999999954	1,832050415	0,989893000608915	93,2815893584521
10289,99902	0,445723499999986	1,836073486	0,990190206313332	93,4864300407332
10299,99902	0,445395700000006	1,833986694	0,990191975436575	93,3801779022403
10309,99902	0,445723499999986	1,835100586	0,989988188240027	93,4368933808554
10319,99902	0,445574499999964	1,834729858	0,989980830727477	93,418017209776
10329,99902	0,447451999999998	1,843218994	0,990353385680993	93,8502542769857
10339,99902	0,446796399999982	1,838881958	0,989996942849905	93,6294275967413
10349,99902	0,445067800000004	1,832248901	0,989936868664921	93,2916955702648
10359,99902	0,446200299999987	1,838900146	0,990202314156808	93,6303536659878
10369,99902	0,445544699999971	1,833454102	0,990226809863267	93,3530601832994
10379,99902	0,446855999999968	1,838908691	0,990173907177875	93,6307887474542
10389,99902	0,446766599999989	1,838476196	0,990285486950923	93,6087676171079
10399,99902	0,447183800000005	1,841418945	0,989943481125569	93,7586020875764
10409,99902	0,446468600000003	1,840297607	0,99029433556735	93,701507484725
10419,99902	0,447809699999993	1,845105835	0,990105915441327	93,946325610998
10429,99902	0,446528199999989	1,83641748	0,989964065559555	93,5039450101833
10439,99902	0,447362599999963	1,841043457	0,990025070809399	93,7394835539715
10449,99902	0,446975199999997	1,838440552	0,990027212958629	93,6069527494908
10459,99902	0,445365899999956	1,833787842	0,990165710606873	93,3700530549898
10469,99902	0,447183800000005	1,840351318	0,990214515006763	93,7042422606925
10479,99902	0,446289699999966	1,838005005	0,989866176740268	93,5847762219959
10489,99902	0,44810769999998	1,847189453	0,990100048032582	94,0524161405295
10499,99902	0,448048099999994	1,846625977	0,990079650611625	94,0237259164969
10509,99902	0,447541399999977	1,843732544	0,990058694151722	93,8764024439919
10519,99902	0,447869299999979	1,846260376	0,990078253514298	94,0051107942974
10529,99902	0,446707000000004	1,839311523	0,989938824801193	93,6512995417515
10539,99902	0,445783099999971	1,837206177	0,99000914469993	93,5441026985743
10549,99902	0,445485099999985	1,836332886	0,990027306965178	93,4996377800407
10559,99902	0,445723499999986	1,83574231	0,989881544810863	93,4695677189409
10569,99902	0,446021499999972	1,834072998	0,990165058561449	93,3845721995927
10579,99902	0,447302999999977	1,842822754	0,990017247264383	93,8300791242362
10589,99902	0,446885799999961	1,841517334	0,990103307259632	93,7636117107943
10599,99902	0,446438799999953	1,840489136	0,990049566515859	93,7112594704684
10609,99902	0,445455299999992	1,834736084	0,990103773292097	93,4183342158859
10619,99902	0,447034799999983	1,840498657	0,989944133170993	93,7117442464358
10629,99902	0,446855999999968	1,841148804	0,990137675653857	93,7448474541751
10639,99902	0,446528199999989	1,837685181	0,990123425661152	93,568491904277
10649,99902	0,446975199999997	1,839320557	0,989799955127033	93,6517595213849
10659,99902	0,446110900000008	1,836506348	0,989826219956735	93,5084698574338
10669,99902	0,445872500000007	1,838329834	0,990102004168854	93,6013153767821
10679,99902	0,445365899999956	1,833114258	0,990169342859909	93,3357565173116
10689,99902	0,446200299999987	1,832783081	0,990097160831449	93,3188941446029
10699,99902	0,447183800000005	1,840966919	0,989968256851535	93,7355865071283
10709,99902	0,446557999999982	1,837239868	0,990183034813739	93,5458181262729
10719,99902	0,445812899999964	1,834986084	0,990184803936983	93,4310633401222
10729,99902	0,447302999999977	1,842402222	0,989978501565219	93,808667107943
10739,99902	0,445455299999992	1,835788574	0,990010820816694	93,4719233197556
10749,99902	0,445157300000005	1,832759033	0,990122959628686	93,3176697046843
10759,99902	0,447451999999998	1,842190674	0,990126033842847	93,7978958248472
10769,99902	0,445634100000007	1,835074707	0,989934819522171	93,435575712831
10779,99902	0,447362599999963	1,842454834	0,990056272983055	93,8113459266802
10789,99902	0,445872500000007	1,838131104	0,989972727162953	93,5911967413442
10799,99902	0,445395700000006	1,836549072	0,990203618247655	93,5106452138493
10809,99902	0,446289699999966	1,839175415	0,990080209650569	93,6443693991853
10819,99902	0,446140700000001	1,839638306	0,990060091249049	93,6679381873727
10829,99902	0,445157300000005	1,834208618	0,989982320831283	93,3914774949083
10839,99902	0,445395700000006	1,833708008	0,99022531975946	93,3659881873727
10849,99902	0,445872500000007	1,836910156	0,990214515006763	93,5290303462322
10859,99902	0,447273199999984	1,839991211	0,989988840285451	93,6859068737271
10869,99902	0,445276499999977	1,83349939	0,990111876856621	93,355366089613
10879,99902	0,445634100000007	1,834392822	0,990021718575871	93,4008565173116
10889,99902	0,445216899999991	1,832981812	0,989930069191246	93,3290128309572
10899,99902	0,446051299999965	1,83671167	0,990001879193788	93,5189241344195
10909,99902	0,447064599999976	1,839511597	0,990168504801527	93,6614866089613
10919,99902	0,446200299999987	1,835778809	0,990106753499709	93,4714261201629
10929,99902	0,446438799999953	1,836870117	0,989792596614412	93,526991700611
10939,99902	0,446289699999966	1,836811035	0,990039507815133	93,5239834521385
10949,99902	0,447183800000005	1,841498169	0,990155651906148	93,7626358961303
10959,99902	0,446617599999968	1,838450073	0,990061861372362	93,6074375254582
10969,99902	0,446200299999987	1,839927979	0,990053757807839	93,6826873217923
10979,99902	0,447213599999998	1,842627319	0,990112714915003	93,8201282586558
10989,99902	0,447273199999984	1,843213501	0,989954378884746	93,849974592668
10999,99902	0,446110900000008	1,83878833	0,989955682975594	93,6246603869654
11009,99902	0,445634100000007	1,837421021	0,990193745559888	93,555041802444
11019,99902	0,446796399999982	1,841247925	0,990197004786938	93,7498943482688
11029,99902	0,447034799999983	1,841077026	0,990161053282427	93,7411927698574
11039,99902	0,447124199999962	1,840864502	0,990243015992244	93,7303717922607
11049,99902	0,446975199999997	1,841913574	0,989970399000765	93,7837868635438
11059,99902	0,447511599999984	1,844016357	0,990117465245928	93,8908532077393
11069,99902	0,44623009999998	1,839637085	0,989978501565219	93,6678760183299
11079,99902	0,4459023	1,837796265	0,989955216943128	93,5741479124236
11089,99902	0,446855999999968	1,841199341	0,99009390060433	93,7474206211813
11099,99902	0,445961899999986	1,838027222	0,990043699107114	93,5859074338085
11109,99902	0,445067800000004	1,833869873	0,989920662535944	93,3742297861507
11119,99902	0,445455299999992	1,835202271	0,990139072751184	93,4420708248472
11129,99902	0,446051299999965	1,838841064	0,989975242338169	93,6273454175153
11139,99902	0,448018300000001	1,849244019	0,989809361782334	94,1570274439919
11149,99902	0,448793099999989	1,855814453	0,990222338551779	94,4915709266802
11159,99902	0,447869299999979	1,847968628	0,9900493805029	94,0920890020367
11169,99902	0,446707000000004	1,84133374	0,990123332654673	93,7542637474542
11179,99902	0,446766599999989	1,840986328	0,99019570169616	93,7365747454175
11189,99902	0,446200299999987	1,83685498	0,990251584589163	93,5262209775967
11199,99902	0,445544699999971	1,836408325	0,990110106733307	93,5034788696538
11209,99902	0,447124199999962	1,843368652	0,989969373929355	93,8578743380855
11219,99902	0,447809699999993	1,84967627	0,990061116320459	94,1790361507128
11229,99902	0,446468600000003	1,838767578	0,98999750188885	93,6236037678208
11239,99902	0,446707000000004	1,840420776	0,990192255456082	93,7077788187373
11249,99902	0,445485099999985	1,83497583	0,989914608114172	93,4305412423625
11259,99902	0,445455299999992	1,835401855	0,989832460391466	93,4522329429735
11269,99902	0,445455299999992	1,835361328	0,990018458348752	93,4501694501018
11279,99902	0,447124199999962	1,840326294	0,989965275643854	93,7029681262729
11289,99902	0,447630799999956	1,846368164	0,989948231456494	94,0105989816701
11299,99902	0,447600999999963	1,846171021	0,990339321701245	94,0005611507128
11309,99902	0,447034799999983	1,840250977	0,990078532533735	93,6991332484725
11319,99902	0,447302999999977	1,844083984	0,990071268027664	93,8942965376782
11329,99902	0,447958699999958	1,846721436	0,989786729205668	94,0285863543788
11339,99902	0,447928899999965	1,845282227	0,98991581919854	93,9553068737271
11349,99902	0,446468600000003	1,837158447	0,990166176639338	93,5416724541752
11359,99902	0,446110900000008	1,839679443	0,990193465540381	93,6700327393075
11369,99902	0,446319499999959	1,83950354	0,989977756513316	93,6610763747454
11379,99902	0,44512739999999	1,830685425	0,989994894707224	93,2120888492872
11389,99902	0,446528199999989	1,835519043	0,990246275219293	93,4581997454175
11399,99902	0,446796399999982	1,839589233	0,990199147936237	93,6654395621181
11409,99902	0,446707000000004	1,835448242	0,98996881489041	93,4545948065173
11419,99902	0,446855999999968	1,837009155	0,990020041459037	93,5340710285132
11429,99902	0,448286499999995	1,84807373	0,99024553016739	94,0974404276986
11439,99902	0,447511599999984	1,84224707	0,990107126525696	93,800767311609
11449,99902	0,447690399999999	1,844641479	0,990259688153686	93,9226822301426
11459,99902	0,447511599999984	1,843356323	0,990355899856139	93,8572465885947
11469,99902	0,447392399999956	1,840337402	0,990069125878434	93,703533706721
11479,99902	0,447720299999958	1,845520996	0,990095856740602	93,9674641547861
11489,99902	0,446975199999997	1,839084106	0,990168783820964	93,6397202647658
11499,99902	0,448048099999994	1,845186523	0,989953819845802	93,9504339613035
11509,99902	0,448286499999995	1,847827637	0,990046400295288	94,0849102342159
11519,99902	0,447720299999958	1,844095703	0,990273565120406	93,8948932281059
11529,99902	0,447928899999965	1,845084106	0,990236775557513	93,9452192464358
11539,99902	0,447690399999999	1,843778809	0,990016968244946	93,878758095723
11549,99902	0,447809699999993	1,843318115	0,990021345549885	93,8553011710794
11559,99902	0,447124199999962	1,840723755	0,990203711254135	93,7232054480652
11569,99902	0,448554699999988	1,851367798	0,990402842126306	94,2651628309572
11579,99902	0,447809699999993	1,845756348	0,990021718575871	93,9794474541752
11589,99902	0,447302999999977	1,842709839	0,989994055648772	93,8243298879837
11599,99902	0,446945400000004	1,840029175	0,989951025651148	93,6878398676171
11609,99902	0,447809699999993	1,84288562	0,990016595218959	93,8332800407332
11619,99902	0,447600999999963	1,84435376	0,989907902647045	93,908032586558
11629,99902	0,446945400000004	1,841509521	0,990328051916152	93,7632139002037
11639,99902	0,448197099999959	1,84691333	0,990061861372362	94,0383569246436
11649,99902	0,447273199999984	1,839333008	0,990174652229779	93,6523934826884
11659,99902	0,447124199999962	1,838141113	0,990000948128927	93,5917063645621
11669,99902	0,447273199999984	1,839026123	0,989888343284469	93,6367679735234
11679,99902	0,447302999999977	1,840591187	0,990138327699281	93,7164555498982
11689,99902	0,447541399999977	1,840931885	0,989955589969115	93,7338026985743
11699,99902	0,447392399999956	1,840629395	0,990099675006596	93,7184009674134
11709,99902	0,447034799999983	1,838329468	0,99024553016739	93,6012967413442
11719,99902	0,446766599999989	1,832666626	0,990086822111217	93,3129646639511
11729,99902	0,447630799999956	1,841381714	0,990084865974945	93,7567064154786
11739,99902	0,4477799	1,842338745	0,990209671669358	93,8054350814664
11749,99902	0,448197099999959	1,84511792	0,989964251572513	93,9469409368636
11759,99902	0,446855999999968	1,834710205	0,990034198445264	93,4170165478615
11769,99902	0,446379100000001	1,837565186	0,990208647598018	93,5623821792261
11779,99902	0,447064599999976	1,839673706	0,990170832963715	93,6697406313645
11789,99902	0,446438799999953	1,836091187	0,99008542501389	93,4873313136456
11799,99902	0,446438799999953	1,836793823	0,990113738986343	93,5231070773931
11809,99902	0,447124199999962	1,837278687	0,990078532533735	93,5477946537678
11819,99902	0,446110900000008	1,835127075	0,98995083963819	93,438242107943
11829,99902	0,447511599999984	1,836371338	0,989859284260113	93,5015956211813
11839,99902	0,445723499999986	1,832017822	0,989900079102028	93,2799298370672
11849,99902	0,447541399999977	1,841145996	0,990122773615728	93,7447044806517
11859,99902	0,447124199999962	1,837253174	0,990029449114408	93,5464956211813
11869,99902	0,447928899999965	1,843601685	0,990384958880495	93,8697395621181
11879,99902	0,4477799	1,84257605	0,990209671669358	93,8175178207739
11889,99902	0,448346099999981	1,843987061	0,990103307259632	93,8893615580448
11899,99902	0,447690399999999	1,840639038	0,990117930278324	93,7188919551935
11909,99902	0,446528199999989	1,835171387	0,98993919682711	93,4404983197556
11919,99902	0,446796399999982	1,837451172	0,989939383840138	93,5565769857434
11929,99902	0,447541399999977	1,841292358	0,990231187168205	93,7521567209776
11939,99902	0,447302999999977	1,837902222	0,989856676078418	93,5795428716904
11949,99902	0,447690399999999	1,841772827	0,9900864500853	93,7766205193483
11959,99902	0,447809699999993	1,839402222	0,990035316523153	93,6559176171079
11969,99902	0,446557999999982	1,834793457	0,990199147936237	93,4212554480652
11979,99902	0,446707000000004	1,837712158	0,989926995977155	93,5698654786151
11989,99902	0,4459023	1,832662476	0,990032708341458	93,3127533604888
11999,99902	0,447064599999976	1,836918213	0,990018458348752	93,5294405804481
12009,99902	0,446945400000004	1,835144409	0,990068939865476	93,439124694501
12019,99902	0,447541399999977	1,83864624	0,99028269275627	93,6174256619145
12029,99902	0,446557999999982	1,83339209	0,990363910414183	93,3499027494908
12039,99902	0,446528199999989	1,831428589	0,990138607718788	93,2499281568228
12049,99902	0,447034799999983	1,837052246	0,989863661565052	93,5362650712831
12059,99902	0,445485099999985	1,829178345	0,989865244675337	93,1353536150713
12069,99902	0,445961899999986	1,832553101	0,989972354136967	93,3071843686354
12079,99902	0,447958699999958	1,841656982	0,990194024579326	93,7707220977597
12089,99902	0,448137499999973	1,842810669	0,990012403926979	93,8294637983707
12099,99902	0,447869299999979	1,842471191	0,9900546888727	93,8121787678208
12109,99902	0,447720299999958	1,840390259	0,990196166728556	93,706225
12119,99902	0,446975199999997	1,83817749	0,990135813524135	93,5935585539715
12129,99902	0,446885799999961	1,835996948	0,989970025974779	93,48253299389
12139,99902	0,446438799999953	1,835933472	0,99012575382334	93,4793010183299
12149,99902	0,447392399999956	1,837329102	0,990057483067354	93,5503616089613
12159,99902	0,44810769999998	1,840560669	0,99002814502356	93,7149016802444
12169,99902	0,449001799999962	1,850269653	0,990410386651885	94,2092491344196
12179,99902	0,446855999999968	1,840622681	0,989957545105317	93,7180591140529
12189,99902	0,448137499999973	1,844834839	0,990219638363674	93,9325274439919
12199,99902	0,44810769999998	1,843059448	0,989957639111865	93,8421307535641
12209,99902	0,44843549999996	1,845569214	0,989944506196979	93,9699192464358
12219,99902	0,4477799	1,842424438	0,990055899957069	93,8097982688391
12229,99902	0,447869299999979	1,843236206	0,990071920073088	93,8511306517312
12239,99902	0,447392399999956	1,842520508	0,990011472862118	93,8146898167006
12249,99902	0,447958699999958	1,84317688	0,989916005211498	93,8481099796334
12259,99902	0,447928899999965	1,844081177	0,990018924381217	93,8941536150713
12269,99902	0,447869299999979	1,842850708	0,989937613716824	93,8315024439919
12279,99902	0,447451999999998	1,843147217	0,990241990920834	93,8465996435845
12289,99902	0,447064599999976	1,841740479	0,989954750910663	93,7749734725051
12299,99902	0,447124199999962	1,840252808	0,990103307259632	93,6992264765784
12309,99902	0,446468600000003	1,83805896	0,99022857898651	93,5875234215886
12319,99902	0,446617599999968	1,84017688	0,99011942038213	93,6953604887984
12329,99902	0,447720299999958	1,840418945	0,990039321802175	93,7076855906314
12339,99902	0,448018300000001	1,842972778	0,990028797068984	93,8377178207739
12349,99902	0,4477799	1,841262329	0,990005046414428	93,7506277494908
12359,99902	0,448346099999981	1,84427063	0,99005785609334	93,903799898167
12369,99902	0,448137499999973	1,843703491	0,990122214576783	93,8749231670061
12379,99902	0,44867389999996	1,846156128	0,990045655243385	93,9998028513238
12389,99902	0,448346099999981	1,846619263	0,990333360285952	94,0233840631365
12399,99902	0,4477799	1,842500488	0,990020041459037	93,8136704684318
12409,99902	0,449180599999977	1,851700562	0,990314732988307	94,2821060081466
12419,99902	0,448465299999953	1,846653442	0,99026564856891	94,0251243380855
12429,99902	0,447958699999958	1,845668335	0,990223735649106	93,9749661405295
12439,99902	0,4477799	1,842294067	0,990091013403197	93,8031602342159
12449,99902	0,446945400000004	1,842010132	0,990073876209359	93,7887032586558
12459,99902	0,446200299999987	1,837515991	0,990163568457643	93,5598773421589
12469,99902	0,447362599999963	1,840005127	0,990158259087773	93,6866154276986
12479,99902	0,447600999999963	1,84016272	0,990196166728556	93,6946395112016
12489,99902	0,447720299999958	1,842012939	0,990197470819403	93,7888461812627
12499,99902	0,44623009999998	1,837582031	0,990109175668446	93,5632398676171
12509,99902	0,447720299999958	1,842470337	0,989933422424844	93,8121352851324
12519,99902	0,447600999999963	1,839214966	0,990171205989701	93,646383197556
12529,99902	0,448137499999973	1,843133179	0,9898649656559	93,8458848778004
12539,99902	0,448763299999996	1,850354492	0,990005232427387	94,2135688391039
12549,99902	0,448137499999973	1,844251465	0,990073503183373	93,902824083503
12559,99902	0,448346099999981	1,845993896	0,990176421353022	93,9915425661914
12569,99902	0,447958699999958	1,843101563	0,990002345226254	93,844275101833
12579,99902	0,448048099999994	1,843093628	0,990179029534717	93,8438710794297
12589,99902	0,448197099999959	1,842943848	0,990076111365068	93,8362448065173
12599,99902	0,447928899999965	1,843932983	0,990137303627941	93,886608095723
12609,99902	0,447690399999999	1,84156189	0,989965275643854	93,7658803462322
12619,99902	0,447511599999984	1,842901855	0,989830132229278	93,8341066700611
12629,99902	0,447392399999956	1,840264893	0,98995931522863	93,699841802444
12639,99902	0,447720299999958	1,843177246	0,9901596561851	93,8481286150713
12649,99902	0,448554699999988	1,845835571	0,990137023608434	93,9834812118126
12659,99902	0,447809699999993	1,843867065	0,990109640700842	93,8832517820774
12669,99902	0,447958699999958	1,844047119	0,990108150597036	93,8924195010183
12679,99902	0,447690399999999	1,840585693	0,990114857064233	93,7161758146639
12689,99902	0,446766599999989	1,839198242	0,989918893412701	93,6455316700611
12699,99902	0,447720299999958	1,840276978	0,990050963613185	93,7004571283096
12709,99902	0,448018300000001	1,841810425	0,989892627582929	93,7785348778004
12719,99902	0,447451999999998	1,83764563	0,989993962642293	93,5664781059063
12729,99902	0,446468600000003	1,838175659	0,990022090601788	93,5934653258656
12739,99902	0,448137499999973	1,842632935	0,990112900927961	93,8204142057026
12749,99902	0,447451999999998	1,840609253	0,989903990374502	93,717375407332
12759,99902	0,447928899999965	1,840721191	0,989928952113426	93,723074898167
12769,99902	0,448018300000001	1,844157837	0,990060091249049	93,8980568737271
12779,99902	0,447958699999958	1,843348633	0,990176235340064	93,8568550407332
12789,99902	0,449091199999998	1,852025879	0,990428361904106	94,2986700101833
12799,99902	0,447124199999962	1,840461182	0,990064096528071	93,7098361507128
12809,99902	0,447690399999999	1,839374634	0,989984928012908	93,6545129327902
12819,99902	0,447273199999984	1,836455811	0,990166269645818	93,5058966904277
12829,99902	0,447809699999993	1,840452271	0,990085332007411	93,7093824338085
12839,99902	0,447809699999993	1,841875	0,990116254161559	93,7818228105906
12849,99902	0,447630799999956	1,840335571	0,990037830698299	93,7034404786151
12859,99902	0,447928899999965	1,843275391	0,990155837919106	93,8531258146639
12869,99902	0,447183800000005	1,841870117	0,990144196108096	93,781574185336
12879,99902	0,447928899999965	1,841713989	0,989929511152371	93,773624694501
12889,99902	0,446885799999961	1,841071289	0,989998153934273	93,7409006619145
12899,99902	0,447600999999963	1,840439941	0,990197563825883	93,7087546334012
12909,99902	0,448614299999974	1,845731567	0,990004115349567	93,9781856924644
12919,99902	0,447630799999956	1,839758789	0,989975800377044	93,6740727596741
12929,99902	0,447124199999962	1,838687378	0,989963972553076	93,6195202647658
12939,99902	0,447213599999998	1,839309204	0,990143357049644	93,6511814663951
12949,99902	0,447034799999983	1,837354614	0,989983530915581	93,5516605906314
12959,99902	0,447928899999965	1,838838745	0,989976732441975	93,6272273421589
12969,99902	0,447600999999963	1,83819104	0,990047610379587	93,5942484725051
12979,99902	0,447273199999984	1,838259644	0,990190206313332	93,5977415478615
12989,99902	0,446707000000004	1,836751953	0,989797346945337	93,520975203666
12999,99902	0,447958699999958	1,842137329	0,990342580928295	93,7951796843177
13009,99902	0,446766599999989	1,837406128	0,990025815861303	93,554283503055
13019,99902	0,447213599999998	1,83532251	0,990038482743723	93,4481929735234
13029,99902	0,448137499999973	1,842094604	0,990218334272826	93,7930042769857
13039,99902	0,448018300000001	1,841674805	0,990023767718622	93,7716295824847
13049,99902	0,447690399999999	1,839868042	0,989928300068002	93,6796355397149
13059,99902	0,447869299999979	1,841347168	0,990123239648193	93,7549474541752
13069,99902	0,446200299999987	1,833093384	0,990028331036519	93,3346936863544
13079,99902	0,447124199999962	1,837344116	0,98996136437138	93,5511260692464
13089,99902	0,445961899999986	1,831463257	0,98995819715074	93,2516933299389
13099,99902	0,448286499999995	1,841953735	0,98994133897634	93,7858317209776
13109,99902	0,447183800000005	1,840158203	0,99001762029037	93,6944095213849
13119,99902	0,448048099999994	1,841143433	0,989969653948862	93,7445739816701
13129,99902	0,446528199999989	1,836503052	0,990038203724286	93,5083020366599
13139,99902	0,4459023	1,832501465	0,990131901251592	93,3045552443992
13149,99902	0,448375899999974	1,841538818	0,989975335344648	93,7647056008147
13159,99902	0,447302999999977	1,837970337	0,990056925028479	93,5830110488798
13169,99902	0,447124199999962	1,837429443	0,990325163714949	93,5554706211813
13179,99902	0,446885799999961	1,838591553	0,990021438556364	93,614641191446
13189,99902	0,448286499999995	1,845430542	0,990104425337521	93,9628585539715
13199,99902	0,447958699999958	1,843452637	0,990074993287179	93,8621505600815
13209,99902	0,448197099999959	1,842868896	0,989952236735516	93,8324285132383
13219,99902	0,447690399999999	1,839929688	0,990186108027831	93,6827743380855
13229,99902	0,446766599999989	1,838620361	0,99025298168649	93,61610799389
13239,99902	0,447034799999983	1,838385498	0,989906132523731	93,604149592668
13249,99902	0,447451999999998	1,840506592	0,989968442864494	93,7121482688391
13259,99902	0,447958699999958	1,841303345	0,990137210621462	93,7527161405295
13269,99902	0,4459023	1,833051758	0,989986232103756	93,3325742362525
13279,99902	0,446438799999953	1,837468994	0,99014903844543	93,5574844195519
13289,99902	0,446617599999968	1,836689575	0,990187132099171	93,5177991344195
13299,99902	0,447362599999963	1,837962158	0,990176421353022	93,5825946028513
13309,99902	0,4477799	1,838676636	0,99025503082924	93,6189733197556
13319,99902	0,447302999999977	1,836146851	0,989985394045374	93,4901655295316
13329,99902	0,448256700000002	1,842914551	0,990082071780292	93,8347531059063
13339,99902	0,44810769999998	1,840529785	0,990095111688699	93,7133291751528
13349,99902	0,448763299999996	1,847454712	0,990231560194192	94,0659221995927
13359,99902	0,447928899999965	1,842518433	0,990012217914021	93,8145841649694
13369,99902	0,447869299999979	1,841258423	0,990043326081127	93,7504288696538
13379,99902	0,447630799999956	1,841645508	0,99003140425061	93,7701378818737
13389,99902	0,448286499999995	1,84337915	0,990157142009954	93,8584088594705
13399,99902	0,447928899999965	1,841433716	0,989920755542424	93,7593541751528
13409,99902	0,448137499999973	1,842129395	0,989893931673776	93,794775712831
13419,99902	0,447511599999984	1,841579956	0,990286791041771	93,766800203666
13429,99902	0,446855999999968	1,837178223	0,990002159213295	93,5426793788187
13439,99902	0,447064599999976	1,836288086	0,990113366960427	93,4973567209776
13449,99902	0,447690399999999	1,837918701	0,990155651906148	93,5803819246436
13459,99902	0,448763299999996	1,845814575	0,989993403603348	93,9824121690428
13469,99902	0,448852699999975	1,845550293	0,990079650611625	93,9689558553971
13479,99902	0,447928899999965	1,840150635	0,990054502859742	93,6940241853361
13489,99902	0,448197099999959	1,841606445	0,98989560879061	93,7681489307536
13499,99902	0,448465299999953	1,841895264	0,98988610812876	93,7828545824847
13509,99902	0,449091199999998	1,847695557	0,989993403603348	94,0781851832994
13519,99902	0,448286499999995	1,842831299	0,989916005211498	93,8305142057026
13529,99902	0,448703699999953	1,84439563	0,990088778247489	93,9101644602851
13539,99902	0,448197099999959	1,842008057	0,990057111041437	93,7885976069246
13549,99902	0,448942099999954	1,848189941	0,990012776952966	94,1033574847251
13559,99902	0,448793099999989	1,847483643	0,989949628553821	94,0673952647658
13569,99902	0,448256700000002	1,845962891	0,989971796098092	93,9899639002037
13579,99902	0,448554699999988	1,847915649	0,990063444482647	94,089391496945
13589,99902	0,448882499999968	1,848378906	0,990382444705349	94,1129789205703
13599,99902	0,448256700000002	1,843399292	0,990107871577598	93,8594344195519
13609,99902	0,447273199999984	1,842611816	0,990068846858996	93,8193389002037
13619,99902	0,447720299999958	1,84341333	0,990142425984783	93,860149185336
13629,99902	0,448197099999959	1,844071899	0,990081978773813	93,8936812118126
13639,99902	0,449538200000006	1,851809937	0,990176980391967	94,287675
13649,99902	0,448018300000001	1,84488562	0,990168504801527	93,9351130346232
13659,99902	0,448286499999995	1,841947266	0,990085518020369	93,7855023421589
13669,99902	0,448554699999988	1,848479614	0,989991168447639	94,1181066191446
13679,99902	0,448942099999954	1,84867041	0,990322463526844	94,1278212830957
13689,99902	0,44810769999998	1,846120728	0,990063630495606	93,998000407332
13699,99902	0,448256700000002	1,843070679	0,989925132847362	93,8427025967413
13709,99902	0,447451999999998	1,840024536	0,990202593176245	93,6876036659878
13719,99902	0,447720299999958	1,84338147	0,989931653301601	93,8585269857434
13729,99902	0,44810769999998	1,842335327	0,990074993287179	93,8052610488798
13739,99902	0,447809699999993	1,842158936	0,990024512770525	93,7962798370672
13749,99902	0,44810769999998	1,840591553	0,989974217266759	93,7164741853361
13759,99902	0,448852699999975	1,847029907	0,989939941879013	94,0442926171079
13769,99902	0,44843549999996	1,844192261	0,989895235764624	93,8998096232179
13779,99902	0,447064599999976	1,840712646	0,990121004492484	93,7226398167006
13789,99902	0,448524899999995	1,845784302	0,990006722531193	93,9808707739307
13799,99902	0,448048099999994	1,842802002	0,990175956320626	93,8290225050916
13809,99902	0,448256700000002	1,845153687	0,990149970510361	93,9487620672098
13819,99902	0,447630799999956	1,841445435	0,990154719841217	93,7599508655804
13829,99902	0,448882499999968	1,846685547	0,98988079875889	94,02675901222
13839,99902	0,44810769999998	1,840978516	0,99012789597257	93,7361769857434
13849,99902	0,447511599999984	1,842114014	0,990433764280454	93,7939925661914
13859,99902	0,448375899999974	1,845377686	0,990224574707558	93,960167311609
13869,99902	0,447869299999979	1,842257813	0,990085332007411	93,8013143075356
13879,99902	0,447362599999963	1,841233276	0,990096508786026	93,7491484725051
13889,99902	0,447600999999963	1,842431885	0,990089802318829	93,8101774439919
13899,99902	0,446647399999961	1,837313477	0,989821283612852	93,5495660386965
13909,99902	0,447600999999963	1,842131348	0,990084213929522	93,7948751527495
13919,99902	0,44810769999998	1,843895874	0,990041090925418	93,8847186354379
13929,99902	0,447183800000005	1,841803467	0,989969839961821	93,7781806008147
13939,99902	0,448137499999973	1,842376953	0,990036340594493	93,8073804989817
13949,99902	0,449001799999962	1,846696533	0,990241059855972	94,0273183808554
13959,99902	0,447630799999956	1,843306763	0,989940780937465	93,8547231670061
13969,99902	0,446796399999982	1,839241821	0,990027212958629	93,6477505600815
13979,99902	0,448703699999953	1,844859741	0,990082444806278	93,9337953665988
13989,99902	0,448763299999996	1,845850098	0,990147362328666	93,9842208757638
13999,99902	0,448048099999994	1,841587891	0,99025614790706	93,7672042260693
14009,99902	0,448286499999995	1,843824829	0,989953447819885	93,8811012729124
14019,99902	0,44810769999998	1,842646851	0,990027865004053	93,8211227596741
14029,99902	0,448197099999959	1,846466919	0,990322276513816	94,0156272403259
14039,99902	0,447600999999963	1,8436698	0,990071734060129	93,8732077393075
14049,99902	0,448524899999995	1,845871216	0,990087753176078	93,9852961303462
14059,99902	0,447928899999965	1,840322021	0,99003242932202	93,7027505600815
14069,99902	0,447928899999965	1,844510986	0,989954099865309	93,9160379837067
14079,99902	0,44867389999996	1,845722778	0,989983065883186	93,9777381873727
14089,99902	0,448286499999995	1,844299194	0,989866548766185	93,9052542769857
14099,99902	0,448614299999974	1,845404053	0,99005785609334	93,9615098268839
14109,99902	0,448465299999953	1,844727417	0,990178191476335	93,927057892057
14119,99902	0,44810769999998	1,843738647	0,990050963613185	93,8767131873727
14129,99902	0,44810769999998	1,843862549	0,989979805656066	93,8830218431772
14139,99902	0,448018300000001	1,841843262	0,990026281893768	93,7802068228106
14149,99902	0,446975199999997	1,838920166	0,990054223840304	93,6313730142566
14159,99902	0,448018300000001	1,839401733	0,990053105762415	93,6558927189409
14169,99902	0,446975199999997	1,836478516	0,990233608336873	93,5070527494908
14179,99902	0,447809699999993	1,841125854	0,990092317494045	93,7436789205703
14189,99902	0,448137499999973	1,840125244	0,990173162125973	93,6927313645621
14199,99902	0,447213599999998	1,839431763	0,990400419957569	93,6574217413442
14209,99902	0,447124199999962	1,839293335	0,990024512770525	93,6503734725051
14219,99902	0,446885799999961	1,838095459	0,990100420058499	93,5893818228106
14229,99902	0,446855999999968	1,835172974	0,990141028887456	93,4405791242363
14239,99902	0,447809699999993	1,836457275	0,990079184579159	93,5059712321792
14249,99902	0,447600999999963	1,838075928	0,990208740604497	93,5883873727088
14259,99902	0,447690399999999	1,839218872	0,989953074793899	93,6465820773931
14269,99902	0,447869299999979	1,84088501	0,989930908249698	93,73141598778
14279,99902	0,448763299999996	1,84603833	0,990147735354652	93,9938049898167
14289,99902	0,448256700000002	1,842207275	0,990064468553988	93,798741089613
14299,99902	0,447630799999956	1,840560425	0,990119513388609	93,7148892566191
14309,99902	0,447273199999984	1,839766479	0,990077694475353	93,6744643075356
14319,99902	0,447720299999958	1,838661621	0,99003987984105	93,618208808554
14329,99902	0,448465299999953	1,844278442	0,9902169371755	93,9041976578411
14339,99902	0,44810769999998	1,840035645	0,99003354639984	93,6881692973523
14349,99902	0,44867389999996	1,845491089	0,990203897267093	93,965941395112
14359,99902	0,449001799999962	1,848322632	0,99012892104398	94,1101136456212
14369,99902	0,447124199999962	1,838580811	0,989935471567595	93,6140942464358
14379,99902	0,447511599999984	1,839314697	0,990096508786026	93,6514611507128
14389,99902	0,447124199999962	1,839839233	0,989961923410325	93,6781686863544
14399,99902	0,448524899999995	1,842863525	0,990267231679195	93,8321550407332
14409,99902	0,449597799999992	1,850885864	0,98995931522863	94,2406244399185
14419,99902	0,448018300000001	1,839146973	0,99000066910949	93,6429212321792
14429,99902	0,446855999999968	1,835514404	0,99025614790706	93,4579635437882
14439,99902	0,448346099999981	1,841285522	0,99004304706169	93,7518086558045
14449,99902	0,448018300000001	1,841085815	0,99015015652332	93,7416402749491
14459,99902	0,447928899999965	1,84000708	0,990101631142867	93,6867148676171
14469,99902	0,446379100000001	1,834103149	0,99004407113303	93,386107382892
14479,99902	0,447928899999965	1,837479492	0,990059253190667	93,5580189409369
14489,99902	0,44867389999996	1,842641357	0,990176235340064	93,8208430244399
14499,99902	0,44867389999996	1,842539551	0,99012677889475	93,8156594195519
14509,99902	0,447869299999979	1,838297363	0,990135813524135	93,5996620672098
14519,99902	0,447928899999965	1,83674231	0,989878843622689	93,5204842158859
14529,99902	0,446855999999968	1,836826416	0,989962109423283	93,524766598778
14539,99902	0,447392399999956	1,83501709	0,989999365018642	93,4326420570265
14549,99902	0,447302999999977	1,837356201	0,990082816832195	93,551741395112
14559,99902	0,446855999999968	1,834400757	0,990031218237652	93,4012605397149
14569,99902	0,449120999999991	1,846270508	0,989926995977155	94,0056266802444
14579,99902	0,447928899999965	1,838658203	0,990209858682386	93,6180347759674
14589,99902	0,448197099999959	1,839889282	0,990026654919755	93,68071700611
14599,99902	0,447809699999993	1,835663574	0,989984835006429	93,4655587576375
14609,99902	0,448554699999988	1,843134766	0,989928114055044	93,845965682281
14619,99902	0,448256700000002	1,841948486	0,99011830330431	93,7855644602851
14629,99902	0,447183800000005	1,838678955	0,989768846959926	93,619091395112
14639,99902	0,448048099999994	1,8383125	0,990073689196331	93,600432790224
14649,99902	0,448882499999968	1,843676636	0,990110665772252	93,8735558044807
14659,99902	0,447392399999956	1,838560913	0,989899334050125	93,6130811099796
14669,99902	0,447928899999965	1,837192383	0,990058508138764	93,5434003564155
14679,99902	0,448554699999988	1,840269287	0,990063630495606	93,7000655295316
14689,99902	0,44843549999996	1,838823486	0,989964903617937	93,626450407332
14699,99902	0,44843549999996	1,839105835	0,990159377165663	93,6408266293279
14709,99902	0,44810769999998	1,838295776	0,990075552326123	93,5995812627291
14719,99902	0,448137499999973	1,841397461	0,990013148978882	93,757508197556
14729,99902	0,448286499999995	1,838275146	0,990135813524135	93,5985308553971
14739,99902	0,448465299999953	1,840572754	0,99011513608367	93,71551700611
14749,99902	0,44843549999996	1,840328613	0,990151553620646	93,7030862016293
14759,99902	0,448465299999953	1,84014563	0,989927648022578	93,6937693482688
14769,99902	0,449031599999955	1,843237793	0,989917123289388	93,8512114562118
14779,99902	0,447958699999958	1,835514771	0,99000802662204	93,4579822301426
14789,99902	0,449776600000007	1,852176514	0,99058585987598	94,3063398167006
14799,99902	0,448524899999995	1,841495605	0,990138793731747	93,7625053462322
14809,99902	0,449031599999955	1,844296997	0,990344444058087	93,905142413442
14819,99902	0,449091199999998	1,843796631	0,99000169318083	93,8796655295316
14829,99902	0,448882499999968	1,843558105	0,990236402531526	93,8675206211813
14839,99902	0,449091199999998	1,845771362	0,990161612321372	93,9802119144603
14849,99902	0,448763299999996	1,844009399	0,99019570169616	93,8904989307536
14859,99902	0,449329599999999	1,846700439	0,989847362429596	94,0275172606925
14869,99902	0,449329599999999	1,846314209	0,98997514833162	94,0078517820774
14879,99902	0,449508399999957	1,848406982	0,990153602763397	94,1144084521385
14889,99902	0,447809699999993	1,842529053	0,989942736073666	93,815124898167
14899,99902	0,448197099999959	1,843696289	0,990142052958796	93,8745564663951
14909,99902	0,4477799	1,840033203	0,989865431688365	93,6880449592668
14919,99902	0,448524899999995	1,843127808	0,989639196928039	93,8456114052953
14929,99902	0,448375899999974	1,843653687	0,990141866945838	93,8723873217923
14939,99902	0,448882499999968	1,845168579	0,990070989008226	93,9495203156823
14949,99902	0,44843549999996	1,842728882	0,989941618995847	93,825299490835
14959,99902	0,447600999999963	1,838232788	0,990171858035125	93,5963741344195
14969,99902	0,447034799999983	1,836214478	0,990094459643275	93,4936088594705
14979,99902	0,448256700000002	1,841449341	0,99003457147125	93,7601497454175
14989,99902	0,447600999999963	1,841069702	0,989811317918606	93,7408198574338
14999,99902	0,448793099999989	1,844660889	0,990197656832362	93,9236705193483
15009,99902	0,449418999999978	1,847729858	0,990054036827276	94,0799316700611
15019,99902	0,448286499999995	1,840716797	0,990256706946005	93,7228511710794
15029,99902	0,447809699999993	1,839368408	0,989950653625231	93,6541959266802
15039,99902	0,448763299999996	1,841087402	0,990127988979049	93,7417210794297
15049,99902	0,448852699999975	1,84096167	0,990070429969282	93,7353192464358
15059,99902	0,448614299999974	1,841509521	0,989907902647045	93,7632139002037
15069,99902	0,447392399999956	1,838368164	0,989832739410904	93,60326700611
15079,99902	0,448346099999981	1,840596191	0,990079650611625	93,7167103360489
15089,99902	0,447362599999963	1,837388672	0,990208275572101	93,5533947046843
15099,99902	0,448554699999988	1,841831055	0,99031547804021	93,7795852851324
15109,99902	0,448256700000002	1,840781372	0,990105263395903	93,7261391038696
15119,99902	0,448375899999974	1,843253174	0,990067542768149	93,8519946028513
15129,99902	0,448524899999995	1,841849121	0,990056738015451	93,7805051425662
15139,99902	0,448197099999959	1,840772949	0,989911907926067	93,7257102342159
15149,99902	0,448852699999975	1,842481567	0,990222432558328	93,8127070773931
15159,99902	0,447809699999993	1,840574829	0,990013988037334	93,7156226578411
15169,99902	0,44843549999996	1,841859985	0,99019784384539	93,781058299389
15179,99902	0,446528199999989	1,83337146	0,9901671077042	93,3488523421588
15189,99902	0,448137499999973	1,839435547	0,990194117585805	93,6576144093686
15199,99902	0,447869299999979	1,842200073	0,989929418145892	93,798374389002
15209,99902	0,446885799999961	1,836577148	0,989979339623601	93,5120747454175
15219,99902	0,448048099999994	1,839101563	0,990134322420259	93,6406091140529
15229,99902	0,448137499999973	1,839171143	0,990069125878434	93,6441518839104
15239,99902	0,447630799999956	1,83950769	0,990152484685508	93,6612876782077
15249,99902	0,446975199999997	1,835521606	0,990106940512737	93,4583302443992
15259,99902	0,448256700000002	1,838522583	0,990100234045541	93,6111294806517
15269,99902	0,44810769999998	1,839175903	0,989983903941568	93,6443942464358
15279,99902	0,447392399999956	1,837557129	0,99004304706169	93,5619719450102
15289,99902	0,448524899999995	1,842055298	0,990097625863845	93,7910029531568
15299,99902	0,44810769999998	1,840446045	0,989958384163768	93,7090654276986
15309,99902	0,446855999999968	1,835864014	0,990113086940919	93,4757644602851
15319,99902	0,446140700000001	1,832296631	0,990103214253153	93,2941258146639
15329,99902	0,447124199999962	1,836440186	0,990289212210438	93,5051011201629
15339,99902	0,447124199999962	1,836884766	0,990269466834904	93,5277375763747
15349,99902	0,448286499999995	1,839208252	0,99004407113303	93,6460413441955
15359,99902	0,447362599999963	1,838065308	0,990129293069897	93,5878466395112
15369,99902	0,446617599999968	1,83430249	0,99012258760277	93,3962571283096
15379,99902	0,4477799	1,839336426	0,990224946733474	93,652567515275
15389,99902	0,446617599999968	1,833959351	0,989999084999135	93,3787856924643
15399,99902	0,446557999999982	1,834327148	0,989992006506021	93,3975126272912
15409,99902	0,448256700000002	1,83818103	0,990240128791111	93,5937387983707
15419,99902	0,447034799999983	1,833581665	0,990177073398446	93,3595552443992
15429,99902	0,446647399999961	1,833168457	0,990198401884265	93,3385161405295
15439,99902	0,447958699999958	1,837233643	0,989973845240843	93,5455011710794
15449,99902	0,447362599999963	1,837887207	0,990241711901396	93,5787783604888
15459,99902	0,447064599999976	1,836093872	0,990039693828092	93,4874680244399
15469,99902	0,446796399999982	1,834537354	0,990027399971657	93,4082155804481
15479,99902	0,447302999999977	1,83639917	0,989931839314559	93,5030127291242
15489,99902	0,44810769999998	1,838208862	0,990256986965512	93,5951559063137
15499,99902	0,44810769999998	1,84011499	0,99007806750134	93,6922092668024
15509,99902	0,446647399999961	1,834414917	0,989953447819885	93,4019815173116
15519,99902	0,448554699999988	1,840279297	0,989863568558573	93,700575203666
15529,99902	0,44623009999998	1,832102661	0,990138793731747	93,2842495417515
15539,99902	0,446855999999968	1,835498657	0,990196353741584	93,4571617617108
15549,99902	0,447302999999977	1,837374756	0,99012258760277	93,5526861507128
15559,99902	0,447928899999965	1,836649902	0,990128641024473	93,5157791242363
15569,99902	0,447809699999993	1,838809448	0,98986598972724	93,6257356415479
15579,99902	0,447630799999956	1,834736572	0,98995083963819	93,4183590631364
15589,99902	0,448524899999995	1,841580688	0,990257732017415	93,7668374745417
15599,99902	0,447928899999965	1,838569092	0,990124822758479	93,6134975560081
15609,99902	0,447928899999965	1,838210693	0,990124822758479	93,5952491344195
15619,99902	0,448346099999981	1,840600586	0,990199798981592	93,7169341140529
15629,99902	0,447809699999993	1,836118652	0,98994767241755	93,4887297352342
15639,99902	0,448286499999995	1,838616699	0,990115323096698	93,6159215376782
15649,99902	0,448554699999988	1,841819946	0,990464034389179	93,7790196537678
15659,99902	0,448703699999953	1,841811768	0,990085611026849	93,7786032586558
15669,99902	0,448286499999995	1,840088379	0,98988079875889	93,6908543279022
15679,99902	0,448554699999988	1,842643188	0,989938917807672	93,8209362525458
15689,99902	0,449418999999978	1,849557739	0,990451739532675	94,1730009674134
15699,99902	0,449091199999998	1,845546143	0,98999321759039	93,9687445519348
15709,99902	0,448346099999981	1,840630005	0,990040252867036	93,7184320264766
15719,99902	0,44867389999996	1,842929932	0,990078532533735	93,8355362525458
15729,99902	0,449180599999977	1,845302124	0,990076576397464	93,9563199592668
15739,99902	0,44867389999996	1,842126831	0,989966300715264	93,7946451629328
15749,99902	0,448554699999988	1,844067749	0,989949628553821	93,8934699083503
15759,99902	0,449001799999962	1,843913452	0,990180426632044	93,8856136456212
15769,99902	0,448346099999981	1,840040894	0,98995614800799	93,6884365580448
15779,99902	0,448554699999988	1,841233521	0,989934447496254	93,7491609470468
15789,99902	0,449091199999998	1,845091187	0,990288840184521	93,9455797861507
15799,99902	0,448256700000002	1,840805542	0,990098091896311	93,7273697556008
15809,99902	0,448852699999975	1,843178467	0,990095856740602	93,8481907841141
15819,99902	0,448256700000002	1,839643677	0,989987070162138	93,6682116598778
15829,99902	0,447809699999993	1,840694336	0,990128455011514	93,7217075356415
15839,99902	0,447928899999965	1,840156128	0,989873069220423	93,6943038696538
15849,99902	0,449001799999962	1,844059692	0,990138141686323	93,8930596741344
15859,99902	0,447809699999993	1,839301758	0,99020315221519	93,6508023421589
15869,99902	0,44867389999996	1,842042603	0,989774062323247	93,7903565682281
15879,99902	0,448375899999974	1,841567383	0,990108709635981	93,7661600305499
15889,99902	0,4477799	1,838401733	0,990240687830056	93,6049762219959
15899,99902	0,448524899999995	1,842267212	0,9899699329683	93,8017928716904
15909,99902	0,448018300000001	1,839528198	0,990030939218214	93,6623318737271
15919,99902	0,449180599999977	1,844673828	0,990028983081943	93,9243293279022
15929,99902	0,44843549999996	1,840004395	0,990062326404758	93,6865781568228
15939,99902	0,448524899999995	1,841694702	0,990138793731747	93,7726426680244
15949,99902	0,448554699999988	1,8403125	0,990169808892374	93,702265784114
15959,99902	0,448465299999953	1,839990356	0,990167573736665	93,6858633401222
15969,99902	0,447809699999993	1,839265991	0,989935285554636	93,6489812118126
15979,99902	0,448882499999968	1,843277954	0,989928114055044	93,8532563136456
15989,99902	0,447809699999993	1,839968506	0,990018551355231	93,6847508146639
15999,99902	0,449031599999955	1,844325073	0,990031218237652	93,9065719450102
16009,99902	0,448793099999989	1,843801392	0,989883313934107	93,8799079429735
16019,99902	0,449180599999977	1,845838989	0,990073503183373	93,9836552443992
16029,99902	0,449001799999962	1,845328247	0,990085798039877	93,9576500509165
16039,99902	0,450193799999965	1,85304834	0,989997129862933	94,3507301425662
16049,99902	0,447928899999965	1,840263672	0,990234447395325	93,6997796334012
16059,99902	0,447541399999977	1,837977417	0,990072292099004	93,5833715376782
16069,99902	0,447362599999963	1,837393799	0,990074155228796	93,5536557535641
16079,99902	0,448882499999968	1,840888916	0,990069777923858	93,7316148676171
16089,99902	0,448942099999954	1,842775513	0,990207902546115	93,8276737780041
16099,99902	0,448793099999989	1,841513794	0,990154533828258	93,7634314663951
16109,99902	0,4477799	1,837118408	0,990049659522338	93,539633808554
16119,99902	0,448614299999974	1,8395448	0,990376856316041	93,6631771894094
16129,99902	0,447362599999963	1,834945679	0,990144382121054	93,4290060590631
16139,99902	0,448197099999959	1,838412842	0,989920103497	93,6055418533605
16149,99902	0,448018300000001	1,835945313	0,990088405221502	93,4799039205703
16159,99902	0,448375899999974	1,838845947	0,990076576397464	93,6275940427699
16169,99902	0,448465299999953	1,839671875	0,990249535446412	93,6696474032587
16179,99902	0,449031599999955	1,843595215	0,98999750188885	93,8694101323829
16189,99902	0,447809699999993	1,836595581	0,990149132451979	93,5130132892057
16199,99902	0,449955399999965	1,849589355	0,989844009195997	94,1746107433809
16209,99902	0,448614299999974	1,841444214	0,990205946409843	93,7598886965377
16219,99902	0,448793099999989	1,842442505	0,990024698783483	93,8107181771894
16229,99902	0,448465299999953	1,837918091	0,990163941483629	93,5803508655804
16239,99902	0,447720299999958	1,838172974	0,99024553016739	93,5933286150713
16249,99902	0,448852699999975	1,84169165	0,989905667491336	93,7724872708758
16259,99902	0,449180599999977	1,842735718	0,989927648022578	93,8256475560081
16269,99902	0,447958699999958	1,840936401	0,990116440174518	93,7340326374745
16279,99902	0,447392399999956	1,83780896	0,990255402855157	93,5747942973523
16289,99902	0,446110900000008	1,827013794	0,990005512446894	93,0251422606925
16299,99902	0,447630799999956	1,831959473	0,990336154480605	93,276958910387
16309,99902	0,447451999999998	1,836015503	0,990216099117117	93,4834777494908
16319,99902	0,448793099999989	1,840959595	0,990187132099171	93,7352135947047
16329,99902	0,447720299999958	1,837993042	0,990114671051274	93,584167107943
16339,99902	0,447124199999962	1,833593384	0,989764282641959	93,3601519348269
16349,99902	0,448375899999974	1,839753784	0,990207716533157	93,6738179226069
16359,99902	0,448524899999995	1,838744507	0,98993379545083	93,6224290733198
16369,99902	0,448346099999981	1,839190674	0,990063910515113	93,6451463340122
16379,99902	0,446707000000004	1,83206543	0,990034943497166	93,2823538696538
16389,99902	0,4477799	1,831959106	0,990236402531526	93,2769402240326
16399,99902	0,446945400000004	1,831952515	0,990049846535366	93,2766046334012
16409,99902	0,447928899999965	1,833473877	0,990026281893768	93,3540670570265
16419,99902	0,446319499999959	1,827128174	0,989811317918606	93,030966089613
16429,99902	0,446796399999982	1,831735107	0,990038017711327	93,2655349796334
16439,99902	0,447124199999962	1,832818359	0,989955868988552	93,3206903767821
16449,99902	0,447720299999958	1,832985962	0,990154533828258	93,3292241344195
16459,99902	0,447302999999977	1,833464722	0,990152298672549	93,3536009164969
16469,99902	0,446796399999982	1,831848145	0,989896259835965	93,2712904786151
16479,99902	0,446766599999989	1,831980713	0,990102656214278	93,2780403767821
16489,99902	0,447958699999958	1,835240479	0,989963692533569	93,4440162423625
16499,99902	0,448793099999989	1,839812988	0,990030846211735	93,6768323828921
16509,99902	0,449091199999998	1,841888794	0,990086170065793	93,7825251527495
16519,99902	0,448465299999953	1,83831189	0,990159563178621	93,6004017311609
16529,99902	0,448524899999995	1,840313477	0,990119886414595	93,7023155295316
16539,99902	0,44867389999996	1,838712524	0,989933050398927	93,620800610998
16549,99902	0,449031599999955	1,840668701	0,990033640406389	93,7204022912424
16559,99902	0,446975199999997	1,834857544	0,990035782555618	93,4245185336049
16569,99902	0,448614299999974	1,838674927	0,990213862961339	93,6188863034623
16579,99902	0,448465299999953	1,838328491	0,989802190282742	93,6012469959267
16589,99902	0,449329599999999	1,841715698	0,990074714267741	93,7737117107943
16599,99902	0,449359399999992	1,845348267	0,990141401913442	93,9586693991853
16609,99902	0,448197099999959	1,837673584	0,990039973847599	93,5679014256619
16619,99902	0,447869299999979	1,834981201	0,989976545428947	93,4308147148676
16629,99902	0,447124199999962	1,834320557	0,990033919425826	93,3971770366599
16639,99902	0,448346099999981	1,840305786	0,989907716634086	93,7019239307536
16649,99902	0,446885799999961	1,833492676	0,990135068472232	93,3550242362525
16659,99902	0,448286499999995	1,837531738	0,990068659845968	93,5606791242363
16669,99902	0,44843549999996	1,839206177	0,989999737044559	93,6459356924644
16679,99902	0,448703699999953	1,840351929	0,989815229191079	93,7042733706721
16689,99902	0,449269999999956	1,84463208	0,990040252867036	93,9222036659878
16699,99902	0,448614299999974	1,841179199	0,990070336962802	93,7463950610998
16709,99902	0,449418999999978	1,845984863	0,990133857387863	93,9910826374745
16719,99902	0,449359399999992	1,846735962	0,990322463526844	94,0293259674134
16729,99902	0,448763299999996	1,843227417	0,99008225879332	93,8506831466395
16739,99902	0,448882499999968	1,84153186	0,990056925028479	93,7643513238289
16749,99902	0,449180599999977	1,843732544	0,990225691785377	93,8764024439919
16759,99902	0,449180599999977	1,842595947	0,990145499198874	93,8185309063136
16769,99902	0,449597799999992	1,846993896	0,990034478464771	94,0424590631365
16779,99902	0,447600999999963	1,83797168	0,990095390708136	93,5830794297352
16789,99902	0,449091199999998	1,843304932	0,990348449337109	93,8546299389002
16799,99902	0,449180599999977	1,84245166	0,989984089954526	93,8111843177189
16809,99902	0,447064599999976	1,833553711	0,990167573736665	93,3581319246436
16819,99902	0,448763299999996	1,840546631	0,990223549636147	93,7141869144603
16829,99902	0,449180599999977	1,84423999	0,990030380179269	93,9022398167006
16839,99902	0,449925599999972	1,848938599	0,990165896619831	94,1414765274949
16849,99902	0,449746799999957	1,847875366	0,989998898986177	94,0873404276986
16859,99902	0,449538200000006	1,846751221	0,99003559554259	94,0301029022403
16869,99902	0,449746799999957	1,84800061	0,99016813177554	94,0937174134419
16879,99902	0,449418999999978	1,845130737	0,990093621584893	93,9475935336049
16889,99902	0,449508399999957	1,844788208	0,989757297155325	93,9301531568228
16899,99902	0,448793099999989	1,842852173	0,990007747602603	93,8315770366599
16909,99902	0,448942099999954	1,84459021	0,989921314581368	93,9200717922607
16919,99902	0,449448799999971	1,846601685	0,990229883077358	94,0224890529532
16929,99902	0,449746799999957	1,849762939	0,990014174050292	94,1834490325866
16939,99902	0,448852699999975	1,842592163	0,990178191476335	93,8183382382892
16949,99902	0,449180599999977	1,845540283	0,990104239324563	93,9684461812627
16959,99902	0,449001799999962	1,842657959	0,990084772968467	93,8216883401222
16969,99902	0,449508399999957	1,848643433	0,99034938040197	94,1264477087576
16979,99902	0,449925599999972	1,850419312	0,990085052987974	94,2168692464358
16989,99902	0,450104399999987	1,84968042	0,989841308007823	94,1792474541752
16999,99902	0,450074599999994	1,850123657	0,990168970833992	94,2018155295316
17009,99902	0,449746799999957	1,848185425	0,989994800700675	94,1031275458248
17019,99902	0,449001799999962	1,843017456	0,989986139097277	93,8399926680244
17029,99902	0,449448799999971	1,845496338	0,989957825124824	93,9662086558045
17039,99902	0,449597799999992	1,846432495	0,990060464275036	94,013874490835
17049,99902	0,449448799999971	1,846949463	0,989887971258553	94,0401966904277
17059,99902	0,449329599999999	1,844657349	0,990216471143034	93,9234902749491
17069,99902	0,449955399999965	1,84995166	0,990240966849493	94,1930580448065
17079,99902	0,450015000000008	1,851019531	0,989856676078418	94,2474302953157
17089,99902	0,449776600000007	1,850471558	0,99003140425061	94,2195294297352
17099,99902	0,4477799	1,841575317	0,990030380179269	93,7665640020367
17109,99902	0,449955399999965	1,850366089	0,989977570500358	94,2141593177189
17119,99902	0,449091199999998	1,844131226	0,990138327699281	93,8967019348269
17129,99902	0,449627599999985	1,847627075	0,990173069119493	94,0746983197556
17139,99902	0,448852699999975	1,845131104	0,990068566839489	93,9476122199593
17149,99902	0,449597799999992	1,849035034	0,99021581909761	94,1463866598778
17159,99902	0,449508399999957	1,846846924	0,990205667390406	94,0349757637475
17169,99902	0,448852699999975	1,840730469	0,990221500493397	93,7235473014257
17179,99902	0,449180599999977	1,845585571	0,990117744265365	93,9707520875764
17189,99902	0,447630799999956	1,840342407	0,990137862666885	93,7037885437882
17199,99902	0,449329599999999	1,845630005	0,989976173403031	93,9730145112016
17209,99902	0,44867389999996	1,843862915	0,990080861695993	93,8830404786151
17219,99902	0,448763299999996	1,84263147	0,989928859106947	93,8203396130346
17229,99902	0,448703699999953	1,84433252	0,990067821787586	93,9069511201629
17239,99902	0,449776600000007	1,847451172	0,990178005463377	94,0657419551935
17249,99902	0,449091199999998	1,843493774	0,990077694475353	93,8642451120163
17259,99902	0,448286499999995	1,842678833	0,989953633832843	93,8227511710794
17269,99902	0,449031599999955	1,841662354	0,989849225559388	93,7709956211813
17279,99902	0,449776600000007	1,847039307	0,990188623203047	94,0447712321792
17289,99902	0,449091199999998	1,841793457	0,98993705467788	93,7776709266802
17299,99902	0,447869299999979	1,839744751	0,990158446100801	93,67335799389
17309,99902	0,449448799999971	1,845380371	0,989796228867448	93,9603040224032
17319,99902	0,447720299999958	1,83948938	0,99002823803004	93,6603553971487
17329,99902	0,449746799999957	1,846346558	0,990011006829652	94,0094988798371
17339,99902	0,44867389999996	1,846398682	0,989921780613834	94,0121528513238
17349,99902	0,448852699999975	1,845900146	0,989986139097277	93,9867691446028
17359,99902	0,449448799999971	1,846428955	0,989979898662546	94,0136942464358
17369,99902	0,44810769999998	1,840685303	0,990064468553988	93,7212476069246
17379,99902	0,449508399999957	1,845632813	0,990016316199522	93,973157484725
17389,99902	0,448286499999995	1,843004517	0,990154999860724	93,8393338594705
17399,99902	0,447720299999958	1,83869043	0,990272448042586	93,6196756619145
17409,99902	0,448942099999954	1,842072998	0,989914608114172	93,7919041751527
17419,99902	0,449865999999986	1,847646484	0,989936868664921	94,0756865580448
17429,99902	0,449031599999955	1,844275024	0,990219917383112	93,9040236252546
17439,99902	0,44810769999998	1,84136145	0,990038482743723	93,7556746435845
17449,99902	0,449925599999972	1,849109131	0,990273193094489	94,1501594195519
17459,99902	0,448554699999988	1,841024902	0,990046958334163	93,7385387983707
17469,99902	0,447869299999979	1,84029126	0,990301879092859	93,701184317719
17479,99902	0,44867389999996	1,84009668	0,990101817155826	93,6912769857434
17489,99902	0,448614299999974	1,838821289	0,990192814495027	93,6263385437882
17499,99902	0,449508399999957	1,844577026	0,989900545134494	93,919400509165
17509,99902	0,448286499999995	1,84093335	0,989996104791523	93,7338772912424
17519,99902	0,447809699999993	1,838722778	0,989966393721743	93,6213227087576
17529,99902	0,448942099999954	1,842305054	0,990217589220924	93,8037196537678
17539,99902	0,449538200000006	1,843931763	0,990220196402549	93,8865459775967
17549,99902	0,448048099999994	1,841238647	0,990127802966091	93,7494219450102
17559,99902	0,448554699999988	1,839965942	0,990308306540618	93,6846202647658
17569,99902	0,446975199999997	1,833053223	0,989847176416637	93,3326488289206
17579,99902	0,447064599999976	1,833867676	0,99012463674552	93,3741179226069
17589,99902	0,4477799	1,838403564	0,990100234045541	93,6050694501018
17599,99902	0,448524899999995	1,83836499	0,99044168083195	93,6031053971487
17609,99902	0,447362599999963	1,834402954	0,989794645757163	93,4013724032586
17619,99902	0,448375899999974	1,837644287	0,990048914470435	93,5664097250509
17629,99902	0,448524899999995	1,837207642	0,990068380826531	93,5441772912424
17639,99902	0,447600999999963	1,836942993	0,990030194166311	93,5307022912424
17649,99902	0,447451999999998	1,836149414	0,990164127496588	93,4902960285132
17659,99902	0,446766599999989	1,83222876	0,990216099117117	93,2906700610998
17669,99902	0,448346099999981	1,836639404	0,990337272558495	93,5152446028513
17679,99902	0,448882499999968	1,841471313	0,990100234045541	93,7612684826884
17689,99902	0,447541399999977	1,839001587	0,990279060503234	93,6355186863544
17699,99902	0,448346099999981	1,837917114	0,989840376942962	93,5803011201629
17709,99902	0,447630799999956	1,836543701	0,990100886090964	93,5103717413442
17719,99902	0,447541399999977	1,838249512	0,990101631142867	93,5972256619145
17729,99902	0,447124199999962	1,835762939	0,990210882753727	93,4706180753564
17739,99902	0,447541399999977	1,836865967	0,990360464174106	93,5267803971487
17749,99902	0,448286499999995	1,840609863	0,990091665448621	93,7174064663951
17759,99902	0,447600999999963	1,838452637	0,990347424265699	93,6075680753564
17769,99902	0,447302999999977	1,836152466	0,989898215972236	93,4904514256619
17779,99902	0,448256700000002	1,83890686	0,990210882753727	93,6306955193483
17789,99902	0,448018300000001	1,836652954	0,990068846858996	93,5159345213849
17799,99902	0,448197099999959	1,839684692	0,989852484786438	93,6703
17809,99902	0,448763299999996	1,841518799	0,99022112846748	93,7636863034623
17819,99902	0,44867389999996	1,840111572	0,990091758455101	93,6920352342159
17829,99902	0,448286499999995	1,840525513	0,990256986965512	93,7131116598778
17839,99902	0,450074599999994	1,85092395	0,990360370167557	94,2425636456212
17849,99902	0,449359399999992	1,844508667	0,990382909737744	93,9159199083503
17859,99902	0,449269999999956	1,842761597	0,990066610703218	93,8269652240326
17869,99902	0,449418999999978	1,843660889	0,990322835552761	93,8727540224033
17879,99902	0,449359399999992	1,845623779	0,990102562207729	93,9726975050916
17889,99902	0,449687199999971	1,846081177	0,989830877281181	93,9959866089613
17899,99902	0,448942099999954	1,842411743	0,990183965878601	93,8091518839104
17909,99902	0,448882499999968	1,842002563	0,990092969539469	93,7883178716904
17919,99902	0,449120999999991	1,842026489	0,990130225134828	93,7895360997963
17929,99902	0,448942099999954	1,841141724	0,990084027916563	93,7444869653768
17939,99902	0,448942099999954	1,841159302	0,990198774910251	93,7453819755601
17949,99902	0,449687199999971	1,846506714	0,989978874591205	94,0176534623218
17959,99902	0,449418999999978	1,844817505	0,989940966950423	93,9316448574338
17969,99902	0,449627599999985	1,848068115	0,990031684270117	94,0971545315682
17979,99902	0,449091199999998	1,844765015	0,990275987289143	93,9289722505092
17989,99902	0,449925599999972	1,848831665	0,990018085322765	94,1360318228106
17999,99902	0,449329599999999	1,844926025	0,990197004786938	93,9371703156823
18009,99902	0,449329599999999	1,84584729	0,990154999860724	93,9840779022403
18019,99902	0,450283299999967	1,850807373	0,990139165757663	94,2366279531568
18029,99902	0,449597799999992	1,845677856	0,9901543478153	93,9754509164969
18039,99902	0,448256700000002	1,841249268	0,989887505226087	93,7499627291242
18049,99902	0,44867389999996	1,841472412	0,990092969539469	93,7613244399185
18059,99902	0,450074599999994	1,846727539	0,990089895325308	94,0288970977597
18069,99902	0,448614299999974	1,842867676	0,990012124907542	93,832366395112
18079,99902	0,450104399999987	1,847648438	0,990124729751999	94,0757860488798
18089,99902	0,449746799999957	1,845937256	0,990089150273405	93,9886586558045
18099,99902	0,448524899999995	1,842102295	0,989898495991743	93,7933958757637
18109,99902	0,449597799999992	1,844459717	0,990131529225675	93,9134275458249
18119,99902	0,449538200000006	1,846005859	0,990247859329648	93,9921516802444
18129,99902	0,449180599999977	1,843468994	0,989880612745932	93,862983401222
18139,99902	0,44921039999997	1,844210815	0,98989570179709	93,9007543279022
18149,99902	0,449508399999957	1,845089233	0,990210882753727	93,9454802953157
18159,99902	0,44867389999996	1,84428479	0,990052919749457	93,9045208757637
18169,99902	0,448554699999988	1,84198999	0,989953260806857	93,7876776985743
18179,99902	0,448703699999953	1,842869751	0,990212745883519	93,8324720468432
18189,99902	0,44867389999996	1,8435	0,99022746190869	93,8645621181263
18199,99902	0,449031599999955	1,843251099	0,990048169418532	93,8518889511201
18209,99902	0,448197099999959	1,841053345	0,989973845240843	93,7399870162933
18219,99902	0,448614299999974	1,842355225	0,990041742970842	93,8062741853361
18229,99902	0,449448799999971	1,844670166	0,990056738015451	93,9241428716904
18239,99902	0,449031599999955	1,84240564	0,990135440498149	93,8088411405295
18249,99902	0,449508399999957	1,845520508	0,990226529843759	93,9674393075356
18259,99902	0,44867389999996	1,843717285	0,990059532210104	93,875625509165
18269,99902	0,450342899999953	1,851174438	0,989964903617937	94,2553176171079
18279,99902	0,449269999999956	1,843345093	0,990175304275202	93,856674796334
18289,99902	0,449597799999992	1,844711792	0,989971237059147	93,9262623217923
18299,99902	0,449508399999957	1,845225464	0,990266859653279	93,952416700611
18309,99902	0,449836199999993	1,847619507	0,990019855446079	94,0743129837067
18319,99902	0,449776600000007	1,845169189	0,990404239223633	93,9495513747454
18329,99902	0,448882499999968	1,845466187	0,989846803390651	93,9646734725051
18339,99902	0,448852699999975	1,840968384	0,990137862666885	93,7356610997963
18349,99902	0,449359399999992	1,844531372	0,990064841579974	93,9170759674135
18359,99902	0,449955399999965	1,847107666	0,989912465964942	94,0482518329939
18369,99902	0,449746799999957	1,846779297	0,990285486950923	94,0315324338086
18379,99902	0,448763299999996	1,841669312	0,990133019329481	93,771349898167
18389,99902	0,448465299999953	1,842818726	0,990193931572847	93,8298740325866
18399,99902	0,447690399999999	1,839119507	0,989969466935834	93,6415227596741
18409,99902	0,448375899999974	1,837059814	0,990110572765773	93,536650407332
18419,99902	0,448614299999974	1,83980835	0,989942550060708	93,6765962321792
18429,99902	0,449091199999998	1,84094043	0,99003671362048	93,7342377800407
18439,99902	0,448703699999953	1,839370117	0,989961178358422	93,6542829429735
18449,99902	0,450104399999987	1,847000122	0,990123891693617	94,0427760692464
18459,99902	0,448375899999974	1,839276367	0,990331591162708	93,6495095213849
18469,99902	0,447541399999977	1,836416992	0,989985673064811	93,5039201629328
18479,99902	0,448524899999995	1,839411499	0,989990237382778	93,6563899694501
18489,99902	0,448375899999974	1,840267822	0,990205574383927	93,6999909368635
18499,99902	0,449865999999986	1,846228149	0,98983525458612	94,0034699083503
18509,99902	0,44867389999996	1,840842041	0,989922804685174	93,7292281568228
18519,99902	0,448882499999968	1,839198242	0,98982146962581	93,6455316700611
18529,99902	0,448346099999981	1,842854858	0,989791013504127	93,8317137474542
18539,99902	0,447690399999999	1,837548828	0,990014360063251	93,561549287169
18549,99902	0,447720299999958	1,837707642	0,989810572866703	93,5696355397149
18559,99902	0,448018300000001	1,840511597	0,990315943072606	93,7124031059063
18569,99902	0,449001799999962	1,840851929	0,990048821463956	93,7297316191446
18579,99902	0,447124199999962	1,835042603	0,989909951789795	93,433941089613
18589,99902	0,44921039999997	1,841759277	0,989894676725679	93,7759306008147
18599,99902	0,448852699999975	1,839231323	0,989920196503479	93,6472160386965
18609,99902	0,449925599999972	1,846029907	0,990195514683132	93,9933761201629
18619,99902	0,448286499999995	1,836254028	0,989993590616376	93,4956226069246
18629,99902	0,449180599999977	1,843111572	0,990046307288809	93,8447847250509
18639,99902	0,448524899999995	1,837031372	0,990287070061208	93,5352022403259
18649,99902	0,447600999999963	1,83505188	0,990160215224045	93,4344134419552
18659,99902	0,448018300000001	1,834352661	0,989966300715264	93,3988116598778
18669,99902	0,449508399999957	1,843716797	0,990312962864994	93,8756006619144
18679,99902	0,447451999999998	1,837001099	0,990070336962802	93,5336608452138
18689,99902	0,44867389999996	1,838378784	0,990386262971343	93,6038077393075
18699,99902	0,448197099999959	1,837504517	0,990020041459037	93,5592931262729
18709,99902	0,448703699999953	1,840298828	0,989981854798817	93,7015696537678
18719,99902	0,44810769999998	1,839081299	0,990086170065793	93,6395773421589
18729,99902	0,449091199999998	1,839474365	0,990338017610398	93,659590885947
18739,99902	0,449001799999962	1,840041626	0,990019576426641	93,6884738289206
18749,99902	0,449538200000006	1,843953369	0,990066052664343	93,8876460794297
18759,99902	0,449418999999978	1,841879761	0,990057670080382	93,7820652240326
18769,99902	0,449031599999955	1,839720947	0,99028688404825	93,6721459775967
18779,99902	0,449359399999992	1,841453369	0,990166083632859	93,7603548370672
18789,99902	0,448286499999995	1,839777222	0,99012258760277	93,6750113034623
18799,99902	0,44843549999996	1,836395386	0,99009185146158	93,5028200610998
18809,99902	0,449120999999991	1,841011353	0,990107219532175	93,7378489307536
18819,99902	0,447958699999958	1,835693115	0,990178470495773	93,4670628818737
18829,99902	0,448942099999954	1,838034912	0,990047424366629	93,5862989816701
18839,99902	0,448942099999954	1,840356812	0,99000169318083	93,7045219959267
18849,99902	0,448554699999988	1,838654785	0,989879495668113	93,6178607433808
18859,99902	0,449538200000006	1,842245361	0,989965555663361	93,8006802953157
18869,99902	0,448882499999968	1,837134277	0,99019467662475	93,540441802444
18879,99902	0,448882499999968	1,839375732	0,990149132451979	93,6545688391039
18889,99902	0,448703699999953	1,840111694	0,990254192770858	93,6920414460285
18899,99902	0,449269999999956	1,840632324	0,990151925646563	93,718550101833
18909,99902	0,448018300000001	1,837067627	0,989920662535944	93,5370482179226
18919,99902	0,44921039999997	1,840914063	0,990129573089404	93,7328952647658
18929,99902	0,448554699999988	1,83730249	0,990136558576038	93,5490066191446
18939,99902	0,449269999999956	1,840854004	0,990258104043332	93,7298372708758
18949,99902	0,448465299999953	1,839547119	0,990060091249049	93,6632952647658
18959,99902	0,448286499999995	1,834884644	0,990111596837113	93,4258983706721
18969,99902	0,449597799999992	1,842015625	0,990016595218959	93,7889829429735
18979,99902	0,449180599999977	1,840797363	0,990080209650569	93,7269533095723
18989,99902	0,448763299999996	1,837610107	0,989830132229278	93,5646693991853
18999,99902	0,449120999999991	1,841572388	0,990172044048083	93,7664148676171
19009,99902	0,449180599999977	1,842681519	0,98994981456678	93,8228879327902
19019,99902	0,450074599999994	1,847085449	0,990120072427554	94,0471206211813
19029,99902	0,448614299999974	1,839919434	0,990006443511755	93,6822522403259
19039,99902	0,449418999999978	1,842068726	0,989898495991743	93,7916866598778
19049,99902	0,448852699999975	1,839004517	0,990267604705182	93,6356678716904
19059,99902	0,448614299999974	1,839518555	0,990028797068984	93,661840885947
19069,99902	0,450074599999994	1,847077515	0,989988002227069	94,0467166496945
19079,99902	0,449180599999977	1,84102002	0,99000271825224	93,7382902240326
19089,99902	0,448018300000001	1,839114624	0,990117465245928	93,6412741344195
19099,99902	0,450342899999953	1,848139038	0,989944692209938	94,1007656822811
19109,99902	0,449120999999991	1,842608154	0,99009390060433	93,8191524439919
19119,99902	0,44921039999997	1,843361816	0,990097905883352	93,8575262729124
19129,99902	0,448614299999974	1,839471802	0,990055340918124	93,6594603869654
19139,99902	0,448942099999954	1,838905396	0,989974590292746	93,6306209775967
19149,99902	0,44921039999997	1,840161499	0,990080861695993	93,6945773421589
19159,99902	0,449448799999971	1,843202637	0,990090547370732	93,8494214358452
19169,99902	0,449955399999965	1,846141602	0,990125008771437	93,9990632382892
19179,99902	0,449865999999986	1,844063965	0,990420165333103	93,8932772403259
19189,99902	0,449597799999992	1,842783569	0,989975987390072	93,8280839613035
19199,99902	0,448554699999988	1,840025024	0,990260153186082	93,6876285132383
19209,99902	0,449418999999978	1,8411521	0,990454626733808	93,7450152749491
19219,99902	0,449627599999985	1,843385986	0,990018737368189	93,8587569246436
19229,99902	0,449269999999956	1,842706421	0,990059439203625	93,8241558553971
19239,99902	0,449597799999992	1,844164673	0,989969653948862	93,8984049389002
19249,99902	0,449508399999957	1,843784668	0,990186760073254	93,8790564154786
19259,99902	0,450193799999965	1,847388062	0,99018191673585	94,0625286150713
19269,99902	0,449865999999986	1,846139404	0,990132926323002	93,9989513238289
19279,99902	0,450253400000008	1,846799438	0,989790361458703	94,0325579429735
19289,99902	0,449448799999971	1,842360229	0,990068566839489	93,8065289714868
19299,99902	0,449865999999986	1,844308228	0,989923549737077	93,9057142566191
19309,99902	0,449418999999978	1,841714722	0,990018551355231	93,7736620162933
19319,99902	0,449448799999971	1,841379395	0,990241432881959	93,7565883401222
19329,99902	0,449538200000006	1,842523804	0,990187505125157	93,8148576374745
19339,99902	0,449508399999957	1,841749756	0,990008212634999	93,7754458248472
19349,99902	0,450581299999953	1,848967651	0,990091572442142	94,1429557535642
19359,99902	0,450163999999972	1,846222656	0,990149690490854	94,0031902240326
19369,99902	0,450163999999972	1,845001709	0,989893465641311	93,9410238798371
19379,99902	0,448763299999996	1,841029053	0,98990948575733	93,7387501527495
19389,99902	0,449776600000007	1,84303064	0,990106567486751	93,8406639511202
19399,99902	0,450253400000008	1,844874268	0,990107126525696	93,9345350305499
19409,99902	0,449329599999999	1,840734009	0,989914888133679	93,7237275458248
19419,99902	0,450015000000008	1,844087402	0,990113086940919	93,8944705702648
19429,99902	0,449597799999992	1,842305786	0,989978967597684	93,8037569246436
19439,99902	0,450074599999994	1,845852783	0,990099302980679	93,984357586558
19449,99902	0,449836199999993	1,845218628	0,989931001256177	93,9520686354379
19459,99902	0,449627599999985	1,845410645	0,990003183284636	93,9618454684318
19469,99902	0,44921039999997	1,841167358	0,990053105762415	93,7457921588595
19479,99902	0,450104399999987	1,845692627	0,990113273953947	93,9762030040733
19489,99902	0,449746799999957	1,8442052	0,990195887709118	93,9004684317719
19499,99902	0,449418999999978	1,841790039	0,99020836857858	93,7774968940937
19509,99902	0,447958699999958	1,836795898	0,990077880488311	93,5232127291242
19519,99902	0,44921039999997	1,83749231	0,990198401884265	93,5586715885947
19529,99902	0,449508399999957	1,839175659	0,990063910515113	93,6443818228106
19539,99902	0,448524899999995	1,837745361	0,990022276614746	93,5715560590631
19549,99902	0,449508399999957	1,841611572	0,990002531239212	93,7684099796334
19559,99902	0,44843549999996	1,839196411	0,989938544781686	93,6454384419552
19569,99902	0,449269999999956	1,839541504	0,98981187695755	93,6630093686354
19579,99902	0,449687199999971	1,844963135	0,990445406091465	93,9390598268839
19589,99902	0,449597799999992	1,843443604	0,990182009742329	93,8616906313646
19599,99902	0,4477799	1,83674292	0,990044351152537	93,5205152749491
19609,99902	0,447958699999958	1,837949829	0,989899241043646	93,5819668533605
19619,99902	0,448048099999994	1,836639771	0,990184338904587	93,5152632892057
19629,99902	0,449359399999992	1,839654297	0,989844568234942	93,6687523930754
19639,99902	0,449091199999998	1,839297363	0,990255682874664	93,6505785641548
19649,99902	0,447034799999983	1,830713623	0,990005605453373	93,213524592668
19659,99902	0,447541399999977	1,832949463	0,989984089954526	93,3273657331976
19669,99902	0,449329599999999	1,839683472	0,990119793408116	93,6702378818737
19679,99902	0,447630799999956	1,833576782	0,990235099440748	93,3593066191446
19689,99902	0,448346099999981	1,838069946	0,990082444806278	93,588082790224
19699,99902	0,448614299999974	1,836470825	0,990125567810382	93,5066611507128
19709,99902	0,448048099999994	1,832750977	0,990099862019624	93,3172595213849
19719,99902	0,447541399999977	1,833455444	0,990165803613352	93,3531285132383
19729,99902	0,448375899999974	1,83786499	0,990038203724286	93,5776471486762
19739,99902	0,448882499999968	1,838225464	0,990142239971824	93,5960012219959
19749,99902	0,448048099999994	1,833230347	0,990112434895496	93,3416673625255
19759,99902	0,449776600000007	1,842245239	0,990264065458625	93,800674083503
19769,99902	0,44867389999996	1,835312256	0,990192720488478	93,4476708757637
19779,99902	0,449180599999977	1,840566162	0,990038296730765	93,7151813645621
19789,99902	0,447451999999998	1,833573364	0,990307654495194	93,359132586558
19799,99902	0,448137499999973	1,836970703	0,99020529436442	93,5321131873727
19809,99902	0,449359399999992	1,841454468	0,990200079001099	93,7604107942973
19819,99902	0,448048099999994	1,835984985	0,990042488022745	93,4819238798371
19829,99902	0,449031599999955	1,840556396	0,990083096851702	93,7146841140529
19839,99902	0,449091199999998	1,838324829	0,990202873195752	93,6010605397149
19849,99902	0,449538200000006	1,84243103	0,990064934586453	93,810133910387
19859,99902	0,449538200000006	1,843086914	0,990213583941901	93,8435292260692
19869,99902	0,449091199999998	1,839543335	0,989987629201083	93,6631025967413
19879,99902	0,448703699999953	1,836451904	0,990062233398279	93,5056977596741
19889,99902	0,448763299999996	1,837734253	0,990221966525862	93,5709904786151
19899,99902	0,448614299999974	1,836012939	0,989975987390072	93,4833471995927
19909,99902	0,44810769999998	1,834900513	0,990033174373923	93,4267063645621
19919,99902	0,447273199999984	1,831813354	0,990384679861057	93,2695190427698
19929,99902	0,448793099999989	1,836897461	0,989974683299225	93,5283839613035
19939,99902	0,447451999999998	1,832584717	0,990159191152704	93,3087941446028
19949,99902	0,447720299999958	1,834814819	0,99001119384268	93,4223431262729
19959,99902	0,448942099999954	1,838064209	0,990081140715431	93,5877906822811
19969,99902	0,448852699999975	1,839589722	0,990030007153283	93,6654644602851
19979,99902	0,449836199999993	1,844342285	0,990150529549306	93,9074483197556
19989,99902	0,448852699999975	1,836653442	0,990058694151722	93,5159593686354
19999,99902	0,448375899999974	1,836291382	0,990109920720349	93,4975245417515
20009,99902	0,449329599999999	1,84031311	0,990020693504461	93,7022968431772
20019,99902	0,448942099999954	1,839575806	0,990187319112199	93,6647559063136
20029,99902	0,448524899999995	1,838412842	0,989894862738638	93,6055418533605
20039,99902	0,449836199999993	1,843370605	0,990311751780626	93,8579737780041
20049,99902	0,44921039999997	1,838116577	0,990202687182794	93,5904570773931
20059,99902	0,449418999999978	1,840066772	0,990234354388845	93,6897541751527
20069,99902	0,450283299999967	1,846822754	0,990197191799966	94,0337451120163
20079,99902	0,450491899999975	1,848253662	0,990139072751184	94,1066019348269
20089,99902	0,450193799999965	1,846687378	0,98992960415885	94,0268522403259
20099,99902	0,449538200000006	1,842534546	0,990073689196331	93,8154045824847
20109,99902	0,449865999999986	1,84314209	0,990085984052835	93,8463385947047
20119,99902	0,449120999999991	1,839229248	0,990051988684595	93,6471103869654
20129,99902	0,449955399999965	1,84467627	0,990008399648027	93,9244536659878
20139,99902	0,449746799999957	1,841589111	0,989976732441975	93,7672663441955
20149,99902	0,450193799999965	1,844647583	0,990118210297831	93,9229930244399
20159,99902	0,44921039999997	1,839953369	0,99000169318083	93,6839800916497
20169,99902	0,449836199999993	1,844447144	0,99009073438376	93,9127873727088
20179,99902	0,448852699999975	1,837703369	0,990078532533735	93,5694179735234
20189,99902	0,449865999999986	1,844731689	0,990338017610398	93,927275407332
20199,99902	0,449776600000007	1,841980835	0,989926157918772	93,7872115580448
20209,99902	0,448286499999995	1,838329468	0,989937706723304	93,6012967413442
20219,99902	0,449120999999991	1,837584351	0,990066052664343	93,56335799389
20229,99902	0,449687199999971	1,840078857	0,989965927689277	93,6903695010183
20239,99902	0,450581299999953	1,848713013	0,990169901898853	94,1299904786151
20249,99902	0,449448799999971	1,839152954	0,989760277362937	93,6432257637475
20259,99902	0,449865999999986	1,84240271	0,990073317170414	93,8086919551935
20269,99902	0,450104399999987	1,84543811	0,989956428027497	93,9632438900204
20279,99902	0,450700499999982	1,849285156	0,990323860624171	94,1591219959267
20289,99902	0,450283299999967	1,845422485	0,990030007153283	93,9624483197556
20299,99902	0,450670699999989	1,849845825	0,990293776528405	94,1876692973523
20309,99902	0,449865999999986	1,842909302	0,990211814818658	93,8344858452138
20319,99902	0,449746799999957	1,84189856	0,990063816508564	93,7830224032586
20329,99902	0,448793099999989	1,838529175	0,990219545357195	93,6114651221996
20339,99902	0,45090909999999	1,851358765	0,990148386400007	94,2647029022403
20349,99902	0,449836199999993	1,842553955	0,990207064487733	93,8163928207739
20359,99902	0,449955399999965	1,842461426	0,99021376995486	93,8116815682281
20369,99902	0,449597799999992	1,841969238	0,98986598972724	93,7866210794297
20379,99902	0,449687199999971	1,841819458	0,990139631790129	93,7789948065173
20389,99902	0,449418999999978	1,840661621	0,990073689196331	93,720041802444
20399,99902	0,450074599999994	1,844554932	0,990277104366962	93,9182755600815
20409,99902	0,449448799999971	1,841393433	0,99004407113303	93,7573031059063
20419,99902	0,451028299999962	1,851949951	0,990360184154599	94,2948040224032
20429,99902	0,449836199999993	1,842397095	0,989954937923691	93,8084060590631
20439,99902	0,449776600000007	1,841289551	0,989977011461413	93,7520137983707
20449,99902	0,449180599999977	1,838422852	0,990080395663528	93,6060515274949
20459,99902	0,449925599999972	1,842381592	0,990199147936237	93,807616700611
20469,99902	0,449597799999992	1,840580811	0,990046772321205	93,7159272403259
20479,99902	0,449687199999971	1,842782837	0,99004090491246	93,8280466904277
20489,99902	0,448852699999975	1,838910645	0,989936775658442	93,6308882382892
20499,99902	0,450283299999967	1,846453369	0,990059439203625	94,0149373217923
20509,99902	0,449597799999992	1,842552612	0,990125846829819	93,8163244399185
20519,99902	0,449627599999985	1,84172876	0,990131249206168	93,7743767820774
20529,99902	0,449329599999999	1,839838745	0,990052919749457	93,6781438391039
20539,99902	0,449836199999993	1,844024658	0,990123146641714	93,8912758655804
20549,99902	0,449865999999986	1,844831909	0,989972354136967	93,9323782586558
20559,99902	0,448703699999953	1,841250977	0,990079929631062	93,7500497454175
20569,99902	0,448882499999968	1,83804248	0,990041463951405	93,5866843177189
20579,99902	0,449955399999965	1,844303589	0,990099582000117	93,9054780549898
20589,99902	0,449687199999971	1,842404053	0,990191230384672	93,8087603360489
20599,99902	0,448465299999953	1,841605835	0,990245437160911	93,7681178716904
20609,99902	0,44921039999997	1,840320068	0,989624481902938	93,7026511201629
20619,99902	0,448554699999988	1,840292969	0,990109361681404	93,7012713340122
20629,99902	0,447869299999979	1,83532019	0,989891510505109	93,4480748472505
20639,99902	0,448554699999988	1,836452148	0,990070895001677	93,5057101832994
20649,99902	0,450163999999972	1,845376831	0,9900546888727	93,9601237780041
20659,99902	0,447928899999965	1,836723267	0,99013311233596	93,5195146130346
20669,99902	0,449001799999962	1,839183228	0,989882102849738	93,644767209776
20679,99902	0,448256700000002	1,837830811	0,990223177610231	93,5759068737271
20689,99902	0,448137499999973	1,835682861	0,99031659511803	93,466540784114
20699,99902	0,448942099999954	1,839723511	0,990034943497166	93,6722765274949
20709,99902	0,44810769999998	1,838609253	0,990035409529632	93,615542413442
20719,99902	0,447600999999963	1,837137573	0,990058880164681	93,5406096232179
20729,99902	0,449091199999998	1,839537109	0,990020134465516	93,6627855906314
20739,99902	0,448375899999974	1,83973645	0,99011401900585	93,6729353360489
20749,99902	0,449448799999971	1,841543335	0,989882382869245	93,7649355906314
20759,99902	0,448346099999981	1,835720825	0,990159936204607	93,4684737780041
20769,99902	0,447392399999956	1,834268188	0,990081419734868	93,3945105906314
20779,99902	0,447809699999993	1,83820105	0,99002926210138	93,5947581466395
20789,99902	0,448256700000002	1,834967529	0,990156210945092	93,4301185845214
20799,99902	0,4477799	1,835498779	0,990119048356213	93,4571679735234
20809,99902	0,447600999999963	1,835812134	0,990324791689032	93,4731229124236
20819,99902	0,447392399999956	1,832570313	0,989969466935834	93,3080607433808
20829,99902	0,450283299999967	1,847446167	0,990101631142867	94,0654871181263
20839,99902	0,449538200000006	1,841692383	0,989915633185582	93,772524592668
20849,99902	0,449538200000006	1,840701416	0,989897377913854	93,7220680244399
20859,99902	0,448524899999995	1,840713867	0,990304673287512	93,7227019857434
20869,99902	0,448852699999975	1,837438477	0,99009706782497	93,5559306008147
20879,99902	0,447392399999956	1,833924805	0,98994124596986	93,3770267311609
20889,99902	0,448793099999989	1,836671265	0,989896446848993	93,5168668533605
20899,99902	0,449091199999998	1,838292358	0,990014360063251	93,5994072301426
20909,99902	0,447392399999956	1,832164673	0,990198774910251	93,2874069755601
20919,99902	0,449418999999978	1,840741699	0,989973006182391	93,7241190936864
20929,99902	0,449836199999993	1,843639404	0,990097812876873	93,8716600814664
20939,99902	0,448465299999953	1,839644653	0,990164779542012	93,6682613543788
20949,99902	0,449359399999992	1,841191772	0,990296756736017	93,7470352342159
20959,99902	0,449865999999986	1,842552368	0,990072106086046	93,8163120162933
20969,99902	0,447869299999979	1,83651062	0,989980643714449	93,5086873727087
20979,99902	0,44921039999997	1,839819458	0,990027678991095	93,6771618126273
20989,99902	0,449359399999992	1,841817749	0,990389989230927	93,778907790224
20999,99902	0,447302999999977	1,832769409	0,990072292099004	93,3181980142566
21009,99902	0,448852699999975	1,837199585	0,990035130510195	93,5437670570265
21019,99902	0,449418999999978	1,840512573	0,990078532533735	93,7124528004073
21029,99902	0,44921039999997	1,839905396	0,989992006506021	93,6815374745418
21039,99902	0,449180599999977	1,839291138	0,990094552649754	93,6502616089613
21049,99902	0,449776600000007	1,843596558	0,99028055060704	93,8694785132383
21059,99902	0,448793099999989	1,839694946	0,990037830698299	93,6708220977597
21069,99902	0,448793099999989	1,838907593	0,990111876856621	93,6307328411405
21079,99902	0,448942099999954	1,836370728	0,990226716856787	93,5015645621181
21089,99902	0,449865999999986	1,842956055	0,990167573736665	93,8368663441955
21099,99902	0,448763299999996	1,84037146	0,990128641024473	93,7052678207739
21109,99902	0,449329599999999	1,841462646	0,990158725120239	93,7608271894094
21119,99902	0,449776600000007	1,84327478	0,989986139097277	93,8530947046843
21129,99902	0,450104399999987	1,846714722	0,989737458773312	94,0282445010183
21139,99902	0,450819699999954	1,8526698	0,990120538460019	94,3314562118126
21149,99902	0,449687199999971	1,844761963	0,990169622879416	93,9288168533605
21159,99902	0,448763299999996	1,840591919	0,990140655861469	93,7164928207739
21169,99902	0,448465299999953	1,838630127	0,989967883825549	93,6166052443992
21179,99902	0,44810769999998	1,834230103	0,989980084675504	93,3925714358452
21189,99902	0,448852699999975	1,837786377	0,990122307583263	93,5736444501018
21199,99902	0,449329599999999	1,839301392	0,990168318788568	93,650783706721
21209,99902	0,449359399999992	1,83931958	0,990029728133846	93,6517097759674
21219,99902	0,449269999999956	1,841057495	0,990046958334163	93,7401983197556
21229,99902	0,449836199999993	1,843916626	0,989946089307265	93,8857752545825
21239,99902	0,450372700000003	1,848764282	0,98988825027799	94,1326009164969
21249,99902	0,449597799999992	1,842798096	0,990039507815133	93,8288236252546
21259,99902	0,449448799999971	1,842081909	0,990138793731747	93,792357892057
21269,99902	0,449865999999986	1,844817871	0,99013525448519	93,9316634928717
21279,99902	0,448703699999953	1,840171631	0,990118489317268	93,6950932281059
21289,99902	0,449627599999985	1,843072998	0,989946741352688	93,8428206720978
21299,99902	0,449538200000006	1,842835693	0,990235564473144	93,8307379327902
21309,99902	0,449597799999992	1,843075562	0,990019948452558	93,8429512219959
21319,99902	0,449508399999957	1,842998901	0,990027678991095	93,8390479124236
21329,99902	0,449031599999955	1,838362061	0,990022463627774	93,6029562627291
21339,99902	0,449508399999957	1,842360229	0,98998902629841	93,8065289714868
21349,99902	0,449627599999985	1,841684937	0,989844382221984	93,7721454684318
21359,99902	0,450253400000008	1,84616272	0,9899020352383	94,0001384928717
21369,99902	0,450104399999987	1,846220825	0,990174279203792	94,0030969959267
21379,99902	0,450342899999953	1,846727051	0,990090361357774	94,0288722505092
21389,99902	0,450104399999987	1,846336914	0,990114671051274	94,0090078411405
21399,99902	0,450163999999972	1,846716797	0,989981109746914	94,0283501527495
21409,99902	0,449925599999972	1,845028687	0,990016688225439	93,9423975050916
21419,99902	0,449865999999986	1,844829102	0,990316782131058	93,9322353360489
21429,99902	0,449836199999993	1,842498291	0,990140097822594	93,813558604888
21439,99902	0,449448799999971	1,842418823	0,990171392002659	93,8095123727088
21449,99902	0,449955399999965	1,844355591	0,990120817479456	93,9081258146639
21459,99902	0,450342899999953	1,847650757	0,99009818490279	94,0759041242363
21469,99902	0,449955399999965	1,846041992	0,990265741575389	93,9939914460285
21479,99902	0,449448799999971	1,842940308	0,99002926210138	93,8360645621181
21489,99902	0,449597799999992	1,843288208	0,990264065458625	93,8537784114053
21499,99902	0,449836199999993	1,844606812	0,990195049650736	93,920917107943
21509,99902	0,449746799999957	1,844907593	0,990017154257904	93,9362318228106
21519,99902	0,449627599999985	1,844886353	0,990408337509134	93,9351503564155
21529,99902	0,44921039999997	1,842555786	0,990197750838911	93,8164860488798
21539,99902	0,448942099999954	1,843058838	0,990138327699281	93,842099694501
21549,99902	0,449925599999972	1,845386108	0,990282413736832	93,9605961303462
21559,99902	0,449359399999992	1,840145752	0,989965089630895	93,6937755600815
21569,99902	0,449687199999971	1,844727417	0,990154626834738	93,927057892057
21579,99902	0,449925599999972	1,845834473	0,990234167375817	93,983425305499
21589,99902	0,449538200000006	1,842415894	0,990020879517419	93,8093632382892
21599,99902	0,448852699999975	1,83796106	0,990125567810382	93,5825386965377
21609,99902	0,44810769999998	1,837498169	0,990058322125806	93,5589699083503
21619,99902	0,448882499999968	1,840481079	0,990014174050292	93,7108492362525
21629,99902	0,449627599999985	1,841827637	0,989874186298243	93,7794112525458
21639,99902	0,449925599999972	1,842392456	0,989901383192876	93,8081698574338
21649,99902	0,449091199999998	1,839552612	0,989839631891059	93,6635749490835
21659,99902	0,449418999999978	1,840487427	0,990054782879249	93,7111724541752
21669,99902	0,448048099999994	1,836691284	0,989975987390072	93,5178861507128
21679,99902	0,449269999999956	1,837301392	0,990002997271678	93,548950712831
21689,99902	0,449418999999978	1,840379395	0,990069404897871	93,7056718431772
21699,99902	0,448346099999981	1,836394287	0,99003140425061	93,5027641038697
21709,99902	0,450432299999989	1,845156738	0,990191230384672	93,948917413442
21719,99902	0,450193799999965	1,845834229	0,990136092543572	93,9834128818737
21729,99902	0,450163999999972	1,84359436	0,990047052340712	93,869366598778
21739,99902	0,449776600000007	1,841393311	0,990078905559722	93,7572968940937
21749,99902	0,449627599999985	1,841178589	0,99013739663442	93,7463640020367
21759,99902	0,449627599999985	1,84156604	0,990109361681404	93,7660916496945
21769,99902	0,449865999999986	1,841821289	0,990209951688866	93,7790880346232
21779,99902	0,450104399999987	1,844586548	0,990092131481087	93,9198853360489
21789,99902	0,450015000000008	1,842438965	0,989818023385732	93,8105379327902
21799,99902	0,449180599999977	1,840390869	0,989901755218793	93,7062560590631
21809,99902	0,448882499999968	1,839596191	0,990163475451164	93,6657938391039
21819,99902	0,449925599999972	1,842294434	0,99011830330431	93,8031789205703
21829,99902	0,448703699999953	1,837091309	0,990025629848344	93,5382540224033
21839,99902	0,449091199999998	1,836681274	0,990190672345797	93,5173764765784
21849,99902	0,44921039999997	1,840247559	0,990190485332769	93,6989592158859
21859,99902	0,449120999999991	1,838991699	0,990216285130076	93,6350152240326
21869,99902	0,449448799999971	1,83931897	0,990055061898687	93,6516787169043
21879,99902	0,448614299999974	1,837447754	0,990059532210104	93,5564029531568
21889,99902	0,449865999999986	1,842394409	0,990119048356213	93,8082692973523
21899,99902	0,447869299999979	1,834190796	0,990104611350479	93,3905700610998
21909,99902	0,449627599999985	1,841119751	0,99006316446314	93,7433681771894
21919,99902	0,449538200000006	1,83989502	0,990061674359334	93,6810091649694
21929,99902	0,4477799	1,832843384	0,989907716634086	93,3219645621181
21939,99902	0,448942099999954	1,84110083	0,989976732441975	93,7424047861507
21949,99902	0,448763299999996	1,839038574	0,990007095557179	93,6374019348269
21959,99902	0,447958699999958	1,834752686	0,990005232427387	93,4191795315682
21969,99902	0,448256700000002	1,837092529	0,989945810287827	93,5383161405295
21979,99902	0,449597799999992	1,839130005	0,989990423395736	93,6420572810591
21989,99902	0,448763299999996	1,837259766	0,99014903844543	93,5468312627291
21999,99902	0,449448799999971	1,839217529	0,990193000507985	93,6465136965377
22009,99902	0,449538200000006	1,840864868	0,990112900927961	93,7303904276986
22019,99902	0,44843549999996	1,838256592	0,989900451127945	93,5975861507128
22029,99902	0,449627599999985	1,842458496	0,99023919672618	93,8115323828921
22039,99902	0,448048099999994	1,836748535	0,990000762115969	93,5208011710794
22049,99902	0,448882499999968	1,839995117	0,990078253514298	93,6861057535641
22059,99902	0,450015000000008	1,844358154	0,989597378014784	93,9082563136456
22069,99902	0,449925599999972	1,843194092	0,989782909939604	93,8489863543788
22079,99902	0,448554699999988	1,838989746	0,990107219532175	93,634915784114
22089,99902	0,449597799999992	1,841658203	0,989929883178287	93,7707842668024
22099,99902	0,449776600000007	1,84285437	0,990147735354652	93,8316889002037
22109,99902	0,449925599999972	1,843621338	0,990325163714949	93,8707402240326
22119,99902	0,449955399999965	1,845047729	0,989967604806111	93,9433670570265
22129,99902	0,449776600000007	1,843686768	0,990012590940007	93,8740716904277
22139,99902	0,450611100000003	1,848998535	0,990145965231339	94,1445282586558
22149,99902	0,449359399999992	1,842755859	0,989954378884746	93,8266730651731
22159,99902	0,449359399999992	1,840824097	0,990029169094901	93,7283145112016
22169,99902	0,449329599999999	1,841433838	0,989978129539302	93,7593603869654
22179,99902	0,450760099999968	1,848598633	0,989982133818255	94,1241666496945
22189,99902	0,450432299999989	1,848458984	0,990282320730353	94,1170562118126
22199,99902	0,449418999999978	1,841587646	0,990144568134012	93,7671917515275
22209,99902	0,450432299999989	1,849896362	0,990517030081049	94,1902424643584
22219,99902	0,451117699999998	1,853368408	0,990018458348752	94,3670268839104
22229,99902	0,450938899999983	1,852026733	0,989985673064811	94,2987134928717
22239,99902	0,450074599999994	1,846263428	0,990204922338503	94,005266191446
22249,99902	0,449836199999993	1,843999878	0,989876049428035	93,8900141547862
22259,99902	0,449448799999971	1,841577881	0,990148759425993	93,7666945519348
22269,99902	0,450253400000008	1,846317505	0,990062326404758	94,0080196028513
22279,99902	0,450670699999989	1,848287354	0,990100048032582	94,108317413442
22289,99902	0,450283299999967	1,846763916	0,990481264589496	94,030749287169
22299,99902	0,450760099999968	1,849368164	0,990223922662134	94,1633484725051
22309,99902	0,449627599999985	1,842602905	0,989985487051853	93,8188851832994
22319,99902	0,448346099999981	1,838169434	0,990023301686156	93,5931483706721
22329,99902	0,450163999999972	1,844702148	0,989983530915581	93,9257712830957
22339,99902	0,450372700000003	1,846533325	0,990052453716991	94,019008401222
22349,99902	0,450819699999954	1,849953857	0,990354502758812	94,1931699083503
22359,99902	0,450015000000008	1,844398926	0,989928859106947	93,9103322810591
22369,99902	0,449448799999971	1,842439575	0,990061674359334	93,8105689918534
22379,99902	0,449031599999955	1,83970874	0,989822028664755	93,6715244399185
22389,99902	0,450670699999989	1,849261719	0,989976732441975	94,1579286659878
22399,99902	0,450253400000008	1,846107178	0,990056645008972	93,9973104887984
22409,99902	0,450521699999967	1,849065796	0,990069404897871	94,1479529531568
22419,99902	0,449865999999986	1,845476563	0,990013148978882	93,9652017820774
22429,99902	0,450342899999953	1,847489868	0,99013739663442	94,0677122199593
22439,99902	0,449865999999986	1,845091675	0,990011286849159	93,9456046334012
22449,99902	0,449776600000007	1,844129028	0,990133019329481	93,8965900203666
22459,99902	0,449508399999957	1,842929077	0,990071082014705	93,8354927189409
22469,99902	0,449418999999978	1,843731079	0,989945065235924	93,8763278513238
22479,99902	0,449836199999993	1,844715576	0,990100048032582	93,9264549898167
22489,99902	0,450700499999982	1,849043335	0,990069497904351	94,1468093177189
22499,99902	0,450015000000008	1,845138428	0,990100607071527	93,9479851323829
22509,99902	0,449687199999971	1,841520996	0,990177446424432	93,7637981670061
22519,99902	0,449836199999993	1,843772827	0,990102004168854	93,8784535132383
22529,99902	0,449836199999993	1,843330933	0,989892162550533	93,8559538187373
22539,99902	0,44921039999997	1,840923828	0,990004115349567	93,7333924643584
22549,99902	0,449120999999991	1,841218384	0,990150063516841	93,7483902240326
22559,99902	0,450342899999953	1,847124878	0,99010237619477	94,0491282077393
22569,99902	0,450342899999953	1,845362061	0,98984158802733	93,9593717413442
22579,99902	0,450760099999968	1,849201538	0,990331032123763	94,1548644602851
22589,99902	0,450342899999953	1,844974243	0,989766797817175	93,939625407332
22599,99902	0,449508399999957	1,845230713	0,989977104467892	93,9526839613035
22609,99902	0,450253400000008	1,845439941	0,990176980391967	93,9633371181263
22619,99902	0,450372700000003	1,848880859	0,990127616953132	94,1385366089613
22629,99902	0,450342899999953	1,848887939	0,98998371792861	94,1388970977597
22639,99902	0,449955399999965	1,844535156	0,990210882753727	93,9172686354379
22649,99902	0,450432299999989	1,846924194	0,990105356402382	94,0389100814664
22659,99902	0,449865999999986	1,843980957	0,990045934262823	93,8890507637474
22669,99902	0,450283299999967	1,844805908	0,990062419411237	93,9310543788187
22679,99902	0,449091199999998	1,843269287	0,990199612968633	93,8528150203666
22689,99902	0,449925599999972	1,845158691	0,990242922985765	93,9490168533605
22699,99902	0,449418999999978	1,841373779	0,990101538136388	93,7563023930754
22709,99902	0,448048099999994	1,835946533	0,990439072650255	93,4799660386965
22719,99902	0,449359399999992	1,838483276	0,990164499522505	93,6091281059063
22729,99902	0,448256700000002	1,836454834	0,990176235340064	93,5058469450102
22739,99902	0,448763299999996	1,839987671	0,990102749220757	93,6857266293279
22749,99902	0,449091199999998	1,837480103	0,990266207607855	93,5580500509165
22759,99902	0,448197099999959	1,837085693	0,990135068472232	93,5379680753564
22769,99902	0,449329599999999	1,839130249	0,990131529225675	93,6420697046843
22779,99902	0,448286499999995	1,835334351	0,990057763086861	93,4487958757638
22789,99902	0,448882499999968	1,840794556	0,990183872872122	93,7268103869654
22799,99902	0,448256700000002	1,836705566	0,990367821686657	93,5186133401222
22809,99902	0,448942099999954	1,838255981	0,990153695769876	93,5975550407332
22819,99902	0,449418999999978	1,841846558	0,990261923309395	93,7803746435845
22829,99902	0,449418999999978	1,839604736	0,989849690591784	93,6662289205703
22839,99902	0,448852699999975	1,839822144	0,990179029534717	93,6772985743381
22849,99902	0,449031599999955	1,840662476	0,989815881236503	93,7200853360489
22859,99902	0,448852699999975	1,838119263	0,990032988360965	93,5905938391039
22869,99902	0,449448799999971	1,840184326	0,99012575382334	93,6957396130346
22879,99902	0,449508399999957	1,840125977	0,98981616125601	93,6927686863544
22889,99902	0,447690399999999	1,834449463	0,989971237059147	93,4037404786151
22899,99902	0,448286499999995	1,836102661	0,989911441893601	93,4879155295316
22909,99902	0,449269999999956	1,836133789	0,99020743651365	93,4895004582485
22919,99902	0,448793099999989	1,835077515	0,989869808993304	93,4357186863544
22929,99902	0,448465299999953	1,836836304	0,989906691562676	93,5252700610998
22939,99902	0,449508399999957	1,838679077	0,990073969215838	93,6190976069246
22949,99902	0,449091199999998	1,837472778	0,990344630071045	93,5576770875764
22959,99902	0,449925599999972	1,843639404	0,990228299967073	93,8716600814664
22969,99902	0,449448799999971	1,839123779	0,99004304706169	93,6417402749491
22979,99902	0,449359399999992	1,842856323	0,990058694151722	93,8317883401222
22989,99902	0,449180599999977	1,839000366	0,989978874591205	93,6354565173116
22999,99902	0,449031599999955	1,838636841	0,990053291775373	93,6169470977597
23009,99902	0,449359399999992	1,840589844	0,989824729852929	93,7163871690428
23019,99902	0,449031599999955	1,837023438	0,99008440094255	93,5347982688391
23029,99902	0,449359399999992	1,841004883	0,989959781261095	93,7375195010183
23039,99902	0,449627599999985	1,841726685	0,990135906530614	93,7742711303462
23049,99902	0,450491899999975	1,84889978	0,989901383192876	94,1395
23059,99902	0,450015000000008	1,843679443	0,99022531975946	93,8736987270876
23069,99902	0,448942099999954	1,841185059	0,990149225458458	93,7466934317719
23079,99902	0,448793099999989	1,840458862	0,990008212634999	93,7097180244399
23089,99902	0,44921039999997	1,839512817	0,990043699107114	93,6615487270876
23099,99902	0,448048099999994	1,837122437	0,990106567486751	93,5398389511202
23109,99902	0,448286499999995	1,83944043	0,990199612968633	93,6578630346232
23119,99902	0,449776600000007	1,844993164	0,990163754470601	93,9405887983707
23129,99902	0,450581299999953	1,850371948	0,990163475451164	94,2144576374745
23139,99902	0,450193799999965	1,846518799	0,990112900927961	94,0182687881874
23149,99902	0,450760099999968	1,851741699	0,989932398353503	94,2842005600815
23159,99902	0,450700499999982	1,850448486	0,990057111041437	94,2183546843177
23169,99902	0,448703699999953	1,841766235	0,99028902619748	93,7762848778004
23179,99902	0,450193799999965	1,846711792	0,990246927264717	94,0280953156823
23189,99902	0,450015000000008	1,845285645	0,990171858035125	93,9554809063136
23199,99902	0,450491899999975	1,847175293	0,990135626511107	94,0516951629328
23209,99902	0,449865999999986	1,84362207	0,989951584690093	93,8707774949083
23219,99902	0,450372700000003	1,847781006	0,990020879517419	94,0825359470468
23229,99902	0,449180599999977	1,841865112	0,990142146965345	93,7813193482688
23239,99902	0,449925599999972	1,844374512	0,990054782879249	93,9090892057026
23249,99902	0,449836199999993	1,843688599	0,989965927689277	93,8741649185336
23259,99902	0,450342899999953	1,844585571	0,989918613393194	93,9198355906314
23269,99902	0,450015000000008	1,844826538	0,990276732341046	93,9321047861507
23279,99902	0,450581299999953	1,848551025	0,990156396958051	94,1217426171079
23289,99902	0,450938899999983	1,851352417	0,990234633408283	94,2643796843177
23299,99902	0,450342899999953	1,847934937	0,990372479011102	94,0903735743381
23309,99902	0,450849500000004	1,849930176	0,990092783526511	94,1919641547861
23319,99902	0,450163999999972	1,847056763	0,99012156253136	94,0456600305499
23329,99902	0,450998499999969	1,851557129	0,990209113630483	94,2748029022403
23339,99902	0,45090909999999	1,8493125	0,990015571147619	94,1605142566191
23349,99902	0,450372700000003	1,846343994	0,990085611026849	94,0093683299389
23359,99902	0,450372700000003	1,846041748	0,990073969215838	93,9939790224033
23369,99902	0,449329599999999	1,844589111	0,989945065235924	93,9200158350306
23379,99902	0,450283299999967	1,845022827	0,989925877899265	93,9420991344195
23389,99902	0,450998499999969	1,851480347	0,990242922985765	94,2708934317719
23399,99902	0,44843549999996	1,840939819	0,989933050398927	93,7342066700611
23409,99902	0,449120999999991	1,844788818	0,990142799010769	93,9301842158859
23419,99902	0,448763299999996	1,841216309	0,990293403502419	93,7482845723014
23429,99902	0,450015000000008	1,843830811	0,990006257498797	93,8814058553971
23439,99902	0,450372700000003	1,848220825	0,990333267279472	94,1049299898167
23449,99902	0,451117699999998	1,852775146	0,989953074793899	94,3368200610998
23459,99902	0,451028299999962	1,851470459	0,990020321478544	94,2703899694501
23469,99902	0,450193799999965	1,844809082	0,99008225879332	93,93121598778
23479,99902	0,450253400000008	1,847426758	0,990086822111217	94,0644988798371
23489,99902	0,450193799999965	1,847229492	0,990238638687305	94,0544547861507
23499,99902	0,450432299999989	1,848174194	0,990114484038246	94,1025557026476
23509,99902	0,451117699999998	1,852733643	0,990012962965924	94,3347068737271
23519,99902	0,449836199999993	1,846165771	0,990256799952484	94,0002938391039
23529,99902	0,451326300000005	1,854424194	0,989967138773646	94,420783808554
23539,99902	0,450581299999953	1,850112671	0,989926716957717	94,2012561608961
23549,99902	0,450342899999953	1,848388794	0,989864499623434	94,1134823828921
23559,99902	0,449955399999965	1,846366089	0,99013311233596	94,0104933299389
23569,99902	0,449269999999956	1,843234985	0,990260339199041	93,8510684826884
23579,99902	0,450581299999953	1,849115845	0,990101445129909	94,1505012729124
23589,99902	0,448524899999995	1,842251587	0,989938731794714	93,8009973014257
23599,99902	0,450193799999965	1,843645996	0,989961830403846	93,8719957230143
23609,99902	0,449925599999972	1,841928955	0,989982133818255	93,7845700101833
23619,99902	0,449418999999978	1,845913818	0,990208833610976	93,9874652749491
23629,99902	0,450074599999994	1,843878784	0,989995918778565	93,8838484725051
23639,99902	0,449418999999978	1,841623413	0,99013842070576	93,7690128818737
23649,99902	0,449359399999992	1,839145996	0,99010880264246	93,6428714867617
23659,99902	0,450283299999967	1,845297607	0,99000802662204	93,9560899694501
23669,99902	0,450760099999968	1,84912085	0,990081978773813	94,1507561099796
23679,99902	0,450670699999989	1,851148926	0,989861892441809	94,2540186354379
23689,99902	0,450342899999953	1,849021729	0,989912745984449	94,1457092158859
23699,99902	0,449865999999986	1,846953003	0,9901172782329	94,0403769348269
23709,99902	0,448614299999974	1,841969238	0,989929231132864	93,7866210794297
23719,99902	0,450521699999967	1,84872644	0,990002066206816	94,1306741344196
23729,99902	0,449359399999992	1,843738647	0,989948604482481	93,8767131873727
23739,99902	0,448375899999974	1,840711548	0,989917216295867	93,722583910387
23749,99902	0,448882499999968	1,843492432	0,990057483067354	93,8641767820774
23759,99902	0,449031599999955	1,839661255	0,990138327699281	93,6691066700611
23769,99902	0,449746799999957	1,843649536	0,989938731794714	93,8721759674134
23779,99902	0,4477799	1,836750366	0,990022835653691	93,5208943991853
23789,99902	0,448614299999974	1,840416016	0,99008123372191	93,7075364562118
23799,99902	0,449836199999993	1,843467773	0,989905481478377	93,8629212321792
23809,99902	0,450491899999975	1,848638428	0,989890578440178	94,1261928716904
23819,99902	0,449538200000006	1,844188477	0,990247859329648	93,8996169551935
23829,99902	0,448852699999975	1,842723145	0,990081140715431	93,8250073828921
23839,99902	0,449776600000007	1,845625244	0,989916005211498	93,9727720977597
23849,99902	0,449359399999992	1,842025513	0,990193838566368	93,7894864052953
23859,99902	0,44810769999998	1,836050415	0,989902966303161	93,4852553462322
23869,99902	0,44867389999996	1,839445679	0,99027412415935	93,6581302953157
23879,99902	0,449836199999993	1,843746338	0,989890113407782	93,8771047861507
23889,99902	0,449865999999986	1,844639771	0,99012044545354	93,9225952647658
23899,99902	0,450611100000003	1,84934021	0,990257545004387	94,1619251527495
23909,99902	0,448942099999954	1,840772461	0,99002181158235	93,7256853869654
23919,99902	0,449448799999971	1,84519873	0,990138607718788	93,9510554989817
23929,99902	0,449687199999971	1,844326416	0,990063071456661	93,9066403258656
23939,99902	0,44867389999996	1,839806274	0,990032801347937	93,6764905295316
23949,99902	0,450074599999994	1,844971802	0,989894024680256	93,9395011201629
23959,99902	0,449120999999991	1,843179688	0,989925039840883	93,8482529531568
23969,99902	0,450283299999967	1,845278198	0,989977384487399	93,9551017311609
23979,99902	0,448465299999953	1,839760498	0,990010354784228	93,6741597759674
23989,99902	0,450074599999994	1,844641479	0,990168318788568	93,9226822301426
23999,99902	0,450372700000003	1,846227905	0,989966486728222	94,003457484725
24009,99902	0,450521699999967	1,848050293	0,989925691886307	94,0962470977597
24019,99902	0,450074599999994	1,844102051	0,990080209650569	93,8952164460285
24029,99902	0,449865999999986	1,842772583	0,990172137054562	93,827524592668
24039,99902	0,450074599999994	1,842348511	0,990253260705927	93,8059323319756
24049,99902	0,450372700000003	1,844748901	0,989962761468707	93,9281517820774
24059,99902	0,449448799999971	1,841949585	0,989953726839322	93,7856204175153
24069,99902	0,450432299999989	1,846052979	0,989769311992322	93,9945508655805
24079,99902	0,449836199999993	1,842666138	0,990183127820219	93,8221047861507
24089,99902	0,450283299999967	1,846142944	0,990185641995365	93,9991315682281
24099,99902	0,450491899999975	1,847230225	0,989969187916397	94,054492107943
24109,99902	0,449538200000006	1,843064941	0,990352546622541	93,8424104378819
24119,99902	0,449418999999978	1,843421753	0,990053198768894	93,8605780549898
24129,99902	0,451087900000005	1,850656494	0,990257639010936	94,2289457230143
24139,99902	0,448524899999995	1,839499512	0,990243295011681	93,6608712830957
24149,99902	0,450700499999982	1,847950928	0,989993776629335	94,0911877800407
24159,99902	0,450491899999975	1,845871582	0,98993919682711	93,9853147657841
24169,99902	0,451266699999962	1,852061646	0,99010982771387	94,3004911405295
24179,99902	0,451117699999998	1,849898682	0,990011938894583	94,1903605906314
24189,99902	0,450163999999972	1,845747925	0,989974776305704	93,9790185845214
24199,99902	0,450938899999983	1,849803223	0,990206505448788	94,1855001527495
24209,99902	0,450819699999954	1,849874268	0,990302252118845	94,1891175152749
24219,99902	0,450432299999989	1,845972656	0,990053757807839	93,9904610997963
24229,99902	0,450521699999967	1,846973755	0,989943575132118	94,0414335539715
24239,99902	0,449538200000006	1,841442627	0,989761209427868	93,759807892057
24249,99902	0,450193799999965	1,843694946	0,990032522328499	93,8744880855397
24259,99902	0,451028299999962	1,84923584	0,99030486030054	94,1566109979633
24269,99902	0,450491899999975	1,845758789	0,990177073398446	93,9795717413442
24279,99902	0,450611100000003	1,845541992	0,990042861048732	93,968533197556
24289,99902	0,451266699999962	1,852069946	0,990045468230357	94,3009137474542
24299,99902	0,45090909999999	1,850132202	0,990012217914021	94,202250610998
24309,99902	0,451087900000005	1,853010742	0,990007095557179	94,3488157841141
24319,99902	0,450938899999983	1,852405884	0,989997874914836	94,3180185336049
24329,99902	0,449597799999992	1,846667969	0,990114484038246	94,0258640020367
24339,99902	0,451266699999962	1,852592896	0,99013311233596	94,3275405295316
24349,99902	0,450938899999983	1,850266235	0,990194211592354	94,209075101833
24359,99902	0,449538200000006	1,846361084	0,989904922439433	94,0102384928717
24369,99902	0,450700499999982	1,848556274	0,989974403279718	94,1220098778004
24379,99902	0,451564799999971	1,854726563	0,990070895001677	94,4361793788187
24389,99902	0,451236899999969	1,851480469	0,989893838667297	94,2708996435845
24399,99902	0,451356099999998	1,854374268	0,990112714915003	94,4182417515275
24409,99902	0,450760099999968	1,848961548	0,990174279203792	94,1426450101833
24419,99902	0,450819699999954	1,8493396	0,990143357049644	94,1618940936864
24429,99902	0,450938899999983	1,849449463	0,989955868988552	94,1674879327902
24439,99902	0,450521699999967	1,846536011	0,990220476422056	94,0191451629328
24449,99902	0,450819699999954	1,849820679	0,989926902970676	94,1863889511202
24459,99902	0,450432299999989	1,847722656	0,990141587926401	94,0795649694501
24469,99902	0,450283299999967	1,846164063	0,990209113630483	94,0002068737271
24479,99902	0,450849500000004	1,849853882	0,990172323067521	94,1880795315682
24489,99902	0,450581299999953	1,84840686	0,990179960599579	94,1144022403259
24499,99902	0,450998499999969	1,849899048	0,9902094856564	94,1903792260692
24509,99902	0,449627599999985	1,846822632	0,990144941159999	94,0337389002037
24519,99902	0,450372700000003	1,845903076	0,989947859430578	93,9869183299389
24529,99902	0,45090909999999	1,849545654	0,990038948776189	94,1723856415479
24539,99902	0,450372700000003	1,846684448	0,98996136437138	94,0267030549898
24549,99902	0,451266699999962	1,851305908	0,989943295112611	94,2620116089613
24559,99902	0,450700499999982	1,849360596	0,990057949099819	94,1629631364562
24569,99902	0,450521699999967	1,847860352	0,990040438879995	94,0865759674135
24579,99902	0,450849500000004	1,849141357	0,9898575141368	94,1518002545825
24589,99902	0,449001799999962	1,842583984	0,990014733089237	93,8179217922607
24599,99902	0,450372700000003	1,847048218	0,990091572442142	94,0452249490835
24609,99902	0,450163999999972	1,844037476	0,989575956522486	93,8919285132383
24619,99902	0,450283299999967	1,844163452	0,990228299967073	93,8983427698574
24629,99902	0,450104399999987	1,842703857	0,989990889428202	93,824025305499
24639,99902	0,449269999999956	1,841796875	0,990140842874497	93,7778449592668
24649,99902	0,449180599999977	1,843359863	0,989846151345227	93,8574268329939
24659,99902	0,450372700000003	1,845272217	0,989954564897705	93,9547971995927
24669,99902	0,449865999999986	1,846385986	0,990018365342273	94,0115064154786
24679,99902	0,449776600000007	1,844745239	0,990064841579974	93,9279653258656
24689,99902	0,449746799999957	1,845306641	0,990100793084485	93,9565499490835
24699,99902	0,450193799999965	1,847210205	0,990029635127366	94,0534727596741
24709,99902	0,448554699999988	1,840796753	0,989867759850553	93,7269222505092
24719,99902	0,450432299999989	1,847429932	0,990023021666649	94,0646604887984
24729,99902	0,450342899999953	1,848066895	0,990136278556531	94,097092413442
24739,99902	0,449359399999992	1,844140991	0,990006722531193	93,8971991344196
24749,99902	0,449508399999957	1,846667114	0,98994869748896	94,0258204684318
24759,99902	0,449955399999965	1,843333252	0,98988079875889	93,8560718940937
24769,99902	0,451177299999983	1,852133179	0,99009818490279	94,3041333503055
24779,99902	0,450581299999953	1,848369873	0,990157887061857	94,1125189918534
24789,99902	0,449955399999965	1,844358032	0,990224667714037	93,908250101833
24799,99902	0,449448799999971	1,846103149	0,990014360063251	93,9971053462322
24809,99902	0,449180599999977	1,84607605	0,990420631365568	93,9957255600815
24819,99902	0,44921039999997	1,841293579	0,989980178682053	93,7522188900204
24829,99902	0,450074599999994	1,847009277	0,990317899208877	94,043242209776
24839,99902	0,449359399999992	1,845315674	0,989880519739453	93,9570098778004
24849,99902	0,448793099999989	1,842072998	0,990153881782834	93,7919041751527
24859,99902	0,450372700000003	1,846150635	0,9898649656559	93,9995231670061
24869,99902	0,449836199999993	1,846984863	0,989942085028312	94,0419991344196
24879,99902	0,448882499999968	1,842376465	0,990055527931152	93,8073556517312
24889,99902	0,450163999999972	1,844791626	0,990243295011681	93,9303271894094
24899,99902	0,449746799999957	1,844314453	0,989972168124009	93,9060312118126
24909,99902	0,448942099999954	1,84215918	0,990026188887289	93,7962922606925
24919,99902	0,450521699999967	1,846330322	0,990045375223878	94,0086721995927
24929,99902	0,448942099999954	1,840063354	0,990137862666885	93,6895801425662
24939,99902	0,449836199999993	1,844323853	0,990097439850887	93,9065098268839
24949,99902	0,450581299999953	1,848922729	0,989920662535944	94,1406684826884
24959,99902	0,450611100000003	1,848223633	0,990100886090964	94,1050729633401
24969,99902	0,450611100000003	1,848195068	0,990128548017994	94,1036185336049
24979,99902	0,449627599999985	1,846082397	0,990045375223878	93,9960487270876
24989,99902	0,450015000000008	1,843424561	0,990095483714615	93,8607210285132
24999,99902	0,450342899999953	1,844519165	0,990094086617289	93,9164544297352
25009,99902	0,450372700000003	1,847209961	0,990242270940341	94,0534603360489
25019,99902	0,449925599999972	1,844938721	0,990120631466498	93,9378167515275
25029,99902	0,450700499999982	1,849120117	0,990084027916563	94,1507187881874
25039,99902	0,450015000000008	1,846149414	0,990034757484208	93,9994609979634
25049,99902	0,449746799999957	1,846028809	0,990204456306037	93,9933202138493
25059,99902	0,449448799999971	1,843939209	0,990059067177709	93,886925101833
25069,99902	0,449180599999977	1,841982178	0,990044816184933	93,7872799389002
25079,99902	0,449031599999955	1,838726318	0,989888902323414	93,6215029531568
25089,99902	0,450372700000003	1,846395264	0,990151274601209	94,0119788187373
25099,99902	0,450938899999983	1,850092407	0,990008678667464	94,200224389002
25109,99902	0,450432299999989	1,845104248	0,990083561884098	93,9462448065173
25119,99902	0,449359399999992	1,842232544	0,99019151040418	93,8000276985743
25129,99902	0,451087900000005	1,851828247	0,990073503183373	94,2886072810591
25139,99902	0,450849500000004	1,849738037	0,990124170713055	94,1821811099796
25149,99902	0,450998499999969	1,851531982	0,9902593151277	94,2735225050916
25159,99902	0,451445499999977	1,856120972	0,990047424366629	94,5071778004073
25169,99902	0,451236899999969	1,853467163	0,990329635026437	94,3720551425662
25179,99902	0,451415699999984	1,853383911	0,989964903617937	94,3678162423625
25189,99902	0,450998499999969	1,851707886	0,990040066854078	94,2824789205703
25199,99902	0,451117699999998	1,852115967	0,989960060280533	94,3032569755601
25209,99902	0,451087900000005	1,849603027	0,99009390060433	94,1753068737271
25219,99902	0,450372700000003	1,845565308	0,989948045443536	93,9697203665988
25229,99902	0,450491899999975	1,846991943	0,989894117686735	94,0423596232179
25239,99902	0,451028299999962	1,852385132	0,990114298025288	94,3169619144603
25249,99902	0,451266699999962	1,853180176	0,990047610379587	94,3574427698574
25259,99902	0,451832999999965	1,858569702	0,990264344478063	94,6318585539715
25269,99902	0,451236899999969	1,853805542	0,989963320507652	94,3892842158859
25279,99902	0,450491899999975	1,849603027	0,989869622980346	94,1753068737271
25289,99902	0,451326300000005	1,853862549	0,990226902869746	94,3921868126273
25299,99902	0,450819699999954	1,849518677	0,990082816832195	94,1710120672098
25309,99902	0,450849500000004	1,849818481	0,990026654919755	94,1862770366599
25319,99902	0,450074599999994	1,84913623	0,990230442116302	94,1515392057026
25329,99902	0,450521699999967	1,84888501	0,990115974142052	94,1387479633401
25339,99902	0,450581299999953	1,848554077	0,990242735972737	94,1218980142566
25349,99902	0,449269999999956	1,843320557	0,989884897044392	93,855425509165
25359,99902	0,449746799999957	1,844585205	0,990178563502252	93,9198169551935
25369,99902	0,451236899999969	1,852322021	0,990213024902957	94,3137485234216
25379,99902	0,45090909999999	1,848986816	0,989942457054229	94,1439315682281
25389,99902	0,450491899999975	1,846963501	0,990010354784228	94,0409114562118
25399,99902	0,450521699999967	1,847069336	0,990156396958051	94,046300203666
25409,99902	0,451654200000007	1,853696655	0,990157887061857	94,3837400712831
25419,99902	0,451028299999962	1,849060059	0,990143171036686	94,1476608452138
25429,99902	0,451236899999969	1,852118774	0,989986977155659	94,303399898167
25439,99902	0,450819699999954	1,848956421	0,989923735750035	94,1423839613035
25449,99902	0,451922400000001	1,855661133	0,989849411572346	94,4837644093686
25459,99902	0,450521699999967	1,84822168	0,990048076412053	94,1049735234216
25469,99902	0,450521699999967	1,846895874	0,989911814919588	94,0374681262729
25479,99902	0,450342899999953	1,847319336	0,990116906206983	94,0590293279022
25489,99902	0,450700499999982	1,849073975	0,990002252219775	94,1483693991853
25499,99902	0,451445499999977	1,853812744	0,989905667491336	94,3896509164969
25509,99902	0,450372700000003	1,850528198	0,989961830403846	94,2224133401222
25519,99902	0,450938899999983	1,851147827	0,990081792760855	94,2539626782077
25529,99902	0,451087900000005	1,853303101	0,990253726738393	94,3637016802444
25539,99902	0,450819699999954	1,851716675	0,989992286525529	94,2829264256619
25549,99902	0,449776600000007	1,850140747	0,990186946086213	94,2026856924644
25559,99902	0,450283299999967	1,84976416	0,990042302009787	94,1835112016293
25569,99902	0,451445499999977	1,853505493	0,990167759749624	94,3740067718941
25579,99902	0,450283299999967	1,846530029	0,990374155127867	94,0188405804481
25589,99902	0,449329599999999	1,844828613	0,990061674359334	93,9322104378819
25599,99902	0,450015000000008	1,847224609	0,990230628129261	94,0542061608961
25609,99902	0,450015000000008	1,848940063	0,990164499522505	94,1415510692464
25619,99902	0,450938899999983	1,850076416	0,990171485009139	94,1994101832994
25629,99902	0,449955399999965	1,845455688	0,990347145246261	93,9641389002037
25639,99902	0,450700499999982	1,849675293	0,99008123372191	94,1789864052953
25649,99902	0,450283299999967	1,848160156	0,990059905236091	94,1018409368636
25659,99902	0,449418999999978	1,84468335	0,989925691886307	93,9248141547861
25669,99902	0,450283299999967	1,848075195	0,989991448467147	94,0975150203666
25679,99902	0,451117699999998	1,851391479	0,990187132099171	94,2663685845214
25689,99902	0,450283299999967	1,848023071	0,989991820493063	94,0948610488798
25699,99902	0,449687199999971	1,844315186	0,990122401589811	93,9060685336049
25709,99902	0,450938899999983	1,850453247	0,990244692109008	94,2185970977597
25719,99902	0,450581299999953	1,849945801	0,990066610703218	94,1927597250509
25729,99902	0,450372700000003	1,848123047	0,989984555986992	94,0999514765784
25739,99902	0,45090909999999	1,850124023	0,990125195784465	94,2018341649695
25749,99902	0,450432299999989	1,847605347	0,990085611026849	94,07359200611
25759,99902	0,450015000000008	1,848194092	0,990026374900247	94,1035688391039
25769,99902	0,451117699999998	1,850653564	0,990019482420092	94,2287965376782
25779,99902	0,450819699999954	1,847926025	0,990025722854823	94,0899198065173
25789,99902	0,450819699999954	1,849989502	0,989987257175166	94,1949848268839
25799,99902	0,449687199999971	1,846724976	0,990082816832195	94,028766598778
25809,99902	0,450342899999953	1,846258423	0,990300388989053	94,0050113543788
25819,99902	0,450849500000004	1,848348877	0,989970678020203	94,1114499490835
25829,99902	0,451326300000005	1,851293457	0,990109640700842	94,2613776476578
25839,99902	0,450015000000008	1,846429688	0,990129573089404	94,0137315682281
25849,99902	0,450760099999968	1,848481445	0,990093528578414	94,1181998472505
25859,99902	0,449836199999993	1,846956909	0,990204642318996	94,040575814664
25869,99902	0,450998499999969	1,84828418	0,990209206636963	94,1081558044807
25879,99902	0,448763299999996	1,839084351	0,990051336639172	93,6397327393075
25889,99902	0,450998499999969	1,847987427	0,99001016877127	94,0930461812627
25899,99902	0,450193799999965	1,842326294	0,990027585984616	93,8048011201629
25909,99902	0,449359399999992	1,841994263	0,990031591263638	93,7878952647658
25919,99902	0,449418999999978	1,841043457	0,990125381797423	93,7394835539715
25929,99902	0,451326300000005	1,848782104	0,990034478464771	94,1335083503055
25939,99902	0,450342899999953	1,844639648	0,9899497215603	93,9225890020367
25949,99902	0,449925599999972	1,843700073	0,990079464598666	93,8747491344195
25959,99902	0,450938899999983	1,84634021	0,990020041459037	94,0091756619145
25969,99902	0,450700499999982	1,846644165	0,990119513388609	94,0246519857434
25979,99902	0,450700499999982	1,845473999	0,990059625216584	93,9650712321792
25989,99902	0,451117699999998	1,848242188	0,990067542768149	94,1060177189409
25999,99902	0,450849500000004	1,848361938	0,990155837919106	94,1121149694501
26009,99902	0,450670699999989	1,847953247	0,990072013079567	94,0913058553971
26019,99902	0,450521699999967	1,845091309	0,990048076412053	93,9455859979633
26029,99902	0,45090909999999	1,847067993	0,99017772544387	94,0462318228106
26039,99902	0,450670699999989	1,845480347	0,989985673064811	93,9653944501018
26049,99902	0,449448799999971	1,843090698	0,990197656832362	93,8437218940937
26059,99902	0,450074599999994	1,845098389	0,990252888680011	93,9459464867617
26069,99902	0,449687199999971	1,844250977	0,990203338228148	93,9027992362525
26079,99902	0,451087900000005	1,847879272	0,989982320831283	94,0875393075356
26089,99902	0,450283299999967	1,843832275	0,990128362005035	93,8814803971487
26099,99902	0,450700499999982	1,846559082	0,990150715562264	94,0203198574338
26109,99902	0,450611100000003	1,847864624	0,990049939541845	94,0867934826884
26119,99902	0,450611100000003	1,84865918	0,990201848124342	94,127249490835
26129,99902	0,450938899999983	1,849408447	0,990215633084652	94,1653995417515
26139,99902	0,450938899999983	1,849262207	0,990006629524714	94,1579535132383
26149,99902	0,450700499999982	1,847594727	0,989813926100301	94,0730512729124
26159,99902	0,449865999999986	1,846615112	0,990357762985931	94,0231727087576
26169,99902	0,449091199999998	1,842528198	0,990143357049644	93,8150813645621
26179,99902	0,450342899999953	1,845692505	0,990026840932713	93,9761967922607
26189,99902	0,451236899999969	1,84984314	0,990157608042419	94,187532586558
26199,99902	0,449746799999957	1,844587769	0,98994869748896	93,9199475050917
26209,99902	0,450611100000003	1,846431396	0,989944692209938	94,0138185336049
26219,99902	0,451743599999986	1,85538916	0,98987660846698	94,469916496945
26229,99902	0,451236899999969	1,851579102	0,990028331036519	94,2759216904277
26239,99902	0,450938899999983	1,852710205	0,990059719223133	94,3335134928717
26249,99902	0,450760099999968	1,849396606	0,990141028887456	94,1647966395112
26259,99902	0,450670699999989	1,847631836	0,989993776629335	94,0749407331976
26269,99902	0,451087900000005	1,850873901	0,990123239648193	94,2400153258656
26279,99902	0,451981999999987	1,856203735	0,989956800053414	94,511391802444
26289,99902	0,450700499999982	1,850613647	0,990065213605891	94,2267641038697
26299,99902	0,451773399999979	1,857216064	0,990099675006596	94,5629360488798
26309,99902	0,451356099999998	1,854745605	0,990128362005035	94,4371489307536
26319,99902	0,451266699999962	1,853011475	0,989973193195419	94,3488531059063
26329,99902	0,451862799999958	1,857601807	0,990172882106465	94,5825767311609
26339,99902	0,451505099999963	1,85436853	0,990185641995365	94,417949592668
26349,99902	0,449925599999972	1,848446899	0,989863941584559	94,116440885947
26359,99902	0,450938899999983	1,849768921	0,990109920720349	94,1837536150713
26369,99902	0,451117699999998	1,851091309	0,990196818773979	94,2510849796334
26379,99902	0,451266699999962	1,850414673	0,98994133897634	94,2166330448065
26389,99902	0,451356099999998	1,851054199	0,989937893736332	94,2491954684318
26399,99902	0,451356099999998	1,852446411	0,990090175344815	94,3200820264766
26409,99902	0,451236899999969	1,850392944	0,990244692109008	94,2155266802444
26419,99902	0,451743599999986	1,854836426	0,990067169742162	94,4417732179226
26429,99902	0,452190599999994	1,861131104	0,989925971905814	94,7622761710794
26439,99902	0,450581299999953	1,850221558	0,990153602763397	94,206800305499
26449,99902	0,451326300000005	1,854206543	0,990006629524714	94,4097017820774
26459,99902	0,451415699999984	1,856182495	0,990233795349901	94,5103103360489
26469,99902	0,451981999999987	1,857888062	0,990204549312517	94,5971518329939
26479,99902	0,451922400000001	1,858863159	0,989927834035537	94,6468003564155
26489,99902	0,452190599999994	1,860083618	0,990267324685675	94,7089418533605
26499,99902	0,451415699999984	1,854782593	0,98993072123667	94,4390322301426
26509,99902	0,451743599999986	1,857846313	0,990042209003308	94,5950261201629
26519,99902	0,450432299999989	1,851478882	0,990126685888271	94,2708188391039
26529,99902	0,451236899999969	1,853391602	0,989943481125569	94,3682078411405
26539,99902	0,451445499999977	1,855415039	0,989958756189685	94,4712341649694
26549,99902	0,450760099999968	1,849511841	0,990011938894583	94,1706640020367
26559,99902	0,449955399999965	1,847834595	0,989822307684192	94,0852645112016
26569,99902	0,450938899999983	1,849725952	0,990308585560055	94,1815657841141
26579,99902	0,451326300000005	1,850956909	0,990084027916563	94,244241802444
26589,99902	0,450700499999982	1,848358276	0,990059812229612	94,1119285132383
26599,99902	0,452071399999966	1,857535278	0,990012590940007	94,5791893075356
26609,99902	0,450491899999975	1,849111816	0,990099302980679	94,1502961303462
26619,99902	0,450193799999965	1,849015015	0,990035316523153	94,1453673625254
26629,99902	0,450938899999983	1,848877441	0,989934074470268	94,1383625763747
26639,99902	0,450491899999975	1,850561768	0,990070989008226	94,2241226069246
26649,99902	0,449776600000007	1,845104614	0,989777694576283	93,9462634419552
26659,99902	0,451356099999998	1,851360352	0,990079650611625	94,264783706721
26669,99902	0,452339599999959	1,858719849	0,9901596561851	94,6395035132383
26679,99902	0,450074599999994	1,848929565	0,989904549413446	94,1410165478615
26689,99902	0,451415699999984	1,852015259	0,99008225879332	94,2981292769857
26699,99902	0,451743599999986	1,852085327	0,990124263719534	94,3016968940937
26709,99902	0,451684	1,853143799	0,990152484685508	94,3555905804481
26719,99902	0,449746799999957	1,84526123	0,990122028563825	93,9542377800407
26729,99902	0,450581299999953	1,846304688	0,990028610055956	94,00736700611
26739,99902	0,450074599999994	1,847058472	0,989926902970676	94,0457470468432
26749,99902	0,450700499999982	1,846375732	0,990170087911812	94,0109843177189
26759,99902	0,450193799999965	1,846156128	0,989840935981906	93,9998028513238
26769,99902	0,450998499999969	1,848121338	0,990183872872122	94,0998644602851
26779,99902	0,450760099999968	1,848796021	0,989792503607933	94,1342169551935
26789,99902	0,450432299999989	1,843821411	0,990190485332769	93,8809272403259
26799,99902	0,449538200000006	1,843672974	0,989761302434347	93,8733693482688
26809,99902	0,450372700000003	1,846579224	0,9899571730794	94,0213454175153
26819,99902	0,451773399999979	1,854606934	0,990075552326123	94,4300882892057
26829,99902	0,451862799999958	1,855560547	0,990091106409677	94,4786429226069
26839,99902	0,452309799999966	1,857913818	0,990066890722725	94,5984632382892
26849,99902	0,451087900000005	1,850335083	0,990059625216584	94,2125806008147
26859,99902	0,450819699999954	1,848249878	0,990055527931152	94,1064092668024
26869,99902	0,45090909999999	1,849798096	0,990026002874331	94,1852391038696
26879,99902	0,449865999999986	1,847317993	0,990163568457643	94,0589609470468
26889,99902	0,451594599999964	1,853505005	0,990179960599579	94,3739819246436
26899,99902	0,450104399999987	1,847757568	0,990028052017081	94,0813425661914
26909,99902	0,450074599999994	1,847096436	0,990214515006763	94,0476800407332
26919,99902	0,450163999999972	1,845154785	0,9901596561851	93,9488179735234
26929,99902	0,451117699999998	1,850431763	0,990148200387048	94,2175032077393
26939,99902	0,450074599999994	1,84577832	0,990300855021518	93,980566191446
26949,99902	0,450491899999975	1,845716675	0,9902094856564	93,9774274439919
26959,99902	0,449687199999971	1,84616626	0,990118210297831	94,0003187372709
26969,99902	0,450372700000003	1,84871167	0,990095483714615	94,1299220977597
26979,99902	0,451445499999977	1,853026978	0,990055061898687	94,3496424643584
26989,99902	0,450700499999982	1,847182007	0,990115695122615	94,0520370162933
26999,99902	0,450163999999972	1,847632813	0,990215633084652	94,0749904786151
27009,99902	0,451028299999962	1,849497192	0,9899497215603	94,1699181262729
27019,99902	0,450670699999989	1,847050293	0,990486293939859	94,0453306008147
27029,99902	0,451594599999964	1,853577393	0,990191323391152	94,3776676680244
27039,99902	0,451117699999998	1,851581543	0,990059439203625	94,2760459775967
27049,99902	0,45090909999999	1,853399292	0,989989957363271	94,368599389002
27059,99902	0,450819699999954	1,850459717	0,990045003197961	94,2189265274949
27069,99902	0,451236899999969	1,852975464	0,989991168447639	94,3470195519348
27079,99902	0,449627599999985	1,847603882	0,989973658227815	94,073517413442
27089,99902	0,449836199999993	1,847074341	0,98993593760006	94,0465550407332
27099,99902	0,451087900000005	1,850649292	0,99032507070847	94,2285790224033
27109,99902	0,451236899999969	1,852841309	0,990005046414428	94,3401888492872
27119,99902	0,450700499999982	1,848600952	0,990085984052835	94,1242847250509
27129,99902	0,450611100000003	1,850182861	0,990089802318829	94,2048299898167
27139,99902	0,451654200000007	1,855666382	0,990508275471172	94,4840316700611
27149,99902	0,451326300000005	1,852955688	0,9901172782329	94,3460126272912
27159,99902	0,451862799999958	1,857316284	0,99010880264246	94,5680389002037
27169,99902	0,451862799999958	1,856883789	0,990061674359334	94,5460177698574
27179,99902	0,451028299999962	1,850433716	0,990190672345797	94,2176026476578
27189,99902	0,451356099999998	1,85331897	0,989977756513316	94,3645096741344
27199,99902	0,451743599999986	1,854250732	0,99008859223453	94,4119517311609
27209,99902	0,451236899999969	1,850226685	0,990037551678862	94,2070613543788
27219,99902	0,450670699999989	1,850164307	0,989969094909917	94,2038852851324
27229,99902	0,451594599999964	1,852651001	0,990235564473144	94,3304990325866
27239,99902	0,451594599999964	1,852662964	0,990409547593433	94,3311081466395
27249,99902	0,451564799999971	1,851964844	0,990050591587269	94,2955623217923
27259,99902	0,451505099999963	1,852725342	0,990140842874497	94,3342842158859
27269,99902	0,452101199999959	1,857036987	0,990089057266926	94,5538180753564
27279,99902	0,451862799999958	1,855169678	0,990202687182794	94,4587412423625
27289,99902	0,452428999999995	1,85856958	0,989993776629335	94,6318523421589
27299,99902	0,45201179999998	1,855985596	0,990166269645818	94,5002849287169
27309,99902	0,451445499999977	1,852190552	0,989991261454119	94,3070545824847
27319,99902	0,45257799999996	1,859500488	0,990421283410992	94,6792509164969
27329,99902	0,451654200000007	1,853347412	0,990051429645651	94,3659578411405
27339,99902	0,451684	1,852651978	0,990018737368189	94,3305487780041
27349,99902	0,451028299999962	1,849224365	0,990275987289143	94,1560267311609
27359,99902	0,450760099999968	1,847928955	0,990075086293658	94,0900689918534
27369,99902	0,45090909999999	1,848451538	0,990278129438372	94,1166770875764
27379,99902	0,451117699999998	1,850147217	0,990077694475353	94,2030151221996
27389,99902	0,45201179999998	1,854457275	0,990131715238634	94,4224681771894
27399,99902	0,451445499999977	1,850448608	0,990278687477247	94,2183608961303
27409,99902	0,45201179999998	1,85490979	0,989887319213129	94,4455086558045
27419,99902	0,451266699999962	1,856206909	0,990091665448621	94,5115534114053
27429,99902	0,451981999999987	1,855955078	0,990091479435663	94,4987310590631
27439,99902	0,452399200000002	1,859120483	0,990109734707391	94,6599023930754
27449,99902	0,452667399999996	1,860863403	0,989920103497	94,7486457739308
27459,99902	0,451117699999998	1,856078613	0,989970585013723	94,5050210285132
27469,99902	0,450819699999954	1,851669312	0,989924667814966	94,2805148676171
27479,99902	0,451326300000005	1,85248877	0,990001134141885	94,3222387983707
27489,99902	0,451594599999964	1,854812134	0,990328889974534	94,4405363543788
27499,99902	0,452071399999966	1,85621228	0,989783189959111	94,5118268839104
27509,99902	0,450581299999953	1,851338135	0,990416813099574	94,2636524949083
27519,99902	0,451356099999998	1,851711548	0,990061302333418	94,2826653767821
27529,99902	0,451445499999977	1,854360107	0,990180985670989	94,4175207230142
27539,99902	0,452995299999998	1,864134644	0,990085052987974	94,9152059063136
27549,99902	0,451773399999979	1,855684204	0,990254378783817	94,4849391038696
27559,99902	0,451087900000005	1,850527344	0,990187132099171	94,2223698574338
27569,99902	0,451177299999983	1,850725586	0,990244040063584	94,2324636456212
27579,99902	0,450253400000008	1,847260132	0,990134322420259	94,0560148676171
27589,99902	0,450819699999954	1,84935022	0,990112528902044	94,1624348268839
27599,99902	0,451117699999998	1,850706909	0,990242084927382	94,2315126782077
27609,99902	0,451266699999962	1,851400757	0,990106195460834	94,26684098778
27619,99902	0,450521699999967	1,8474198	0,990096880811942	94,0641446028513
27629,99902	0,45201179999998	1,854038452	0,990244320083091	94,4011431771894
27639,99902	0,450998499999969	1,851445068	0,989974962318662	94,2690971486762
27649,99902	0,451743599999986	1,853576416	0,990122307583263	94,3776179226069
27659,99902	0,451028299999962	1,850081177	0,990096694798984	94,1996525967413
27669,99902	0,451505099999963	1,853979614	0,989960712325957	94,3981473523422
27679,99902	0,451445499999977	1,851137695	0,990186946086213	94,2534467922607
27689,99902	0,451266699999962	1,850768799	0,990190858358756	94,2346639002037
27699,99902	0,451356099999998	1,850070923	0,99008654309178	94,1991304989817
27709,99902	0,45201179999998	1,853273926	0,99009287653299	94,362216191446
27719,99902	0,451564799999971	1,852795654	0,99028269275627	94,3378642566191
27729,99902	0,450491899999975	1,849906006	0,989945717281348	94,190733503055
27739,99902	0,451564799999971	1,850103271	0,990103214253153	94,2007775458248
27749,99902	0,450342899999953	1,845511353	0,989969653948862	93,9669731670061
27759,99902	0,451981999999987	1,853043213	0,990164592528984	94,3504690936864
27769,99902	0,450283299999967	1,848478882	0,990116719193955	94,1180693482688
27779,99902	0,451028299999962	1,847839722	0,990473814070467	94,0855255600815
27789,99902	0,451028299999962	1,84772644	0,989900731147452	94,0797576374745
27799,99902	0,450163999999972	1,845422729	0,989991541473626	93,9624607433809
27809,99902	0,450581299999953	1,845719116	0,990004487375484	93,9775517311609
27819,99902	0,449865999999986	1,843041016	0,990206878474774	93,8411922606925
27829,99902	0,451087900000005	1,848385864	0,989946927365647	94,113333197556
27839,99902	0,450700499999982	1,847963623	0,989953447819885	94,0918341649695
27849,99902	0,450074599999994	1,846832275	0,989891975537505	94,0342298879837
27859,99902	0,450015000000008	1,84577124	0,990106846506188	93,9802057026477
27869,99902	0,450283299999967	1,846981567	0,990209206636963	94,0418313136456
27879,99902	0,449836199999993	1,846281128	0,990219358344167	94,006167413442
27889,99902	0,450074599999994	1,846645386	0,990181357696905	94,0247141547862
27899,99902	0,450849500000004	1,847493042	0,990050777600227	94,0678738289206
27909,99902	0,451177299999983	1,850744751	0,990147362328666	94,2334394602851
27919,99902	0,450700499999982	1,850435181	0,990053105762415	94,2176772403259
27929,99902	0,449359399999992	1,844460938	0,990127150920667	93,9134897148676
27939,99902	0,450015000000008	1,84830603	0,989921500594327	94,1092683299389
27949,99902	0,451356099999998	1,852918213	0,989970399000765	94,3441045315682
27959,99902	0,450432299999989	1,853345703	0,99004090491246	94,3658708248472
27969,99902	0,451266699999962	1,851774536	0,990298339846302	94,2858725050916
27979,99902	0,452101199999959	1,856165649	0,990027399971657	94,5094525967413
27989,99902	0,450819699999954	1,847729858	0,990104798363507	94,0799316700611
27999,99902	0,450372700000003	1,844212891	0,990163382444685	93,9008600305499
28009,99902	0,449687199999971	1,84650708	0,990174186197313	94,0176720977597
28019,99902	0,451266699999962	1,849045654	0,990095390708136	94,1469273930754
28029,99902	0,450372700000003	1,847895386	0,990086356078752	94,0883597759674
28039,99902	0,451266699999962	1,850356445	0,990063444482647	94,2136682790224
28049,99902	0,450581299999953	1,846812134	0,99021898631825	94,0332043788187
28059,99902	0,449746799999957	1,844584595	0,99003568854907	93,9197858961303
28069,99902	0,449448799999971	1,844011353	0,990263040387215	93,8905984215886
28079,99902	0,450521699999967	1,845299316	0,989930256204274	93,9561769857434
28089,99902	0,450938899999983	1,845530151	0,989761395440827	93,9679302953157
28099,99902	0,451117699999998	1,847861694	0,990180985670989	94,0866442973524
28109,99902	0,450938899999983	1,847614624	0,990087381150162	94,0740643584521
28119,99902	0,450163999999972	1,846655518	0,990025536841865	94,0252300407332
28129,99902	0,450849500000004	1,846090576	0,989869995006262	93,9964651731161
28139,99902	0,449001799999962	1,838257446	0,98995288878094	93,5976296334012
28149,99902	0,451356099999998	1,848867554	0,989927181990113	94,1378591649694
28159,99902	0,451087900000005	1,84864978	0,989779836725513	94,1267708757637
28169,99902	0,450760099999968	1,848390259	0,990031963289555	94,1135569755601
28179,99902	0,450074599999994	1,845957031	0,990070242956254	93,9896655295316
28189,99902	0,450491899999975	1,848179565	0,989967138773646	94,1028291751527
28199,99902	0,451862799999958	1,851906006	0,990315105014224	94,292566496945
28209,99902	0,451445499999977	1,850860718	0,989912279951983	94,2393440936864
28219,99902	0,45090909999999	1,852359741	0,989884804037913	94,3156690936864
28229,99902	0,451415699999984	1,850384644	0,989978036532823	94,2151040733198
28239,99902	0,450700499999982	1,849393921	0,990161985347358	94,1646599287169
28249,99902	0,450283299999967	1,847978149	0,990006909544221	94,0925737780041
28259,99902	0,451743599999986	1,852414673	0,99007694942345	94,3184660386965
28269,99902	0,452399200000002	1,85666394	0,99001016877127	94,5348238289206
28279,99902	0,451415699999984	1,850041748	0,99024553016739	94,1976450101833
28289,99902	0,450491899999975	1,849957397	0,990168504801527	94,1933501527495
28299,99902	0,452071399999966	1,853785278	0,990076297378026	94,3882524439918
28309,99902	0,451326300000005	1,849041992	0,990138327699281	94,1467409368636
28319,99902	0,451028299999962	1,849090332	0,990059253190667	94,1492022403259
28329,99902	0,450700499999982	1,848061035	0,990000482096462	94,0967940427699
28339,99902	0,452160800000001	1,854144897	0,989990237382778	94,4065629837067
28349,99902	0,451505099999963	1,850635376	0,990173907177875	94,2278704684318
28359,99902	0,451684	1,850610229	0,990050032548324	94,2265900712831
28369,99902	0,451684	1,851421631	0,990165710606873	94,2679038187373
28379,99902	0,451684	1,848648071	0,990111596837113	94,1266838594705
28389,99902	0,451922400000001	1,85122168	0,989736433701902	94,2577230142566
28399,99902	0,452160800000001	1,855209229	0,989952422748475	94,4607550407332
28409,99902	0,45225019999998	1,855192749	0,990032522328499	94,4599159368635
28419,99902	0,451505099999963	1,849885498	0,989861240396385	94,1896893075356
28429,99902	0,450760099999968	1,849052979	0,989959129215671	94,1473003564155
28439,99902	0,451326300000005	1,84804541	0,989948231456494	94,0959984725051
28449,99902	0,452190599999994	1,854260864	0,990013708017827	94,4124676171079
28459,99902	0,451981999999987	1,852846191	0,989970771026682	94,3404374236253
28469,99902	0,452488599999981	1,858014771	0,990267231679195	94,6036034114053
28479,99902	0,451832999999965	1,852131226	0,989983065883186	94,304033910387
28489,99902	0,45225019999998	1,856137085	0,990239383739208	94,5079982179226
28499,99902	0,451356099999998	1,848828613	0,99001119384268	94,1358764256619
28509,99902	0,451922400000001	1,853388062	0,990190113306853	94,3680275967413
28519,99902	0,452160800000001	1,852798096	0,990034198445264	94,3379885947047
28529,99902	0,451773399999979	1,850962524	0,990065400618919	94,2445276985743
28539,99902	0,452190599999994	1,852471558	0,990226250824322	94,3213624236252
28549,99902	0,452428999999995	1,854911255	0,990377694374423	94,4455832484725
28559,99902	0,451326300000005	1,846652466	0,989960712325957	94,0250746435845
28569,99902	0,451981999999987	1,851859131	0,990235192447227	94,2901797861507
28579,99902	0,452160800000001	1,851611938	0,99009706782497	94,2775935845214
28589,99902	0,452399200000002	1,854724243	0,990023767718622	94,4360612525458
28599,99902	0,451743599999986	1,850207642	0,990225691785377	94,2060917515275
28609,99902	0,452518399999974	1,854834229	0,989928300068002	94,4416613543788
28619,99902	0,451684	1,84988623	0,990087753176078	94,1897265784114
28629,99902	0,451684	1,850359985	0,990189554267908	94,2138485234216
28639,99902	0,45225019999998	1,85204248	0,990031963289555	94,2995152749491
28649,99902	0,450998499999969	1,845412964	0,989902128244779	93,9619635437882
28659,99902	0,451177299999983	1,84459021	0,99004621328226	93,9200717922607
28669,99902	0,451773399999979	1,849261475	0,989973193195419	94,1579162423625
28679,99902	0,451356099999998	1,847422729	0,989821562632289	94,0642937372709
28689,99902	0,450998499999969	1,843407959	0,990051615658609	93,859875712831
28699,99902	0,451356099999998	1,847199463	0,990186853079734	94,052925814664
28709,99902	0,451117699999998	1,845755859	0,990071175021185	93,9794225560081
28719,99902	0,451564799999971	1,849771484	0,99019998599462	94,1838841140529
28729,99902	0,450015000000008	1,844388062	0,989993310596869	93,9097791242363
28739,99902	0,451505099999963	1,848247437	0,989944506196979	94,1062849796334
28749,99902	0,45201179999998	1,850842285	0,990097625863845	94,2384055498982
28759,99902	0,451415699999984	1,849034912	0,989960526312998	94,1463804480652
28769,99902	0,451594599999964	1,848771973	0,990000296083503	94,1329925152749
28779,99902	0,451684	1,849234497	0,99003773769182	94,1565426171079
28789,99902	0,452339599999959	1,853970581	0,989951398677134	94,3976874236253
28799,99902	0,450760099999968	1,846319214	0,9900546888727	94,0081066191446
28809,99902	0,450760099999968	1,846452515	0,990071547047101	94,0148938391039
28819,99902	0,451266699999962	1,84848938	0,990230815142289	94,1186038696538
28829,99902	0,451326300000005	1,847322144	0,990052453716991	94,0591723014257
28839,99902	0,45201179999998	1,850263306	0,989796694899914	94,2089259674134
28849,99902	0,450581299999953	1,848081543	0,990052919749457	94,0978382382892
28859,99902	0,451832999999965	1,849570923	0,99004304706169	94,1736722505092
28869,99902	0,450193799999965	1,84349353	0,990032708341458	93,864232688391
28879,99902	0,451594599999964	1,849998413	0,98977480737515	94,1954385437882
28889,99902	0,450163999999972	1,846351929	0,990082630819237	94,0097723523422
28899,99902	0,450163999999972	1,844831787	0,990039693828092	93,9323720468432
28909,99902	0,450760099999968	1,847613037	0,990011938894583	94,0739835539715
28919,99902	0,450670699999989	1,847205322	0,990110479759294	94,0532241344196
28929,99902	0,451326300000005	1,847433716	0,989928672093919	94,0648531568228
28939,99902	0,450611100000003	1,847529663	0,989909113731413	94,0697384419552
28949,99902	0,451773399999979	1,851810669	0,990326840831783	94,2877122708758
28959,99902	0,450670699999989	1,848571411	0,990177259411404	94,1227806008147
28969,99902	0,451087900000005	1,848099731	0,990190113306853	94,0987643075356
28979,99902	0,450670699999989	1,849122559	0,990213024902957	94,1508431262729
28989,99902	0,450819699999954	1,849662964	0,990122773615728	94,1783586558045
28999,99902	0,450104399999987	1,845771973	0,989978036532823	93,9802430244399
29009,99902	0,449448799999971	1,839668701	0,990148386400007	93,6694857942973
29019,99902	0,451177299999983	1,84610144	0,99002926210138	93,9970183299389
29029,99902	0,450938899999983	1,84483252	0,990374341140825	93,9324093686354
29039,99902	0,451832999999965	1,849690308	0,990127523946653	94,1797509164969
29049,99902	0,449746799999957	1,844402222	0,99032078641001	93,910500101833
29059,99902	0,450998499999969	1,845886963	0,989818210398761	93,9860979124236
29069,99902	0,451236899999969	1,847067505	0,990157421029391	94,0462069755601
29079,99902	0,451087900000005	1,84787561	0,990194397605312	94,0873528513238
29089,99902	0,451177299999983	1,847933228	0,989760743395403	94,0902865580448
29099,99902	0,451564799999971	1,849348633	0,990128455011514	94,1623540224033
29109,99902	0,451862799999958	1,852238647	0,990021252543406	94,3095034114053
29119,99902	0,451981999999987	1,853727295	0,990230256103344	94,3853001527495
29129,99902	0,451117699999998	1,848453491	0,990125195784465	94,1167765274949
29139,99902	0,450760099999968	1,848572754	0,989936030606539	94,1228489816701
29149,99902	0,450104399999987	1,845606812	0,990173907177875	93,971833604888
29159,99902	0,452101199999959	1,854525757	0,990094366636796	94,4259550407332
29169,99902	0,451922400000001	1,851397949	0,990149783497333	94,2666980142566
29179,99902	0,451177299999983	1,849234253	0,990102190181812	94,1565301934827
29189,99902	0,451773399999979	1,852879761	0,990130690167223	94,3421466904277
29199,99902	0,450760099999968	1,849533813	0,990022835653691	94,1717827393075
29209,99902	0,450253400000008	1,847897217	0,990247486303662	94,0884530040733
29219,99902	0,451564799999971	1,850945068	0,990013055972403	94,2436389002037
29229,99902	0,450611100000003	1,84810022	0,989996011785044	94,0987892057026
29239,99902	0,451862799999958	1,851473267	0,990010354784228	94,2705329429735
29249,99902	0,451832999999965	1,852957886	0,990057670080382	94,3461245417515
29259,99902	0,450253400000008	1,847879395	0,990030939218214	94,0875455702648
29269,99902	0,451356099999998	1,849655884	0,990256334920088	94,1779981670061
29279,99902	0,450521699999967	1,847293335	0,990179960599579	94,0577054480652
29289,99902	0,451922400000001	1,85270813	0,989948324462974	94,3334078411405
29299,99902	0,450491899999975	1,849053589	0,990109734707391	94,1473314154786
29309,99902	0,450283299999967	1,84668103	0,990103307259632	94,0265290224033
29319,99902	0,451594599999964	1,852074097	0,990281295658943	94,301125101833
29329,99902	0,451684	1,852091309	0,989919079425659	94,3020014765784
29339,99902	0,452190599999994	1,85512854	0,989914050075297	94,4566466395112
29349,99902	0,451862799999958	1,851648071	0,990166921691241	94,2794333503055
29359,99902	0,452309799999966	1,85452832	0,990043233074648	94,4260855397149
29369,99902	0,452518399999974	1,8564729	0,990148480406555	94,5250967413442
29379,99902	0,452428999999995	1,857905273	0,990328144922631	94,5980281568228
29389,99902	0,451743599999986	1,851673462	0,989824822859408	94,2807261710794
29399,99902	0,452071399999966	1,854494019	0,989948045443536	94,4243390529532
29409,99902	0,452071399999966	1,854876587	0,990131529225675	94,4438180753564
29419,99902	0,452071399999966	1,855522339	0,990295918677635	94,4766975050916
29429,99902	0,452399200000002	1,856003052	0,989942736073666	94,5011737270876
29439,99902	0,451505099999963	1,850395874	0,989985301038895	94,2156758655805
29449,99902	0,452816399999961	1,858661011	0,99018825017706	94,636507688391
29459,99902	0,452995299999998	1,860462769	0,990083189858181	94,7282468940937
29469,99902	0,452309799999966	1,856640381	0,990133298348919	94,533624287169
29479,99902	0,452488599999981	1,856530396	0,989991261454119	94,5280242362525
29489,99902	0,452756799999975	1,858504028	0,99012677889475	94,6285146639511
29499,99902	0,453144299999963	1,861968506	0,98995186370953	94,8049137474542
29509,99902	0,451356099999998	1,852280151	0,989904456406967	94,3116166496945
29519,99902	0,452905899999962	1,860486572	0,98980870973691	94,7294588594705
29529,99902	0,452726999999982	1,859967041	0,989926902970676	94,7030061608961
29539,99902	0,452905899999962	1,862093506	0,990118210297831	94,8112783095723
29549,99902	0,452428999999995	1,860014526	0,990245251147953	94,7054239307536
29559,99902	0,451684	1,855105225	0,99000066910949	94,4554595213849
29569,99902	0,451505099999963	1,853642212	0,990028424042998	94,3809680244399
29579,99902	0,452309799999966	1,855508423	0,990172044048083	94,4759889511202
29589,99902	0,451594599999964	1,852489014	0,990155185873682	94,3222512219959
29599,99902	0,451862799999958	1,85635437	0,990135719517586	94,5190616089613
29609,99902	0,452071399999966	1,853619263	0,990232211239546	94,3797995417515
29619,99902	0,452488599999981	1,857787476	0,990278222444852	94,5920303462322
29629,99902	0,452160800000001	1,853022461	0,990051988684595	94,3494124745417
29639,99902	0,452846299999976	1,859487183	0,99001547814114	94,6785734725051
29649,99902	0,451415699999984	1,852057495	0,989965555663361	94,3002797861507
29659,99902	0,452518399999974	1,855436279	0,990050963613185	94,4723156313646
29669,99902	0,452071399999966	1,854386963	0,990080954702472	94,4188881364562
29679,99902	0,449925599999972	1,844728638	0,989977756513316	93,9271200610998
29689,99902	0,452190599999994	1,852734619	0,990100607071527	94,3347565682281
29699,99902	0,451594599999964	1,851645142	0,990065213605891	94,279284215886
29709,99902	0,452428999999995	1,855617554	0,98982780306702	94,4815455193483
29719,99902	0,451922400000001	1,854119019	0,989928952113426	94,4052453665988
29729,99902	0,451684	1,851856567	0,989775738440011	94,2900492362525
29739,99902	0,452071399999966	1,852380737	0,990051429645651	94,3167381364562
29749,99902	0,451684	1,851876221	0,990026002874331	94,2910499490835
29759,99902	0,451505099999963	1,849354126	0,98985649006546	94,162633706721
29769,99902	0,451832999999965	1,85338562	0,990111131804718	94,3679032586558
29779,99902	0,450700499999982	1,848678345	0,989898588998222	94,128225305499
29789,99902	0,451117699999998	1,850649414	0,990262575354819	94,2285852342159
29799,99902	0,45257799999996	1,857331177	0,990316130085634	94,5687971995927
29809,99902	0,450372700000003	1,849006592	0,989943109099653	94,1449384928717
29819,99902	0,450283299999967	1,845810425	0,989849877604812	93,9822008655805
29829,99902	0,450372700000003	1,846468262	0,990286791041771	94,0156956211813
29839,99902	0,451087900000005	1,846629761	0,990117465245928	94,0239185845214
29849,99902	0,450670699999989	1,849127686	0,990198588897293	94,1511041751528
29859,99902	0,451236899999969	1,84752124	0,990322276513816	94,0693095723014
29869,99902	0,451773399999979	1,852723267	0,990290796320793	94,3341785641548
29879,99902	0,451177299999983	1,852553101	0,990053943820797	94,3255143075356
29889,99902	0,451684	1,851315063	0,98994869748896	94,2624777494908
29899,99902	0,451832999999965	1,851732422	0,990148573413035	94,2837282077393
29909,99902	0,451505099999963	1,846506958	0,99012156253136	94,017665885947
29919,99902	0,452101199999959	1,850872437	0,990054782879249	94,2399407841141
29929,99902	0,451326300000005	1,847485229	0,989849225559388	94,0674760183299
29939,99902	0,450253400000008	1,844552612	0,99010554341541	93,9181574338085
29949,99902	0,451445499999977	1,849119263	0,99001119384268	94,150675305499
29959,99902	0,45225019999998	1,854307983	0,990005232427387	94,4148667515275
29969,99902	0,449597799999992	1,841047729	0,989985208032415	93,7397010692464
29979,99902	0,451326300000005	1,847924561	0,990239290732729	94,0898452647658
29989,99902	0,450163999999972	1,844460449	0,990187784144595	93,9134648167006
29999,99902	0,450700499999982	1,848029053	0,990163195431657	94,0951656313646
30009,99902	0,451445499999977	1,847672729	0,990135068472232	94,0770228615071
30019,99902	0,450998499999969	1,847882813	0,99019784384539	94,0877196028513
30029,99902	0,450760099999968	1,847428589	0,9900123109205	94,064592107943
30039,99902	0,450938899999983	1,848378296	0,99014270500422	94,1129478615071
30049,99902	0,452607799999953	1,856406372	0,990119886414595	94,5217093686354
30059,99902	0,451356099999998	1,848106689	0,990026654919755	94,0991185845214
30069,99902	0,451773399999979	1,851157715	0,990015664154098	94,2544661405295
30079,99902	0,451862799999958	1,851373291	0,990005139420908	94,265442515275
30089,99902	0,451981999999987	1,851296143	0,990231094161726	94,2615144093686
30099,99902	0,451415699999984	1,849274292	0,989988840285451	94,1585688391039
30109,99902	0,451177299999983	1,846078613	0,989944320184021	93,9958560590631
30119,99902	0,450372700000003	1,84668042	0,990109361681404	94,0264979633401
30129,99902	0,451236899999969	1,847845215	0,989953447819885	94,0858052443992
30139,99902	0,451862799999958	1,851568604	0,990157328022912	94,2753871690428
30149,99902	0,451415699999984	1,847726563	0,989942923086694	94,0797639002037
30159,99902	0,452309799999966	1,852238525	0,990088033195585	94,3094971995927
30169,99902	0,451236899999969	1,845114258	0,990088312215023	93,9467544806517
30179,99902	0,451415699999984	1,846703125	0,990150808568743	94,0276540224033
30189,99902	0,452160800000001	1,854176392	0,990371546946172	94,408166598778
30199,99902	0,451594599999964	1,849670532	0,989819234470101	94,1787439918534
30209,99902	0,45257799999996	1,855860962	0,990163568457643	94,4939390020367
30219,99902	0,45225019999998	1,853528931	0,989975521357607	94,3752001527495
30229,99902	0,451862799999958	1,852742676	0,990071734060129	94,335166802444
30239,99902	0,452905899999962	1,859296753	0,990220569428535	94,6688774439919
30249,99902	0,452071399999966	1,853206299	0,990038482743723	94,3587728615071
30259,99902	0,451981999999987	1,852497925	0,990060743294473	94,3227049389002
30269,99902	0,451266699999962	1,85210498	0,989851087689111	94,3026975560081
30279,99902	0,451028299999962	1,849583618	0,990290982333751	94,1743186354379
30289,99902	0,451922400000001	1,851159058	0,99003559554259	94,2545345213849
30299,99902	0,451654200000007	1,851139404	0,989951305670655	94,253533808554
30309,99902	0,452667399999996	1,859904297	0,990151274601209	94,6998114562118
30319,99902	0,452667399999996	1,858473022	0,99003987984105	94,6269359470468
30329,99902	0,452816399999961	1,858065308	0,989948045443536	94,6061765784114
30339,99902	0,451862799999958	1,850399048	0,99007592535211	94,2158374745417
30349,99902	0,452667399999996	1,857385376	0,990143171036686	94,5715568228106
30359,99902	0,452190599999994	1,854591064	0,990241990920834	94,4292802443992
30369,99902	0,452667399999996	1,858339111	0,990128362005035	94,6201176680244
30379,99902	0,452488599999981	1,854826782	0,990233795349901	94,4412821792261
30389,99902	0,451832999999965	1,85182373	0,989863568558573	94,2883772912424
30399,99902	0,45225019999998	1,855350098	0,990148945438951	94,4679275967413
30409,99902	0,451356099999998	1,849897949	0,990196166728556	94,1903232688391
30419,99902	0,452399200000002	1,853689941	0,990059067177709	94,3833982179226
30429,99902	0,452488599999981	1,85411084	0,990000948128927	94,4048289205703
30439,99902	0,451445499999977	1,850667236	0,989962668462228	94,2294926680244
30449,99902	0,451564799999971	1,849333374	0,989945996300785	94,1615770875764
30459,99902	0,453412499999956	1,863444092	0,990020879517419	94,8800454175153
30469,99902	0,451505099999963	1,851255981	0,990073969215838	94,2594695010183
30479,99902	0,451922400000001	1,852267334	0,990142799010769	94,3109640529532
30489,99902	0,453084699999977	1,860164795	0,990004673388442	94,713075101833
30499,99902	0,452756799999975	1,856803711	0,990152298672549	94,5419404786151
30509,99902	0,452905899999962	1,857828369	0,990070801995198	94,5941124745417
30519,99902	0,450998499999969	1,850309692	0,990050218561282	94,2112877800407
30529,99902	0,451654200000007	1,85109082	0,990004487375484	94,2510600814664
30539,99902	0,451594599999964	1,851300171	0,990103680285618	94,2617195010183
30549,99902	0,452071399999966	1,85234314	0,990054409853263	94,3148238289206
30559,99902	0,451832999999965	1,852710693	0,989962947481666	94,3335383401222
30569,99902	0,45225019999998	1,853864258	0,990207902546115	94,3922738289206
30579,99902	0,452756799999975	1,857041992	0,990111131804718	94,5540729124236
30589,99902	0,451922400000001	1,850524292	0,989795111789628	94,2222144602851
30599,99902	0,451743599999986	1,850249268	0,989961271364901	94,2082112016293
30609,99902	0,452816399999961	1,856907959	0,990119048356213	94,5472484215886
30619,99902	0,451862799999958	1,851452026	0,990256427926567	94,2694514256619
30629,99902	0,452309799999966	1,854310303	0,990451274500279	94,4149848778004
30639,99902	0,45257799999996	1,854832153	0,990034478464771	94,4415556517312
30649,99902	0,451356099999998	1,849546875	0,990023301686156	94,1724478105906
30659,99902	0,45257799999996	1,855985718	0,989898029959278	94,5002911405295
30669,99902	0,452667399999996	1,8577052	0,990069777923858	94,5878411405295
30679,99902	0,45257799999996	1,855345459	0,989933608437802	94,467691395112
30689,99902	0,454068099999972	1,870030518	0,990311565767667	95,2154031568228
30699,99902	0,451505099999963	1,854845581	0,990029169094901	94,4422393584521
30709,99902	0,450581299999953	1,846803711	0,990132274277578	94,032775509165
30719,99902	0,451654200000007	1,854067017	0,990217589220924	94,4025976069246
30729,99902	0,451236899999969	1,854434937	0,989905108452391	94,4213308044806
30739,99902	0,452488599999981	1,855149658	0,990224574707558	94,4577218940937
30749,99902	0,450760099999968	1,8476521	0,990145313185915	94,0759725050916
30759,99902	0,45257799999996	1,854726196	0,990247859329648	94,4361606924644
30769,99902	0,450938899999983	1,849741821	0,990139445777171	94,1823737780041
30779,99902	0,451236899999969	1,853465332	0,990033826419347	94,3719619144603
30789,99902	0,451028299999962	1,848896362	0,989867200811609	94,1393259674135
30799,99902	0,452846299999976	1,857765625	0,990161985347358	94,5909177698574
30809,99902	0,451415699999984	1,849382813	0,990002531239212	94,1640943482688
30819,99902	0,450372700000003	1,847226196	0,989947300391633	94,0542869653768
30829,99902	0,451326300000005	1,850942505	0,990091386429184	94,243508401222
30839,99902	0,451981999999987	1,853889771	0,990097346844408	94,3935728615071
30849,99902	0,451743599999986	1,850756104	0,989926157918772	94,2340175152749
30859,99902	0,451415699999984	1,853739136	0,990212838889998	94,3859030549898
30869,99902	0,450670699999989	1,848303833	0,989909020724934	94,1091564663951
30879,99902	0,452190599999994	1,853375244	0,989928766100468	94,3673749490835
30889,99902	0,451862799999958	1,849393677	0,990125940836368	94,1646475050916
30899,99902	0,451981999999987	1,852540161	0,990143916088589	94,3248554480652
30909,99902	0,451922400000001	1,849895874	0,990161985347358	94,1902176171079
30919,99902	0,451773399999979	1,85318103	0,989975335344648	94,3574862525458
30929,99902	0,451684	1,852337036	0,989970864033161	94,3145130346232
30939,99902	0,451028299999962	1,846489868	0,990069497904351	94,0167957230143
30949,99902	0,451266699999962	1,846877441	0,99003773769182	94,0365295824847
30959,99902	0,451505099999963	1,847932983	0,990065958657794	94,090274083503
30969,99902	0,451177299999983	1,848669189	0,990118675330227	94,1277591140529
30979,99902	0,450938899999983	1,848611328	0,990105263395903	94,1248130346232
30989,99902	0,450938899999983	1,847266357	0,990105822434848	94,0563318228106
30999,99902	0,452399200000002	1,854959351	0,99011513608367	94,4480321283096
31009,99902	0,451654200000007	1,854285767	0,990137675653857	94,4137355906313
31019,99902	0,452428999999995	1,857078613	0,990127709959612	94,5559375254582
31029,99902	0,451594599999964	1,854259277	0,990089895325308	94,4123868126273
31039,99902	0,45225019999998	1,857485596	0,990166362652297	94,5766596741344
31049,99902	0,451356099999998	1,854234253	0,989936589645484	94,4111126782077
31059,99902	0,451266699999962	1,852551392	0,989836092644502	94,3254272912424
31069,99902	0,450193799999965	1,845591187	0,990249163420496	93,9710380346232
31079,99902	0,451684	1,851144775	0,990061674359334	94,2538072810591
31089,99902	0,451981999999987	1,851059082	0,989943575132118	94,2494440936863
31099,99902	0,451743599999986	1,852215576	0,990136278556531	94,3083287169043
31109,99902	0,452756799999975	1,858366821	0,990121190505443	94,6215285641548
31119,99902	0,451654200000007	1,852111572	0,990116440174518	94,303033197556
31129,99902	0,452726999999982	1,856526978	0,990024698783483	94,527850203666
31139,99902	0,45090909999999	1,848786133	0,990023115673198	94,1337134928717
31149,99902	0,451922400000001	1,851366699	0,990079650611625	94,2651068737271
31159,99902	0,451743599999986	1,850234375	0,990135906530614	94,2074529022403
31169,99902	0,451743599999986	1,851027588	0,989986325110235	94,2478405295316
31179,99902	0,451743599999986	1,851627319	0,989651398778064	94,2783767311609
31189,99902	0,451743599999986	1,849928101	0,990095670727643	94,191858503055
31199,99902	0,45225019999998	1,852896729	0,989977570500358	94,3430106415479
31209,99902	0,45225019999998	1,851554199	0,989967324786604	94,2746537169043
31219,99902	0,452101199999959	1,851552002	0,990149504477896	94,2745418533605
31229,99902	0,450819699999954	1,847703125	0,989977570500358	94,0785705193483
31239,99902	0,451922400000001	1,85179187	0,990093434571865	94,2867550916497
31249,99902	0,45201179999998	1,850795044	0,989922897691653	94,236000203666
31259,99902	0,451266699999962	1,851436401	0,990170925970194	94,2686558553971
31269,99902	0,45225019999998	1,852403198	0,989833764482314	94,3178817718941
31279,99902	0,452071399999966	1,851216797	0,990052360710512	94,257474389002
31289,99902	0,451922400000001	1,850744019	0,990040066854078	94,2334021894094
31299,99902	0,452518399999974	1,85486377	0,990170087911812	94,4431654786151
31309,99902	0,450491899999975	1,844598267	0,990310541696327	93,9204820264766
31319,99902	0,451087900000005	1,848944336	0,990241152862451	94,1417686354379
31329,99902	0,452995299999998	1,858620361	0,990121656537908	94,6344379327902
31339,99902	0,452071399999966	1,853573853	0,990158259087773	94,3774874236253
31349,99902	0,453680700000007	1,865516113	0,99019467662475	94,9855454684318
31359,99902	0,453412499999956	1,865146851	0,990386355977822	94,9667439409369
31369,99902	0,452846299999976	1,862594971	0,990260526212069	94,8368111507128
31379,99902	0,452905899999962	1,861082031	0,990270770925752	94,7597775458248
31389,99902	0,452339599999959	1,856496094	0,990180147612607	94,5262776985743
31399,99902	0,451177299999983	1,854276611	0,990092317494045	94,4132693991853
31409,99902	0,451087900000005	1,852865234	0,989981854798817	94,3414070264766
31419,99902	0,450760099999968	1,851603516	0,990316316098592	94,2771647657841
31429,99902	0,450938899999983	1,851170776	0,990210696740769	94,2551311608961
31439,99902	0,453054899999984	1,860176636	0,990225505772419	94,7136780040733
31449,99902	0,452160800000001	1,855430054	0,989981668785859	94,4719986761711
31459,99902	0,451981999999987	1,850521484	0,990156023932064	94,2220714867617
31469,99902	0,452428999999995	1,854255493	0,990034943497166	94,4121941446028
31479,99902	0,452607799999953	1,856454102	0,990216751162541	94,5241396130346
31489,99902	0,451505099999963	1,854090454	0,99001119384268	94,4037909368635
31499,99902	0,451564799999971	1,853508057	0,990262854374257	94,3741373217923
31509,99902	0,45090909999999	1,850610107	0,990192068443054	94,2265838594705
31519,99902	0,451922400000001	1,852364502	0,990319482319163	94,3159115071283
31529,99902	0,452846299999976	1,85726062	0,990015664154098	94,5652046843177
31539,99902	0,45225019999998	1,855244751	0,990012403926979	94,4625636965377
31549,99902	0,452667399999996	1,855990112	0,990135533504628	94,5005148676171
31559,99902	0,451087900000005	1,850567871	0,989848759526923	94,2244333503055
31569,99902	0,452816399999961	1,857493774	0,990015198121633	94,5770760692464
31579,99902	0,452488599999981	1,854810059	0,990152577691987	94,4404307026477
31589,99902	0,452399200000002	1,854206299	0,990090082338336	94,4096893584521
31599,99902	0,451326300000005	1,852317993	0,990212559870561	94,3135434317719
31609,99902	0,452488599999981	1,854684326	0,990160029211086	94,4340288187373
31619,99902	0,451654200000007	1,851717041	0,990131249206168	94,2829450610998
31629,99902	0,452607799999953	1,856121704	0,990038669756751	94,5072150712831
31639,99902	0,452101199999959	1,852867554	0,990117092219941	94,3415251527495
31649,99902	0,452518399999974	1,854525024	0,990028983081943	94,4259177189409
31659,99902	0,451981999999987	1,85472998	0,990063630495606	94,4363533604888
31669,99902	0,452399200000002	1,85229895	0,990080302657048	94,3125738289206
31679,99902	0,451832999999965	1,850301392	0,989929883178287	94,2108651731161
31689,99902	0,453174099999956	1,858794434	0,990253540725434	94,6433011201629
31699,99902	0,451564799999971	1,851299927	0,989923363724119	94,2617070773931
31709,99902	0,451505099999963	1,852001831	0,99020743651365	94,2974455702648
31719,99902	0,452101199999959	1,851875977	0,989800886191894	94,2910375254582
31729,99902	0,451505099999963	1,849792847	0,990140004816115	94,1849718431772
31739,99902	0,451087900000005	1,849232178	0,989858446201731	94,1564245417515
31749,99902	0,451981999999987	1,85022998	0,989974310273238	94,2072291242362
31759,99902	0,451087900000005	1,851539307	0,990086822111217	94,2738954684318
31769,99902	0,452518399999974	1,854773071	0,990322463526844	94,4385474032587
31779,99902	0,450819699999954	1,848108643	0,990256427926567	94,0992180753564
31789,99902	0,45201179999998	1,852961914	0,990059625216584	94,3463296334012
31799,99902	0,451505099999963	1,849724121	0,990203990273572	94,1814725560081
31809,99902	0,450253400000008	1,845867188	0,989905946510773	93,9850910386965
31819,99902	0,451654200000007	1,852123047	0,989929511152371	94,3036174643585
31829,99902	0,450938899999983	1,848215454	0,990044630171975	94,1046565173116
31839,99902	0,451445499999977	1,848240234	0,990028052017081	94,1059182281059
31849,99902	0,451445499999977	1,85426062	0,99000905169345	94,4124551934827
31859,99902	0,45201179999998	1,855938232	0,990166083632859	94,4978733197556
31869,99902	0,45201179999998	1,854252075	0,989867759850553	94,4120201120163
31879,99902	0,452071399999966	1,853977173	0,99000169318083	94,3980230651731
31889,99902	0,452309799999966	1,852515259	0,989923735750035	94,3235875254583
31899,99902	0,452607799999953	1,855671387	0,99013637156301	94,4842865071283
31909,99902	0,45201179999998	1,854546387	0,989907902647045	94,4270054480652
31919,99902	0,451356099999998	1,852905029	0,989983437909102	94,3434332484725
31929,99902	0,451832999999965	1,853064087	0,990032149302513	94,3515319246436
31939,99902	0,452101199999959	1,853588745	0,989902221251258	94,3782456720978
31949,99902	0,451922400000001	1,854839355	0,990169342859909	94,4419223523422
31959,99902	0,452756799999975	1,855423584	0,990154068795863	94,4716692464358
31969,99902	0,451236899999969	1,848073242	0,989942736073666	94,0974155804481
31979,99902	0,452071399999966	1,851871094	0,990083841903605	94,2907889002037
31989,99902	0,45090909999999	1,849202881	0,990275148230691	94,1549328411405
31999,99902	0,450938899999983	1,848778687	0,990075738339082	94,1333343686354
32009,99902	0,451177299999983	1,848207764	0,990135719517586	94,1042649694501
32019,99902	0,450342899999953	1,8452146	0,989971423072106	93,9518635437882
32029,99902	0,450670699999989	1,846823242	0,99002292866017	94,0337699592668
32039,99902	0,451862799999958	1,848766602	0,99021051072781	94,1327190427698
32049,99902	0,450581299999953	1,843641602	0,99021796124684	93,8717719959267
32059,99902	0,451832999999965	1,849858032	0,990074341241755	94,1882908350306
32069,99902	0,452607799999953	1,852622437	0,990071547047101	94,3290446537678
32079,99902	0,452428999999995	1,852237061	0,990236961570471	94,3094226578411
32089,99902	0,451832999999965	1,849593994	0,990422959527757	94,1748469450102
32099,99902	0,452607799999953	1,853861206	0,989937427703866	94,3921184317719
32109,99902	0,452428999999995	1,853576172	0,98996564866984	94,3776054989817
32119,99902	0,451177299999983	1,84834729	0,990258942101714	94,1113691446028
32129,99902	0,452667399999996	1,855225952	0,990036061575056	94,4616065173116
32139,99902	0,452935699999955	1,85721521	0,990115509109656	94,5628925661914
32149,99902	0,452607799999953	1,854126221	0,989838700826197	94,4056120672098
32159,99902	0,451684	1,850003418	0,990137023608434	94,1956933808554
32169,99902	0,452607799999953	1,85487561	0,990464220402137	94,4437683299389
32179,99902	0,451564799999971	1,851260498	0,990037365665903	94,259699490835
32189,99902	0,451356099999998	1,849936157	0,990068194813573	94,1922686863544
32199,99902	0,451505099999963	1,849520996	0,989883872973051	94,1711301425662
32209,99902	0,451832999999965	1,848989014	0,990033360386881	94,1440434826884
32219,99902	0,451236899999969	1,8503927	0,990002345226254	94,2155142566191
32229,99902	0,45201179999998	1,849357544	0,98999535973962	94,1628077393075
32239,99902	0,451177299999983	1,847127197	0,99009287653299	94,0492462830957
32249,99902	0,451326300000005	1,850252563	0,99047875041435	94,2083789714868
32259,99902	0,452518399999974	1,853525024	0,989947300391633	94,3750012219959
32269,99902	0,453263499999991	1,859388184	0,990244692109008	94,673532790224
32279,99902	0,452518399999974	1,855433228	0,990140842874497	94,4721602851324
32289,99902	0,45335289999997	1,859945068	0,989781978874743	94,7018873727088
32299,99902	0,453680700000007	1,862033569	0,990187691138116	94,8082265274949
32309,99902	0,452607799999953	1,855610229	0,990018924381217	94,4811725560081
32319,99902	0,452101199999959	1,853187378	0,990034385458292	94,3578094704684
32329,99902	0,451684	1,853775024	0,989888623303976	94,3877303462322
32339,99902	0,452726999999982	1,855490967	0,990204363299558	94,4751001527495
32349,99902	0,451236899999969	1,850929077	0,989981109746914	94,242824694501
32359,99902	0,452518399999974	1,853548706	0,990124543739041	94,3762070264766
32369,99902	0,452488599999981	1,852426758	0,989771082115635	94,3190813645621
32379,99902	0,451654200000007	1,851883789	0,990011751881555	94,2914352851324
32389,99902	0,451654200000007	1,849630859	0,990021159536926	94,1767239816701
32399,99902	0,451922400000001	1,850769043	0,989969373929355	94,2346763238289
32409,99902	0,45257799999996	1,854973511	0,989857235117363	94,4487531059063
32419,99902	0,452756799999975	1,8545979	0,990142892017248	94,4296283095723
32429,99902	0,453472099999999	1,860049561	0,990023580705594	94,707207790224
32439,99902	0,453233699999998	1,857934204	0,990110758778731	94,5995012219959
32449,99902	0,45257799999996	1,854258423	0,990065772644836	94,4123433299389
32459,99902	0,452160800000001	1,852218384	0,989984369974033	94,3084716904277
32469,99902	0,452101199999959	1,85148877	0,989939010814151	94,2713223014257
32479,99902	0,453501899999992	1,861727539	0,990142518991262	94,7926445519348
32489,99902	0,45201179999998	1,853451294	0,990268442763564	94,3712471486762
32499,99902	0,451266699999962	1,850035156	0,989929883178287	94,1973093686354
32509,99902	0,451356099999998	1,852059692	0,990023860725101	94,3003916496945
32519,99902	0,453263499999991	1,858975586	0,99027095793878	94,6525247454175
32529,99902	0,45225019999998	1,853266968	0,990069497904351	94,3618619144603
32539,99902	0,452756799999975	1,857520508	0,9903016930799	94,5784372708758
32549,99902	0,452667399999996	1,855471191	0,990042302009787	94,4740932281059
32559,99902	0,452399200000002	1,854123535	0,990212465864012	94,405475305499
32569,99902	0,45225019999998	1,85237915	0,989994614687717	94,3166573319756
32579,99902	0,453174099999956	1,858291626	0,990224201681571	94,617699898167
32589,99902	0,453084699999977	1,858452881	0,989855559000598	94,6259104378819
32599,99902	0,452935699999955	1,856882446	0,98994767241755	94,545949389002
32609,99902	0,453263499999991	1,859566772	0,990260712225027	94,6826258655804
32619,99902	0,453412499999956	1,85924939	0,990097812876873	94,666465885947
32629,99902	0,453472099999999	1,861808716	0,990238917706742	94,7967778004073
32639,99902	0,451684	1,857665527	0,990076111365068	94,5858211303462
32649,99902	0,451266699999962	1,852952515	0,989930815243218	94,3458510692464
32659,99902	0,451684	1,855062744	0,989945344255362	94,4532965376782
32669,99902	0,451922400000001	1,853456299	0,989997315875891	94,3715019857434
32679,99902	0,453054899999984	1,858638306	0,990236589544554	94,6353516293279
32689,99902	0,452846299999976	1,858074585	0,989920383516507	94,6066489307536
32699,99902	0,452935699999955	1,85777002	0,990153229737411	94,5911415478615
32709,99902	0,451862799999958	1,852845947	0,990029355107859	94,340425
32719,99902	0,45257799999996	1,855202271	0,989948231456494	94,4604007637475
32729,99902	0,451177299999983	1,851723389	0,990056085970027	94,2832682790224
32739,99902	0,451594599999964	1,850419189	0,990403959204126	94,2168629837067
32749,99902	0,45225019999998	1,854142822	0,989989957363271	94,4064573319756
32759,99902	0,451832999999965	1,851926147	0,990204270293079	94,29359200611
32769,99902	0,45090909999999	1,84922937	0,990006815537672	94,1562815682281
32779,99902	0,451832999999965	1,851845703	0,990172230061042	94,2894960794297
32789,99902	0,452726999999982	1,856598999	0,990265275542924	94,5315172606925
32799,99902	0,452399200000002	1,85286084	0,990041090925418	94,341183299389
32809,99902	0,452935699999955	1,856394287	0,989958104144261	94,5210940427699
32819,99902	0,453174099999956	1,859393677	0,990138048679844	94,6738124745417
32829,99902	0,451445499999977	1,848917969	0,990141866945838	94,1404261201629
32839,99902	0,45225019999998	1,852180786	0,990035968568577	94,3065573319756
32849,99902	0,451445499999977	1,851276611	0,990170646950757	94,2605199083503
32859,99902	0,451117699999998	1,850035767	0,989962109423283	94,1973404786151
32869,99902	0,451564799999971	1,850222656	0,990234633408283	94,2068562118126
32879,99902	0,452160800000001	1,850555298	0,990091013403197	94,2237931771894
32889,99902	0,452488599999981	1,853552002	0,990024232751017	94,3763748472505
32899,99902	0,452667399999996	1,85634668	0,990179588573662	94,5186700610998
32909,99902	0,452101199999959	1,854263672	0,989851646728055	94,4126105906314
32919,99902	0,45201179999998	1,85310437	0,990062978450182	94,35358299389
32929,99902	0,451654200000007	1,852285156	0,99031016867034	94,3118714867617
32939,99902	0,450849500000004	1,848421387	0,990099022961172	94,115141904277
32949,99902	0,450819699999954	1,848143311	0,990024232751017	94,1009832484725
32959,99902	0,452756799999975	1,857428955	0,990142146965345	94,573775712831
32969,99902	0,453233699999998	1,861662354	0,990365400517989	94,7893255600815
32979,99902	0,45201179999998	1,854582275	0,990361488245446	94,4288327393075
32989,99902	0,452160800000001	1,850990234	0,990186294040789	94,2459385947047
32999,99902	0,451922400000001	1,849349121	0,989944133170993	94,1623788696538
33009,99902	0,451922400000001	1,853684814	0,989800793185415	94,3831371690428
33019,99902	0,452667399999996	1,852228882	0,990076483390985	94,3090062118126
33029,99902	0,451684	1,850952026	0,9899073436081	94,2439931771894
33039,99902	0,451981999999987	1,850420898	0,989948324462974	94,21695
33049,99902	0,451922400000001	1,850409668	0,990039786834571	94,2163782077393
33059,99902	0,45201179999998	1,849063354	0,990119234369171	94,1478286150713
33069,99902	0,451236899999969	1,847009277	0,990075645332603	94,043242209776
33079,99902	0,452071399999966	1,850085571	0,990261830302916	94,1998763238289
33089,99902	0,452488599999981	1,849980835	0,990053291775373	94,1945435336049
33099,99902	0,452071399999966	1,851797241	0,990036433600973	94,2870285641548
33109,99902	0,451236899999969	1,848544922	0,990327492877207	94,1214318737271
33119,99902	0,451922400000001	1,848412109	0,989945065235924	94,1146695010183
33129,99902	0,452905899999962	1,854246704	0,990091199416156	94,4117466395112
33139,99902	0,451684	1,846099609	0,990011286849159	93,996925101833
33149,99902	0,451087900000005	1,846842651	0,990233608336873	94,034758197556
33159,99902	0,451773399999979	1,847768066	0,989961830403846	94,0818770875764
33169,99902	0,451117699999998	1,849047729	0,990255775881143	94,1470330448065
33179,99902	0,452816399999961	1,855107544	0,990037365665903	94,4555775967413
33189,99902	0,452399200000002	1,85171228	0,990007840609082	94,2827026476578
33199,99902	0,452190599999994	1,852432617	0,989959129215671	94,3193796843177
33209,99902	0,451684	1,849956909	0,990055154905166	94,193325305499
33219,99902	0,452428999999995	1,850938721	0,990043419087607	94,2433157331975
33229,99902	0,451356099999998	1,849366577	0,990152950717973	94,1632676680244
33239,99902	0,453263499999991	1,857411499	0,990052174697554	94,5728869144603
33249,99902	0,452816399999961	1,854895508	0,990250373504795	94,4447814663951
33259,99902	0,45201179999998	1,850606567	0,989842892118178	94,2264036150713
33269,99902	0,452190599999994	1,851500488	0,990406008346877	94,2719189409369
33279,99902	0,451684	1,845388916	0,990085332007411	93,9607391038697
33289,99902	0,452071399999966	1,850289063	0,989957452098837	94,2102374236252
33299,99902	0,451117699999998	1,848293457	0,990142239971824	94,1086281568228
33309,99902	0,452428999999995	1,850896484	0,989910044796274	94,2411651731161
33319,99902	0,452756799999975	1,854466309	0,990146244250777	94,4229281568228
33329,99902	0,452488599999981	1,853479736	0,990081606747896	94,3726953156823
33339,99902	0,45335289999997	1,860545288	0,990022649640732	94,7324484725051
33349,99902	0,452905899999962	1,857873901	0,990035502536111	94,5964308044807
33359,99902	0,452607799999953	1,855855713	0,990239383739208	94,4936717413442
33369,99902	0,453412499999956	1,859624512	0,990064748573495	94,685565784114
33379,99902	0,453054899999984	1,859487183	0,99003457147125	94,6785734725051
33389,99902	0,454097899999965	1,864578979	0,98991796134777	94,9378298879837
33399,99902	0,452309799999966	1,853657959	0,98991367704931	94,3817698065173
33409,99902	0,452905899999962	1,854507568	0,99016077426299	94,4250289205703
33419,99902	0,452488599999981	1,852647827	0,989964903617937	94,3303374236253
33429,99902	0,451862799999958	1,853747925	0,990109920720349	94,3863505600815
33439,99902	0,452428999999995	1,852103516	0,990185362975928	94,3026230142566
33449,99902	0,45201179999998	1,851700195	0,990043326081127	94,2820873217923
33459,99902	0,452399200000002	1,852729248	0,990109734707391	94,334483095723
33469,99902	0,452726999999982	1,854437256	0,990206226429351	94,4214488798371
33479,99902	0,453740299999993	1,86111853	0,990336061474126	94,7616359470468
33489,99902	0,453233699999998	1,857849243	0,990243015992244	94,595175305499
33499,99902	0,452428999999995	1,851744629	0,990277570399428	94,2843497454175
33509,99902	0,453144299999963	1,855148438	0,99017875051528	94,4576597759674
33519,99902	0,452071399999966	1,851737183	0,990297781807427	94,2839706211813
33529,99902	0,453501899999992	1,857826782	0,989944972229445	94,5940316700611
33539,99902	0,452607799999953	1,852543213	0,990169808892374	94,3250108452138
33549,99902	0,452905899999962	1,854048828	0,990186853079734	94,4016714867617
33559,99902	0,450849500000004	1,846575806	0,990260339199041	94,0211713849287
33569,99902	0,452488599999981	1,850123047	0,99007694942345	94,2017844704684
33579,99902	0,452488599999981	1,850187012	0,989960991345394	94,2050413441955
33589,99902	0,45257799999996	1,852849854	0,990001227148365	94,3406239307536
33599,99902	0,452667399999996	1,851064697	0,989940314904999	94,2497299898167
33609,99902	0,452518399999974	1,850881226	0,990302252118845	94,2403882892057
33619,99902	0,452071399999966	1,848531128	0,990171112983222	94,1207295315682
33629,99902	0,453054899999984	1,853863525	0,989937520710345	94,3922365071283
33639,99902	0,452399200000002	1,850072998	0,990200265014057	94,1992361507128
33649,99902	0,452607799999953	1,851296875	0,989928486080961	94,2615516802444
33659,99902	0,452309799999966	1,852152222	0,989996197798002	94,3051029531568
33669,99902	0,451326300000005	1,848005371	0,99005254672347	94,0939598268839
33679,99902	0,451445499999977	1,847993042	0,990056738015451	94,0933320773931
33689,99902	0,452488599999981	1,851773193	0,990018365342273	94,2858041242363
33699,99902	0,451743599999986	1,848610474	0,990053105762415	94,1247695519348
33709,99902	0,452935699999955	1,854859131	0,99008756716312	94,4429292769857
33719,99902	0,454246999999953	1,866130493	0,990136092543572	95,0168275458249
33729,99902	0,45225019999998	1,850898315	0,990149318464937	94,241258401222
33739,99902	0,453650899999957	1,860623779	0,989916005211498	94,7364449592668
33749,99902	0,451862799999958	1,851193237	0,990037458672383	94,256274796334
33759,99902	0,452160800000001	1,850064087	0,989819513489539	94,1987824338085
33769,99902	0,451564799999971	1,849887207	0,990209671669358	94,1897763238289
33779,99902	0,450998499999969	1,845817749	0,989889926394754	93,9825737780041
33789,99902	0,451117699999998	1,846415527	0,990093155552427	94,0130105397149
33799,99902	0,451117699999998	1,846213257	0,989959408235109	94,0027116598778
33809,99902	0,451117699999998	1,84758374	0,990259688153686	94,0724918533605
33819,99902	0,451236899999969	1,846754883	0,990087940189106	94,0302893584521
33829,99902	0,451177299999983	1,844017456	0,990026840932713	93,8909091649694
33839,99902	0,451177299999983	1,848327637	0,989867293818088	94,1103684826884
33849,99902	0,452995299999998	1,854007813	0,990058042106299	94,3995831466395
33859,99902	0,452071399999966	1,850860718	0,98993919682711	94,2393440936864
33869,99902	0,451564799999971	1,851265625	0,990058601145243	94,2599605397149
33879,99902	0,452190599999994	1,851004639	0,989867759850553	94,2466720468432
33889,99902	0,45225019999998	1,851884277	0,990079650611625	94,2914601323829
33899,99902	0,451743599999986	1,851308716	0,990034757484208	94,2621545824847
33909,99902	0,452518399999974	1,851798096	0,990135068472232	94,2870720977597
33919,99902	0,451415699999984	1,850663696	0,990025815861303	94,2293124236253
33929,99902	0,452756799999975	1,854665771	0,98994227104127	94,4330840631365
33939,99902	0,451505099999963	1,851018066	0,990182289761837	94,2473557026477
33949,99902	0,451832999999965	1,849967773	0,990223735649106	94,1938784623218
33959,99902	0,450938899999983	1,849972656	0,990076297378026	94,1941270875764
33969,99902	0,452101199999959	1,849753418	0,990003183284636	94,1829642566191
33979,99902	0,451654200000007	1,850870728	0,989864127597518	94,2398537678208
33989,99902	0,452339599999959	1,852652344	0,990154999860724	94,330567413442
33999,99902	0,452399200000002	1,851743042	0,99012361167411	94,2842689409369
34009,99902	0,452101199999959	1,852558716	0,990248045342606	94,325800203666
34019,99902	0,45201179999998	1,853756226	0,990012776952966	94,3867732179226
34029,99902	0,452309799999966	1,854634155	0,990224201681571	94,431474287169
34039,99902	0,452518399999974	1,853708374	0,990130411147786	94,3843367617108
34049,99902	0,451326300000005	1,849277344	0,989964717604979	94,1587242362526
34059,99902	0,451862799999958	1,848276611	0,990063071456661	94,1077704175153
34069,99902	0,451236899999969	1,847990356	0,989939569853096	94,0931953156823
34079,99902	0,451654200000007	1,849062134	0,990282227723874	94,147766496945
34089,99902	0,45225019999998	1,850085938	0,990112714915003	94,1998950101833
34099,99902	0,451743599999986	1,84899292	0,989891975537505	94,1442423625254
34109,99902	0,451832999999965	1,848553833	0,990034757484208	94,1218855906314
34119,99902	0,451266699999962	1,848512939	0,990211068766685	94,1198034114053
34129,99902	0,452607799999953	1,85053064	0,990083748897126	94,2225376782077
34139,99902	0,451862799999958	1,847206909	0,990090082338336	94,0533049389002
34149,99902	0,451654200000007	1,847962769	0,990321159435997	94,0917906822811
34159,99902	0,451177299999983	1,846872192	0,990128455011514	94,0362623217923
34169,99902	0,451981999999987	1,847145508	0,990148107380569	94,0501786150713
34179,99902	0,451832999999965	1,850494507	0,989656148108919	94,2206979124236
34189,99902	0,452399200000002	1,851418823	0,990040066854078	94,2677608452138
34199,99902	0,452071399999966	1,850049316	0,990122028563825	94,1980303462322
34209,99902	0,452756799999975	1,853404419	0,989878098570786	94,3688604378819
34219,99902	0,452399200000002	1,85157312	0,990067169742162	94,275617107943
34229,99902	0,452935699999955	1,855585205	0,990148200387048	94,4798984215886
34239,99902	0,453501899999992	1,858906616	0,989996197798002	94,6490130346232
34249,99902	0,45257799999996	1,8544021	0,989910230809233	94,4196588594705
34259,99902	0,451117699999998	1,848332397	0,990046586308247	94,1106108452139
34269,99902	0,45257799999996	1,852806641	0,990261736296367	94,3384236761711
34279,99902	0,452995299999998	1,8559021	0,990048262425011	94,496033604888
34289,99902	0,451117699999998	1,848295898	0,989967231780125	94,1087524439918
34299,99902	0,452339599999959	1,851832031	0,9898649656559	94,2887999490835
34309,99902	0,452101199999959	1,849808594	0,99013097018673	94,1857736252546
34319,99902	0,452309799999966	1,852097656	0,990274497185337	94,3023246435845
34329,99902	0,452935699999955	1,85567981	0,990323487598185	94,4847153767821
34339,99902	0,452995299999998	1,855988525	0,990003649317102	94,5004340631365
34349,99902	0,452726999999982	1,855608521	0,989900265114987	94,4810855906314
34359,99902	0,451832999999965	1,851204712	0,989981109746914	94,2568590631364
34369,99902	0,45335289999997	1,857520142	0,99003987984105	94,5784186354379
34379,99902	0,451832999999965	1,851617432	0,990195980715597	94,2778733197556
34389,99902	0,452846299999976	1,853657227	0,990095856740602	94,3817325356415
34399,99902	0,452428999999995	1,851408569	0,990166548665255	94,2672387474542
34409,99902	0,45335289999997	1,858733032	0,990068939865476	94,6401747454175
34419,99902	0,453174099999956	1,856887695	0,990027306965178	94,5462166496945
34429,99902	0,45335289999997	1,859725952	0,990090547370732	94,6907307535642
34439,99902	0,454336399999988	1,866662964	0,989984555986992	95,0439391038697
34449,99902	0,453174099999956	1,859352295	0,989968442864494	94,6717054480652
34459,99902	0,45335289999997	1,860384033	0,98995819715074	94,7242379327902
34469,99902	0,452071399999966	1,852679321	0,99016496555497	94,33194098778
34479,99902	0,45090909999999	1,847265137	0,990165058561449	94,0562697046843
34489,99902	0,452995299999998	1,85453186	0,990131901251592	94,4262657841141
34499,99902	0,453472099999999	1,858150146	0,990188902222484	94,6104962321792
34509,99902	0,453233699999998	1,856415649	0,990125567810382	94,5221817209776
34519,99902	0,452756799999975	1,853493286	0,990053571794881	94,3733852342159
34529,99902	0,452726999999982	1,85325	0,990211441792672	94,3609979633401
34539,99902	0,453501899999992	1,859151001	0,989845313286845	94,6614562627291
34549,99902	0,453233699999998	1,856238159	0,990163941483629	94,5131445519348
34559,99902	0,452756799999975	1,853956543	0,989990516402215	94,3969726578411
34569,99902	0,452756799999975	1,85386731	0,990173255132452	94,3924292260693
34579,99902	0,452339599999959	1,851874023	0,990271236958218	94,2909380346232
34589,99902	0,452846299999976	1,85402771	0,989849970611291	94,4005962321792
34599,99902	0,451981999999987	1,853413574	0,990091386429184	94,3693265784114
34609,99902	0,451773399999979	1,84994519	0,990141587926401	94,1927286150713
34619,99902	0,452399200000002	1,854478027	0,98994236404775	94,423524796334
34629,99902	0,45257799999996	1,853732056	0,990139817803087	94,3855425661914
34639,99902	0,453501899999992	1,860018921	0,989892627582929	94,7056477087576
34649,99902	0,453323099999977	1,858535522	0,990046120275781	94,6301182281059
34659,99902	0,454068099999972	1,864159424	0,990006257498797	94,9164676171079
34669,99902	0,453919100000007	1,863853027	0,99025298168649	94,9008669551935
34679,99902	0,453144299999963	1,856894775	0,989875490389091	94,5465771384929
34689,99902	0,452726999999982	1,85814856	0,989778439628186	94,6104154786151
34699,99902	0,452518399999974	1,856512817	0,989969373929355	94,5271291751528
34709,99902	0,453174099999956	1,857018921	0,990093621584893	94,5528982179226
34719,99902	0,453323099999977	1,85871521	0,990347610278657	94,6392673116089
34729,99902	0,453591299999971	1,860207886	0,990164313509546	94,7152691446028
34739,99902	0,452756799999975	1,8551073	0,99016915684695	94,4555651731161
34749,99902	0,452518399999974	1,854650879	0,990103959305055	94,432325814664
34759,99902	0,45225019999998	1,852074707	0,990201196078918	94,3011561608961
34769,99902	0,450998499999969	1,848133667	0,989977011461413	94,100492209776
34779,99902	0,452428999999995	1,85134436	0,990022835653691	94,2639694501018
34789,99902	0,45225019999998	1,852292114	0,99003140425061	94,3122257637474
34799,99902	0,452309799999966	1,854737671	0,990033174373923	94,4367449592668
34809,99902	0,452101199999959	1,853357422	0,990072106086046	94,3664675152749
34819,99902	0,452399200000002	1,852991211	0,990114484038246	94,3478213340122
34829,99902	0,451862799999958	1,851600342	0,990402842126306	94,2770031568228
34839,99902	0,452667399999996	1,854809692	0,990119234369171	94,4404120162933
34849,99902	0,452160800000001	1,85418042	0,990124822758479	94,4083716904277
34859,99902	0,45225019999998	1,852784302	0,990209858682386	94,3372862525458
34869,99902	0,453084699999977	1,856831299	0,99038123362098	94,5433451629328
34879,99902	0,451743599999986	1,851338013	0,990033826419347	94,2636462830957
34889,99902	0,451445499999977	1,850209961	0,990013148978882	94,2062098268839
34899,99902	0,451832999999965	1,852133789	0,990186294040789	94,3041644093686
34909,99902	0,451266699999962	1,850702759	0,990475676200189	94,2313013747454
34919,99902	0,450998499999969	1,849641846	0,990054875885728	94,177283401222
34929,99902	0,451981999999987	1,853148682	0,990015198121633	94,3558392057027
34939,99902	0,452935699999955	1,858490234	0,990017247264383	94,6278123217923
34949,99902	0,452726999999982	1,855770996	0,990281109645984	94,4893582484725
34959,99902	0,450700499999982	1,846659668	0,989936030606539	94,0254413441955
34969,99902	0,452399200000002	1,853029907	0,990430504053335	94,349791598778
34979,99902	0,450372700000003	1,844714966	0,990049659522338	93,9264239307536
34989,99902	0,450700499999982	1,846739136	0,990073876209359	94,0294875763747
34999,99902	0,451564799999971	1,850751831	0,990187598131636	94,2337999490835
35009,99902	0,452190599999994	1,849970825	0,989958104144261	94,1940338594705
35019,99902	0,452071399999966	1,850552612	0,990092689519962	94,2236564154786
35029,99902	0,451684	1,851184692	0,990239941778083	94,2558397148676
35039,99902	0,45225019999998	1,851539917	0,990196818773979	94,2739265274949
35049,99902	0,450819699999954	1,848096313	0,990131901251592	94,0985902749491
35059,99902	0,450611100000003	1,84638623	0,989863382545614	94,0115188391039
35069,99902	0,450104399999987	1,843014038	0,990181450703385	93,8398186354379
35079,99902	0,450581299999953	1,845061157	0,989936402632456	93,9440507637474
35089,99902	0,450193799999965	1,84202478	0,990007747602603	93,789449083503
35099,99902	0,450283299999967	1,84224231	0,989978687578177	93,8005249490835
35109,99902	0,450849500000004	1,845518311	0,989952795774461	93,9673274439918
35119,99902	0,45090909999999	1,843029053	0,990216564149513	93,8405831466395
35129,99902	0,450342899999953	1,839501709	0,98993919682711	93,6609831466395
35139,99902	0,451862799999958	1,846453735	0,989776297478956	94,0149559572301
35149,99902	0,450491899999975	1,842707886	0,989983903941568	93,8242304480652
35159,99902	0,450581299999953	1,842958984	0,989823239749123	93,8370154786151
35169,99902	0,451773399999979	1,846540771	0,990024418763976	94,0193875254582
35179,99902	0,450372700000003	1,843137573	0,990007467583096	93,846108604888
35189,99902	0,450998499999969	1,842431519	0,990145965231339	93,810158808554
35199,99902	0,450581299999953	1,84229248	0,990161053282427	93,8030794297352
35209,99902	0,451684	1,845975464	0,990088778247489	93,9906040733197
35219,99902	0,450700499999982	1,841112427	0,990000296083503	93,7429952647658
35229,99902	0,452339599999959	1,849621826	0,990200265014057	94,1762640529531
35239,99902	0,451773399999979	1,846739502	0,990060557281515	94,0295062118126
35249,99902	0,45090909999999	1,845872314	0,990013988037334	93,9853520366599
35259,99902	0,451564799999971	1,84487915	0,98996033929997	93,934783604888
35269,99902	0,450521699999967	1,844340576	0,989988467259465	93,9073613034623
35279,99902	0,452488599999981	1,849533569	0,989999924057587	94,1717703156823
35289,99902	0,450849500000004	1,84299231	0,990056272983055	93,8387123217923
35299,99902	0,450432299999989	1,843001465	0,989908461685989	93,8391784623218
35309,99902	0,451415699999984	1,842789307	0,990067542768149	93,8283761201629
35319,99902	0,451743599999986	1,845301514	0,990138048679844	93,9562889002037
35329,99902	0,450491899999975	1,840874023	0,99028902619748	93,7308565682281
35339,99902	0,451326300000005	1,843856445	0,99004202199028	93,8827110488798
35349,99902	0,449836199999993	1,837045288	0,990054130833825	93,5359107942974
35359,99902	0,451594599999964	1,842945068	0,990190299319811	93,8363069246436
35369,99902	0,450372700000003	1,840978516	0,990079277585638	93,7361769857434
35379,99902	0,449538200000006	1,834170532	0,989750777701157	93,3895382892057
35389,99902	0,450998499999969	1,840567383	0,990140842874497	93,7152435336049
35399,99902	0,451028299999962	1,842208252	0,990202780189273	93,7987908350306
35409,99902	0,450074599999994	1,839601318	0,990012590940007	93,6660548879837
35419,99902	0,449508399999957	1,835924316	0,989981481772831	93,4788348268839
35429,99902	0,450253400000008	1,840004883	0,989966207708785	93,6866030040733
35439,99902	0,451266699999962	1,84246106	0,990057297054396	93,8116629327902
35449,99902	0,450372700000003	1,841371826	0,990166083632859	93,7562029531568
35459,99902	0,450432299999989	1,840338623	0,990033360386881	93,7035958757638
35469,99902	0,450074599999994	1,84014917	0,990142611997741	93,693949592668
35479,99902	0,450074599999994	1,835769165	0,989939569853096	93,4709350814664
35489,99902	0,449001799999962	1,831729614	0,99000802662204	93,2652552953157
35499,99902	0,449180599999977	1,829600952	0,989934633509213	93,1568712830957
35509,99902	0,449597799999992	1,833456177	0,990016316199522	93,3531658350306
35519,99902	0,451594599999964	1,841348755	0,990202500169766	93,7550282586558
35529,99902	0,45090909999999	1,838253418	0,989970399000765	93,5974245417515
35539,99902	0,451445499999977	1,842398315	0,990084586955508	93,8084681771894
35549,99902	0,450432299999989	1,83859668	0,990103028240194	93,6149022403259
35559,99902	0,451773399999979	1,843961548	0,99008756716312	93,8880625254582
35569,99902	0,449955399999965	1,838428223	0,990053385781922	93,606325
35579,99902	0,449508399999957	1,834514893	0,990106101454285	93,4070719450102
35589,99902	0,449269999999956	1,833975342	0,990124729751999	93,379599898167
35599,99902	0,449180599999977	1,83077478	0,990026840932713	93,2166384928717
35609,99902	0,449031599999955	1,830821533	0,989955589969115	93,2190189918534
35619,99902	0,449508399999957	1,833404541	0,990120631466498	93,3505367107943
35629,99902	0,449865999999986	1,84008313	0,990171672022167	93,6905870672098
35639,99902	0,449448799999971	1,834855957	0,990016688225439	93,4244377291242
35649,99902	0,450938899999983	1,841637207	0,990281109645984	93,7697152240326
35659,99902	0,450163999999972	1,840287842	0,989956707046934	93,7010102851324
35669,99902	0,449687199999971	1,836237305	0,989925132847362	93,4947711303462
35679,99902	0,450938899999983	1,840971191	0,990030380179269	93,7358040224032
35689,99902	0,449538200000006	1,835976074	0,990049659522338	93,4814701629328
35699,99902	0,449925599999972	1,837427856	0,990095204695178	93,5553898167006
35709,99902	0,449597799999992	1,835411865	0,990000482096462	93,4527426171079
35719,99902	0,449836199999993	1,838127563	0,990175676301119	93,5910164460285
35729,99902	0,448882499999968	1,832056152	0,990099302980679	93,2818814663951
35739,99902	0,449418999999978	1,835565552	0,989962016416804	93,4605678207739
35749,99902	0,450998499999969	1,84179187	0,990136837595475	93,7775901221996
35759,99902	0,449329599999999	1,835594482	0,990178656508731	93,4620408350305
35769,99902	0,448942099999954	1,832435303	0,990012590940007	93,3011865071283
35779,99902	0,449746799999957	1,834913696	0,990278967496755	93,4273775967414
35789,99902	0,448882499999968	1,831337769	0,990055061898687	93,2453039205703
35799,99902	0,451028299999962	1,838495117	0,990109734707391	93,6097310081466
35809,99902	0,449329599999999	1,833202393	0,990027306965178	93,3402440427699
35819,99902	0,449329599999999	1,834370239	0,990030194166311	93,3997066700611
35829,99902	0,450253400000008	1,834677734	0,990235751486172	93,4153632382892
35839,99902	0,449836199999993	1,836155884	0,990300388989053	93,4906254582485
35849,99902	0,450163999999972	1,835532959	0,990076483390985	93,458908299389
35859,99902	0,44921039999997	1,833597656	0,990096694798984	93,3603694501018
35869,99902	0,449836199999993	1,836112061	0,989946275320223	93,4883941446028
35879,99902	0,449538200000006	1,835046753	0,989925132847362	93,4341523930754
35889,99902	0,449538200000006	1,834506714	0,989777322550366	93,4066554989817
35899,99902	0,448524899999995	1,829384277	0,99011942038213	93,1458389511202
35909,99902	0,449001799999962	1,830185181	0,990167666743144	93,1866181771894
35919,99902	0,448882499999968	1,830067139	0,990261923309395	93,180607892057
35929,99902	0,448465299999953	1,82770105	0,990119234369171	93,0601349287169
35939,99902	0,448793099999989	1,831158813	0,99006847383301	93,236192107943
35949,99902	0,449120999999991	1,83266748	0,989985301038895	93,3130081466395
35959,99902	0,449269999999956	1,833272339	0,990069777923858	93,3438054480652
35969,99902	0,449120999999991	1,832489624	0,990071920073088	93,3039523421589
35979,99902	0,448614299999974	1,830244873	0,990143171036686	93,189657484725
35989,99902	0,44921039999997	1,832549194	0,98990408438105	93,3069854378819
35999,99902	0,449031599999955	1,830486084	0,989984275967485	93,2019391038696
36009,99902	0,448942099999954	1,829796875	0,990270398899835	93,1668469959267
36019,99902	0,449120999999991	1,831263916	0,990288002126139	93,2415435845214
36029,99902	0,44843549999996	1,826978027	0,990256799952484	93,0233211303462
36039,99902	0,449359399999992	1,831674438	0,990068659845968	93,2624459266802
36049,99902	0,448465299999953	1,828503296	0,990167293717158	93,1009824847251
36059,99902	0,449180599999977	1,833446045	0,990071268027664	93,3526499490835
36069,99902	0,448793099999989	1,830223999	0,990208740604497	93,1885946537678
36079,99902	0,448614299999974	1,829028198	0,990119048356213	93,1277086558045
36089,99902	0,449627599999985	1,8354552	0,990023301686156	93,4549490835031
36099,99902	0,449120999999991	1,831631226	0,99009604275356	93,2602457230143
36109,99902	0,449091199999998	1,83126001	0,99012892104398	93,2413447046843
36119,99902	0,449865999999986	1,83280896	0,990148293393527	93,3202118126273
36129,99902	0,449001799999962	1,831257568	0,990167666743144	93,2412203665988
36139,99902	0,44867389999996	1,830153564	0,989966114702305	93,1850083503055
36149,99902	0,448703699999953	1,829940186	0,990255961894102	93,1741438900204
36159,99902	0,449418999999978	1,833652954	0,98993919682711	93,3631850305499
36169,99902	0,448703699999953	1,829272461	0,990072292099004	93,1401456720978
36179,99902	0,450015000000008	1,833271362	0,99003773769182	93,3437557026477
36189,99902	0,449091199999998	1,833355957	0,990293590515447	93,3480629837067
36199,99902	0,449925599999972	1,83563562	0,990067169742162	93,4641354378819
36209,99902	0,449448799999971	1,834591064	0,990101259116951	93,410950305499
36219,99902	0,449091199999998	1,832108765	0,990023673712073	93,2845603360489
36229,99902	0,448554699999988	1,827873047	0,990071547047101	93,068892413442
36239,99902	0,450491899999975	1,836828491	0,990152298672549	93,5248722505092
36249,99902	0,450104399999987	1,835454712	0,990056552002493	93,4549242362525
36259,99902	0,448882499999968	1,832479858	0,990011006829652	93,3034550916497
36269,99902	0,448763299999996	1,828808716	0,989815043178121	93,116533401222
36279,99902	0,449418999999978	1,833409424	0,990144568134012	93,3507853360489
36289,99902	0,450015000000008	1,833160522	0,989838327800211	93,3381121181263
36299,99902	0,448852699999975	1,828871094	0,990125195784465	93,1197094704684
36309,99902	0,448882499999968	1,829282959	0,9899147951272	93,1406801934827
36319,99902	0,449448799999971	1,834171875	0,989973006182391	93,3896066700611
36329,99902	0,448703699999953	1,831838867	0,989940593924436	93,2708180753564
36339,99902	0,448882499999968	1,833043701	0,990025629848344	93,3321640020367
36349,99902	0,448763299999996	1,830235962	0,990052174697554	93,1892037678208
36359,99902	0,450163999999972	1,835775391	0,990105822434848	93,4712520875764
36369,99902	0,448375899999974	1,827449341	0,989999365018642	93,0473187881874
36379,99902	0,449508399999957	1,833305542	0,989958011137782	93,3454960285132
36389,99902	0,44867389999996	1,829128906	0,989893000608915	93,1328363543788
36399,99902	0,449448799999971	1,832560059	0,990028797068984	93,3075386456212
36409,99902	0,448346099999981	1,826000122	0,990048262425011	92,9735296334012
36419,99902	0,449597799999992	1,835325562	0,990217216194937	93,4483483706721
36429,99902	0,449746799999957	1,831110474	0,989974031253801	93,2337308553971
36439,99902	0,449925599999972	1,832606689	0,990091572442142	93,3099128818737
36449,99902	0,448793099999989	1,829691162	0,990136465569559	93,1614644602851
36459,99902	0,451087900000005	1,840066528	0,990078625540215	93,6897417515275
36469,99902	0,449269999999956	1,833595703	0,990005791466331	93,3602700101833
36479,99902	0,449001799999962	1,832097778	0,990080861695993	93,284000916497
36489,99902	0,449001799999962	1,831045044	0,990031032224693	93,230399389002
36499,99902	0,448852699999975	1,83184729	0,990145127172957	93,2712469450102
36509,99902	0,448554699999988	1,829315186	0,990194397605312	93,1423210794297
36519,99902	0,449776600000007	1,833199707	0,990082630819237	93,3401072810591
36529,99902	0,449180599999977	1,832181519	0,990158446100801	93,2882647148676
36539,99902	0,448614299999974	1,831355957	0,99012789597257	93,2462299898167
36549,99902	0,448524899999995	1,829785645	0,990116440174518	93,166275203666
36559,99902	0,448882499999968	1,832343872	0,990068939865476	93,2965311608961
36569,99902	0,448763299999996	1,830023926	0,990030752205186	93,1784076374745
36579,99902	0,449091199999998	1,833308594	0,990141401913442	93,3456514256619
36589,99902	0,449269999999956	1,834323608	0,990208647598018	93,3973323828921
36599,99902	0,448614299999974	1,82770166	0,990142799010769	93,06016598778
36609,99902	0,450283299999967	1,832856934	0,990006443511755	93,3226544806517
36619,99902	0,448554699999988	1,827597656	0,990038203724286	93,0548704684318
36629,99902	0,448882499999968	1,828874023	0,990118768336706	93,119858604888
36639,99902	0,448465299999953	1,826931152	0,989990889428202	93,0209344195519
36649,99902	0,448465299999953	1,826767456	0,989969653948862	93,012599592668
36659,99902	0,448882499999968	1,829791138	0,990136092543572	93,1665548879837
36669,99902	0,448524899999995	1,828384155	0,990062978450182	93,0949162423625
36679,99902	0,44867389999996	1,830119629	0,990025443835386	93,1832804989817
36689,99902	0,44867389999996	1,828422485	0,990088964260447	93,0968678716904
36699,99902	0,448256700000002	1,824906494	0,990000296083503	92,9178459266802
36709,99902	0,450163999999972	1,832666992	0,990222432558328	93,312983299389
36719,99902	0,448524899999995	1,82779895	0,990092131481087	93,0651196537678
36729,99902	0,449627599999985	1,831407837	0,990197004786938	93,2488715376782
36739,99902	0,44867389999996	1,829403198	0,990170646950757	93,1468023421588
36749,99902	0,449031599999955	1,82817041	0,990332801247007	93,084033095723
36759,99902	0,449091199999998	1,832657959	0,989974310273238	93,3125233706721
36769,99902	0,448375899999974	1,827223267	0,990206132422802	93,035807892057
36779,99902	0,449448799999971	1,831669556	0,990122307583263	93,2621973523422
36789,99902	0,448554699999988	1,82753418	0,990089150273405	93,0516384928717
36799,99902	0,449001799999962	1,829785645	0,99005785609334	93,166275203666
36809,99902	0,449031599999955	1,827924316	0,990100234045541	93,0715028513238
36819,99902	0,448197099999959	1,82692041	0,990198588897293	93,0203874745417
36829,99902	0,448375899999974	1,82710791	0,989878656609661	93,0299343177189
36839,99902	0,448256700000002	1,827376831	0,990097346844408	93,0436268329939
36849,99902	0,449091199999998	1,82798584	0,989948418469522	93,0746354378819
36859,99902	0,448793099999989	1,829739868	0,990168318788568	93,1639443991853
36869,99902	0,448286499999995	1,825179199	0,990304767294061	92,9317311099796
36879,99902	0,447958699999958	1,824365479	0,989891882531026	92,8902993380855
36889,99902	0,448048099999994	1,826352661	0,989771082115635	92,9914796843177
36899,99902	0,448048099999994	1,826797607	0,990101724149347	93,0141347759674
36909,99902	0,448137499999973	1,825771606	0,990009516725846	92,9618943991853
36919,99902	0,449836199999993	1,8309021	0,990460495142622	93,2231211812627
36929,99902	0,448763299999996	1,829877075	0,98981196996403	93,1709304989817
36939,99902	0,448375899999974	1,827110718	0,990100607071527	93,0300772912423
36949,99902	0,448137499999973	1,824935913	0,989990423395736	92,9193438391039
36959,99902	0,447928899999965	1,824473389	0,989959781261095	92,8957937372709
36969,99902	0,448793099999989	1,830899414	0,990116719193955	93,2229844195519
36979,99902	0,448137499999973	1,825805786	0,990043885120072	92,9636347250509
36989,99902	0,448614299999974	1,829221313	0,990118396310789	93,137541395112
36999,99902	0,448375899999974	1,828790527	0,99013525448519	93,1156072810591
37009,99902	0,447451999999998	1,820241943	0,99004090491246	92,6803433299389
37019,99902	0,448554699999988	1,828220581	0,990026002874331	93,0865876272912
37029,99902	0,448942099999954	1,826648193	0,990080395663528	93,0065271384929
37039,99902	0,448048099999994	1,825009766	0,99024348102464	92,9231041751527
37049,99902	0,450104399999987	1,83231665	0,990101445129909	93,2951451120163
37059,99902	0,449448799999971	1,831622192	0,990061116320459	93,2597857433809
37069,99902	0,449448799999971	1,832249878	0,989945624274869	93,2917453156823
37079,99902	0,448942099999954	1,830084717	0,990108616629501	93,1815029022403
37089,99902	0,448554699999988	1,829186279	0,990093434571865	93,135757586558
37099,99902	0,449687199999971	1,831195679	0,989967045767167	93,2380691955193
37109,99902	0,449687199999971	1,832905151	0,990015850167057	93,3251095213849
37119,99902	0,44810769999998	1,827459106	0,990152298672549	93,04781598778
37129,99902	0,449538200000006	1,832015015	0,990088033195585	93,2797869144603
37139,99902	0,449508399999957	1,833940186	0,990200358020536	93,3778098778004
37149,99902	0,449091199999998	1,831927734	0,990134695446246	93,2753428716904
37159,99902	0,448197099999959	1,826324707	0,990113273953947	92,9900563645621
37169,99902	0,449627599999985	1,833050537	0,990100886090964	93,3325120672098
37179,99902	0,448614299999974	1,828521729	0,990223549636147	93,1019210285132
37189,99902	0,447958699999958	1,824282715	0,990005232427387	92,8860852851324
37199,99902	0,449508399999957	1,829384766	0,990222525564807	93,1458638492872
37209,99902	0,448286499999995	1,828020264	0,989993403603348	93,0763881873727
37219,99902	0,448465299999953	1,825733643	0,990261364270451	92,9599614562118
37229,99902	0,448197099999959	1,825580444	0,990104239324563	92,9521610997963
37239,99902	0,449359399999992	1,827151611	0,989973845240843	93,0321594195519
37249,99902	0,448852699999975	1,827874634	0,98988079875889	93,0689732179226
37259,99902	0,448882499999968	1,829425049	0,989987164168687	93,1479149185336
37269,99902	0,448197099999959	1,825187988	0,989977570500358	92,9321786150713
37279,99902	0,448554699999988	1,82722522	0,990079836624583	93,0359073319756
37289,99902	0,449687199999971	1,829772461	0,990334198344334	93,1656039205702
37299,99902	0,448137499999973	1,82588916	0,990156955996995	92,9678798370672
37309,99902	0,448524899999995	1,827215088	0,990037924704848	93,0353914460285
37319,99902	0,448942099999954	1,830213379	0,989984462980513	93,1880539205703
37329,99902	0,448942099999954	1,828342651	0,990153229737411	93,0928030040733
37339,99902	0,448524899999995	1,825033813	0,990097160831449	92,9243285641548
37349,99902	0,448286499999995	1,82718103	0,990094086617289	93,0336573319756
37359,99902	0,44843549999996	1,827033203	0,990011938894583	93,0261304989817
37369,99902	0,448614299999974	1,828994263	0,990047610379587	93,1259808044806
37379,99902	0,448286499999995	1,826685547	0,990150808568743	93,0084290733198
37389,99902	0,449925599999972	1,830831665	0,990161426308413	93,2195348778004
37399,99902	0,448524899999995	1,829593018	0,990127802966091	93,156467311609
37409,99902	0,449180599999977	1,830813232	0,990059253190667	93,2185963340122
37419,99902	0,448018300000001	1,823536621	0,99007378320288	92,8480967922607
37429,99902	0,450491899999975	1,835201538	0,989950280599245	93,442033503055
37439,99902	0,449329599999999	1,83213623	0,989871765129575	93,2859587576375
37449,99902	0,449597799999992	1,832641846	0,990103773292097	93,3117029531568
37459,99902	0,448256700000002	1,827366699	0,990005232427387	93,0431109470468
37469,99902	0,448852699999975	1,831284424	0,990004487375484	93,2425877800407
37479,99902	0,44867389999996	1,829876709	0,989981854798817	93,1709118635438
37489,99902	0,449091199999998	1,830562622	0,989970025974779	93,2058361507128
37499,99902	0,44867389999996	1,829783691	0,990194024579326	93,166175712831
37509,99902	0,450193799999965	1,833634766	0,990047983405573	93,3622589613035
37519,99902	0,449925599999972	1,832289917	0,990100048032582	93,2937839613035
37529,99902	0,450491899999975	1,833440674	0,990128735031022	93,3523764765784
37539,99902	0,449329599999999	1,829142212	0,990050963613185	93,1335138492872
37549,99902	0,449418999999978	1,829697632	0,990315291027182	93,1617938900204
37559,99902	0,448018300000001	1,823790405	0,989963878546527	92,8610185845214
37569,99902	0,449180599999977	1,825225586	0,990105263395903	92,9340929735234
37579,99902	0,448465299999953	1,827003052	0,990021345549885	93,0245953156823
37589,99902	0,448703699999953	1,827740356	0,990364375446579	93,0621362525458
37599,99902	0,448375899999974	1,826069824	0,990032522328499	92,9770786150713
37609,99902	0,448465299999953	1,827241577	0,989874279304722	93,0367401731161
37619,99902	0,447541399999977	1,822030884	0,990011845888104	92,7714299389002
37629,99902	0,448375899999974	1,825814941	0,990032336315541	92,9641008655804
37639,99902	0,449031599999955	1,828127319	0,990273658126885	93,0818390529532
37649,99902	0,447541399999977	1,820994873	0,990169435866388	92,7186798879837
37659,99902	0,447809699999993	1,821685181	0,990203804260614	92,7538279531568
37669,99902	0,447809699999993	1,822459106	0,990011286849159	92,793233503055
37679,99902	0,448346099999981	1,826140137	0,990195514683132	92,980658706721
37689,99902	0,449001799999962	1,830323608	0,990027306965178	93,193666395112
37699,99902	0,448554699999988	1,831884399	0,990378905458792	93,2731364052953
37709,99902	0,448346099999981	1,829508301	0,990163475451164	93,1521538187373
37719,99902	0,448286499999995	1,828079346	0,990047797392615	93,0793964358452
37729,99902	0,448137499999973	1,828672363	0,990027026945671	93,109590784114
37739,99902	0,448256700000002	1,827167358	0,989928486080961	93,0329612016293
37749,99902	0,448852699999975	1,828380737	0,990149504477896	93,094742209776
37759,99902	0,449001799999962	1,828612061	0,99004509620444	93,1065204175153
37769,99902	0,449091199999998	1,830450439	0,989896632861951	93,2001241853361
37779,99902	0,449746799999957	1,830923462	0,989885549089816	93,2242088594705
37789,99902	0,448286499999995	1,827563721	0,989973938247322	93,0531426171079
37799,99902	0,448346099999981	1,827480835	0,98987660846698	93,0489223523422
37809,99902	0,448614299999974	1,828492065	0,99018834318354	93,1004106415479
37819,99902	0,448256700000002	1,825524292	0,989959501241588	92,9493020366599
37829,99902	0,44867389999996	1,829169067	0,990046400295288	93,1348812118126
37839,99902	0,449776600000007	1,836217773	0,990135719517586	93,4937766293279
37849,99902	0,449627599999985	1,831702271	0,990231560194192	93,2638630855397
37859,99902	0,448375899999974	1,828968262	0,990109640700842	93,1246569246436
37869,99902	0,449955399999965	1,833426758	0,990026188887289	93,3516679226069
37879,99902	0,449508399999957	1,829392334	0,989870275025769	93,146249185336
37889,99902	0,449031599999955	1,831107544	0,989949442540863	93,2335816700611
37899,99902	0,449448799999971	1,831415283	0,990088312215023	93,2492506619144
37909,99902	0,449627599999985	1,833036743	0,990209671669358	93,3318097250509
37919,99902	0,449091199999998	1,829981323	0,990252422647545	93,1762384419552
37929,99902	0,448852699999975	1,831849854	0,990130504154265	93,2713774949084
37939,99902	0,448554699999988	1,829000732	0,990208833610976	93,1263101832994
37949,99902	0,448197099999959	1,82656543	0,990009237706409	93,0023131364562
37959,99902	0,449836199999993	1,832770508	0,990020041459037	93,3182539714868
37969,99902	0,448614299999974	1,829894653	0,989985860077839	93,171825509165
37979,99902	0,449120999999991	1,830405884	0,990276545328018	93,1978556008147
37989,99902	0,447600999999963	1,822285522	0,990013615011348	92,7843952138493
37999,99902	0,447958699999958	1,824680786	0,990092131481087	92,9063536659878
38009,99902	0,448137499999973	1,823768433	0,990098091896311	92,8598998472505
38019,99902	0,449031599999955	1,82494397	0,990194583618271	92,9197540733198
38029,99902	0,448375899999974	1,826637817	0,990188436190019	93,0059988289206
38039,99902	0,448524899999995	1,827595825	0,99012258760277	93,0547772403259
38049,99902	0,447809699999993	1,824311035	0,990194024579326	92,8875272403259
38059,99902	0,447928899999965	1,823212036	0,989925877899265	92,8315700610998
38069,99902	0,450163999999972	1,833867432	0,990162450379754	93,3741054989817
38079,99902	0,44867389999996	1,828634644	0,989963972553076	93,1076702647658
38089,99902	0,448375899999974	1,828588989	0,990227740928128	93,1053456720978
38099,99902	0,448375899999974	1,827292358	0,990129759102362	93,0393257637474
38109,99902	0,448852699999975	1,829985718	0,990093434571865	93,1764622199593
38119,99902	0,448197099999959	1,826787476	0,990068194813573	93,0136189409369
38129,99902	0,448197099999959	1,828853516	0,990107964584078	93,1188144602851
38139,99902	0,449359399999992	1,829376465	0,990261550283409	93,145441191446
38149,99902	0,448614299999974	1,828067749	0,990015198121633	93,0788059572301
38159,99902	0,448852699999975	1,828360107	0,990316409105071	93,093691802444
38169,99902	0,4477799	1,822770874	0,990134788452725	92,8091076374745
38179,99902	0,449120999999991	1,828803589	0,989879029635647	93,1162723523422
38189,99902	0,447869299999979	1,825326904	0,98974509630537	92,9392517311609
38199,99902	0,44867389999996	1,829345581	0,989964344578992	93,1438686863544
38209,99902	0,448554699999988	1,826620728	0,99021796124684	93,0051287169043
38219,99902	0,448465299999953	1,827661011	0,990135813524135	93,0580962830957
38229,99902	0,447630799999956	1,822563477	0,989971423072106	92,7985477087576
38239,99902	0,44810769999998	1,826337036	0,990051336639172	92,9906841140529
38249,99902	0,449031599999955	1,829731934	0,989944320184021	93,1635404276986
38259,99902	0,449001799999962	1,833065186	0,990060277262008	93,3332579429735
38269,99902	0,448256700000002	1,827209473	0,989992006506021	93,0351055498982
38279,99902	0,447928899999965	1,82529895	0,990098650935256	92,9378284114053
38289,99902	0,449120999999991	1,830010376	0,989992658551445	93,1777177189409
38299,99902	0,447541399999977	1,825365112	0,990075366313165	92,9411971486762
38309,99902	0,449329599999999	1,830959473	0,989628300168932	93,226042413442
38319,99902	0,449001799999962	1,82978772	0,990156861990447	93,1663808553971
38329,99902	0,449776600000007	1,832647705	0,990061861372362	93,3120012729124
38339,99902	0,448793099999989	1,828203247	0,990086170065793	93,0857050407332
38349,99902	0,449120999999991	1,829634521	0,989921780613834	93,1585804989817
38359,99902	0,447600999999963	1,822953247	0,989997874914836	92,8183934317719
38369,99902	0,4477799	1,824724731	0,989905481478377	92,908591191446
38379,99902	0,448703699999953	1,824766479	0,99012156253136	92,9107168533605
38389,99902	0,44867389999996	1,827347534	0,990180147612607	93,0421351323829
38399,99902	0,448197099999959	1,82818103	0,990283903840638	93,0845738289206
38409,99902	0,44867389999996	1,829596924	0,990040624892953	93,156666191446
38419,99902	0,448465299999953	1,826615356	0,990069404897871	93,0048551934827
38429,99902	0,448197099999959	1,82772522	0,990070989008226	93,0613655804481
38439,99902	0,448852699999975	1,830401367	0,989957452098837	93,197625610998
38449,99902	0,448286499999995	1,828387939	0,98986915694788	93,095108910387
38459,99902	0,447928899999965	1,825082275	0,990083189858181	92,9267960794297
38469,99902	0,448286499999995	1,828339966	0,990161985347358	93,092666293279
38479,99902	0,448554699999988	1,829594849	0,989983251896144	93,1565605397149
38489,99902	0,448703699999953	1,830078247	0,989957639111865	93,1811734725051
38499,99902	0,448197099999959	1,826202026	0,990108337610064	92,9838098778004
38509,99902	0,448554699999988	1,82679187	0,990150994581702	93,0138426680244
38519,99902	0,449865999999986	1,833350586	0,990089802318829	93,3477895112016
38529,99902	0,44843549999996	1,829363159	0,98993379545083	93,1447636965377
38539,99902	0,447869299999979	1,826660889	0,990082723825716	93,0071735743381
38549,99902	0,447541399999977	1,825035889	0,990149318464937	92,9244342668024
38559,99902	0,447690399999999	1,824235962	0,990080395663528	92,8837047861507
38569,99902	0,447392399999956	1,822211914	0,9900070025507	92,7806473523422
38579,99902	0,448286499999995	1,827890015	0,989874652330708	93,0697563645621
38589,99902	0,448882499999968	1,831946533	0,990095204695178	93,2763000509165
38599,99902	0,448375899999974	1,829850464	0,990042209003308	93,1695755600815
38609,99902	0,450074599999994	1,835079102	0,989934074470268	93,435799490835
38619,99902	0,449120999999991	1,836438354	0,99000057610301	93,5050078411405
38629,99902	0,450491899999975	1,840489624	0,990408150496106	93,7112843177189
38639,99902	0,449925599999972	1,837733032	0,990061674359334	93,5709283095723
38649,99902	0,449329599999999	1,836456909	0,990147921367611	93,5059525967413
38659,99902	0,448793099999989	1,827720337	0,990068846858996	93,0611169551935
38669,99902	0,448137499999973	1,827013794	0,990085984052835	93,0251422606925
38679,99902	0,447928899999965	1,826797241	0,990218054253319	93,0141161405295
38689,99902	0,44843549999996	1,828636475	0,990103587279139	93,1077634928717
38699,99902	0,449031599999955	1,833477661	0,990163009418699	93,3542597250509
38709,99902	0,447928899999965	1,825823486	0,99001650221248	92,9645359470468
38719,99902	0,448763299999996	1,831491089	0,990164779542012	93,2531104378819
38729,99902	0,447928899999965	1,827371704	0,990129759102362	93,043365784114
38739,99902	0,449418999999978	1,83287854	0,990129759102362	93,3237545824847
38749,99902	0,448286499999995	1,827368164	0,989957639111865	93,0431855397149
38759,99902	0,448018300000001	1,8258927	0,990142146965345	92,9680600814664
38769,99902	0,448375899999974	1,827705078	0,989874838343667	93,0603400203666
38779,99902	0,449120999999991	1,82803833	0,98988079875889	93,0773080448065
38789,99902	0,450432299999989	1,837210938	0,990010261777749	93,5443451120163
38799,99902	0,448942099999954	1,832002808	0,989888436290948	93,2791653767821
38809,99902	0,448703699999953	1,829504272	0,989932211340475	93,1519486761711
38819,99902	0,447869299999979	1,825146729	0,990116068148601	92,9300778513238
38829,99902	0,448763299999996	1,830849976	0,990179402560704	93,220467209776
38839,99902	0,44843549999996	1,828158813	0,989995080720182	93,0834426171079
38849,99902	0,447630799999956	1,823654053	0,990081792760855	92,8540760183299
38859,99902	0,448137499999973	1,827319824	0,990165431587435	93,0407242362525
38869,99902	0,4477799	1,824819092	0,990069591910899	92,9133957230142
38879,99902	0,44867389999996	1,827976074	0,990037085646396	93,0741381873727
38889,99902	0,44810769999998	1,828604004	0,989975614364086	93,1061101832994
38899,99902	0,448256700000002	1,826793823	0,989989585337354	93,013942107943
38909,99902	0,450163999999972	1,836608032	0,990144475127533	93,5136472505092
38919,99902	0,449538200000006	1,833854004	0,990133298348919	93,3734217922607
38929,99902	0,447511599999984	1,823041748	0,989979339623601	92,822899592668
38939,99902	0,448465299999953	1,82877478	0,989794552750684	93,1148054989817
38949,99902	0,448614299999974	1,82981311	0,990080861695993	93,1676736252546
38959,99902	0,449180599999977	1,830812256	0,990251398576205	93,2185466395112
38969,99902	0,449180599999977	1,830349121	0,990210882753727	93,1949654276986
38979,99902	0,448793099999989	1,830643188	0,990141587926401	93,2099382892057
38989,99902	0,447720299999958	1,825212646	0,989954844917212	92,9334341140529
38999,99902	0,449329599999999	1,829115845	0,990087008124175	93,1321713340122
39009,99902	0,448286499999995	1,829233765	0,99002823803004	93,138175407332
39019,99902	0,448465299999953	1,829887939	0,990176887385487	93,1714836558045
39029,99902	0,4477799	1,825214722	0,990084213929522	92,9335398167006
39039,99902	0,4477799	1,822630005	0,989755061999616	92,8019350814664
39049,99902	0,448793099999989	1,829767334	0,990131994258071	93,1653428716904
39059,99902	0,448614299999974	1,829706787	0,99015015652332	93,1622600305499
39069,99902	0,448197099999959	1,82683374	0,990358880063751	93,0159745417515
39079,99902	0,448375899999974	1,82807605	0,989918613393194	93,0792286150713
39089,99902	0,447928899999965	1,825505737	0,990410106632378	92,9483572810591
39099,99902	0,44843549999996	1,827397217	0,990213676948381	93,0446648167006
39109,99902	0,448256700000002	1,82751123	0,989797532958296	93,0504699592668
39119,99902	0,449627599999985	1,830765503	0,990097439850887	93,2161661405295
39129,99902	0,447928899999965	1,825172485	0,990189926293825	92,9313892566191
39139,99902	0,44843549999996	1,828286499	0,990126685888271	93,0899439409369
39149,99902	0,448882499999968	1,8314375	0,989913025003887	93,2503818737271
39159,99902	0,447869299999979	1,824981445	0,990042861048732	92,9216621690428
39169,99902	0,448554699999988	1,828723511	0,989941898015284	93,1121950610998
39179,99902	0,449359399999992	1,829872559	0,98983842080669	93,1707005600815
39189,99902	0,448793099999989	1,827009888	0,990136651582517	93,0249433808554
39199,99902	0,448375899999974	1,828152588	0,990010820816694	93,0831256619145
39209,99902	0,449091199999998	1,830439697	0,990180985670989	93,1995772403259
39219,99902	0,448346099999981	1,827940674	0,990235751486172	93,0723357433808
39229,99902	0,448852699999975	1,827912109	0,990055061898687	93,0708813136456
39239,99902	0,4477799	1,823318359	0,990015850167057	92,8369836558045
39249,99902	0,448256700000002	1,82555603	0,989895794803569	92,9509180244399
39259,99902	0,448197099999959	1,825297485	0,990044816184933	92,9377538187373
39269,99902	0,449329599999999	1,82751416	0,990195887709118	93,0506191446028
39279,99902	0,44867389999996	1,827692017	0,990240780836535	93,059675
39289,99902	0,44843549999996	1,827257324	0,990080395663528	93,0375419551935
39299,99902	0,449508399999957	1,831616699	0,989717713397779	93,2595060590631
39309,99902	0,448882499999968	1,830692505	0,990147921367611	93,2124493380855
39319,99902	0,449091199999998	1,831428345	0,990506691360817	93,2499157331976
39329,99902	0,44810769999998	1,826595459	0,990166828684762	93,003842107943
39339,99902	0,448375899999974	1,826326294	0,9899699329683	92,9901371690428
39349,99902	0,44867389999996	1,829894287	0,990198588897293	93,1718068737271
39359,99902	0,448614299999974	1,826473877	0,990251398576205	92,9976515784114
39369,99902	0,449448799999971	1,827898315	0,990225691785377	93,0701789714868
39379,99902	0,448703699999953	1,828338379	0,990155092867203	93,0925854887984
39389,99902	0,448524899999995	1,827723022	0,990090547370732	93,0612536659878
39399,99902	0,448882499999968	1,829598145	0,990054502859742	93,1567283604888
39409,99902	0,448524899999995	1,827021851	0,990093714591372	93,0255524949083
39419,99902	0,450163999999972	1,832995483	0,990006815537672	93,329708910387
39429,99902	0,449776600000007	1,831037476	0,990123239648193	93,2300140529532
39439,99902	0,448256700000002	1,827399902	0,990186574060296	93,0448015274949
39449,99902	0,449001799999962	1,83081958	0,990091386429184	93,2189195519348
39459,99902	0,447600999999963	1,820913818	0,990029169094901	92,7145528513238
39469,99902	0,449180599999977	1,829189941	0,99021479502627	93,1359440427699
39479,99902	0,448048099999994	1,824063965	0,99029116834671	92,8749473014256
39489,99902	0,449538200000006	1,827617798	0,990153695769876	93,0558960285132
39499,99902	0,450760099999968	1,837200684	0,990259222121221	93,5438230142566
39509,99902	0,449448799999971	1,827788452	0,990091758455101	93,0645851323829
39519,99902	0,448286499999995	1,827156616	0,990126592881792	93,0324142566191
39529,99902	0,448852699999975	1,827219116	0,990169063840471	93,0355965376782
39539,99902	0,448763299999996	1,826986816	0,990179029534717	93,0237686354379
39549,99902	0,44843549999996	1,826617432	0,990070895001677	93,0049608961303
39559,99902	0,448346099999981	1,826601074	0,990202500169766	93,0041280040733
39569,99902	0,448554699999988	1,827218506	0,989812715015932	93,0355654786151
39579,99902	0,448882499999968	1,829483765	0,990537706521444	93,1509045315682
39589,99902	0,449418999999978	1,82907666	0,990059346197146	93,1301761710794
39599,99902	0,449746799999957	1,830671631	0,990082444806278	93,2113865071283
39609,99902	0,448882499999968	1,828238892	0,990097160831449	93,0875199592668
39619,99902	0,449180599999977	1,828530273	0,990103214253153	93,1023560590631
39629,99902	0,44867389999996	1,829719604	0,990157887061857	93,1629126272912
39639,99902	0,448614299999974	1,827289673	0,990073503183373	93,0391890529531
39649,99902	0,44867389999996	1,827187012	0,990141401913442	93,0339619144603
39659,99902	0,449418999999978	1,827797607	0,990260060179603	93,0650512729124
39669,99902	0,449687199999971	1,829939697	0,990103959305055	93,1741189918534
39679,99902	0,448524899999995	1,827774048	0,990192255456082	93,0638517311609
39689,99902	0,449269999999956	1,829592407	0,989991448467147	93,1564362016293
39699,99902	0,447630799999956	1,820427246	0,99003671362048	92,6897783095723
39709,99902	0,448286499999995	1,825580444	0,990134136407301	92,9521610997963
39719,99902	0,449865999999986	1,829881714	0,990225691785377	93,171166700611
39729,99902	0,449836199999993	1,828443604	0,990247300290703	93,0979431771894
39739,99902	0,448137499999973	1,824022095	0,990041835977322	92,8728154276986
39749,99902	0,448465299999953	1,826729004	0,989777880589241	93,0106417515275
39759,99902	0,450015000000008	1,830216309	0,990054782879249	93,1882031059063
39769,99902	0,449687199999971	1,829900024	0,990315012007745	93,1720989816701
39779,99902	0,448703699999953	1,827249756	0,989922338652709	93,0371566191446
39789,99902	0,448614299999974	1,826644653	0,990156675977488	93,0063468940937
39799,99902	0,448465299999953	1,825346802	0,99029005126889	92,9402648676171
39809,99902	0,448763299999996	1,823477539	0,99006847383301	92,8450885437882
39819,99902	0,448375899999974	1,824358521	0,989958011137782	92,8899450610998
39829,99902	0,449925599999972	1,829453247	0,990313987936404	93,1493506619145
39839,99902	0,448375899999974	1,824866211	0,990136651582517	92,9157948574338
39849,99902	0,448793099999989	1,823844727	0,990289399223466	92,8637844704684
39859,99902	0,449508399999957	1,827004761	0,989858911234127	93,0246823319756
39869,99902	0,449925599999972	1,831195557	0,990221966525862	93,2380629837067
39879,99902	0,449508399999957	1,832817139	0,990055527931152	93,3206282586558
39889,99902	0,450253400000008	1,834305664	0,990066238677301	93,3964187372709
39899,99902	0,447958699999958	1,824367188	0,990051429645651	92,8903863543788
39909,99902	0,449001799999962	1,826443115	0,990124729751999	92,9960852851324
39919,99902	0,448852699999975	1,827734985	0,989978874591205	93,0618627800407
39929,99902	0,44867389999996	1,825229858	0,99007909157268	92,9343104887984
39939,99902	0,449687199999971	1,827737671	0,990168504801527	93,0619995417515
39949,99902	0,449031599999955	1,827023926	0,99020631943583	93,0256581466395
39959,99902	0,449418999999978	1,826784302	0,990094273630317	93,0134573319756
39969,99902	0,448614299999974	1,826195068	0,9900123109205	92,9834556008147
39979,99902	0,449120999999991	1,828216187	0,990049659522338	93,0863639002037
39989,99902	0,449776600000007	1,828573975	0,990069125878434	93,1045812118126
39999,99902	0,448554699999988	1,82534082	0,990023767718622	92,9399602851324
40009,99902	0,448614299999974	1,823801147	0,990030566192228	92,8615655295316
40019,99902	0,448882499999968	1,823578613	0,990249163420496	92,8502348778004
40029,99902	0,449180599999977	1,825889771	0,990088126202065	92,9679109470468
40039,99902	0,448942099999954	1,826480347	0,990177818450349	92,9979810081466
40049,99902	0,44810769999998	1,821068726	0,990092131481087	92,7224402240326
40059,99902	0,44867389999996	1,825213013	0,99003568854907	92,9334528004073
40069,99902	0,449538200000006	1,825121582	0,990023580705594	92,9287974541752
40079,99902	0,449001799999962	1,827447021	0,990119700401637	93,0472006619145
40089,99902	0,449687199999971	1,830433472	0,990090082338336	93,1992602851324
40099,99902	0,448763299999996	1,82346228	0,990193465540381	92,8443116089613
40109,99902	0,448375899999974	1,822396973	0,990046307288809	92,7900699083503
40119,99902	0,449091199999998	1,826140747	0,990224201681571	92,9806897657841
40129,99902	0,450074599999994	1,826785767	0,990013615011348	93,0135319246436
40139,99902	0,449031599999955	1,826662231	0,990077694475353	93,007241904277
40149,99902	0,449120999999991	1,827093994	0,990046865327684	93,0292257637474
40159,99902	0,448852699999975	1,820145508	0,990172323067521	92,675433197556
40169,99902	0,449597799999992	1,825035156	0,990119886414595	92,9243969450102
40179,99902	0,448852699999975	1,825400635	0,990074993287179	92,9430058553971
40189,99902	0,449359399999992	1,824787476	0,990051149626144	92,9117859470468
40199,99902	0,448048099999994	1,819404053	0,99034518910999	92,6376809063136
40209,99902	0,449329599999999	1,822755127	0,990274497185337	92,8083058553971
40219,99902	0,44867389999996	1,821772461	0,990044816184933	92,7582719450102
40229,99902	0,44810769999998	1,819182861	0,990206132422802	92,6264185845214
40239,99902	0,448256700000002	1,820301147	0,989867573837595	92,683357790224
40249,99902	0,448346099999981	1,819818237	0,990015943173536	92,6587697046843
40259,99902	0,448137499999973	1,820808838	0,990132274277578	92,7092076374745
40269,99902	0,448614299999974	1,823364868	0,990113738986343	92,8393517311609
40279,99902	0,449001799999962	1,824616211	0,990030380179269	92,9030657331976
40289,99902	0,449597799999992	1,826230835	0,990151739633605	92,9852767311609
40299,99902	0,44810769999998	1,819223633	0,989947859430578	92,6284945519348
40309,99902	0,448286499999995	1,820218262	0,989810665873182	92,6791375763747
40319,99902	0,448286499999995	1,820023682	0,990017434277411	92,6692302443992
40329,99902	0,44843549999996	1,822136597	0,990037830698299	92,7768124745418
40339,99902	0,449031599999955	1,824887573	0,989964251572513	92,9168825356415
40349,99902	0,449120999999991	1,82762561	0,989975242338169	93,0562937881874
40359,99902	0,448286499999995	1,821582031	0,990032988360965	92,7485759164969
40369,99902	0,448703699999953	1,823528687	0,99017977458662	92,8476928207739
40379,99902	0,447958699999958	1,819800659	0,990089523299391	92,657874694501
40389,99902	0,449031599999955	1,825500977	0,990098929954693	92,9481149185336
40399,99902	0,448465299999953	1,822276489	0,989923363724119	92,7839352851324
40409,99902	0,449508399999957	1,82542981	0,989981854798817	92,9444913441955
40419,99902	0,448524899999995	1,824062378	0,990224481701078	92,874866496945
40429,99902	0,449746799999957	1,827849731	0,990110665772252	93,0677052443992
40439,99902	0,449448799999971	1,824638306	0,989881823830301	92,9041907331976
40449,99902	0,450581299999953	1,832147217	0,990308771573014	93,2865181771894
40459,99902	0,448882499999968	1,827946655	0,990071920073088	93,0726402749491
40469,99902	0,448018300000001	1,820973999	0,98994757941107	92,7176170570265
40479,99902	0,448614299999974	1,823853638	0,989845127273887	92,8642381873727
40489,99902	0,447630799999956	1,817497559	0,990136278556531	92,540608910387
40499,99902	0,448882499999968	1,824846069	0,990198029858348	92,9147692973523
40509,99902	0,447958699999958	1,820879883	0,990057297054396	92,712825
40519,99902	0,448524899999995	1,824412109	0,990195049650736	92,8926735743381
40529,99902	0,449091199999998	1,827086548	0,989729169195831	93,0288466395112
40539,99902	0,448286499999995	1,821387329	0,989881357797835	92,7386623727087
40549,99902	0,449329599999999	1,825471069	0,990129386076376	92,946592107943
40559,99902	0,44843549999996	1,823307983	0,990172230061042	92,8364553462322
40569,99902	0,448942099999954	1,824132568	0,990126405868764	92,8784403258656
40579,99902	0,448882499999968	1,825849243	0,990274403178788	92,9658474032586
40589,99902	0,448882499999968	1,826865601	0,990057763086861	93,0175967922607
40599,99902	0,449269999999956	1,824223267	0,98987129909711	92,883058401222
40609,99902	0,449448799999971	1,826124634	0,990183686859163	92,9798693482688
40619,99902	0,449269999999956	1,824433716	0,990243947057105	92,8937737270876
40629,99902	0,448346099999981	1,821673096	0,989798837049144	92,7532126272912
40639,99902	0,448703699999953	1,824491821	0,990172044048083	92,8967322301426
40649,99902	0,448018300000001	1,818864746	0,990265555562431	92,6102212830957
40659,99902	0,448256700000002	1,821107422	0,990150808568743	92,7244104887984
40669,99902	0,448465299999953	1,821926147	0,989936961671401	92,7660970977597
40679,99902	0,44867389999996	1,822795044	0,990215354065215	92,8103382892057
40689,99902	0,448256700000002	1,822393677	0,990055340918124	92,7899020875764
40699,99902	0,448793099999989	1,82461792	0,990082071780292	92,9031527494908
40709,99902	0,448524899999995	1,823053589	0,98991162790656	92,8235024949083
40719,99902	0,44843549999996	1,824197998	0,989840283936482	92,8817717922607
40729,99902	0,448852699999975	1,823406006	0,990054502859742	92,8414463340122
40739,99902	0,44921039999997	1,828328247	0,990253260705927	93,0920696028513
40749,99902	0,448614299999974	1,824096313	0,990027958010532	92,8765943482688
40759,99902	0,449329599999999	1,82322229	0,990333919324896	92,8320921588595
40769,99902	0,44867389999996	1,8225802	0,989943854151556	92,799399185336
40779,99902	0,448703699999953	1,822109985	0,990100886090964	92,7754574847251
40789,99902	0,448852699999975	1,824404541	0,990026840932713	92,8922882382892
40799,99902	0,448137499999973	1,820984497	0,990015943173536	92,7181515784114
40809,99902	0,448256700000002	1,820039185	0,989961923410325	92,6700196028513
40819,99902	0,449180599999977	1,824156616	0,990161985347358	92,8796647657841
40829,99902	0,450491899999975	1,83243811	0,99021376995486	93,3013294297352
40839,99902	0,449329599999999	1,828824219	0,989980736720928	93,1173227596741
40849,99902	0,447720299999958	1,817949097	0,990048635450997	92,5635996435845
40859,99902	0,449746799999957	1,826388306	0,990283344801693	92,9932946028513
40869,99902	0,450342899999953	1,830114502	0,989920662535944	93,1830194501018
40879,99902	0,449955399999965	1,827342773	0,990201196078918	93,0418927189409
40889,99902	0,448942099999954	1,824764771	0,990046400295288	92,9106298879837
40899,99902	0,449359399999992	1,829884521	0,990173627158368	93,1713096232179
40909,99902	0,449001799999962	1,827467163	0,990118489317268	93,0482262219959
40919,99902	0,448763299999996	1,825458496	0,990056179976576	92,9459519348269
40929,99902	0,450342899999953	1,830327393	0,990156210945092	93,1938591140529
40939,99902	0,450104399999987	1,829075684	0,989836837696405	93,1301264765784
40949,99902	0,448703699999953	1,823116333	0,989997967921315	92,8266971995927
40959,99902	0,44921039999997	1,825353882	0,990048449438039	92,9406253564155
40969,99902	0,448465299999953	1,822258179	0,990061302333418	92,7830030040733
40979,99902	0,449418999999978	1,824776733	0,990122866622207	92,9112389511202
40989,99902	0,447302999999977	1,814173584	0,990105356402382	92,3713637474542
40999,99902	0,449120999999991	1,825112549	0,989936775658442	92,9283375254582
41009,99902	0,449746799999957	1,826043945	0,990159750191649	92,9757609470468
41019,99902	0,4477799	1,817735962	0,990036247588014	92,5527475560081
41029,99902	0,44921039999997	1,823812744	0,990079836624583	92,8621560081466
41039,99902	0,450283299999967	1,831397339	0,990095856740602	93,2483370162933
41049,99902	0,448942099999954	1,824968994	0,990053478788401	92,9210282077393
41059,99902	0,448614299999974	1,822699585	0,990098464922297	92,8054778513238
41069,99902	0,449269999999956	1,826231934	0,990061488346376	92,985332688391
41079,99902	0,448256700000002	1,822199829	0,990066703709697	92,7800320264766
41089,99902	0,450104399999987	1,828036865	0,990056552002493	93,0772334521385
41099,99902	0,450372700000003	1,830201294	0,990142611997741	93,1874385947047
41109,99902	0,451177299999983	1,836436523	0,990054409853263	93,5049146130346
41119,99902	0,449031599999955	1,827114624	0,990009516725846	93,0302761710794
41129,99902	0,448942099999954	1,825860474	0,990029449114408	92,9664192464358
41139,99902	0,448882499999968	1,823775879	0,990020973523968	92,8602789714868
41149,99902	0,448465299999953	1,822619019	0,989799489094567	92,8013757128309
41159,99902	0,449180599999977	1,826049438	0,990238172654839	92,9760406313646
41169,99902	0,449836199999993	1,827530762	0,990030566192228	93,0514644602851
41179,99902	0,450283299999967	1,829498657	0,989953447819885	93,1516627800407
41189,99902	0,44867389999996	1,823285156	0,989878843622689	92,8352930753564
41199,99902	0,450074599999994	1,82699939	0,990073317170414	93,0244088594705
41209,99902	0,449538200000006	1,82484375	0,990022090601788	92,9146512219959
41219,99902	0,449091199999998	1,822692627	0,990238172654839	92,8051235743381
41229,99902	0,448375899999974	1,823146362	0,989984089954526	92,8282261710794
41239,99902	0,449001799999962	1,825160034	0,989907902647045	92,9307552953157
41249,99902	0,448375899999974	1,820375488	0,98998259985072	92,6871429735234
41259,99902	0,44867389999996	1,822597778	0,990036061575056	92,8002941955193
41269,99902	0,449448799999971	1,821892212	0,990125381797423	92,7643692464358
41279,99902	0,449746799999957	1,827183472	0,990268908796029	93,0337816700611
41289,99902	0,448852699999975	1,823743286	0,989856583071939	92,8586194501018
41299,99902	0,449865999999986	1,825380371	0,990237427602936	92,9419740835031
41309,99902	0,449865999999986	1,824643799	0,990012869959445	92,9044704175153
41319,99902	0,448554699999988	1,822848267	0,990095111688699	92,8130482179226
41329,99902	0,450372700000003	1,829685059	0,98989570179709	93,1611537169043
41339,99902	0,449001799999962	1,824590698	0,990066238677301	92,901766700611
41349,99902	0,448018300000001	1,818671509	0,989898029959278	92,6003823319756
41359,99902	0,447869299999979	1,817942261	0,990106846506188	92,5632515784114
41369,99902	0,449329599999999	1,828222412	0,990238824700263	93,0866808553971
41379,99902	0,448465299999953	1,822050171	0,990182289761837	92,7724119653768
41389,99902	0,448256700000002	1,820849487	0,990121656537908	92,7112773421589
41399,99902	0,450283299999967	1,829039673	0,989971237059147	93,1282929226069
41409,99902	0,449508399999957	1,828346436	0,990033733412868	93,0929957230142
41419,99902	0,449329599999999	1,825326782	0,990050218561282	92,9392455193483
41429,99902	0,449120999999991	1,821476196	0,990058322125806	92,7431871690428
41439,99902	0,451117699999998	1,835570801	0,98991470212072	93,4608350814664
41449,99902	0,449001799999962	1,825753174	0,990127150920667	92,9609559063136
41459,99902	0,449180599999977	1,824222778	0,990041090925418	92,883033503055
41469,99902	0,448942099999954	1,825072754	0,989958570176727	92,9263113034623
41479,99902	0,448852699999975	1,825613281	0,990075552326123	92,9538330448065
41489,99902	0,448763299999996	1,824627075	0,990145965231339	92,9036188900204
41499,99902	0,449091199999998	1,824817993	0,99021581909761	92,9133397657841
41509,99902	0,449120999999991	1,821494019	0,99000271825224	92,7440946537678
41519,99902	0,451028299999962	1,833506714	0,989957639111865	93,3557390020367
41529,99902	0,449001799999962	1,82436084	0,989958291157289	92,8900631364562
41539,99902	0,449627599999985	1,822959839	0,990070989008226	92,8187290733197
41549,99902	0,448197099999959	1,82140918	0,989997967921315	92,7397749490835
41559,99902	0,450760099999968	1,829710571	0,990142052958796	93,1624526985743
41569,99902	0,450074599999994	1,824796997	0,990040252867036	92,9122707230142
41579,99902	0,448375899999974	1,820640625	0,99003568854907	92,7006428207739
41589,99902	0,448852699999975	1,823605957	0,990027585984616	92,8516271384929
41599,99902	0,450163999999972	1,826384277	0,990047983405573	92,9930894602851
41609,99902	0,449031599999955	1,823874268	0,990412528801115	92,8652885947047
41619,99902	0,448703699999953	1,823594116	0,990201569104905	92,8510242362525
41629,99902	0,450163999999972	1,826586182	0,99016813177554	93,0033697556008
41639,99902	0,449538200000006	1,823899292	0,989898588998222	92,8665627291242
41649,99902	0,448942099999954	1,822614502	0,989830877281181	92,8011457230142
41659,99902	0,448346099999981	1,819629639	0,990116254161559	92,6491669551935
41669,99902	0,44867389999996	1,820858765	0,990191137378193	92,7117497454175
41679,99902	0,450074599999994	1,824685303	0,990348542343588	92,9065836558045
41689,99902	0,448346099999981	1,819611938	0,990061861372362	92,648265682281
41699,99902	0,449180599999977	1,824218994	0,990117930278324	92,8828408350305
41709,99902	0,449746799999957	1,823336182	0,990113459966906	92,8378911405295
41719,99902	0,449329599999999	1,823446777	0,990259967173124	92,8435222505092
41729,99902	0,449448799999971	1,824849487	0,990074341241755	92,9149433299389
41739,99902	0,450074599999994	1,823602783	0,990016595218959	92,8514655295316
41749,99902	0,449836199999993	1,825939697	0,99020846158506	92,9704530040733
41759,99902	0,449091199999998	1,824977539	0,990048542444518	92,9214632892057
41769,99902	0,450491899999975	1,829437378	0,99003140425061	93,1485426680244
41779,99902	0,44843549999996	1,821661133	0,989981854798817	92,7526035132383
41789,99902	0,451654200000007	1,840021484	0,989857235117363	93,6874482688391
41799,99902	0,449031599999955	1,829025391	0,990047424366629	93,1275657331976
41809,99902	0,450163999999972	1,830515381	0,989635471668524	93,2034308044807
41819,99902	0,448346099999981	1,822197632	0,989995825772085	92,7799201629328
41829,99902	0,448554699999988	1,824056519	0,99006744976167	92,8745681771894
41839,99902	0,448793099999989	1,823510376	0,990092596513483	92,8467604887984
41849,99902	0,448137499999973	1,820925537	0,990086263072272	92,7151495417515
41859,99902	0,448346099999981	1,821243408	0,990136651582517	92,7313344195519
41869,99902	0,449091199999998	1,82454248	0,990098650935256	92,8993116089613
41879,99902	0,449538200000006	1,826101074	0,990123984700096	92,9786697556008
41889,99902	0,449418999999978	1,827683228	0,990150715562264	93,0592274949083
41899,99902	0,448703699999953	1,823791016	0,989969653948862	92,861049694501
41909,99902	0,448793099999989	1,822956909	0,989952608761433	92,8185798879837
41919,99902	0,44867389999996	1,823418945	0,99013842070576	92,8421051425662
41929,99902	0,448793099999989	1,823889038	0,990087381150162	92,8660406313646
41939,99902	0,450342899999953	1,829865112	0,989965089630895	93,1703213849287
41949,99902	0,450163999999972	1,828597656	0,98994133897634	93,1057869653768
41959,99902	0,450163999999972	1,829806763	0,990341369843926	93,1673504582485
41969,99902	0,449776600000007	1,830855103	0,990008771673943	93,2207282586558
41979,99902	0,449001799999962	1,825313354	0,990292286424599	92,9385618126273
41989,99902	0,448554699999988	1,822168945	0,989869342960839	92,7784595213849
41999,99902	0,450581299999953	1,831528442	0,990151460614167	93,2550123217923
42009,99902	0,450670699999989	1,832372559	0,990220755441494	93,297991802444
42019,99902	0,450342899999953	1,830830444	0,989829666196813	93,2194727087576
42029,99902	0,448882499999968	1,827450439	0,990107126525696	93,047374694501
42039,99902	0,44921039999997	1,828665405	0,990045003197961	93,1092365071283
42049,99902	0,448793099999989	1,825384644	0,990043885120072	92,9421916496945
42059,99902	0,448763299999996	1,825414795	0,989977756513316	92,9437268329939
42069,99902	0,450521699999967	1,829135864	0,990076763410492	93,1331906313646
42079,99902	0,448614299999974	1,82458667	0,990149690490854	92,9015616089613
42089,99902	0,449269999999956	1,82607251	0,990388592133601	92,9772153767821
42099,99902	0,44921039999997	1,825582764	0,990068939865476	92,9522792260692
42109,99902	0,449955399999965	1,827595337	0,990435906429684	93,0547523930753
42119,99902	0,449269999999956	1,826814941	0,98996136437138	93,0150173625255
42129,99902	0,448793099999989	1,825158203	0,990264251471583	92,9306620672098
42139,99902	0,448793099999989	1,824462891	0,990183034813739	92,895259215886
42149,99902	0,450163999999972	1,828711304	0,9900070025507	93,1115735234216
42159,99902	0,449329599999999	1,824901611	0,990206412442309	92,9175973014257
42169,99902	0,448763299999996	1,822526733	0,990268069737578	92,7966768329939
42179,99902	0,450283299999967	1,828908325	0,990181544709933	93,1216051425662
42189,99902	0,450432299999989	1,829640747	0,990304487274554	93,1588975050916
42199,99902	0,448852699999975	1,824917603	0,9901468962962	92,9184115580448
42209,99902	0,449746799999957	1,828657837	0,989886574161226	93,1088511710794
42219,99902	0,450104399999987	1,830745728	0,99021376995486	93,2151592668024
42229,99902	0,449776600000007	1,82773584	0,990121004492484	93,0619063136456
42239,99902	0,450491899999975	1,829108643	0,989970399000765	93,1318046334012
42249,99902	0,450074599999994	1,829987549	0,990108150597036	93,1765554480652
42259,99902	0,44867389999996	1,822350464	0,990092596513483	92,7877018329939
42269,99902	0,448524899999995	1,822319458	0,990103587279139	92,7861231160896
42279,99902	0,44921039999997	1,823721558	0,990008492654506	92,8575131364562
42289,99902	0,450372700000003	1,829030518	0,990102842227236	93,1278267820774
42299,99902	0,449687199999971	1,825425903	0,990105449408862	92,944292413442
42309,99902	0,448763299999996	1,82256665	0,989919638464604	92,7987092668024
42319,99902	0,449538200000006	1,825119141	0,990247114277745	92,9286731670061
42329,99902	0,450283299999967	1,827314697	0,989991448467147	93,0404631873727
42339,99902	0,449418999999978	1,826416626	0,990135626511107	92,9947365580448
42349,99902	0,44867389999996	1,82464209	0,990221314480438	92,904383401222
42359,99902	0,449269999999956	1,825870361	0,99000271825224	92,9669226578411
42369,99902	0,449091199999998	1,825049072	0,989976452422468	92,9251054989817
42379,99902	0,450700499999982	1,831472046	0,989820538560949	93,2521408350305
42389,99902	0,451684	1,840657104	0,990405915340397	93,7198118126273
42399,99902	0,449865999999986	1,829601074	0,989907716634086	93,1568774949083
42409,99902	0,449597799999992	1,825901733	0,98996350652061	92,9685200101833
42419,99902	0,449538200000006	1,828222168	0,990002531239212	93,0866684317719
42429,99902	0,450998499999969	1,8341875	0,990114857064233	93,3904022403259
42439,99902	0,449597799999992	1,830155029	0,990118582323747	93,1850829429735
42449,99902	0,450521699999967	1,831108154	0,989885549089816	93,2336127291242
42459,99902	0,450432299999989	1,833278076	0,989871765129575	93,3440975560082
42469,99902	0,450193799999965	1,828749878	0,990171672022167	93,1135375763748
42479,99902	0,448614299999974	1,823102051	0,990110106733307	92,8259700101833
42489,99902	0,450163999999972	1,830786621	0,990199240942716	93,217241395112
42499,99902	0,451117699999998	1,833838135	0,990293403502419	93,3726137983707
42509,99902	0,450372700000003	1,827996948	0,989969653948862	93,0752010183299
42519,99902	0,448703699999953	1,822099731	0,989800700178936	92,7749353869654
42529,99902	0,450581299999953	1,830175171	0,99012258760277	93,186108503055
42539,99902	0,449865999999986	1,82607312	0,990266114601376	92,9772464358452
42549,99902	0,449836199999993	1,824946411	0,990020507491502	92,9198783604888
42559,99902	0,450819699999954	1,830692383	0,990177818450349	93,2124431262729
42569,99902	0,449269999999956	1,824869629	0,989921687607354	92,9159688900204
42579,99902	0,448703699999953	1,822225098	0,990238358667798	92,7813186354379
42589,99902	0,449776600000007	1,82533313	0,990067728781107	92,9395687372709
42599,99902	0,450432299999989	1,828818237	0,990048169418532	93,1170181771894
42609,99902	0,450581299999953	1,829680908	0,990076670404013	93,1609423625255
42619,99902	0,449418999999978	1,827496582	0,989986977155659	93,0497241344195
42629,99902	0,450015000000008	1,826022583	0,989866735779213	92,9746732688391
42639,99902	0,449538200000006	1,826893188	0,990184989949941	93,0190014256619
42649,99902	0,450432299999989	1,830203125	0,990078439527256	93,1875318228106
42659,99902	0,450193799999965	1,828624146	0,990223549636147	93,1071357433809
42669,99902	0,450342899999953	1,828363159	0,990238731693784	93,0938471995927
42679,99902	0,450432299999989	1,82911792	0,989956800053414	93,1322769857434
42689,99902	0,449925599999972	1,828297363	0,989886294141719	93,0904970977597
42699,99902	0,449508399999957	1,824286865	0,990315291027182	92,8862965885947
42709,99902	0,450074599999994	1,825574707	0,99013106319321	92,9518689918534
42719,99902	0,450849500000004	1,829108765	0,989925691886307	93,1318108452138
42729,99902	0,449955399999965	1,827093994	0,989913398029873	93,0292257637474
42739,99902	0,450760099999968	1,829614868	0,989968628877452	93,1575798370672
42749,99902	0,449508399999957	1,82523938	0,990198308877786	92,9347953156823
42759,99902	0,450611100000003	1,828285889	0,989921035561931	93,0899128818737
42769,99902	0,450432299999989	1,828797363	0,989982413837762	93,1159553462322
42779,99902	0,450372700000003	1,826774902	0,990066052664343	93,0129787169043
42789,99902	0,450163999999972	1,829020386	0,990081606747896	93,1273108961304
42799,99902	0,450819699999954	1,8300177	0,990080954702472	93,1780906313646
42809,99902	0,450283299999967	1,826398071	0,99000802662204	92,993791802444
42819,99902	0,450521699999967	1,827282471	0,989992006506021	93,0388223523422
42829,99902	0,449955399999965	1,825760498	0,989796694899914	92,9613288187373
42839,99902	0,450253400000008	1,825726196	0,990134788452725	92,9595822810591
42849,99902	0,450819699999954	1,82930957	0,989955682975594	93,1420351323829
42859,99902	0,450611100000003	1,829197998	0,990265369549473	93,1363542769857
42869,99902	0,450491899999975	1,828605103	0,990019576426641	93,1061661405295
42879,99902	0,450700499999982	1,82859436	0,990293962541363	93,1056191446029
42889,99902	0,450104399999987	1,826085693	0,989967324786604	92,9778866089613
42899,99902	0,449120999999991	1,822875366	0,989895887810048	92,8144280040733
42909,99902	0,450670699999989	1,827721313	0,990099022961172	93,0611666496945
42919,99902	0,451326300000005	1,831062744	0,990149504477896	93,231300610998
42929,99902	0,450938899999983	1,830638428	0,990058415132285	93,2096959266803
42939,99902	0,450849500000004	1,82875	0,99000169318083	93,1135437881874
42949,99902	0,450760099999968	1,82932312	0,989852950818903	93,1427250509165
42959,99902	0,450163999999972	1,823976074	0,98992746200962	92,8704721995927
42969,99902	0,450283299999967	1,826338989	0,990028610055956	92,9907835539715
42979,99902	0,451564799999971	1,8334021	0,989955868988552	93,3504124236253
42989,99902	0,450700499999982	1,828748779	0,990070242956254	93,1134816191446
42999,99902	0,449120999999991	1,823972656	0,99009185146158	92,8702981670061
43009,99902	0,449687199999971	1,824184937	0,990239476745687	92,8811067718941
43019,99902	0,450283299999967	1,827193604	0,990099675006596	93,0342975560081
43029,99902	0,450104399999987	1,827489014	0,990057670080382	93,0493387983707
43039,99902	0,450819699999954	1,829333862	0,990029449114408	93,1432719959267
43049,99902	0,449687199999971	1,824981567	0,990216099117117	92,9216683808554
43059,99902	0,450432299999989	1,828609619	0,989883313934107	93,1063960794297
43069,99902	0,450581299999953	1,82980896	0,990142425984783	93,1674623217923
43079,99902	0,45090909999999	1,830453857	0,990080302657048	93,2002982179226
43089,99902	0,45090909999999	1,829884399	0,990088778247489	93,1713034114053
43099,99902	0,450938899999983	1,830642822	0,989975428351128	93,2099196537678
43109,99902	0,449508399999957	1,825745605	0,990095297701657	92,9605705193483
43119,99902	0,450819699999954	1,828418945	0,989964717604979	93,0966876272912
43129,99902	0,450670699999989	1,830529663	0,990255216842199	93,20415799389
43139,99902	0,449597799999992	1,827981567	0,990091479435663	93,0744178716904
43149,99902	0,451743599999986	1,837416016	0,989973193195419	93,5547869653768
43159,99902	0,450432299999989	1,828427734	0,990085052987974	93,0971351323829
43169,99902	0,450581299999953	1,828878174	0,990077415455916	93,1200699592668
43179,99902	0,450670699999989	1,830465088	0,99018834318354	93,2008700610998
43189,99902	0,45090909999999	1,83461499	0,990138327699281	93,4121685336049
43199,99902	0,450611100000003	1,83086792	0,990092131481087	93,2213808553971
43209,99902	0,450670699999989	1,831795898	0,990110292746266	93,2686302443992
43219,99902	0,450074599999994	1,82837085	0,990191696417138	93,0942387983707
43229,99902	0,451922400000001	1,838521118	0,990231466187643	93,6110548879837
43239,99902	0,451505099999963	1,835055908	0,989980364695011	93,4346185336049
43249,99902	0,451087900000005	1,834068726	0,990215633084652	93,3843546843177
43259,99902	0,451087900000005	1,834966797	0,990035130510195	93,4300813136456
43269,99902	0,449865999999986	1,827267456	0,990149318464937	93,0380578411405
43279,99902	0,451117699999998	1,831114136	0,990104425337521	93,233917311609
43289,99902	0,450491899999975	1,829874634	0,99013851371224	93,1708062118126
43299,99902	0,451177299999983	1,834859131	0,990028983081943	93,4245993380855
43309,99902	0,450015000000008	1,830087036	0,98996881489041	93,1816209775967
43319,99902	0,45090909999999	1,832251343	0,989964903617937	93,2918199083503
43329,99902	0,450015000000008	1,829045532	0,990048542444518	93,1285912423625
43339,99902	0,451415699999984	1,835222412	0,990170646950757	93,4430963340122
43349,99902	0,449865999999986	1,82801123	0,990177446424432	93,0759282077393
43359,99902	0,450015000000008	1,82772644	0,989787660270529	93,0614276985743
43369,99902	0,451415699999984	1,835092896	0,989948231456494	93,4365018329939
43379,99902	0,451356099999998	1,837401489	0,990309144599	93,5540473014257
43389,99902	0,450819699999954	1,830523315	0,990030380179269	93,2038347759674
43399,99902	0,450938899999983	1,831442749	0,990126405868764	93,2506491344195
43409,99902	0,449776600000007	1,827162598	0,990442984922798	93,0327188391039
43419,99902	0,449776600000007	1,828603394	0,990000110070545	93,1060791242362
43429,99902	0,45090909999999	1,829494141	0,989977197474371	93,1514328411405
43439,99902	0,450253400000008	1,829861572	0,98996350652061	93,1701411405295
43449,99902	0,449776600000007	1,828246216	0,990228671992989	93,0878928716904
43459,99902	0,451266699999962	1,834193726	0,990197004786938	93,3907192464358
43469,99902	0,450700499999982	1,830114136	0,990043326081127	93,1830008146639
43479,99902	0,451087900000005	1,832494263	0,990084772968467	93,3041885437882
43489,99902	0,450819699999954	1,831508545	0,989991820493063	93,2539992362525
43499,99902	0,450521699999967	1,828922485	0,990159936204607	93,1223261201629
43509,99902	0,451326300000005	1,831804077	0,989992006506021	93,2690466904277
43519,99902	0,450104399999987	1,829591797	0,989968349858014	93,1564051425662
43529,99902	0,450849500000004	1,832592651	0,990184151891559	93,3091981160896
43539,99902	0,451654200000007	1,835719971	0,98984792146854	93,4684302953157
43549,99902	0,451177299999983	1,834387695	0,989902966303161	93,4005954684318
43559,99902	0,451594599999964	1,836902344	0,989888529297428	93,528632586558
43569,99902	0,451654200000007	1,836862671	0,990065586631877	93,5266125763747
43579,99902	0,451505099999963	1,834322144	0,98987446531768	93,3972578411405
43589,99902	0,449925599999972	1,831277832	0,990232677272011	93,2422521384929
43599,99902	0,449746799999957	1,828290771	0,989939383840138	93,0901614562118
43609,99902	0,451415699999984	1,835453857	0,990013708017827	93,4548807026477
43619,99902	0,450700499999982	1,831878662	0,989977570500358	93,2728442973523
43629,99902	0,451236899999969	1,834983521	0,990275987289143	93,4309328411405
43639,99902	0,451564799999971	1,836177368	0,989996756836947	93,4917193482688
43649,99902	0,450432299999989	1,830590576	0,990014546076209	93,2072594704684
43659,99902	0,449865999999986	1,829435913	0,990149504477896	93,1484680753564
43669,99902	0,451684	1,836607056	0,990059625216584	93,5135975560082
43679,99902	0,450253400000008	1,834687988	0,990111782850072	93,4158853360489
43689,99902	0,450700499999982	1,831579224	0,990025629848344	93,2575979633401
43699,99902	0,450938899999983	1,833300781	0,990014826095716	93,3452536150713
43709,99902	0,450849500000004	1,831938965	0,990169715885895	93,2759147148676
43719,99902	0,450372700000003	1,831840454	0,990064003521592	93,2708988798371
43729,99902	0,450819699999954	1,832276978	0,990151460614167	93,2931251527495
43739,99902	0,451445499999977	1,835700684	0,990125846829819	93,4674482688391
43749,99902	0,451117699999998	1,834269897	0,989856862091376	93,3945976069246
43759,99902	0,451117699999998	1,833733154	0,990238172654839	93,3672685336049
43769,99902	0,450819699999954	1,831541504	0,989988840285451	93,2556773930754
43779,99902	0,450253400000008	1,829083252	0,990382630718307	93,1305118126273
43789,99902	0,450015000000008	1,830504395	0,990089150273405	93,2028714358452
43799,99902	0,451028299999962	1,833184692	0,989925505873349	93,3393427698574
43809,99902	0,450372700000003	1,832017822	0,989907436614579	93,2799298370672
43819,99902	0,450700499999982	1,828379028	0,989852484786438	93,0946551934827
43829,99902	0,451922400000001	1,837510254	0,990198122864827	93,5595852342159
43839,99902	0,451743599999986	1,836622192	0,990060743294473	93,5143682281059
43849,99902	0,451177299999983	1,83337915	0,990061302333418	93,3492438900204
43859,99902	0,451684	1,837055176	0,990166548665255	93,5364142566191
43869,99902	0,451505099999963	1,836388794	0,990303649216172	93,5024844195519
43879,99902	0,451743599999986	1,836578735	0,990074621261262	93,5121555498982
43889,99902	0,450372700000003	1,831926025	0,990093714591372	93,2752558553971
43899,99902	0,451266699999962	1,832531128	0,990068752852448	93,3060655804481
43909,99902	0,451684	1,834557739	0,989992658551445	93,4092535132383
43919,99902	0,450819699999954	1,831912109	0,990047610379587	93,2745473014257
43929,99902	0,451087900000005	1,832001099	0,990154254808821	93,2790783604888
43939,99902	0,450581299999953	1,8309021	0,990020041459037	93,2231211812627
43949,99902	0,451594599999964	1,835651978	0,989867573837595	93,4649683299389
43959,99902	0,451326300000005	1,835351929	0,990239755765125	93,449690885947
43969,99902	0,450283299999967	1,833377075	0,990149504477896	93,3491382382892
43979,99902	0,450253400000008	1,829395386	0,990172696093507	93,1464045824847
43989,99902	0,450670699999989	1,832543335	0,990296756736017	93,3066871181263
43999,99902	0,450253400000008	1,831898804	0,989983530915581	93,2738698574338
44009,99902	0,451236899999969	1,833604858	0,990280923633026	93,3607361507128
44019,99902	0,451505099999963	1,835244141	0,989929138126384	93,4442026985743
44029,99902	0,450253400000008	1,829297241	0,99003876276323	93,1414073828921
44039,99902	0,451356099999998	1,833394287	0,989948604482481	93,3500146130346
44049,99902	0,450163999999972	1,828939575	0,99012789597257	93,1231962830957
44059,99902	0,450342899999953	1,830401978	0,989953447819885	93,1976567209776
44069,99902	0,451177299999983	1,832836792	0,990043885120072	93,3216289205702
44079,99902	0,450521699999967	1,830737183	0,989928859106947	93,2147241853361
44089,99902	0,450581299999953	1,832490234	0,990195980715597	93,303983401222
44099,99902	0,45225019999998	1,840893188	0,990195887709118	93,7318323828921
44109,99902	0,451445499999977	1,835783081	0,989991448467147	93,4716436354379
44119,99902	0,451773399999979	1,836470703	0,989875397382611	93,5066549389002
44129,99902	0,451862799999958	1,838784668	0,990014546076209	93,6244739307536
44139,99902	0,450074599999994	1,830852783	0,990020879517419	93,2206101323829
44149,99902	0,451922400000001	1,836850952	0,990114484038246	93,526015885947
44159,99902	0,451236899999969	1,834709595	0,99002823803004	93,4169854887984
44169,99902	0,450760099999968	1,833845337	0,990073131157456	93,3729804989817
44179,99902	0,451356099999998	1,836305054	0,990039507815133	93,4982206720978
44189,99902	0,450670699999989	1,835098755	0,990067169742162	93,4368001527495
44199,99902	0,452309799999966	1,841700806	0,989653633933773	93,7729534623218
44209,99902	0,45225019999998	1,841676514	0,990016409206001	93,771716598778
44219,99902	0,450849500000004	1,837903809	0,990208833610976	93,5796236761711
44229,99902	0,450193799999965	1,835206299	0,99003773769182	93,4422759164969
44239,99902	0,451326300000005	1,837737549	0,990234354388845	93,571158299389
44249,99902	0,451594599999964	1,837373413	0,990185735001844	93,5526177698574
44259,99902	0,450491899999975	1,833631836	0,990029169094901	93,3621097759674
44269,99902	0,450938899999983	1,838054321	0,990233795349901	93,5872872199593
44279,99902	0,450491899999975	1,838138062	0,990158446100801	93,5915510183299
44289,99902	0,449776600000007	1,827798706	0,989820259541511	93,0651072301426
44299,99902	0,450938899999983	1,832220215	0,990368287719122	93,2902349796334
44309,99902	0,451922400000001	1,839019897	0,989948045443536	93,6364509674135
44319,99902	0,451415699999984	1,836388794	0,989996011785044	93,5024844195519
44329,99902	0,449925599999972	1,831156982	0,990176980391967	93,2360988798371
44339,99902	0,450611100000003	1,833230957	0,99004416413951	93,3416984215886
44349,99902	0,450342899999953	1,831088867	0,990112062869579	93,2326307026477
44359,99902	0,451743599999986	1,835736206	0,99022531975946	93,4692569246436
44369,99902	0,449746799999957	1,82911792	0,989973006182391	93,1322769857434
44379,99902	0,451028299999962	1,834300659	0,990095297701657	93,3961639002037
44389,99902	0,451087900000005	1,833911255	0,99016077426299	93,3763368126273
44399,99902	0,450760099999968	1,834582153	0,990173255132452	93,4104965885947
44409,99902	0,451028299999962	1,835454224	0,98989570179709	93,454899389002
44419,99902	0,450611100000003	1,835366089	0,989866921792171	93,4504118635438
44429,99902	0,451832999999965	1,837525269	0,989880426732974	93,5603497454175
44439,99902	0,451326300000005	1,832811523	0,990010820816694	93,320342311609
44449,99902	0,450700499999982	1,834699707	0,990007467583096	93,4164820264766
44459,99902	0,451415699999984	1,834202026	0,990145779218381	93,3911418533605
44469,99902	0,451832999999965	1,836494507	0,99019467662475	93,5078669551935
44479,99902	0,450521699999967	1,831753296	0,990159191152704	93,2664610997963
44489,99902	0,450104399999987	1,830230103	0,990034385458292	93,1889054480652
44499,99902	0,450372700000003	1,83096521	0,990033360386881	93,2263345213849
44509,99902	0,451564799999971	1,836193481	0,990009609732325	93,4925397657841
44519,99902	0,452101199999959	1,840614746	0,990357762985931	93,7176550916497
44529,99902	0,451505099999963	1,833343872	0,989829200164347	93,3474476578411
44539,99902	0,450372700000003	1,829919678	0,990072292099004	93,173099694501
44549,99902	0,451981999999987	1,838140381	0,990106381473792	93,5916690936864
44559,99902	0,451922400000001	1,837757568	0,990063910515113	93,5721775967413
44569,99902	0,451445499999977	1,838230835	0,989895794803569	93,596274694501
44579,99902	0,451445499999977	1,837619019	0,99003671362048	93,5651231670061
44589,99902	0,452488599999981	1,845088135	0,990036154581535	93,945424389002
44599,99902	0,452667399999996	1,84349231	0,989915167153116	93,8641705702648
44609,99902	0,451832999999965	1,839512085	0,990131529225675	93,6615114562118
44619,99902	0,450670699999989	1,837307373	0,989932025327517	93,5492552443992
44629,99902	0,450849500000004	1,836437622	0,99004202199028	93,5049705702648
44639,99902	0,450104399999987	1,831110962	0,990031218237652	93,2337557026477
44649,99902	0,450372700000003	1,834144043	0,989937986742811	93,3881895621181
44659,99902	0,451564799999971	1,834020874	0,99023072113574	93,3819182281059
44669,99902	0,449418999999978	1,82407959	0,989931280275614	92,8757428716904
44679,99902	0,451326300000005	1,832557373	0,990072572118511	93,3074018839104
44689,99902	0,451862799999958	1,836967041	0,989981947805296	93,5319267311609
44699,99902	0,451922400000001	1,837384644	0,990256334920088	93,5531896130346
44709,99902	0,452726999999982	1,844112549	0,990234447395325	93,8957509674134
44719,99902	0,449836199999993	1,829415405	0,990269187815467	93,1474238798371
44729,99902	0,452160800000001	1,837560425	0,9902041772866	93,5621397657841
44739,99902	0,451564799999971	1,835610718	0,989978967597684	93,462867515275
44749,99902	0,452518399999974	1,841368286	0,990185829008393	93,7560227087576
44759,99902	0,452399200000002	1,839910034	0,99003987984105	93,6817736252546
44769,99902	0,452071399999966	1,838190674	0,990178191476335	93,5942298370672
44779,99902	0,452101199999959	1,839332153	0,989652608862363	93,6523499490835
44789,99902	0,451505099999963	1,838760254	0,990238638687305	93,6232308553972
44799,99902	0,451594599999964	1,837236206	0,989907529621058	93,5456316700611
44809,99902	0,452935699999955	1,844491089	0,990191323391152	93,915024898167
44819,99902	0,450849500000004	1,835025269	0,99020846158506	93,433058503055
44829,99902	0,452518399999974	1,841598511	0,990144009095068	93,7677449592668
44839,99902	0,451862799999958	1,837133057	0,990058694151722	93,5403796843177
44849,99902	0,452488599999981	1,840741455	0,990149783497333	93,7241066700611
44859,99902	0,451981999999987	1,836177612	0,990254750809733	93,4917317718941
44869,99902	0,452071399999966	1,837360596	0,989999365018642	93,5519651731161
44879,99902	0,452309799999966	1,841898804	0,990265369549473	93,7830348268839
44889,99902	0,451922400000001	1,838103516	0,989996849843426	93,5897920570265
44899,99902	0,452905899999962	1,844471924	0,990133764381384	93,914049083503
44909,99902	0,451028299999962	1,8362323	0,990082071780292	93,494516293279
44919,99902	0,452399200000002	1,842576782	0,990107405545133	93,8175550916497
44929,99902	0,452428999999995	1,842229614	0,989940314904999	93,7998785132383
44939,99902	0,451743599999986	1,838636475	0,990090920396718	93,6169284623218
44949,99902	0,450611100000003	1,834802002	0,990009330712888	93,4216905295316
44959,99902	0,451743599999986	1,838574463	0,989892255557012	93,6137710285132
44969,99902	0,451773399999979	1,836619629	0,990146524270284	93,5142377291242
44979,99902	0,452160800000001	1,839783447	0,990300948027997	93,6753282586558
44989,99902	0,451445499999977	1,83734314	0,990159377165663	93,5510763747454
44999,99902	0,452339599999959	1,840920898	0,990060277262008	93,7332432790224
45009,99902	0,450998499999969	1,837924194	0,990065586631877	93,5806616089613
45019,99902	0,451684	1,83663147	0,989975987390072	93,5148406313646
45029,99902	0,450938899999983	1,835518311	0,989954657904184	93,4581624745418
45039,99902	0,451981999999987	1,838781738	0,989907436614579	93,6243247454175
45049,99902	0,451564799999971	1,836456177	0,990076763410492	93,5059153258656
45059,99902	0,452428999999995	1,842606323	0,99001119384268	93,8190592158859
45069,99902	0,452995299999998	1,847955566	0,990112062869579	94,0914239307536
45079,99902	0,45201179999998	1,842004883	0,990183406839656	93,7884359979633
45089,99902	0,451832999999965	1,839921021	0,990101631142867	93,6823330448065
45099,99902	0,452190599999994	1,841069214	0,990222152538821	93,7407950101833
45109,99902	0,451981999999987	1,840767212	0,990157980068336	93,7254181262729
45119,99902	0,451505099999963	1,836331543	0,99026462449757	93,4995693991853
45129,99902	0,450074599999994	1,83239978	0,990148107380569	93,2993778004073
45139,99902	0,450581299999953	1,834945068	0,990059253190667	93,4289749490835
45149,99902	0,451177299999983	1,834019043	0,989892814595957	93,381825
45159,99902	0,451594599999964	1,837202759	0,990061116320459	93,5439286659878
45169,99902	0,450998499999969	1,838960205	0,990080488670007	93,6334116598778
45179,99902	0,452190599999994	1,840266846	0,990237427602936	93,6999412423625
45189,99902	0,451326300000005	1,836068848	0,990279339522671	93,4861938900204
45199,99902	0,451415699999984	1,837124512	0,990037365665903	93,5399446028513
45209,99902	0,451505099999963	1,837166016	0,98987660846698	93,5420578411405
45219,99902	0,450283299999967	1,834558838	0,990158166081294	93,4093094704684
45229,99902	0,450491899999975	1,834805542	0,990026467906726	93,4218707739307
45239,99902	0,451564799999971	1,835824829	0,989917589321853	93,4737692973523
45249,99902	0,451028299999962	1,833819458	0,990195421676653	93,3716628309572
45259,99902	0,449865999999986	1,831620239	0,990109361681404	93,2596863034623
45269,99902	0,450760099999968	1,835493652	0,99000169318083	93,4569069246436
45279,99902	0,452101199999959	1,840355347	0,990192627481999	93,7044474032587
45289,99902	0,451832999999965	1,839111572	0,989970399000765	93,6411187372709
45299,99902	0,451117699999998	1,837278198	0,990028610055956	93,5477697556008
45309,99902	0,452071399999966	1,83936084	0,990200265014057	93,6538105906314
45319,99902	0,452756799999975	1,845362427	0,990287815113111	93,9593903767821
45329,99902	0,451087900000005	1,836320435	0,989971423072106	93,4990038187373
45339,99902	0,450342899999953	1,83414502	0,990208088559073	93,3882393075356
45349,99902	0,450819699999954	1,83373584	0,989956521033976	93,3674052953157
45359,99902	0,451266699999962	1,834193237	0,990141773939359	93,3906943482688
45369,99902	0,451266699999962	1,838060059	0,990177632437391	93,5875793788187
45379,99902	0,451773399999979	1,836888916	0,990079464598666	93,5279488798371
45389,99902	0,451832999999965	1,837876221	0,990063071456661	93,5782189918534
45399,99902	0,450521699999967	1,832484741	0,990080954702472	93,3037037169043
45409,99902	0,451445499999977	1,838062866	0,989926902970676	93,5877223014257
45419,99902	0,452101199999959	1,840316406	0,990417092119012	93,7024646639511
45429,99902	0,451445499999977	1,835716064	0,990023301686156	93,4682313645621
45439,99902	0,452488599999981	1,841041138	0,990210230708303	93,7393654786151
45449,99902	0,45201179999998	1,83883374	0,990049007476914	93,6269725050916
45459,99902	0,452428999999995	1,839752686	0,990110665772252	93,6737620162933
45469,99902	0,452071399999966	1,839442261	0,990155092867203	93,6579562627291
45479,99902	0,451266699999962	1,837846924	0,990067169742162	93,5767272912424
45489,99902	0,451594599999964	1,835732788	0,990089243279884	93,469082892057
45499,99902	0,451981999999987	1,838237915	0,990264065458625	93,5966351832994
45509,99902	0,451117699999998	1,834825195	0,990069591910899	93,4228714358452
45519,99902	0,450998499999969	1,835773438	0,990041276938377	93,4711526476578
45529,99902	0,451445499999977	1,83396167	0,990198774910251	93,3789037678208
45539,99902	0,451564799999971	1,834058594	0,990262016315875	93,3838387983707
45549,99902	0,452309799999966	1,839972778	0,989944972229445	93,6849683299389
45559,99902	0,451236899999969	1,833720703	0,990054223840304	93,3666345723014
45569,99902	0,451981999999987	1,837545044	0,989852950818903	93,5613566191446
45579,99902	0,45201179999998	1,837786133	0,990031963289555	93,5736320264766
45589,99902	0,450193799999965	1,829949463	0,9899942426618	93,1746162423625
45599,99902	0,451832999999965	1,836697021	0,990130225134828	93,5181782586558
45609,99902	0,452309799999966	1,839236694	0,990013988037334	93,6474895112016
45619,99902	0,451445499999977	1,835484131	0,990106567486751	93,4564221486762
45629,99902	0,452339599999959	1,839887817	0,990068566839489	93,6806424134419
45639,99902	0,451415699999984	1,834551514	0,990115695122615	93,4089365580448
45649,99902	0,452339599999959	1,839789307	0,990141214900414	93,6756266293279
45659,99902	0,451177299999983	1,832748047	0,99008225879332	93,3171103360489
45669,99902	0,452071399999966	1,837743896	0,990072013079567	93,5714814663951
45679,99902	0,451922400000001	1,838664307	0,989870647051686	93,6183455702648
45689,99902	0,451505099999963	1,839289795	0,989974962318662	93,6501932281059
45699,99902	0,451654200000007	1,836782104	0,990077694475353	93,5225103869654
45709,99902	0,451981999999987	1,83716748	0,990203804260614	93,5421323828921
45719,99902	0,451981999999987	1,838024902	0,990073503183373	93,5857893075356
45729,99902	0,452101199999959	1,8382771	0,989844382221984	93,5986303462322
45739,99902	0,451773399999979	1,836840942	0,989991820493063	93,5255062118126
45749,99902	0,452071399999966	1,835468384	0,990116626187476	93,4556203665988
45759,99902	0,451743599999986	1,8352771	0,990140655861469	93,4458808553971
45769,99902	0,451684	1,835819946	0,990081792760855	93,4735206720978
45779,99902	0,452339599999959	1,839450073	0,990063444482647	93,6583540224033
45789,99902	0,451654200000007	1,838287476	0,989933329418365	93,5991586558045
45799,99902	0,451743599999986	1,836037598	0,990087008124175	93,4846027494908
45809,99902	0,452160800000001	1,838336914	0,990213304922464	93,6016758655805
45819,99902	0,451981999999987	1,836831421	0,990143171036686	93,5250214358452
45829,99902	0,450491899999975	1,831805176	0,990023301686156	93,2691026476578
45839,99902	0,451773399999979	1,836906128	0,990066517696739	93,5288252545825
45849,99902	0,452101199999959	1,838892456	0,990076763410492	93,6299621181263
45859,99902	0,451505099999963	1,837283936	0,989902780290203	93,5480619144603
45869,99902	0,45201179999998	1,83784314	0,990093528578414	93,5765346232179
45879,99902	0,452399200000002	1,838663696	0,989870740058165	93,6183144602851
45889,99902	0,451862799999958	1,835888306	0,989966579734701	93,4770013238289
45899,99902	0,451743599999986	1,835345459	0,990021345549885	93,4493614562118
45909,99902	0,452071399999966	1,838135376	0,990006443511755	93,5914142566191
45919,99902	0,453084699999977	1,844611816	0,990230256103344	93,9211718940937
45929,99902	0,451087900000005	1,834414185	0,990230256103344	93,4019442464358
45939,99902	0,45201179999998	1,836440552	0,990173162125973	93,5051197556008
45949,99902	0,452756799999975	1,841049805	0,989935751587102	93,7398067718941
45959,99902	0,452935699999955	1,843207275	0,990301879092859	93,849657586558
45969,99902	0,452428999999995	1,839338501	0,989921407587847	93,6526731670061
45979,99902	0,452905899999962	1,843032837	0,99022112846748	93,8407758146639
45989,99902	0,452101199999959	1,837760986	0,990127523946653	93,5723516293279
45999,99902	0,451356099999998	1,83661084	0,990270398899835	93,5137902240326
46009,99902	0,45257799999996	1,83999353	0,990016409206001	93,6860249490835
46019,99902	0,452309799999966	1,840149414	0,990290330288327	93,6939620162933
46029,99902	0,451832999999965	1,835264282	0,989882195856217	93,4452282077393
46039,99902	0,451594599999964	1,83278894	0,989847735455582	93,3191924643585
46049,99902	0,452160800000001	1,835847656	0,990095204695178	93,4749315682281
46059,99902	0,451832999999965	1,836689331	0,989891510505109	93,5177867107943
46069,99902	0,452399200000002	1,839439453	0,990145127172957	93,6578132892057
46079,99902	0,451922400000001	1,837549072	0,99020101006596	93,5615617107943
46089,99902	0,453501899999992	1,847804077	0,990060557281515	94,0837106415479
46099,99902	0,453233699999998	1,846648315	0,990143544062672	94,0248632892057
46109,99902	0,45225019999998	1,839561157	0,990091665448621	93,6640100305499
46119,99902	0,452190599999994	1,838789551	0,990098929954693	93,6247225560082
46129,99902	0,451684	1,837189575	0,989995825772085	93,5432573828921
46139,99902	0,453174099999956	1,843558594	0,990247393297182	93,8675455193483
46149,99902	0,452726999999982	1,841190674	0,990102004168854	93,7469793279022
46159,99902	0,451087900000005	1,833298828	0,989923456730598	93,3451541751527
46169,99902	0,452428999999995	1,839622803	0,990090361357774	93,6671488289206
46179,99902	0,452309799999966	1,837619507	0,990187132099171	93,5651480142566
46189,99902	0,451981999999987	1,837224609	0,989897004887868	93,545041191446
46199,99902	0,451356099999998	1,834261597	0,990222897590724	93,394175
46209,99902	0,45225019999998	1,837365845	0,990031591263638	93,5522324338086
46219,99902	0,451356099999998	1,833156372	0,99007061598224	93,3379008146639
46229,99902	0,451415699999984	1,83501001	0,990095483714615	93,4322815682281
46239,99902	0,453323099999977	1,843686157	0,990075366313165	93,8740405804481
46249,99902	0,452339599999959	1,836593872	0,989958384163768	93,5129262729124
46259,99902	0,452488599999981	1,836920288	0,990109361681404	93,5295462321792
46269,99902	0,452101199999959	1,835880371	0,990046772321205	93,4765973014257
46279,99902	0,45201179999998	1,834678101	0,990076483390985	93,4153819246436
46289,99902	0,452309799999966	1,837762329	0,990022276614746	93,5724200101833
46299,99902	0,452339599999959	1,837392334	0,990101259116951	93,5535811608961
46309,99902	0,451862799999958	1,834323975	0,990028331036519	93,3973510692464
46319,99902	0,45257799999996	1,838631226	0,990276545328018	93,6166612016293
46329,99902	0,45201179999998	1,836663574	0,990002531239212	93,5164752545825
46339,99902	0,452160800000001	1,836685547	0,990064468553988	93,5175940427699
46349,99902	0,452428999999995	1,839282715	0,990152950717973	93,6498327393075
46359,99902	0,45335289999997	1,844211304	0,99009185146158	93,9007792260692
46369,99902	0,452101199999959	1,837529541	0,990111131804718	93,5605672606925
46379,99902	0,451564799999971	1,834791138	0,990133950394342	93,4211373727088
46389,99902	0,452428999999995	1,836691895	0,990142425984783	93,5179172606925
46399,99902	0,452399200000002	1,837808105	0,990176980391967	93,5747507637474
46409,99902	0,452160800000001	1,835949097	0,990164499522505	93,4800965885947
46419,99902	0,452101199999959	1,835129028	0,990129200063417	93,4383415478615
46429,99902	0,452905899999962	1,839685669	0,99023491242772	93,6703497454175
46439,99902	0,452071399999966	1,833754395	0,990047052340712	93,3683500509165
46449,99902	0,452726999999982	1,837708862	0,990097719870394	93,5696976578411
46459,99902	0,452518399999974	1,83751355	0,989966300715264	93,5597530549898
46469,99902	0,452846299999976	1,837776367	0,98983097028766	93,5731347759674
46479,99902	0,453263499999991	1,842197998	0,990153416750439	93,7982687372709
46489,99902	0,452339599999959	1,835877075	0,99033457137032	93,4764294806517
46499,99902	0,452935699999955	1,839280884	0,9899497215603	93,6497395112016
46509,99902	0,452905899999962	1,839203369	0,990037458672383	93,6457927189409
46519,99902	0,45257799999996	1,836749634	0,990189461261429	93,5208571283096
46529,99902	0,452428999999995	1,837472168	0,989917030282909	93,5576460285132
46539,99902	0,453084699999977	1,841196777	0,990143357049644	93,7472900712831
46549,99902	0,453054899999984	1,839527344	0,989906412543239	93,6622883910387
46559,99902	0,452488599999981	1,836224121	0,990005046414428	93,4940998472505
46569,99902	0,451981999999987	1,839162476	0,989742395117196	93,6437105906314
46579,99902	0,452339599999959	1,837067749	0,989907716634086	93,5370544297352
46589,99902	0,451564799999971	1,833630615	0,989862730500191	93,3620476069246
46599,99902	0,453501899999992	1,845252808	0,990075645332603	93,9538089613035
46609,99902	0,452726999999982	1,839302246	0,990359905135161	93,6508271894094
46619,99902	0,452518399999974	1,837461548	0,990194583618271	93,5571052953157
46629,99902	0,453561499999978	1,845209839	0,990141028887456	93,9516211303462
46639,99902	0,452756799999975	1,839792847	0,990279339522671	93,6758068737271
46649,99902	0,452667399999996	1,838417725	0,990050684593748	93,6057904786151
46659,99902	0,452846299999976	1,840317017	0,990030380179269	93,7024957739307
46669,99902	0,452428999999995	1,837514526	0,990103959305055	93,5598027494908
46679,99902	0,450521699999967	1,830156494	0,990202593176245	93,1851575356415
46689,99902	0,451832999999965	1,833037231	0,990323673611143	93,3318345723014
46699,99902	0,452518399999974	1,838206299	0,990234447395325	93,595025407332
46709,99902	0,452995299999998	1,839494263	0,990114484038246	93,6606040224033
46719,99902	0,452101199999959	1,836254639	0,990002438232733	93,4956537169043
46729,99902	0,452607799999953	1,838396118	0,990249628452891	93,6046903258656
46739,99902	0,452726999999982	1,837227417	0,990006909544221	93,5451841649695
46749,99902	0,453144299999963	1,840682861	0,990216564149513	93,7211232688391
46759,99902	0,451981999999987	1,834095459	0,990106381473792	93,3857158350306
46769,99902	0,452488599999981	1,837801514	0,990206226429351	93,5744151731161
46779,99902	0,451684	1,835240845	0,990089523299391	93,4440348778004
46789,99902	0,45257799999996	1,837604858	0,990090920396718	93,5644021384929
46799,99902	0,453233699999998	1,841626465	0,990352174596624	93,7691682790224
46809,99902	0,453174099999956	1,84074646	0,990101445129909	93,7243615071283
46819,99902	0,452756799999975	1,840442505	0,9901300381218	93,7088851832994
46829,99902	0,452339599999959	1,836849976	0,99012789597257	93,525966191446
46839,99902	0,451594599999964	1,83446814	0,990070801995198	93,4046914460285
46849,99902	0,453174099999956	1,84146521	0,99023286328497	93,7609577393075
46859,99902	0,452816399999961	1,839644775	0,990139817803087	93,6682675661914
46869,99902	0,452995299999998	1,840851318	0,990132367284057	93,729700509165
46879,99902	0,452488599999981	1,837696289	0,990165338580956	93,5690574847251
46889,99902	0,452846299999976	1,840257324	0,990096135760039	93,6994564154786
46899,99902	0,452816399999961	1,83895105	0,989865338681886	93,6329455193483
46909,99902	0,453829699999972	1,84651123	0,990144568134012	94,017883401222
46919,99902	0,452935699999955	1,840092773	0,989873907278805	93,6910780549898
46929,99902	0,452995299999998	1,839967896	0,990099022961172	93,6847197556008
46939,99902	0,452816399999961	1,840734863	0,990103401266181	93,7237710285132
46949,99902	0,452935699999955	1,840424683	0,989838607819718	93,7079777494908
46959,99902	0,453144299999963	1,842307739	0,989981481772831	93,8038563645621
46969,99902	0,451773399999979	1,836827271	0,989973193195419	93,5248101323829
46979,99902	0,452399200000002	1,83882666	0,990040438879995	93,6266120162933
46989,99902	0,451117699999998	1,833274414	0,990022090601788	93,3439110997963
46999,99902	0,452101199999959	1,835889893	0,990000948128927	93,4770821283096
47009,99902	0,452667399999996	1,837998413	0,990142985023727	93,5844405804481
47019,99902	0,452518399999974	1,837989136	0,990208088559073	93,5839682281059
47029,99902	0,45201179999998	1,835750122	0,990247393297182	93,4699654786151
47039,99902	0,452399200000002	1,837192993	0,990152298672549	93,5434314154786
47049,99902	0,451445499999977	1,834821045	0,990129200063417	93,4226601323829
47059,99902	0,452160800000001	1,83451709	0,989907902647045	93,407183808554
47069,99902	0,452518399999974	1,837346313	0,990304301261596	93,5512379327902
47079,99902	0,452756799999975	1,839571411	0,990224201681571	93,6645321283096
47089,99902	0,453323099999977	1,84311145	0,99031547804021	93,8447785132383
47099,99902	0,452846299999976	1,840598267	0,990289399223466	93,7168160386965
47109,99902	0,452935699999955	1,839921143	0,989911907926067	93,6823392566191
47119,99902	0,452756799999975	1,839748291	0,990105356402382	93,6735382382892
47129,99902	0,452816399999961	1,838788452	0,989737924805778	93,624666598778
47139,99902	0,452309799999966	1,836555542	0,990129759102362	93,5109746435845
47149,99902	0,451922400000001	1,836137207	0,989960991345394	93,489674490835
47159,99902	0,452756799999975	1,838190674	0,990168877827513	93,5942298370672
47169,99902	0,453680700000007	1,846857544	0,990145127172957	94,035516496945
47179,99902	0,452816399999961	1,842232178	0,990023767718622	93,8000090631365
47189,99902	0,451654200000007	1,836754761	0,989939941879013	93,5211181771894
47199,99902	0,452428999999995	1,836477417	0,989801910263235	93,5069967922607
47209,99902	0,452309799999966	1,836221924	0,990136092543572	93,4939879837067
47219,99902	0,452309799999966	1,836109009	0,990120259440582	93,4882387474542
47229,99902	0,451028299999962	1,833112793	0,98994981456678	93,3356819246436
47239,99902	0,452488599999981	1,83811731	0,990150063516841	93,5904943991853
47249,99902	0,452428999999995	1,836060913	0,989929045119905	93,4857898676171
47259,99902	0,452756799999975	1,839894287	0,990118489317268	93,6809718431772
47269,99902	0,451922400000001	1,837247925	0,989991634480105	93,5462283604888
47279,99902	0,451266699999962	1,834950928	0,990238358667798	93,4292733197556
47289,99902	0,45225019999998	1,837209106	0,990160215224045	93,5442518329939
47299,99902	0,45225019999998	1,836580566	0,990161426308413	93,5122487780041
47309,99902	0,453054899999984	1,841930176	0,990314919001266	93,7846321792261
47319,99902	0,45225019999998	1,837683105	0,98998688414918	93,5683862016293
47329,99902	0,452309799999966	1,837388184	0,989991820493063	93,5533698574338
47339,99902	0,45335289999997	1,842907104	0,990029449114408	93,8343739307536
47349,99902	0,452607799999953	1,839923096	0,990049007476914	93,6824386965377
47359,99902	0,452905899999962	1,841097168	0,990147176315708	93,7422183299389
47369,99902	0,451684	1,83643457	0,99021479502627	93,5048151731161
47379,99902	0,45225019999998	1,837365723	0,990029076088422	93,5522262219959
47389,99902	0,452935699999955	1,841276855	0,990244040063584	93,7513673625255
47399,99902	0,452488599999981	1,837932617	0,990282413736832	93,5810904786151
47409,99902	0,451117699999998	1,834482422	0,990230628129261	93,4054186354379
47419,99902	0,452905899999962	1,839775635	0,990034478464771	93,6749304989817
47429,99902	0,453263499999991	1,843347168	0,990039973847599	93,8567804480652
47439,99902	0,451356099999998	1,835122925	0,990006070485769	93,4380308044807
47449,99902	0,451773399999979	1,836007324	0,990341835876392	93,4830613034623
47459,99902	0,452071399999966	1,836121826	0,990190858358756	93,4888913441955
47469,99902	0,452726999999982	1,838789551	0,990141587926401	93,6247225560082
47479,99902	0,452190599999994	1,836822754	0,990043885120072	93,5245801425662
47489,99902	0,452667399999996	1,839388184	0,99031547804021	93,6552028513238
47499,99902	0,451654200000007	1,836993042	0,989805263496833	93,533250610998
47509,99902	0,451505099999963	1,833568726	0,990170739957236	93,3588964358452
47519,99902	0,452309799999966	1,835568481	0,990060277262008	93,4607169551935
47529,99902	0,451177299999983	1,83351416	0,990099582000117	93,3561181262729
47539,99902	0,453263499999991	1,842111206	0,990406567385821	93,793849592668
47549,99902	0,451743599999986	1,836335205	0,989965555663361	93,4997558553971
47559,99902	0,452101199999959	1,835650269	0,989926716957717	93,4648813136456
47569,99902	0,451236899999969	1,834816406	0,990031591263638	93,4224239307536
47579,99902	0,452488599999981	1,8370448	0,990157328022912	93,5358859470468
47589,99902	0,452607799999953	1,838359863	0,990153229737411	93,6028443482688
47599,99902	0,452428999999995	1,837915649	0,990132646303495	93,5802265274949
47609,99902	0,452607799999953	1,838820801	0,990190672345797	93,6263136965377
47619,99902	0,452101199999959	1,836850952	0,990363071355732	93,526015885947
47629,99902	0,451981999999987	1,837582031	0,989985394045374	93,5632398676171
47639,99902	0,452607799999953	1,837515137	0,990243854050626	93,5598338594705
47649,99902	0,451445499999977	1,833647095	0,989963040488145	93,3628867107943
47659,99902	0,450819699999954	1,82989502	0,990156396958051	93,1718441955193
47669,99902	0,452160800000001	1,836683594	0,99008859223453	93,5174946028513
47679,99902	0,452428999999995	1,83737146	0,98978645018623	93,5525183299389
47689,99902	0,452488599999981	1,836030396	0,99004509620444	93,4842360488798
47699,99902	0,453174099999956	1,842210449	0,990206132422802	93,7989026985743
47709,99902	0,451684	1,834592163	0,99012258760277	93,4110062627291
47719,99902	0,451445499999977	1,835499756	0,99019570169616	93,4572177189409
47729,99902	0,451594599999964	1,834045166	0,990284648892541	93,3831550916497
47739,99902	0,453174099999956	1,840992676	0,990033919425826	93,7368979633401
47749,99902	0,452399200000002	1,835944702	0,990279898561616	93,4798728105906
47759,99902	0,45201179999998	1,834262695	0,990193652553409	93,3942309063137
47769,99902	0,452726999999982	1,838658081	0,990059812229612	93,6180285641548
47779,99902	0,452667399999996	1,838729492	0,990166362652297	93,6216645621181
47789,99902	0,451594599999964	1,83708667	0,990067821787586	93,5380178207739
47799,99902	0,451981999999987	1,83673938	0,990204922338503	93,5203350305499
47809,99902	0,451743599999986	1,834805542	0,990004021343018	93,4218707739307
47819,99902	0,452607799999953	1,838098633	0,990332988260035	93,5895434317719
47829,99902	0,451326300000005	1,832608765	0,990137489640899	93,3100185845214
47839,99902	0,452607799999953	1,836211182	0,990210323714782	93,4934410386965
47849,99902	0,452846299999976	1,839183228	0,990252050621628	93,644767209776
47859,99902	0,451743599999986	1,834467407	0,989904735426405	93,4046541242363
47869,99902	0,45225019999998	1,834532349	0,989996849843426	93,4079607433809
47879,99902	0,451564799999971	1,83436084	0,990359439102696	93,3992281059063
47889,99902	0,452995299999998	1,83929248	0,990198588897293	93,6503299389002
47899,99902	0,453174099999956	1,841509155	0,990308306540618	93,7631952647658
47909,99902	0,452339599999959	1,835416504	0,990304208255116	93,4529788187373
47919,99902	0,453263499999991	1,840519897	0,990065213605891	93,712825712831
47929,99902	0,453412499999956	1,843122559	0,990110106733307	93,8453441446028
47939,99902	0,452905899999962	1,838552979	0,990008212634999	93,6126771384929
47949,99902	0,450938899999983	1,833017578	0,989901383192876	93,330833910387
47959,99902	0,451773399999979	1,834466187	0,989775925453039	93,40459200611
47969,99902	0,451922400000001	1,83539917	0,99004518921092	93,4520962321792
47979,99902	0,452667399999996	1,838611084	0,990059067177709	93,6156356415479
47989,99902	0,453054899999984	1,840143799	0,989835440599078	93,6936761201629
47999,99902	0,451117699999998	1,833641113	0,990024512770525	93,3625821283096
48009,99902	0,453650899999957	1,845591187	0,990177073398446	93,9710380346232
48019,99902	0,452607799999953	1,838540894	0,990140376842032	93,6120618126273
48029,99902	0,451505099999963	1,833434448	0,989990982434681	93,3520594704684
48039,99902	0,452309799999966	1,836391724	0,990013148978882	93,502633604888
48049,99902	0,451415699999984	1,835774048	0,990007747602603	93,471183706721
48059,99902	0,452995299999998	1,839885742	0,990127523946653	93,6805367617108
48069,99902	0,451445499999977	1,834983887	0,990052360710512	93,4309514765784
48079,99902	0,451505099999963	1,832795288	0,989984089954526	93,3195156822811
48089,99902	0,452816399999961	1,838941162	0,989912931997407	93,6324420570265
48099,99902	0,453084699999977	1,840102417	0,990090175344815	93,6915690936864
48109,99902	0,453144299999963	1,842284302	0,990146338257326	93,8026630346232
48119,99902	0,451832999999965	1,836987671	0,990020507491502	93,5329771384929
48129,99902	0,451981999999987	1,834959595	0,990032894354416	93,4297146130346
48139,99902	0,451922400000001	1,837225708	0,990106753499709	93,5450971486762
48149,99902	0,45201179999998	1,834516602	0,990126964907708	93,4071589613035
48159,99902	0,452816399999961	1,839859009	0,990409268573996	93,679175610998
48169,99902	0,452190599999994	1,833869507	0,990056645008972	93,3742111507128
48179,99902	0,452846299999976	1,837947021	0,990043885120072	93,5818238798371
48189,99902	0,452756799999975	1,8387146	0,989896353842514	93,6209063136456
48199,99902	0,453412499999956	1,841930054	0,990066610703218	93,7846259674134
48209,99902	0,452995299999998	1,839045166	0,990005791466331	93,6377375763747
48219,99902	0,453889299999958	1,844920654	0,990111317817676	93,9368968431772
48229,99902	0,453144299999963	1,839913086	0,990065865651315	93,6819290224033
48239,99902	0,452816399999961	1,838299438	0,990102190181812	93,5997677189409
48249,99902	0,452995299999998	1,839618042	0,990043326081127	93,6669064154786
48259,99902	0,453650899999957	1,842815796	0,990140283835553	93,8297248472505
48269,99902	0,451922400000001	1,834209229	0,990045003197961	93,391508604888
48279,99902	0,452428999999995	1,837011963	0,990020041459037	93,5342140020366
48289,99902	0,452846299999976	1,837769531	0,990088778247489	93,5727867107943
48299,99902	0,453144299999963	1,839459839	0,989972727162953	93,6588512729124
48309,99902	0,453233699999998	1,841997925	0,990232677272011	93,7880817209776
48319,99902	0,453233699999998	1,843040405	0,990313521903939	93,8411611507128
48329,99902	0,452309799999966	1,835848389	0,989975521357607	93,4749688900204
48339,99902	0,453501899999992	1,84263562	0,990240593823507	93,8205509164969
48349,99902	0,452816399999961	1,836496094	0,990023021666649	93,5079477596741
48359,99902	0,452071399999966	1,836226563	0,990075366313165	93,4942241853361
48369,99902	0,453174099999956	1,839611084	0,990121004492484	93,6665521384929
48379,99902	0,452101199999959	1,83601709	0,990158166081294	93,4835585539715
48389,99902	0,45257799999996	1,838303467	0,990119234369171	93,5999728615071
48399,99902	0,452667399999996	1,837833496	0,99024767231662	93,5760435845214
48409,99902	0,453323099999977	1,841608887	0,989888902323414	93,7682732688391
48419,99902	0,452846299999976	1,838210815	0,989962761468707	93,5952553462322
48429,99902	0,451922400000001	1,834840576	0,990153416750439	93,4236545824847
48439,99902	0,453054899999984	1,838534668	0,990305418339415	93,6117448065173
48449,99902	0,452756799999975	1,837525269	0,990026374900247	93,5603497454175
48459,99902	0,452399200000002	1,835455566	0,99013097018673	93,4549677189409
48469,99902	0,453323099999977	1,840064941	0,990099022961172	93,6896609470468
48479,99902	0,452846299999976	1,837889526	0,990222525564807	93,5788964358452
48489,99902	0,453233699999998	1,839699829	0,990122214576783	93,6710707230143
48499,99902	0,453233699999998	1,841234985	0,989744630272905	93,7492354887984
48509,99902	0,452756799999975	1,839358765	0,990070149949774	93,6537049389002
48519,99902	0,45225019999998	1,834832642	0,989910975861136	93,423250610998
48529,99902	0,453591299999971	1,842840454	0,990365772543906	93,8309803462322
48539,99902	0,452995299999998	1,840694824	0,990104332331042	93,7217323828921
48549,99902	0,453233699999998	1,839459106	0,99003345339336	93,6588139511202
48559,99902	0,453263499999991	1,839940796	0,989965089630895	93,6833399185336
48569,99902	0,452846299999976	1,838331787	0,990108523623022	93,6014148167006
48579,99902	0,452816399999961	1,836449097	0,990248511375072	93,5055548370672
48589,99902	0,45225019999998	1,834877441	0,99008859223453	93,4255316191446
48599,99902	0,45201179999998	1,836187378	0,989945810287827	93,4922290224033
48609,99902	0,453084699999977	1,83910083	0,990197750838911	93,6405717922607
48619,99902	0,45201179999998	1,832393921	0,990071734060129	93,2990794806517
48629,99902	0,45257799999996	1,835618652	0,990066424690259	93,4632714867617
48639,99902	0,45257799999996	1,83640979	0,990010448790777	93,5035534623218
48649,99902	0,453054899999984	1,838345459	0,990221314480438	93,6021109470468
48659,99902	0,45225019999998	1,835860229	0,990045282217399	93,4755717413442
48669,99902	0,453233699999998	1,839691406	0,990002997271678	93,6706418533605
48679,99902	0,452190599999994	1,83467395	0,990056645008972	93,4151705702648
48689,99902	0,45335289999997	1,839583008	0,99006744976167	93,6651226069246
48699,99902	0,452816399999961	1,835489258	0,990139817803087	93,456683197556
48709,99902	0,453323099999977	1,840076904	0,990371919972158	93,6902700610998
48719,99902	0,452667399999996	1,83586084	0,989748262525941	93,4756028513238
48729,99902	0,452607799999953	1,835623535	0,99008123372191	93,4635201120163
48739,99902	0,45201179999998	1,833481934	0,990180798657961	93,3544772912424
48749,99902	0,453054899999984	1,836432495	0,989947486404591	93,5047095213849
48759,99902	0,453233699999998	1,837361206	0,990081606747896	93,5519962321792
48769,99902	0,453501899999992	1,838945435	0,989978687578177	93,6326596232179
48779,99902	0,452071399999966	1,833519653	0,990081606747896	93,3563978105906
48789,99902	0,453174099999956	1,837848389	0,990269466834904	93,5768018839104
48799,99902	0,45335289999997	1,839693848	0,989946741352688	93,670766191446
48809,99902	0,453889299999958	1,843435669	0,99017446521675	93,8612866089613
48819,99902	0,452995299999998	1,837290649	0,990133298348919	93,5484037169043
48829,99902	0,45335289999997	1,83966687	0,989988654272493	93,6693925661914
48839,99902	0,453233699999998	1,83978479	0,989974031253801	93,6753966395112
48849,99902	0,452995299999998	1,83892334	0,990338017610398	93,6315346232179
48859,99902	0,453412499999956	1,839508667	0,990021904588829	93,6613374236253
48869,99902	0,453323099999977	1,839101807	0,990108616629501	93,6406215376782
48879,99902	0,453323099999977	1,83905896	0,989972541149995	93,6384399185336
48889,99902	0,453174099999956	1,83944751	0,989970118981258	93,6582235234216
48899,99902	0,452399200000002	1,833416382	0,990085518020369	93,3511396130346
48909,99902	0,453233699999998	1,84003418	0,99004407113303	93,6880947046843
48919,99902	0,452995299999998	1,837059082	0,989996104791523	93,5366131364562
48929,99902	0,452846299999976	1,835965576	0,989958291157289	93,4809356415479
48939,99902	0,453174099999956	1,839652466	0,99020846158506	93,6686591649694
48949,99902	0,451028299999962	1,830426147	0,990207157494212	93,1988873217923
48959,99902	0,452846299999976	1,836469604	0,990025350828907	93,5065989816701
48969,99902	0,453174099999956	1,837713989	0,989956707046934	93,569958706721
48979,99902	0,452756799999975	1,836767334	0,990253726738393	93,5217583503055
48989,99902	0,453799899999979	1,84238208	0,990149504477896	93,8076415478615
48999,99902	0,452756799999975	1,835491333	0,990155651906148	93,4567888492872
49009,99902	0,452846299999976	1,837218994	0,990294987612773	93,5447552953157
49019,99902	0,453174099999956	1,838919067	0,990152112659591	93,6313170570265
49029,99902	0,452309799999966	1,834688354	0,99004518921092	93,4159039714868
49039,99902	0,453084699999977	1,837687988	0,990050218561282	93,5686348268839
49049,99902	0,453323099999977	1,83872229	0,990097253837929	93,6212978615071
49059,99902	0,453263499999991	1,840609253	0,990013055972403	93,717375407332
49069,99902	0,453263499999991	1,838512695	0,990144941159999	93,6106260183299
49079,99902	0,453412499999956	1,838485229	0,990088405221502	93,6092275458248
49089,99902	0,453680700000007	1,841813721	0,990172882106465	93,7787026985743
49099,99902	0,452756799999975	1,83615564	0,989938917807672	93,4906130346232
49109,99902	0,453561499999978	1,841023315	0,989957545105317	93,73845799389
49119,99902	0,452101199999959	1,835651733	0,99012044545354	93,4649558553971
49129,99902	0,453323099999977	1,838963257	0,989882754895162	93,6335670570265
49139,99902	0,452756799999975	1,836304443	0,990113552973385	93,4981895621181
49149,99902	0,453472099999999	1,840339722	0,990017899309807	93,7036518329939
49159,99902	0,452846299999976	1,837375854	0,990017434277411	93,5527420570265
49169,99902	0,453084699999977	1,838499023	0,989976452422468	93,6099298879837
49179,99902	0,452607799999953	1,835470459	0,989968349858014	93,4557260183299
49189,99902	0,452995299999998	1,838052612	0,989994614687717	93,587200203666
49199,99902	0,45335289999997	1,840019531	0,99012146952488	93,6873488289206
49209,99902	0,453084699999977	1,840848145	0,990081419734868	93,7295389511202
49219,99902	0,453144299999963	1,839199951	0,990211814818658	93,6456186863544
49229,99902	0,453650899999957	1,841707275	0,990024884796441	93,7732828411405
49239,99902	0,453233699999998	1,839521606	0,989859843299058	93,6619962321792
49249,99902	0,452816399999961	1,837283447	0,989933422424844	93,5480370162933
49259,99902	0,453412499999956	1,840381836	0,989939383840138	93,7057961303462
49269,99902	0,453412499999956	1,840401245	0,989877725544799	93,7067843686354
49279,99902	0,453323099999977	1,838629639	0,990155465893189	93,6165803971487
49289,99902	0,452935699999955	1,837409302	0,990132460290536	93,5544451120163
49299,99902	0,453472099999999	1,840051636	0,990354968791278	93,688983503055
49309,99902	0,452726999999982	1,834727417	0,989937520710345	93,4178929226069
49319,99902	0,453740299999993	1,84029187	0,990027958010532	93,7012153767821
49329,99902	0,453054899999984	1,837640991	0,989989864356792	93,566241904277
49339,99902	0,45335289999997	1,839575562	0,990267883724619	93,6647434826884
49349,99902	0,452339599999959	1,836046875	0,989930535223711	93,485075101833
49359,99902	0,453054899999984	1,83854895	0,990073131157456	93,6124719959267
49369,99902	0,452816399999961	1,837305908	0,990174186197313	93,5491806517312
49379,99902	0,45335289999997	1,841233765	0,990228952012496	93,7491733706721
49389,99902	0,452995299999998	1,838366333	0,989871765129575	93,6031737780041
49399,99902	0,452399200000002	1,836924438	0,990071082014705	93,5297575356416
49409,99902	0,453144299999963	1,840651855	0,9899942426618	93,7195445519348
49419,99902	0,452846299999976	1,837995117	0,989922525665737	93,5842727596741
49429,99902	0,452428999999995	1,8378302	0,990243295011681	93,5758757637474
49439,99902	0,453501899999992	1,841330688	0,990086263072272	93,7541083503055
49449,99902	0,453650899999957	1,840309692	0,990171205989701	93,7021228105906
49459,99902	0,453680700000007	1,841363281	0,990011565868597	93,7557678716904
49469,99902	0,454425799999967	1,848360718	0,990190858358756	94,1120528513238
49479,99902	0,453263499999991	1,838776733	0,990039786834571	93,6240699083503
49489,99902	0,452995299999998	1,837162476	0,990115974142052	93,5418775967413
49499,99902	0,452726999999982	1,836903687	0,990287443087195	93,5287009674134
49509,99902	0,453174099999956	1,838973145	0,990043885120072	93,6340705193483
49519,99902	0,453472099999999	1,842159302	0,990079370592118	93,7962984725051
49529,99902	0,452160800000001	1,837963013	0,989999084999135	93,5826381364562
49539,99902	0,454574799999989	1,849279541	0,990120352447061	94,1588360997963
49549,99902	0,452667399999996	1,836931885	0,990025443835386	93,5301367107943
49559,99902	0,453799899999979	1,843336182	0,990152577691987	93,8562210794297
49569,99902	0,451773399999979	1,835107422	0,990094645656233	93,4372414460285
49579,99902	0,453323099999977	1,84038562	0,990163475451164	93,7059887983707
49589,99902	0,453084699999977	1,839696777	0,989923922763064	93,6709153258656
49599,99902	0,453084699999977	1,839061279	0,989847548442554	93,63855799389
49609,99902	0,45335289999997	1,84050354	0,990490206212402	93,7119928716904
49619,99902	0,453233699999998	1,839643677	0,990147921367611	93,6682116598778
49629,99902	0,453889299999958	1,844551636	0,990370242855324	93,9181077393075
49639,99902	0,452160800000001	1,835622437	0,98995931522863	93,4634642057026
49649,99902	0,452607799999953	1,838223511	0,989855838020036	93,5959017820774
49659,99902	0,452935699999955	1,836676758	0,990168318788568	93,5171465376782
49669,99902	0,453054899999984	1,837225586	0,990112900927961	93,5450909368635
49679,99902	0,452935699999955	1,837478638	0,99023286328497	93,5579754582485
49689,99902	0,452816399999961	1,836980469	0,99024553016739	93,5326104378819
49699,99902	0,453561499999978	1,839921265	0,989856024032994	93,6823454684318
49709,99902	0,45257799999996	1,835789063	0,990210323714782	93,4719482179226
49719,99902	0,452339599999959	1,835287354	0,990107592558161	93,4464029531568
49729,99902	0,454425799999967	1,846400879	0,990102562207729	94,0122647148676
49739,99902	0,453650899999957	1,841305298	0,990073503183373	93,7528155804481
49749,99902	0,454097899999965	1,845870239	0,990110479759294	93,9852463849287
49759,99902	0,453978699999993	1,843560303	0,990095483714615	93,8676325356415
49769,99902	0,454008499999986	1,843572266	0,990012031901062	93,8682416496945
49779,99902	0,45335289999997	1,841048584	0,990401817054896	93,7397446028513
49789,99902	0,453680700000007	1,843755005	0,990115974142052	93,8775460794297
49799,99902	0,453501899999992	1,841911987	0,990305232326457	93,7837060590631
49809,99902	0,453263499999991	1,839112915	0,989804425438451	93,6411871181263
49819,99902	0,453561499999978	1,841196045	0,989900358121466	93,7472528004073
49829,99902	0,453889299999958	1,844204346	0,989883872973051	93,9004249490835
49839,99902	0,453561499999978	1,840496094	0,990027026945671	93,7116137474542
49849,99902	0,453501899999992	1,839939453	0,990189088235442	93,6832715376782
49859,99902	0,453412499999956	1,840536255	0,989967511799632	93,713658604888
49869,99902	0,453144299999963	1,838836182	0,990069963936816	93,6270968431772
49879,99902	0,452995299999998	1,837797974	0,98999535973962	93,5742349287169
49889,99902	0,453323099999977	1,838957886	0,990004487375484	93,6332935845214
49899,99902	0,453889299999958	1,843650146	0,990057949099819	93,8722070264766
49909,99902	0,454664199999968	1,849127686	0,990073876209359	94,1511041751528
49919,99902	0,452846299999976	1,838250488	0,99023593749913	93,5972753564155
49929,99902	0,452756799999975	1,839191528	0,990015757160577	93,6451898167006
49939,99902	0,453650899999957	1,842351929	0,990171205989701	93,8061063645621
49949,99902	0,453501899999992	1,841235596	0,989935099541678	93,749266598778
49959,99902	0,45335289999997	1,839470093	0,990167200710679	93,6593733706721
49969,99902	0,453501899999992	1,840689209	0,990055992963548	93,7214464867617
49979,99902	0,452756799999975	1,837045776	0,989944878222896	93,5359356415479
49989,99902	0,453323099999977	1,839401001	0,989910882854657	93,6558554480652
49999,99902	0,453591299999971	1,841831787	0,990218334272826	93,7796225560081
50009,99902	0,453740299999993	1,841117798	0,990087288143682	93,7432687372709
50019,99902	0,453561499999978	1,840700684	0,990166083632859	93,7220307535641
50029,99902	0,452071399999966	1,836589966	0,990059346197146	93,5127273930754
50039,99902	0,453472099999999	1,839174927	0,989885829109323	93,6443445519348
50049,99902	0,453084699999977	1,837958862	0,990055154905166	93,5824267820774
50059,99902	0,452667399999996	1,835657715	0,990165058561449	93,4652604378819
50069,99902	0,454097899999965	1,843870728	0,990097905883352	93,8834382892057
50079,99902	0,453501899999992	1,839901489	0,989908647698948	93,6813385437882
50089,99902	0,453412499999956	1,839382568	0,989861892441809	93,654916904277
50099,99902	0,453561499999978	1,839850708	0,989895235764624	93,6787529531568
50109,99902	0,453501899999992	1,839609863	0,990193838566368	93,6664899694501
50119,99902	0,453799899999979	1,841458252	0,990252143628108	93,7606034623218
50129,99902	0,454068099999972	1,841673584	0,989864220603997	93,771567413442
50139,99902	0,453174099999956	1,837897583	0,990190485332769	93,5793066700611
50149,99902	0,452935699999955	1,837587524	0,990037924704848	93,5635195519348
50159,99902	0,453680700000007	1,841509033	0,990072851137949	93,7631890529532
50169,99902	0,452190599999994	1,837966919	0,990064189534551	93,5828370162933
50179,99902	0,453174099999956	1,837608032	0,990049194489942	93,5645637474542
50189,99902	0,452071399999966	1,83523938	0,990082909838674	93,4439602851324
50199,99902	0,45335289999997	1,837213989	0,99011942038213	93,5445004582485
50209,99902	0,451654200000007	1,832685181	0,990036992639917	93,3139094195519
50219,99902	0,453263499999991	1,837564453	0,990270584912794	93,5623448574338
50229,99902	0,453144299999963	1,837550659	0,990365865550385	93,5616425152749
50239,99902	0,453650899999957	1,84033606	0,990038296730765	93,7034653767821
50249,99902	0,453919100000007	1,841538208	0,990099302980679	93,7646745417515
50259,99902	0,453561499999978	1,840163086	0,989989399324396	93,6946581466395
50269,99902	0,453501899999992	1,839477295	0,989775086394587	93,6597400712831
50279,99902	0,451832999999965	1,833124023	0,990085611026849	93,3362537169043
50289,99902	0,452816399999961	1,837888428	0,990181544709933	93,5788405295316
50299,99902	0,453174099999956	1,836939331	0,989948324462974	93,5305158350306
50309,99902	0,452399200000002	1,833543457	0,989978501565219	93,3576098268839
50319,99902	0,452399200000002	1,834724609	0,989964903617937	93,4177499490835
50329,99902	0,453084699999977	1,835879395	0,990202221150329	93,4765476069247
50339,99902	0,452190599999994	1,83567627	0,990023673712073	93,4662051934827
50349,99902	0,453174099999956	1,837396484	0,990076670404013	93,5537924643585
50359,99902	0,454097899999965	1,84331311	0,990070242956254	93,8550463340122
50369,99902	0,453144299999963	1,83898291	0,990096508786026	93,6345677189409
50379,99902	0,453263499999991	1,837808594	0,990049194489942	93,5747756619144
50389,99902	0,452995299999998	1,8370177	0,990027026945671	93,5345061099796
50399,99902	0,453174099999956	1,8392677	0,98995819715074	93,6490682281059
50409,99902	0,453472099999999	1,840215454	0,990060091249049	93,6973245417515
50419,99902	0,453054899999984	1,837699829	0,990186294040789	93,5692377291242
50429,99902	0,453889299999958	1,843993286	0,990152112659591	93,8896785132383
50439,99902	0,453054899999984	1,838862671	0,990114671051274	93,6284455702648
50449,99902	0,453174099999956	1,836478516	0,990213583941901	93,5070527494908
50459,99902	0,453174099999956	1,837724243	0,990191137378193	93,5704808044807
50469,99902	0,453591299999971	1,840693115	0,990228299967073	93,7216453665988
50479,99902	0,453263499999991	1,839374756	0,990164499522505	93,6545191446028
50489,99902	0,45225019999998	1,83461084	0,990079929631062	93,4119572301426
50499,99902	0,453084699999977	1,837052124	0,99009492567574	93,5362588594705
50509,99902	0,452905899999962	1,838605835	0,989856117039473	93,6153683808554
50519,99902	0,452905899999962	1,837819824	0,989918054354249	93,5753474541752
50529,99902	0,451654200000007	1,832930908	0,990279339522671	93,3264209775967
50539,99902	0,453323099999977	1,83987793	0,990175304275202	93,6801390020367
50549,99902	0,453799899999979	1,840904297	0,990167480730186	93,7323980142566
50559,99902	0,452309799999966	1,834385864	0,990199612968633	93,4005022403258
50569,99902	0,451832999999965	1,833014404	0,990013708017827	93,3306723014257
50579,99902	0,45257799999996	1,834999268	0,989989492330875	93,4317346232179
50589,99902	0,453561499999978	1,83796814	0,990023301686156	93,5828991853361
50599,99902	0,452846299999976	1,836272949	0,990144196108096	93,4965859979634
50609,99902	0,453680700000007	1,840766479	0,990006722531193	93,7253808044807
50619,99902	0,451773399999979	1,833160767	0,990014546076209	93,338124592668
50629,99902	0,451684	1,833518555	0,989917589321853	93,356341904277
50639,99902	0,452399200000002	1,83602417	0,990035130510195	93,4839190427699
50649,99902	0,451594599999964	1,832313965	0,990071920073088	93,295008401222
50659,99902	0,452667399999996	1,83625769	0,989984928012908	93,4958090631365
50669,99902	0,452160800000001	1,83398645	0,989987629201083	93,3801654786151
50679,99902	0,453591299999971	1,839873779	0,99005785609334	93,6799276476578
50689,99902	0,453174099999956	1,837359375	0,990115323096698	93,5519030040733
50699,99902	0,45335289999997	1,83817749	0,990151460614167	93,5935585539715
50709,99902	0,453054899999984	1,837744141	0,990019296407134	93,5714939409369
50719,99902	0,453174099999956	1,838045044	0,989980830727477	93,5868148676171
50729,99902	0,451862799999958	1,833665161	0,990220755441494	93,3638065682281
50739,99902	0,453501899999992	1,839784912	0,98999219351905	93,6754028513238
50749,99902	0,453680700000007	1,839620972	0,989993124583911	93,6670556008147
50759,99902	0,454574799999989	1,847512939	0,990103959305055	94,0688869144603
50769,99902	0,452905899999962	1,838795654	0,990013242985431	93,625033299389
50779,99902	0,453412499999956	1,841230225	0,990191137378193	93,7489931262729
50789,99902	0,45335289999997	1,840354004	0,990130690167223	93,7043790224033
50799,99902	0,453472099999999	1,838135742	0,989914515107692	93,591432892057
50809,99902	0,452935699999955	1,836280518	0,990026002874331	93,4969713849287
50819,99902	0,45335289999997	1,837986572	0,989895235764624	93,5838376782077
50829,99902	0,453174099999956	1,837826416	0,990104798363507	93,575683095723
50839,99902	0,453084699999977	1,837374878	0,990018272335794	93,5526923625255
50849,99902	0,453472099999999	1,839880005	0,990081606747896	93,6802446537678
50859,99902	0,452995299999998	1,837087158	0,990077135436409	93,5380426680244
50869,99902	0,453472099999999	1,841194092	0,990129107056938	93,7471533604888
50879,99902	0,453829699999972	1,842629883	0,990217216194937	93,820258808554
50889,99902	0,453263499999991	1,838263916	0,99006847383301	93,5979590631365
50899,99902	0,453472099999999	1,840384888	0,990021718575871	93,7059515274949
50909,99902	0,452160800000001	1,835477173	0,989944506196979	93,4560678716904
50919,99902	0,453054899999984	1,837773438	0,990078998566201	93,5729856415479
50929,99902	0,45257799999996	1,833105469	0,990186294040789	93,33530901222
50939,99902	0,452667399999996	1,836966064	0,990075831345561	93,5318769857434
50949,99902	0,452756799999975	1,836607788	0,990061395339897	93,5136348268839
50959,99902	0,452428999999995	1,834094971	0,990170087911812	93,38569098778
50969,99902	0,452905899999962	1,835652832	0,989794366737725	93,4650118126273
50979,99902	0,453501899999992	1,839087891	0,990103773292097	93,6399129837067
50989,99902	0,453323099999977	1,839034058	0,990053198768894	93,6371719959267
50999,99902	0,453084699999977	1,836290405	0,989922804685174	93,497474796334
51009,99902	0,451326300000005	1,831072388	0,990047983405573	93,2317916496945
51019,99902	0,452935699999955	1,834547241	0,989762513518716	93,4087189918534
51029,99902	0,453591299999971	1,839757202	0,990022276614746	93,6739919551935
51039,99902	0,452339599999959	1,834646973	0,990160960275948	93,4137969959267
51049,99902	0,452756799999975	1,834504639	0,990172137054562	93,4065498472505
51059,99902	0,45201179999998	1,834925049	0,990120538460019	93,4279556517312
51069,99902	0,452935699999955	1,835353027	0,989963320507652	93,4497467922607
51079,99902	0,452190599999994	1,836880005	0,989987629201083	93,5274951629328
51089,99902	0,453412499999956	1,839938599	0,99026993286737	93,6832280549898
51099,99902	0,452935699999955	1,836689331	0,989965834682798	93,5177867107943
51109,99902	0,453263499999991	1,837864258	0,990091572442142	93,5776098778004
51119,99902	0,452607799999953	1,835383545	0,990209858682386	93,4513006619145
51129,99902	0,452726999999982	1,837477295	0,989896353842514	93,5579070773931
51139,99902	0,453591299999971	1,839958008	0,990060650287994	93,684216293279
51149,99902	0,451862799999958	1,834113647	0,99008123372191	93,386641904277
51159,99902	0,453144299999963	1,836876831	0,990157421029391	93,5273335539715
51169,99902	0,45201179999998	1,83400354	0,990000389089982	93,3810356415479
51179,99902	0,451236899999969	1,829621704	0,989910230809233	93,1579279022403
51189,99902	0,452905899999962	1,835418335	0,989931001256177	93,4530720468432
51199,99902	0,453650899999957	1,839981079	0,990159005139746	93,68539098778
51209,99902	0,452756799999975	1,835235718	0,990173907177875	93,4437738289206
51219,99902	0,45225019999998	1,834707275	0,989998153934273	93,4168673625255
51229,99902	0,452846299999976	1,834787109	0,990084213929522	93,4209322301426
51239,99902	0,452995299999998	1,837386108	0,98993062823019	93,5532641547861
51249,99902	0,453084699999977	1,837472046	0,98986598972724	93,5576398167006
51259,99902	0,452428999999995	1,837812744	0,990068752852448	93,5749869653768
51269,99902	0,453084699999977	1,837577881	0,990025070809399	93,5630285641548
51279,99902	0,452935699999955	1,8363927	0,990188436190019	93,502683299389
51289,99902	0,452756799999975	1,835077026	0,99001547814114	93,4356937881874
51299,99902	0,453472099999999	1,839898804	0,990102190181812	93,6812018329939
51309,99902	0,452756799999975	1,834022095	0,990122214576783	93,3819803971487
51319,99902	0,45335289999997	1,839986816	0,990026560913206	93,685683095723
51329,99902	0,453740299999993	1,841318726	0,990080302657048	93,753499287169
51339,99902	0,453412499999956	1,837979736	0,990054130833825	93,5834896130346
51349,99902	0,453174099999956	1,836047607	0,989968163845056	93,4851123727088
51359,99902	0,453561499999978	1,841996216	0,990173069119493	93,7879947046843
51369,99902	0,453263499999991	1,837744507	0,990134322420259	93,5715125763747
51379,99902	0,453650899999957	1,84074939	0,990168318788568	93,7245106924643
51389,99902	0,453740299999993	1,840961304	0,990093621584893	93,735300610998
51399,99902	0,453799899999979	1,841554443	0,990137862666885	93,7655011710794
51409,99902	0,452846299999976	1,836274292	0,990100420058499	93,4966543788187
51419,99902	0,453412499999956	1,838769897	0,990156396958051	93,6237218431772
51429,99902	0,454485399999953	1,846029541	0,990061116320459	93,9933574847251
51439,99902	0,454097899999965	1,844439575	0,990198960923209	93,9124019857434
51449,99902	0,452726999999982	1,836317871	0,989970305994286	93,4988732688391
51459,99902	0,451654200000007	1,831895874	0,990131529225675	93,2737206720978
51469,99902	0,45225019999998	1,835797729	0,98999321759039	93,4723894602851
51479,99902	0,453263499999991	1,837248779	0,990178005463377	93,5462718431772
51489,99902	0,452756799999975	1,834361084	0,989934260483226	93,3992405295316
51499,99902	0,452190599999994	1,836589233	0,989868783921894	93,5126900712831
51509,99902	0,453174099999956	1,837152466	0,98995400585876	93,5413679226069
51519,99902	0,452905899999962	1,833295166	0,989942736073666	93,3449677189409
51529,99902	0,453501899999992	1,839381104	0,990188157170581	93,6548423625255
51539,99902	0,452995299999998	1,835215576	0,990144009095068	93,4427482688391
51549,99902	0,452816399999961	1,834974854	0,989989957363271	93,4304915478615
51559,99902	0,452816399999961	1,834314575	0,990103401266181	93,3968724541752
51569,99902	0,453501899999992	1,839142578	0,99005152265213	93,6426974541751
51579,99902	0,453144299999963	1,838493164	0,989969466935834	93,6096315682281
51589,99902	0,453680700000007	1,8427771	0,99004202199028	93,8277545824847
51599,99902	0,453591299999971	1,84085437	0,989950373605724	93,7298559063136
51609,99902	0,452995299999998	1,836777588	0,990231280174685	93,5222804480652
51619,99902	0,452756799999975	1,83578833	0,989988654272493	93,4719108961303
51629,99902	0,452428999999995	1,836000488	0,990084958981425	93,4827132382892
51639,99902	0,453054899999984	1,836656128	0,990072851137949	93,5160961303462
51649,99902	0,453919100000007	1,84169873	0,990152764705015	93,7728477596741
51659,99902	0,454008499999986	1,843543701	0,990225226752982	93,8667872199593
51669,99902	0,452756799999975	1,833994507	0,990080674682965	93,380575712831
51679,99902	0,453054899999984	1,836815918	0,990083841903605	93,5242320773931
51689,99902	0,453650899999957	1,840628662	0,990200824053002	93,7183636456212
51699,99902	0,452995299999998	1,836123169	0,990094552649754	93,4889597250509
51709,99902	0,453889299999958	1,841529907	0,990127616953132	93,7642518839104
51719,99902	0,453501899999992	1,839255371	0,990360277161078	93,6484404786151
51729,99902	0,453799899999979	1,839755127	0,990052919749457	93,6738863034623
51739,99902	0,453680700000007	1,838872437	0,990057297054396	93,6289428207739
51749,99902	0,454336399999988	1,844502686	0,990111503830634	93,9156153767821
51759,99902	0,453323099999977	1,838085205	0,990220569428535	93,5888597250509
51769,99902	0,453680700000007	1,839546509	0,989829666196813	93,6632642057026
51779,99902	0,453412499999956	1,836772339	0,990206878474774	93,5220131873727
51789,99902	0,453144299999963	1,836300049	0,989955216943128	93,4979658350306
51799,99902	0,454634399999975	1,846295166	0,990118023284803	94,0068821792261
51809,99902	0,453263499999991	1,837933594	0,990145965231339	93,5811402240326
51819,99902	0,453978699999993	1,840632324	0,990059625216584	93,718550101833
51829,99902	0,45335289999997	1,836984741	0,990205946409843	93,5328279531568
51839,99902	0,453829699999972	1,838931396	0,99012575382334	93,6319448065173
51849,99902	0,453889299999958	1,839710327	0,990100048032582	93,6716052443992
51859,99902	0,453323099999977	1,83569165	0,990144941159999	93,4669882892057
51869,99902	0,453263499999991	1,836734009	0,990032056296034	93,5200615580448
51879,99902	0,453799899999979	1,840482178	0,990048821463956	93,7109051934827
51889,99902	0,45225019999998	1,833868896	0,989878377590223	93,3741800407332
51899,99902	0,452309799999966	1,833276978	0,990044444159017	93,3440416496945
51909,99902	0,452905899999962	1,834125366	0,990060650287994	93,3872385947047
51919,99902	0,452995299999998	1,835023438	0,990055527931152	93,4329652749491
51929,99902	0,452756799999975	1,833043579	0,990080022637541	93,332157790224
51939,99902	0,454753600000004	1,846929932	0,990188623203047	94,0392022403259
51949,99902	0,454008499999986	1,841632935	0,989922338652709	93,7694977087576
51959,99902	0,453323099999977	1,838393799	0,990230256103344	93,6045722505092
51969,99902	0,453323099999977	1,83815564	0,989980084675504	93,5924460285133
51979,99902	0,452905899999962	1,83636438	0,990167573736665	93,5012413441955
51989,99902	0,453412499999956	1,838647095	0,98995083963819	93,6174691955193
51999,99902	0,453412499999956	1,837276733	0,990016875238467	93,5476951629328
52009,99902	0,452995299999998	1,834905884	0,989968442864494	93,4269798370672
52019,99902	0,452607799999953	1,835240234	0,989996570823988	93,4440037678208
52029,99902	0,453799899999979	1,839408325	0,990132739309974	93,6562283604888
52039,99902	0,453680700000007	1,839535278	0,990447921266681	93,6626923625255
52049,99902	0,453174099999956	1,838193481	0,990153229737411	93,5943727596741
52059,99902	0,452995299999998	1,837716431	0,990126964907708	93,5700830448065
52069,99902	0,453174099999956	1,837075073	0,989724512871454	93,5374273421588
52079,99902	0,453472099999999	1,837562256	0,990043513094155	93,56223299389
52089,99902	0,453472099999999	1,83810498	0,990062513417786	93,589866598778
52099,99902	0,453650899999957	1,841577637	0,989993403603348	93,7666821283096
52109,99902	0,454097899999965	1,843362793	0,990155278880161	93,8575760183299
52119,99902	0,453650899999957	1,837952148	0,989954750910663	93,5820849287169
52129,99902	0,453472099999999	1,836932617	0,990001414161392	93,5301739816701
52139,99902	0,454097899999965	1,841826294	0,990004673388442	93,7793428716904
52149,99902	0,453680700000007	1,840785645	0,989984462980513	93,7263566700611
52159,99902	0,453561499999978	1,838583008	0,990031870283075	93,6142061099796
52169,99902	0,453680700000007	1,84091687	0,990186667066775	93,7330381873727
52179,99902	0,453263499999991	1,838048462	0,990110572765773	93,5869889002037
52189,99902	0,454008499999986	1,84123584	0,990253633731914	93,7492790224033
52199,99902	0,45335289999997	1,837468628	0,989874186298243	93,5574657841141
52209,99902	0,453799899999979	1,839892944	0,989980084675504	93,6809034623218
52219,99902	0,454068099999972	1,842707886	0,989990703415244	93,8242304480652
52229,99902	0,453799899999979	1,840327148	0,989917589321853	93,7030116089613
52239,99902	0,453889299999958	1,841604004	0,989995266733141	93,7680246435845
52249,99902	0,453144299999963	1,837406982	0,990260060179603	93,5543269857434
52259,99902	0,451743599999986	1,831511108	0,990069497904351	93,2541297352342
52269,99902	0,453680700000007	1,838966431	0,990008585660985	93,6337286659878
52279,99902	0,453680700000007	1,838858276	0,990137675653857	93,6282217922607
52289,99902	0,452726999999982	1,835091675	0,989897191900896	93,4364396639511
52299,99902	0,453144299999963	1,83475415	0,990102004168854	93,4192540733197
52309,99902	0,453412499999956	1,835715454	0,989973193195419	93,468200305499
52319,99902	0,453472099999999	1,837073853	0,98992746200962	93,5373652240326
52329,99902	0,453799899999979	1,839264404	0,99004202199028	93,648900407332
52339,99902	0,453829699999972	1,84055249	0,990038017711327	93,7144852342159
52349,99902	0,45421719999996	1,842441528	0,990210789747248	93,8106684317719
52359,99902	0,45335289999997	1,836212158	0,989970211987737	93,4934907331975
52369,99902	0,453799899999979	1,840865845	0,990144009095068	93,7304401731161
52379,99902	0,453829699999972	1,838984253	0,990081792760855	93,6346360997963
52389,99902	0,452756799999975	1,836041382	0,990233050297998	93,4847954175153
52399,99902	0,453054899999984	1,834648071	0,98991367704931	93,4138529022403
52409,99902	0,453174099999956	1,836316162	0,990015198121633	93,4987862525458
52419,99902	0,452667399999996	1,836056396	0,990110106733307	93,4855598778004
52429,99902	0,45335289999997	1,838589355	0,990031591263638	93,6145292769857
52439,99902	0,453919100000007	1,841099487	0,990131156199689	93,7423364052953
52449,99902	0,453472099999999	1,838904175	0,990076483390985	93,630558808554
52459,99902	0,453919100000007	1,841251221	0,989941991021763	93,7500621690428
52469,99902	0,453561499999978	1,837950806	0,99028688404825	93,582016598778
52479,99902	0,451981999999987	1,83391626	0,990076297378026	93,3765916496945
52489,99902	0,453054899999984	1,835054077	0,990101538136388	93,434525305499
52499,99902	0,453054899999984	1,837362305	0,990149970510361	93,5520521894094
52509,99902	0,453561499999978	1,838323608	0,990263785439118	93,6009983706721
52519,99902	0,45335289999997	1,837815308	0,990189461261429	93,5751175152749
52529,99902	0,451654200000007	1,832814087	0,990112155876058	93,3204728615071
52539,99902	0,453412499999956	1,836901001	0,990182009742329	93,5285642057026
52549,99902	0,45257799999996	1,836420532	0,990155278880161	93,504100407332
52559,99902	0,451773399999979	1,832002686	0,990272168023079	93,2791591649694
52569,99902	0,452399200000002	1,833604492	0,990202687182794	93,360717515275
52579,99902	0,45225019999998	1,833297607	0,990221314480438	93,34509200611
52589,99902	0,452846299999976	1,834049927	0,990014174050292	93,3833975050917
52599,99902	0,452160800000001	1,833543457	0,989850529650236	93,3576098268839
52609,99902	0,453919100000007	1,84089917	0,989773783303809	93,7321369653768
52619,99902	0,453054899999984	1,836665649	0,990089337286433	93,5165809063136
52629,99902	0,453829699999972	1,840873291	0,990208275572101	93,7308192973523
52639,99902	0,452399200000002	1,836569946	0,989910137802754	93,5117080448065
52649,99902	0,453323099999977	1,835803833	0,990075645332603	93,4727002545825
52659,99902	0,452846299999976	1,834483643	0,990217402207896	93,4054808044806
52669,99902	0,453323099999977	1,837348999	0,989993776629335	93,551374694501
52679,99902	0,45257799999996	1,835036255	0,989906505549718	93,4336178716904
52689,99902	0,452756799999975	1,834464722	0,990090920396718	93,404517413442
52699,99902	0,453263499999991	1,837990601	0,990033174373923	93,5840428207739
52709,99902	0,453263499999991	1,837345825	0,990029076088422	93,5512130855397
52719,99902	0,454336399999988	1,844769165	0,990074993287179	93,9291835539715
52729,99902	0,452726999999982	1,834921265	0,98999219351905	93,4277629837067
52739,99902	0,451654200000007	1,832831909	0,990171672022167	93,3213802953157
52749,99902	0,453799899999979	1,840842773	0,989877446525362	93,7292654276986
52759,99902	0,452905899999962	1,836144043	0,990087195137203	93,4900225560081
52769,99902	0,453233699999998	1,838720337	0,990194024579326	93,6211984215886
52779,99902	0,454008499999986	1,842843018	0,990075086293658	93,8311108961303
52789,99902	0,453472099999999	1,839463989	0,990121283511922	93,6590625763747
52799,99902	0,453084699999977	1,836349854	0,990136837595475	93,5005017311609
52809,99902	0,453650899999957	1,839675293	0,989971051046189	93,6698214358452
52819,99902	0,452846299999976	1,834958862	0,989947766424099	93,4296772912424
52829,99902	0,452399200000002	1,834683228	0,990145499198874	93,4156429735234
52839,99902	0,451356099999998	1,831628906	0,990084865974945	93,2601275967413
52849,99902	0,453233699999998	1,838383545	0,990423798586208	93,6040501527495
52859,99902	0,453412499999956	1,83860083	0,989941991021763	93,6151135437882
52869,99902	0,45335289999997	1,83727002	0,990034943497166	93,5473533604888
52879,99902	0,453174099999956	1,836594482	0,990177446424432	93,5129573319756
52889,99902	0,453174099999956	1,83629895	0,990155185873682	93,4979098778004
52899,99902	0,452190599999994	1,835608765	0,990209206636963	93,4627680753564
52909,99902	0,451445499999977	1,829512451	0,989863009519628	93,1523651221996
52919,99902	0,452995299999998	1,834972168	0,990153416750439	93,4303547861507
52929,99902	0,45257799999996	1,832869385	0,989998991992656	93,3232884419552
52939,99902	0,453084699999977	1,837080811	0,990116440174518	93,5377195010183
52949,99902	0,453084699999977	1,835639893	0,990240500817028	93,4643530040733
52959,99902	0,453650899999957	1,840417969	0,990075552326123	93,7076358961303
52969,99902	0,453978699999993	1,841883301	0,990214235987325	93,7822454684318
52979,99902	0,452816399999961	1,836007446	0,989910975861136	93,483067515275
52989,99902	0,453144299999963	1,837280396	0,99012258760277	93,5478816700611
52999,99902	0,453084699999977	1,83559668	0,990095483714615	93,4621527494908
53009,99902	0,453561499999978	1,83917041	0,990166828684762	93,6441145621181
53019,99902	0,453501899999992	1,839094604	0,989973006182391	93,6402547861507
53029,99902	0,452071399999966	1,833371704	0,990311938793654	93,3488647657841
53039,99902	0,453323099999977	1,836708008	0,990130132128348	93,5187376782077
53049,99902	0,453263499999991	1,836539795	0,990069777923858	93,5101728615071
53059,99902	0,452518399999974	1,835657349	0,990133484361877	93,465241802444
53069,99902	0,453680700000007	1,840326172	0,989995545752578	93,7029619144603
53079,99902	0,453829699999972	1,839299072	0,990177818450349	93,6506655804481
53089,99902	0,452607799999953	1,836060303	0,990165803613352	93,485758808554
53099,99902	0,453829699999972	1,838652222	0,989852950818903	93,6177302443992
53109,99902	0,453650899999957	1,838151978	0,990218241266347	93,5922595723014
53119,99902	0,452518399999974	1,834234619	0,989970118981258	93,3928013747454
53129,99902	0,453501899999992	1,838319458	0,990047052340712	93,6007870672098
53139,99902	0,453174099999956	1,835257935	0,990068194813573	93,4449050407332
53149,99902	0,453889299999958	1,841383911	0,989822028664755	93,7568182790224
53159,99902	0,452905899999962	1,835243652	0,990211441792672	93,4441778004073
53169,99902	0,453174099999956	1,83719812	0,990106381473792	93,5436924643584
53179,99902	0,452518399999974	1,835374756	0,989996849843426	93,4508531568228
53189,99902	0,454008499999986	1,840261353	0,989947859430578	93,6996615580448
53199,99902	0,453740299999993	1,841480103	0,990196446748063	93,7617160386965
53209,99902	0,453501899999992	1,838716919	0,989998339947232	93,621024389002
53219,99902	0,453680700000007	1,838615234	0,989788778348418	93,6158469450102
53229,99902	0,452428999999995	1,834502686	0,99003885576971	93,406450407332
53239,99902	0,453919100000007	1,842481201	0,990180985670989	93,8126884419552
53249,99902	0,453799899999979	1,840828979	0,990144196108096	93,7285630855397
53259,99902	0,45201179999998	1,833784058	0,990409175567516	93,3698603869654
53269,99902	0,453501899999992	1,838230957	0,989887784245525	93,5962809063136
53279,99902	0,453174099999956	1,836116211	0,989941525989367	93,4886054480652
53289,99902	0,453054899999984	1,836473267	0,990246648245279	93,5067854887984
53299,99902	0,453174099999956	1,835990845	0,989945903294306	93,4822222505092
53309,99902	0,454068099999972	1,842481323	0,990257639010936	93,8126946537678
53319,99902	0,453501899999992	1,838560547	0,990302438131803	93,6130624745417
53329,99902	0,453472099999999	1,838984009	0,989859191253634	93,6346236761711
53339,99902	0,453829699999972	1,840693359	0,990207250500691	93,721657790224
53349,99902	0,453084699999977	1,836258789	0,989936589645484	93,4958650203666
53359,99902	0,453591299999971	1,839027466	0,990061674359334	93,6368363543788
53369,99902	0,453650899999957	1,839141724	0,990029169094901	93,6426539714868
53379,99902	0,454097899999965	1,843424316	0,989910044796274	93,8607085539715
53389,99902	0,454157599999974	1,844452759	0,989856211046022	93,9130732688391
53399,99902	0,453561499999978	1,840306519	0,990053105762415	93,7019612525458
53409,99902	0,453054899999984	1,837339478	0,99003671362048	93,5508899185336
53419,99902	0,452846299999976	1,837937988	0,989939662859575	93,5813639511202
53429,99902	0,452399200000002	1,835657471	0,990112900927961	93,4652480142566
53439,99902	0,453144299999963	1,836742798	0,990219824376633	93,5205090631365
53449,99902	0,45335289999997	1,8380896	0,990008771673943	93,589083503055
53459,99902	0,452190599999994	1,834373291	0,989957732118345	93,3998620672098
53469,99902	0,453144299999963	1,837333862	0,990061861372362	93,5506039714868
53479,99902	0,453591299999971	1,840474121	0,990078253514298	93,7104949592668
53489,99902	0,452428999999995	1,835450439	0,990044351152537	93,4547066700611
53499,99902	0,453680700000007	1,838523804	0,990132926323002	93,6111916496945
53509,99902	0,453233699999998	1,837702148	0,990147921367611	93,5693558044807
53519,99902	0,452816399999961	1,837154663	0,98997198211105	93,5414797861507
53529,99902	0,453144299999963	1,834806641	0,990087288143682	93,4219267311609
53539,99902	0,453650899999957	1,83843457	0,990087940189106	93,6066481670061
53549,99902	0,453174099999956	1,835421021	0,990137675653857	93,453208808554
53559,99902	0,454097899999965	1,843257813	0,989994428674758	93,8522308044806
53569,99902	0,453174099999956	1,835015015	0,990032708341458	93,4325364052953
53579,99902	0,453174099999956	1,837817627	0,990098464922297	93,5752355906314
53589,99902	0,453829699999972	1,842467773	0,990147548341624	93,8120047352342
53599,99902	0,453561499999978	1,839420776	0,990126964907708	93,6568623217923
53609,99902	0,453889299999958	1,840604492	0,990386262971343	93,71713299389
53619,99902	0,453799899999979	1,838738159	0,990105915441327	93,6221058553972
53629,99902	0,452071399999966	1,833976318	0,99013851371224	93,379649592668
53639,99902	0,452995299999998	1,835925049	0,990097625863845	93,4788721486762
53649,99902	0,453591299999971	1,838035156	0,989954937923691	93,5863114052953
53659,99902	0,453084699999977	1,835539185	0,990033360386881	93,459225305499
53669,99902	0,453412499999956	1,837456055	0,989778625641144	93,556825610998
53679,99902	0,454008499999986	1,84139917	0,990100886090964	93,7575952138493
53689,99902	0,452995299999998	1,837419189	0,989987443188124	93,5549485234216
53699,99902	0,452726999999982	1,834531982	0,990002159213295	93,4079420570265
53709,99902	0,453084699999977	1,835099243	0,989991168447639	93,436825
53719,99902	0,453412499999956	1,83751416	0,990099488993638	93,5597841140529
53729,99902	0,453799899999979	1,838253296	0,990174838242737	93,5974183299389
53739,99902	0,452428999999995	1,834991821	0,990050963613185	93,4313554480652
53749,99902	0,453472099999999	1,837140747	0,990141028887456	93,5407712321792
53759,99902	0,452160800000001	1,832302612	0,990139817803087	93,2944303462322
53769,99902	0,453501899999992	1,837770996	0,990246648245279	93,5728613034623
53779,99902	0,453263499999991	1,836126587	0,990140469848511	93,4891337576375
53789,99902	0,453680700000007	1,838761841	0,989950280599245	93,6233116598778
53799,99902	0,454246999999953	1,842168701	0,990156210945092	93,7967770366599
53809,99902	0,453591299999971	1,838564087	0,99017977458662	93,6132427189409
53819,99902	0,453472099999999	1,837160767	0,98992960415885	93,5417905804481
53829,99902	0,453233699999998	1,834512329	0,99001333599191	93,406941395112
53839,99902	0,453740299999993	1,838493164	0,990330939117284	93,6096315682281
53849,99902	0,453472099999999	1,83706189	0,990115881135573	93,5367561099796
53859,99902	0,452667399999996	1,833203003	0,989973658227815	93,340275101833
53869,99902	0,454008499999986	1,841789307	0,990100793084485	93,7774596232179
53879,99902	0,454574799999989	1,844375732	0,990179029534717	93,9091513238289
53889,99902	0,453650899999957	1,83865979	0,990192814495027	93,6181155804481
53899,99902	0,45257799999996	1,836102661	0,990191696417138	93,4879155295316
53909,99902	0,45335289999997	1,83657959	0,990020879517419	93,512199083503
53919,99902	0,454395999999974	1,843733154	0,990055713944111	93,876433503055
53929,99902	0,452905899999962	1,835033447	0,990152298672549	93,433474898167
53939,99902	0,45335289999997	1,837126953	0,990131715238634	93,5400688900204
53949,99902	0,454336399999988	1,844610962	0,990403121145744	93,9211284114053
53959,99902	0,453799899999979	1,837977417	0,990218241266347	93,5833715376782
53969,99902	0,454306599999995	1,842424316	0,990013242985431	93,8097920570265
53979,99902	0,453501899999992	1,836218018	0,990215633084652	93,4937891038697
53989,99902	0,452905899999962	1,835528076	0,990082071780292	93,4586596741344
53999,99902	0,452160800000001	1,833357422	0,990137675653857	93,3481375763747
54009,99902	0,453740299999993	1,837884644	0,990035409529632	93,5786478615071
54019,99902	0,454068099999972	1,840170532	0,989999924057587	93,6950372708758
54029,99902	0,453919100000007	1,838613647	0,990119513388609	93,6157661405295
54039,99902	0,454574799999989	1,844207886	0,990112900927961	93,9006051934827
54049,99902	0,454544999999996	1,84304895	0,990066890722725	93,8415962321792
54059,99902	0,453054899999984	1,835456177	0,990352081590145	93,4549988289206
54069,99902	0,453680700000007	1,838356323	0,990085984052835	93,6026641038697
54079,99902	0,453412499999956	1,83686145	0,990025443835386	93,526550407332
54089,99902	0,454306599999995	1,842672729	0,990010634803736	93,8224403767821
54099,99902	0,453263499999991	1,836070557	0,989990889428202	93,4862809063136
54109,99902	0,451922400000001	1,8313302	0,990176049327105	93,2449185336049
54119,99902	0,453501899999992	1,835593262	0,990043885120072	93,4619787169043
54129,99902	0,453978699999993	1,839154541	0,990091479435663	93,6433065682281
54139,99902	0,453591299999971	1,837704834	0,990171205989701	93,5694925661914
54149,99902	0,454008499999986	1,840073364	0,990194862637708	93,6900898167006
54159,99902	0,453919100000007	1,839155029	0,990104611350479	93,6433314154786
54169,99902	0,454097899999965	1,840976685	0,990142146965345	93,7360837576375
54179,99902	0,453799899999979	1,839308838	0,990099675006596	93,6511628309572
54189,99902	0,454097899999965	1,841403198	0,990050311567762	93,757800305499
54199,99902	0,453591299999971	1,837828613	0,989959781261095	93,5757949592668
54209,99902	0,45335289999997	1,837664429	0,989935005535129	93,5674352851324
54219,99902	0,453591299999971	1,837519531	0,990250373504795	93,560057586558
54229,99902	0,453650899999957	1,835772583	0,99008654309178	93,471109114053
54239,99902	0,453472099999999	1,836418945	0,989876421453952	93,5040196028513
54249,99902	0,453084699999977	1,833738037	0,990003370297664	93,3675171588595
54259,99902	0,453680700000007	1,836970581	0,990015198121633	93,5321069755601
54269,99902	0,454157599999974	1,841074097	0,990124170713055	93,7410436354379
54279,99902	0,453501899999992	1,836858398	0,990281481671901	93,5263950101833
54289,99902	0,453323099999977	1,834758789	0,990174652229779	93,4194902749491
54299,99902	0,453323099999977	1,835342407	0,989817651359816	93,4492060590631
54309,99902	0,453919100000007	1,835959106	0,989922711678695	93,4806062118126
54319,99902	0,452756799999975	1,833192139	0,990176887385487	93,3397219450102
54329,99902	0,453650899999957	1,835404541	0,990047145347191	93,4523697046843
54339,99902	0,453323099999977	1,835343994	0,98998371792861	93,4492868635438
54349,99902	0,454008499999986	1,839583984	0,990028424042998	93,6651723014257
54359,99902	0,454157599999974	1,839260376	0,990192162449603	93,6486953156823
54369,99902	0,454008499999986	1,838477661	0,990204735325475	93,608842209776
54379,99902	0,45335289999997	1,835026245	0,990144754146971	93,433108197556
54389,99902	0,453889299999958	1,838524658	0,99017027492484	93,6112351323829
54399,99902	0,453889299999958	1,839411499	0,990159843198128	93,6563899694501
54409,99902	0,453412499999956	1,836234131	0,990172044048083	93,4946095213849
54419,99902	0,453472099999999	1,836451172	0,989898495991743	93,5056604887984
54429,99902	0,453472099999999	1,835815552	0,990092317494045	93,4732969450102
54439,99902	0,453561499999978	1,836952148	0,990003649317102	93,5311684317719
54449,99902	0,453680700000007	1,838189697	0,990156303951572	93,5941800916497
54459,99902	0,45335289999997	1,835628052	0,990096228766518	93,463750101833
54469,99902	0,45335289999997	1,836383545	0,990140749868018	93,5022171588595
54479,99902	0,453233699999998	1,834630737	0,990065865651315	93,4129703156823
54489,99902	0,453263499999991	1,836827759	0,990337272558495	93,5248349796334
54499,99902	0,453740299999993	1,838337524	0,990213304922464	93,6017069246436
54509,99902	0,453680700000007	1,839024048	0,990058415132285	93,6366623217923
54519,99902	0,451654200000007	1,827576782	0,989911720913039	93,0538076374745
54529,99902	0,453650899999957	1,837549194	0,989867200811609	93,5615679226069
54539,99902	0,453472099999999	1,837639404	0,990172696093507	93,5661610997963
54549,99902	0,453263499999991	1,833529541	0,989924481802008	93,3569012729124
54559,99902	0,453978699999993	1,840767578	0,990175211268723	93,7254367617108
54569,99902	0,452846299999976	1,835557617	0,990052360710512	93,4601637983707
54579,99902	0,453591299999971	1,838723511	0,990114950070712	93,6213600305499
54590,00293	0,453144299999963	1,838079834	0,990011565868597	93,5885862525458
54600,00293	0,454485399999953	1,842817993	0,990149318464937	93,8298367107943
54610,00293	0,454246999999953	1,842677368	0,990091479435663	93,8226765784114
54620,00293	0,453978699999993	1,840118042	0,990301507066942	93,6923646639511
54630,00293	0,453919100000007	1,840089478	0,989957452098837	93,6909102851324
54640,00293	0,452428999999995	1,834287842	0,990231001155247	93,3955113034623
54650,00293	0,453650899999957	1,838663818	0,990027958010532	93,6183206720978
54660,00293	0,454157599999974	1,84252356	0,99016282340574	93,8148452138493
54670,00293	0,453650899999957	1,839469604	0,990176887385487	93,6593484725051
54680,00293	0,45421719999996	1,841322754	0,99007275813147	93,7537043788187
54690,00293	0,453323099999977	1,835746582	0,990249163420496	93,4697852342159
54700,00293	0,453650899999957	1,837186768	0,989969653948862	93,5431144602851
54710,00293	0,452995299999998	1,835781738	0,990122866622207	93,4715752545825
54720,00293	0,453323099999977	1,836915771	0,990161612321372	93,5293162423625
54730,00293	0,452905899999962	1,836026733	0,990016595218959	93,4840495417515
54740,00293	0,454157599999974	1,840633057	0,990078439527256	93,7185874236253
54750,00293	0,454336399999988	1,841559082	0,990147735354652	93,7657373727088
54760,00293	0,453084699999977	1,833849487	0,990099582000117	93,373191802444
54770,00293	0,453561499999978	1,837568604	0,990000110070545	93,5625562118126
54780,00293	0,453501899999992	1,835135376	0,990010541797256	93,4386647657841
54790,00293	0,454395999999974	1,841759399	0,990126405868764	93,7759368126273
54800,00293	0,453919100000007	1,838046265	0,990039134789147	93,5868770366599
54810,00293	0,453978699999993	1,838455811	0,989973938247322	93,6077296843177
54820,00293	0,453412499999956	1,836052002	0,990045003197961	93,4853361507128
54830,00293	0,454068099999972	1,838039917	0,990017340270863	93,5865538187373
54840,00293	0,452846299999976	1,831624023	0,989997687901808	93,2598789714868
54850,00293	0,453263499999991	1,833419067	0,989939941879013	93,3512763238289
54860,00293	0,453501899999992	1,834750244	0,989870647051686	93,4190551934827
54870,00293	0,452905899999962	1,83227356	0,990085984052835	93,2929511201629
54880,00293	0,454395999999974	1,842364502	0,990239755765125	93,8067465376782
54890,00293	0,453978699999993	1,836743652	0,990153695769876	93,5205525458249
54900,00293	0,45335289999997	1,834318604	0,99008859223453	93,3970775967413
54910,00293	0,452428999999995	1,832217896	0,990057483067354	93,290116904277
54920,00293	0,45335289999997	1,83615979	0,990217589220924	93,4908243380855
54930,00293	0,453650899999957	1,836633789	0,9901172782329	93,514958706721
54940,00293	0,453799899999979	1,837759766	0,989947300391633	93,5722895112016
54950,00293	0,454544999999996	1,842010742	0,99014373007563	93,7887343177189
54960,00293	0,452846299999976	1,833588867	0,990043419087607	93,3599219450102
54970,00293	0,453650899999957	1,837039551	0,990170739957236	93,5356186863544
54980,00293	0,453650899999957	1,837651245	0,990059067177709	93,5667640020367
54990,00293	0,45421719999996	1,839067627	0,989974776305704	93,6388812118126
55000,00293	0,453740299999993	1,837862061	0,990256241913609	93,5774980142566
55010,00293	0,453740299999993	1,836700806	0,989895235764624	93,5183709775967
55020,00293	0,453799899999979	1,837057373	0,990143823082109	93,5365261201629
55030,00293	0,453740299999993	1,83682312	0,990063444482647	93,5245987780041
55040,00293	0,453144299999963	1,832298462	0,989973006182391	93,2942190427699
55050,00293	0,452816399999961	1,833259277	0,990190858358756	93,3431403767821
55060,00293	0,453650899999957	1,837381104	0,990286698035292	93,5530093686354
55070,00293	0,45335289999997	1,835637451	0,990019296407134	93,4642286659878
55080,00293	0,453501899999992	1,835909302	0,989947114378675	93,4780703665988
55090,00293	0,45335289999997	1,835282227	0,990161519314892	93,446141904277
55100,00293	0,45257799999996	1,831516235	0,990012776952966	93,2543907841141
55110,00293	0,45225019999998	1,830782471	0,990147176315708	93,2170300916497
55120,00293	0,453084699999977	1,834389038	0,990084586955508	93,4006638492872
55130,00293	0,453740299999993	1,836988159	0,990293776528405	93,5330019857434
55140,00293	0,45421719999996	1,84003833	0,990021997595308	93,6883060081466
55150,00293	0,453829699999972	1,837626343	0,990085984052835	93,5654960794297
55160,00293	0,454306599999995	1,842176392	0,98994655533973	93,7971686354379
55170,00293	0,454097899999965	1,839637817	0,990074062222317	93,6679132892057
55180,00293	0,454395999999974	1,841088257	0,990147921367611	93,7417646130346
55190,00293	0,453591299999971	1,836029175	0,990150901575223	93,4841738798371
55200,00293	0,453591299999971	1,835892944	0,990091665448621	93,4772374745418
55210,00293	0,453889299999958	1,834653198	0,98943559574445	93,4141139511202
55220,00293	0,453740299999993	1,836126343	0,990381792659925	93,4891213340122
55230,00293	0,454068099999972	1,83995752	0,989938731794714	93,6841914460285
55240,00293	0,453412499999956	1,835537598	0,990076297378026	93,4591445010183
55250,00293	0,454008499999986	1,838252319	0,989914422101213	93,5973685845214
55260,00293	0,453799899999979	1,836920532	0,990055340918124	93,5295586558045
55270,00293	0,452756799999975	1,833155273	0,989937706723304	93,3378448574338
55280,00293	0,453501899999992	1,833914185	0,989977384487399	93,3764859979633
55290,00293	0,453323099999977	1,832942017	0,990134602439766	93,3269866089613
55300,00293	0,453233699999998	1,832967529	0,99023491242772	93,3282855906314
55310,00293	0,453591299999971	1,833669312	0,989919824477562	93,3640179226069
55320,00293	0,453591299999971	1,833967163	0,990196818773979	93,3791834521385
55330,00293	0,453174099999956	1,832404907	0,989919545458125	93,2996388492872
55340,00293	0,453144299999963	1,832309448	0,990091572442142	93,2947784114053
55350,00293	0,453889299999958	1,836697754	0,989968628877452	93,5182155804481
55360,00293	0,452935699999955	1,833283936	0,989905108452391	93,3443959266802
55370,00293	0,454008499999986	1,837282715	0,989903711355064	93,5479997454175
55380,00293	0,453919100000007	1,837800049	0,98991265297797	93,5743405804481
55390,00293	0,453650899999957	1,836518921	0,990167759749624	93,5091100305499
55400,00293	0,453174099999956	1,833611938	0,99003457147125	93,3610966395112
55410,00293	0,452905899999962	1,832070679	0,990200545033564	93,2826211303462
55420,00293	0,45421719999996	1,840358887	0,990109547694363	93,7046276476578
55430,00293	0,453561499999978	1,835859741	0,99003345339336	93,4755468940937
55440,00293	0,453263499999991	1,835028076	0,990225691785377	93,4332014256619
55450,00293	0,454097899999965	1,838279053	0,98993919682711	93,5987297861507
55460,00293	0,452607799999953	1,832318115	0,990054223840304	93,2952197046843
55470,00293	0,453919100000007	1,838675537	0,990169622879416	93,6189173625255
55480,00293	0,454842999999983	1,844740845	0,990340066753148	93,927741598778
55490,00293	0,453740299999993	1,836269409	0,989983251896144	93,4964057535641
55500,00293	0,452935699999955	1,832873779	0,989973006182391	93,3235121690428
55510,00293	0,453650899999957	1,835352417	0,989971237059147	93,4497157331976
55520,00293	0,453978699999993	1,83822522	0,989874652330708	93,5959887983707
55530,00293	0,454246999999953	1,839181274	0,990238172654839	93,6446677189409
55540,00293	0,453919100000007	1,838394043	0,990100979097444	93,6045846741344
55550,00293	0,453829699999972	1,836892822	0,990228952012496	93,5281477596741
55560,00293	0,454395999999974	1,843483154	0,990059067177709	93,8637043788187
55570,00293	0,453889299999958	1,837819824	0,990056552002493	93,5753474541752
55580,00293	0,453263499999991	1,834628052	0,990168970833992	93,412833604888
55590,00293	0,454246999999953	1,840724365	0,990350963512256	93,7232365071283
55600,00293	0,453680700000007	1,836442261	0,99006316446314	93,5052067718941
55610,00293	0,454068099999972	1,839302368	0,989923549737077	93,650833401222
55620,00293	0,454306599999995	1,839208984	0,990163568457643	93,6460786150713
55630,00293	0,454097899999965	1,837727539	0,989845034267408	93,5706486252546
55640,00293	0,45481319999999	1,843356201	0,990225971804884	93,8572403767821
55650,00293	0,454425799999967	1,83971582	0,989940128892041	93,6718849287169
55660,00293	0,453829699999972	1,837946533	0,989993590616376	93,5817990325866
55670,00293	0,453472099999999	1,83517627	0,989902593277175	93,4407469450102
55680,00293	0,453263499999991	1,834367188	0,990139631790129	93,3995513238289
55690,00293	0,453829699999972	1,836663452	0,989818862444184	93,5164690427699
55700,00293	0,454425799999967	1,840697266	0,98999750188885	93,7218567209776
55710,00293	0,453740299999993	1,836966553	0,990182382768315	93,5319018839104
55720,00293	0,454068099999972	1,839863892	0,990283251795214	93,6794242362525
55730,00293	0,454068099999972	1,83959082	0,989982133818255	93,6655203665988
55740,00293	0,453799899999979	1,83633313	0,989838048780773	93,499650203666
55750,00293	0,45257799999996	1,831973633	0,989851087689111	93,2776798879837
55760,00293	0,453054899999984	1,832231812	0,990053571794881	93,2908254582485
55770,00293	0,453323099999977	1,833891235	0,990115043077191	93,3753174643584
55780,00293	0,453501899999992	1,834950562	0,99008337587114	93,4292546843177
55790,00293	0,454157599999974	1,840702393	0,990188064164102	93,7221177698574
55800,00293	0,453412499999956	1,833932129	0,990051801671567	93,3773996435845
55810,00293	0,453233699999998	1,833773315	0,990005884472811	93,3693133910387
55820,00293	0,453889299999958	1,836665405	0,989980736720928	93,5165684826884
55830,00293	0,454962199999954	1,844883423	0,990089337286433	93,9350011710794
55840,00293	0,454157599999974	1,839886597	0,990125195784465	93,6805802953157
55850,00293	0,454068099999972	1,840057861	0,990046586308247	93,6893004582485
55860,00293	0,454246999999953	1,840000488	0,990052733736498	93,6863792260692
55870,00293	0,453978699999993	1,839698975	0,990059719223133	93,6710272403259
55880,00293	0,454336399999988	1,842177368	0,990330194065381	93,7972183299389
55890,00293	0,453144299999963	1,836102295	0,989807126626625	93,4878968940937
55900,00293	0,454664199999968	1,843426025	0,989966859754209	93,8607955702648
55910,00293	0,454306599999995	1,841466797	0,989874652330708	93,7610385437882
55920,00293	0,454068099999972	1,840192261	0,990348821363026	93,6961436354379
55930,00293	0,453680700000007	1,83812439	0,990038017711327	93,5908548879837
55940,00293	0,454097899999965	1,841601563	0,990135440498149	93,7679003564155
55950,00293	0,455230400000005	1,850272827	0,990408150496106	94,2094107433809
55960,00293	0,454008499999986	1,839699463	0,990104425337521	93,6710520875764
55970,00293	0,453680700000007	1,836672241	0,990065400618919	93,5169165478615
55980,00293	0,453978699999993	1,837705322	0,99003140425061	93,569517413442
55990,00293	0,453829699999972	1,838233643	0,990206226429351	93,5964176680244
56000,00293	0,453799899999979	1,837421875	0,99012258760277	93,5550852851324
56010,00293	0,453919100000007	1,838894531	0,990219172331209	93,6300677698574
56020,00293	0,453323099999977	1,834945557	0,990133950394342	93,4289998472505
56030,00293	0,454008499999986	1,8386521	0,990185922014872	93,6177240325866
56040,00293	0,453472099999999	1,835536987	0,989939569853096	93,4591133910387
56050,00293	0,454664199999968	1,843418335	0,990232025226587	93,8604040224033
56060,00293	0,453799899999979	1,83799585	0,989988840285451	93,5843100814664
56070,00293	0,454068099999972	1,840158203	0,990113086940919	93,6944095213849
56080,00293	0,452756799999975	1,834363525	0,990050684593748	93,3993648167006
56090,00293	0,453829699999972	1,838223999	0,990177166404925	93,5959266293279
56100,00293	0,453889299999958	1,836834106	0,989875304376132	93,5251581466395
56110,00293	0,453591299999971	1,836069702	0,990297687800878	93,4862373727088
56120,00293	0,453889299999958	1,837828125	0,989816813301434	93,5757701120163
56130,00293	0,453829699999972	1,83889856	0,990099768013075	93,6302729124236
56140,00293	0,452071399999966	1,830692749	0,989704953508879	93,2124617617108
56150,00293	0,454395999999974	1,840660278	0,990062885443703	93,7199734215886
56160,00293	0,454157599999974	1,839544312	0,990112434895496	93,6631523421589
56170,00293	0,453978699999993	1,839486206	0,9901172782329	93,6601937881874
56180,00293	0,454008499999986	1,841021729	0,990085984052835	93,7383772403259
56190,00293	0,453978699999993	1,839869507	0,989979153610643	93,6797101323829
56200,00293	0,453978699999993	1,840953735	0,990106567486751	93,7349152240326
56210,00293	0,455170799999962	1,848310059	0,990202593176245	94,1094734725051
56220,00293	0,454485399999953	1,843313232	0,990241152862451	93,8550525458248
56230,00293	0,453263499999991	1,837761963	0,989999084999135	93,5724013747454
56240,00293	0,453829699999972	1,83842749	0,990063258469689	93,6062876782077
56250,00293	0,454246999999953	1,840328613	0,990027585984616	93,7030862016293
56260,00293	0,453472099999999	1,835582275	0,98995298178742	93,4614192973523
56270,00293	0,453412499999956	1,835365601	0,990086263072272	93,4503870162933
56280,00293	0,453233699999998	1,834395142	0,989999924057587	93,4009746435845
56290,00293	0,453740299999993	1,835390991	0,989996663830467	93,4516797861507
56300,00293	0,453740299999993	1,836886597	0,990065865651315	93,5278308044806
56310,00293	0,454485399999953	1,841783203	0,989987443188124	93,7771488289206
56320,00293	0,453978699999993	1,837661499	0,990009237706409	93,5672860997963
56330,00293	0,454246999999953	1,838709351	0,989927088983634	93,6206390529532
56340,00293	0,454246999999953	1,84034021	0,990033733412868	93,7036766802444
56350,00293	0,454008499999986	1,838955933	0,990092596513483	93,6331941446028
56360,00293	0,454068099999972	1,840501099	0,990231653200671	93,7118685845214
56370,00293	0,453472099999999	1,837534546	0,9900070025507	93,5608220977597
56380,00293	0,453054899999984	1,836507935	0,990174093190834	93,5085506619145
56390,00293	0,453978699999993	1,836401245	0,990155837919106	93,5031183808554
56400,00293	0,453680700000007	1,836409668	0,990166921691241	93,5035472505092
56410,00293	0,453799899999979	1,8370354	0,990182754794232	93,5354073319756
56420,00293	0,454425799999967	1,840624756	0,990147921367611	93,7181647657841
56430,00293	0,453561499999978	1,83642749	0,990019110394176	93,5044546843177
56440,00293	0,454008499999986	1,838628906	0,990089523299391	93,6165430753564
56450,00293	0,45421719999996	1,840893799	0,98978645018623	93,7318634928717
56460,00293	0,454902599999969	1,847796875	0,98991581919854	94,0833439409369
56470,00293	0,454068099999972	1,841367432	0,989983437909102	93,7559792260692
56480,00293	0,452309799999966	1,832836182	0,989989399324396	93,3215978615071
56490,00293	0,454008499999986	1,839710938	0,989799955127033	93,6716363543788
56500,00293	0,453144299999963	1,837515137	0,989957732118345	93,5598338594705
56510,00293	0,452905899999962	1,836684082	0,990016316199522	93,5175194501018
56520,00293	0,452160800000001	1,8323396	0,990279339522671	93,2963136456212
56530,00293	0,453472099999999	1,836957397	0,989828548118923	93,5314356924644
56540,00293	0,453591299999971	1,836002686	0,990012217914021	93,4828251527495
56550,00293	0,453829699999972	1,837152222	0,989981109746914	93,5413554989817
56560,00293	0,453263499999991	1,837532349	0,990015571147619	93,5607102342159
56570,00293	0,452071399999966	1,829385376	0,98983627865746	93,1458949083503
56580,00293	0,453650899999957	1,835941284	0,990076111365068	93,4796987780041
56590,00293	0,454097899999965	1,838582764	0,989976545428947	93,6141936863544
56600,00293	0,454753600000004	1,843504517	0,990130318141307	93,864792107943
56610,00293	0,454157599999974	1,839308594	0,989985860077839	93,651150407332
56620,00293	0,453740299999993	1,836408447	0,990016130186564	93,5034850814664
56630,00293	0,452816399999961	1,835488647	0,990043326081127	93,4566520875764
56640,00293	0,452101199999959	1,832087036	0,989965927689277	93,2834539714868
56650,00293	0,453978699999993	1,839349609	0,989951398677134	93,6532387474542
56660,00293	0,453919100000007	1,8395448	0,990172137054562	93,6631771894094
56670,00293	0,453144299999963	1,836429321	0,990143357049644	93,5045479124236
56680,00293	0,453501899999992	1,837441895	0,990174000184355	93,5561046334012
56690,00293	0,453829699999972	1,838160522	0,990216285130076	93,5926946028513
56700,00293	0,453084699999977	1,835611694	0,990144941159999	93,462917209776
56710,00293	0,454246999999953	1,840444946	0,990024046738059	93,7090094704684
56720,00293	0,453889299999958	1,838282715	0,990077694475353	93,5989162423625
56730,00293	0,453501899999992	1,837768677	0,989921593600806	93,5727432281059
56740,00293	0,454425799999967	1,841773315	0,990215447071694	93,7766453665988
56750,00293	0,452905899999962	1,836214355	0,990084027916563	93,4936025967413
56760,00293	0,452905899999962	1,837235596	0,990192441469041	93,545600610998
56770,00293	0,454306599999995	1,839944458	0,990256706946005	93,6835263747454
56780,00293	0,453889299999958	1,838778198	0,990046307288809	93,6241445010183
56790,00293	0,454485399999953	1,841673828	0,99016068125651	93,7715798370672
56800,00293	0,453740299999993	1,836725952	0,989980084675504	93,5196513238289
56810,00293	0,452667399999996	1,834347046	0,989938544781686	93,3985257637475
56820,00293	0,453829699999972	1,838181396	0,990180985670989	93,5937574338085
56830,00293	0,453561499999978	1,837289673	0,989974217266759	93,5483540224033
56840,00293	0,453084699999977	1,837060547	0,99022112846748	93,5366877291242
56850,00293	0,453919100000007	1,838799927	0,990244320083091	93,6252508655804
56860,00293	0,454723799999954	1,84363916	0,990324512669595	93,8716476578411
56870,00293	0,453919100000007	1,837137573	0,990087195137203	93,5406096232179
56880,00293	0,454753600000004	1,846398682	0,990484338803657	94,0121528513238
56890,00293	0,453501899999992	1,836684814	0,990317247163454	93,5175567209776
56900,00293	0,453919100000007	1,839445801	0,990180798657961	93,6581365071283
56910,00293	0,454336399999988	1,841977783	0,990326840831783	93,7870561608961
56920,00293	0,453084699999977	1,835641602	0,990109175668446	93,4644400203666
56930,00293	0,453650899999957	1,837915405	0,99010768556464	93,5802141038697
56940,00293	0,454485399999953	1,841946289	0,99017241707407	93,7854525967413
56950,00293	0,454097899999965	1,839534546	0,990119700401637	93,6626550916497
56960,00293	0,452995299999998	1,835832031	0,990037924704848	93,4741359979633
56970,00293	0,452995299999998	1,836979614	0,990151832640084	93,532566904277
56980,00293	0,453263499999991	1,833636597	0,990061395339897	93,3623521894094
56990,00293	0,453144299999963	1,835551392	0,990112062869579	93,4598468431772
57000,00293	0,453501899999992	1,83533728	0,989947114378675	93,4489450101833
57010,00293	0,453054899999984	1,837190552	0,9900493805029	93,5433071283096
57020,00293	0,453889299999958	1,838615112	0,989978222545781	93,6158407331975
57030,00293	0,453740299999993	1,838040527	0,99009706782497	93,5865848778004
57040,00293	0,453501899999992	1,837371704	0,990032708341458	93,5525307535641
57050,00293	0,45421719999996	1,841069946	0,989940780937465	93,7408322810591
57060,00293	0,452518399999974	1,836344604	0,990057949099819	93,5002344195519
57070,00293	0,452846299999976	1,836861328	0,990071175021185	93,5265441955193
57080,00293	0,454008499999986	1,839321899	0,990047424366629	93,6518278513238
57090,00293	0,453472099999999	1,835747925	0,989850901676152	93,4698536150713
57100,00293	0,452607799999953	1,835047485	0,990301507066942	93,4341896639511
57110,00293	0,452995299999998	1,836859009	0,990013242985431	93,5264261201629
57120,00293	0,453919100000007	1,839014648	0,990193652553409	93,636183706721
57130,00293	0,452667399999996	1,833593384	0,989899427056605	93,3601519348269
57140,00293	0,454097899999965	1,838398926	0,98988294190819	93,604833299389
57150,00293	0,454306599999995	1,841553467	0,990216192123597	93,7654514765784
57160,00293	0,453650899999957	1,838703003	0,990204922338503	93,6203158350306
57170,00293	0,454574799999989	1,842930176	0,990155651906148	93,8355486761711
57180,00293	0,45481319999999	1,841786743	0,990022463627774	93,7773290733197
57190,00293	0,453561499999978	1,837516968	0,989969373929355	93,5599270875764
57200,00293	0,454246999999953	1,839989502	0,990025629848344	93,6858198574338
57210,00293	0,45421719999996	1,842352661	0,9904564898636	93,8061436354379
57220,00293	0,453740299999993	1,8383927	0,990017434277411	93,604516293279
57230,00293	0,454157599999974	1,839961792	0,989907064588663	93,6844089613035
57240,00293	0,454068099999972	1,839543701	0,989766983830134	93,6631212321792
57250,00293	0,454306599999995	1,841830444	0,990181450703385	93,7795541751527
57260,00293	0,45335289999997	1,836570679	0,989921035561931	93,5117453665988
57270,00293	0,452905899999962	1,83557666	0,989874838343667	93,461133401222
57280,00293	0,454634399999975	1,844281738	0,990082444806278	93,9043654786151
57290,00293	0,452726999999982	1,83354541	0,990101072103923	93,3577092668024
57300,00293	0,45505159999999	1,846279541	0,990322276513816	94,0060866089613
57310,00293	0,452905899999962	1,834901001	0,990160402237073	93,4267312118126
57320,00293	0,452518399999974	1,833216675	0,990066890722725	93,3409712321792
57330,00293	0,45335289999997	1,836348999	0,990089802318829	93,500458197556
57340,00293	0,454157599999974	1,837843994	0,989889926394754	93,5765781059063
57350,00293	0,454425799999967	1,841271362	0,990104425337521	93,7510876782077
57360,00293	0,453799899999979	1,838663818	0,990247207284224	93,6183206720978
57370,00293	0,452518399999974	1,833112427	0,989941152963381	93,3356632892057
57380,00293	0,453591299999971	1,834848022	0,990028983081943	93,424033706721
57390,00293	0,454485399999953	1,84127002	0,990099488993638	93,7510193482688
57400,00293	0,453799899999979	1,836497559	0,990219824376633	93,5080223523422
57410,00293	0,453650899999957	1,837132568	0,989987257175166	93,5403547861507
57420,00293	0,453799899999979	1,837929688	0,99003559554259	93,5809413441955
57430,00293	0,453650899999957	1,836493408	0,98999750188885	93,5078109979633
57440,00293	0,453978699999993	1,838504028	0,990163102425178	93,6101847250509
57450,00293	0,452428999999995	1,83265564	0,989953633832843	93,3124052953157
57460,00293	0,454097899999965	1,842227661	0,990144196108096	93,7997790733198
57470,00293	0,453740299999993	1,838644043	0,989931653301601	93,6173137983707
57480,00293	0,454246999999953	1,842040039	0,990306257397867	93,7902260183299
57490,00293	0,454097899999965	1,840116577	0,990020507491502	93,6922900712831
57500,00293	0,453472099999999	1,836252686	0,9900070025507	93,4955542769857
57510,00293	0,454664199999968	1,844760986	0,990315664053168	93,928767107943
57520,00293	0,45421719999996	1,841226563	0,990155185873682	93,7488066700611
57530,00293	0,453174099999956	1,839687622	0,990148852432472	93,670449185336
57540,00293	0,454008499999986	1,838585205	0,990020507491502	93,6143179735234
57550,00293	0,453144299999963	1,837381958	0,990184803936983	93,5530528513238
57560,00293	0,453174099999956	1,837032227	0,990236961570471	93,5352457739308
57570,00293	0,453323099999977	1,83804248	0,990066703709697	93,5866843177189
57580,00293	0,454097899999965	1,839716431	0,989948324462974	93,6719160386965
57590,00293	0,454723799999954	1,843297241	0,990083096851702	93,8542383401222
57600,00293	0,45225019999998	1,832459229	0,99000271825224	93,3024047352342
57610,00293	0,452995299999998	1,835489746	0,990041090925418	93,4567080448065
57620,00293	0,452726999999982	1,833434448	0,990095204695178	93,3520594704684
57630,00293	0,453591299999971	1,836084839	0,989839072852114	93,487008095723
57640,00293	0,45335289999997	1,833820557	0,989992565544966	93,3717187881874
57650,00293	0,453472099999999	1,834877563	0,989966579734701	93,4255378309572
57660,00293	0,453680700000007	1,83587561	0,990106753499709	93,4763548879837
57670,00293	0,453829699999972	1,837435669	0,990050591587269	93,5557876272912
57680,00293	0,453054899999984	1,833696899	0,990175862314077	93,3654225560081
57690,00293	0,452607799999953	1,833204712	0,989872417174999	93,3403621181263
57700,00293	0,453233699999998	1,834984741	0,990066238677301	93,4309949592668
57710,00293	0,455170799999962	1,846143921	0,990050963613185	93,9991813136456
57720,00293	0,455558300000007	1,848920044	0,990139817803087	94,1405317718941
57730,00293	0,453472099999999	1,839331543	0,989882568882204	93,6523188900204
57740,00293	0,453323099999977	1,836907471	0,990102469201249	93,5288936354379
57750,00293	0,453889299999958	1,835802979	0,989995918778565	93,4726567718941
57760,00293	0,452399200000002	1,832257446	0,989908181666482	93,2921306517312
57770,00293	0,452488599999981	1,831148315	0,99000271825224	93,235657586558
57780,00293	0,453919100000007	1,836878906	0,990219358344167	93,5274392057026
57790,00293	0,453799899999979	1,836711426	0,990374807173291	93,5189117107943
57800,00293	0,453829699999972	1,835358887	0,989915074146637	93,4500451629328
57810,00293	0,453144299999963	1,834610596	0,990015664154098	93,4119448065173
57820,00293	0,454008499999986	1,837342041	0,990004021343018	93,5510204175153
57830,00293	0,453650899999957	1,834978394	0,990276545328018	93,4306717922607
57840,00293	0,45335289999997	1,832864624	0,99028259974979	93,3230460285132
57850,00293	0,453919100000007	1,836158081	0,990066983729204	93,4907373217923
57860,00293	0,453501899999992	1,834510376	0,989944692209938	93,4068419551935
57870,00293	0,452309799999966	1,832847046	0,990192441469041	93,3221510183299
57880,00293	0,453263499999991	1,835423218	0,990320693403531	93,4533206720978
57890,00293	0,452488599999981	1,83363208	0,990265369549473	93,3621221995927
57900,00293	0,452935699999955	1,835431152	0,990242270940341	93,4537246435845
57910,00293	0,452518399999974	1,835173584	0,990069311891392	93,4406101832994
57920,00293	0,452667399999996	1,834878662	0,99017344114541	93,4255937881874
57930,00293	0,453323099999977	1,834514282	0,989991168447639	93,4070408350306
57940,00293	0,454574799999989	1,842518677	0,990184338904587	93,8145965885947
57950,00293	0,453829699999972	1,839772217	0,990137582647378	93,6747564663951
57960,00293	0,452935699999955	1,837072632	0,99004304706169	93,5373030549898
57970,00293	0,45335289999997	1,834759644	0,990164313509546	93,419533808554
57980,00293	0,453650899999957	1,835999878	0,990013055972403	93,4826821792261
57990,00293	0,453561499999978	1,836380493	0,990020134465516	93,5020617617108
58000,00293	0,453650899999957	1,838275391	0,989885549089816	93,5985433299389
58010,00293	0,45421719999996	1,839914185	0,990261550283409	93,6819849796334
58020,00293	0,453263499999991	1,834702637	0,989887971258553	93,4166312118126
58030,00293	0,453501899999992	1,836357178	0,990262575354819	93,5008746435845
58040,00293	0,453978699999993	1,839478149	0,990210696740769	93,6597835539715
58050,00293	0,454157599999974	1,841772583	0,989908461685989	93,776608095723
58060,00293	0,454425799999967	1,842158813	0,990174931249216	93,7962735743381
58070,00293	0,453740299999993	1,837122681	0,989824449833422	93,5398513747454
58080,00293	0,452935699999955	1,834593628	0,989975987390072	93,4110808553971
58090,00293	0,453829699999972	1,838391113	0,990408150496106	93,6044354887984
58100,00293	0,45335289999997	1,836688599	0,989928300068002	93,5177494399185
58110,00293	0,454068099999972	1,838380981	0,990076297378026	93,6039196028513
58120,00293	0,454008499999986	1,838057617	0,98995186370953	93,5874550407332
58130,00293	0,453680700000007	1,838133301	0,989912465964942	93,591308604888
58140,00293	0,454336399999988	1,8410448	0,990268628776522	93,7395519348269
58150,00293	0,453829699999972	1,838706421	0,99013842070576	93,6204898676171
58160,00293	0,454574799999989	1,841917725	0,989950280599245	93,7839982179226
58170,00293	0,453174099999956	1,838086426	0,9901300381218	93,5889218940937
58180,00293	0,453263499999991	1,834805054	0,990210789747248	93,4218459266802
58190,00293	0,453561499999978	1,834458496	0,9900123109205	93,404200407332
58200,00293	0,45335289999997	1,834163696	0,989868877928443	93,3891902240326
58210,00293	0,451773399999979	1,829642944	0,989887691239045	93,1590093686354
58220,00293	0,452071399999966	1,830784302	0,990134788452725	93,2171233197556
58230,00293	0,453174099999956	1,832751587	0,989928672093919	93,3172905804481
58240,00293	0,453799899999979	1,836328003	0,989900358121466	93,4993891547862
58250,00293	0,452995299999998	1,831997192	0,989919265438618	93,2788794297352
58260,00293	0,45201179999998	1,829602417	0,990002997271678	93,1569458757638
58270,00293	0,453501899999992	1,835499146	0,990152112659591	93,4571866598778
58280,00293	0,453412499999956	1,834855469	0,989983251896144	93,4244128818737
58290,00293	0,453978699999993	1,837989624	0,99005152265213	93,5839930753564
58300,00293	0,45335289999997	1,837021729	0,989910975861136	93,5347112525458
58310,00293	0,45335289999997	1,834054932	0,989964903617937	93,3836523421589
58320,00293	0,45225019999998	1,832122314	0,990184524917545	93,285250203666
58330,00293	0,452160800000001	1,831418091	0,990159750191649	93,2493936354379
58340,00293	0,453978699999993	1,838532959	0,99028585997691	93,611657790224
58350,00293	0,45257799999996	1,830224609	0,990024232751017	93,188625712831
58360,00293	0,453472099999999	1,835601196	0,989984089954526	93,462382688391
58370,00293	0,453084699999977	1,83376416	0,98982361177504	93,3688472505092
58380,00293	0,453501899999992	1,834703247	0,99030495330702	93,4166622708758
58390,00293	0,454306599999995	1,83952478	0,990102656214278	93,6621578411405
58400,00293	0,452846299999976	1,835388184	0,990271982010121	93,4515368635438
58410,00293	0,453412499999956	1,835325806	0,990080674682965	93,4483607942974
58420,00293	0,453263499999991	1,833551758	0,990136092543572	93,3580324847251
58430,00293	0,453174099999956	1,834962524	0,990123052635165	93,4298637474542
58440,00293	0,453472099999999	1,836028198	0,990028797068984	93,4841241344195
58450,00293	0,453829699999972	1,836646729	0,990175956320626	93,5156175661914
58460,00293	0,454008499999986	1,83932666	0,990307281469208	93,6520702647658
58470,00293	0,453978699999993	1,840118774	0,990080674682965	93,6924019348269
58480,00293	0,45257799999996	1,835224731	0,990112062869579	93,4432144093686
58490,00293	0,453412499999956	1,836229248	0,990328609955027	93,4943608961303
58500,00293	0,453650899999957	1,835884277	0,990009423719367	93,4767961812627
58510,00293	0,454425799999967	1,841344116	0,990281295658943	93,7547920570265
58520,00293	0,453323099999977	1,833871948	0,990097346844408	93,3743354378819
58530,00293	0,453740299999993	1,834422119	0,989840283936482	93,4023482179226
58540,00293	0,45335289999997	1,833692993	0,990273472113926	93,3652236761711
58550,00293	0,452756799999975	1,833810791	0,989961084351873	93,3712215376782
58560,00293	0,452488599999981	1,831615601	0,990108150597036	93,2594501527495
58570,00293	0,453501899999992	1,835562622	0,990122773615728	93,4604186354379
58580,00293	0,452488599999981	1,832984985	0,990153043724452	93,329174389002
58590,00293	0,453591299999971	1,836000854	0,989851925747493	93,4827318737271
58600,00293	0,453978699999993	1,837138916	0,990234819421241	93,5406780040733
58610,00293	0,453740299999993	1,836498901	0,990273193094489	93,5080906822811
58620,00293	0,45421719999996	1,838772705	0,990319855345149	93,6238648167006
58630,00293	0,454574799999989	1,840794678	0,990027585984616	93,726816598778
58640,00293	0,45481319999999	1,844384644	0,990189275248471	93,9096050916497
58650,00293	0,453799899999979	1,837059937	0,990065586631877	93,5366566700611
58660,00293	0,453919100000007	1,837132202	0,990060650287994	93,5403361507128
58670,00293	0,454336399999988	1,840307373	0,990230069090316	93,7020047352342
58680,00293	0,453591299999971	1,834110596	0,989745375324808	93,3864865580448
58690,00293	0,453501899999992	1,833456055	0,990187132099171	93,3531596232179
58700,00293	0,453799899999979	1,836272827	0,990283065782256	93,4965797861507
58710,00293	0,452190599999994	1,83257019	0,990042581029224	93,3080544806517
58720,00293	0,452488599999981	1,832871704	0,990057483067354	93,3234065173116
58730,00293	0,453919100000007	1,837470703	0,990068659845968	93,5575714358452
58740,00293	0,453740299999993	1,836404053	0,989976173403031	93,5032613543788
58750,00293	0,453591299999971	1,836981079	0,990061674359334	93,532641496945
58760,00293	0,453084699999977	1,836698242	0,989955402956087	93,5182404276986
58770,00293	0,454246999999953	1,841801758	0,990149132451979	93,7780935845214
58780,00293	0,453561499999978	1,835111206	0,989872603187958	93,4374341140529
58790,00293	0,45421719999996	1,838766357	0,990089802318829	93,623541598778
58800,00293	0,453233699999998	1,836636719	0,990028797068984	93,515107892057
58810,00293	0,453561499999978	1,834360474	0,989944133170993	93,3992094704684
58820,00293	0,453501899999992	1,836482666	0,990053198768894	93,5072640529531
58830,00293	0,452607799999953	1,834514526	0,990166083632859	93,4070532586558
58840,00293	0,453472099999999	1,835899292	0,9901543478153	93,4775606924644
58850,00293	0,453323099999977	1,836235596	0,99009390060433	93,4946841140529
58860,00293	0,454068099999972	1,840865723	0,990001134141885	93,7304339613035
58870,00293	0,454068099999972	1,840250977	0,989986512123263	93,6991332484725
58880,00293	0,453978699999993	1,837772583	0,990011472862118	93,572942107943
58890,00293	0,454842999999983	1,844738525	0,990255589868185	93,9276234725051
58900,00293	0,453680700000007	1,839287598	0,990011565868597	93,6500813645621
58910,00293	0,45421719999996	1,842156372	0,989968256851535	93,796149287169
58920,00293	0,452935699999955	1,837157593	0,98985965628603	93,5416289714868
58930,00293	0,452756799999975	1,833617554	0,989993776629335	93,361382586558
58940,00293	0,45335289999997	1,83574939	0,990167200710679	93,4699282077393
58950,00293	0,453591299999971	1,836195435	0,990104053311604	93,4926392566191
58960,00293	0,453054899999984	1,836573486	0,989758601246173	93,5118882892057
58970,00293	0,453561499999978	1,838043213	0,989835719618516	93,5867216395112
58980,00293	0,451981999999987	1,831553101	0,99025400575783	93,2562678716904
58990,00293	0,453680700000007	1,837400879	0,990108616629501	93,5540162423625
59000,00293	0,453323099999977	1,834718628	0,990141773939359	93,4174454175153
59010,00293	0,453174099999956	1,834834351	0,990161519314892	93,4233376272912
59020,00293	0,453919100000007	1,839880981	0,9900864500853	93,6802943482688
59030,00293	0,453591299999971	1,83789624	0,99013208726455	93,5792382892057
59040,00293	0,452726999999982	1,836428833	0,99012575382334	93,5045230651731
59050,00293	0,453412499999956	1,835792847	0,990138234692802	93,472140885947
59060,00293	0,452816399999961	1,836862793	0,99022531975946	93,5266187881874
59070,00293	0,453501899999992	1,837124878	0,99000905169345	93,5399632382892
59080,00293	0,453263499999991	1,835835083	0,990036527607521	93,474291395112
59090,00293	0,453561499999978	1,837866333	0,990106567486751	93,5777155295316
59100,00293	0,452905899999962	1,837735107	0,990200917059481	93,5710339613035
59110,00293	0,454008499999986	1,839615723	0,990052360710512	93,6667883401222
59120,00293	0,453144299999963	1,835235962	0,99003140425061	93,4437862525458
59130,00293	0,454097899999965	1,841665161	0,990232491259053	93,7711385437882
59140,00293	0,45335289999997	1,83606897	0,990036899633438	93,486200101833
59150,00293	0,453174099999956	1,835697388	0,990246648245279	93,4672804480652
59160,00293	0,453084699999977	1,836973267	0,990266859653279	93,5322437372709
59170,00293	0,452905899999962	1,837581177	0,989764096629001	93,5631963849287
59180,00293	0,453650899999957	1,836823486	0,990170739957236	93,524617413442
59190,00293	0,454336399999988	1,839913574	0,989913025003887	93,6819538696538
59200,00293	0,452756799999975	1,835232422	0,990066797716246	93,4436060081466
59210,00293	0,453561499999978	1,836789063	0,990170460937798	93,5228647148676
59220,00293	0,452607799999953	1,83454834	0,989963040488145	93,4087749490835
59230,00293	0,453591299999971	1,836523315	0,989913491036352	93,5093337576375
59240,00293	0,454306599999995	1,841318848	0,99019998599462	93,7535054989817
59250,00293	0,453561499999978	1,837339478	0,990022835653691	93,5508899185336
59260,00293	0,454246999999953	1,839159668	0,990289399223466	93,6435676171079
59270,00293	0,452726999999982	1,832242554	0,989929138126384	93,2913724032586
59280,00293	0,452309799999966	1,832541992	0,990274590191816	93,3066187372709
59290,00293	0,452399200000002	1,83154895	0,990067728781107	93,2560565173116
59300,00293	0,454008499999986	1,837918213	0,990002345226254	93,5803570773931
59310,00293	0,454246999999953	1,839990234	0,990259222121221	93,6858571283096
59320,00293	0,45257799999996	1,831368042	0,99009706782497	93,2468453156823
59330,00293	0,453829699999972	1,838008423	0,990201755117863	93,5849502545825
59340,00293	0,452816399999961	1,832480591	0,990001134141885	93,303492413442
59350,00293	0,45421719999996	1,842390869	0,990081140715431	93,8080890529532
59360,00293	0,452816399999961	1,836459351	0,990028052017081	93,5060769348269
59370,00293	0,453799899999979	1,837440308	0,990223922662134	93,5560238289206
59380,00293	0,454246999999953	1,841516724	0,990149318464937	93,7635806517312
59390,00293	0,453740299999993	1,838069946	0,990034198445264	93,588082790224
59400,00293	0,453680700000007	1,835676392	0,989799862120554	93,4662114052953
59410,00293	0,45421719999996	1,84025	0,990219917383112	93,699083503055
59420,00293	0,453591299999971	1,835836548	0,990143637069151	93,47436598778
59430,00293	0,453978699999993	1,840461304	0,990245810186897	93,7098423625254
59440,00293	0,453591299999971	1,836375	0,990027026945671	93,5017820773931
59450,00293	0,453263499999991	1,835791138	0,990204270293079	93,4720538696538
59460,00293	0,453174099999956	1,834064941	0,989967883825549	93,3841619653768
59470,00293	0,453501899999992	1,836202759	0,990055992963548	93,4930121690428
59480,00293	0,453740299999993	1,837344849	0,990155185873682	93,5511633910387
59490,00293	0,453412499999956	1,839430542	0,990098836948214	93,6573595723014
59500,00293	0,453799899999979	1,838435669	0,990094366636796	93,6067041242363
59510,00293	0,452607799999953	1,836265137	0,989923922763064	93,4961882382892
59520,00293	0,453233699999998	1,836621338	0,98991051082874	93,5143247454175
59530,00293	0,454485399999953	1,842950562	0,990012590940007	93,8365866598778
59540,00293	0,452190599999994	1,834094238	0,990001134141885	93,3856536659878
59550,00293	0,453412499999956	1,836190674	0,990113366960427	93,4923968431772
59560,00293	0,451773399999979	1,831200073	0,989870461038728	93,2382929226069
59570,00293	0,453174099999956	1,835358643	0,989990889428202	93,4500327393075
59580,00293	0,452935699999955	1,837434692	0,990117092219941	93,5557378818737
59590,00293	0,452756799999975	1,835545898	0,990043233074648	93,459567107943
59600,00293	0,453233699999998	1,835968872	0,990147548341624	93,4811034623218
59610,00293	0,452995299999998	1,837250977	0,990264065458625	93,5463837576375
59620,00293	0,452667399999996	1,835332642	0,989912465964942	93,4487088594705
59630,00293	0,452667399999996	1,834094604	0,990309982657382	93,3856723014257
59640,00293	0,453263499999991	1,837194458	0,98997198211105	93,5435060081466
59650,00293	0,453233699999998	1,834777832	0,989913863062269	93,4204598778004
59660,00293	0,453412499999956	1,835874268	0,990084679961987	93,4762865580448
59670,00293	0,453919100000007	1,838911377	0,990139352770692	93,630925509165
59680,00293	0,452399200000002	1,834339478	0,990093155552427	93,3981404276986
59690,00293	0,452667399999996	1,832498291	0,990287815113111	93,3043936354379
59700,00293	0,453263499999991	1,834564331	0,989766983830134	93,4095891547861
59710,00293	0,453799899999979	1,837403564	0,990053757807839	93,5541529531568
59720,00293	0,454157599999974	1,840399658	0,990046586308247	93,7067035641548
59730,00293	0,453472099999999	1,838569214	0,989944506196979	93,6135037678208
59740,00293	0,454425799999967	1,843809937	0,99023593749913	93,8803430244399
59750,00293	0,453740299999993	1,838967285	0,990038110717806	93,6337721486762
59760,00293	0,45335289999997	1,836424194	0,990081140715431	93,5042868635438
59770,00293	0,452160800000001	1,832555908	0,99013851371224	93,3073272912424
59780,00293	0,453650899999957	1,83772583	0,990190299319811	93,5705616089613
59790,00293	0,45335289999997	1,835455933	0,99002292866017	93,4549864052953
59800,00293	0,453054899999984	1,834904541	0,990102469201249	93,4269114562118
59810,00293	0,453591299999971	1,836632446	0,990249349433454	93,5148903258656
59820,00293	0,452995299999998	1,835802246	0,990084493949029	93,4726194501018
59830,00293	0,453829699999972	1,838058716	0,990217775233882	93,5875109979633
59840,00293	0,45335289999997	1,834790161	0,990214049974367	93,4210876272912
59850,00293	0,453919100000007	1,837296265	0,989848759526923	93,5486896639511
59860,00293	0,45481319999999	1,844816406	0,990034385458292	93,9315889002037
59870,00293	0,45421719999996	1,840983032	0,989996942849905	93,7364069246436
59880,00293	0,454634399999975	1,844771851	0,99014698930268	93,9293203156823
59890,00293	0,454306599999995	1,840015869	0,9899942426618	93,6871623727087
59900,00293	0,45421719999996	1,841663818	0,990356644908042	93,7710701629328
59910,00293	0,454246999999953	1,839776123	0,989937148684429	93,6749553462322
59920,00293	0,452488599999981	1,832547363	0,990104611350479	93,306892209776
59930,00293	0,453323099999977	1,835143921	0,990142611997741	93,4390998472505
59940,00293	0,452309799999966	1,832755615	0,990015757160577	93,3174956720978
59950,00293	0,452995299999998	1,837186646	0,989916471243964	93,5431082484725
59960,00293	0,453323099999977	1,833293823	0,989899520063084	93,3448993380855
59970,00293	0,453919100000007	1,837626099	0,989888064265032	93,5654836558045
59980,00293	0,454157599999974	1,839397339	0,990063816508564	93,6556689918534
59990,00293	0,453650899999957	1,838022949	0,989986139097277	93,5856898676171
60000,00293	0,453412499999956	1,835735718	0,990024791789962	93,4692320773931
60010,00293	0,45335289999997	1,834490723	0,990147921367611	93,405841293279
60020,00293	0,453174099999956	1,836776245	0,989980084675504	93,5222120672098
60030,00293	0,453740299999993	1,834923462	0,990013055972403	93,4278748472505
60040,00293	0,453501899999992	1,835420288	0,990024232751017	93,4531714867617
60050,00293	0,453472099999999	1,835177734	0,990011006829652	93,4408214867617
60060,00293	0,453084699999977	1,833388916	0,989883220927627	93,3497411405295
60070,00293	0,452071399999966	1,831170166	0,990139258764143	93,2367701629328
60080,00293	0,452935699999955	1,834779785	0,990099302980679	93,4205593177189
60090,00293	0,454544999999996	1,841341309	0,989976732441975	93,7546491344196
60100,00293	0,453889299999958	1,836759521	0,990119607395158	93,5213605397149
60110,00293	0,453829699999972	1,837023926	0,990032708341458	93,5348231160896
60120,00293	0,454336399999988	1,840796509	0,990191044371714	93,7269098268839
60130,00293	0,453561499999978	1,83516748	0,990098464922297	93,440299389002
60140,00293	0,454246999999953	1,837766113	0,990156396958051	93,5726126782077
60150,00293	0,453889299999958	1,838015503	0,990351988583666	93,5853107433809
60160,00293	0,454097899999965	1,839972778	0,990209951688866	93,6849683299389
60170,00293	0,453799899999979	1,837729858	0,990128268998556	93,570766700611
60180,00293	0,452667399999996	1,833778931	0,990076297378026	93,3695993380855
60190,00293	0,453472099999999	1,837256348	0,989997315875891	93,5466572301426
60200,00293	0,45481319999999	1,843926636	0,990026188887289	93,8862849287169
60210,00293	0,452399200000002	1,833114136	0,990068007800544	93,335750305499
60220,00293	0,453740299999993	1,837057861	0,990159098146225	93,5365509674134
60230,00293	0,452667399999996	1,83133667	0,990030566192228	93,2452479633401
60240,00293	0,453412499999956	1,834924683	0,99012892104398	93,4279370162933
60250,00293	0,453174099999956	1,833564453	0,990134322420259	93,3586788696538
60260,00293	0,453740299999993	1,835986572	0,989837862767815	93,4820046843177
60270,00293	0,452905899999962	1,83279834	0,990017899309807	93,3196710794297
60280,00293	0,453233699999998	1,835241333	0,989944692209938	93,4440597250509
60290,00293	0,453084699999977	1,833974365	0,990020321478544	93,3795501527495
60300,00293	0,45257799999996	1,831409058	0,99001333599191	93,248933706721
60310,00293	0,453740299999993	1,835702393	0,990163289438206	93,4675352851324
60320,00293	0,452726999999982	1,834236084	0,990050963613185	93,3928759674134
60330,00293	0,453084699999977	1,837419067	0,990047983405573	93,554942311609
60340,00293	0,453889299999958	1,836245117	0,989955589969115	93,4951688900204
60350,00293	0,452756799999975	1,832890137	0,990018085322765	93,3243450610998
60360,00293	0,452518399999974	1,831449707	0,99003876276323	93,2510034114053
60370,00293	0,45225019999998	1,83062854	0,990056738015451	93,2091924643585
60380,00293	0,453561499999978	1,832977173	0,989989399324396	93,3287766293279
60390,00293	0,453829699999972	1,836729004	0,990050218561282	93,5198067209776
60400,00293	0,453323099999977	1,833933838	0,990178563502252	93,3774866598778
60410,00293	0,452756799999975	1,834556152	0,990020693504461	93,4091727087576
60420,00293	0,454097899999965	1,838261353	0,990216471143034	93,5978285641548
60430,00293	0,453501899999992	1,836219238	0,990140004816115	93,4938512219959
60440,00293	0,453919100000007	1,836507813	0,99018191673585	93,5085444501018
60450,00293	0,453591299999971	1,837756348	0,990106381473792	93,5721154786151
60460,00293	0,453889299999958	1,837389526	0,990187412118678	93,5534381873727
60470,00293	0,454097899999965	1,839116333	0,990097719870394	93,6413611507128
60480,00293	0,45225019999998	1,830824707	0,990067728781107	93,2191806008147
60490,00293	0,452607799999953	1,833584351	0,990135719517586	93,35969200611
60500,00293	0,452428999999995	1,83087085	0,990051429645651	93,2215300407332
60510,00293	0,452816399999961	1,829130249	0,990383003744293	93,1329047352342
60520,00293	0,453919100000007	1,836355835	0,990152671698536	93,5008062627291
60530,00293	0,453263499999991	1,83310498	0,990136837595475	93,335284114053
60540,00293	0,452160800000001	1,830336914	0,990009982758312	93,1943438900204
60550,00293	0,452756799999975	1,83415625	0,990070149949774	93,3888110997963
60560,00293	0,453501899999992	1,833397095	0,990185641995365	93,350157586558
60570,00293	0,452667399999996	1,833586548	0,989975242338169	93,3598038696538
60580,00293	0,453054899999984	1,833678345	0,990130318141307	93,3644778513238
60590,00293	0,453323099999977	1,835829102	0,990021438556364	93,4739868635438
60600,00293	0,453740299999993	1,837203003	0,990099582000117	93,543941089613
60610,00293	0,453978699999993	1,838231445	0,989879681681071	93,5963057535642
60620,00293	0,453412499999956	1,834726685	0,9903016930799	93,4178556517311
60630,00293	0,454157599999974	1,839642944	0,990040718899502	93,6681743380855
60640,00293	0,452428999999995	1,830481934	0,990027958010532	93,2017278004073
60650,00293	0,453144299999963	1,832163696	0,990003463304143	93,2873572301426
60660,00293	0,452428999999995	1,830966675	0,989940128892041	93,2264091140529
60670,00293	0,451773399999979	1,827480347	0,990198588897293	93,0488975050917
60680,00293	0,452190599999994	1,829072388	0,990073503183373	93,1299586558045
60690,00293	0,452190599999994	1,829437866	0,990028052017081	93,1485675152749
60700,00293	0,45257799999996	1,831439209	0,990092131481087	93,2504688900204
60710,00293	0,453054899999984	1,831016724	0,990074714267741	93,2289574338085
60720,00293	0,452756799999975	1,83080896	0,989946648346209	93,2183788187373
60730,00293	0,453472099999999	1,835469116	0,990234260382297	93,4556576374745
60740,00293	0,453174099999956	1,832684448	0,990063630495606	93,3138720977597
60750,00293	0,454157599999974	1,838069214	0,989899427056605	93,5880455193483
60760,00293	0,453412499999956	1,835072754	0,990153043724452	93,4354762729124
60770,00293	0,453591299999971	1,835805542	0,990299457924191	93,4727872708758
60780,00293	0,452101199999959	1,830590942	0,989942457054229	93,2072781059063
60790,00293	0,453740299999993	1,835538818	0,990187412118678	93,4592066191446
60800,00293	0,453889299999958	1,83586438	0,989916192224526	93,475783095723
60810,00293	0,452428999999995	1,831610474	0,990045655243385	93,2591891038697
60820,00293	0,454008499999986	1,837484009	0,989967883825549	93,5582489307536
60830,00293	0,453412499999956	1,833387451	0,990150994581702	93,3496665478615
60840,00293	0,45225019999998	1,830781006	0,990271050945259	93,2169554989817
60850,00293	0,453144299999963	1,831698242	0,989972820169432	93,2636579429735
60860,00293	0,452607799999953	1,832109131	0,989949069514876	93,2845789714868
60870,00293	0,452756799999975	1,833105225	0,990104798363507	93,3352965885947
60880,00293	0,453084699999977	1,833722412	0,990211068766685	93,3667215885947
60890,00293	0,453919100000007	1,836859009	0,990041463951405	93,5264261201629
60900,00293	0,454097899999965	1,837629395	0,990251957615149	93,5656514765784
60910,00293	0,452428999999995	1,833339233	0,990049194489942	93,3472114562118
60920,00293	0,452816399999961	1,832876465	0,990054409853263	93,3236489307536
60930,00293	0,452071399999966	1,830262573	0,990092596513483	93,190558706721
60940,00293	0,453412499999956	1,834310547	0,990027399971657	93,3966673625255
60950,00293	0,45335289999997	1,834378662	0,990222338551779	93,4001355397149
60960,00293	0,452667399999996	1,83320813	0,990180985670989	93,3405361507128
60970,00293	0,454008499999986	1,838833862	0,990015664154098	93,6269787169043
60980,00293	0,453144299999963	1,83385498	0,989979060604164	93,3734714867617
60990,00293	0,453680700000007	1,836689941	0,990066983729204	93,5178177698574
61000,00293	0,453829699999972	1,836119019	0,989822028664755	93,4887484215886
61010,00293	0,453263499999991	1,83399585	0,99017875051528	93,3806440936864
61020,00293	0,453591299999971	1,835410645	0,990091386429184	93,4526804989817
61030,00293	0,452309799999966	1,832815552	0,990135068472232	93,3205474541752
61040,00293	0,452905899999962	1,834395386	0,989980084675504	93,4009870672098
61050,00293	0,451922400000001	1,830562744	0,990375086192728	93,2058423625255
61060,00293	0,453263499999991	1,834257935	0,989889088336372	93,3939885437882
61070,00293	0,453323099999977	1,834213257	0,9899699329683	93,3917136965377
61080,00293	0,453323099999977	1,832895874	0,990070801995198	93,3246371690428
61090,00293	0,452160800000001	1,831076416	0,990197750838911	93,2319967413442
61100,00293	0,454068099999972	1,83794397	0,990040066854078	93,5816685336049
61110,00293	0,453472099999999	1,83597522	0,989849690591784	93,4814266802444
61120,00293	0,453978699999993	1,838994751	0,990113925999371	93,6351706211813
61130,00293	0,452190599999994	1,832873657	0,990359067076779	93,3235059572301
61140,00293	0,452309799999966	1,830560547	0,989973565221335	93,2057304989817
61150,00293	0,453263499999991	1,831875854	0,989981109746914	93,2727013238289
61160,00293	0,453919100000007	1,836884033	0,99011411201233	93,5277002545825
61170,00293	0,451684	1,828017944	0,990045934262823	93,0762700610998
61180,00293	0,454068099999972	1,838383423	0,989979060604164	93,6040439409369
61190,00293	0,452339599999959	1,831607544	0,99001016877127	93,2590399185336
61200,00293	0,451922400000001	1,829752686	0,990010820816694	93,1645970468432
61210,00293	0,452518399999974	1,832431396	0,989989678343833	93,3009875763747
61220,00293	0,452756799999975	1,83132959	0,990054875885728	93,2448874745418
61230,00293	0,453829699999972	1,83779187	0,990152671698536	93,5739241344196
61240,00293	0,452190599999994	1,832601685	0,990236961570471	93,309658095723
61250,00293	0,453501899999992	1,837142212	0,989934819522171	93,5408458248473
61260,00293	0,453174099999956	1,833003418	0,99013208726455	93,3301129327902
61270,00293	0,453501899999992	1,834954834	0,990056272983055	93,4294721995927
61280,00293	0,453740299999993	1,835765015	0,989782444907208	93,4707237780041
61290,00293	0,454157599999974	1,83897522	0,990369963835886	93,6341761710794
61300,00293	0,453591299999971	1,834713745	0,990276918354004	93,4171967922607
61310,00293	0,453233699999998	1,833471802	0,989864220603997	93,3539614052953
61320,00293	0,453740299999993	1,836496826	0,989835440599078	93,5079850305499
61330,00293	0,453233699999998	1,834948364	0,990068194813573	93,4291427698574
61340,00293	0,453472099999999	1,835721558	0,990270025873849	93,4685110997963
61350,00293	0,451773399999979	1,827460571	0,990127150920667	93,0478905804481
61360,00293	0,452101199999959	1,831027344	0,990230628129261	93,2294981670061
61370,00293	0,454008499999986	1,835887695	0,989980364695011	93,4769702138493
61380,00293	0,452935699999955	1,832906494	0,990175769307598	93,3251779022403
61390,00293	0,45225019999998	1,82987793	0,989922804685174	93,1709740325866
61400,00293	0,453799899999979	1,836185181	0,990068939865476	93,4921171588595
61410,00293	0,453054899999984	1,831673828	0,990151274601209	93,2624148676171
61420,00293	0,453174099999956	1,835999023	0,990159750191649	93,4826386456212
61430,00293	0,451684	1,828584595	0,989929138126384	93,1051219450102
61440,00293	0,453650899999957	1,834275024	0,989894117686735	93,3948586558045
61450,00293	0,45257799999996	1,831736938	0,98993379545083	93,2656282077393
61460,00293	0,453084699999977	1,832499146	0,99013525448519	93,3044371690428
61470,00293	0,453323099999977	1,833767578	0,98985639705898	93,3690212830957
61480,00293	0,452995299999998	1,832417603	0,989949349534384	93,3002852851324
61490,00293	0,452995299999998	1,83150061	0,989949069514876	93,2535952138493
61500,00293	0,454097899999965	1,84071228	0,990121935557346	93,7226211812627
61510,00293	0,452071399999966	1,830761597	0,989955589969115	93,2159672606925
61520,00293	0,451922400000001	1,830461792	0,990005605453373	93,2007022403259
61530,00293	0,453233699999998	1,834046631	0,990121004492484	93,3832296843177
61540,00293	0,451654200000007	1,827474487	0,990141401913442	93,0485991344195
61550,00293	0,451564799999971	1,825036133	0,989881357797835	92,9244466904277
61560,00293	0,451594599999964	1,828100342	0,990142799010769	93,0804654786151
61570,00293	0,452309799999966	1,831316895	0,989975800377044	93,244241089613
61580,00293	0,453740299999993	1,837207031	0,990182568781274	93,5441461812627
61590,00293	0,454336399999988	1,840387817	0,990222338551779	93,7061006619145
61600,00293	0,453412499999956	1,834052246	0,99012146952488	93,3835155804481
61610,00293	0,453054899999984	1,830951538	0,989909671770288	93,2256383910387
61620,00293	0,453144299999963	1,833037109	0,989882009843259	93,3318283604888
61630,00293	0,453740299999993	1,836203857	0,990184524917545	93,4930680753564
61640,00293	0,452071399999966	1,830367798	0,989979712649587	93,195916395112
61650,00293	0,452101199999959	1,831730225	0,99002823803004	93,2652864052953
61660,00293	0,452846299999976	1,832904663	0,990209951688866	93,3250846741344
61670,00293	0,452846299999976	1,835281372	0,990026002874331	93,4460983706721
61680,00293	0,452935699999955	1,83338916	0,989974590292746	93,3497535641548
61690,00293	0,452160800000001	1,830997681	0,990042488022745	93,2279878309572
61700,00293	0,454336399999988	1,840038818	0,990155465893189	93,6883308553971
61710,00293	0,45225019999998	1,832526245	0,990203804260614	93,3058169551935
61720,00293	0,452905899999962	1,834357056	0,990274031152871	93,3990354378819
61730,00293	0,451773399999979	1,829234131	0,989995545752578	93,1381940427699
61740,00293	0,451832999999965	1,82983313	0,990031218237652	93,1686929735234
61750,00293	0,452339599999959	1,83178833	0,990071734060129	93,2682449083503
61760,00293	0,452399200000002	1,83155835	0,989848200487978	93,2565351323829
61770,00293	0,45335289999997	1,834472656	0,989687443289054	93,4049213849287
61780,00293	0,452667399999996	1,832825439	0,990104984376466	93,3210508655804
61790,00293	0,452518399999974	1,832598022	0,990093341565386	93,3094715885947
61800,00293	0,45335289999997	1,834599243	0,990008864680422	93,4113667515275
61810,00293	0,453263499999991	1,834280884	0,989990703415244	93,3951570264766
61820,00293	0,454157599999974	1,838229736	0,989905387471829	93,5962187372709
61830,00293	0,452607799999953	1,831950928	0,990123891693617	93,2765238289206
61840,00293	0,453054899999984	1,834984375	0,989999924057587	93,4309763238289
61850,00293	0,452756799999975	1,830285889	0,990002252219775	93,1917458757637
61860,00293	0,453829699999972	1,837623413	0,989882289862766	93,5653468940937
61870,00293	0,453650899999957	1,836501343	0,990016409206001	93,5082150203666
61880,00293	0,453561499999978	1,835928589	0,990149504477896	93,4790523930754
61890,00293	0,454336399999988	1,840043457	0,990282878769228	93,6885670570265
61900,00293	0,453084699999977	1,833843384	0,990163009418699	93,3728810590631
61910,00293	0,453263499999991	1,834785767	0,990195049650736	93,4208639002037
61920,00293	0,453472099999999	1,835435181	0,98975571404504	93,4539297861507
61930,00293	0,453889299999958	1,838444946	0,989945624274869	93,6071764765784
61940,00293	0,452935699999955	1,836159424	0,990024418763976	93,4908057026477
61950,00293	0,454634399999975	1,841568604	0,990054968892207	93,7662221995927
61960,00293	0,454068099999972	1,838314087	0,99004304706169	93,6005135947047
61970,00293	0,453263499999991	1,835417725	0,990151925646563	93,45304098778
61980,00293	0,454574799999989	1,840805298	0,990143171036686	93,7273573319756
61990,00293	0,452607799999953	1,831643188	0,990123332654673	93,2608547861507
62000,00293	0,453233699999998	1,835521118	0,990074993287179	93,4583053971487
62010,00293	0,453561499999978	1,835024048	0,989995825772085	93,4329963340122
62020,00293	0,452399200000002	1,832463501	0,990141121893935	93,3026222505092
62030,00293	0,453501899999992	1,83518811	0,990228671992989	93,441349796334
62040,00293	0,453650899999957	1,835859009	0,989945717281348	93,4755096232179
62050,00293	0,454306599999995	1,840482788	0,989981947805296	93,7109362525458
62060,00293	0,453174099999956	1,83690979	0,990214981039228	93,5290117107943
62070,00293	0,452488599999981	1,833826416	0,990185362975928	93,372017107943
62080,00293	0,454008499999986	1,8392677	0,990028052017081	93,6490682281059
62090,00293	0,453650899999957	1,83843457	0,990004767394991	93,6066481670061
62100,00293	0,453412499999956	1,83388147	0,989963878546527	93,3748202647658
62110,00293	0,452846299999976	1,835233276	0,990279619542178	93,443649490835
62120,00293	0,455170799999962	1,849033447	0,990225505772419	94,1463058553971
62130,00293	0,453323099999977	1,835328247	0,98999219351905	93,4484850814664
62140,00293	0,453323099999977	1,83436438	0,989980736720928	93,3994083503055
62150,00293	0,453978699999993	1,837748779	0,990180985670989	93,5717300916497
62160,00293	0,453650899999957	1,834776978	0,990039507815133	93,420416395112
62170,00293	0,454097899999965	1,837782837	0,990096415779546	93,5734642057026
62180,00293	0,452488599999981	1,830062378	0,98994227104127	93,1803654786151
62190,00293	0,452756799999975	1,834178467	0,990270398899835	93,389942311609
62200,00293	0,452756799999975	1,832902222	0,990091106409677	93,3249603869654
62210,00293	0,453680700000007	1,835884033	0,990015012108674	93,4767837576375
62220,00293	0,454008499999986	1,836796875	0,989860215324975	93,5232624745418
62230,00293	0,452816399999961	1,832665771	0,990209299643442	93,3129211303462
62240,00293	0,453054899999984	1,83280603	0,989962947481666	93,3200626272912
62250,00293	0,454097899999965	1,837368652	0,990096880811942	93,5523753564155
62260,00293	0,453472099999999	1,834032227	0,990106567486751	93,3824962830957
62270,00293	0,454097899999965	1,838822144	0,990105356402382	93,6263820773931
62280,00293	0,453889299999958	1,837754761	0,989981109746914	93,5720346741344
62290,00293	0,452667399999996	1,833139282	0,990127150920667	93,3370306517312
62300,00293	0,452846299999976	1,833480103	0,990203711254135	93,3543840631365
62310,00293	0,452518399999974	1,832548584	0,990134416426808	93,3069543788187
62320,00293	0,453054899999984	1,831973877	0,989935099541678	93,277692311609
62330,00293	0,453919100000007	1,835865112	0,990106381473792	93,4758203665988
62340,00293	0,454395999999974	1,839474731	0,990211068766685	93,6596095213849
62350,00293	0,452935699999955	1,834862793	0,990026281893768	93,4247857942973
62360,00293	0,453740299999993	1,8358396	0,990412248781607	93,4745213849287
62370,00293	0,452995299999998	1,83446228	0,99009185146158	93,4043930753564
62380,00293	0,453233699999998	1,83297168	0,990030380179269	93,3284969450102
62390,00293	0,453412499999956	1,834059448	0,990005605453373	93,3838822810591
62400,00293	0,453889299999958	1,835476074	0,99017446521675	93,4560119144603
62410,00293	0,452101199999959	1,828503296	0,989988467259465	93,1009824847251
62420,00293	0,453889299999958	1,834227295	0,990100793084485	93,3924284623218
62430,00293	0,453144299999963	1,831263184	0,990314545975279	93,2415063136456
62440,00293	0,453472099999999	1,830668701	0,990036433600973	93,2112373217923
62450,00293	0,454246999999953	1,836261841	0,990051336639172	93,4960204175153
62460,00293	0,453263499999991	1,831588867	0,990037458672383	93,2580889511202
62470,00293	0,453084699999977	1,83171521	0,989974497286266	93,2645218940937
62480,00293	0,453263499999991	1,831948364	0,989909206737892	93,2763932790224
62490,00293	0,452816399999961	1,832185303	0,990133298348919	93,288457382892
62500,00293	0,452816399999961	1,83385791	0,99011513608367	93,3736206720978
62510,00293	0,45225019999998	1,829743042	0,990088778247489	93,1641060081466
62520,00293	0,452607799999953	1,831248535	0,990034943497166	93,2407604378819
62530,00293	0,452339599999959	1,831457275	0,990146710283242	93,2513887474542
62540,00293	0,453174099999956	1,831153198	0,990047424366629	93,2359062118126
62550,00293	0,452756799999975	1,828832153	0,990171672022167	93,1177267311609
62560,00293	0,453412499999956	1,833867432	0,99008225879332	93,3741054989817
62570,00293	0,453740299999993	1,834436768	0,990134788452725	93,4030940936863
62580,00293	0,453054899999984	1,831315674	0,990102469201249	93,2441789205703
62590,00293	0,452846299999976	1,831475708	0,989946275320223	93,2523272912424
62600,00293	0,452488599999981	1,831831665	0,99020743651365	93,2704513747454
62610,00293	0,453174099999956	1,834783569	0,990073689196331	93,4207519857434
62620,00293	0,453591299999971	1,833577026	0,989951305670655	93,3593190427699
62630,00293	0,453084699999977	1,83123291	0,990045375223878	93,2399648676171
62640,00293	0,452488599999981	1,830346924	0,98982361177504	93,1948535641548
62650,00293	0,453233699999998	1,83223999	0,990060743294473	93,2912418533605
62660,00293	0,452160800000001	1,83029126	0,990179960599579	93,1920193482688
62670,00293	0,452309799999966	1,828662598	0,990080954702472	93,1090935845214
62680,00293	0,453561499999978	1,832913208	0,990170087911812	93,3255197556008
62690,00293	0,453263499999991	1,831842529	0,990296756736017	93,2710045315682
62700,00293	0,452846299999976	1,831299194	0,99003568854907	93,2433398167006
62710,00293	0,452935699999955	1,829958618	0,990103028240194	93,1750823828921
62720,00293	0,452607799999953	1,830359253	0,990039507815133	93,1954813136456
62730,00293	0,45335289999997	1,832863037	0,990167666743144	93,3229652240326
62740,00293	0,453829699999972	1,834692871	0,990111689843593	93,4161339613035
62750,00293	0,453650899999957	1,835156372	0,990092131481087	93,439733808554
62760,00293	0,453919100000007	1,835362793	0,990118768336706	93,4502440427699
62770,00293	0,453144299999963	1,832100098	0,990068566839489	93,2841190427698
62780,00293	0,453144299999963	1,830896606	0,990018551355231	93,2228414460285
62790,00293	0,453591299999971	1,833941406	0,990156955996995	93,3778719959267
62800,00293	0,452399200000002	1,828971436	0,989882195856217	93,1248185336049
62810,00293	0,453054899999984	1,832900757	0,990066238677301	93,3248857942973
62820,00293	0,453978699999993	1,837273682	0,990201848124342	93,5475398167006
62830,00293	0,453978699999993	1,837213257	0,990098464922297	93,5444631873727
62840,00293	0,453323099999977	1,833846069	0,990079650611625	93,3730177698574
62850,00293	0,453561499999978	1,836074341	0,989988561266014	93,4864735743381
62860,00293	0,452071399999966	1,828751953	0,98993379545083	93,1136432281059
62870,00293	0,451832999999965	1,82877124	0,989991541473626	93,1146252545825
62880,00293	0,452488599999981	1,831418701	0,989962295436242	93,249424694501
62890,00293	0,452339599999959	1,831509644	0,990101724149347	93,2540551934827
62900,00293	0,453144299999963	1,833247437	0,990151739633605	93,3425375254582
62910,00293	0,452667399999996	1,832007568	0,990003090278157	93,2794077393075
62920,00293	0,45257799999996	1,832871338	0,990514328892875	93,3233878818737
62930,00293	0,453650899999957	1,835741699	0,989854719942146	93,4695366089613
62940,00293	0,453591299999971	1,833941895	0,99012892104398	93,3778968940937
62950,00293	0,454157599999974	1,838549927	0,990163195431657	93,6125217413442
62960,00293	0,453412499999956	1,834681396	0,990325443734456	93,415549694501
62970,00293	0,453084699999977	1,833784302	0,990130504154265	93,3698728105906
62980,00293	0,452309799999966	1,830376099	0,990291820392134	93,1963390529532
62990,00293	0,452756799999975	1,830368164	0,990016409206001	93,1959350305499
63000,00293	0,453174099999956	1,832073853	0,989963040488145	93,2827827393075
63010,00293	0,452816399999961	1,834870728	0,990165338580956	93,4251898167006
63020,00293	0,453054899999984	1,830637939	0,990048728457476	93,2096710285132
63030,00293	0,453412499999956	1,833401123	0,990152857711494	93,3503626782077
63040,00293	0,45257799999996	1,83263916	0,990145127172957	93,311566191446
63050,00293	0,452756799999975	1,828740234	0,990139631790129	93,1130465376782
63060,00293	0,453501899999992	1,834826172	0,990173627158368	93,4229211812627
63070,00293	0,453829699999972	1,83661853	0,9904321801701	93,5141817718941
63080,00293	0,453680700000007	1,83430481	0,990170646950757	93,3963752545825
63090,00293	0,452667399999996	1,831551147	0,98990631953676	93,2561683808554
63100,00293	0,452607799999953	1,829827515	0,990138793731747	93,1684070773931
63110,00293	0,452935699999955	1,830526733	0,989974590292746	93,204008808554
63120,00293	0,453144299999963	1,833493408	0,990085332007411	93,3550615071283
63130,00293	0,453323099999977	1,833975464	0,990186574060296	93,3796061099796
63140,00293	0,453472099999999	1,833029053	0,989945344255362	93,3314181771894
63150,00293	0,453680700000007	1,834518311	0,990037085646396	93,4072459775967
63160,00293	0,45421719999996	1,841143799	0,990370894900748	93,7445926171079
63170,00293	0,454097899999965	1,837076172	0,990235378460186	93,537483299389
63180,00293	0,452607799999953	1,831795898	0,989932025327517	93,2686302443992
63190,00293	0,45257799999996	1,829977539	0,990072851137949	93,1760457739308
63200,00293	0,45335289999997	1,832230591	0,989993590616376	93,2907632892057
63210,00293	0,454157599999974	1,839272339	0,990060091249049	93,6493044297352
63220,00293	0,453501899999992	1,833703491	0,990100048032582	93,365758197556
63230,00293	0,453233699999998	1,831901611	0,989749752629747	93,2740127800407
63240,00293	0,454574799999989	1,842522461	0,990132646303495	93,8147892566191
63250,00293	0,453799899999979	1,836616699	0,990054223840304	93,5140885437882
63260,00293	0,45257799999996	1,832925537	0,990227274895662	93,3261475050916
63270,00293	0,451832999999965	1,828328247	0,990077880488311	93,0920696028513
63280,00293	0,45421719999996	1,837077393	0,990024232751017	93,5375454684318
63290,00293	0,452726999999982	1,830508423	0,990004487375484	93,2030765274949
63300,00293	0,453323099999977	1,833782593	0,989903338329078	93,3697857942973
63310,00293	0,453591299999971	1,833042358	0,989766238778231	93,3320956211813
63320,00293	0,453829699999972	1,837338013	0,990193279527423	93,5508153258656
63330,00293	0,452607799999953	1,833918457	0,9900546888727	93,3767035132383
63340,00293	0,453412499999956	1,834087769	0,990288654171563	93,385324287169
63350,00293	0,452726999999982	1,830481934	0,99009073438376	93,2017278004073
63360,00293	0,452309799999966	1,831425293	0,989959967274054	93,2497603360489
63370,00293	0,453799899999979	1,835353027	0,990144754146971	93,4497467922607
63380,00293	0,453472099999999	1,834053833	0,990097346844408	93,3835963849287
63390,00293	0,453412499999956	1,834563599	0,989974590292746	93,4095518839104
63400,00293	0,453561499999978	1,83437207	0,990068846858996	93,399799898167
63410,00293	0,45421719999996	1,837824463	0,989947300391633	93,5755836558045
63420,00293	0,453472099999999	1,832447388	0,990149225458458	93,3018018329939
63430,00293	0,45335289999997	1,831764038	0,989929418145892	93,2670080448065
63440,00293	0,453501899999992	1,83446582	0,990138793731747	93,4045733197556
63450,00293	0,452607799999953	1,830321289	0,990154068795863	93,1935483197556
63460,00293	0,452428999999995	1,830168823	0,990073131157456	93,1857852851324
63470,00293	0,453501899999992	1,833440063	0,990295918677635	93,3523453665988
63480,00293	0,453889299999958	1,834628906	0,990062326404758	93,4128770875764
63490,00293	0,453144299999963	1,833969482	0,989850342637208	93,3793015274949
63500,00293	0,453054899999984	1,834645874	0,990137582647378	93,4137410386965
63510,00293	0,45257799999996	1,830303711	0,989920755542424	93,1926533095723
63520,00293	0,453054899999984	1,834347534	0,989945810287827	93,398550610998
63530,00293	0,454008499999986	1,838167725	0,990138234692802	93,5930613543788
63540,00293	0,452726999999982	1,83157959	0,989995545752578	93,257616598778
63550,00293	0,454097899999965	1,838845093	0,990002531239212	93,6275505600815
63560,00293	0,452846299999976	1,833329956	0,989988281246507	93,3467391038697
63570,00293	0,453501899999992	1,836183228	0,990074621261262	93,4920177189409
63580,00293	0,453740299999993	1,837333252	0,98991684426995	93,5505729124236
63590,00293	0,453501899999992	1,834474609	0,99028688404825	93,4050208248472
63600,00293	0,453144299999963	1,834879639	0,990020507491502	93,4256435336049
63610,00293	0,453174099999956	1,832870972	0,990142425984783	93,3233692464358
63620,00293	0,453412499999956	1,834842896	0,989938358768727	93,4237727087576
63630,00293	0,452667399999996	1,832760864	0,990026002874331	93,3177629327902
63640,00293	0,451832999999965	1,827382568	0,990089523299391	93,0439189409369
63650,00293	0,452935699999955	1,830845093	0,990078346520777	93,2202185845214
63660,00293	0,45225019999998	1,831063354	0,990216751162541	93,2313316700611
63670,00293	0,452428999999995	1,829153564	0,989943202106132	93,1340918533605
63680,00293	0,452667399999996	1,830537964	0,990128455011514	93,2045806517311
63690,00293	0,451981999999987	1,828989868	0,989909299744371	93,1257570264766
63700,00293	0,453263499999991	1,832387451	0,990091386429184	93,2987500509165
63710,00293	0,451922400000001	1,827280396	0,990252143628108	93,038716700611
63720,00293	0,453799899999979	1,835570801	0,990064003521592	93,4608350814664
63730,00293	0,453323099999977	1,831391479	0,989977104467892	93,2480386456212
63740,00293	0,452756799999975	1,832074097	0,990170832963715	93,2827951629328
63750,00293	0,453472099999999	1,8314552	0,990038110717806	93,251283095723
63760,00293	0,453472099999999	1,832485962	0,990052453716991	93,303765885947
63770,00293	0,453263499999991	1,832623901	0,990057111041437	93,3107892566191
63780,00293	0,453680700000007	1,834720459	0,990141401913442	93,4175386456212
63790,00293	0,453740299999993	1,834156006	0,9899624814492	93,3887986761711
63800,00293	0,452309799999966	1,830357178	0,989954657904184	93,1953756619145
63810,00293	0,452846299999976	1,830526489	0,990005698459852	93,2039963849287
63820,00293	0,453054899999984	1,832078247	0,989855092968133	93,2830064663951
63830,00293	0,45257799999996	1,832638062	0,989875304376132	93,3115102851324
63840,00293	0,453680700000007	1,835476685	0,990270211886807	93,4560430244399
63850,00293	0,452935699999955	1,832187012	0,989981295759872	93,2885443991853
63860,00293	0,453233699999998	1,831712769	0,990134602439766	93,2643976069246
63870,00293	0,453144299999963	1,832488159	0,990064189534551	93,3038777494908
63880,00293	0,453561499999978	1,83471875	0,990332988260035	93,4174516293279
63890,00293	0,453054899999984	1,832099609	0,98991051082874	93,2840941446028
63900,00293	0,45335289999997	1,832916016	0,990146617276763	93,3256627291242
63910,00293	0,451862799999958	1,828356079	0,990147362328666	93,0934867107943
63920,00293	0,453054899999984	1,830566528	0,990180798657961	93,2060350305499
63930,00293	0,453680700000007	1,834139893	0,990078532533735	93,3879782586558
63940,00293	0,453919100000007	1,837007813	0,98996564866984	93,5340026985743
63950,00293	0,453919100000007	1,838600098	0,990068939865476	93,6150762729124
63960,00293	0,453233699999998	1,833765991	0,989869901999783	93,3689404786151
63970,00293	0,453650899999957	1,836185181	0,990560991143535	93,4921171588595
63980,00293	0,454068099999972	1,837543457	0,99021479502627	93,5612758146639
63990,00293	0,453084699999977	1,832883057	0,990055061898687	93,3239845723014
64000,00293	0,452607799999953	1,8327146	0,989971796098092	93,3154073319756
64010,00293	0,452488599999981	1,831860962	0,990018924381217	93,2719430753564
64020,00293	0,453084699999977	1,83313208	0,989951584690093	93,3366639511202
64030,00293	0,453740299999993	1,83562207	0,990059905236091	93,4634455193483
64040,00293	0,452726999999982	1,834316895	0,989983344902623	93,3969905804481
64050,00293	0,454544999999996	1,840735229	0,989896073823006	93,7237896639511
64060,00293	0,453144299999963	1,832673218	0,990046958334163	93,313300305499
64070,00293	0,453472099999999	1,833386841	0,989991820493063	93,3496354887984
64080,00293	0,453323099999977	1,830451538	0,990217775233882	93,2001801425662
64090,00293	0,453233699999998	1,835411865	0,990107964584078	93,4527426171079
64100,00293	0,453740299999993	1,835628784	0,990013148978882	93,4637873727088
64110,00293	0,453263499999991	1,83473584	0,990127523946653	93,4183217922607
64120,00293	0,453561499999978	1,835009766	0,990006443511755	93,4322691446028
64130,00293	0,454395999999974	1,840596802	0,990332988260035	93,7167414460285
64140,00293	0,453144299999963	1,834938599	0,990017434277411	93,4286455702648
64150,00293	0,453650899999957	1,834631348	0,989880985771918	93,4130014256619
64160,00293	0,452607799999953	1,833098877	0,98995186370953	93,3349733706721
64170,00293	0,453591299999971	1,834341553	0,990275335243719	93,3982460794297
64180,00293	0,453680700000007	1,835392578	0,989819886515525	93,4517605906314
64190,00293	0,452488599999981	1,831577881	0,989991261454119	93,2575295824847
64200,00293	0,453174099999956	1,832328491	0,990004301362525	93,2957480142566
64210,00293	0,453680700000007	1,831784546	0,989986325110235	93,2680522403259
64220,00293	0,452846299999976	1,830900269	0,99009390060433	93,2230279531568
64230,00293	0,454008499999986	1,836775391	0,990038669756751	93,5221685845214
64240,00293	0,453650899999957	1,834221436	0,990101259116951	93,3921301425662
64250,00293	0,453740299999993	1,835296631	0,989920383516507	93,446875305499
64260,00293	0,45421719999996	1,836663452	0,990001321154913	93,5164690427699
64270,00293	0,452935699999955	1,832067993	0,989974962318662	93,2824843686354
64280,00293	0,45421719999996	1,838194946	0,990081419734868	93,5944473523422
64290,00293	0,453978699999993	1,836483398	0,9899147951272	93,5073013238289
64300,00293	0,453501899999992	1,83513562	0,990118768336706	93,4386771894094
64310,00293	0,452756799999975	1,83049707	0,990211907825137	93,2024984725051
64320,00293	0,453263499999991	1,831939087	0,990015664154098	93,2759209266802
64330,00293	0,453829699999972	1,837001953	0,989885922115802	93,5337043279022
64340,00293	0,453650899999957	1,834000488	0,989911907926067	93,3808802443992
64350,00293	0,454068099999972	1,836985107	0,990183127820219	93,5328465885947
64360,00293	0,453174099999956	1,833847168	0,989949535547342	93,3730737270876
64370,00293	0,454544999999996	1,84124231	0,990039507815133	93,7496084521385
64380,00293	0,453054899999984	1,833505005	0,990123146641714	93,3556519857434
64390,00293	0,454306599999995	1,83846228	0,989985301038895	93,6080590631365
64400,00293	0,452518399999974	1,831282959	0,990238358667798	93,2425131873727
64410,00293	0,452726999999982	1,832088623	0,990193931572847	93,2835347759674
64420,00293	0,453323099999977	1,832495728	0,990027958010532	93,3042631364562
64430,00293	0,454097899999965	1,837284302	0,99018834318354	93,5480805498982
64440,00293	0,45421719999996	1,8379375	0,990098929954693	93,5813391038697
64450,00293	0,454634399999975	1,839694458	0,990356272882125	93,6707972505092
64460,00293	0,453799899999979	1,834662354	0,990053571794881	93,4145801425662
64470,00293	0,453799899999979	1,834451416	0,989946275320223	93,4038399185336
64480,00293	0,454425799999967	1,838280029	0,990228299967073	93,5987794806517
64490,00293	0,45225019999998	1,829588989	0,989926343931731	93,1562621690428
64500,00293	0,454664199999968	1,839636353	0,990212465864012	93,6678387474542
64510,00293	0,453144299999963	1,83012085	0,99000057610301	93,1833426680244
64520,00293	0,452816399999961	1,831508911	0,990369777822928	93,2540178716904
64530,00293	0,453323099999977	1,831135132	0,989922618672216	93,2349863543788
64540,00293	0,452995299999998	1,831176514	0,989905760497815	93,2370933808554
64550,00293	0,453799899999979	1,834304321	0,990199426955675	93,3963503564155
64560,00293	0,453889299999958	1,836187988	0,989981481772831	93,4922600814664
64570,00293	0,453561499999978	1,833903809	0,990144941159999	93,375957688391
64580,00293	0,453591299999971	1,83204541	0,990154533828258	93,2813345213849
64590,00293	0,452935699999955	1,83102771	0,989991261454119	93,229516802444
64600,00293	0,453084699999977	1,831442017	0,990120538460019	93,2506118635438
64610,00293	0,454306599999995	1,837556885	0,990092689519962	93,5619595213849
64620,00293	0,454395999999974	1,837427734	0,990079464598666	93,555383604888
64630,00293	0,452816399999961	1,83222876	0,989960526312998	93,2906700610998
64640,00293	0,453978699999993	1,833691162	0,990042674035704	93,3651304480652
64650,00293	0,452816399999961	1,831783936	0,989811131905647	93,2680211812627
64660,00293	0,453263499999991	1,833432983	0,990074155228796	93,3519848778004
64670,00293	0,453680700000007	1,833449463	0,990289678242904	93,3528239816701
64680,00293	0,453978699999993	1,834947144	0,99003140425061	93,4290806517312
64690,00293	0,453889299999958	1,83489624	0,989859284260113	93,4264887983707
64700,00293	0,454157599999974	1,835969971	0,990158259087773	93,4811594195519
64710,00293	0,453889299999958	1,835103638	0,990098650935256	93,4370487780041
64720,00293	0,453799899999979	1,83525647	0,99017875051528	93,4448304480652
64730,00293	0,453561499999978	1,832492798	0,989999365018642	93,3041139511202
64740,00293	0,453412499999956	1,8309646	0,990309237605479	93,2263034623218
64750,00293	0,453084699999977	1,830970703	0,990146617276763	93,2266142057026
64760,00293	0,453799899999979	1,832888916	0,989963878546527	93,324282892057
64770,00293	0,453472099999999	1,832610962	0,99007694942345	93,3101304480652
64780,00293	0,453233699999998	1,830519653	0,990113366960427	93,2036483197556
64790,00293	0,454574799999989	1,838242188	0,990004673388442	93,5968527494908
64800,00293	0,453591299999971	1,832554199	0,990273193094489	93,3072402749491
64810,00293	0,453650899999957	1,831302979	0,990138141686323	93,2435325356415
64820,00293	0,453978699999993	1,834272705	0,990083655890647	93,3947405804481
64830,00293	0,45421719999996	1,837307617	0,989887598232566	93,5492676680244
64840,00293	0,454097899999965	1,836854126	0,990067821787586	93,5261774949083
64850,00293	0,453084699999977	1,833705933	0,990061861372362	93,3658825356415
64860,00293	0,452846299999976	1,828464111	0,990227833934607	93,0989873217923
64870,00293	0,453889299999958	1,835567139	0,990261084250943	93,4606486252546
64880,00293	0,453233699999998	1,829567017	0,990095297701657	93,1551434317719
64890,00293	0,453650899999957	1,832603271	0,990056552002493	93,3097388492872
64900,00293	0,453174099999956	1,831763062	0,990098929954693	93,2669583503055
64910,00293	0,453919100000007	1,83445813	0,989721718676801	93,4041817718941
64920,00293	0,452846299999976	1,832576782	0,989942923086694	93,3083901221996
64930,00293	0,453323099999977	1,829648438	0,989958942202643	93,1592891038697
64940,00293	0,453799899999979	1,83411731	0,99007806750134	93,3868284114053
64950,00293	0,453561499999978	1,831551025	0,990021252543406	93,2561621690428
64960,00293	0,454485399999953	1,837706543	0,990383748796196	93,5695795824847
64970,00293	0,452816399999961	1,828655151	0,990160215224045	93,1087144093686
64980,00293	0,453978699999993	1,834837769	0,99011411201233	93,4235116598778
64990,00293	0,453561499999978	1,832152344	0,989972634156474	93,2867792260692
65000,00293	0,454306599999995	1,837502319	0,990179402560704	93,5591812118126
65010,00293	0,453591299999971	1,831157593	0,990231466187643	93,2361299898167
65020,00293	0,454246999999953	1,834561768	0,990113552973385	93,4094586558045
65030,00293	0,453799899999979	1,831736694	0,990024512770525	93,265615784114
65040,00293	0,453740299999993	1,83303479	0,990334478363841	93,3317102851324
65050,00293	0,454097899999965	1,835829224	0,989868318889498	93,4739930753564
65060,00293	0,453561499999978	1,832740601	0,989969187916397	93,3167312118126
65070,00293	0,454246999999953	1,836608398	0,9902094856564	93,513665885947
65080,00293	0,454425799999967	1,839314331	0,989963320507652	93,651442515275
65090,00293	0,453472099999999	1,831148193	0,990099488993638	93,2356513747454
65100,00293	0,45257799999996	1,831152832	0,989854440922709	93,2358875763747
65110,00293	0,453084699999977	1,831481323	0,990073037150907	93,2526131873727
65120,00293	0,453323099999977	1,83323584	0,989777601569804	93,3419470468432
65130,00293	0,452488599999981	1,829425781	0,989903338329078	93,1479521894094
65140,00293	0,454485399999953	1,838044678	0,990129293069897	93,5867962321792
65150,00293	0,452905899999962	1,831114014	0,990051429645651	93,2339110997963
65160,00293	0,453084699999977	1,830612793	0,990172696093507	93,2083906822811
65170,00293	0,453501899999992	1,831718628	0,990059625216584	93,2646959266802
65180,00293	0,454544999999996	1,836244873	0,989956987066442	93,4951564663951
65190,00293	0,453263499999991	1,83302417	0,990058508138764	93,3311695519348
65200,00293	0,454992000000004	1,842003784	0,990158725120239	93,7883800407332
65210,00293	0,454723799999954	1,839397827	0,990170553944277	93,6556938391039
65220,00293	0,454544999999996	1,836781128	0,989932584366462	93,5224606924643
65230,00293	0,453919100000007	1,834500488	0,99005254672347	93,4063384928717
65240,00293	0,453263499999991	1,833714844	0,990071547047101	93,3663362525458
65250,00293	0,452428999999995	1,829013184	0,990375086192728	93,1269441955193
65260,00293	0,454097899999965	1,834237793	0,990210323714782	93,3929629837067
65270,00293	0,453561499999978	1,832316406	0,990109175668446	93,295132688391
65280,00293	0,452071399999966	1,825642578	0,989978501565219	92,9553247454175
65290,00293	0,453919100000007	1,832764893	0,990199333949196	93,3179680753564
65300,00293	0,452905899999962	1,830451416	0,990259781160165	93,2001739307536
65310,00293	0,454395999999974	1,834986084	0,990022463627774	93,4310633401222
65320,00293	0,454574799999989	1,83739917	0,990151460614167	93,5539292260693
65330,00293	0,453740299999993	1,832927856	0,990341276837447	93,3262655804481
65340,00293	0,453084699999977	1,831743652	0,990046865327684	93,2659700610998
65350,00293	0,453978699999993	1,834206177	0,990240687830056	93,3913532077393
65360,00293	0,453919100000007	1,831755371	0,98997095803971	93,2665667515275
65370,00293	0,453829699999972	1,832985718	0,990086170065793	93,3292117107943
65380,00293	0,453054899999984	1,831021484	0,990159377165663	93,229199796334
65390,00293	0,454902599999969	1,841151489	0,990350404473311	93,7449841649695
65400,00293	0,454485399999953	1,836970093	0,990060091249049	93,5320821283096
65410,00293	0,454992000000004	1,841633911	0,990066610703218	93,7695474032586
65420,00293	0,454425799999967	1,837821899	0,990060370268487	93,5754531059063
65430,00293	0,453174099999956	1,82927478	0,990024232751017	93,1402637474542
65440,00293	0,454068099999972	1,830482544	0,989993310596869	93,2017588594705
65450,00293	0,453501899999992	1,830964966	0,990089243279884	93,2263220977597
65460,00293	0,452816399999961	1,827661377	0,990238172654839	93,0581149185336
65470,00293	0,452160800000001	1,825814941	0,990164779542012	92,9641008655804
65480,00293	0,45335289999997	1,829993286	0,990045003197961	93,1768475560082
65490,00293	0,453561499999978	1,829857056	0,990030939218214	93,1699112016293
65500,00293	0,453054899999984	1,82729126	0,989916005211498	93,0392698574338
65510,00293	0,453978699999993	1,832994263	0,989910230809233	93,3296467922607
65520,00293	0,454336399999988	1,836318115	0,990204363299558	93,4988856924644
65530,00293	0,453889299999958	1,835053345	0,990213024902957	93,4344880346232
65540,00293	0,454068099999972	1,835412842	0,990118675330227	93,4527923625255
65550,00293	0,454544999999996	1,837727905	0,989809082762897	93,5706672606925
65560,00293	0,454157599999974	1,835803345	0,989947300391633	93,472675407332
65570,00293	0,453174099999956	1,831367432	0,989748821564885	93,2468142566191
65580,00293	0,453829699999972	1,833680786	0,990103307259632	93,3646021384929
65590,00293	0,45421719999996	1,836579102	0,990250373504795	93,5121742362525
65600,00293	0,454634399999975	1,840191284	0,990027678991095	93,6960938900204
65610,00293	0,453680700000007	1,834788818	0,990139165757663	93,4210192464358
65620,00293	0,45257799999996	1,830913452	0,989904922439433	93,223699185336
65630,00293	0,452995299999998	1,832730835	0,990064003521592	93,3162339613035
65640,00293	0,453263499999991	1,828806885	0,990008771673943	93,1164401731161
65650,00293	0,453829699999972	1,832512451	0,989952608761433	93,3051146130346
65660,00293	0,453591299999971	1,831974121	0,990031591263638	93,2777047352342
65670,00293	0,452667399999996	1,829466187	0,990257639010936	93,1500095213849
65680,00293	0,454157599999974	1,834598267	0,990065213605891	93,4113170570265
65690,00293	0,453591299999971	1,831840576	0,990182568781274	93,2709050916497
65700,00293	0,453263499999991	1,829774292	0,990173162125973	93,1656971486762
65710,00293	0,453919100000007	1,834120972	0,990016130186564	93,3870148676171
65720,00293	0,454336399999988	1,836945801	0,99029433556735	93,5308452647658
65730,00293	0,452309799999966	1,828180664	0,990078439527256	93,0845551934827
65740,00293	0,452846299999976	1,831220215	0,989960898338915	93,2393184826884
65750,00293	0,453680700000007	1,834050171	0,990166921691241	93,3834099287169
65760,00293	0,453084699999977	1,832064453	0,990281947704367	93,2823041242363
65770,00293	0,45335289999997	1,832598999	0,989978781584726	93,3095213340122
65780,00293	0,453889299999958	1,834764038	0,990120631466498	93,4197575356416
65790,00293	0,454246999999953	1,837304321	0,990069125878434	93,5490998472505
65800,00293	0,454544999999996	1,839733887	0,990068659845968	93,6728048370672
65810,00293	0,45335289999997	1,832421997	0,990033733412868	93,3005090122199
65820,00293	0,452816399999961	1,831790894	0,990189275248471	93,2683754582485
65830,00293	0,453174099999956	1,833480591	0,990007560589575	93,354408910387
65840,00293	0,453591299999971	1,833801758	0,990340252766106	93,3707616089613
65850,00293	0,454395999999974	1,83989624	0,990286045989868	93,6810712830957
65860,00293	0,454068099999972	1,837715332	0,990148573413035	93,5700270875764
65870,00293	0,452339599999959	1,829507324	0,990289585236424	93,1521040733197
65880,00293	0,45421719999996	1,837318115	0,989990516402215	93,5498021894094
65890,00293	0,452309799999966	1,832036987	0,990503711153205	93,2809056517312
65900,00293	0,452756799999975	1,830754639	0,989901755218793	93,2156129837067
65910,00293	0,453650899999957	1,833687866	0,989957732118345	93,3649626272912
65920,00293	0,454246999999953	1,8373573	0,99012677889475	93,5517973523422
65930,00293	0,45481319999999	1,842564453	0,990203897267093	93,8169273421588
65940,00293	0,453919100000007	1,836697998	0,990031870283075	93,5182280040733
65950,00293	0,454097899999965	1,835861694	0,989948045443536	93,4756463340122
65960,00293	0,454395999999974	1,838973511	0,989930069191246	93,6340891547862
65970,00293	0,453650899999957	1,833587158	0,990305605352443	93,3598349287169
65980,00293	0,452935699999955	1,832473022	0,990245624173939	93,3031070264766
65990,00293	0,452607799999953	1,830500732	0,990080954702472	93,2026849287169
66000,00293	0,453650899999957	1,835177246	0,990003370297664	93,4407966395112
66010,00293	0,452905899999962	1,833659546	0,990016688225439	93,3635206720978
66020,00293	0,453233699999998	1,830945435	0,990081140715431	93,2253276476578
66030,00293	0,451981999999987	1,826129272	0,989999737044559	92,9801054989817
66040,00293	0,453650899999957	1,834110352	0,990165058561449	93,3864741344195
66050,00293	0,453472099999999	1,833444702	0,990137210621462	93,3525815682281
66060,00293	0,454485399999953	1,839913086	0,990327119851221	93,6819290224033
66070,00293	0,453144299999963	1,833039307	0,989885177063899	93,3319402749491
66080,00293	0,453263499999991	1,83040686	0,989983065883186	93,1979052953157
66090,00293	0,452846299999976	1,832956543	0,989985673064811	93,3277262219959
66100,00293	0,453323099999977	1,832715942	0,990155837919106	93,3154756619145
66110,00293	0,452756799999975	1,832466919	0,989995732765606	93,3027962830957
66120,00293	0,454097899999965	1,836081543	0,990226995876225	93,4868402749491
66130,00293	0,452339599999959	1,83109375	0,990069963936816	93,2328793279022
66140,00293	0,453799899999979	1,835132568	0,990326188786359	93,4385217922607
66150,00293	0,452995299999998	1,832712524	0,989904922439433	93,3153016293279
66160,00293	0,453084699999977	1,832571167	0,989988654272493	93,3081042260692
66170,00293	0,454068099999972	1,836783691	0,99026993286737	93,522591191446
66180,00293	0,45335289999997	1,834716064	0,990015012108674	93,4173148676171
66190,00293	0,453829699999972	1,835378662	0,990333733311938	93,4510520366599
66200,00293	0,454902599999969	1,842879272	0,990182009742329	93,8329568228106
66210,00293	0,453591299999971	1,833974854	0,990195887709118	93,3795750509165
66220,00293	0,452488599999981	1,831190308	0,990059812229612	93,2377957230143
66230,00293	0,452399200000002	1,83014209	0,990110572765773	93,1844241344196
66240,00293	0,452726999999982	1,832449707	0,990013055972403	93,3019199083503
66250,00293	0,453501899999992	1,831293091	0,990027212958629	93,2430290733197
66260,00293	0,452905899999962	1,832394775	0,989995545752578	93,2991229633401
66270,00293	0,454157599999974	1,836957275	0,990039134789147	93,5314294806517
66280,00293	0,453174099999956	1,831571899	0,990126964907708	93,257225
66290,00293	0,453650899999957	1,834427124	0,99013097018673	93,4026030549898
66300,00293	0,453561499999978	1,834453125	0,990149132451979	93,4039269348269
66310,00293	0,453501899999992	1,833709106	0,990214515006763	93,3660440936864
66320,00293	0,453650899999957	1,83569751	0,990058880164681	93,4672866598778
66330,00293	0,453561499999978	1,83572644	0,990112434895496	93,4687596741344
66340,00293	0,453680700000007	1,834912354	0,990225877798335	93,4273092668024
66350,00293	0,45225019999998	1,831424438	0,990114857064233	93,249716802444
66360,00293	0,452607799999953	1,832660889	0,99012789597257	93,3126725560081
66370,00293	0,453650899999957	1,835008789	0,990003649317102	93,4322193991853
66380,00293	0,452607799999953	1,830662354	0,990166269645818	93,2109141547862
66390,00293	0,453233699999998	1,832656982	0,990220662435015	93,3124736252546
66400,00293	0,452905899999962	1,832840088	0,990051988684595	93,3217967413442
66410,00293	0,452816399999961	1,833000488	0,989928859106947	93,3299637474542
66420,00293	0,454395999999974	1,841165527	0,99020743651365	93,7456989307536
66430,00293	0,454306599999995	1,839458618	0,99009185146158	93,6587891038697
66440,00293	0,453144299999963	1,835173706	0,989790547471662	93,440616395112
66450,00293	0,453799899999979	1,836265381	0,990008864680422	93,4962006619145
66460,00293	0,453829699999972	1,835362183	0,990100420058499	93,4502129837067
66470,00293	0,453650899999957	1,833823486	0,990008492654506	93,3718679226069
66480,00293	0,451922400000001	1,828188965	0,989998619966739	93,0849778513238
66490,00293	0,452995299999998	1,831887695	0,990248045342606	93,2733042260692
66500,00293	0,454306599999995	1,836067383	0,990090361357774	93,4861192973523
66510,00293	0,454068099999972	1,836531128	0,989912093939025	93,5097315682281
66520,00293	0,451654200000007	1,82535022	0,989996570823988	92,9404389002037
66530,00293	0,452846299999976	1,831021362	0,989811131905647	93,2291935845214
66540,00293	0,452846299999976	1,830081177	0,990100048032582	93,1813226578411
66550,00293	0,453829699999972	1,835589355	0,990229231031934	93,4617797861507
66560,00293	0,452399200000002	1,829855835	0,990062233398279	93,1698490325866
66570,00293	0,453472099999999	1,83173999	0,989992658551445	93,265783604888
66580,00293	0,453144299999963	1,831819702	0,989983065883186	93,2698422606925
66590,00293	0,45335289999997	1,832649048	0,9898945837192	93,3120696537678
66600,00293	0,453501899999992	1,834106567	0,990085984052835	93,3862814154786
66610,00293	0,453263499999991	1,834146362	0,990186667066775	93,3883076374745
66620,00293	0,453650899999957	1,835005127	0,989962016416804	93,4320329429735
66630,00293	0,453650899999957	1,833885498	0,990054502859742	93,3750253564155
66640,00293	0,452846299999976	1,830235229	0,990064468553988	93,1891664460285
66650,00293	0,452816399999961	1,832192017	0,989836465670488	93,2887992362525
66660,00293	0,453829699999972	1,834166504	0,990178377489293	93,389333197556
66670,00293	0,454574799999989	1,839773071	0,99012892104398	93,6747999490835
66680,00293	0,45335289999997	1,83114624	0,989817744366295	93,2355519348269
66690,00293	0,453084699999977	1,830676392	0,990021438556364	93,2116289205703
66700,00293	0,453680700000007	1,832753052	0,990177446424432	93,3173651731161
66710,00293	0,454246999999953	1,836487549	0,9899995510316	93,5075126782077
66720,00293	0,45257799999996	1,830236816	0,989949442540863	93,1892472505092
66730,00293	0,452399200000002	1,831364014	0,990140190829074	93,2466402240326
66740,00293	0,454157599999974	1,837112427	0,990174279203792	93,5393292769857
66750,00293	0,453889299999958	1,835219482	0,990146244250777	93,4429471486762
66760,00293	0,453591299999971	1,834460938	0,990070989008226	93,4043247454175
66770,00293	0,453799899999979	1,835230957	0,990101445129909	93,4435314154786
66780,00293	0,453323099999977	1,831848999	0,990065772644836	93,2713339613035
66790,00293	0,453472099999999	1,831483765	0,989884525018475	93,2527375254582
66800,00293	0,452995299999998	1,831234741	0,990195980715597	93,240058095723
66810,00293	0,452667399999996	1,831050171	0,990083003845223	93,2306604378819
66820,00293	0,453740299999993	1,835348145	0,99021898631825	93,4494982179226
66830,00293	0,453889299999958	1,835325928	0,990017434277411	93,44836700611
66840,00293	0,452428999999995	1,830370972	0,990183592852614	93,1960780040733
66850,00293	0,454485399999953	1,839284424	0,989899054030618	93,6499197556008
66860,00293	0,453472099999999	1,833262695	0,989913025003887	93,3433144093686
66870,00293	0,453680700000007	1,835762207	0,990154626834738	93,4705808044806
66880,00293	0,454097899999965	1,836681519	0,989944040164514	93,5173889511202
66890,00293	0,454008499999986	1,836689575	0,989964624598499	93,5177991344195
66900,00293	0,453740299999993	1,835168701	0,989994428674758	93,4403615580448
66910,00293	0,453561499999978	1,834284302	0,989895421777582	93,3953310590631
66920,00293	0,453323099999977	1,832928101	0,990038203724286	93,3262780549898
66930,00293	0,454097899999965	1,838047729	0,989957639111865	93,5869515784114
66940,00293	0,453919100000007	1,835637817	0,990348169317602	93,4642473014257
66950,00293	0,452756799999975	1,831303833	0,990016130186564	93,2435760183299
66960,00293	0,452309799999966	1,831513428	0,989886201135239	93,2542478615071
66970,00293	0,453829699999972	1,834616699	0,99016282340574	93,4122555498982
66980,00293	0,454008499999986	1,837137573	0,990212000831616	93,5406096232179
66990,00293	0,454008499999986	1,836898682	0,990053757807839	93,5284461303462
67000,00293	0,452846299999976	1,834163574	0,990126126849326	93,38918401222
67010,00293	0,453650899999957	1,834869385	0,990004673388442	93,4251214358452
67020,00293	0,453650899999957	1,836867554	0,990081978773813	93,5268612016293
67030,00293	0,454008499999986	1,835717407	0,990062233398279	93,4682997454175
67040,00293	0,453919100000007	1,836910156	0,989894024680256	93,5290303462322
67050,00293	0,454306599999995	1,837883667	0,990150901575223	93,5785981160896
67060,00293	0,454097899999965	1,837073364	0,990232491259053	93,5373403258656
67070,00293	0,453144299999963	1,831273682	0,990175211268723	93,2420408350306
67080,00293	0,453084699999977	1,834289673	0,990071547047101	93,3956045315682
67090,00293	0,453054899999984	1,831578613	0,990105449408862	93,2575668533605
67100,00293	0,453501899999992	1,832538208	0,990038296730765	93,3064260692464
67110,00293	0,452995299999998	1,832467285	0,990125195784465	93,3028149185336
67120,00293	0,452905899999962	1,830987427	0,989957545105317	93,2274657331975
67130,00293	0,454306599999995	1,836353149	0,990077135436409	93,5006695010183
67140,00293	0,453680700000007	1,834064941	0,990011286849159	93,3841619653768
67150,00293	0,453174099999956	1,829614136	0,990226716856787	93,1575425661914
67160,00293	0,452726999999982	1,829994873	0,989968349858014	93,1769283604888
67170,00293	0,453978699999993	1,834740112	0,989953447819885	93,4185393075356
67180,00293	0,452756799999975	1,831582031	0,990127709959612	93,257740885947
67190,00293	0,453680700000007	1,832481201	0,990117744265365	93,3035234725051
67200,00293	0,45335289999997	1,830523193	0,990100886090964	93,2038285641548
67210,00293	0,453561499999978	1,831694092	0,99026993286737	93,2634466395112
67220,00293	0,453740299999993	1,834230591	0,989924946834404	93,3925962830957
67230,00293	0,453174099999956	1,832439941	0,990050032548324	93,3014226578411
67240,00293	0,453829699999972	1,835623291	0,99008859223453	93,463507688391
67250,00293	0,454068099999972	1,83772229	0,990199426955675	93,5703813645621
67260,00293	0,453978699999993	1,83598645	0,989837210722391	93,4819984725051
67270,00293	0,452607799999953	1,830578979	0,990278781483796	93,2066689918533
67280,00293	0,453650899999957	1,833454712	0,990020227471995	93,3530912423625
67290,00293	0,452339599999959	1,830382446	0,990097905883352	93,1966622199593
67300,00293	0,453412499999956	1,83100293	0,989949442540863	93,2282550916497
67310,00293	0,452905899999962	1,830781616	0,990283437808173	93,2169865580448
67320,00293	0,453263499999991	1,83125415	0,990115509109656	93,2410463340122
67330,00293	0,454068099999972	1,835369385	0,989932584366462	93,4505796843177
67340,00293	0,452667399999996	1,830962524	0,989933143405407	93,2261977596741
67350,00293	0,453561499999978	1,831397949	0,989993124583911	93,2483680753564
67360,00293	0,452518399999974	1,83023291	0,990120259440582	93,1890483706721
67370,00293	0,453472099999999	1,831893555	0,990161053282427	93,2736025967413
67380,00293	0,453472099999999	1,832296631	0,990168318788568	93,2941258146639
67390,00293	0,452905899999962	1,827864136	0,990042674035704	93,0684386965377
67400,00293	0,453829699999972	1,833967163	0,990022090601788	93,3791834521385
67410,00293	0,453501899999992	1,83327771	0,990009330712888	93,3440789205703
67420,00293	0,454097899999965	1,835844482	0,990141401913442	93,4747699592668
67430,00293	0,453472099999999	1,831858887	0,989995545752578	93,2718374236253
67440,00293	0,453561499999978	1,832147461	0,990184151891559	93,2865306008147
67450,00293	0,452518399999974	1,831853516	0,990171112983222	93,2715639511202
67460,00293	0,453233699999998	1,829997681	0,990045468230357	93,1770713340122
67470,00293	0,452726999999982	1,831751953	0,990045934262823	93,2663927189409
67480,00293	0,452905899999962	1,830753662	0,989763444583577	93,2155632382892
67490,00293	0,453174099999956	1,830983154	0,990063071456661	93,2272481670061
67500,00293	0,452846299999976	1,82892627	0,990305884371881	93,1225188391039
67510,00293	0,453799899999979	1,833674561	0,989899520063084	93,3642851832994
67520,00293	0,453591299999971	1,833144409	0,990061116320459	93,337291700611
67530,00293	0,454008499999986	1,835639648	0,990171672022167	93,4643405295316
67540,00293	0,454574799999989	1,83969812	0,989960526312998	93,670983706721
67550,00293	0,453472099999999	1,833564575	0,990059067177709	93,3586850814664
67560,00293	0,453054899999984	1,829016235	0,989777322550366	93,1270995417515
67570,00293	0,454068099999972	1,835419678	0,989987164168687	93,4531404276986
67580,00293	0,453740299999993	1,834585938	0,990062233398279	93,4106893075356
67590,00293	0,454664199999968	1,840468384	0,990136744588996	93,7102028513238
67600,00293	0,453680700000007	1,833581055	0,990069591910899	93,3595241853361
67610,00293	0,453680700000007	1,83415332	0,989852484786438	93,3886619144603
67620,00293	0,452160800000001	1,828776123	0,99003987984105	93,1148738798371
67630,00293	0,45201179999998	1,82901416	0,990204735325475	93,1269938900204
67640,00293	0,453472099999999	1,835007446	0,98988610812876	93,4321510183299
67650,00293	0,454336399999988	1,83996814	0,99031333589098	93,6847321792261
67660,00293	0,453978699999993	1,83627356	0,990117465245928	93,496617107943
67670,00293	0,452488599999981	1,829823486	0,990220755441494	93,1682019348269
67680,00293	0,451832999999965	1,827762207	0,990007747602603	93,0632488289206
67690,00293	0,452071399999966	1,827593018	0,989989399324396	93,0546343177189
67700,00293	0,454068099999972	1,836157715	0,989880147713536	93,4907186863544
67710,00293	0,453054899999984	1,833348267	0,990092131481087	93,3476714358452
67720,00293	0,453263499999991	1,834087646	0,989764375648439	93,3853180244399
67730,00293	0,453650899999957	1,83405481	0,990060464275036	93,3836461303462
67740,00293	0,452905899999962	1,833061523	0,990227088882704	93,3330714358452
67750,00293	0,454157599999974	1,838559692	0,990213676948381	93,6130189409369
67760,00293	0,453501899999992	1,831930664	0,989882382869245	93,2754920570265
67770,00293	0,452816399999961	1,830604126	0,990015012108674	93,207949389002
67780,00293	0,453978699999993	1,834796509	0,989925039840883	93,4214108452138
67790,00293	0,453650899999957	1,832745239	0,989847735455582	93,3169673625255
67800,00293	0,454544999999996	1,839171143	0,990244878121966	93,6441518839104
67810,00293	0,454008499999986	1,836161987	0,990140655861469	93,4909362016293
67820,00293	0,452190599999994	1,829277954	0,98997729148092	93,1404253564155
67830,00293	0,454634399999975	1,838860474	0,989969373929355	93,628333706721
67840,00293	0,453084699999977	1,830936768	0,98992327071764	93,2248863543788
67850,00293	0,453978699999993	1,835780884	0,990170553944277	93,4715317718941
67860,00293	0,452905899999962	1,830424316	0,990195049650736	93,1987940936864
67870,00293	0,453919100000007	1,835459351	0,989996942849905	93,4551604378819
67880,00293	0,45225019999998	1,828983887	0,990068846858996	93,1254524949083
67890,00293	0,453561499999978	1,832140381	0,990272541049065	93,2861701120163
67900,00293	0,453978699999993	1,834457153	0,990259129114742	93,4041320264766
67910,00293	0,453650899999957	1,832807983	0,99002181158235	93,3201620672098
67920,00293	0,453144299999963	1,830122559	0,990042302009787	93,1834296843177
67930,00293	0,453323099999977	1,831397949	0,990093155552427	93,2483680753564
67940,00293	0,454068099999972	1,835640259	0,989845965332269	93,4643716395112
67950,00293	0,452935699999955	1,828599365	0,990116719193955	93,1058739816701
67960,00293	0,453174099999956	1,82946521	0,990145965231339	93,1499597759674
67970,00293	0,453174099999956	1,830343262	0,990051615658609	93,194667107943
67980,00293	0,453263499999991	1,831506104	0,990128455011514	93,2538749490835
67990,00293	0,454097899999965	1,834887207	0,990164127496588	93,4260288696538
68000,00293	0,453472099999999	1,832152344	0,9901300381218	93,2867792260692
68010,00293	0,454097899999965	1,836941406	0,989979898662546	93,5306214867617
68020,00293	0,45257799999996	1,831253052	0,990086822111217	93,2409904276986
68030,00293	0,454425799999967	1,837630737	0,990007747602603	93,5657198065173
68040,00293	0,453472099999999	1,832966064	0,989913863062269	93,3282109979633
68050,00293	0,454008499999986	1,835278198	0,990116999213462	93,4459367617108
68060,00293	0,453650899999957	1,833333496	0,990056179976576	93,3469193482688
68070,00293	0,453799899999979	1,834030029	0,989839258865072	93,3823843686354
68080,00293	0,454246999999953	1,838551147	0,990604487173624	93,6125838594705
68090,00293	0,453919100000007	1,837211182	0,990216378136555	93,5443575356416
68100,00293	0,452101199999959	1,828670532	0,990106008447806	93,1094975560082
68110,00293	0,452756799999975	1,830040283	0,99000271825224	93,1792404786151
68120,00293	0,453501899999992	1,832187622	0,990076111365068	93,2885754582485
68130,00293	0,453829699999972	1,835585449	0,990075645332603	93,4615809063137
68140,00293	0,453889299999958	1,835720093	0,990026188887289	93,4684365071283
68150,00293	0,453144299999963	1,832055298	0,990024046738059	93,2818379837067
68160,00293	0,452995299999998	1,834273071	0,990056365989534	93,3947592158859
68170,00293	0,453174099999956	1,832835449	0,99006316446314	93,3215605397149
68180,00293	0,453680700000007	1,832708496	0,990197004786938	93,3150965376782
68190,00293	0,452607799999953	1,828206665	0,990048262425011	93,0858790733197
68200,00293	0,452160800000001	1,826594604	0,990035782555618	93,0037985743381
68210,00293	0,452607799999953	1,829820801	0,99014373007563	93,1680652240326
68220,00293	0,453501899999992	1,831030396	0,989936216619498	93,2296535641548
68230,00293	0,454068099999972	1,834507324	0,989967511799632	93,4066865580448
68240,00293	0,453799899999979	1,831240112	0,990062513417786	93,2403315682281
68250,00293	0,453919100000007	1,833673828	0,990214515006763	93,3642478615071
68260,00293	0,454664199999968	1,83827417	0,990187598131636	93,5984811608961
68270,00293	0,453978699999993	1,834227051	0,989700669210419	93,3924160386965
68280,00293	0,453799899999979	1,833141724	0,990093155552427	93,3371549898167
68290,00293	0,453472099999999	1,831580322	0,990247579310141	93,2576538696538
68300,00293	0,452756799999975	1,830015625	0,990085984052835	93,1779849796334
68310,00293	0,454336399999988	1,834340088	0,990081419734868	93,3981714867617
68320,00293	0,454336399999988	1,836343262	0,990072106086046	93,500166089613
68330,00293	0,452995299999998	1,829442261	0,990174652229779	93,148791293279
68340,00293	0,452995299999998	1,829480103	0,989974590292746	93,1507180753564
68350,00293	0,454306599999995	1,837021729	0,990313148877952	93,5347112525458
68360,00293	0,454574799999989	1,836776245	0,989975987390072	93,5222120672098
68370,00293	0,453501899999992	1,829738281	0,99004304706169	93,1638635947047
68380,00293	0,453799899999979	1,831945801	0,99009604275356	93,2762627800407
68390,00293	0,453680700000007	1,829633057	0,990167573736665	93,1585059572301
68400,00293	0,452399200000002	1,827571045	0,990100886090964	93,0535155295316
68410,00293	0,454008499999986	1,83295166	0,989996849843426	93,3274775967413
68420,00293	0,453472099999999	1,830362305	0,990035968568577	93,1956367107943
68430,00293	0,453919100000007	1,833347412	0,989978687578177	93,3476279022403
68440,00293	0,453889299999958	1,833456055	0,990140842874497	93,3531596232179
68450,00293	0,454425799999967	1,835348633	0,989907716634086	93,4495230651731
68460,00293	0,453412499999956	1,830700317	0,990137675653857	93,2128470977597
68470,00293	0,454544999999996	1,836970703	0,989999924057587	93,5321131873727
68480,00293	0,454097899999965	1,834903931	0,990060650287994	93,4268803971487
68490,00293	0,455289999999991	1,842961304	0,990066797716246	93,837133604888
68500,00293	0,453174099999956	1,830627075	0,989995545752578	93,2091178716904
68510,00293	0,454068099999972	1,834185791	0,990067169742162	93,3903152240326
68520,00293	0,452816399999961	1,831642822	0,990091106409677	93,2608361507128
68530,00293	0,454008499999986	1,834593994	0,990177818450349	93,411099490835
68540,00293	0,453740299999993	1,834376831	0,990158446100801	93,400042311609
68550,00293	0,453174099999956	1,832736206	0,990189647274387	93,3165074338086
68560,00293	0,454425799999967	1,836638184	0,990557731916485	93,515182484725
68570,00293	0,454395999999974	1,837563721	0,990121842550867	93,562307586558
68580,00293	0,454246999999953	1,833628662	0,990138327699281	93,3619481670061
68590,00293	0,45335289999997	1,829759888	0,990230069090316	93,1649637474542
68600,00293	0,452756799999975	1,829535889	0,990088964260447	93,153558503055
68610,00293	0,453829699999972	1,832303955	0,990017340270863	93,2944987270876
68620,00293	0,454246999999953	1,836362061	0,990159098146225	93,5011232688391
68630,00293	0,454336399999988	1,836982788	0,990195421676653	93,5327285132383
68640,00293	0,452428999999995	1,828385376	0,990080954702472	93,0949784114053
68650,00293	0,452816399999961	1,83117041	0,989931839314559	93,236782586558
68660,00293	0,453650899999957	1,831049194	0,990002252219775	93,2306106924644
68670,00293	0,452846299999976	1,830234497	0,989934260483226	93,1891291751527
68680,00293	0,453978699999993	1,834138794	0,990140190829074	93,3879223014257
68690,00293	0,454753600000004	1,839959839	0,990158725120239	93,6843095213849
68700,00293	0,454425799999967	1,837105835	0,990020693504461	93,5389936354379
68710,00293	0,452935699999955	1,829609741	0,990159936204607	93,1573187881874
68720,00293	0,454068099999972	1,836352661	0,990241897914354	93,5006446537678
68730,00293	0,453740299999993	1,832145386	0,989955216943128	93,2864249490835
68740,00293	0,453740299999993	1,832858032	0,990018737368189	93,3227103869654
68750,00293	0,453561499999978	1,832087036	0,99024236394682	93,2834539714868
68760,00293	0,453591299999971	1,831482056	0,989946275320223	93,252650509165
68770,00293	0,453412499999956	1,831120483	0,989985860077839	93,2342404786151
68780,00293	0,453829699999972	1,831647217	0,990045003197961	93,2610599287169
68790,00293	0,454664199999968	1,839767822	0,990231373181164	93,674532688391
68800,00293	0,453740299999993	1,833985596	0,990008678667464	93,3801219959267
68810,00293	0,453680700000007	1,833022217	0,990200358020536	93,3310701120163
68820,00293	0,453919100000007	1,834545044	0,990064468553988	93,4086071283096
68830,00293	0,454395999999974	1,837057861	0,990144009095068	93,5365509674134
68840,00293	0,453561499999978	1,831162231	0,990034757484208	93,2363661405295
68850,00293	0,454306599999995	1,835861938	0,990141587926401	93,4756587576375
68860,00293	0,454336399999988	1,836525391	0,99019998599462	93,5094394602851
68870,00293	0,454246999999953	1,836143555	0,989904922439433	93,4899977087576
68880,00293	0,453650899999957	1,833339233	0,990190672345797	93,3472114562118
68890,00293	0,453889299999958	1,833118164	0,990029635127366	93,3359553971487
68900,00293	0,45421719999996	1,835851807	0,990144196108096	93,4751429226069
68910,00293	0,453740299999993	1,832705566	0,989848480507485	93,3149473523422
68920,00293	0,454097899999965	1,835833374	0,990095390708136	93,4742043788187
68930,00293	0,453740299999993	1,832881958	0,989853043825382	93,3239286150713
68940,00293	0,45421719999996	1,835335205	0,990269280821946	93,4488393584521
68950,00293	0,454008499999986	1,83381665	0,989963692533569	93,3715198574338
68960,00293	0,453978699999993	1,833699097	0,989986325110235	93,3655344704684
68970,00293	0,452726999999982	1,828876099	0,989958011137782	93,1199643075356
68980,00293	0,454068099999972	1,834990723	0,99020529436442	93,4312995417515
68990,00293	0,453591299999971	1,831145508	0,990122214576783	93,2355146639511
69000,00293	0,454008499999986	1,831561768	0,989936961671401	93,2567091649695
69010,00293	0,453412499999956	1,831740601	0,990029728133846	93,2658147148676
69020,00293	0,453323099999977	1,829720703	0,9901172782329	93,1629685845214
69030,00293	0,453799899999979	1,832378418	0,989997687901808	93,2982901221996
69040,00293	0,453501899999992	1,83126001	0,989996011785044	93,2413447046843
69050,00293	0,453978699999993	1,83398999	0,990103214253153	93,3803457230143
69060,00293	0,453263499999991	1,832922607	0,990360650187064	93,3259983197556
69070,00293	0,453680700000007	1,831540649	0,990154719841217	93,2556338594704
69080,00293	0,453412499999956	1,829558472	0,989855838020036	93,1547083503055
69090,00293	0,453799899999979	1,832517944	0,990062326404758	93,3053942973523
69100,00293	0,452995299999998	1,829936157	0,989871113084152	93,1739387474542
69110,00293	0,454097899999965	1,833614624	0,989986046090798	93,361233401222
69120,00293	0,454068099999972	1,833000122	0,990081792760855	93,3299451120163
69130,00293	0,453084699999977	1,830838989	0,990172696093507	93,219907790224
69140,00293	0,45335289999997	1,832845703	0,989949349534384	93,3220826374745
69150,00293	0,454664199999968	1,838009521	0,990289585236424	93,5850061608961
69160,00293	0,453799899999979	1,833705566	0,990087008124175	93,3658638492872
69170,00293	0,452905899999962	1,832135254	0,990227274895662	93,2859090631365
69180,00293	0,454336399999988	1,837010498	0,990153695769876	93,5341394093686
69190,00293	0,454008499999986	1,835894043	0,9899073436081	93,4772934317719
69200,00293	0,45225019999998	1,830275513	0,989988840285451	93,1912175661914
69210,00293	0,453978699999993	1,835697388	0,989999644038079	93,4672804480652
69220,00293	0,453323099999977	1,835102417	0,990128362005035	93,4369866089613
69230,00293	0,453561499999978	1,833635376	0,990082723825716	93,3622900203666
69240,00293	0,453650899999957	1,83372229	0,990145965231339	93,3667153767821
69250,00293	0,454068099999972	1,835316162	0,990249349433454	93,4478697556008
69260,00293	0,453829699999972	1,834607788	0,989956521033976	93,4118018329939
69270,00293	0,45225019999998	1,828158081	0,990047610379587	93,0834053462322
69280,00293	0,452309799999966	1,828385376	0,990192441469041	93,0949784114053
69290,00293	0,453889299999958	1,834427246	0,990111317817676	93,4026092668024
69300,00293	0,452399200000002	1,830234009	0,989928486080961	93,1891043279022
69310,00293	0,454068099999972	1,836862427	0,990150808568743	93,5266001527495
69320,00293	0,452846299999976	1,831263306	0,990251770602121	93,2415125254582
69330,00293	0,452518399999974	1,830432617	0,98994655533973	93,1992167515275
69340,00293	0,452816399999961	1,830210327	0,989964903617937	93,1878985234216
69350,00293	0,45335289999997	1,831624878	0,990045655243385	93,2599225050916
69360,00293	0,454336399999988	1,838612183	0,99018405888508	93,615691598778
69370,00293	0,453263499999991	1,833976685	0,990171112983222	93,3796682790224
69380,00293	0,452905899999962	1,832205688	0,989928486080961	93,2894953156823
69390,00293	0,453740299999993	1,835599121	0,990037551678862	93,4622770366599
69400,00293	0,45257799999996	1,831480225	0,990100234045541	93,2525572810591
69410,00293	0,452905899999962	1,832519897	0,990147083309229	93,3054937372709
69420,00293	0,452756799999975	1,831508545	0,989918241367277	93,2539992362525
69430,00293	0,453084699999977	1,830237915	0,98998259985072	93,1893032077393
69440,00293	0,453144299999963	1,830679199	0,990154440821779	93,2117718431772
69450,00293	0,453412499999956	1,831248535	0,989873907278805	93,2407604378819
69460,00293	0,453323099999977	1,831080566	0,990118489317268	93,2322080448065
69470,00293	0,453144299999963	1,831679565	0,990057111041437	93,2627069755601
69480,00293	0,45335289999997	1,83439856	0,990036340594493	93,4011486761711
69490,00293	0,45421719999996	1,839293335	0,990252422647545	93,6503734725051
69500,00293	0,453412499999956	1,833151123	0,989883313934107	93,3376335539715
69510,00293	0,45421719999996	1,837070313	0,990049194489942	93,5371849796334
69520,00293	0,452995299999998	1,831344238	0,990021624569322	93,245633299389
69530,00293	0,453263499999991	1,831545532	0,990141866945838	93,255882484725
69540,00293	0,452667399999996	1,830359253	0,990018737368189	93,1954813136456
69550,00293	0,452488599999981	1,82940918	0,98995288878094	93,1471069246436
69560,00293	0,45225019999998	1,828686646	0,990133764381384	93,1103180244399
69570,00293	0,453054899999984	1,829500366	0,990005139420908	93,151749796334
69580,00293	0,453144299999963	1,830711914	0,99015015652332	93,2134375763748
69590,00293	0,45421719999996	1,838000488	0,990002066206816	93,5845462321792
69600,00293	0,453084699999977	1,831220093	0,989936402632456	93,2393122708758
69610,00293	0,453472099999999	1,83244812	0,99004509620444	93,3018391038697
69620,00293	0,453591299999971	1,8332854	0,989905108452391	93,3444704684318
69630,00293	0,453919100000007	1,834136353	0,990088312215023	93,3877980142566
69640,00293	0,453799899999979	1,834500854	0,990200079001099	93,4063571283096
69650,00293	0,453650899999957	1,8339646	0,989952422748475	93,3790529531568
69660,00293	0,454336399999988	1,8383396	0,990204549312517	93,6018126272912
69670,00293	0,454634399999975	1,83964502	0,990163754470601	93,6682800407332
69680,00293	0,452905899999962	1,830356812	0,989956987066442	93,1953570264766
69690,00293	0,453472099999999	1,832603882	0,989940500917957	93,3097699592668
69700,00293	0,452995299999998	1,830392822	0,98985118069559	93,1971905295316
69710,00293	0,45335289999997	1,831898315	0,990326467805797	93,2738449592668
69720,00293	0,452846299999976	1,829793091	0,990119607395158	93,1666543279022
69730,00293	0,453650899999957	1,832789673	0,989910789848177	93,3192297861507
69740,00293	0,452816399999961	1,83114209	0,989810665873182	93,2353406313646
69750,00293	0,453084699999977	1,829498657	0,990149132451979	93,1516627800407
69760,00293	0,452488599999981	1,829285889	0,990107778571119	93,1408293788187
69770,00293	0,454008499999986	1,835683472	0,990041835977322	93,4665718940937
69780,00293	0,452518399999974	1,828870728	0,990180798657961	93,1196908350306
69790,00293	0,452816399999961	1,830237183	0,989976732441975	93,1892659368635
69800,00293	0,452399200000002	1,82945874	0,989973006182391	93,1496303462322
69810,00293	0,451743599999986	1,825866333	0,990178377489293	92,9667175661914
69820,00293	0,453919100000007	1,835687744	0,990058415132285	93,4667894093686
69830,00293	0,453650899999957	1,832070679	0,989821283612852	93,2826211303462
69840,00293	0,453412499999956	1,832425903	0,990098836948214	93,300707892057
69850,00293	0,453263499999991	1,830137817	0,990057670080382	93,1842065682281
69860,00293	0,453501899999992	1,831681519	0,990154254808821	93,2628064663951
69870,00293	0,452905899999962	1,833157104	0,989977570500358	93,3379380855397
69880,00293	0,453799899999979	1,83399939	0,989888529297428	93,3808243380855
69890,00293	0,454306599999995	1,837970459	0,990132274277578	93,5830172606925
69900,00293	0,454008499999986	1,836156494	0,990379184478229	93,4906565173116
69910,00293	0,453740299999993	1,834051636	0,990154533828258	93,3834845213849
69920,00293	0,453472099999999	1,831797974	0,990202873195752	93,2687359470468
69930,00293	0,452339599999959	1,82915625	0,990085984052835	93,1342286150713
69940,00293	0,452935699999955	1,83100293	0,990215354065215	93,2282550916497
69950,00293	0,45257799999996	1,830354492	0,990040718899502	93,1952389002037
69960,00293	0,453412499999956	1,831238525	0,990073503183373	93,2402507637475
69970,00293	0,454246999999953	1,837127563	0,990264065458625	93,5400999490835
69980,00293	0,454097899999965	1,835499268	0,990148386400007	93,4571928716904
69990,00293	0,452846299999976	1,827908325	0,990115509109656	93,0706886456212
70000,00293	0,452399200000002	1,830335083	0,990262668361298	93,1942506619145
70010,00293	0,453501899999992	1,831202759	0,990135813524135	93,2384296843177
70020,00293	0,452518399999974	1,82987439	0,990311751780626	93,1707937881874
70030,00293	0,452101199999959	1,82747937	0,990248045342606	93,0488477596741
70040,00293	0,452339599999959	1,828707153	0,990355154804236	93,1113621690428
70050,00293	0,453680700000007	1,83143689	0,989955775982073	93,2503508146639
70060,00293	0,451862799999958	1,826863525	0,990191975436575	93,017491089613
70070,00293	0,453591299999971	1,832009644	0,990362326303828	93,2795134419552
70080,00293	0,453084699999977	1,830519897	0,990024232751017	93,2036607433809
70090,00293	0,452726999999982	1,827223633	0,990067542768149	93,0358265274949
70100,00293	0,45335289999997	1,830452271	0,989935285554636	93,2002174643584
70110,00293	0,451981999999987	1,827317017	0,990123332654673	93,0405813136456
70120,00293	0,452339599999959	1,828419556	0,989970585013723	93,0967187372709
70130,00293	0,453054899999984	1,831390991	0,989973193195419	93,2480137983707
70140,00293	0,454425799999967	1,837007202	0,98993705467788	93,5339715885947
70150,00293	0,453412499999956	1,831759399	0,990183034813739	93,2667718431772
70160,00293	0,45335289999997	1,83161145	0,990092317494045	93,2592387983707
70170,00293	0,453740299999993	1,832428711	0,989927648022578	93,3008508655804
70180,00293	0,451981999999987	1,827508911	0,990257451997908	93,0503518839104
70190,00293	0,452726999999982	1,826721802	0,9901543478153	93,0102750509165
70200,00293	0,451922400000001	1,825774414	0,990090547370732	92,9620373727087
70210,00293	0,452488599999981	1,827674927	0,990239103719701	93,0588048370672
70220,00293	0,454068099999972	1,83425647	0,989877818551279	93,3939139511202
70230,00293	0,45257799999996	1,829699219	0,990030100159762	93,161874694501
70240,00293	0,453501899999992	1,830445679	0,98997626640951	93,1998818228106
70250,00293	0,452756799999975	1,831053711	0,989745468331287	93,2308406822811
70260,00293	0,451773399999979	1,826151367	0,990144196108096	92,9812304989817
70270,00293	0,451326300000005	1,824246094	0,989988002227069	92,8842206720978
70280,00293	0,453740299999993	1,833451416	0,990191975436575	93,3529234215886
70290,00293	0,452399200000002	1,826584229	0,990049566515859	93,0032703156823
70300,00293	0,45335289999997	1,829515381	0,990028424042998	93,1525143075356
70310,00293	0,451862799999958	1,825973877	0,99006847383301	92,9721933299389
70320,00293	0,453174099999956	1,828798096	0,990080395663528	93,1159926680244
70330,00293	0,452309799999966	1,82682605	0,990018737368189	93,01558299389
70340,00293	0,451832999999965	1,827264038	0,990108337610064	93,037883808554
70350,00293	0,452726999999982	1,831041748	0,98999852696026	93,2302315682281
70360,00293	0,453740299999993	1,832863159	0,990412993833511	93,3229714358452
70370,00293	0,453144299999963	1,829873535	0,989988561266014	93,1707502545825
70380,00293	0,452428999999995	1,829876953	0,990102749220757	93,170924287169
70390,00293	0,453144299999963	1,829570435	0,990028797068984	93,1553174643584
70400,00293	0,451743599999986	1,825838989	0,990033174373923	92,965325305499
70410,00293	0,45257799999996	1,829138062	0,990046958334163	93,1333025458248
70420,00293	0,451445499999977	1,824882813	0,990037924704848	92,9166401731161
70430,00293	0,451654200000007	1,82481311	0,990076856416971	92,9130911405295
70440,00293	0,45225019999998	1,828959961	0,990120072427554	93,1242342668024
70450,00293	0,453054899999984	1,82968042	0,989815043178121	93,160917515275
70460,00293	0,452607799999953	1,825797241	0,990062792437224	92,9631996435845
70470,00293	0,453680700000007	1,832256226	0,990039134789147	93,2920685336049
70480,00293	0,452071399999966	1,828866943	0,990348449337109	93,1194981160896
70490,00293	0,452726999999982	1,828086182	0,989565524795774	93,0797445010183
70500,00293	0,451862799999958	1,827424683	0,990022742647211	93,0460632892057
70510,00293	0,451862799999958	1,827523071	0,990148573413035	93,0510728615071
70520,00293	0,453412499999956	1,831238892	0,990150808568743	93,2402694501018
70530,00293	0,452399200000002	1,827783813	0,989992006506021	93,0643489307536
70540,00293	0,453501899999992	1,83190686	0,989927369003141	93,2742800407332
70550,00293	0,452995299999998	1,829161987	0,98996350652061	93,1345207230142
70560,00293	0,452816399999961	1,829183716	0,989831529326605	93,1356270875764
70570,00293	0,452190599999994	1,829281006	0,989924760821446	93,1405807535642
70580,00293	0,452101199999959	1,82859436	0,990204922338503	93,1056191446029
70590,00293	0,453323099999977	1,830626343	0,990002159213295	93,2090806008147
70600,00293	0,452846299999976	1,829255249	0,990041742970842	93,1392692973523
70610,00293	0,452071399999966	1,828067261	0,989977756513316	93,0787811099796
70620,00293	0,453919100000007	1,835036987	0,989866735779213	93,4336551425662
70630,00293	0,453263499999991	1,832831787	0,990266114601376	93,321374083503
70640,00293	0,45225019999998	1,828531494	0,990196259735035	93,1024182281059
70650,00293	0,451654200000007	1,825746338	0,989955216943128	92,9606078411405
70660,00293	0,451743599999986	1,826829468	0,990098650935256	93,0157570264766
70670,00293	0,453054899999984	1,830504272	0,990084586955508	93,2028651731161
70680,00293	0,452309799999966	1,826595947	0,990264251471583	93,0038669551935
70690,00293	0,45257799999996	1,828532471	0,990110758778731	93,1024679735234
70700,00293	0,453054899999984	1,829980225	0,990131529225675	93,1761825356415
70710,00293	0,451028299999962	1,822942017	0,989900265114987	92,8178216395112
70720,00293	0,453054899999984	1,830216675	0,990142892017248	93,1882217413442
70730,00293	0,452667399999996	1,830169678	0,989936123613019	93,1858288187373
70740,00293	0,453233699999998	1,832145386	0,990029076088422	93,2864249490835
70750,00293	0,452071399999966	1,828373535	0,990279619542178	93,094375509165
70760,00293	0,451773399999979	1,826416138	0,990123425661152	92,9947117107943
70770,00293	0,453472099999999	1,830352905	0,99009818490279	93,195158095723
70780,00293	0,451236899999969	1,823798828	0,989916564250443	92,8614474541751
70790,00293	0,452607799999953	1,830702148	0,990112062869579	93,2129403258656
70800,00293	0,453323099999977	1,830367554	0,990213304922464	93,1959039714868
70810,00293	0,452756799999975	1,829605225	0,990092131481087	93,1570888492871
70820,00293	0,452101199999959	1,828990234	0,990157794055378	93,1257756619144
70830,00293	0,451832999999965	1,827185913	0,990253074692969	93,0339059572301
70840,00293	0,453084699999977	1,828678101	0,990266672640251	93,1098829429735
70850,00293	0,451564799999971	1,82461499	0,990326002773401	92,9030035641548
70860,00293	0,452101199999959	1,825526123	0,990050777600227	92,9493952647658
70870,00293	0,451684	1,824131836	0,99020315221519	92,8784030549898
70880,00293	0,452726999999982	1,828604492	0,989905108452391	93,1061350305499
70890,00293	0,452071399999966	1,827088379	0,989928486080961	93,0289398676171
70900,00293	0,451356099999998	1,822734253	0,989981295759872	92,8072430244399
70910,00293	0,452995299999998	1,827352905	0,99003671362048	93,042408604888
70920,00293	0,452726999999982	1,829635864	0,990237520609416	93,1586488798371
70930,00293	0,453054899999984	1,829133301	0,990081419734868	93,1330601323829
70940,00293	0,453829699999972	1,835790649	0,990299271911233	93,4720289714868
70950,00293	0,453263499999991	1,831339966	0,989887319213129	93,245415784114
70960,00293	0,451684	1,826967041	0,990212000831616	93,0227617617108
70970,00293	0,451087900000005	1,822678833	0,990101259116951	92,8044212321792
70980,00293	0,451922400000001	1,826043579	0,989961830403846	92,975742311609
70990,00293	0,451594599999964	1,825170898	0,990235657479623	92,9313084521385
71000,00293	0,453174099999956	1,831729736	0,990113459966906	93,2652615071283
71010,00293	0,452071399999966	1,829089111	0,990150529549306	93,1308101323829
71020,00293	0,453233699999998	1,832809692	0,990052919749457	93,3202490835031
71030,00293	0,451922400000001	1,827729614	0,990069497904351	93,0615893075356
71040,00293	0,451415699999984	1,824787476	0,990243295011681	92,9117859470468
71050,00293	0,453799899999979	1,834247192	0,990184710930504	93,3934415478615
71060,00293	0,451594599999964	1,825932373	0,990177539430911	92,9700800916497
71070,00293	0,451117699999998	1,822198608	0,990096508786026	92,7799698574338
71080,00293	0,451356099999998	1,824074341	0,990046865327684	92,875475610998
71090,00293	0,453263499999991	1,831451416	0,990273006081461	93,2510904276986
71100,00293	0,452667399999996	1,828738525	0,989977384487399	93,1129595213849
71110,00293	0,453144299999963	1,831173584	0,98990408438105	93,2369441955194
71120,00293	0,453591299999971	1,833846069	0,990063444482647	93,3730177698574
71130,00293	0,451922400000001	1,829041748	0,990152298672549	93,1283985743381
71140,00293	0,451922400000001	1,828355469	0,989987629201083	93,0934556517311
71150,00293	0,452995299999998	1,82912146	0,990085798039877	93,1324572301426
71160,00293	0,451773399999979	1,82419873	0,990066238677301	92,8818090631365
71170,00293	0,451743599999986	1,82558252	0,990012217914021	92,952266802444
71180,00293	0,451266699999962	1,824293701	0,990069125878434	92,8866446537678
71190,00293	0,452935699999955	1,828248047	0,989936961671401	93,0879860997963
71200,00293	0,453054899999984	1,828279541	0,99025298168649	93,0895896639511
71210,00293	0,452756799999975	1,828783813	0,990145499198874	93,1152654276986
71220,00293	0,452190599999994	1,829123535	0,990203897267093	93,1325628818737
71230,00293	0,453233699999998	1,829989136	0,990148573413035	93,1766362525458
71240,00293	0,453412499999956	1,831171387	0,990024512770525	93,2368323319755
71250,00293	0,452607799999953	1,830736694	0,989981854798817	93,214699287169
71260,00293	0,45225019999998	1,830225342	0,990214049974367	93,1886630346232
71270,00293	0,452756799999975	1,830480713	0,990129200063417	93,2016656313646
71280,00293	0,453144299999963	1,832639526	0,990069311891392	93,3115848268839
71290,00293	0,453054899999984	1,829910889	0,990024232751017	93,1726521894094
71300,00293	0,452399200000002	1,829868042	0,990048076412053	93,1704705702648
71310,00293	0,453650899999957	1,833860962	0,990082630819237	93,3737760692464
71320,00293	0,451773399999979	1,826110718	0,989883592953544	92,9791607942974
71330,00293	0,452607799999953	1,829651001	0,990202500169766	93,1594196028513
71340,00293	0,453829699999972	1,83542041	0,990235192447227	93,4531776985743
71350,00293	0,453054899999984	1,831739014	0,990037924704848	93,265733910387
71360,00293	0,452756799999975	1,827478516	0,990037085646396	93,0488042769857
71370,00293	0,453054899999984	1,829947144	0,990155837919106	93,1744981670061
71380,00293	0,453144299999963	1,831635498	0,990393900503401	93,2604632382892
71390,00293	0,452846299999976	1,829488159	0,99024981446585	93,1511282586558
71400,00293	0,452935699999955	1,829671631	0,989979153610643	93,1604700101833
71410,00293	0,453084699999977	1,83018103	0,990104611350479	93,1864068228106
71420,00293	0,453889299999958	1,835685669	0,990160215224045	93,4666837576375
71430,00293	0,453084699999977	1,831278809	0,990417371138449	93,2423018839104
71440,00293	0,453054899999984	1,831268555	0,990043885120072	93,2417797861507
71450,00293	0,453054899999984	1,829464478	0,990146524270284	93,1499225050917
71460,00293	0,452756799999975	1,831116577	0,990058787158202	93,234041598778
71470,00293	0,452756799999975	1,828880005	0,990158446100801	93,1201631873727
71480,00293	0,452399200000002	1,829944824	0,989934447496254	93,1743800407332
71490,00293	0,452399200000002	1,830739258	0,990159563178621	93,2148298370672
71500,00293	0,452905899999962	1,82933313	0,990211068766685	93,1432347250509
71510,00293	0,452428999999995	1,832503906	0,990212279851054	93,3046795315682
71520,00293	0,452339599999959	1,831996582	0,990333174272993	93,2788483706721
71530,00293	0,451415699999984	1,82412561	0,990023487699114	92,8780860488798
71540,00293	0,45201179999998	1,827730835	0,990161612321372	93,0616514765784
71550,00293	0,452846299999976	1,828132935	0,990082444806278	93,082125
71560,00293	0,452935699999955	1,830272217	0,990095297701657	93,1910497454175
71570,00293	0,453472099999999	1,832516479	0,990214235987325	93,3053197046843
71580,00293	0,453233699999998	1,831171387	0,990005046414428	93,2368323319755
71590,00293	0,451445499999977	1,823954834	0,990085518020369	92,8693907331976
71600,00293	0,451773399999979	1,824334839	0,99008123372191	92,8887392566191
71610,00293	0,452667399999996	1,825321655	0,990131901251592	92,9389844704684
71620,00293	0,453472099999999	1,829922241	0,989997687901808	93,1732301934827
71630,00293	0,452399200000002	1,828954224	0,990112714915003	93,1239421588595
71640,00293	0,453740299999993	1,834032715	0,98999321759039	93,3825211303462
71650,00293	0,453889299999958	1,835038818	0,989801445230839	93,4337483706721
71660,00293	0,45225019999998	1,827086792	0,989983903941568	93,0288590631365
71670,00293	0,452190599999994	1,827955322	0,990265275542924	93,0730815682281
71680,00293	0,451654200000007	1,824573486	0,990107126525696	92,9008903258656
71690,00293	0,453650899999957	1,832400146	0,990241990920834	93,2993964358452
71700,00293	0,452846299999976	1,828949829	0,98982044555447	93,1237183808554
71710,00293	0,452309799999966	1,827834106	0,990237427602936	93,0669096741344
71720,00293	0,452935699999955	1,829541504	0,990244133070063	93,1538443991853
71730,00293	0,451564799999971	1,825020142	0,990006629524714	92,923632484725
71740,00293	0,452846299999976	1,831809692	0,990152112659591	93,2693325865581
71750,00293	0,451922400000001	1,828033813	0,990043699107114	93,0770780549898
71760,00293	0,452607799999953	1,829090454	0,989819607496087	93,1308785132383
71770,00293	0,452101199999959	1,827120361	0,990307840508152	93,0305682790224
71780,00293	0,452339599999959	1,829630859	0,99000905169345	93,1583940427699
71790,00293	0,452935699999955	1,828857422	0,990352733635569	93,1190133401222
71800,00293	0,451684	1,825443115	0,989970399000765	92,9451687881874
71810,00293	0,453412499999956	1,830059204	0,989970305994286	93,1802038696538
71820,00293	0,452846299999976	1,827430298	0,990321718474941	93,046349185336
71830,00293	0,451832999999965	1,828504395	0,989939010814151	93,1010384419552
71840,00293	0,453472099999999	1,833067261	0,990005046414428	93,3333635947047
71850,00293	0,452160800000001	1,828633301	0,990028983081943	93,1076018839104
71860,00293	0,451445499999977	1,825605469	0,990210789747248	92,9534352851324
71870,00293	0,453650899999957	1,833664063	0,989924108776022	93,3637506619145
71880,00293	0,452101199999959	1,828400146	0,989994894707224	93,0957304480652
71890,00293	0,452756799999975	1,829295532	0,990160402237073	93,1413203665988
71900,00293	0,451177299999983	1,82334082	0,989829200164347	92,8381272912424
71910,00293	0,452309799999966	1,830279907	0,989846710384172	93,191441293279
71920,00293	0,451922400000001	1,826417114	0,990045655243385	92,9947614052953
71930,00293	0,453174099999956	1,829992676	0,990141959952317	93,176816496945
71940,00293	0,452816399999961	1,828322632	0,990341463850475	93,091783706721
71950,00293	0,451922400000001	1,828849121	0,990221593499876	93,1185906822811
71960,00293	0,453323099999977	1,831585449	0,989831901352522	93,2579149185336
71970,00293	0,451743599999986	1,827761597	0,989918334373756	93,0632177698574
71980,00293	0,453323099999977	1,831721802	0,990181637716413	93,2648575356415
71990,00293	0,453412499999956	1,832579834	0,989989399324396	93,3085455193483
72000,00293	0,452995299999998	1,829379883	0,989928486080961	93,1456152240326
72010,00293	0,451862799999958	1,828519287	0,990186667066775	93,1017966904277
72020,00293	0,452905899999962	1,830443115	0,98994767241755	93,1997512729124
72030,00293	0,451415699999984	1,823960693	0,99020315221519	92,8696890529531
72040,00293	0,451505099999963	1,825531738	0,990023767718622	92,9496811608961
72050,00293	0,452846299999976	1,828509888	0,990131249206168	93,1013181262729
72060,00293	0,452428999999995	1,826632202	0,99027524223724	93,0057129327902
72070,00293	0,452995299999998	1,830442261	0,990012590940007	93,199707790224
72080,00293	0,452071399999966	1,827553345	0,990112062869579	93,0526143075356
72090,00293	0,452399200000002	1,825338867	0,990069311891392	92,9398608452138
72100,00293	0,451266699999962	1,823253296	0,989948883501918	92,8336708757637
72110,00293	0,452071399999966	1,827255615	0,990136744588996	93,0374549389002
72120,00293	0,452816399999961	1,828334717	0,989872882207395	93,0923990325866
72130,00293	0,451832999999965	1,825712158	0,989886201135239	92,9588675152749
72140,00293	0,451445499999977	1,824268188	0,989873255233381	92,8853456211813
72150,00293	0,453501899999992	1,832235107	0,989983903941568	93,2909932281059
72160,00293	0,454008499999986	1,836385376	0,989977942526274	93,5023103869654
72170,00293	0,451862799999958	1,824450806	0,990209113630483	92,8946438900204
72180,00293	0,452428999999995	1,825962891	0,990069404897871	92,9716339613035
72190,00293	0,452160800000001	1,827407959	0,990275987289143	93,0452117617108
72200,00293	0,45257799999996	1,829483887	0,990104984376466	93,1509107433809
72210,00293	0,451743599999986	1,825630859	0,990204922338503	92,9547280549898
72220,00293	0,453233699999998	1,831651611	0,990211255779713	93,2612836558045
72230,00293	0,452071399999966	1,82756604	0,990019296407134	93,0532606924643
72240,00293	0,451981999999987	1,825348145	0,989927927042016	92,9403332484725
72250,00293	0,452905899999962	1,826814453	0,989931839314559	93,0149925152749
72260,00293	0,453084699999977	1,827829956	0,99017344114541	93,0666983706721
72270,00293	0,453919100000007	1,833662842	0,990152298672549	93,3636884928717
72280,00293	0,452935699999955	1,829050781	0,989946275320223	93,128858503055
72290,00293	0,452399200000002	1,829279907	0,990097346844408	93,140524796334
72300,00293	0,451564799999971	1,823657593	0,989973379208377	92,8542562627291
72310,00293	0,453054899999984	1,829230591	0,990183034813739	93,1380137983707
72320,00293	0,453144299999963	1,831051025	0,990272634055544	93,2307039205703
72330,00293	0,452488599999981	1,826346069	0,98990305930964	92,9911440427698
72340,00293	0,452160800000001	1,828622559	0,990056552002493	93,1070549389002
72350,00293	0,452488599999981	1,829815552	0,990113273953947	93,1677979633401
72360,00293	0,453054899999984	1,831508179	0,990248418368593	93,2539806008147
72370,00293	0,451981999999987	1,827636719	0,990101445129909	93,0568594195519
72380,00293	0,452309799999966	1,828648315	0,990115323096698	93,1083663441955
72390,00293	0,452488599999981	1,828795654	0,990008492654506	93,1158683299389
72400,00293	0,452428999999995	1,830200684	0,989856024032994	93,1874075356415
72410,00293	0,453084699999977	1,830139526	0,989988561266014	93,1842935845214
72420,00293	0,453472099999999	1,832211182	0,989979805656066	93,2897750509165
72430,00293	0,451684	1,825424194	0,989884339005517	92,9442053971487
72440,00293	0,452518399999974	1,825211548	0,990041090925418	92,9333782077393
72450,00293	0,452846299999976	1,827397827	0,990009796745353	93,0446958757638
72460,00293	0,452756799999975	1,82676709	0,989860215324975	93,0125809572301
72470,00293	0,451773399999979	1,824511475	0,989921780613834	92,8977329429735
72480,00293	0,45201179999998	1,827408569	0,9899571730794	93,0452428207739
72490,00293	0,452339599999959	1,825500732	0,989919731471083	92,9481024439918
72500,00293	0,453084699999977	1,827529541	0,99028269275627	93,0514022912424
72510,00293	0,453233699999998	1,829562378	0,990076856416971	93,1549072301426
72520,00293	0,453144299999963	1,8281698	0,990096322773067	93,0840020366599
72530,00293	0,452846299999976	1,828163452	0,990068194813573	93,0836788187373
72540,00293	0,451773399999979	1,825689087	0,99012156253136	92,9576928207739
72550,00293	0,452756799999975	1,827316772	0,990145499198874	93,0405688391039
72560,00293	0,453144299999963	1,828759399	0,989994521681238	93,1140223523422
72570,00293	0,453323099999977	1,830579102	0,989874372311201	93,2066752545825
72580,00293	0,453889299999958	1,835111084	0,990401538035458	93,4374279022403
72590,00293	0,451594599999964	1,823981323	0,989954937923691	92,8707394602851
72600,00293	0,452935699999955	1,827482178	0,990180426632044	93,0489907331976
72610,00293	0,452905899999962	1,828520752	0,989986046090798	93,1018712830957
72620,00293	0,452816399999961	1,827832153	0,990213397928943	93,0668102342159
72630,00293	0,451236899999969	1,821039917	0,989940128892041	92,7209733706721
72640,00293	0,451922400000001	1,825036011	0,990023301686156	92,9244404786151
72650,00293	0,453740299999993	1,832880249	0,990030752205186	93,323841598778
72660,00293	0,452071399999966	1,827212891	0,990126964907708	93,0352795824847
72670,00293	0,452756799999975	1,831772095	0,989785239101862	93,2674182790224
72680,00293	0,452309799999966	1,828189209	0,990112062869579	93,0849902749491
72690,00293	0,452101199999959	1,826667847	0,990050218561282	93,0075278513238
72700,00293	0,452071399999966	1,825848999	0,990047424366629	92,9658349796334
72710,00293	0,452488599999981	1,824401611	0,990233236310956	92,8921390529532
72720,00293	0,451981999999987	1,825879761	0,990053571794881	92,9674012729124
72730,00293	0,451505099999963	1,824355103	0,990042209003308	92,8897710285132
72740,00293	0,453680700000007	1,833109985	0,990129759102362	93,3355389511202
72750,00293	0,45335289999997	1,829417725	0,990254192770858	93,14754200611
72760,00293	0,45201179999998	1,825358887	0,990101538136388	92,9408801934827
72770,00293	0,453144299999963	1,828237793	0,989875862415007	93,0874640020367
72780,00293	0,452667399999996	1,826098877	0,990220010389591	92,978557892057
72790,00293	0,452816399999961	1,82867688	0,989993776629335	93,1098207739307
72800,00293	0,451832999999965	1,824140625	0,989972820169432	92,8788505600815
72810,00293	0,452607799999953	1,826234253	0,990155371886641	92,9854507637475
72820,00293	0,451266699999962	1,822369507	0,990146431263805	92,7886714358452
72830,00293	0,451862799999958	1,824668945	0,990067821787586	92,9057507637474
72840,00293	0,451326300000005	1,821763672	0,989960246293491	92,7578244399185
72850,00293	0,451862799999958	1,826039063	0,990046400295288	92,9755123727088
72860,00293	0,452101199999959	1,823473389	0,990092131481087	92,8448772403259
72870,00293	0,452071399999966	1,82577417	0,990008492654506	92,9620249490835
72880,00293	0,452846299999976	1,826780518	0,990020879517419	93,0132646639511
72890,00293	0,451832999999965	1,824050537	0,989872603187958	92,8742635947047
72900,00293	0,452190599999994	1,826966309	0,990138141686323	93,022724490835
72910,00293	0,452905899999962	1,828236206	0,990048914470435	93,087383197556
72920,00293	0,451832999999965	1,824445679	0,990034385458292	92,8943828411405
72930,00293	0,453829699999972	1,831875366	0,989947766424099	93,2726764765784
72940,00293	0,451743599999986	1,824451172	0,990182568781274	92,8946625254582
72950,00293	0,452667399999996	1,825931763	0,989878098570786	92,9700490325866
72960,00293	0,452518399999974	1,825468872	0,989896539855472	92,9464802443992
72970,00293	0,453740299999993	1,831196045	0,990330194065381	93,2380878309572
72980,00293	0,451505099999963	1,822240234	0,989902780290203	92,7820893075356
72990,00293	0,451922400000001	1,825168335	0,990096135760039	92,9311779531568
73000,00293	0,45257799999996	1,8239646	0,989605667592265	92,8698879837067
73010,00293	0,452101199999959	1,825238892	0,989998339947232	92,9347704684318
73020,00293	0,452101199999959	1,826621826	0,989964251572513	93,0051846232179
73030,00293	0,45225019999998	1,823828247	0,989882009843259	92,8629453665988
73040,00293	0,451862799999958	1,825406494	0,990254750809733	92,9433041751527
73050,00293	0,452905899999962	1,828761841	0,990170553944277	93,1141466904277
73060,00293	0,453472099999999	1,830219116	0,990041090925418	93,1883460285132
73070,00293	0,454008499999986	1,835639282	0,990355899856139	93,4643218940937
73080,00293	0,451773399999979	1,827329102	0,990054782879249	93,0411966395112
73090,00293	0,452309799999966	1,829088379	0,990204456306037	93,1307728615071
73100,00293	0,451922400000001	1,825058472	0,990216099117117	92,925584114053
73110,00293	0,452726999999982	1,826068115	0,990015012108674	92,976991598778
73120,00293	0,453412499999956	1,830033936	0,990107312538654	93,178917311609
73130,00293	0,452309799999966	1,827078979	0,990080674682965	93,0284612525458
73140,00293	0,451743599999986	1,823773193	0,990117651258886	92,860142209776
73150,00293	0,45201179999998	1,824973877	0,989935844593581	92,9212768329939
73160,00293	0,451356099999998	1,822186646	0,990007840609082	92,7793607942974
73170,00293	0,453412499999956	1,831420288	0,989981109746914	93,2495054989817
73180,00293	0,451862799999958	1,826214722	0,990141773939359	92,9844563136456
73190,00293	0,451028299999962	1,820268188	0,990322463526844	92,6816796334012
73200,00293	0,453650899999957	1,831161011	0,9901543478153	93,2363040224033
73210,00293	0,451684	1,825431885	0,989891696518068	92,9445969959267
73220,00293	0,451654200000007	1,824007446	0,989895049751666	92,8720695519348
73230,00293	0,452428999999995	1,825737549	0,989824263820464	92,9601603360489
73240,00293	0,452488599999981	1,825016113	0,990170646950757	92,9234273421588
73250,00293	0,453233699999998	1,828641235	0,990467014596791	93,1080058553972
73260,00293	0,453084699999977	1,82768457	0,990104984376466	93,0592958248472
73270,00293	0,45201179999998	1,823597168	0,99020529436442	92,8511796334012
73280,00293	0,452160800000001	1,822347778	0,990079650611625	92,7875650712831
73290,00293	0,451981999999987	1,824979858	0,99009390060433	92,9215813645621
73300,00293	0,453323099999977	1,829522217	0,989990516402215	93,1528623727088
73310,00293	0,451564799999971	1,823382935	0,990022090601788	92,8402716395112
73320,00293	0,451326300000005	1,820717163	0,98993919682711	92,7045398676171
73330,00293	0,452846299999976	1,824591431	0,990013615011348	92,9018040224033
73340,00293	0,452667399999996	1,825362183	0,989911907926067	92,9410480142566
73350,00293	0,451266699999962	1,820538086	0,990050777600227	92,6954218940937
73360,00293	0,452101199999959	1,826251587	0,990025257822428	92,9863333503055
73370,00293	0,451654200000007	1,824349243	0,989879215648605	92,8894726578411
73380,00293	0,451415699999984	1,823077881	0,989907250601621	92,8247393584521
73390,00293	0,451981999999987	1,823294312	0,990164779542012	92,8357592668024
73400,00293	0,451505099999963	1,82387854	0,990265369549473	92,8655061099796
73410,00293	0,451117699999998	1,820503174	0,990018551355231	92,6936442973523
73420,00293	0,452518399999974	1,826211182	0,989982785863678	92,9842760692464
73430,00293	0,452756799999975	1,825472656	0,99003242932202	92,9466729124236
73440,00293	0,451743599999986	1,824816772	0,990221593499876	92,9132775967413
73450,00293	0,452488599999981	1,825041138	0,989881730823821	92,9247015274949
73460,00293	0,452309799999966	1,822925903	0,990042674035704	92,8170011710794
73470,00293	0,451564799999971	1,823422974	0,990093341565386	92,8423102851324
73480,00293	0,451087900000005	1,820906616	0,989885829109323	92,7141861507128
73490,00293	0,451087900000005	1,820804932	0,990171392002659	92,7090087576375
73500,00293	0,452756799999975	1,826349854	0,990118210297831	92,9913367617108
73510,00293	0,451922400000001	1,825491821	0,990047424366629	92,9476487270876
73520,00293	0,451594599999964	1,824721069	0,990148480406555	92,9084047352342
73530,00293	0,452846299999976	1,826922485	0,990278874490275	93,0204931262729
73540,00293	0,45225019999998	1,82266394	0,990075459319644	92,8036629327902
73550,00293	0,451981999999987	1,82703894	0,99007378320288	93,0264226069246
73560,00293	0,451564799999971	1,824392944	0,990009237706409	92,8916977596741
73570,00293	0,451594599999964	1,824133423	0,989988840285451	92,8784838594705
73580,00293	0,452756799999975	1,827144165	0,990302997170748	93,0317802953157
73590,00293	0,452726999999982	1,825820313	0,990169435866388	92,964374389002
73600,00293	0,450938899999983	1,818544434	0,990364096427142	92,5939121181263
73610,00293	0,45257799999996	1,826160889	0,98998893329193	92,9817153258656
73620,00293	0,452756799999975	1,827450684	0,990242084927382	93,0473871690428
73630,00293	0,451594599999964	1,823516113	0,989999365018642	92,8470525967413
73640,00293	0,451266699999962	1,82288208	0,990214328993804	92,8147698574338
73650,00293	0,452488599999981	1,824875	0,989960526312998	92,9162423625255
73660,00293	0,451117699999998	1,822376465	0,990210044695345	92,789025712831
73670,00293	0,451654200000007	1,82366626	0,990122959628686	92,8546975560081
73680,00293	0,452607799999953	1,826523438	0,990268628776522	93,0001750509165
73690,00293	0,451832999999965	1,823626831	0,990224574707558	92,8526899694501
73700,00293	0,451266699999962	1,822942871	0,990430690066294	92,8178651221996
73710,00293	0,451684	1,823658203	0,990210696740769	92,8542873217923
73720,00293	0,451594599999964	1,826365967	0,990121376518401	92,9921571792261
73730,00293	0,452726999999982	1,827197021	0,990084027916563	93,0344715376782
73740,00293	0,451832999999965	1,827083862	0,989956800053414	93,0287098778004
73750,00293	0,452101199999959	1,829142334	0,989956335021018	93,1335200610998
73760,00293	0,451356099999998	1,824800293	0,989975242338169	92,9124385437882
73770,00293	0,451594599999964	1,825964966	0,990316968144016	92,9717396130346
73780,00293	0,452101199999959	1,828703369	0,989980923733956	93,1111695010183
73790,00293	0,452607799999953	1,830005493	0,990196539754542	93,1774690936864
73800,00293	0,450998499999969	1,822512817	0,990259781160165	92,7959682790224
73810,00293	0,452905899999962	1,827413086	0,990040718899502	93,0454728105906
73820,00293	0,451117699999998	1,821865356	0,990116626187476	92,7630018329939
73830,00293	0,453054899999984	1,829076782	0,989901196179848	93,1301823828921
73840,00293	0,451862799999958	1,825091431	0,990137862666885	92,9272622708758
73850,00293	0,451594599999964	1,825681763	0,9899942426618	92,9573199083503
73860,00293	0,451832999999965	1,826872925	0,990092783526511	93,0179697046843
73870,00293	0,451743599999986	1,825854248	0,99000802662204	92,9661022403259
73880,00293	0,453174099999956	1,830224976	0,990055527931152	93,1886443991853
73890,00293	0,451236899999969	1,822363159	0,990047983405573	92,7883482179226
73900,00293	0,451445499999977	1,823812622	0,990172882106465	92,862149796334
73910,00293	0,453174099999956	1,827319824	0,990026002874331	93,0407242362525
73920,00293	0,452190599999994	1,82749939	0,990257639010936	93,049867107943
73930,00293	0,452160800000001	1,826269775	0,990368007699615	92,9872594195519
73940,00293	0,451415699999984	1,823105225	0,990018737368189	92,8261316191446
73950,00293	0,453084699999977	1,827737915	0,99008542501389	93,0620119653768
73960,00293	0,453233699999998	1,828371948	0,990027212958629	93,0942947046843
73970,00293	0,451922400000001	1,82477063	0,990239941778083	92,9109282077393
73980,00293	0,452905899999962	1,826291992	0,990077415455916	92,9883906313646
73990,00293	0,453054899999984	1,82762439	0,989945344255362	93,0562316700611
74000,00293	0,451922400000001	1,826828003	0,990010354784228	93,0156824338085
74010,00293	0,453978699999993	1,833293823	0,990052360710512	93,3448993380855
74020,00293	0,453591299999971	1,830821899	0,990328609955027	93,2190376272912
74030,00293	0,453919100000007	1,833423462	0,989899520063084	93,351500101833
74040,00293	0,453650899999957	1,831851196	0,990120631466498	93,2714458248472
74050,00293	0,452160800000001	1,825400146	0,99015863211376	92,9429809572301
74060,00293	0,452846299999976	1,82727002	0,990038110717806	93,0381883910387
74070,00293	0,452488599999981	1,828194824	0,990032149302513	93,0852761710794
74080,00293	0,451743599999986	1,822970703	0,990039507815133	92,8192822301426
74090,00293	0,451743599999986	1,825026123	0,990028610055956	92,9239370162933
74100,00293	0,45090909999999	1,817496094	0,989857235117363	92,5405343177189
74110,00293	0,452667399999996	1,826731323	0,990165151567928	93,0107598268839
74120,00293	0,451684	1,824142334	0,989996849843426	92,8789375763748
74130,00293	0,452488599999981	1,823057861	0,990150994581702	92,8237200101833
74140,00293	0,452160800000001	1,826509033	0,990132646303495	92,999441598778
74150,00293	0,45335289999997	1,829584351	0,99008225879332	93,1560260183299
74160,00293	0,452995299999998	1,826814331	0,990267138672716	93,0149863034623
74170,00293	0,451981999999987	1,825890625	0,990031032224693	92,9679544297352
74180,00293	0,451236899999969	1,820320923	0,99016813177554	92,6843647148676
74190,00293	0,452816399999961	1,825793091	0,99019467662475	92,9629883401222
74200,00293	0,451684	1,824026001	0,989942085028312	92,8730143075356
74210,00293	0,453263499999991	1,829287109	0,99009073438376	93,140891496945
74220,00293	0,451981999999987	1,825862183	0,990037830698299	92,9665062627291
74230,00293	0,453174099999956	1,828873535	0,990004208356046	93,1198337576375
74240,00293	0,453174099999956	1,828566528	0,989887691239045	93,1042020366599
74250,00293	0,45201179999998	1,823759033	0,990069497904351	92,8594212321792
74260,00293	0,452309799999966	1,825861938	0,990134043400822	92,9664937881874
74270,00293	0,454008499999986	1,835509277	0,990319948351628	93,4577024949083
74280,00293	0,452101199999959	1,823756226	0,990020507491502	92,8592783095723
74290,00293	0,452667399999996	1,825442993	0,989987815214041	92,9451625763747
74300,00293	0,45225019999998	1,823685669	0,989989212311368	92,8556857942973
74310,00293	0,452756799999975	1,825225098	0,990011100836201	92,9340681262729
74320,00293	0,453174099999956	1,827355835	0,98995922222215	93,042557790224
74330,00293	0,451981999999987	1,824570679	0,989920662535944	92,9007474032586
74340,00293	0,451862799999958	1,821457031	0,989964903617937	92,7422113543788
74350,00293	0,451832999999965	1,823480103	0,989854254909751	92,8452190936864
74360,00293	0,452428999999995	1,823119873	0,98989141749863	92,8268774439919
74370,00293	0,452518399999974	1,824822876	0,99008970931235	92,9135883910387
74380,00293	0,452071399999966	1,824601196	0,99027626630858	92,9023012219959
74390,00293	0,450998499999969	1,820440063	0,990044816184933	92,6904309063136
74400,00293	0,452190599999994	1,825802002	0,990045468230357	92,9634420570265
74410,00293	0,451922400000001	1,825340088	0,990057670080382	92,9399230142566
74420,00293	0,453561499999978	1,830368652	0,990012869959445	93,1959598778004
74430,00293	0,452935699999955	1,828052856	0,98992327071764	93,0780476578411
74440,00293	0,451862799999958	1,825416138	0,989892627582929	92,9437952138493
74450,00293	0,452607799999953	1,828168823	0,990093528578414	93,0839522912424
74460,00293	0,452935699999955	1,829146606	0,990120538460019	93,1337375763747
74470,00293	0,453650899999957	1,832868042	0,99008542501389	93,3232200610998
74480,00293	0,451415699999984	1,824597168	0,990284927911979	92,9020961303462
74490,00293	0,453054899999984	1,828108765	0,990031684270117	93,0808943482688
74500,00293	0,452607799999953	1,825515015	0,990205946409843	92,9488296843177
74510,00293	0,451594599999964	1,824396973	0,989807964685007	92,8919029022403
74520,00293	0,452160800000001	1,826782837	0,990146244250777	93,0133827393075
74530,00293	0,452726999999982	1,828406494	0,990127802966091	93,0960536659878
74540,00293	0,452756799999975	1,826097046	0,989985673064811	92,9784646639511
74550,00293	0,451684	1,824661011	0,989970118981258	92,9053467922607
74560,00293	0,453144299999963	1,827584717	0,989997967921315	93,0542116598778
74570,00293	0,453084699999977	1,828105957	0,990117465245928	93,0807513747454
74580,00293	0,453412499999956	1,830898926	0,989975987390072	93,2229595723014
74590,00293	0,451415699999984	1,822046021	0,989930069191246	92,7722006619145
74600,00293	0,452309799999966	1,825586792	0,989907064588663	92,9524843177189
74610,00293	0,453144299999963	1,826602051	0,989983437909102	93,0041777494908
74620,00293	0,453740299999993	1,831756226	0,990017154257904	93,2666102851324
74630,00293	0,453174099999956	1,827934204	0,989900731147452	93,0720063136456
74640,00293	0,452667399999996	1,827501221	0,990352546622541	93,0499603360489
74650,00293	0,452995299999998	1,825412354	0,990089895325308	92,9436025458248
74660,00293	0,453144299999963	1,826833862	0,989991354460598	93,0159807535642
74670,00293	0,451832999999965	1,823660034	0,989962668462228	92,8543805498982
74680,00293	0,451445499999977	1,82228894	0,990054875885728	92,7845692464358
74690,00293	0,453174099999956	1,827667236	0,990071175021185	93,0584132382892
74700,00293	0,453680700000007	1,831136475	0,990006909544221	93,2350547352342
74710,00293	0,452816399999961	1,825609741	0,990137023608434	92,9536528004073
74720,00293	0,453799899999979	1,830940186	0,989872137155492	93,2250603869654
74730,00293	0,451654200000007	1,823343628	0,989884711031433	92,8382702647658
74740,00293	0,452905899999962	1,825517456	0,990107126525696	92,9489539714868
74750,00293	0,452071399999966	1,825975708	0,990052360710512	92,9722865580448
74760,00293	0,452071399999966	1,827628174	0,99020203513737	93,0564243380855
74770,00293	0,452726999999982	1,825388306	0,990058135112778	92,9423781059063
74780,00293	0,452756799999975	1,826966797	0,990071175021185	93,0227493380855
74790,00293	0,452846299999976	1,829484009	0,990115695122615	93,1509169551935
74800,00293	0,453561499999978	1,830682129	0,990314173949363	93,2119210285132
74810,00293	0,453889299999958	1,833189209	0,989883779966572	93,3395727596741
74820,00293	0,451862799999958	1,825789673	0,990085798039877	92,9628143075356
74830,00293	0,451981999999987	1,824596436	0,990003649317102	92,9020588594705
74840,00293	0,453412499999956	1,829742676	0,990162544386303	93,1640873727087
74850,00293	0,453054899999984	1,828330811	0,990095297701657	93,0922001527495
74860,00293	0,452667399999996	1,826204102	0,990148480406555	92,9839155804481
74870,00293	0,451564799999971	1,823668091	0,990288747178042	92,854790784114
74880,00293	0,451594599999964	1,824848633	0,990166269645818	92,9148998472505
74890,00293	0,453084699999977	1,829793335	0,990163754470601	93,1666667515275
74900,00293	0,451356099999998	1,822869751	0,990022276614746	92,814142107943
74910,00293	0,452160800000001	1,827287231	0,990012776952966	93,0390647148676
74920,00293	0,45225019999998	1,826341553	0,9902094856564	92,9909141038697
74930,00293	0,451564799999971	1,82414856	0,989938917807672	92,8792545824847
74940,00293	0,453174099999956	1,830801758	0,990014919102195	93,2180121181263
74950,00293	0,451505099999963	1,823903442	0,990192441469041	92,8667740325866
74960,00293	0,452995299999998	1,826796509	0,990030100159762	93,0140788696538
74970,00293	0,452190599999994	1,826416016	0,989969373929355	92,9947054989817
74980,00293	0,45090909999999	1,81825415	0,989990516402215	92,5791318737271
74990,00293	0,452101199999959	1,82240625	0,99033773759089	92,7905422606925
75000,00293	0,451326300000005	1,821999756	0,990018551355231	92,7698450101833
75010,00293	0,451415699999984	1,823533447	0,990073969215838	92,8479351832994
75020,00293	0,452726999999982	1,826799561	0,990198588897293	93,0142342668024
75030,00293	0,452726999999982	1,826736938	0,990286232002826	93,0110457230142
75040,00293	0,451326300000005	1,821116089	0,9898649656559	92,7248517820774
75050,00293	0,451505099999963	1,82321167	0,990001321154913	92,8315514256619
75060,00293	0,453144299999963	1,82753772	0,990152671698536	93,0518187372709
75070,00293	0,451236899999969	1,821610352	0,990116626187476	92,7500179226069
75080,00293	0,450372700000003	1,816611938	0,989943947158035	92,495516191446
75090,00293	0,452101199999959	1,824509766	0,989910882854657	92,8976459266803
75100,00293	0,450372700000003	1,816997437	0,990104239324563	92,5151444501018
75110,00293	0,451684	1,822758179	0,990137862666885	92,8084612525458
75120,00293	0,451236899999969	1,82055835	0,989996849843426	92,6964536659878
75130,00293	0,450760099999968	1,819487549	0,990174093190834	92,6419322301426
75140,00293	0,451236899999969	1,821914307	0,990173907177875	92,7654942464358
75150,00293	0,452071399999966	1,822517944	0,990083189858181	92,7962293279022
75160,00293	0,450521699999967	1,817240723	0,990053105762415	92,5275317209776
75170,00293	0,452101199999959	1,821981567	0,989924201782501	92,7689188900204
75180,00293	0,452726999999982	1,825540771	0,989659967374983	92,950141089613
75190,00293	0,451356099999998	1,822451294	0,990073503183373	92,7928357433808
75200,00293	0,450611100000003	1,81703833	0,990014360063251	92,5172265784114
75210,00293	0,450104399999987	1,811023071	0,989866269746747	92,2109506619145
75220,00293	0,452935699999955	1,824780029	0,989892441569971	92,9114067718941
75230,00293	0,450253400000008	1,811106689	0,990194583618271	92,215208197556
75230,94043	0,449180599999977	1,801316528	0,989875211369653	91,7167274949084
75240,00293	0,451356099999998	1,814466797	0,989945717281348	92,3862931262729
75250,00293	0,450938899999983	1,815805786	0,990014546076209	92,4544697556008
75260,00293	0,45257799999996	1,822135498	0,990252143628108	92,7767565173116
75270,00293	0,45257799999996	1,820775757	0,990191882430096	92,7075232688391
75280,00293	0,451922400000001	1,817105835	0,990106753499709	92,5206636965377
75290,00293	0,451862799999958	1,818153442	0,990022276614746	92,5740041751528
75300,00293	0,449687199999971	1,807309326	0,989910230809233	92,0218597759674
75310,00293	0,450700499999982	1,814328979	0,989927369003141	92,3792759164969
75320,00293	0,450998499999969	1,813466431	0,9900864500853	92,33535799389
75330,00293	0,451684	1,816140503	0,990210137701824	92,4715123727087
75340,00293	0,450104399999987	1,810590698	0,990210603734289	92,1889357433809
75350,00293	0,451117699999998	1,812066162	0,990109920720349	92,2640612016293
75360,00293	0,451356099999998	1,816220215	0,99000486040147	92,4755710285132
75370,00293	0,451445499999977	1,817719238	0,989897563926812	92,5518960285132
75380,00293	0,451832999999965	1,820392578	0,990100607071527	92,6880131364562
75390,00293	0,450819699999954	1,818057495	0,990067169742162	92,5691188900204
75400,00293	0,450998499999969	1,815133179	0,9901596561851	92,4202229633401
75410,00293	0,450432299999989	1,815644165	0,990040531886474	92,4462405804481
75420,00293	0,450015000000008	1,812664429	0,990134043400822	92,2945228615071
75430,00293	0,450611100000003	1,816564331	0,990264251471583	92,493092209776
75440,00293	0,449925599999972	1,809832275	0,990018458348752	92,1503195010183
75450,00293	0,450491899999975	1,814685791	0,990233143304477	92,3974435336049
75460,00293	0,449180599999977	1,804955078	0,989896539855472	91,9019897148676
75470,00293	0,449359399999992	1,804606079	0,990109734707391	91,8842199083503
75480,00293	0,450938899999983	1,808630859	0,989851739734534	92,0891476069246
75490,00293	0,449597799999992	1,806360229	0,990051708665088	91,9735350814664
75500,00293	0,449865999999986	1,806758911	0,990184338904587	91,9938345723014
75510,00293	0,449955399999965	1,807157959	0,990411410723225	92,0141526985743
75520,00293	0,449746799999957	1,805504517	0,989944506196979	91,9299652240326
75530,00293	0,450283299999967	1,810055298	0,990071734060129	92,1616750509165
75540,00293	0,450193799999965	1,808370972	0,990292379431078	92,0759150712831
75550,00293	0,449120999999991	1,804765015	0,990161426308413	91,8923123727088
75560,00293	0,450283299999967	1,811218018	0,989874279304722	92,2208766802444
75570,00293	0,450342899999953	1,810252686	0,990019296407134	92,1717253564155
75580,00293	0,449448799999971	1,806103516	0,989998339947232	91,9604641547862
75590,00293	0,450074599999994	1,808702271	0,990082630819237	92,0927836558045
75600,00293	0,449269999999956	1,805008911	0,989899427056605	91,9047307026477
75610,00293	0,449269999999956	1,80408252	0,989970678020203	91,8575621181263
75620,00293	0,450342899999953	1,811774536	0,990087753176078	92,2492126272912
75630,00293	0,448882499999968	1,803236938	0,990018458348752	91,8145080448065
75640,00293	0,448703699999953	1,799852173	0,990116719193955	91,6421676680244
75650,00293	0,450581299999953	1,806062012	0,989863661565052	91,9583509164969
75660,00293	0,449627599999985	1,80627417	0,990094645656233	91,9691532586558
75670,00293	0,448882499999968	1,801639404	0,990156116938544	91,733167209776
75680,00293	0,449091199999998	1,804493652	0,990226902869746	91,8784955193483
75690,00293	0,44921039999997	1,804831055	0,9900493805029	91,895674898167
75700,00293	0,448942099999954	1,802637573	0,989934074470268	91,7839904786151
75710,00293	0,449776600000007	1,807689087	0,990003649317102	92,0411958757637
75720,00293	0,449627599999985	1,808549927	0,98993072123667	92,0850268329939
75730,00293	0,449418999999978	1,807263306	0,989957545105317	92,019516598778
75740,00293	0,449776600000007	1,806807007	0,990127709959612	91,9962834521385
75750,00293	0,449269999999956	1,804932251	0,989934260483226	91,9008274439919
75760,00293	0,449865999999986	1,807376831	0,990182289761837	92,0252968940937
75770,00293	0,449508399999957	1,807385986	0,990271889003641	92,0257630346232
75780,00293	0,448793099999989	1,800265991	0,989993776629335	91,6632378309572
75790,00293	0,450074599999994	1,805962402	0,99025083953726	91,9532791242363
75800,00293	0,449091199999998	1,802190918	0,990082909838674	91,7612483706721
75810,00293	0,449627599999985	1,808086426	0,990004208356046	92,0614269857434
75820,00293	0,449597799999992	1,805658081	0,990097439850887	91,9377841649694
75830,00293	0,451177299999983	1,811673096	0,989931839314559	92,2440476578411
75840,00293	0,44921039999997	1,804370605	0,990256706946005	91,8722303971487
75850,00293	0,448614299999974	1,801392822	0,990191323391152	91,7206121181263
75860,00293	0,44921039999997	1,804112305	0,98986813187647	91,8590786659878
75870,00293	0,449448799999971	1,806035156	0,990124543739041	91,956983503055
75880,00293	0,450104399999987	1,807582886	0,98991898641918	92,0357884928717
75890,00293	0,450015000000008	1,808526001	0,990094645656233	92,083808604888
75900,00293	0,447809699999993	1,79503125	0,990057949099819	91,3967031568228
75910,00293	0,449269999999956	1,8032677	0,990170553944277	91,8160743380855
75920,00293	0,451177299999983	1,813256226	0,989974590292746	92,3246550916497
75930,00293	0,450670699999989	1,808719116	0,99020743651365	92,0936413441955
75940,00293	0,451564799999971	1,814996826	0,990129107056938	92,4132803462322
75950,00293	0,44921039999997	1,805151611	0,989939755866054	91,9119964867617
75960,00293	0,448763299999996	1,802095947	0,990043885120072	91,7564127800407
75970,00293	0,449269999999956	1,805508179	0,990016130186564	91,9301516802444
75980,00293	0,450342899999953	1,807716309	0,989864779642941	92,0425819246436
75990,00293	0,449180599999977	1,804779297	0,989888064265032	91,8930395621181
76000,00293	0,450581299999953	1,809826294	0,989988654272493	92,1500149694501
76010,00293	0,451177299999983	1,812198608	0,990298619865809	92,2708048879837
76020,00293	0,449836199999993	1,809131714	0,990019203400655	92,114649389002
76030,00293	0,448942099999954	1,80543457	0,990161333301934	91,9264037678208
76040,00293	0,449687199999971	1,808067749	0,990273006081461	92,0604760183299
76050,00293	0,450760099999968	1,8102323	0,990169622879416	92,1706873727088
76060,00293	0,449836199999993	1,809711548	0,989863009519628	92,1441725050916
76070,00293	0,450342899999953	1,81046814	0,989861426409343	92,1826955193483
76080,00293	0,449031599999955	1,804605957	0,990112434895496	91,8842136965377
76090,00293	0,449329599999999	1,805244995	0,9902963847101	91,9167512729124
76100,00293	0,448346099999981	1,797632446	0,990021252543406	91,5291469450102
76110,00293	0,449001799999962	1,802587891	0,990016130186564	91,7814608452138
76120,00293	0,448554699999988	1,800046631	0,989958011137782	91,6520687881874
76130,00293	0,44921039999997	1,80344519	0,9904194202812	91,8251115071283
76140,00293	0,448882499999968	1,802487549	0,990010354784228	91,7763517820774
76150,00293	0,449597799999992	1,806352783	0,990557731916485	91,9731559572301
76160,00293	0,450849500000004	1,811493408	0,989960898338915	92,2348985743381
76170,00293	0,449955399999965	1,8090802	0,990370242855324	92,1120264765784
76180,00293	0,448852699999975	1,804278198	0,989896073823006	91,8675253564155
76190,00293	0,448763299999996	1,803317627	0,990337179552016	91,8186164460285
76200,00293	0,449269999999956	1,805247559	0,990051429645651	91,9168818228106
76210,00293	0,449865999999986	1,809125	0,98993379545083	92,1143075356415
76220,00293	0,450372700000003	1,808318848	0,990217589220924	92,0732610997963
76230,00293	0,450193799999965	1,80783606	0,99007694942345	92,0486792260693
76240,00293	0,450342899999953	1,808690186	0,990114298025288	92,0921683299389
76250,00293	0,450611100000003	1,812099243	0,990216751162541	92,2657455702648
76260,00293	0,449418999999978	1,808088135	0,989967138773646	92,0615140020367
76270,00293	0,449597799999992	1,809187744	0,990003649317102	92,1175022403258
76280,00293	0,449776600000007	1,811530273	0,989984835006429	92,236775610998
76290,00293	0,450104399999987	1,808645874	0,990008399648027	92,0899121181263
76300,00293	0,450253400000008	1,809177856	0,990075459319644	92,1169987780041
76310,00293	0,451117699999998	1,814415161	0,990100793084485	92,3836640020367
76320,00293	0,448614299999974	1,803771606	0,989905108452391	91,8417314663951
76330,00293	0,449091199999998	1,806461792	0,989976918454934	91,9787063136456
76340,00293	0,449597799999992	1,808250854	0,990058880164681	92,069799083503
76350,00293	0,449180599999977	1,80529187	0,989796415880476	91,9191379837067
76360,00293	0,450670699999989	1,81018689	0,989983623922061	92,1683752545825
76370,00293	0,450700499999982	1,811968628	0,990081419734868	92,2590951120163
76380,00293	0,450611100000003	1,810702271	0,989970118981258	92,1946166496945
76390,00293	0,449687199999971	1,809686035	0,990013148978882	92,1428734725051
76400,00293	0,448793099999989	1,805158691	0,990011751881555	91,9123569755601
76410,00293	0,449508399999957	1,807169067	0,990097998889832	92,0147182790224
76420,00293	0,450015000000008	1,810082397	0,990009609732325	92,1630548370672
76430,00293	0,449687199999971	1,808770142	0,990204642318996	92,0962394093686
76440,00293	0,450760099999968	1,811725098	0,990131342212647	92,2466954175153
76450,00293	0,450015000000008	1,813333618	0,990041742970842	92,3285956211813
76460,00293	0,450760099999968	1,81240918	0,989921407587847	92,2815264765784
76470,00293	0,450700499999982	1,813481323	0,98981616125601	92,3361162423625
76480,00293	0,450760099999968	1,81160791	0,990260898237985	92,2407286150713
76490,00293	0,450372700000003	1,812777954	0,990266021594897	92,3003031568228
76500,00293	0,450611100000003	1,811988525	0,990163195431657	92,260108197556
76510,00293	0,449865999999986	1,810715332	0,989962947481666	92,1952816700611
76520,00293	0,450491899999975	1,812087158	0,990185176962969	92,2651302443992
76530,00293	0,450432299999989	1,809709717	0,989956707046934	92,1440792769857
76540,00293	0,450104399999987	1,813039185	0,989981295759872	92,3136041242362
76550,00293	0,451415699999984	1,814070313	0,990008492654506	92,3661055498982
76560,00293	0,449180599999977	1,807067383	0,989937241690908	92,009540885947
76570,00293	0,450104399999987	1,811881836	0,990189088235442	92,2546759674134
76580,00293	0,449687199999971	1,808329102	0,990091572442142	92,073783197556
76590,00293	0,449836199999993	1,810396118	0,989959781261095	92,1790284114053
76600,00293	0,449538200000006	1,810049805	0,990014733089237	92,1613953665988
76610,00293	0,451445499999977	1,816268921	0,990247859329648	92,4780509674134
76620,00293	0,450611100000003	1,812456665	0,990189554267908	92,2839442464358
76630,00293	0,450342899999953	1,810020996	0,990122307583263	92,1599285132383
76640,00293	0,451028299999962	1,812709595	0,990106846506188	92,2968225560082
76650,00293	0,451564799999971	1,816281616	0,98993379545083	92,4786973523422
76660,00293	0,450938899999983	1,816155029	0,990276918354004	92,4722519857434
76670,00293	0,450372700000003	1,811207642	0,990012962965924	92,2203483706721
76680,00293	0,452190599999994	1,821333374	0,990108057590557	92,7359151731161
76690,00293	0,451326300000005	1,816779541	0,990026654919755	92,5040499490835
76700,00293	0,450611100000003	1,816770508	0,990121656537908	92,5035900203666
76710,00293	0,451326300000005	1,817591675	0,989973472214856	92,5454009674134
76720,00293	0,45225019999998	1,822310547	0,99004621328226	92,7856693991853
76730,00293	0,450372700000003	1,816045898	0,990039321802175	92,4666954175153
76740,00293	0,449865999999986	1,81339856	0,989925039840883	92,3319022403259
76750,00293	0,45090909999999	1,816825806	0,989842892118178	92,5064056008147
76760,00293	0,450849500000004	1,818239502	0,9900123109205	92,5783860488798
76770,00293	0,450938899999983	1,817838379	0,989943761145076	92,5579622708757
76780,00293	0,451922400000001	1,820929321	0,989920941555382	92,715342209776
76790,00293	0,451594599999964	1,820098267	0,990123239648193	92,6730278513238
76800,00293	0,450998499999969	1,816682617	0,990054968892207	92,4991149185336
76810,00293	0,449776600000007	1,811527344	0,99010554341541	92,2366264765784
76820,00293	0,450521699999967	1,816818604	0,990104798363507	92,5060389002037
76830,00293	0,451326300000005	1,816393066	0,990072572118511	92,4843719959267
76840,00293	0,450432299999989	1,819104492	0,989973193195419	92,6224283095723
76850,00293	0,450819699999954	1,819950806	0,990011100836201	92,6655196537678
76860,00293	0,451862799999958	1,825678223	0,990301321053984	92,9571396639511
76870,00293	0,451743599999986	1,822905396	0,989902314257737	92,8159570264766
76880,00293	0,449538200000006	1,81325354	0,990021997595308	92,3245183299389
76890,00293	0,450432299999989	1,818148682	0,989955961995032	92,5737618126273
76900,00293	0,450700499999982	1,819099243	0,990122959628686	92,6221610488798
76910,00293	0,451594599999964	1,819729004	0,990272354036037	92,6542262729124
76920,00293	0,451177299999983	1,817260742	0,990118396310789	92,5285510183299
76930,00293	0,45201179999998	1,825156616	0,990236682551033	92,9305812627291
76940,00293	0,450760099999968	1,819701172	0,99003457147125	92,6528091649695
76950,00293	0,450283299999967	1,817098267	0,98998371792861	92,5202783604888
76960,00293	0,450253400000008	1,81607373	0,990053571794881	92,4681125254583
76970,00293	0,451922400000001	1,821390503	0,990142239971824	92,7388239816701
76980,00293	0,451326300000005	1,819796265	0,990066238677301	92,6576509674134
76990,00293	0,450938899999983	1,816693237	0,989997594895329	92,4996556517312
77000,00293	0,451564799999971	1,82000061	0,990118396310789	92,6680554989817
77010,00293	0,450342899999953	1,816907349	0,989896632861951	92,5105574847251
77020,00293	0,450521699999967	1,816693848	0,990144661140492	92,4996867617108
77030,00293	0,451505099999963	1,819940674	0,990068659845968	92,6650037678208
77040,00293	0,451922400000001	1,821699097	0,990130504154265	92,7545365071283
77050,00293	0,450521699999967	1,817949951	0,989954750910663	92,5636431262729
77060,00293	0,451505099999963	1,819875977	0,990258570075797	92,6617096232179
77070,00293	0,451832999999965	1,821158691	0,990019482420092	92,7270209266802
77080,00293	0,451177299999983	1,815897705	0,990005418440345	92,4591499490835
77090,00293	0,450283299999967	1,816910767	0,989873720265777	92,5107315173116
77100,00293	0,451087900000005	1,818770996	0,990230535122781	92,6054478615071
77110,00293	0,450581299999953	1,81768396	0,990036154581535	92,550099796334
77120,00293	0,450998499999969	1,81656665	0,990020507491502	92,4932102851324
77130,00293	0,451415699999984	1,818826416	0,989926716957717	92,6082696537678
77140,00293	0,450998499999969	1,820401978	0,990254750809733	92,6884917515275
77150,00293	0,449597799999992	1,81325708	0,989987164168687	92,3246985743381
77160,00293	0,450581299999953	1,815373901	0,990042861048732	92,4324796843177
77170,00293	0,451415699999984	1,821018799	0,990121842550867	92,7198981160896
77180,00293	0,452190599999994	1,826273804	0,990229790070879	92,9874645621181
77190,00293	0,450432299999989	1,818729492	0,990377880387382	92,6033346232179
77200,00293	0,450283299999967	1,816062622	0,990018924381217	92,4675469450102
77210,00293	0,449865999999986	1,814165405	0,989970399000765	92,3709473014257
77220,00293	0,451445499999977	1,820872925	0,989945810287827	92,7124707230142
77230,00293	0,451087900000005	1,819530396	0,9901468962962	92,6441138492872
77240,00293	0,45090909999999	1,816222534	0,989885829109323	92,4756891038697
77250,00293	0,449687199999971	1,812484741	0,989817930379253	92,2853737780041
77260,00293	0,450700499999982	1,817811401	0,989960712325957	92,5565886456212
77270,00293	0,450849500000004	1,819524902	0,990201196078918	92,643834114053
77280,00293	0,452428999999995	1,82642334	0,99014903844543	92,9950784114053
77290,00293	0,451862799999958	1,820786255	0,990097905883352	92,708057790224
77300,00293	0,450700499999982	1,81969043	0,990169622879416	92,6522622199593
77310,00293	0,450611100000003	1,814104004	0,990059346197146	92,3678209775967
77320,00293	0,450432299999989	1,818343872	0,990081699754375	92,583700203666
77330,00293	0,450760099999968	1,818465576	0,98992531986039	92,5898969450102
77340,00293	0,451177299999983	1,821994995	0,989996570823988	92,7696025967413
77350,00293	0,451564799999971	1,822279907	0,99022438769453	92,7841093177189
77360,00293	0,451266699999962	1,820890137	0,989962947481666	92,7133470977597
77370,00293	0,451028299999962	1,820223877	0,989970771026682	92,6794234725051
77380,00293	0,451356099999998	1,819022583	0,990115695122615	92,618257790224
77390,00293	0,450819699999954	1,81965564	0,990285486950923	92,6504908350305
77400,00293	0,451415699999984	1,818155396	0,98993705467788	92,5741036659878
77410,00293	0,451356099999998	1,820400757	0,990002904265199	92,6884295824847
77420,00293	0,451773399999979	1,822529785	0,990056738015451	92,7968322301426
77430,00293	0,450521699999967	1,818975098	0,990109361681404	92,6158400203666
77440,00293	0,451266699999962	1,822231812	0,990087940189106	92,7816604887984
77450,00293	0,45201179999998	1,821719482	0,990265275542924	92,7555744399185
77460,00293	0,451117699999998	1,818723877	0,990124356726013	92,6030487270876
77470,00293	0,450849500000004	1,819529663	0,990122866622207	92,6440765274949
77480,00293	0,450938899999983	1,820208496	0,989933329418365	92,6786403258656
77490,00293	0,452399200000002	1,823966309	0,990384213828592	92,869975
77500,00293	0,450849500000004	1,820372314	0,990073317170414	92,6869813645621
77510,00293	0,451862799999958	1,821398926	0,990042861048732	92,7392528513238
77520,00293	0,451117699999998	1,818260132	0,990067728781107	92,5794364562118
77530,00293	0,451832999999965	1,820329224	0,990235378460186	92,6847873727088
77540,00293	0,450074599999994	1,814396484	0,989999924057587	92,3827130346232
77550,00293	0,450760099999968	1,81706543	0,989999924057587	92,5186064154786
77560,00293	0,450700499999982	1,817865112	0,990047052340712	92,5593234215886
77570,00293	0,450432299999989	1,816950439	0,99000802662204	92,5127514765784
77580,00293	0,45090909999999	1,819569336	0,990047610379587	92,6460965376782
77590,00293	0,450849500000004	1,815911133	0,990024884796441	92,4598336558045
77600,00293	0,451773399999979	1,821332153	0,990291634379175	92,7358530040733
77610,00293	0,45201179999998	1,821741821	0,990118210297831	92,7567118635438
77620,00293	0,451236899999969	1,816328613	0,990123798687138	92,4810902749491
77630,00293	0,452399200000002	1,824660156	0,990080302657048	92,9053032586558
77640,00293	0,450074599999994	1,815035522	0,990042395016266	92,415250610998
77650,00293	0,450849500000004	1,815651367	0,98998790922059	92,4466072810591
77660,00293	0,45225019999998	1,82267334	0,989990982434681	92,8041415478615
77670,00293	0,452667399999996	1,826788574	0,990065679638356	93,0136748472505
77680,00293	0,452160800000001	1,823358154	0,99024022179759	92,8390098778004
77690,00293	0,45225019999998	1,823151978	0,989945717281348	92,8285121181263
77700,00293	0,451326300000005	1,82022229	0,98995083963819	92,6793426680244
77710,00293	0,450998499999969	1,818268433	0,990228952012496	92,579859114053
77720,00293	0,450253400000008	1,815632813	0,990099582000117	92,4456625763747
77730,00293	0,45090909999999	1,818630127	0,989840655962399	92,598275305499
77740,00293	0,450760099999968	1,819478638	0,98994767241755	92,6414785132383
77750,00293	0,450938899999983	1,818616577	0,989975521357607	92,5975853869654
77760,00293	0,452339599999959	1,823015869	0,990274310172309	92,8215819246436
77770,00293	0,451981999999987	1,822878052	0,990109361681404	92,8145647657841
77780,00293	0,451862799999958	1,821541626	0,989774341342685	92,7465186354379
77790,00293	0,451177299999983	1,821827393	0,989978967597684	92,7610688900204
77800,00293	0,451743599999986	1,822060425	0,990108709635981	92,7729340631365
77810,00293	0,451654200000007	1,820501465	0,990254844816282	92,6935572810591
77820,00293	0,451326300000005	1,821231201	0,990127150920667	92,7307128818737
77830,00293	0,451445499999977	1,818430298	0,990170925970194	92,588100712831
77840,00293	0,452101199999959	1,821582153	0,990073503183373	92,7485821283096
77850,00293	0,451773399999979	1,820846191	0,98993919682711	92,7111095213849
77860,00293	0,451684	1,819877197	0,990155185873682	92,6617717413442
77870,00293	0,451356099999998	1,821583862	0,98995503093017	92,7486691446028
77880,00293	0,451356099999998	1,821486084	0,989969001903438	92,7436906313646
77890,00293	0,45225019999998	1,824034668	0,990057111041437	92,8734556008147
77900,00293	0,452071399999966	1,823836426	0,990161333301934	92,8633618126273
77910,00293	0,452071399999966	1,823020752	0,989831529326605	92,8218305498982
77920,00293	0,452339599999959	1,824029663	0,990217589220924	92,8732007637474
77930,00293	0,451266699999962	1,818226807	0,990054316846784	92,5777396639511
77940,00293	0,452309799999966	1,824408936	0,990251584589163	92,8925120162933
77950,00293	0,451177299999983	1,820048706	0,990056272983055	92,6705043788187
77960,00293	0,451743599999986	1,823908325	0,990010541797256	92,8670226578411
77970,00293	0,451981999999987	1,82203479	0,989952795774461	92,7716288187373
77980,00293	0,452756799999975	1,828828125	0,990287815113111	93,1175216395112
77990,00293	0,451594599999964	1,820732544	0,990168690814485	92,7053230142566
78000,00293	0,451832999999965	1,821469482	0,990194583618271	92,7428453156823
78010,00293	0,452339599999959	1,822690552	0,990284927911979	92,8050179226069
78020,00293	0,451266699999962	1,820411011	0,990134043400822	92,6889516802444
78030,00293	0,451177299999983	1,821559082	0,990072013079567	92,7474074338085
78040,00293	0,452607799999953	1,826234863	0,990282878769228	92,9854818228106
78050,00293	0,450491899999975	1,818657715	0,989946741352688	92,5996799898167
78060,00293	0,452399200000002	1,825135864	0,989937706723304	92,9295246435845
78070,00293	0,45257799999996	1,826908936	0,99008859223453	93,0198032586558
78080,00293	0,452101199999959	1,8252771	0,99012146952488	92,9367158859471
78090,00293	0,452428999999995	1,825248657	0,990225505772419	92,9352676680244
78100,00293	0,451922400000001	1,82073877	0,990275335243719	92,7056400203666
78110,00293	0,453144299999963	1,829725952	0,990103401266181	93,1632358452138
78120,00293	0,451415699999984	1,823381226	0,990292379431078	92,8401846232179
78130,00293	0,45335289999997	1,834894897	0,990094645656233	93,4264204175153
78140,00293	0,452190599999994	1,828797729	0,990034757484208	93,1159739816701
78150,00293	0,452518399999974	1,828293945	0,990030194166311	93,0903230651731
78160,00293	0,45257799999996	1,827618408	0,990275800276115	93,0559270875764
78170,00293	0,451415699999984	1,824751099	0,990233143304477	92,9099337576375
78180,00293	0,452071399999966	1,825205566	0,990169528872867	92,9330736252546
78190,00293	0,451594599999964	1,825760376	0,990005418440345	92,9613226069247
78200,00293	0,452428999999995	1,826864258	0,990089895325308	93,0175284114053
78210,00293	0,452726999999982	1,826941162	0,990122121570304	93,0214440936864
78220,00293	0,45090909999999	1,821407471	0,99024022179759	92,7396879327902
78230,00293	0,452190599999994	1,82600354	0,990123425661152	92,9737036659878
78240,00293	0,452190599999994	1,824394653	0,990119700401637	92,8917847759674
78250,00293	0,452160800000001	1,824139038	0,989963320507652	92,8787697556008
78260,00293	0,451236899999969	1,822449341	0,99003671362048	92,7927363034623
78270,00293	0,452101199999959	1,825247925	0,989987629201083	92,9352303971487
78280,00293	0,45225019999998	1,824285522	0,989956614040455	92,8862282077393
78290,00293	0,451981999999987	1,823422363	0,989955402956087	92,8422791751527
78300,00293	0,452756799999975	1,827847778	0,990157049003475	93,0676058044806
78310,00293	0,452607799999953	1,827600952	0,990223363623189	93,0550382892057
78320,00293	0,45257799999996	1,829407349	0,990062606424265	93,1470136965377
78330,00293	0,451684	1,826008179	0,990069777923858	92,9739398676171
78340,00293	0,452935699999955	1,828817261	0,990047890399094	93,1169684826884
78350,00293	0,452071399999966	1,825836426	0,990199798981592	92,9651948065173
78360,00293	0,45090909999999	1,822036011	0,990241525888438	92,77169098778
78370,00293	0,45225019999998	1,82503894	0,990009330712888	92,9245896130346
78380,00293	0,451594599999964	1,822617798	0,989931560295121	92,8013135437882
78390,00293	0,451743599999986	1,820533691	0,990019389413613	92,6951981160896
78400,00293	0,450998499999969	1,820607056	0,990048169418532	92,698933604888
78410,00293	0,450849500000004	1,819641479	0,989978036532823	92,6497698065173
78420,00293	0,452756799999975	1,830520508	0,990213024902957	93,2036918533605
78430,00293	0,451266699999962	1,822817261	0,990084679961987	92,8114695010183
78440,00293	0,451087900000005	1,821612793	0,990042302009787	92,750142209776
78450,00293	0,45257799999996	1,826896484	0,990094273630317	93,0191692464358
78460,00293	0,450819699999954	1,822983276	0,989973751234294	92,8199224032586
78470,00293	0,451177299999983	1,822031738	0,98980973480832	92,7714734215886
78480,00293	0,452339599999959	1,825351074	0,990050963613185	92,9404823828921
78490,00293	0,450938899999983	1,821790527	0,989886760174184	92,759191802444
78500,00293	0,451266699999962	1,823559326	0,990176049327105	92,8492528513238
78510,00293	0,452428999999995	1,826443481	0,990245717180418	92,9961039205703
78520,00293	0,451356099999998	1,821210205	0,990071547047101	92,7296438391039
78530,00293	0,451684	1,822526245	0,990145406192394	92,7966519857434
78540,00293	0,451564799999971	1,820933105	0,990121004492484	92,7155348778004
78550,00293	0,450670699999989	1,819749146	0,990064841579974	92,6552518329939
78560,00293	0,451505099999963	1,82389502	0,98987446531768	92,8663452138493
78570,00293	0,450521699999967	1,818625732	0,990108057590557	92,5980515274949
78580,00293	0,45090909999999	1,822278076	0,990164779542012	92,784016089613
78590,00293	0,451177299999983	1,823577637	0,989918799406152	92,8501851832994
78600,00293	0,452309799999966	1,82459021	0,990111131804718	92,9017418533605
78610,00293	0,451594599999964	1,821862305	0,990183779865642	92,7628464867617
78620,00293	0,452071399999966	1,824104004	0,990323115572268	92,8769859470468
78630,00293	0,450819699999954	1,821221191	0,990087288143682	92,7302032077393
78640,00293	0,451594599999964	1,822348267	0,990004208356046	92,7875899694501
78650,00293	0,450938899999983	1,822125122	0,99009492567574	92,7762282077393
78660,00293	0,450849500000004	1,821959473	0,989988281246507	92,7677939409369
78670,00293	0,450670699999989	1,821049683	0,989978036532823	92,7214706211813
78680,00293	0,451862799999958	1,82367334	0,990264530491021	92,8550580448065
78690,00293	0,452101199999959	1,825190674	0,990164127496588	92,9323153767821
78700,00293	0,452309799999966	1,824989258	0,990072292099004	92,9220599796334
78710,00293	0,451415699999984	1,824621338	0,989884990050871	92,9033267820774
78720,00293	0,451356099999998	1,823974731	0,98997729148092	92,8704038187373
78730,00293	0,451743599999986	1,822360229	0,990112528902044	92,7881990325866
78740,00293	0,450163999999972	1,816861328	0,989870461038728	92,5082142566192
78750,00293	0,45090909999999	1,820871582	0,990071920073088	92,7124023421589
78760,00293	0,451177299999983	1,823667358	0,990126033842847	92,8547534623218
78770,00293	0,451773399999979	1,822871338	0,990045282217399	92,8142229124236
78780,00293	0,451028299999962	1,82355481	0,98994553026832	92,8490229124236
78790,00293	0,451654200000007	1,823082275	0,990017247264383	92,8249630855397
78800,00293	0,451654200000007	1,821282593	0,99022429468805	92,7333295824847
78810,00293	0,449865999999986	1,815207031	0,990063258469689	92,4239832484725
78820,00293	0,450938899999983	1,818966309	0,990119513388609	92,6153925152749
78830,00293	0,451832999999965	1,822903687	0,990134602439766	92,8158700101833
78840,00293	0,450849500000004	1,821670288	0,990117465245928	92,7530696537678
78850,00293	0,450491899999975	1,819063477	0,990171672022167	92,6203399694501
78860,00293	0,451981999999987	1,823665894	0,989738389838174	92,8546789205703
78870,00293	0,451445499999977	1,820252808	0,990142611997741	92,6808965376782
78880,00293	0,452399200000002	1,827631104	0,990348914369505	93,0565735234216
78890,00293	0,449865999999986	1,816565796	0,989912000932546	92,493166802444
78900,00293	0,450283299999967	1,818182983	0,990068194813573	92,575508299389
78910,00293	0,450283299999967	1,818584595	0,990254657803254	92,5959569755601
78920,00293	0,451684	1,822620605	0,99026462449757	92,8014564663951
78930,00293	0,451654200000007	1,824665894	0,990068752852448	92,9055954175153
78940,00293	0,450491899999975	1,819989502	0,989981668785859	92,6674899185336
78950,00293	0,450760099999968	1,822675659	0,990046027269302	92,8042596232179
78960,00293	0,450104399999987	1,818144409	0,990123052635165	92,5735442464358
78970,00293	0,450700499999982	1,821594238	0,990074621261262	92,7491974541752
78980,00293	0,451326300000005	1,824140503	0,990212559870561	92,8788443482688
78990,00293	0,451773399999979	1,825797241	0,990064003521592	92,9631996435845
79000,00293	0,451594599999964	1,822156616	0,990143357049644	92,7778317718941
79010,00293	0,450611100000003	1,820779541	0,990208833610976	92,7077159368636
79020,00293	0,451177299999983	1,823775391	0,990274776204774	92,8602541242363
79030,00293	0,450253400000008	1,818123413	0,989782444907208	92,572475203666
79040,00293	0,450819699999954	1,820942505	0,990065958657794	92,7160134928717
79050,00293	0,450581299999953	1,820397217	0,990001507167872	92,6882493380855
79060,00293	0,451028299999962	1,819211182	0,990171392002659	92,6278605906314
79070,00293	0,452667399999996	1,830245117	0,990180798657961	93,1896699083503
79080,00293	0,452935699999955	1,834112671	0,989944972229445	93,386592209776
79090,00293	0,45225019999998	1,829637329	0,990157328022912	93,1587234725051
79100,00293	0,453561499999978	1,839387573	0,990021624569322	93,6551717413442
79110,00293	0,452726999999982	1,833296387	0,990041276938377	93,3450298879837
79120,00293	0,452399200000002	1,831162354	0,989972354136967	93,2363724032587
79130,00293	0,451743599999986	1,825233887	0,990111782850072	92,9345156313646
79140,00293	0,451415699999984	1,826651611	0,98996136437138	93,0067011710794
79150,00293	0,451117699999998	1,827360596	0,990049194489942	93,042800203666
79160,00293	0,450193799999965	1,821274048	0,990041835977322	92,7328945010183
79170,00293	0,451356099999998	1,827288696	0,990264065458625	93,0391393075356
79180,00293	0,452667399999996	1,83320874	0,99024236394682	93,340567209776
79190,00293	0,451862799999958	1,827130859	0,990208740604497	93,0311028004073
79200,00293	0,451117699999998	1,824527832	0,990225039739953	92,8985657841141
79210,00293	0,451922400000001	1,826571045	0,989886667167705	93,0025990325865
79220,00293	0,449925599999972	1,817802368	0,990026560913206	92,5561287169043
79230,00293	0,450611100000003	1,821601929	0,990323860624171	92,7495890529532
79240,00293	0,452071399999966	1,824907959	0,990256241913609	92,9179205193483
79250,00293	0,451981999999987	1,825233398	0,990008492654506	92,9344907331975
79260,00293	0,451505099999963	1,823299316	0,990101259116951	92,8360140529531
79270,00293	0,452309799999966	1,826300781	0,990110665772252	92,9888381364562
79280,00293	0,450611100000003	1,82206543	0,990222897590724	92,7731889002037
79290,00293	0,452756799999975	1,829834961	0,989884897044392	93,1687862016293
79300,00293	0,450819699999954	1,821697021	0,990143823082109	92,7544308044807
79310,00293	0,450819699999954	1,821428833	0,99007480727422	92,740775610998
79320,00293	0,450342899999953	1,818280151	0,990278222444852	92,5804557535642
79330,00293	0,451356099999998	1,821614502	0,990287257074236	92,7502292260693
79340,00293	0,450998499999969	1,819493774	0,99012892104398	92,642249185336
79350,00293	0,451266699999962	1,820883667	0,990163009418699	92,7130176680244
79360,00293	0,450581299999953	1,821918823	0,99004509620444	92,765724185336
79370,00293	0,450253400000008	1,820437988	0,989970118981258	92,6903252545825
79380,00293	0,451684	1,824003174	0,990232957291519	92,8718520366599
79390,00293	0,45225019999998	1,826194092	0,990160588250031	92,9834059063136
79400,00293	0,450998499999969	1,822653687	0,990216005110569	92,803140885947
79410,00293	0,451087900000005	1,821845215	0,989930256204274	92,7619763238289
79420,00293	0,450581299999953	1,820086914	0,990052453716991	92,672449796334
79430,00293	0,450491899999975	1,819838257	0,990011472862118	92,6597890529532
79440,00293	0,451981999999987	1,823938721	0,990221687506425	92,8685703156823
79450,00293	0,451594599999964	1,824602539	0,989917589321853	92,9023696028513
79460,00293	0,451415699999984	1,824212402	0,990073689196331	92,8825051934827
79470,00293	0,452726999999982	1,830232056	0,990234074369338	93,1890048879837
79480,00293	0,452816399999961	1,82989209	0,990112155876058	93,1716950101833
79490,00293	0,452190599999994	1,826458252	0,989840935981906	92,9968560081466
79500,00293	0,452667399999996	1,83192334	0,990143916088589	93,2751191446028
79510,00293	0,452518399999974	1,829002686	0,990156675977488	93,1264096741344
79520,00293	0,451087900000005	1,822684204	0,989980643714449	92,8046947046843
79530,00293	0,451773399999979	1,825986328	0,990056552002493	92,9728272912424
79540,00293	0,452905899999962	1,831249512	0,990139165757663	93,2408101832994
79550,00293	0,452190599999994	1,827867188	0,990022276614746	93,0685940936863
79560,00293	0,45225019999998	1,82863501	0,989902687283724	93,1076889002037
79570,00293	0,451862799999958	1,825791626	0,990056738015451	92,9629137474542
79580,00293	0,452339599999959	1,828553345	0,990222338551779	93,1035308044807
79590,00293	0,451773399999979	1,823546021	0,990168504801527	92,848575407332
79600,00293	0,452846299999976	1,830835449	0,990117837271845	93,2197275458249
79610,00293	0,452190599999994	1,827182373	0,990137023608434	93,033725712831
79620,00293	0,45201179999998	1,82623999	0,989975521357607	92,9857428716904
79630,00293	0,452488599999981	1,82865979	0,989991820493063	93,108950610998
79640,00293	0,453323099999977	1,834763916	0,99009604275356	93,4197513238289
79650,00293	0,451981999999987	1,825871704	0,990144196108096	92,9669910386965
79660,00293	0,452846299999976	1,830817749	0,990105729428369	93,2188263238289
79670,00293	0,45225019999998	1,827453369	0,990062419411237	93,0475238798371
79680,00293	0,452756799999975	1,830921997	0,99023593749913	93,2241342668024
79690,00293	0,452935699999955	1,833775513	0,990195049650736	93,369425305499
79700,00293	0,452309799999966	1,827255005	0,989864779642941	93,0374238798371
79710,00293	0,452726999999982	1,830793823	0,99032181148142	93,217608095723
79720,00293	0,452518399999974	1,828987793	0,990030566192228	93,1256513747454
79730,00293	0,452101199999959	1,826009033	0,990051149626144	92,9739833503055
79740,00293	0,452518399999974	1,830774536	0,989850249630729	93,2166260692464
79750,00293	0,452667399999996	1,832048462	0,989928486080961	93,2814899185336
79760,00293	0,452667399999996	1,832022461	0,989973193195419	93,2801660386965
79770,00293	0,452995299999998	1,835851929	0,990016875238467	93,4751491344195
79780,00293	0,452995299999998	1,834013306	0,990106846506188	93,381532892057
79790,00293	0,451266699999962	1,827717163	0,990043326081127	93,0609553462322
79800,00293	0,453174099999956	1,834734131	0,990184803936983	93,4182347759674
79810,00293	0,451654200000007	1,829309814	0,990010634803736	93,1420475560081
79820,00293	0,451922400000001	1,830832153	0,990066983729204	93,2195597250509
79830,00293	0,452339599999959	1,831225098	0,990054036827276	93,239567107943
79840,00293	0,452607799999953	1,833058228	0,990013801024306	93,3329036659878
79850,00293	0,452488599999981	1,831464111	0,990113738986343	93,2517368126273
79860,00293	0,45225019999998	1,829796387	0,989940128892041	93,1668221486762
79870,00293	0,450998499999969	1,825653442	0,990039134789147	92,9558779022403
79880,00293	0,452756799999975	1,832235596	0,990129759102362	93,2910181262729
79890,00293	0,451326300000005	1,826760986	0,989964903617937	93,0122701629328
79900,00293	0,452339599999959	1,826043823	0,99000271825224	92,9757547352342
79910,00293	0,452399200000002	1,828096313	0,990180333625565	93,0802603360489
79920,00293	0,452071399999966	1,828184448	0,990108057590557	93,0847478615071
79930,00293	0,451177299999983	1,825593018	0,98995298178742	92,9528013238289
79940,00293	0,451177299999983	1,82665332	0,990000389089982	93,0067881873727
79950,00293	0,453084699999977	1,830953857	0,989940687930985	93,2257564663951
79960,00293	0,452488599999981	1,828732544	0,989900358121466	93,1126549898167
79970,00293	0,45257799999996	1,829324951	0,990105729428369	93,1428182790224
79980,00293	0,451743599999986	1,829273926	0,990149504477896	93,1402202647658
79990,00293	0,452071399999966	1,826949341	0,990111596837113	93,0218605397149
80000,00293	0,452726999999982	1,830230469	0,989811503931564	93,1889240835031
80010,00293	0,452488599999981	1,828118286	0,990106195460834	93,0813791242362
80020,00293	0,451684	1,826675049	0,990084679961987	93,0078945519348
80030,00293	0,451862799999958	1,828414795	0,989885829109323	93,0964763238289
80040,00293	0,451445499999977	1,824693726	0,99004518921092	92,9070125254582
80050,00293	0,453323099999977	1,833909424	0,990239290732729	93,3762435845214
80060,00293	0,450819699999954	1,823102417	0,990071082014705	92,8259886456212
80070,00293	0,452339599999959	1,826742554	0,989840655962399	93,0113316700611
80080,00293	0,451236899999969	1,824069824	0,990140935880977	92,8752456211813
80090,00293	0,45225019999998	1,82614978	0,990251025550218	92,981149694501
80100,00293	0,452071399999966	1,824516724	0,990198774910251	92,898000203666
80110,00293	0,452905899999962	1,830561523	0,990378439426326	93,2057801934827
80120,00293	0,452607799999953	1,826989258	0,989920010490521	93,0238929735234
80130,00293	0,452846299999976	1,829768799	0,989961178358422	93,1654174643584
80140,00293	0,452518399999974	1,827652344	0,990213676948381	93,0576549898167
80150,00293	0,452071399999966	1,824998535	0,99010982771387	92,9225323319756
80160,00293	0,452726999999982	1,830337891	0,99007275813147	93,1943936354379
80170,00293	0,452160800000001	1,827108276	0,990136278556531	93,0299529531568
80180,00293	0,452071399999966	1,827155518	0,990236216518568	93,0323583503055
80190,00293	0,45090909999999	1,822991943	0,989859098247155	92,8203636965377
80200,00293	0,450819699999954	1,822355225	0,990002531239212	92,7879442464358
80210,00293	0,452309799999966	1,829191162	0,989888529297428	93,1360062118126
80220,00293	0,451743599999986	1,82870459	0,990091386429184	93,1112316700611
80230,00293	0,450670699999989	1,822260376	0,990154999860724	92,7831148676171
80240,00293	0,451028299999962	1,822273682	0,990005139420908	92,7837923625255
80250,00293	0,450819699999954	1,822813477	0,990030566192228	92,8112768329939
80260,00293	0,45090909999999	1,824915527	0,990242735972737	92,9183058553971
80270,00293	0,450760099999968	1,823014038	0,990188064164102	92,8214886965377
80280,00293	0,450938899999983	1,822833252	0,989961550384339	92,812283706721
80290,00293	0,450521699999967	1,821145142	0,990140283835553	92,7263310590631
80300,00293	0,451415699999984	1,82139502	0,990097998889832	92,7390539714868
80310,00293	0,450938899999983	1,822626221	0,990170460937798	92,801742413442
80320,00293	0,451087900000005	1,822562744	0,990096694798984	92,7985103869654
80330,00293	0,450670699999989	1,820927856	0,989982878870158	92,7152676171079
80340,00293	0,451356099999998	1,825790405	0,990016968244946	92,9628515784114
80350,00293	0,451981999999987	1,827172363	0,990275894282663	93,0332160386965
80360,00293	0,451922400000001	1,825968994	0,989948883501918	92,9719447046843
80370,00293	0,450491899999975	1,817774414	0,990084027916563	92,5547053971487
80380,00293	0,450998499999969	1,824787231	0,99030700244977	92,9117734725051
80390,00293	0,451415699999984	1,821833252	0,990159377165663	92,761367209776
80400,00293	0,450342899999953	1,821309326	0,990146431263805	92,7346907331976
80410,00293	0,449746799999957	1,816963135	0,990277011360483	92,5133979124236
80420,00293	0,450521699999967	1,820566528	0,990287629100153	92,6968700610998
80430,00293	0,449746799999957	1,815032104	0,989909951789795	92,4150765784114
80440,00293	0,450283299999967	1,81944458	0,990074528254783	92,6397443991853
80450,00293	0,450193799999965	1,819244995	0,990026281893768	92,6295822301426
80460,00293	0,450372700000003	1,821297607	0,989944040164514	92,7340940427699
80470,00293	0,450015000000008	1,817435059	0,990065772644836	92,5374266293279
80480,00293	0,450521699999967	1,820298462	0,990065027592933	92,6832210794297
80490,00293	0,450163999999972	1,817415283	0,990123052635165	92,5364197046843
80500,00293	0,45090909999999	1,822697632	0,990055992963548	92,8053784114053
80510,00293	0,450163999999972	1,81863916	0,990150994581702	92,5987352342159
80520,00293	0,451832999999965	1,822803223	0,990156396958051	92,8107547352342
80530,00293	0,449955399999965	1,817682495	0,990211441792672	92,550025203666
80540,00293	0,449955399999965	1,817140747	0,989914236088255	92,522441293279
80550,00293	0,450015000000008	1,819579468	0,990023860725101	92,6466124236252
80560,00293	0,450432299999989	1,821423096	0,990115881135573	92,740483503055
80570,00293	0,450819699999954	1,823191162	0,990148945438951	92,8305072301426
80580,00293	0,449746799999957	1,816337646	0,989944692209938	92,481550203666
80590,00293	0,451445499999977	1,823457397	0,989786822212147	92,8440629837067
80600,00293	0,450104399999987	1,817990356	0,989958756189685	92,565700407332
80610,00293	0,450849500000004	1,81919397	0,989973658227815	92,6269842158859
80620,00293	0,449627599999985	1,814211792	0,990095297701657	92,3733091649695
80630,00293	0,449418999999978	1,813744019	0,990119513388609	92,349491802444
80640,00293	0,449418999999978	1,8154021	0,990087753176078	92,4339154786151
80650,00293	0,449538200000006	1,816125244	0,990192814495027	92,4707354378819
80660,00293	0,449269999999956	1,813366821	0,98998371792861	92,3302862016293
80670,00293	0,449627599999985	1,815710205	0,990286418015785	92,4496031059063
80680,00293	0,450760099999968	1,821019897	0,990101072103923	92,7199540224033
80690,00293	0,449836199999993	1,8163302	0,990232398252574	92,4811710794297
80700,00293	0,449597799999992	1,815480225	0,990199240942716	92,4378933299389
80710,00293	0,449955399999965	1,815741211	0,989979526636629	92,4511818228106
80720,00293	0,451505099999963	1,820375732	0,990152764705015	92,6871553971487
80730,00293	0,450432299999989	1,817105103	0,990054223840304	92,5206264256619
80740,00293	0,449776600000007	1,815359741	0,990171578015618	92,431758706721
80750,00293	0,449776600000007	1,81555249	0,989941618995847	92,4415728105906
80760,00293	0,450491899999975	1,818664307	0,990246462232321	92,6000156313646
80770,00293	0,451087900000005	1,820637085	0,990030939218214	92,7004625763747
80780,00293	0,450760099999968	1,817932617	0,989926343931731	92,5627605397149
80790,00293	0,449418999999978	1,81246521	0,989927274996592	92,2843793279022
80800,00293	0,450253400000008	1,818753296	0,98992327071764	92,6045466395112
80810,00293	0,450283299999967	1,819208008	0,990074062222317	92,6276989816701
80820,00293	0,450432299999989	1,818542603	0,990048821463956	92,5938188900204
80830,00293	0,449925599999972	1,817002197	0,989790547471662	92,5153868126273
80840,00293	0,450372700000003	1,815813843	0,98999219351905	92,4548799898167
80850,00293	0,451177299999983	1,818052246	0,989966579734701	92,5688516293279
80860,00293	0,450849500000004	1,817812256	0,990217775233882	92,5566321792261
80870,00293	0,45090909999999	1,82038623	0,990063630495606	92,6876899185336
80880,00293	0,451743599999986	1,823583496	0,990030939218214	92,850483503055
80890,00293	0,449776600000007	1,81490686	0,99008542501389	92,408699592668
80900,00293	0,45090909999999	1,817482788	0,990170087911812	92,5398568228106
80910,00293	0,450372700000003	1,816781372	0,990042302009787	92,5041431771894
80920,00293	0,451564799999971	1,821251465	0,990102749220757	92,7317446537678
80930,00293	0,449538200000006	1,812563477	0,989885549089816	92,2893827393075
80940,00293	0,450253400000008	1,814768799	0,990280271587602	92,4016700101833
80950,00293	0,450372700000003	1,814697021	0,990194117585805	92,3980153258656
80960,00293	0,45090909999999	1,81617041	0,990097253837929	92,4730351323829
80970,00293	0,450581299999953	1,818361816	0,990211441792672	92,5846138492872
80980,00293	0,450819699999954	1,817796143	0,990091479435663	92,5558117617108
80990,00293	0,450074599999994	1,817637695	0,989920383516507	92,5477441446028
81000,00293	0,451266699999962	1,820694458	0,990034198445264	92,703383808554
81010,00293	0,449746799999957	1,814006714	0,990101259116951	92,362867311609
81020,00293	0,449955399999965	1,816702148	0,989909206737892	92,5001093686354
81030,00293	0,451236899999969	1,820890991	0,990069125878434	92,7133905804481
81040,00293	0,450581299999953	1,81946582	0,989948883501918	92,6408258655805
81050,00293	0,450372700000003	1,819005371	0,990055527931152	92,6173814154786
81060,00293	0,45090909999999	1,821428223	0,989877818551279	92,7407445519348
81070,00293	0,451862799999958	1,824796143	0,989933608437802	92,9122272403259
81080,00293	0,450163999999972	1,818149902	0,990234074369338	92,5738239307536
81090,00293	0,450521699999967	1,819152466	0,990127150920667	92,6248709775967
81100,00293	0,451594599999964	1,822824463	0,990098650935256	92,8118362016293
81110,00293	0,451832999999965	1,823577881	0,989843357150574	92,8501976069247
81120,00293	0,452071399999966	1,824665283	0,990184524917545	92,9055643075356
81130,00293	0,451743599999986	1,823476074	0,990157980068336	92,8450139511202
81140,00293	0,450700499999982	1,820861816	0,990464872447561	92,7119050916497
81150,00293	0,451862799999958	1,823449219	0,989951957716079	92,8436465885947
81160,00293	0,451654200000007	1,82178833	0,990105263395903	92,7590799389002
81170,00293	0,450372700000003	1,818900879	0,990147548341624	92,6120610488798
81180,00293	0,451236899999969	1,821539673	0,989902221251258	92,7464191955194
81190,00293	0,450700499999982	1,82044397	0,990133019329481	92,6906298370672
81200,00293	0,449925599999972	1,816052979	0,990038482743723	92,4670559572301
81210,00293	0,450670699999989	1,821075684	0,990223363623189	92,7227945010183
81220,00293	0,450521699999967	1,819173218	0,989959129215671	92,6259275967413
81230,00293	0,451505099999963	1,822401733	0,99013106319321	92,7903122708758
81240,00293	0,450700499999982	1,81799353	0,990208647598018	92,5658620162933
81250,00293	0,450998499999969	1,81892981	0,990084679961987	92,613534114053
81260,00293	0,450193799999965	1,817470337	0,990112714915003	92,5392228615071
81270,00293	0,451684	1,821106323	0,989958477170247	92,7243545315682
81280,00293	0,451266699999962	1,819347046	0,990268628776522	92,6347783095723
81290,00293	0,45201179999998	1,826095337	0,990292472437557	92,9783776476578
81300,00293	0,451743599999986	1,824440308	0,989852671799465	92,8941093686354
81310,00293	0,45090909999999	1,822624268	0,990121004492484	92,8016429735234
81320,00293	0,452101199999959	1,825463623	0,990225132746433	92,9462129837067
81330,00293	0,451266699999962	1,82286084	0,990011100836201	92,8136883910387
81340,00293	0,452071399999966	1,824735229	0,989883872973051	92,909125712831
81350,00293	0,450760099999968	1,822098145	0,989838700826197	92,7748546334012
81360,00293	0,451564799999971	1,823187012	0,989930069191246	92,8302959266803
81370,00293	0,452399200000002	1,825198486	0,98973987994198	92,9327131364562
81380,00293	0,450760099999968	1,820362427	0,989932398353503	92,6864779531568
81390,00293	0,451415699999984	1,821509033	0,989950466612203	92,744859114053
81400,00293	0,451326300000005	1,819975586	0,990141959952317	92,6667813645621
81410,00293	0,450938899999983	1,82068335	0,990137489640899	92,7028182281059
81420,00293	0,451832999999965	1,823993896	0,990045003197961	92,8713796334012
81430,00293	0,451445499999977	1,823984253	0,989955961995032	92,8708886456212
81440,00293	0,452756799999975	1,830954468	0,990295545651648	93,2257875763748
81450,00293	0,453233699999998	1,834442749	0,990209020624004	93,4033986252546
81460,00293	0,452905899999962	1,832714722	0,990169528872867	93,3154135437882
81470,00293	0,451564799999971	1,825310913	0,989987443188124	92,9384375254582
81480,00293	0,45090909999999	1,823881714	0,989939755866054	92,8656677189409
81490,00293	0,452399200000002	1,829125488	0,989937241690908	93,1326623217923
81500,00293	0,452101199999959	1,829348511	0,990233981362859	93,1440178716904
81510,00293	0,451981999999987	1,827046509	0,990139352770692	93,02680799389
81520,00293	0,45257799999996	1,830803345	0,990117092219941	93,2180929226069
81530,00293	0,451445499999977	1,827256836	0,989813087041849	93,037517107943
81540,00293	0,452667399999996	1,831068726	0,989834788553654	93,2316051934827
81550,00293	0,451087900000005	1,825495361	0,989999737044559	92,9478289714868
81560,00293	0,452518399999974	1,832447388	0,990102749220757	93,3018018329939
81570,00293	0,451415699999984	1,827379639	0,990160867269469	93,0437698065173
81580,00293	0,451594599999964	1,827804565	0,990271982010121	93,0654055498982
81590,00293	0,452607799999953	1,831873413	0,990221687506425	93,2725770366599
81600,00293	0,452071399999966	1,829477783	0,990114484038246	93,1505999490835
81610,00293	0,453233699999998	1,836483521	0,99030597737836	93,507307586558
81620,00293	0,452488599999981	1,8310896	0,990097625863845	93,2326680244399
81630,00293	0,452101199999959	1,829481323	0,989896539855472	93,1507801934827
81640,00293	0,452726999999982	1,832792114	0,990053478788401	93,3193540733198
81650,00293	0,451743599999986	1,827040649	0,990092317494045	93,0265096232179
81660,00293	0,451415699999984	1,829370972	0,990384213828592	93,1451615071283
81670,00293	0,452339599999959	1,829359619	0,990090827390239	93,1445834521385
81680,00293	0,452309799999966	1,827912842	0,990023673712073	93,0709186354379
81690,00293	0,450938899999983	1,824393921	0,990310075663861	92,8917475050916
81700,00293	0,451564799999971	1,824071899	0,989989957363271	92,8753512729124
81710,00293	0,451594599999964	1,825390137	0,990284089853596	92,9424713340122
81720,00293	0,451981999999987	1,826143188	0,99021898631825	92,9808140529531
81730,00293	0,450372700000003	1,821786621	0,990065213605891	92,7589929226069
81740,00293	0,451654200000007	1,825619507	0,990049194489942	92,9541500509165
81750,00293	0,451266699999962	1,823739136	0,989810385853675	92,8584081466395
81760,00293	0,451236899999969	1,824721313	0,990198774910251	92,9084171588595
81770,00293	0,451326300000005	1,826630005	0,990174093190834	93,0056010692464
81780,00293	0,450938899999983	1,8225802	0,990442984922798	92,799399185336
81790,00293	0,451356099999998	1,824751465	0,990064841579974	92,9099523930754
81800,00293	0,451564799999971	1,823900635	0,990072292099004	92,8666311099796
81810,00293	0,450193799999965	1,819359985	0,99002926210138	92,6354371181263
81820,00293	0,450253400000008	1,819204224	0,990113459966906	92,6275063136456
81830,00293	0,452607799999953	1,828927612	0,990120631466498	93,1225871690428
81840,00293	0,451743599999986	1,826302124	0,989851925747493	92,9889065173116
81850,00293	0,45201179999998	1,824826538	0,989899986095549	92,9137748472505
81860,00293	0,450760099999968	1,823194946	0,990011379855639	92,830699898167
81870,00293	0,450938899999983	1,823386108	0,990145220179436	92,840433197556
81880,00293	0,451564799999971	1,823064941	0,990065958657794	92,8240804989817
81890,00293	0,452488599999981	1,828560791	0,989971609085064	93,1039099287169
81900,00293	0,45257799999996	1,832045898	0,990322090500858	93,2813593686354
81910,00293	0,450491899999975	1,820456421	0,98981616125601	92,6912637983707
81920,00293	0,452399200000002	1,828770752	0,989981295759872	93,114600407332
81930,00293	0,451832999999965	1,827242798	0,990217868240361	93,0368023421589
81940,00293	0,450819699999954	1,823446655	0,989907157595142	92,8435160386965
81950,00293	0,451564799999971	1,824426025	0,989948883501918	92,8933821283096
81960,00293	0,450819699999954	1,823533325	0,989839817904017	92,8479289714868
81970,00293	0,452071399999966	1,827132813	0,990084493949029	93,0312022912424
81980,00293	0,452071399999966	1,826418213	0,990047145347191	92,9948173625255
81990,00293	0,451177299999983	1,824927124	0,990016409206001	92,9188963340122
82000,00293	0,45225019999998	1,825869629	0,990042861048732	92,9668853869654
82010,00293	0,452667399999996	1,830049927	0,989992751557925	93,1797315173116
82020,00293	0,452101199999959	1,828360229	0,989955216943128	93,0936980142566
82030,00293	0,451981999999987	1,828974243	0,990245437160911	93,1249614562118
82040,00293	0,451117699999998	1,825503296	0,98997729148092	92,94823299389
82050,00293	0,451177299999983	1,823668579	0,989908181666482	92,8548156313646
82060,00293	0,451684	1,825200073	0,990229511051441	92,9327939409369
82070,00293	0,451415699999984	1,825648193	0,990162637392782	92,9556106415479
82080,00293	0,451743599999986	1,827865601	0,990003370297664	93,0685132892057
82090,00293	0,451832999999965	1,825975952	0,990186853079734	92,9722989816701
82100,00293	0,452190599999994	1,828331787	0,989859377266592	93,0922498472505
82110,00293	0,452935699999955	1,834051392	0,989854719942146	93,3834720977597
82120,00293	0,452339599999959	1,829649902	0,990179681580141	93,1593636456212
82130,00293	0,451922400000001	1,828466431	0,989771920174017	93,0991054480652
82140,00293	0,451087900000005	1,827781006	0,990288095132619	93,0642060081466
82150,00293	0,450253400000008	1,82069165	0,989982692857199	92,7032408350306
82160,00293	0,451773399999979	1,82962793	0,989845034267408	93,1582449083503
82170,00293	0,452101199999959	1,828613892	0,990003183284636	93,1066136456212
82180,00293	0,450491899999975	1,82312146	0,990137023608434	92,8269582484725
82190,00293	0,451832999999965	1,829210693	0,990055061898687	93,1370006619145
82200,00293	0,452160800000001	1,828394531	0,989977104467892	93,0954445519348
82210,00293	0,450521699999967	1,823082275	0,990239755765125	92,8249630855397
82220,00293	0,452399200000002	1,829063354	0,990282413736832	93,1294986761711
82230,00293	0,450700499999982	1,824073608	0,990074993287179	92,8754382892057
82240,00293	0,452667399999996	1,830319336	0,989943295112611	93,1934488798371
82250,00293	0,452190599999994	1,827751709	0,990043885120072	93,0627143075356
82260,00293	0,452101199999959	1,828294556	0,990093434571865	93,0903541751527
82270,00293	0,452339599999959	1,830314697	0,989869342960839	93,1932126782077
82280,00293	0,451981999999987	1,827011597	0,990046586308247	93,0250303971487
82290,00293	0,452160800000001	1,82898877	0,990074341241755	93,1257011201629
82300,00293	0,451028299999962	1,825942383	0,990095111688699	92,9705897657841
82310,00293	0,452160800000001	1,828638428	0,989891510505109	93,1078629327902
82320,00293	0,450938899999983	1,824724243	0,99016077426299	92,9085663441955
82330,00293	0,451922400000001	1,82694043	0,990480240518156	93,0214068228106
82340,00293	0,452488599999981	1,828826294	0,990150808568743	93,1174284114053
82350,00293	0,45201179999998	1,826841919	0,989894862738638	93,01639098778
82360,00293	0,452905899999962	1,833362671	0,990127430940174	93,3484048370672
82370,00293	0,45225019999998	1,829306152	0,990033174373923	93,1418610997963
82380,00293	0,451505099999963	1,826784668	0,990132180271029	93,0134759674134
82390,00293	0,45201179999998	1,827298096	0,990121004492484	93,0396179226069
82400,00293	0,451028299999962	1,826181885	0,990137582647378	92,9827843686354
82410,00293	0,451505099999963	1,828613037	0,990090361357774	93,1065701120163
82420,00293	0,451266699999962	1,826232666	0,989824449833422	92,9853699592668
82430,00293	0,450938899999983	1,823055664	0,99004304706169	92,8236081466395
82440,00293	0,450521699999967	1,821671509	0,990133298348919	92,7531318228106
82450,00293	0,451326300000005	1,823854492	0,989755061999616	92,8642816700611
82460,00293	0,453174099999956	1,833387817	0,990220941454452	93,3496851832994
82470,00293	0,453054899999984	1,833672363	0,990038203724286	93,3641732688391
82480,00293	0,452905899999962	1,832926025	0,990102469201249	93,3261723523422
82490,00293	0,451862799999958	1,82564209	0,989994055648772	92,955299898167
82500,00293	0,452428999999995	1,828788696	0,99018294180726	93,1155140529531
82510,00293	0,452339599999959	1,828825684	0,990347703285136	93,1173973523422
82520,00293	0,452995299999998	1,83278479	0,990049194489942	93,3189811608961
82530,00293	0,45257799999996	1,829203491	0,990069963936816	93,1366339613035
82540,00293	0,453412499999956	1,83382959	0,989898682004702	93,3721787169043
82550,00293	0,452339599999959	1,828109863	0,990082909838674	93,0809502545825
82560,00293	0,451564799999971	1,826877808	0,989984089954526	93,0182183299389
82570,00293	0,453084699999977	1,833941406	0,990103028240194	93,3778719959267
82580,00293	0,451177299999983	1,824436646	0,989940500917957	92,8939229124236
82590,00293	0,452846299999976	1,829542603	0,989877073499376	93,1539003564155
82600,00293	0,452309799999966	1,826949707	0,990086822111217	93,0218791751527
82610,00293	0,45225019999998	1,827074341	0,990167200710679	93,028225101833
82620,00293	0,452756799999975	1,831026978	0,990144382121054	93,2294795315682
82630,00293	0,452399200000002	1,828635376	0,990066424690259	93,1077075356415
82640,00293	0,452101199999959	1,827283569	0,990153695769876	93,0388782586558
82650,00293	0,453263499999991	1,832771606	0,990266207607855	93,3183098778004
82660,00293	0,452667399999996	1,830644897	0,990104984376466	93,210025305499
82670,00293	0,452905899999962	1,830730347	0,989984928012908	93,2143761201629
82680,00293	0,452667399999996	1,829858887	0,990099302980679	93,1700044297352
82690,00293	0,453323099999977	1,833740601	0,989960898338915	93,3676477087576
82700,00293	0,453323099999977	1,834372314	0,990067542768149	93,3998123217923
82710,00293	0,452399200000002	1,828051392	0,990287070061208	93,0779731160896
82720,00293	0,453144299999963	1,832721069	0,990006629524714	93,3157367107943
82730,00293	0,452816399999961	1,831741821	0,989924387795459	93,2658768329939
82740,00293	0,450938899999983	1,823633911	0,990102656214278	92,8530504582485
82750,00293	0,453323099999977	1,831912109	0,990090827390239	93,2745473014257
82760,00293	0,451594599999964	1,824952515	0,990095856740602	92,9201891547862
82770,00293	0,45201179999998	1,829072632	0,989892255557012	93,1299710794297
82780,00293	0,452071399999966	1,824550903	0,989999644038079	92,8997404786151
82790,00293	0,451326300000005	1,824634766	0,990175769307598	92,9040104887984
82800,00293	0,451684	1,82784082	0,990040066854078	93,0672515274949
82810,00293	0,452339599999959	1,828428833	0,98995400585876	93,097191089613
82820,00293	0,451981999999987	1,828964355	0,990063816508564	93,12445799389
82830,00293	0,453054899999984	1,832036377	0,989971609085064	93,280874592668
82840,00293	0,451445499999977	1,825822754	0,989897191900896	92,9644986761711
82850,00293	0,451862799999958	1,824494019	0,990107964584078	92,8968441446029
82860,00293	0,450581299999953	1,823131958	0,99017027492484	92,8274927698574
82870,00293	0,453472099999999	1,835490112	0,990024418763976	93,4567266802444
82880,00293	0,452399200000002	1,829044067	0,989921966626792	93,1285166496945
82890,00293	0,452488599999981	1,828927612	0,990002252219775	93,1225871690428
82900,00293	0,452607799999953	1,830769287	0,990143544062672	93,216358808554
82910,00293	0,452160800000001	1,829235107	0,989909671770288	93,1382437372709
82920,00293	0,45201179999998	1,829930908	0,989903990374502	93,1736714867617
82930,00293	0,451028299999962	1,823907471	0,990192441469041	92,8669791751527
82940,00293	0,45201179999998	1,828438599	0,990175117262174	93,0976883401222
82950,00293	0,45201179999998	1,825559692	0,990266207607855	92,9511044806517
82960,00293	0,451236899999969	1,825718994	0,990209206636963	92,9592155804481
82970,00293	0,452756799999975	1,828718384	0,99000271825224	93,11193401222
82980,00293	0,450938899999983	1,824093872	0,99002814502356	92,8764700610998
82990,00293	0,451356099999998	1,82683252	0,990140283835553	93,0159124236253
83000,00293	0,452518399999974	1,829871338	0,990131342212647	93,1706383910387
83010,00293	0,451832999999965	1,825248657	0,989813646080794	92,9352676680244
83020,00293	0,452071399999966	1,829416748	0,989842426085712	93,1474922606925
83030,00293	0,450670699999989	1,822056519	0,989904642419925	92,7727351832994
83040,00293	0,452160800000001	1,825980103	0,990269001802509	92,9725103360489
83050,00293	0,451594599999964	1,822819092	0,990028797068984	92,8115627291242
83060,00293	0,451922400000001	1,825013794	0,990089337286433	92,9233092668024
83070,00293	0,452428999999995	1,830629761	0,990144941159999	93,2092546334012
83080,00293	0,451326300000005	1,828602783	0,990116999213462	93,1060480142566
83090,00293	0,452935699999955	1,833229736	0,98992429478898	93,3416362525458
83100,00293	0,452399200000002	1,829911377	0,989863382545614	93,1726770366599
83110,00293	0,450283299999967	1,820607178	0,990112714915003	92,6989398167006
83120,00293	0,450700499999982	1,823111572	0,989923922763064	92,8264547861507
83130,00293	0,450521699999967	1,821228638	0,990137023608434	92,7305823828921
83140,00293	0,451028299999962	1,823261963	0,990328051916152	92,8341121690428
83150,00293	0,450253400000008	1,819185303	0,990046586308247	92,6265429226069
83160,00293	0,450193799999965	1,818275513	0,990275335243719	92,5802196028513
83170,00293	0,450581299999953	1,820598022	0,990096508786026	92,6984736252546
83180,00293	0,451028299999962	1,824089966	0,989893652654339	92,8762711812627
83190,00293	0,450581299999953	1,82210791	0,990166921691241	92,7753518329939
83200,00293	0,450432299999989	1,81891333	0,989889740381796	92,6126950101833
83210,00293	0,450193799999965	1,817654053	0,990229231031934	92,5485770366599
83220,00293	0,450998499999969	1,821809082	0,989875862415007	92,7601365580448
83230,00293	0,450521699999967	1,819765869	0,989940314904999	92,6561033095723
83240,00293	0,451445499999977	1,822661865	0,990124729751999	92,8035572810591
83250,00293	0,450581299999953	1,820941162	0,990086170065793	92,7159451120163
83260,00293	0,450849500000004	1,817009644	0,990148200387048	92,51576598778
83270,00293	0,451236899999969	1,823594727	0,990176235340064	92,8510553462322
83280,00293	0,450998499999969	1,816804077	0,990006443511755	92,5052992362525
83290,00293	0,449925599999972	1,816014648	0,989989957363271	92,4651042769857
83300,00293	0,450670699999989	1,820777832	0,989929138126384	92,7076289205703
83310,00293	0,450104399999987	1,818210083	0,99021479502627	92,5768881364562
83320,00293	0,452518399999974	1,828706421	0,990349846434436	93,111324898167
83330,00293	0,451326300000005	1,819881958	0,990062792437224	92,6620141547862
83340,00293	0,449955399999965	1,81688855	0,990051149626144	92,509600305499
83350,00293	0,449508399999957	1,813339355	0,990271050945259	92,3288877291242
83360,00293	0,450283299999967	1,818067993	0,989961550384339	92,5696534114053
83370,00293	0,449925599999972	1,814750366	0,990134509433287	92,4007314663951
83380,00293	0,450342899999953	1,816705688	0,989970585013723	92,5002896130346
83390,00293	0,449776600000007	1,814407104	0,989958756189685	92,3832537678208
83400,00293	0,450074599999994	1,816166992	0,989973379208377	92,4728610997963
83410,00293	0,451505099999963	1,821448975	0,990057949099819	92,7418011710794
83420,00293	0,450521699999967	1,819291626	0,99024553016739	92,6319565173116
83430,00293	0,450521699999967	1,820467651	0,990073503183373	92,6918355906314
83440,00293	0,449776600000007	1,8150271	0,989964903617937	92,4148217922607
83450,00293	0,449925599999972	1,816720947	0,990280364594081	92,5010665478615
83460,00293	0,450372700000003	1,818571533	0,990198401884265	92,595291904277
83470,00293	0,450491899999975	1,817628418	0,990009796745353	92,5472717922607
83480,00293	0,450700499999982	1,821797852	0,990211068766685	92,7595647657841
83490,00293	0,450581299999953	1,81975769	0,990015757160577	92,6556868635438
83500,00293	0,451236899999969	1,82012561	0,990090547370732	92,6744200610998
83510,00293	0,451087900000005	1,82053479	0,990103773292097	92,6952540733197
83520,00293	0,449925599999972	1,815261108	0,990198401884265	92,4267366598778
83530,00293	0,450163999999972	1,815645752	0,98993062823019	92,4463213849287
83540,00293	0,449925599999972	1,81581311	0,989935192548157	92,4548426680244
83550,00293	0,450849500000004	1,82132666	0,990030566192228	92,7355733197556
83560,00293	0,449865999999986	1,816374268	0,99001333599191	92,4834148676171
83570,00293	0,450342899999953	1,819436646	0,990391292321705	92,6393404276986
83580,00293	0,450342899999953	1,817866333	0,990090547370732	92,5593855906314
83590,00293	0,450253400000008	1,817458008	0,990186946086213	92,5385951120163
83600,00293	0,451326300000005	1,821606934	0,990040811905981	92,7498438900204
83610,00293	0,450670699999989	1,818222656	0,990205946409843	92,5775283095723
83620,00293	0,451266699999962	1,821763062	0,990232957291519	92,7577933808554
83630,00293	0,451743599999986	1,821952515	0,990106846506188	92,7674396639511
83640,00293	0,451326300000005	1,820761963	0,990328051916152	92,7068209266803
83650,00293	0,449955399999965	1,816939819	0,990049846535366	92,5122107433808
83660,00293	0,450163999999972	1,817806885	0,990029728133846	92,556358706721
83670,00293	0,451594599999964	1,821339478	0,99029964393715	92,7362259674134
83680,00293	0,450611100000003	1,818311157	0,990058415132285	92,5820344704684
83690,00293	0,450700499999982	1,818508423	0,990234633408283	92,5920785641548
83700,00293	0,451743599999986	1,824924805	0,989993403603348	92,9187782586558
83710,00293	0,451564799999971	1,82455188	0,990222152538821	92,8997902240326
83720,00293	0,451862799999958	1,823306763	0,990097439850887	92,8363932281059
83730,00293	0,452190599999994	1,825682861	0,99003876276323	92,9573758146639
83740,00293	0,451028299999962	1,821431274	0,990155837919106	92,740899898167
83750,00293	0,451445499999977	1,822072876	0,990029355107859	92,7735680244399
83760,00293	0,452399200000002	1,826988647	0,9900992099742	93,0238618635438
83770,00293	0,451773399999979	1,825278687	0,990416533080067	92,9367966904277
83780,00293	0,451087900000005	1,823100952	0,99005152265213	92,8259140529532
83790,00293	0,452190599999994	1,826893188	0,990479402459774	93,0190014256619
83800,00293	0,451654200000007	1,823222534	0,990398464821367	92,8321045824847
83810,00293	0,451743599999986	1,824685547	0,990248418368593	92,9065960794297
83820,00293	0,451773399999979	1,825263916	0,99013097018673	92,9360446028513
83830,00293	0,451862799999958	1,825331177	0,990266207607855	92,9394692973523
83840,00293	0,452428999999995	1,829522339	0,989940407911478	93,1528685845214
83850,00293	0,451922400000001	1,824988159	0,989944133170993	92,9220040224033
83860,00293	0,451087900000005	1,823210815	0,990208088559073	92,831507892057
83870,00293	0,452518399999974	1,829744995	0,990087195137203	93,1642054480652
83880,00293	0,451117699999998	1,823682617	0,989974031253801	92,8555303971487
83890,00293	0,452071399999966	1,828081909	0,990321066429517	93,0795269348269
83900,00293	0,451594599999964	1,827316528	0,990237986641881	93,0405564154786
83910,00293	0,452071399999966	1,827593628	0,989983903941568	93,0546653767821
83920,00293	0,451654200000007	1,824201904	0,99013739663442	92,8819706720978
83930,00293	0,452846299999976	1,830791382	0,990161240295455	93,217483808554
83940,00293	0,450342899999953	1,820197144	0,989989585337354	92,6780623217923
83950,00293	0,451564799999971	1,825055054	0,990112900927961	92,9254100814664
83960,00293	0,450998499999969	1,822055054	0,990038482743723	92,7726605906314
83970,00293	0,45201179999998	1,824284546	0,990113366960427	92,8861785132383
83980,00293	0,451684	1,824880005	0,989859936305537	92,9164971995927
83990,00293	0,451773399999979	1,825909668	0,989874652330708	92,9689240325866
84000,00293	0,451326300000005	1,822973755	0,990035316523153	92,8194376272912
84010,00293	0,450253400000008	1,819806274	0,989926064912293	92,6581605906314
84020,00293	0,452190599999994	1,827228394	0,989854440922709	93,0360689409369
84030,00293	0,452101199999959	1,826739014	0,989967604806111	93,0111514256619
84040,00293	0,452488599999981	1,831047485	0,990213862961339	93,2305236761711
84050,00293	0,450760099999968	1,825161499	0,989834881560134	92,9308298879837
84060,00293	0,451356099999998	1,823108887	0,990236868563992	92,8263180753564
84070,00293	0,452160800000001	1,830442261	0,989930256204274	93,199707790224
84080,00293	0,451743599999986	1,828015137	0,990065679638356	93,0761271384929
84090,00293	0,451266699999962	1,825528687	0,990148852432472	92,9495258146639
84100,00293	0,45090909999999	1,826111694	0,989998339947232	92,9792104887984
84110,00293	0,450611100000003	1,823413208	0,989989399324396	92,8418130346232
84120,00293	0,451981999999987	1,828581177	0,990126964907708	93,1049479124236
84130,00293	0,452428999999995	1,829939697	0,99009604275356	93,1741189918534
84140,00293	0,449865999999986	1,821159912	0,990149132451979	92,727083095723
84150,00293	0,451266699999962	1,822141479	0,990069777923858	92,7770610488798
84160,00293	0,450283299999967	1,822591431	0,990254378783817	92,7999710285132
84170,00293	0,451117699999998	1,826325439	0,990094459643275	92,9900936354379
84180,00293	0,452101199999959	1,829443604	0,99003773769182	93,1488596741344
84190,00293	0,450611100000003	1,823915161	0,990043419087607	92,8673707230142
84200,00293	0,451236899999969	1,822785889	0,990050684593748	92,8098721486762
84210,00293	0,449687199999971	1,817688721	0,989889926394754	92,550342209776
84220,00293	0,449448799999971	1,816848633	0,990073689196331	92,5075678716904
84230,00293	0,450193799999965	1,820978882	0,990222525564807	92,717865682281
84240,00293	0,449955399999965	1,819547363	0,989810013827758	92,6449777494908
84250,00293	0,449865999999986	1,818541992	0,989864499623434	92,5937877800407
84260,00293	0,449687199999971	1,818209961	0,990219172331209	92,5768819246436
84270,00293	0,450163999999972	1,819953247	0,990080302657048	92,6656439409369
84280,00293	0,449746799999957	1,817641235	0,990136465569559	92,547924389002
84290,00293	0,450849500000004	1,822134888	0,989925132847362	92,7767254582485
84300,00293	0,449925599999972	1,820381226	0,990078346520777	92,6874351323829
84310,00293	0,449627599999985	1,818551392	0,989995825772085	92,594266395112
84320,00293	0,450611100000003	1,822924072	0,990204922338503	92,8169079429735
84330,00293	0,450670699999989	1,822949097	0,990152484685508	92,8181821283096
84340,00293	0,450074599999994	1,819861328	0,990036992639917	92,6609637474542
84350,00293	0,449597799999992	1,81859729	0,989988002227069	92,5966033604888
84360,00293	0,449627599999985	1,817118408	0,990024698783483	92,5213038696538
84370,00293	0,449746799999957	1,819994019	0,989973845240843	92,6677199083503
84380,00293	0,45090909999999	1,821417847	0,989932491359983	92,7402162423625
84390,00293	0,449776600000007	1,816843018	0,990003090278157	92,5072819755601
84400,00293	0,449836199999993	1,817875977	0,990109920720349	92,5598766293279
84410,00293	0,450104399999987	1,819837402	0,990185735001844	92,6597455193483
84420,00293	0,450163999999972	1,819646362	0,990080861695993	92,6500184317719
84430,00293	0,449776600000007	1,818403809	0,990026002874331	92,5867519857434
84440,00293	0,450491899999975	1,818151611	0,990147921367611	92,5739109470468
84450,00293	0,449329599999999	1,816035889	0,990140376842032	92,4661857942973
84460,00293	0,449538200000006	1,818435303	0,990132180271029	92,5883555498982
84470,00293	0,449538200000006	1,816858032	0,990050777600227	92,5080464358452
84480,00293	0,449746799999957	1,819084351	0,990068846858996	92,6214028004073
84490,00293	0,450163999999972	1,822573608	0,990214981039228	92,7990635437882
84500,00293	0,449746799999957	1,819286133	0,990165896619831	92,6316768329939
84510,00293	0,450104399999987	1,8229646	0,990125381797423	92,8189714867617
84520,00293	0,449746799999957	1,818394653	0,989976359415989	92,5862857942973
84530,00293	0,449687199999971	1,819737427	0,989877911557758	92,6546551425662
84540,00293	0,451505099999963	1,826820068	0,989986325110235	93,0152784114053
84550,00293	0,449865999999986	1,820907837	0,990104425337521	92,7142483197556
84560,00293	0,449925599999972	1,821417969	0,990345003097032	92,7402224541752
84570,00293	0,449538200000006	1,817706787	0,990059253190667	92,5512620672098
84580,00293	0,449687199999971	1,818088989	0,990017899309807	92,5707224541752
84590,00293	0,450193799999965	1,819579468	0,990048821463956	92,6466124236252
84600,00293	0,451654200000007	1,828891357	0,99011401900585	93,120741191446
84610,00293	0,449508399999957	1,819495972	0,989963320507652	92,6423610997963
84620,00293	0,449746799999957	1,819074585	0,989919731471083	92,6209055498982
84630,00293	0,449508399999957	1,820080933	0,990258570075797	92,6721452647658
84640,00293	0,450611100000003	1,821820435	0,990165151567928	92,7607146130346
84650,00293	0,451087900000005	1,822240234	0,990150994581702	92,7820893075356
84660,00293	0,451564799999971	1,827796509	0,990172510080549	93,0649953665988
84670,00293	0,450521699999967	1,828413208	0,990152484685508	93,0963955193483
84680,00293	0,450283299999967	1,82428186	0,990198588897293	92,8860417515275
84690,00293	0,449091199999998	1,81406189	0,98986813187647	92,3656766802444
84700,00293	0,449091199999998	1,815877563	0,990179402560704	92,458124389002
84710,00293	0,449091199999998	1,814848145	0,990235657479623	92,4057100305499
84720,00293	0,449269999999956	1,816407959	0,989947859430578	92,4851302953157
84730,00293	0,448942099999954	1,813188721	0,989907250601621	92,3212179735234
84740,00293	0,449418999999978	1,814576538	0,990066983729204	92,3918807535642
84750,00293	0,448942099999954	1,811774902	0,990152484685508	92,2492312627291
84760,00293	0,449448799999971	1,815349487	0,990058880164681	92,4312366089613
84770,00293	0,450104399999987	1,816397827	0,990225132746433	92,4846144093686
84780,00293	0,448554699999988	1,809128174	0,989933515431323	92,1144691446029
84790,00293	0,449865999999986	1,815529907	0,990206132422802	92,4404229633401
84800,00293	0,449746799999957	1,81827417	0,989866083733789	92,5801512219959
84810,00293	0,449269999999956	1,813602661	0,990186760073254	92,3422943482688
84820,00293	0,450700499999982	1,82018457	0,989997315875891	92,6774220977597
84830,00293	0,451773399999979	1,828393555	0,989973565221335	93,0953948574338
84840,00293	0,451654200000007	1,824906372	0,990139817803087	92,9178397148676
84850,00293	0,448793099999989	1,812643921	0,990057763086861	92,2934786659878
84860,00293	0,450611100000003	1,819384521	0,990246275219293	92,6366864052953
84870,00293	0,451087900000005	1,821961304	0,990210044695345	92,7678871690428
84880,00293	0,449776600000007	1,817681641	0,989915167153116	92,5499817209776
84890,00293	0,449329599999999	1,812986572	0,990020693504461	92,3109252545825
84900,00293	0,450581299999953	1,819183838	0,990020693504461	92,6264683299389
84910,00293	0,449627599999985	1,816408325	0,990206878474774	92,4851489307536
84920,00293	0,450581299999953	1,818822144	0,990096508786026	92,6080521384929
84930,00293	0,448852699999975	1,812217163	0,990221780512904	92,2717496435845
84940,00293	0,450670699999989	1,819998047	0,990135626511107	92,667925
84950,00293	0,449538200000006	1,817014404	0,990002438232733	92,5160083503055
84960,00293	0,449925599999972	1,819465332	0,990076856416971	92,6408010183299
84970,00293	0,451177299999983	1,822474365	0,990045468230357	92,7940104378819
84980,00293	0,449329599999999	1,816667725	0,990283437808173	92,4983566700611
84990,00293	0,450700499999982	1,822058594	0,989933050398927	92,7728408350306
85000,00293	0,451087900000005	1,823652954	0,99013739663442	92,8540200610998
85010,00293	0,449001799999962	1,815578491	0,990026840932713	92,4428966904277
85020,00293	0,448703699999953	1,810199951	0,989894117686735	92,1690402749491
85030,00293	0,449269999999956	1,814029297	0,99011401900585	92,3640171588595
85040,00293	0,449418999999978	1,817476563	0,989957639111865	92,5395398676171
85050,00293	0,449120999999991	1,816515503	0,990195049650736	92,4906060590631
85060,00293	0,450283299999967	1,819085938	0,990265555562431	92,621483604888
85070,00293	0,449269999999956	1,816432861	0,990064934586453	92,4863982179226
85080,00293	0,45090909999999	1,822549683	0,99024236394682	92,7978453665988
85090,00293	0,450432299999989	1,821520874	0,990292751456995	92,7454620162933
85100,00293	0,449925599999972	1,820127808	0,989946741352688	92,6745319755601
85110,00293	0,450104399999987	1,821974487	0,989988095233548	92,768558401222
85120,00293	0,450104399999987	1,820880493	0,990101259116951	92,7128560590631
85130,00293	0,449925599999972	1,820335083	0,990161705327851	92,6850856924644
85140,00293	0,450670699999989	1,819751099	0,990249535446412	92,6553512729124
85150,00293	0,44921039999997	1,816201416	0,989992006506021	92,4746138492872
85160,00293	0,451236899999969	1,824398193	0,989774714368671	92,8919650203666
85170,00293	0,451177299999983	1,824247925	0,990014360063251	92,8843139002037
85180,00293	0,449865999999986	1,819488525	0,990024605777004	92,6419819246436
85190,00293	0,449359399999992	1,816076172	0,989881450804314	92,4682368635438
85200,00293	0,449865999999986	1,820466064	0,990156116938544	92,6917547861507
85210,00293	0,450193799999965	1,82179541	0,989930256204274	92,7594404276986
85220,00293	0,450372700000003	1,824477539	0,990119886414595	92,8960050407332
85230,00293	0,451087900000005	1,822758911	0,990338296629835	92,8084985234216
85240,00293	0,450432299999989	1,824365356	0,990064841579974	92,8902930753564
85250,00293	0,450819699999954	1,825279907	0,990063258469689	92,936858808554
85260,00293	0,450819699999954	1,823585327	0,989910975861136	92,8505767311609
85270,00293	0,450253400000008	1,82229248	0,990159563178621	92,784749490835
85280,00293	0,450163999999972	1,821213135	0,990102656214278	92,7297930244399
85290,00293	0,451236899999969	1,823522095	0,990064096528071	92,8473571792261
85300,00293	0,450491899999975	1,821278931	0,990069404897871	92,7331431262729
85310,00293	0,449746799999957	1,819406982	0,989999924057587	92,6378300407332
85320,00293	0,450342899999953	1,819366821	0,990087753176078	92,6357851832994
85330,00293	0,449597799999992	1,818867798	0,990233422323914	92,6103766802444
85340,00293	0,451326300000005	1,824168335	0,990371360933213	92,8802614562118
85350,00293	0,450521699999967	1,823749268	0,990028797068984	92,8589240325866
85360,00293	0,450283299999967	1,822241211	0,990236216518568	92,7821390529532
85370,00293	0,451415699999984	1,825502563	0,990006629524714	92,9481956720978
85380,00293	0,450849500000004	1,823329224	0,990206226429351	92,8375368635438
85390,00293	0,449091199999998	1,816807129	0,990132180271029	92,5054546334012
85400,00293	0,449836199999993	1,821477173	0,990107871577598	92,7432369144603
85410,00293	0,44921039999997	1,816792969	0,989875862415007	92,5047336558045
85420,00293	0,450432299999989	1,820933594	0,989955216943128	92,7155597759674
85430,00293	0,449836199999993	1,820500732	0,989940128892041	92,6935199592668
85440,00293	0,449836199999993	1,818430542	0,990048262425011	92,5881131364562
85450,00293	0,449955399999965	1,820355225	0,990152112659591	92,6861112525458
85460,00293	0,450611100000003	1,821271118	0,990158073074815	92,7327453156823
85470,00293	0,449091199999998	1,814578735	0,990014174050292	92,3919926171079
85480,00293	0,450104399999987	1,817309448	0,99016077426299	92,5310309572301
85490,00293	0,449329599999999	1,816769165	0,990121004492484	92,5035216395112
85500,00293	0,449329599999999	1,815677246	0,99004723835367	92,4479249490835
85510,00293	0,450163999999972	1,820974976	0,990286138996347	92,717666802444
85520,00293	0,449269999999956	1,818454834	0,990226529843759	92,58935
85530,00293	0,449538200000006	1,818361084	0,990162171360316	92,5845765784114
85540,00293	0,450104399999987	1,823988403	0,989941525989367	92,8710999490835
85550,00293	0,450163999999972	1,821248535	0,990113273953947	92,7315954684318
85560,00293	0,449776600000007	1,820670654	0,989886946187142	92,7021717922607
85570,00293	0,451236899999969	1,826016357	0,990079464598666	92,9743562627291
85580,00293	0,449508399999957	1,820277588	0,990255216842199	92,6821582484725
85590,00293	0,449180599999977	1,816791504	0,990101259116951	92,5046590631365
85600,00293	0,448286499999995	1,810105835	0,990019110394176	92,1642482179226
85610,00293	0,448137499999973	1,808552612	0,990010820816694	92,0851635437882
85620,00293	0,449180599999977	1,815691162	0,990027026945671	92,448633503055
85630,00293	0,449508399999957	1,819678467	0,989928300068002	92,6516531059063
85640,00293	0,449359399999992	1,818388306	0,990222338551779	92,5859626272912
85650,00293	0,448375899999974	1,810887085	0,990050032548324	92,2040267311609
85660,00293	0,449120999999991	1,814820435	0,990161612321372	92,4042991344195
85670,00293	0,449091199999998	1,817212646	0,989960060280533	92,5261021384929
85680,00293	0,448703699999953	1,815610352	0,989994055648772	92,4445189409369
85690,00293	0,448882499999968	1,815868042	0,990094086617289	92,4576396130346
85700,00293	0,448852699999975	1,815488647	0,990096880811942	92,4383221486762
85710,00293	0,44810769999998	1,809669067	0,990076297378026	92,1420095213849
85720,00293	0,449031599999955	1,813541748	0,990252236634587	92,3391928716904
85730,00293	0,450104399999987	1,816453979	0,990096228766518	92,4874734725051
85740,00293	0,449955399999965	1,816345215	0,990044816184933	92,4819355906314
85750,00293	0,448554699999988	1,813180908	0,990170925970194	92,3208201629328
85760,00293	0,44867389999996	1,812521729	0,989953633832843	92,2872570773931
85770,00293	0,449836199999993	1,81618103	0,990103214253153	92,4735758655805
85780,00293	0,450253400000008	1,818208618	0,989823798788068	92,5768135437882
85790,00293	0,449955399999965	1,818435913	0,989970399000765	92,5883866089613
85800,00293	0,448793099999989	1,814414673	0,990324884695512	92,3836391547862
85810,00293	0,448018300000001	1,807005981	0,98991470212072	92,0064145112016
85820,00293	0,449091199999998	1,81425293	0,990021997595308	92,3754037678208
85830,00293	0,448375899999974	1,810561279	0,990001321154913	92,1874378309572
85840,00293	0,448286499999995	1,808536621	0,989953633832843	92,0843493380855
85850,00293	0,448942099999954	1,814810547	0,990023580705594	92,4037956720978
85860,00293	0,448793099999989	1,815173584	0,990072013079567	92,4222802443992
85870,00293	0,448346099999981	1,812410278	0,990018551355231	92,2815823828921
85880,00293	0,449091199999998	1,815943115	0,989922897691653	92,4614620672098
85890,00293	0,4477799	1,807456665	0,990044816184933	92,0293617617108
85900,00293	0,447869299999979	1,80732959	0,990237427602936	92,0228915478615
85910,00293	0,448286499999995	1,80887793	0,990133671374905	92,1017275967413
85920,00293	0,449836199999993	1,815956299	0,990045003197961	92,4621333503055
85930,00293	0,448614299999974	1,812825928	0,989998712973218	92,3027458248472
85940,00293	0,447869299999979	1,806280151	0,989914515107692	91,969457790224
85950,00293	0,448197099999959	1,810224609	0,990101445129909	92,1702957739308
85960,00293	0,448882499999968	1,813157104	0,989761581453785	92,3196081466395
85970,00293	0,448286499999995	1,811508789	0,989940314904999	92,2356817209776
85980,00293	0,450015000000008	1,818497192	0,989598589099152	92,5915067209776
85990,00293	0,448852699999975	1,813745361	0,990084027916563	92,3495601323829
86000,00293	0,448614299999974	1,811773438	0,989956614040455	92,2491567209776
86010,00293	0,448137499999973	1,80949646	0,989788964361377	92,1332209775967
86020,00293	0,448286499999995	1,811499878	0,990083841903605	92,2352280040733
86030,00293	0,450283299999967	1,81744043	0,98983422951471	92,537700101833
86040,00293	0,448852699999975	1,815084961	0,990216751162541	92,4177678716904
86050,00293	0,449031599999955	1,816836426	0,989866735779213	92,5069463340122
86060,00293	0,447958699999958	1,809699951	0,99003773769182	92,1435820264766
86070,00293	0,448256700000002	1,812511719	0,99053603040468	92,2867474032586
86080,00293	0,449746799999957	1,81812854	0,98983627865746	92,5727362525458
86090,00293	0,449031599999955	1,816201904	0,990052919749457	92,4746386965377
86100,00293	0,448614299999974	1,814439209	0,990297129762003	92,3848884419552
86110,00293	0,448942099999954	1,815596191	0,990080022637541	92,4437979124236
86120,00293	0,448882499999968	1,816983887	0,990232025226587	92,5144545315682
86130,00293	0,449001799999962	1,816148193	0,990179402560704	92,4719039205703
86140,00293	0,448524899999995	1,812100952	0,990144196108096	92,265832586558
86150,00293	0,449180599999977	1,81628833	0,990240780836535	92,4790392057026
86160,00293	0,448465299999953	1,812921143	0,990161985347358	92,3075938391039
86170,00293	0,448018300000001	1,809540161	0,990145220179436	92,1354460794297
86180,00293	0,449329599999999	1,814223633	0,990054223840304	92,3739120672098
86190,00293	0,449925599999972	1,817021606	0,990012403926979	92,5163750509165
86200,00293	0,448614299999974	1,811908325	0,990073317170414	92,256024694501
86210,00293	0,449836199999993	1,81708667	0,990077135436409	92,5196878818737
86220,00293	0,449031599999955	1,816148926	0,990051988684595	92,4719412423625
86230,00293	0,450193799999965	1,818937256	0,99003568854907	92,6139132382892
86240,00293	0,448852699999975	1,816439697	0,990263785439118	92,4867462830957
86250,00293	0,449418999999978	1,815950439	0,990168783820964	92,4618349796334
86260,00293	0,448197099999959	1,811234863	0,990104425337521	92,2217343686354
86270,00293	0,44867389999996	1,812902832	0,990039693828092	92,3066615071283
86280,00293	0,448882499999968	1,815292358	0,990068194813573	92,4283278004073
86290,00293	0,449091199999998	1,815041382	0,990280923633026	92,4155489816701
86300,00293	0,448614299999974	1,812299438	0,990040718899502	92,2759387983707
86310,00293	0,450253400000008	1,819928101	0,990009516725846	92,6643635947047
86320,00293	0,449538200000006	1,817612793	0,989956335021018	92,5464762219959
86330,00293	0,449120999999991	1,817402222	0,989906505549718	92,5357546843177
86340,00293	0,450581299999953	1,821482178	0,990142239971824	92,7434917515275
86350,00293	0,450938899999983	1,822649902	0,990052919749457	92,8029481670061
86360,00293	0,449597799999992	1,817772827	0,990004953407949	92,554624592668
86370,00293	0,450581299999953	1,823933472	0,99004304706169	92,8683030549898
86380,00293	0,449091199999998	1,817487915	0,990007840609082	92,5401178716904
86390,00293	0,45090909999999	1,823472534	0,990070989008226	92,844833706721
86400,00293	0,449418999999978	1,817898438	0,99028585997691	92,5610202647658
