fold,variant,equation,material,file,sigma0,weight,fraction,mlp_only,trf_cold,trf_warm,n_obs,n_train,n_test,include_sigma0,master_seed,config
LOO_00_theoph_subject_01,subject_id,one_compartment,Subj_01,theoph_subject_01,319.99199999999996,79.6,0.1,4.2982587814331055,33.23418464947331,4.113435467379251,2,11,1,True,42,subjid_sigma0
LOO_00_theoph_subject_01,subject_id,one_compartment,Subj_01,theoph_subject_01,319.99199999999996,79.6,0.2,4.2982587814331055,10102.292007791211,10102.274364240258,3,11,1,True,42,subjid_sigma0
LOO_00_theoph_subject_01,subject_id,one_compartment,Subj_01,theoph_subject_01,319.99199999999996,79.6,0.3,4.2982587814331055,11.08578090613108,11.085985842253084,4,11,1,True,42,subjid_sigma0
LOO_00_theoph_subject_01,subject_id,one_compartment,Subj_01,theoph_subject_01,319.99199999999996,79.6,0.45,4.2982587814331055,13.085468239761527,13.085444058328555,5,11,1,True,42,subjid_sigma0
LOO_00_theoph_subject_01,subject_id,one_compartment,Subj_01,theoph_subject_01,319.99199999999996,79.6,0.55,4.2982587814331055,1.455958087081873,1.4560409182988792,7,11,1,True,42,subjid_sigma0
LOO_00_theoph_subject_01,subject_id,one_compartment,Subj_01,theoph_subject_01,319.99199999999996,79.6,0.75,4.2982587814331055,0.45812044722543893,0.45811983138121987,9,11,1,True,42,subjid_sigma0
LOO_00_theoph_subject_01,subject_id,one_compartment,Subj_01,theoph_subject_01,319.99199999999996,79.6,1.0,4.2982587814331055,0.3896371840627836,0.38963718424025484,11,11,1,True,42,subjid_sigma0
LOO_00_theoph_subject_01,subject_id,two_compartment,Subj_01,theoph_subject_01,319.99199999999996,79.6,0.1,18.475318908691406,40.027555490453906,38.750050100179514,2,11,1,True,42,subjid_sigma0
LOO_00_theoph_subject_01,subject_id,two_compartment,Subj_01,theoph_subject_01,319.99199999999996,79.6,0.2,18.475318908691406,18.357105146948854,18.357105246332132,3,11,1,True,42,subjid_sigma0
LOO_00_theoph_subject_01,subject_id,two_compartment,Subj_01,theoph_subject_01,319.99199999999996,79.6,0.3,18.475318908691406,18.357105091196715,18.357105223929473,4,11,1,True,42,subjid_sigma0
LOO_00_theoph_subject_01,subject_id,two_compartment,Subj_01,theoph_subject_01,319.99199999999996,79.6,0.45,18.475318908691406,18.357105084672824,18.35710515459489,5,11,1,True,42,subjid_sigma0
LOO_00_theoph_subject_01,subject_id,two_compartment,Subj_01,theoph_subject_01,319.99199999999996,79.6,0.55,18.475318908691406,18.357105090614183,18.357105153205534,7,11,1,True,42,subjid_sigma0
LOO_00_theoph_subject_01,subject_id,two_compartment,Subj_01,theoph_subject_01,319.99199999999996,79.6,0.75,18.475318908691406,18.3571050831661,18.35710515177468,9,11,1,True,42,subjid_sigma0
LOO_00_theoph_subject_01,subject_id,two_compartment,Subj_01,theoph_subject_01,319.99199999999996,79.6,1.0,18.475318908691406,18.357105082521475,18.357105168679944,11,11,1,True,42,subjid_sigma0
LOO_01_theoph_subject_02,subject_id,one_compartment,Subj_02,theoph_subject_02,318.56000000000006,72.4,0.1,0.9635512828826904,17.96154838519071,30.725217548759478,2,11,1,True,42,subjid_sigma0
LOO_01_theoph_subject_02,subject_id,one_compartment,Subj_02,theoph_subject_02,318.56000000000006,72.4,0.2,0.9635512828826904,14130.65553486054,14124.541481655171,3,11,1,True,42,subjid_sigma0
LOO_01_theoph_subject_02,subject_id,one_compartment,Subj_02,theoph_subject_02,318.56000000000006,72.4,0.3,0.9635512828826904,4.915581102296357,4.915785622562607,4,11,1,True,42,subjid_sigma0
LOO_01_theoph_subject_02,subject_id,one_compartment,Subj_02,theoph_subject_02,318.56000000000006,72.4,0.45,0.9635512828826904,6.676195375464368,6.676271743620967,5,11,1,True,42,subjid_sigma0
LOO_01_theoph_subject_02,subject_id,one_compartment,Subj_02,theoph_subject_02,318.56000000000006,72.4,0.55,0.9635512828826904,1.1352449213912517,1.1352733645373407,7,11,1,True,42,subjid_sigma0
LOO_01_theoph_subject_02,subject_id,one_compartment,Subj_02,theoph_subject_02,318.56000000000006,72.4,0.75,0.9635512828826904,0.8145605417912197,0.8145590695424036,9,11,1,True,42,subjid_sigma0
LOO_01_theoph_subject_02,subject_id,one_compartment,Subj_02,theoph_subject_02,318.56000000000006,72.4,1.0,0.9635512828826904,0.8134822109710004,0.8134822110410368,11,11,1,True,42,subjid_sigma0
LOO_01_theoph_subject_02,subject_id,two_compartment,Subj_02,theoph_subject_02,318.56000000000006,72.4,0.1,10.092013359069824,26.375228049373785,26.569108125144147,2,11,1,True,42,subjid_sigma0
LOO_01_theoph_subject_02,subject_id,two_compartment,Subj_02,theoph_subject_02,318.56000000000006,72.4,0.2,10.092013359069824,10.050043290256113,10.050043396715692,3,11,1,True,42,subjid_sigma0
LOO_01_theoph_subject_02,subject_id,two_compartment,Subj_02,theoph_subject_02,318.56000000000006,72.4,0.3,10.092013359069824,10.050007502410299,10.050007512484486,4,11,1,True,42,subjid_sigma0
LOO_01_theoph_subject_02,subject_id,two_compartment,Subj_02,theoph_subject_02,318.56000000000006,72.4,0.45,10.092013359069824,10.050007501596587,10.050007525626796,5,11,1,True,42,subjid_sigma0
LOO_01_theoph_subject_02,subject_id,two_compartment,Subj_02,theoph_subject_02,318.56000000000006,72.4,0.55,10.092013359069824,10.050007501242748,10.050007506360057,7,11,1,True,42,subjid_sigma0
LOO_01_theoph_subject_02,subject_id,two_compartment,Subj_02,theoph_subject_02,318.56000000000006,72.4,0.75,10.092013359069824,10.0500075004397,10.050007571876371,9,11,1,True,42,subjid_sigma0
LOO_01_theoph_subject_02,subject_id,two_compartment,Subj_02,theoph_subject_02,318.56000000000006,72.4,1.0,10.092013359069824,10.05000750045224,10.05000751307783,11,11,1,True,42,subjid_sigma0
LOO_02_theoph_subject_03,subject_id,one_compartment,Subj_03,theoph_subject_03,319.365,70.5,0.1,1.0888285636901855,5.257000996404151,1.1611435608275917,2,11,1,True,42,subjid_sigma0
LOO_02_theoph_subject_03,subject_id,one_compartment,Subj_03,theoph_subject_03,319.365,70.5,0.2,1.0888285636901855,10.899266803880634,0.43870225815041236,3,11,1,True,42,subjid_sigma0
LOO_02_theoph_subject_03,subject_id,one_compartment,Subj_03,theoph_subject_03,319.365,70.5,0.3,1.0888285636901855,0.5721900231083151,0.5721900231083015,4,11,1,True,42,subjid_sigma0
LOO_02_theoph_subject_03,subject_id,one_compartment,Subj_03,theoph_subject_03,319.365,70.5,0.45,1.0888285636901855,2.2188425935505403,2.218842509827293,5,11,1,True,42,subjid_sigma0
LOO_02_theoph_subject_03,subject_id,one_compartment,Subj_03,theoph_subject_03,319.365,70.5,0.55,1.0888285636901855,0.0398853641631981,0.03988535479538865,7,11,1,True,42,subjid_sigma0
LOO_02_theoph_subject_03,subject_id,one_compartment,Subj_03,theoph_subject_03,319.365,70.5,0.75,1.0888285636901855,0.04384272617510044,0.04384273123148773,9,11,1,True,42,subjid_sigma0
LOO_02_theoph_subject_03,subject_id,one_compartment,Subj_03,theoph_subject_03,319.365,70.5,1.0,1.0888285636901855,0.03966126670644705,0.03966126670716887,11,11,1,True,42,subjid_sigma0
LOO_02_theoph_subject_03,subject_id,two_compartment,Subj_03,theoph_subject_03,319.365,70.5,0.1,9.526290893554688,9.205188023564766,9.205188075031089,2,11,1,True,42,subjid_sigma0
LOO_02_theoph_subject_03,subject_id,two_compartment,Subj_03,theoph_subject_03,319.365,70.5,0.2,9.526290893554688,9.205188022015646,9.205188050309062,3,11,1,True,42,subjid_sigma0
LOO_02_theoph_subject_03,subject_id,two_compartment,Subj_03,theoph_subject_03,319.365,70.5,0.3,9.526290893554688,9.205188024713365,9.20518804877513,4,11,1,True,42,subjid_sigma0
LOO_02_theoph_subject_03,subject_id,two_compartment,Subj_03,theoph_subject_03,319.365,70.5,0.45,9.526290893554688,9.205188021617774,9.205188047738387,5,11,1,True,42,subjid_sigma0
LOO_02_theoph_subject_03,subject_id,two_compartment,Subj_03,theoph_subject_03,319.365,70.5,0.55,9.526290893554688,9.205188021170502,9.205188046783716,7,11,1,True,42,subjid_sigma0
LOO_02_theoph_subject_03,subject_id,two_compartment,Subj_03,theoph_subject_03,319.365,70.5,0.75,9.526290893554688,9.205188021083071,9.205188047613465,9,11,1,True,42,subjid_sigma0
LOO_02_theoph_subject_03,subject_id,two_compartment,Subj_03,theoph_subject_03,319.365,70.5,1.0,9.526290893554688,9.205188020628169,9.205188067994797,11,11,1,True,42,subjid_sigma0
LOO_03_theoph_subject_04,subject_id,one_compartment,Subj_04,theoph_subject_04,319.88000000000005,72.7,0.1,0.7179241180419922,17.148810421381253,30.162324549529217,2,11,1,True,42,subjid_sigma0
LOO_03_theoph_subject_04,subject_id,one_compartment,Subj_04,theoph_subject_04,319.88000000000005,72.7,0.2,0.7179241180419922,3919.1864392417247,3917.543571820497,3,11,1,True,42,subjid_sigma0
LOO_03_theoph_subject_04,subject_id,one_compartment,Subj_04,theoph_subject_04,319.88000000000005,72.7,0.3,0.7179241180419922,4718.360682843509,4638.147186286344,4,11,1,True,42,subjid_sigma0
LOO_03_theoph_subject_04,subject_id,one_compartment,Subj_04,theoph_subject_04,319.88000000000005,72.7,0.45,0.7179241180419922,3.739648159344054,3.7396364554591175,5,11,1,True,42,subjid_sigma0
LOO_03_theoph_subject_04,subject_id,one_compartment,Subj_04,theoph_subject_04,319.88000000000005,72.7,0.55,0.7179241180419922,1.4694443998273756,1.4693838743282674,7,11,1,True,42,subjid_sigma0
LOO_03_theoph_subject_04,subject_id,one_compartment,Subj_04,theoph_subject_04,319.88000000000005,72.7,0.75,0.7179241180419922,0.5276326812753998,0.5276337454540965,9,11,1,True,42,subjid_sigma0
LOO_03_theoph_subject_04,subject_id,one_compartment,Subj_04,theoph_subject_04,319.88000000000005,72.7,1.0,0.7179241180419922,0.5210864185867999,0.52108641866318,11,11,1,True,42,subjid_sigma0
LOO_03_theoph_subject_04,subject_id,two_compartment,Subj_04,theoph_subject_04,319.88000000000005,72.7,0.1,9.81983470916748,10.474055445503001,28.7867968352361,2,11,1,True,42,subjid_sigma0
LOO_03_theoph_subject_04,subject_id,two_compartment,Subj_04,theoph_subject_04,319.88000000000005,72.7,0.2,9.81983470916748,9.814651858464574,9.814651330726734,3,11,1,True,42,subjid_sigma0
LOO_03_theoph_subject_04,subject_id,two_compartment,Subj_04,theoph_subject_04,319.88000000000005,72.7,0.3,9.81983470916748,9.80984828897549,9.809848317910586,4,11,1,True,42,subjid_sigma0
LOO_03_theoph_subject_04,subject_id,two_compartment,Subj_04,theoph_subject_04,319.88000000000005,72.7,0.45,9.81983470916748,9.809848255137949,9.809848295572623,5,11,1,True,42,subjid_sigma0
LOO_03_theoph_subject_04,subject_id,two_compartment,Subj_04,theoph_subject_04,319.88000000000005,72.7,0.55,9.81983470916748,9.809848254494298,9.809848291721323,7,11,1,True,42,subjid_sigma0
LOO_03_theoph_subject_04,subject_id,two_compartment,Subj_04,theoph_subject_04,319.88000000000005,72.7,0.75,9.81983470916748,9.809848253603798,9.809848297119482,9,11,1,True,42,subjid_sigma0
LOO_03_theoph_subject_04,subject_id,two_compartment,Subj_04,theoph_subject_04,319.88000000000005,72.7,1.0,9.81983470916748,9.809848254143704,9.809848301887175,11,11,1,True,42,subjid_sigma0
LOO_04_theoph_subject_05,subject_id,one_compartment,Subj_05,theoph_subject_05,319.956,54.6,0.1,2.7463626861572266,37.63247312501278,42.593803198767006,2,11,1,True,42,subjid_sigma0
LOO_04_theoph_subject_05,subject_id,one_compartment,Subj_05,theoph_subject_05,319.956,54.6,0.2,2.7463626861572266,7467.821308009379,7466.466817377781,3,11,1,True,42,subjid_sigma0
LOO_04_theoph_subject_05,subject_id,one_compartment,Subj_05,theoph_subject_05,319.956,54.6,0.3,2.7463626861572266,9422.343608866553,9422.459553985636,4,11,1,True,42,subjid_sigma0
LOO_04_theoph_subject_05,subject_id,one_compartment,Subj_05,theoph_subject_05,319.956,54.6,0.45,2.7463626861572266,8.877475101327867,8.877296465582592,5,11,1,True,42,subjid_sigma0
LOO_04_theoph_subject_05,subject_id,one_compartment,Subj_05,theoph_subject_05,319.956,54.6,0.55,2.7463626861572266,2.515121888385371,2.515202126029112,7,11,1,True,42,subjid_sigma0
LOO_04_theoph_subject_05,subject_id,one_compartment,Subj_05,theoph_subject_05,319.956,54.6,0.75,2.7463626861572266,1.2251736882040576,1.2251722651070924,9,11,1,True,42,subjid_sigma0
LOO_04_theoph_subject_05,subject_id,one_compartment,Subj_05,theoph_subject_05,319.956,54.6,1.0,2.7463626861572266,1.2239517888439306,1.2239517891325518,11,11,1,True,42,subjid_sigma0
LOO_04_theoph_subject_05,subject_id,two_compartment,Subj_05,theoph_subject_05,319.956,54.6,0.1,17.1466064453125,41.46289406941971,38.07408693197987,2,11,1,True,42,subjid_sigma0
LOO_04_theoph_subject_05,subject_id,two_compartment,Subj_05,theoph_subject_05,319.956,54.6,0.2,17.1466064453125,17.087131010285933,17.08713018020779,3,11,1,True,42,subjid_sigma0
LOO_04_theoph_subject_05,subject_id,two_compartment,Subj_05,theoph_subject_05,319.956,54.6,0.3,17.1466064453125,17.08662145512528,17.086621492242394,4,11,1,True,42,subjid_sigma0
LOO_04_theoph_subject_05,subject_id,two_compartment,Subj_05,theoph_subject_05,319.956,54.6,0.45,17.1466064453125,17.086621450538246,17.08662159949575,5,11,1,True,42,subjid_sigma0
LOO_04_theoph_subject_05,subject_id,two_compartment,Subj_05,theoph_subject_05,319.956,54.6,0.55,17.1466064453125,17.08662144828631,17.086621482826214,7,11,1,True,42,subjid_sigma0
LOO_04_theoph_subject_05,subject_id,two_compartment,Subj_05,theoph_subject_05,319.956,54.6,0.75,17.1466064453125,17.086621448736366,17.086621488597277,9,11,1,True,42,subjid_sigma0
LOO_04_theoph_subject_05,subject_id,two_compartment,Subj_05,theoph_subject_05,319.956,54.6,1.0,17.1466064453125,17.086621448781305,17.08662148119024,11,11,1,True,42,subjid_sigma0
LOO_05_theoph_subject_06,subject_id,one_compartment,Subj_06,theoph_subject_06,320.0,80.0,0.1,3.8860297203063965,14.516101066462973,16.275731136106046,2,11,1,True,42,subjid_sigma0
LOO_05_theoph_subject_06,subject_id,one_compartment,Subj_06,theoph_subject_06,320.0,80.0,0.2,3.8860297203063965,2043.0131301550873,2012.8067159071804,3,11,1,True,42,subjid_sigma0
LOO_05_theoph_subject_06,subject_id,one_compartment,Subj_06,theoph_subject_06,320.0,80.0,0.3,3.8860297203063965,2290.3657271049383,2255.225222876599,4,11,1,True,42,subjid_sigma0
LOO_05_theoph_subject_06,subject_id,one_compartment,Subj_06,theoph_subject_06,320.0,80.0,0.45,3.8860297203063965,1.2874887229445102,1.28759743172998,5,11,1,True,42,subjid_sigma0
LOO_05_theoph_subject_06,subject_id,one_compartment,Subj_06,theoph_subject_06,320.0,80.0,0.55,3.8860297203063965,0.8214918357153453,0.8214397807236454,7,11,1,True,42,subjid_sigma0
LOO_05_theoph_subject_06,subject_id,one_compartment,Subj_06,theoph_subject_06,320.0,80.0,0.75,3.8860297203063965,0.24111765024746773,0.24112055411446856,9,11,1,True,42,subjid_sigma0
LOO_05_theoph_subject_06,subject_id,one_compartment,Subj_06,theoph_subject_06,320.0,80.0,1.0,3.8860297203063965,0.22220365615522228,0.22220365634363146,11,11,1,True,42,subjid_sigma0
LOO_05_theoph_subject_06,subject_id,two_compartment,Subj_06,theoph_subject_06,320.0,80.0,0.1,3.3469858169555664,14.829383589924873,15.176443981327791,2,11,1,True,42,subjid_sigma0
LOO_05_theoph_subject_06,subject_id,two_compartment,Subj_06,theoph_subject_06,320.0,80.0,0.2,3.3469858169555664,3.279585508609733,3.2795857147308807,3,11,1,True,42,subjid_sigma0
LOO_05_theoph_subject_06,subject_id,two_compartment,Subj_06,theoph_subject_06,320.0,80.0,0.3,3.3469858169555664,3.24643866651373,3.2464386765692015,4,11,1,True,42,subjid_sigma0
LOO_05_theoph_subject_06,subject_id,two_compartment,Subj_06,theoph_subject_06,320.0,80.0,0.45,3.3469858169555664,3.246403241576454,3.2464032393682163,5,11,1,True,42,subjid_sigma0
LOO_05_theoph_subject_06,subject_id,two_compartment,Subj_06,theoph_subject_06,320.0,80.0,0.55,3.3469858169555664,3.246403241963277,3.2464032407593635,7,11,1,True,42,subjid_sigma0
LOO_05_theoph_subject_06,subject_id,two_compartment,Subj_06,theoph_subject_06,320.0,80.0,0.75,3.3469858169555664,3.2464032419910365,3.2464032389985458,9,11,1,True,42,subjid_sigma0
LOO_05_theoph_subject_06,subject_id,two_compartment,Subj_06,theoph_subject_06,320.0,80.0,1.0,3.3469858169555664,3.199702991396576,3.199702992014575,11,11,1,True,42,subjid_sigma0
LOO_06_theoph_subject_07,subject_id,one_compartment,Subj_07,theoph_subject_07,319.77,64.6,0.1,2.3597218990325928,20.696542445911376,20.787599894223455,2,11,1,True,42,subjid_sigma0
LOO_06_theoph_subject_07,subject_id,one_compartment,Subj_07,theoph_subject_07,319.77,64.6,0.2,2.3597218990325928,1455.8931690060456,1455.5132085229184,3,11,1,True,42,subjid_sigma0
LOO_06_theoph_subject_07,subject_id,one_compartment,Subj_07,theoph_subject_07,319.77,64.6,0.3,2.3597218990325928,1721.866025286838,1693.2080714094461,4,11,1,True,42,subjid_sigma0
LOO_06_theoph_subject_07,subject_id,one_compartment,Subj_07,theoph_subject_07,319.77,64.6,0.45,2.3597218990325928,0.37051338860487787,0.3704739893095618,5,11,1,True,42,subjid_sigma0
LOO_06_theoph_subject_07,subject_id,one_compartment,Subj_07,theoph_subject_07,319.77,64.6,0.55,2.3597218990325928,0.4106800500277991,0.41068618689804254,7,11,1,True,42,subjid_sigma0
LOO_06_theoph_subject_07,subject_id,one_compartment,Subj_07,theoph_subject_07,319.77,64.6,0.75,2.3597218990325928,0.14750151197605074,0.1475015718559513,9,11,1,True,42,subjid_sigma0
LOO_06_theoph_subject_07,subject_id,one_compartment,Subj_07,theoph_subject_07,319.77,64.6,1.0,2.3597218990325928,0.09059610784325066,0.09059610785534276,11,11,1,True,42,subjid_sigma0
LOO_06_theoph_subject_07,subject_id,two_compartment,Subj_07,theoph_subject_07,319.77,64.6,0.1,5.099065780639648,12.971280774976172,19.91140157280193,2,11,1,True,42,subjid_sigma0
LOO_06_theoph_subject_07,subject_id,two_compartment,Subj_07,theoph_subject_07,319.77,64.6,0.2,5.099065780639648,4.931768667981304,4.9317688671912085,3,11,1,True,42,subjid_sigma0
LOO_06_theoph_subject_07,subject_id,two_compartment,Subj_07,theoph_subject_07,319.77,64.6,0.3,5.099065780639648,4.836657339973421,4.836659227825603,4,11,1,True,42,subjid_sigma0
LOO_06_theoph_subject_07,subject_id,two_compartment,Subj_07,theoph_subject_07,319.77,64.6,0.45,5.099065780639648,4.83606813744948,4.83606809823431,5,11,1,True,42,subjid_sigma0
LOO_06_theoph_subject_07,subject_id,two_compartment,Subj_07,theoph_subject_07,319.77,64.6,0.55,5.099065780639648,4.836067852819548,4.836067854939034,7,11,1,True,42,subjid_sigma0
LOO_06_theoph_subject_07,subject_id,two_compartment,Subj_07,theoph_subject_07,319.77,64.6,0.75,5.099065780639648,4.836067852736443,4.836067866809736,9,11,1,True,42,subjid_sigma0
LOO_06_theoph_subject_07,subject_id,two_compartment,Subj_07,theoph_subject_07,319.77,64.6,1.0,5.099065780639648,4.836067852656654,4.836067856754808,11,11,1,True,42,subjid_sigma0
LOO_07_theoph_subject_08,subject_id,one_compartment,Subj_08,theoph_subject_08,319.365,70.5,0.1,1.3086285591125488,6.133031404592461,9.950134698080277,2,11,1,True,42,subjid_sigma0
LOO_07_theoph_subject_08,subject_id,one_compartment,Subj_08,theoph_subject_08,319.365,70.5,0.2,1.3086285591125488,18.137568039464753,19.461055750471726,3,11,1,True,42,subjid_sigma0
LOO_07_theoph_subject_08,subject_id,one_compartment,Subj_08,theoph_subject_08,319.365,70.5,0.3,1.3086285591125488,536.3071567843207,536.2868495842903,4,11,1,True,42,subjid_sigma0
LOO_07_theoph_subject_08,subject_id,one_compartment,Subj_08,theoph_subject_08,319.365,70.5,0.45,1.3086285591125488,3.392244005381558,3.3921618911909377,5,11,1,True,42,subjid_sigma0
LOO_07_theoph_subject_08,subject_id,one_compartment,Subj_08,theoph_subject_08,319.365,70.5,0.55,1.3086285591125488,0.6324068372583332,0.6323848012679673,7,11,1,True,42,subjid_sigma0
LOO_07_theoph_subject_08,subject_id,one_compartment,Subj_08,theoph_subject_08,319.365,70.5,0.75,1.3086285591125488,0.33497886168862634,0.3349786422295159,9,11,1,True,42,subjid_sigma0
LOO_07_theoph_subject_08,subject_id,one_compartment,Subj_08,theoph_subject_08,319.365,70.5,1.0,1.3086285591125488,0.33485007809917916,0.33485007815469275,11,11,1,True,42,subjid_sigma0
LOO_07_theoph_subject_08,subject_id,two_compartment,Subj_08,theoph_subject_08,319.365,70.5,0.1,5.744019031524658,12.206052481272032,10.332346471069672,2,11,1,True,42,subjid_sigma0
LOO_07_theoph_subject_08,subject_id,two_compartment,Subj_08,theoph_subject_08,319.365,70.5,0.2,5.744019031524658,9.000170176114786,8.791038122825244,3,11,1,True,42,subjid_sigma0
LOO_07_theoph_subject_08,subject_id,two_compartment,Subj_08,theoph_subject_08,319.365,70.5,0.3,5.744019031524658,5.713662347070873,5.713662348870731,4,11,1,True,42,subjid_sigma0
LOO_07_theoph_subject_08,subject_id,two_compartment,Subj_08,theoph_subject_08,319.365,70.5,0.45,5.744019031524658,5.713662347046346,5.71366242054201,5,11,1,True,42,subjid_sigma0
LOO_07_theoph_subject_08,subject_id,two_compartment,Subj_08,theoph_subject_08,319.365,70.5,0.55,5.744019031524658,5.713662346992312,5.7136624205735105,7,11,1,True,42,subjid_sigma0
LOO_07_theoph_subject_08,subject_id,two_compartment,Subj_08,theoph_subject_08,319.365,70.5,0.75,5.744019031524658,5.71366234710277,5.713662347457082,9,11,1,True,42,subjid_sigma0
LOO_07_theoph_subject_08,subject_id,two_compartment,Subj_08,theoph_subject_08,319.365,70.5,1.0,5.744019031524658,5.713662346915381,5.713662400551785,11,11,1,True,42,subjid_sigma0
LOO_08_theoph_subject_09,subject_id,one_compartment,Subj_09,theoph_subject_09,267.84000000000003,86.4,0.1,2.9190773963928223,2.7903987397926944,0.7088734879186255,2,11,1,True,42,subjid_sigma0
LOO_08_theoph_subject_09,subject_id,one_compartment,Subj_09,theoph_subject_09,267.84000000000003,86.4,0.2,2.9190773963928223,16.81049542792002,1.565919367139131,3,11,1,True,42,subjid_sigma0
LOO_08_theoph_subject_09,subject_id,one_compartment,Subj_09,theoph_subject_09,267.84000000000003,86.4,0.3,2.9190773963928223,10.891035844834333,10.89104134624101,4,11,1,True,42,subjid_sigma0
LOO_08_theoph_subject_09,subject_id,one_compartment,Subj_09,theoph_subject_09,267.84000000000003,86.4,0.45,2.9190773963928223,3.1676593538685625,3.167644463431587,5,11,1,True,42,subjid_sigma0
LOO_08_theoph_subject_09,subject_id,one_compartment,Subj_09,theoph_subject_09,267.84000000000003,86.4,0.55,2.9190773963928223,0.28547176723220413,0.28547402753255885,7,11,1,True,42,subjid_sigma0
LOO_08_theoph_subject_09,subject_id,one_compartment,Subj_09,theoph_subject_09,267.84000000000003,86.4,0.75,2.9190773963928223,0.2300376209534325,0.2300373124003208,9,11,1,True,42,subjid_sigma0
LOO_08_theoph_subject_09,subject_id,one_compartment,Subj_09,theoph_subject_09,267.84000000000003,86.4,1.0,2.9190773963928223,0.2262594468619872,0.22625944693213518,11,11,1,True,42,subjid_sigma0
LOO_08_theoph_subject_09,subject_id,two_compartment,Subj_09,theoph_subject_09,267.84000000000003,86.4,0.1,13.558444023132324,10.962020148098913,10.962020253095783,2,11,1,True,42,subjid_sigma0
LOO_08_theoph_subject_09,subject_id,two_compartment,Subj_09,theoph_subject_09,267.84000000000003,86.4,0.2,13.558444023132324,10.962020147629726,10.96202020381009,3,11,1,True,42,subjid_sigma0
LOO_08_theoph_subject_09,subject_id,two_compartment,Subj_09,theoph_subject_09,267.84000000000003,86.4,0.3,13.558444023132324,10.96202014965919,10.962020252695806,4,11,1,True,42,subjid_sigma0
LOO_08_theoph_subject_09,subject_id,two_compartment,Subj_09,theoph_subject_09,267.84000000000003,86.4,0.45,13.558444023132324,10.962020148429676,10.962020210937208,5,11,1,True,42,subjid_sigma0
LOO_08_theoph_subject_09,subject_id,two_compartment,Subj_09,theoph_subject_09,267.84000000000003,86.4,0.55,13.558444023132324,10.962020146562253,10.962020190511446,7,11,1,True,42,subjid_sigma0
LOO_08_theoph_subject_09,subject_id,two_compartment,Subj_09,theoph_subject_09,267.84000000000003,86.4,0.75,13.558444023132324,10.962020146322432,10.962020220061369,9,11,1,True,42,subjid_sigma0
LOO_08_theoph_subject_09,subject_id,two_compartment,Subj_09,theoph_subject_09,267.84000000000003,86.4,1.0,13.558444023132324,10.962020145668365,10.962020177531976,11,11,1,True,42,subjid_sigma0
LOO_09_theoph_subject_10,subject_id,one_compartment,Subj_10,theoph_subject_10,320.1,58.2,0.1,2.920111656188965,19.73141492225097,26.584375840570342,2,11,1,True,42,subjid_sigma0
LOO_09_theoph_subject_10,subject_id,one_compartment,Subj_10,theoph_subject_10,320.1,58.2,0.2,2.920111656188965,14.91099827475539,14.691297255910472,3,11,1,True,42,subjid_sigma0
LOO_09_theoph_subject_10,subject_id,one_compartment,Subj_10,theoph_subject_10,320.1,58.2,0.3,2.920111656188965,17.90828980470852,17.90829030109887,4,11,1,True,42,subjid_sigma0
LOO_09_theoph_subject_10,subject_id,one_compartment,Subj_10,theoph_subject_10,320.1,58.2,0.45,2.920111656188965,11.110845460103818,11.110816125569654,5,11,1,True,42,subjid_sigma0
LOO_09_theoph_subject_10,subject_id,one_compartment,Subj_10,theoph_subject_10,320.1,58.2,0.55,2.920111656188965,1.045303887706514,1.0451877326074948,7,11,1,True,42,subjid_sigma0
LOO_09_theoph_subject_10,subject_id,one_compartment,Subj_10,theoph_subject_10,320.1,58.2,0.75,2.920111656188965,0.126982668791215,0.12698274109437552,9,11,1,True,42,subjid_sigma0
LOO_09_theoph_subject_10,subject_id,one_compartment,Subj_10,theoph_subject_10,320.1,58.2,1.0,2.920111656188965,0.12285474971308351,0.12285474971308412,11,11,1,True,42,subjid_sigma0
LOO_09_theoph_subject_10,subject_id,two_compartment,Subj_10,theoph_subject_10,320.1,58.2,0.1,15.180449485778809,28.48528080067466,15.197983461770503,2,11,1,True,42,subjid_sigma0
LOO_09_theoph_subject_10,subject_id,two_compartment,Subj_10,theoph_subject_10,320.1,58.2,0.2,15.180449485778809,15.116408186597111,15.116408881247024,3,11,1,True,42,subjid_sigma0
LOO_09_theoph_subject_10,subject_id,two_compartment,Subj_10,theoph_subject_10,320.1,58.2,0.3,15.180449485778809,15.116344669131855,15.11634472217891,4,11,1,True,42,subjid_sigma0
LOO_09_theoph_subject_10,subject_id,two_compartment,Subj_10,theoph_subject_10,320.1,58.2,0.45,15.180449485778809,15.116344668481878,15.11634472207178,5,11,1,True,42,subjid_sigma0
LOO_09_theoph_subject_10,subject_id,two_compartment,Subj_10,theoph_subject_10,320.1,58.2,0.55,15.180449485778809,15.116344666564816,15.116344733748095,7,11,1,True,42,subjid_sigma0
LOO_09_theoph_subject_10,subject_id,two_compartment,Subj_10,theoph_subject_10,320.1,58.2,0.75,15.180449485778809,15.11634466605713,15.116344718708246,9,11,1,True,42,subjid_sigma0
LOO_09_theoph_subject_10,subject_id,two_compartment,Subj_10,theoph_subject_10,320.1,58.2,1.0,15.180449485778809,15.116344661969238,15.116344721820377,11,11,1,True,42,subjid_sigma0
LOO_10_theoph_subject_11,subject_id,one_compartment,Subj_11,theoph_subject_11,319.8,65.0,0.1,2.8865842819213867,2.4863779291710952,4.209161882257761,2,11,1,True,42,subjid_sigma0
LOO_10_theoph_subject_11,subject_id,one_compartment,Subj_11,theoph_subject_11,319.8,65.0,0.2,2.8865842819213867,19.313618208403398,0.48064824054444893,3,11,1,True,42,subjid_sigma0
LOO_10_theoph_subject_11,subject_id,one_compartment,Subj_11,theoph_subject_11,319.8,65.0,0.3,2.8865842819213867,8.074920828384046,8.074920737652773,4,11,1,True,42,subjid_sigma0
LOO_10_theoph_subject_11,subject_id,one_compartment,Subj_11,theoph_subject_11,319.8,65.0,0.45,2.8865842819213867,2.1714289425958033,2.1714289029720626,5,11,1,True,42,subjid_sigma0
LOO_10_theoph_subject_11,subject_id,one_compartment,Subj_11,theoph_subject_11,319.8,65.0,0.55,2.8865842819213867,0.09181401285707123,0.09181330353516284,7,11,1,True,42,subjid_sigma0
LOO_10_theoph_subject_11,subject_id,one_compartment,Subj_11,theoph_subject_11,319.8,65.0,0.75,2.8865842819213867,0.0393880143427667,0.0393880653008141,9,11,1,True,42,subjid_sigma0
LOO_10_theoph_subject_11,subject_id,one_compartment,Subj_11,theoph_subject_11,319.8,65.0,1.0,2.8865842819213867,0.03874692802887859,0.038746928029390566,11,11,1,True,42,subjid_sigma0
LOO_10_theoph_subject_11,subject_id,two_compartment,Subj_11,theoph_subject_11,319.8,65.0,0.1,7.131686210632324,6.718519998307383,6.718519990177507,2,11,1,True,42,subjid_sigma0
LOO_10_theoph_subject_11,subject_id,two_compartment,Subj_11,theoph_subject_11,319.8,65.0,0.2,7.131686210632324,6.718519998515555,6.718519990069452,3,11,1,True,42,subjid_sigma0
LOO_10_theoph_subject_11,subject_id,two_compartment,Subj_11,theoph_subject_11,319.8,65.0,0.3,7.131686210632324,6.718519998561871,6.718519991095983,4,11,1,True,42,subjid_sigma0
LOO_10_theoph_subject_11,subject_id,two_compartment,Subj_11,theoph_subject_11,319.8,65.0,0.45,7.131686210632324,6.718519999238871,6.718519989810286,5,11,1,True,42,subjid_sigma0
LOO_10_theoph_subject_11,subject_id,two_compartment,Subj_11,theoph_subject_11,319.8,65.0,0.55,7.131686210632324,6.7185199996207965,6.718520007460705,7,11,1,True,42,subjid_sigma0
LOO_10_theoph_subject_11,subject_id,two_compartment,Subj_11,theoph_subject_11,319.8,65.0,0.75,7.131686210632324,6.718519999790614,6.718519992523954,9,11,1,True,42,subjid_sigma0
LOO_10_theoph_subject_11,subject_id,two_compartment,Subj_11,theoph_subject_11,319.8,65.0,1.0,7.131686210632324,6.6997218318992955,6.699721834249356,11,11,1,True,42,subjid_sigma0
LOO_11_theoph_subject_12,subject_id,one_compartment,Subj_12,theoph_subject_12,320.65,60.5,0.1,1.670222520828247,38.55161450304824,40.11678523935048,2,11,1,True,42,subjid_sigma0
LOO_11_theoph_subject_12,subject_id,one_compartment,Subj_12,theoph_subject_12,320.65,60.5,0.2,1.670222520828247,4060.6363655974096,3991.376830984185,3,11,1,True,42,subjid_sigma0
LOO_11_theoph_subject_12,subject_id,one_compartment,Subj_12,theoph_subject_12,320.65,60.5,0.3,1.670222520828247,4492.807192279582,4491.880623671904,4,11,1,True,42,subjid_sigma0
LOO_11_theoph_subject_12,subject_id,one_compartment,Subj_12,theoph_subject_12,320.65,60.5,0.45,1.670222520828247,1.451935743265306,1.4517756186669162,5,11,1,True,42,subjid_sigma0
LOO_11_theoph_subject_12,subject_id,one_compartment,Subj_12,theoph_subject_12,320.65,60.5,0.55,1.670222520828247,1.2543767547657392,1.2543619751915644,7,11,1,True,42,subjid_sigma0
LOO_11_theoph_subject_12,subject_id,one_compartment,Subj_12,theoph_subject_12,320.65,60.5,0.75,1.670222520828247,0.27852323287378233,0.27852249355844755,9,11,1,True,42,subjid_sigma0
LOO_11_theoph_subject_12,subject_id,one_compartment,Subj_12,theoph_subject_12,320.65,60.5,1.0,1.670222520828247,0.25538156507881515,0.255381565093315,11,11,1,True,42,subjid_sigma0
LOO_11_theoph_subject_12,subject_id,two_compartment,Subj_12,theoph_subject_12,320.65,60.5,0.1,14.899723052978516,38.85473842625038,37.992988564010275,2,11,1,True,42,subjid_sigma0
LOO_11_theoph_subject_12,subject_id,two_compartment,Subj_12,theoph_subject_12,320.65,60.5,0.2,14.899723052978516,14.879006662426569,14.879005357863436,3,11,1,True,42,subjid_sigma0
LOO_11_theoph_subject_12,subject_id,two_compartment,Subj_12,theoph_subject_12,320.65,60.5,0.3,14.899723052978516,14.862900538796412,14.862900564375108,4,11,1,True,42,subjid_sigma0
LOO_11_theoph_subject_12,subject_id,two_compartment,Subj_12,theoph_subject_12,320.65,60.5,0.45,14.899723052978516,14.862898590502436,14.86289865446244,5,11,1,True,42,subjid_sigma0
LOO_11_theoph_subject_12,subject_id,two_compartment,Subj_12,theoph_subject_12,320.65,60.5,0.55,14.899723052978516,14.862898588521182,14.862898642001367,7,11,1,True,42,subjid_sigma0
LOO_11_theoph_subject_12,subject_id,two_compartment,Subj_12,theoph_subject_12,320.65,60.5,0.75,14.899723052978516,14.862898588077302,14.862898618541124,9,11,1,True,42,subjid_sigma0
LOO_11_theoph_subject_12,subject_id,two_compartment,Subj_12,theoph_subject_12,320.65,60.5,1.0,14.899723052978516,14.862898587426313,14.862898648261625,11,11,1,True,42,subjid_sigma0
LOO_00_theoph_subject_01,subject_id,one_compartment,Subj_01,theoph_subject_01,319.99199999999996,79.6,0.1,4.0289692878723145,46.226284146510565,24.474951026224,2,11,1,True,43,subjid_sigma0
LOO_00_theoph_subject_01,subject_id,one_compartment,Subj_01,theoph_subject_01,319.99199999999996,79.6,0.2,4.0289692878723145,10103.554870759968,10102.303971685324,3,11,1,True,43,subjid_sigma0
LOO_00_theoph_subject_01,subject_id,one_compartment,Subj_01,theoph_subject_01,319.99199999999996,79.6,0.3,4.0289692878723145,11.086007923511456,11.085695973573536,4,11,1,True,43,subjid_sigma0
LOO_00_theoph_subject_01,subject_id,one_compartment,Subj_01,theoph_subject_01,319.99199999999996,79.6,0.45,4.0289692878723145,13.085473525099466,13.08547545353701,5,11,1,True,43,subjid_sigma0
LOO_00_theoph_subject_01,subject_id,one_compartment,Subj_01,theoph_subject_01,319.99199999999996,79.6,0.55,4.0289692878723145,1.456006037970653,1.4560482704803939,7,11,1,True,43,subjid_sigma0
LOO_00_theoph_subject_01,subject_id,one_compartment,Subj_01,theoph_subject_01,319.99199999999996,79.6,0.75,4.0289692878723145,0.4581198862685531,0.4581301674275876,9,11,1,True,43,subjid_sigma0
LOO_00_theoph_subject_01,subject_id,one_compartment,Subj_01,theoph_subject_01,319.99199999999996,79.6,1.0,4.0289692878723145,0.38963718406257253,0.38963718415406706,11,11,1,True,43,subjid_sigma0
LOO_00_theoph_subject_01,subject_id,two_compartment,Subj_01,theoph_subject_01,319.99199999999996,79.6,0.1,18.556224822998047,39.90077127273994,38.41011993759394,2,11,1,True,43,subjid_sigma0
LOO_00_theoph_subject_01,subject_id,two_compartment,Subj_01,theoph_subject_01,319.99199999999996,79.6,0.2,18.556224822998047,18.35710515580086,18.357105243155914,3,11,1,True,43,subjid_sigma0
LOO_00_theoph_subject_01,subject_id,two_compartment,Subj_01,theoph_subject_01,319.99199999999996,79.6,0.3,18.556224822998047,18.357105085314256,18.357105207944052,4,11,1,True,43,subjid_sigma0
LOO_00_theoph_subject_01,subject_id,two_compartment,Subj_01,theoph_subject_01,319.99199999999996,79.6,0.45,18.556224822998047,18.357105085733753,18.35710519546954,5,11,1,True,43,subjid_sigma0
LOO_00_theoph_subject_01,subject_id,two_compartment,Subj_01,theoph_subject_01,319.99199999999996,79.6,0.55,18.556224822998047,18.3571050856612,18.357105187136487,7,11,1,True,43,subjid_sigma0
LOO_00_theoph_subject_01,subject_id,two_compartment,Subj_01,theoph_subject_01,319.99199999999996,79.6,0.75,18.556224822998047,18.35710508366678,18.357105186656067,9,11,1,True,43,subjid_sigma0
LOO_00_theoph_subject_01,subject_id,two_compartment,Subj_01,theoph_subject_01,319.99199999999996,79.6,1.0,18.556224822998047,18.357105080910564,18.357105116089564,11,11,1,True,43,subjid_sigma0
LOO_01_theoph_subject_02,subject_id,one_compartment,Subj_02,theoph_subject_02,318.56000000000006,72.4,0.1,1.8307782411575317,30.063939676277553,29.2741345360947,2,11,1,True,43,subjid_sigma0
LOO_01_theoph_subject_02,subject_id,one_compartment,Subj_02,theoph_subject_02,318.56000000000006,72.4,0.2,1.8307782411575317,14130.927185108683,13898.550068057531,3,11,1,True,43,subjid_sigma0
LOO_01_theoph_subject_02,subject_id,one_compartment,Subj_02,theoph_subject_02,318.56000000000006,72.4,0.3,1.8307782411575317,4.915439075321116,4.915495013476293,4,11,1,True,43,subjid_sigma0
LOO_01_theoph_subject_02,subject_id,one_compartment,Subj_02,theoph_subject_02,318.56000000000006,72.4,0.45,1.8307782411575317,6.676217545718319,6.676141040079636,5,11,1,True,43,subjid_sigma0
LOO_01_theoph_subject_02,subject_id,one_compartment,Subj_02,theoph_subject_02,318.56000000000006,72.4,0.55,1.8307782411575317,1.1352614899227835,1.135224566306626,7,11,1,True,43,subjid_sigma0
LOO_01_theoph_subject_02,subject_id,one_compartment,Subj_02,theoph_subject_02,318.56000000000006,72.4,0.75,1.8307782411575317,0.8145598574782267,0.8145589959640478,9,11,1,True,43,subjid_sigma0
LOO_01_theoph_subject_02,subject_id,one_compartment,Subj_02,theoph_subject_02,318.56000000000006,72.4,1.0,1.8307782411575317,0.8134822109702977,0.8134822112917398,11,11,1,True,43,subjid_sigma0
LOO_01_theoph_subject_02,subject_id,two_compartment,Subj_02,theoph_subject_02,318.56000000000006,72.4,0.1,10.067516326904297,25.09871492584814,27.323481775560698,2,11,1,True,43,subjid_sigma0
LOO_01_theoph_subject_02,subject_id,two_compartment,Subj_02,theoph_subject_02,318.56000000000006,72.4,0.2,10.067516326904297,10.05004317899315,10.050042998963717,3,11,1,True,43,subjid_sigma0
LOO_01_theoph_subject_02,subject_id,two_compartment,Subj_02,theoph_subject_02,318.56000000000006,72.4,0.3,10.067516326904297,10.05000750118178,10.050007509918062,4,11,1,True,43,subjid_sigma0
LOO_01_theoph_subject_02,subject_id,two_compartment,Subj_02,theoph_subject_02,318.56000000000006,72.4,0.45,10.067516326904297,10.050007501733065,10.050007541983849,5,11,1,True,43,subjid_sigma0
LOO_01_theoph_subject_02,subject_id,two_compartment,Subj_02,theoph_subject_02,318.56000000000006,72.4,0.55,10.067516326904297,10.050007500016475,10.050007505771827,7,11,1,True,43,subjid_sigma0
LOO_01_theoph_subject_02,subject_id,two_compartment,Subj_02,theoph_subject_02,318.56000000000006,72.4,0.75,10.067516326904297,10.050007500237381,10.0500075108845,9,11,1,True,43,subjid_sigma0
LOO_01_theoph_subject_02,subject_id,two_compartment,Subj_02,theoph_subject_02,318.56000000000006,72.4,1.0,10.067516326904297,10.050007500463058,10.050007543133692,11,11,1,True,43,subjid_sigma0
LOO_02_theoph_subject_03,subject_id,one_compartment,Subj_03,theoph_subject_03,319.365,70.5,0.1,0.3704242706298828,17.083744197552722,0.45499022598511263,2,11,1,True,43,subjid_sigma0
LOO_02_theoph_subject_03,subject_id,one_compartment,Subj_03,theoph_subject_03,319.365,70.5,0.2,0.3704242706298828,0.19874098484396266,0.12039238949317924,3,11,1,True,43,subjid_sigma0
LOO_02_theoph_subject_03,subject_id,one_compartment,Subj_03,theoph_subject_03,319.365,70.5,0.3,0.3704242706298828,0.5721900231084026,0.5721900229786541,4,11,1,True,43,subjid_sigma0
LOO_02_theoph_subject_03,subject_id,one_compartment,Subj_03,theoph_subject_03,319.365,70.5,0.45,0.3704242706298828,2.2188425757990036,2.2188425619371897,5,11,1,True,43,subjid_sigma0
LOO_02_theoph_subject_03,subject_id,one_compartment,Subj_03,theoph_subject_03,319.365,70.5,0.55,0.3704242706298828,0.039885364215819764,0.03988536082972143,7,11,1,True,43,subjid_sigma0
LOO_02_theoph_subject_03,subject_id,one_compartment,Subj_03,theoph_subject_03,319.365,70.5,0.75,0.3704242706298828,0.04384272580611921,0.04384272085207128,9,11,1,True,43,subjid_sigma0
LOO_02_theoph_subject_03,subject_id,one_compartment,Subj_03,theoph_subject_03,319.365,70.5,1.0,0.3704242706298828,0.03966126670644703,0.03966126670648067,11,11,1,True,43,subjid_sigma0
LOO_02_theoph_subject_03,subject_id,two_compartment,Subj_03,theoph_subject_03,319.365,70.5,0.1,9.486641883850098,9.205188022453529,9.205188046749484,2,11,1,True,43,subjid_sigma0
LOO_02_theoph_subject_03,subject_id,two_compartment,Subj_03,theoph_subject_03,319.365,70.5,0.2,9.486641883850098,9.205188023383226,9.205188047961725,3,11,1,True,43,subjid_sigma0
LOO_02_theoph_subject_03,subject_id,two_compartment,Subj_03,theoph_subject_03,319.365,70.5,0.3,9.486641883850098,9.205188021583801,9.20518806690144,4,11,1,True,43,subjid_sigma0
LOO_02_theoph_subject_03,subject_id,two_compartment,Subj_03,theoph_subject_03,319.365,70.5,0.45,9.486641883850098,9.205188022541007,9.205188041256747,5,11,1,True,43,subjid_sigma0
LOO_02_theoph_subject_03,subject_id,two_compartment,Subj_03,theoph_subject_03,319.365,70.5,0.55,9.486641883850098,9.205188021167594,9.205188048056515,7,11,1,True,43,subjid_sigma0
LOO_02_theoph_subject_03,subject_id,two_compartment,Subj_03,theoph_subject_03,319.365,70.5,0.75,9.486641883850098,9.205188021345581,9.205188040391787,9,11,1,True,43,subjid_sigma0
LOO_02_theoph_subject_03,subject_id,two_compartment,Subj_03,theoph_subject_03,319.365,70.5,1.0,9.486641883850098,9.20518802070217,9.205188040739513,11,11,1,True,43,subjid_sigma0
LOO_03_theoph_subject_04,subject_id,one_compartment,Subj_04,theoph_subject_04,319.88000000000005,72.7,0.1,0.5852976441383362,16.784456806138888,30.173291195019434,2,11,1,True,43,subjid_sigma0
LOO_03_theoph_subject_04,subject_id,one_compartment,Subj_04,theoph_subject_04,319.88000000000005,72.7,0.2,0.5852976441383362,3919.074564683324,3851.5627848146964,3,11,1,True,43,subjid_sigma0
LOO_03_theoph_subject_04,subject_id,one_compartment,Subj_04,theoph_subject_04,319.88000000000005,72.7,0.3,0.5852976441383362,4718.411612576479,4717.610918950225,4,11,1,True,43,subjid_sigma0
LOO_03_theoph_subject_04,subject_id,one_compartment,Subj_04,theoph_subject_04,319.88000000000005,72.7,0.45,0.5852976441383362,3.739458625525407,3.739365758864604,5,11,1,True,43,subjid_sigma0
LOO_03_theoph_subject_04,subject_id,one_compartment,Subj_04,theoph_subject_04,319.88000000000005,72.7,0.55,0.5852976441383362,1.4695060013619987,1.469584656743441,7,11,1,True,43,subjid_sigma0
LOO_03_theoph_subject_04,subject_id,one_compartment,Subj_04,theoph_subject_04,319.88000000000005,72.7,0.75,0.5852976441383362,0.527632702494238,0.5276338312296344,9,11,1,True,43,subjid_sigma0
LOO_03_theoph_subject_04,subject_id,one_compartment,Subj_04,theoph_subject_04,319.88000000000005,72.7,1.0,0.5852976441383362,0.5210864185885167,0.5210864185988039,11,11,1,True,43,subjid_sigma0
LOO_03_theoph_subject_04,subject_id,two_compartment,Subj_04,theoph_subject_04,319.88000000000005,72.7,0.1,9.818656921386719,29.575627372929716,27.8651111384072,2,11,1,True,43,subjid_sigma0
LOO_03_theoph_subject_04,subject_id,two_compartment,Subj_04,theoph_subject_04,319.88000000000005,72.7,0.2,9.818656921386719,9.814653676763477,9.814659167526829,3,11,1,True,43,subjid_sigma0
LOO_03_theoph_subject_04,subject_id,two_compartment,Subj_04,theoph_subject_04,319.88000000000005,72.7,0.3,9.818656921386719,9.809848289454258,9.809848313835893,4,11,1,True,43,subjid_sigma0
LOO_03_theoph_subject_04,subject_id,two_compartment,Subj_04,theoph_subject_04,319.88000000000005,72.7,0.45,9.818656921386719,9.809848253571106,9.809848272614888,5,11,1,True,43,subjid_sigma0
LOO_03_theoph_subject_04,subject_id,two_compartment,Subj_04,theoph_subject_04,319.88000000000005,72.7,0.55,9.818656921386719,9.809848253773241,9.809848271305373,7,11,1,True,43,subjid_sigma0
LOO_03_theoph_subject_04,subject_id,two_compartment,Subj_04,theoph_subject_04,319.88000000000005,72.7,0.75,9.818656921386719,9.809848253540713,9.809848277688644,9,11,1,True,43,subjid_sigma0
LOO_03_theoph_subject_04,subject_id,two_compartment,Subj_04,theoph_subject_04,319.88000000000005,72.7,1.0,9.818656921386719,9.809848253821928,9.809848271092143,11,11,1,True,43,subjid_sigma0
LOO_04_theoph_subject_05,subject_id,one_compartment,Subj_05,theoph_subject_05,319.956,54.6,0.1,2.7667012214660645,42.60683654760086,41.71974379056234,2,11,1,True,43,subjid_sigma0
LOO_04_theoph_subject_05,subject_id,one_compartment,Subj_05,theoph_subject_05,319.956,54.6,0.2,2.7667012214660645,7467.486516683109,7466.8034526448755,3,11,1,True,43,subjid_sigma0
LOO_04_theoph_subject_05,subject_id,one_compartment,Subj_05,theoph_subject_05,319.956,54.6,0.3,2.7667012214660645,9422.387303848956,9264.671408560527,4,11,1,True,43,subjid_sigma0
LOO_04_theoph_subject_05,subject_id,one_compartment,Subj_05,theoph_subject_05,319.956,54.6,0.45,2.7667012214660645,8.877530975258791,8.877267331369223,5,11,1,True,43,subjid_sigma0
LOO_04_theoph_subject_05,subject_id,one_compartment,Subj_05,theoph_subject_05,319.956,54.6,0.55,2.7667012214660645,2.514943850231369,2.5149116890716354,7,11,1,True,43,subjid_sigma0
LOO_04_theoph_subject_05,subject_id,one_compartment,Subj_05,theoph_subject_05,319.956,54.6,0.75,2.7667012214660645,1.2251737398131815,1.2251780122729028,9,11,1,True,43,subjid_sigma0
LOO_04_theoph_subject_05,subject_id,one_compartment,Subj_05,theoph_subject_05,319.956,54.6,1.0,2.7667012214660645,1.2239517886340159,1.2239517890664646,11,11,1,True,43,subjid_sigma0
LOO_04_theoph_subject_05,subject_id,two_compartment,Subj_05,theoph_subject_05,319.956,54.6,0.1,17.123477935791016,41.48143782297243,38.2986144401741,2,11,1,True,43,subjid_sigma0
LOO_04_theoph_subject_05,subject_id,two_compartment,Subj_05,theoph_subject_05,319.956,54.6,0.2,17.123477935791016,17.08713143706336,17.087130669904393,3,11,1,True,43,subjid_sigma0
LOO_04_theoph_subject_05,subject_id,two_compartment,Subj_05,theoph_subject_05,319.956,54.6,0.3,17.123477935791016,17.08662145367608,17.086621492008813,4,11,1,True,43,subjid_sigma0
LOO_04_theoph_subject_05,subject_id,two_compartment,Subj_05,theoph_subject_05,319.956,54.6,0.45,17.123477935791016,17.086621451075203,17.086621487660448,5,11,1,True,43,subjid_sigma0
LOO_04_theoph_subject_05,subject_id,two_compartment,Subj_05,theoph_subject_05,319.956,54.6,0.55,17.123477935791016,17.08662144901677,17.08662147881345,7,11,1,True,43,subjid_sigma0
LOO_04_theoph_subject_05,subject_id,two_compartment,Subj_05,theoph_subject_05,319.956,54.6,0.75,17.123477935791016,17.086621447059567,17.086621476271684,9,11,1,True,43,subjid_sigma0
LOO_04_theoph_subject_05,subject_id,two_compartment,Subj_05,theoph_subject_05,319.956,54.6,1.0,17.123477935791016,17.086621450097894,17.086621476363185,11,11,1,True,43,subjid_sigma0
LOO_05_theoph_subject_06,subject_id,one_compartment,Subj_06,theoph_subject_06,320.0,80.0,0.1,3.59604811668396,14.600711902505616,16.56424353290532,2,11,1,True,43,subjid_sigma0
LOO_05_theoph_subject_06,subject_id,one_compartment,Subj_06,theoph_subject_06,320.0,80.0,0.2,3.59604811668396,2042.729922193803,2012.8038864421185,3,11,1,True,43,subjid_sigma0
LOO_05_theoph_subject_06,subject_id,one_compartment,Subj_06,theoph_subject_06,320.0,80.0,0.3,3.59604811668396,2290.3507053123,2289.491542823423,4,11,1,True,43,subjid_sigma0
LOO_05_theoph_subject_06,subject_id,one_compartment,Subj_06,theoph_subject_06,320.0,80.0,0.45,3.59604811668396,1.2874684922684438,1.2874728827249438,5,11,1,True,43,subjid_sigma0
LOO_05_theoph_subject_06,subject_id,one_compartment,Subj_06,theoph_subject_06,320.0,80.0,0.55,3.59604811668396,0.8214784974726307,0.8214714609549664,7,11,1,True,43,subjid_sigma0
LOO_05_theoph_subject_06,subject_id,one_compartment,Subj_06,theoph_subject_06,320.0,80.0,0.75,3.59604811668396,0.24111656990906294,0.241115455790258,9,11,1,True,43,subjid_sigma0
LOO_05_theoph_subject_06,subject_id,one_compartment,Subj_06,theoph_subject_06,320.0,80.0,1.0,3.59604811668396,0.22220365615823046,0.2222036561285796,11,11,1,True,43,subjid_sigma0
LOO_05_theoph_subject_06,subject_id,two_compartment,Subj_06,theoph_subject_06,320.0,80.0,0.1,3.322295904159546,14.852168440694589,15.029531446152525,2,11,1,True,43,subjid_sigma0
LOO_05_theoph_subject_06,subject_id,two_compartment,Subj_06,theoph_subject_06,320.0,80.0,0.2,3.322295904159546,3.279583827786659,3.279587022140666,3,11,1,True,43,subjid_sigma0
LOO_05_theoph_subject_06,subject_id,two_compartment,Subj_06,theoph_subject_06,320.0,80.0,0.3,3.322295904159546,3.2464386437517407,3.2464388654420757,4,11,1,True,43,subjid_sigma0
LOO_05_theoph_subject_06,subject_id,two_compartment,Subj_06,theoph_subject_06,320.0,80.0,0.45,3.322295904159546,3.246403241275289,3.2464032398248337,5,11,1,True,43,subjid_sigma0
LOO_05_theoph_subject_06,subject_id,two_compartment,Subj_06,theoph_subject_06,320.0,80.0,0.55,3.322295904159546,3.246403241855471,3.246403239046949,7,11,1,True,43,subjid_sigma0
LOO_05_theoph_subject_06,subject_id,two_compartment,Subj_06,theoph_subject_06,320.0,80.0,0.75,3.322295904159546,3.2464032419664735,3.246403239343995,9,11,1,True,43,subjid_sigma0
LOO_05_theoph_subject_06,subject_id,two_compartment,Subj_06,theoph_subject_06,320.0,80.0,1.0,3.322295904159546,3.199702991393094,3.1997029916866793,11,11,1,True,43,subjid_sigma0
LOO_06_theoph_subject_07,subject_id,one_compartment,Subj_07,theoph_subject_07,319.77,64.6,0.1,2.077017068862915,20.735840632251307,20.650001598410288,2,11,1,True,43,subjid_sigma0
LOO_06_theoph_subject_07,subject_id,one_compartment,Subj_07,theoph_subject_07,319.77,64.6,0.2,2.077017068862915,1455.8391562808517,1455.4946922983233,3,11,1,True,43,subjid_sigma0
LOO_06_theoph_subject_07,subject_id,one_compartment,Subj_07,theoph_subject_07,319.77,64.6,0.3,2.077017068862915,1722.3209635046567,1722.1741014672648,4,11,1,True,43,subjid_sigma0
LOO_06_theoph_subject_07,subject_id,one_compartment,Subj_07,theoph_subject_07,319.77,64.6,0.45,2.077017068862915,0.3704814566643782,0.3704778827434311,5,11,1,True,43,subjid_sigma0
LOO_06_theoph_subject_07,subject_id,one_compartment,Subj_07,theoph_subject_07,319.77,64.6,0.55,2.077017068862915,0.41068043228847384,0.4106771467953811,7,11,1,True,43,subjid_sigma0
LOO_06_theoph_subject_07,subject_id,one_compartment,Subj_07,theoph_subject_07,319.77,64.6,0.75,2.077017068862915,0.14750164529732823,0.1475010902892968,9,11,1,True,43,subjid_sigma0
LOO_06_theoph_subject_07,subject_id,one_compartment,Subj_07,theoph_subject_07,319.77,64.6,1.0,2.077017068862915,0.09059610784304382,0.09059610784513805,11,11,1,True,43,subjid_sigma0
LOO_06_theoph_subject_07,subject_id,two_compartment,Subj_07,theoph_subject_07,319.77,64.6,0.1,5.10684061050415,18.322143690324616,20.23844806654753,2,11,1,True,43,subjid_sigma0
LOO_06_theoph_subject_07,subject_id,two_compartment,Subj_07,theoph_subject_07,319.77,64.6,0.2,5.10684061050415,4.931768681989935,4.931768665651441,3,11,1,True,43,subjid_sigma0
LOO_06_theoph_subject_07,subject_id,two_compartment,Subj_07,theoph_subject_07,319.77,64.6,0.3,5.10684061050415,4.836657332125531,4.83665797772419,4,11,1,True,43,subjid_sigma0
LOO_06_theoph_subject_07,subject_id,two_compartment,Subj_07,theoph_subject_07,319.77,64.6,0.45,5.10684061050415,4.83606811875468,4.836068164996941,5,11,1,True,43,subjid_sigma0
LOO_06_theoph_subject_07,subject_id,two_compartment,Subj_07,theoph_subject_07,319.77,64.6,0.55,5.10684061050415,4.836067852596353,4.836067854727637,7,11,1,True,43,subjid_sigma0
LOO_06_theoph_subject_07,subject_id,two_compartment,Subj_07,theoph_subject_07,319.77,64.6,0.75,5.10684061050415,4.836067852173328,4.836067855165554,9,11,1,True,43,subjid_sigma0
LOO_06_theoph_subject_07,subject_id,two_compartment,Subj_07,theoph_subject_07,319.77,64.6,1.0,5.10684061050415,4.836067852535008,4.836067855439312,11,11,1,True,43,subjid_sigma0
LOO_07_theoph_subject_08,subject_id,one_compartment,Subj_08,theoph_subject_08,319.365,70.5,0.1,1.329607367515564,4.067932808241582,1.0695466777362341,2,11,1,True,43,subjid_sigma0
LOO_07_theoph_subject_08,subject_id,one_compartment,Subj_08,theoph_subject_08,319.365,70.5,0.2,1.329607367515564,14.93641624323073,19.686194072989235,3,11,1,True,43,subjid_sigma0
LOO_07_theoph_subject_08,subject_id,one_compartment,Subj_08,theoph_subject_08,319.365,70.5,0.3,1.329607367515564,536.3014361395238,536.2817377957455,4,11,1,True,43,subjid_sigma0
LOO_07_theoph_subject_08,subject_id,one_compartment,Subj_08,theoph_subject_08,319.365,70.5,0.45,1.329607367515564,3.392242736688547,3.3922466673412304,5,11,1,True,43,subjid_sigma0
LOO_07_theoph_subject_08,subject_id,one_compartment,Subj_08,theoph_subject_08,319.365,70.5,0.55,1.329607367515564,0.6324079048307313,0.6324034532024858,7,11,1,True,43,subjid_sigma0
LOO_07_theoph_subject_08,subject_id,one_compartment,Subj_08,theoph_subject_08,319.365,70.5,0.75,1.329607367515564,0.3349788097834654,0.33497903506148324,9,11,1,True,43,subjid_sigma0
LOO_07_theoph_subject_08,subject_id,one_compartment,Subj_08,theoph_subject_08,319.365,70.5,1.0,1.329607367515564,0.3348500780971853,0.3348500781123732,11,11,1,True,43,subjid_sigma0
LOO_07_theoph_subject_08,subject_id,two_compartment,Subj_08,theoph_subject_08,319.365,70.5,0.1,5.74981164932251,11.686051318406708,9.329826615495474,2,11,1,True,43,subjid_sigma0
LOO_07_theoph_subject_08,subject_id,two_compartment,Subj_08,theoph_subject_08,319.365,70.5,0.2,5.74981164932251,8.982455138789476,8.60105917296468,3,11,1,True,43,subjid_sigma0
LOO_07_theoph_subject_08,subject_id,two_compartment,Subj_08,theoph_subject_08,319.365,70.5,0.3,5.74981164932251,5.713662346995486,5.7136623493200345,4,11,1,True,43,subjid_sigma0
LOO_07_theoph_subject_08,subject_id,two_compartment,Subj_08,theoph_subject_08,319.365,70.5,0.45,5.74981164932251,5.71366234723073,5.713662420759572,5,11,1,True,43,subjid_sigma0
LOO_07_theoph_subject_08,subject_id,two_compartment,Subj_08,theoph_subject_08,319.365,70.5,0.55,5.74981164932251,5.713662347079878,5.7136623487197635,7,11,1,True,43,subjid_sigma0
LOO_07_theoph_subject_08,subject_id,two_compartment,Subj_08,theoph_subject_08,319.365,70.5,0.75,5.74981164932251,5.71366234704015,5.713662347516134,9,11,1,True,43,subjid_sigma0
LOO_07_theoph_subject_08,subject_id,two_compartment,Subj_08,theoph_subject_08,319.365,70.5,1.0,5.74981164932251,5.713662346903992,5.7136623491693515,11,11,1,True,43,subjid_sigma0
LOO_08_theoph_subject_09,subject_id,one_compartment,Subj_09,theoph_subject_09,267.84000000000003,86.4,0.1,3.2854950428009033,1.032205062438249,0.374236670697009,2,11,1,True,43,subjid_sigma0
LOO_08_theoph_subject_09,subject_id,one_compartment,Subj_09,theoph_subject_09,267.84000000000003,86.4,0.2,3.2854950428009033,18.638907899396912,1.1406953781659093,3,11,1,True,43,subjid_sigma0
LOO_08_theoph_subject_09,subject_id,one_compartment,Subj_09,theoph_subject_09,267.84000000000003,86.4,0.3,3.2854950428009033,10.891036922839293,10.891037541407117,4,11,1,True,43,subjid_sigma0
LOO_08_theoph_subject_09,subject_id,one_compartment,Subj_09,theoph_subject_09,267.84000000000003,86.4,0.45,3.2854950428009033,3.1676853344715634,3.1676938769651155,5,11,1,True,43,subjid_sigma0
LOO_08_theoph_subject_09,subject_id,one_compartment,Subj_09,theoph_subject_09,267.84000000000003,86.4,0.55,3.2854950428009033,0.2854726672072935,0.28547287546938005,7,11,1,True,43,subjid_sigma0
LOO_08_theoph_subject_09,subject_id,one_compartment,Subj_09,theoph_subject_09,267.84000000000003,86.4,0.75,3.2854950428009033,0.23003762157018406,0.23003819881092005,9,11,1,True,43,subjid_sigma0
LOO_08_theoph_subject_09,subject_id,one_compartment,Subj_09,theoph_subject_09,267.84000000000003,86.4,1.0,3.2854950428009033,0.22625944686505317,0.22625944696301845,11,11,1,True,43,subjid_sigma0
LOO_08_theoph_subject_09,subject_id,two_compartment,Subj_09,theoph_subject_09,267.84000000000003,86.4,0.1,12.537069320678711,10.962020146473058,10.962020312471976,2,11,1,True,43,subjid_sigma0
LOO_08_theoph_subject_09,subject_id,two_compartment,Subj_09,theoph_subject_09,267.84000000000003,86.4,0.2,12.537069320678711,10.962020152976942,10.962020191482814,3,11,1,True,43,subjid_sigma0
LOO_08_theoph_subject_09,subject_id,two_compartment,Subj_09,theoph_subject_09,267.84000000000003,86.4,0.3,12.537069320678711,10.96202014677746,10.962020366670172,4,11,1,True,43,subjid_sigma0
LOO_08_theoph_subject_09,subject_id,two_compartment,Subj_09,theoph_subject_09,267.84000000000003,86.4,0.45,12.537069320678711,10.962020148061818,10.962020224466643,5,11,1,True,43,subjid_sigma0
LOO_08_theoph_subject_09,subject_id,two_compartment,Subj_09,theoph_subject_09,267.84000000000003,86.4,0.55,12.537069320678711,10.962020146399256,10.962020179358293,7,11,1,True,43,subjid_sigma0
LOO_08_theoph_subject_09,subject_id,two_compartment,Subj_09,theoph_subject_09,267.84000000000003,86.4,0.75,12.537069320678711,10.962020146270525,10.962020191208603,9,11,1,True,43,subjid_sigma0
LOO_08_theoph_subject_09,subject_id,two_compartment,Subj_09,theoph_subject_09,267.84000000000003,86.4,1.0,12.537069320678711,10.96202014588867,10.962020173485946,11,11,1,True,43,subjid_sigma0
LOO_09_theoph_subject_10,subject_id,one_compartment,Subj_10,theoph_subject_10,320.1,58.2,0.1,2.7081375122070312,40.36794196294607,26.164918600244416,2,11,1,True,43,subjid_sigma0
LOO_09_theoph_subject_10,subject_id,one_compartment,Subj_10,theoph_subject_10,320.1,58.2,0.2,2.7081375122070312,1.829003189384512,14.641376492982245,3,11,1,True,43,subjid_sigma0
LOO_09_theoph_subject_10,subject_id,one_compartment,Subj_10,theoph_subject_10,320.1,58.2,0.3,2.7081375122070312,17.908289504632773,17.908290056872996,4,11,1,True,43,subjid_sigma0
LOO_09_theoph_subject_10,subject_id,one_compartment,Subj_10,theoph_subject_10,320.1,58.2,0.45,2.7081375122070312,11.110816458807134,11.110891936313466,5,11,1,True,43,subjid_sigma0
LOO_09_theoph_subject_10,subject_id,one_compartment,Subj_10,theoph_subject_10,320.1,58.2,0.55,2.7081375122070312,1.0453042374096884,1.045198222789186,7,11,1,True,43,subjid_sigma0
LOO_09_theoph_subject_10,subject_id,one_compartment,Subj_10,theoph_subject_10,320.1,58.2,0.75,2.7081375122070312,0.12698270659392466,0.12698276034752964,9,11,1,True,43,subjid_sigma0
LOO_09_theoph_subject_10,subject_id,one_compartment,Subj_10,theoph_subject_10,320.1,58.2,1.0,2.7081375122070312,0.12285474971308381,0.12285474971308451,11,11,1,True,43,subjid_sigma0
LOO_09_theoph_subject_10,subject_id,two_compartment,Subj_10,theoph_subject_10,320.1,58.2,0.1,15.1442232131958,28.97745215467363,15.380750051272866,2,11,1,True,43,subjid_sigma0
LOO_09_theoph_subject_10,subject_id,two_compartment,Subj_10,theoph_subject_10,320.1,58.2,0.2,15.1442232131958,15.116408163820564,15.116408120219688,3,11,1,True,43,subjid_sigma0
LOO_09_theoph_subject_10,subject_id,two_compartment,Subj_10,theoph_subject_10,320.1,58.2,0.3,15.1442232131958,15.116344668174424,15.116344712725276,4,11,1,True,43,subjid_sigma0
LOO_09_theoph_subject_10,subject_id,two_compartment,Subj_10,theoph_subject_10,320.1,58.2,0.45,15.1442232131958,15.11634466461686,15.11634471269527,5,11,1,True,43,subjid_sigma0
LOO_09_theoph_subject_10,subject_id,two_compartment,Subj_10,theoph_subject_10,320.1,58.2,0.55,15.1442232131958,15.1163446643808,15.116344712509713,7,11,1,True,43,subjid_sigma0
LOO_09_theoph_subject_10,subject_id,two_compartment,Subj_10,theoph_subject_10,320.1,58.2,0.75,15.1442232131958,15.116344666654577,15.11634471609405,9,11,1,True,43,subjid_sigma0
LOO_09_theoph_subject_10,subject_id,two_compartment,Subj_10,theoph_subject_10,320.1,58.2,1.0,15.1442232131958,15.116344662681316,15.116344715953085,11,11,1,True,43,subjid_sigma0
LOO_10_theoph_subject_11,subject_id,one_compartment,Subj_11,theoph_subject_11,319.8,65.0,0.1,1.9584243297576904,19.328659577174154,2.454415671686328,2,11,1,True,43,subjid_sigma0
LOO_10_theoph_subject_11,subject_id,one_compartment,Subj_11,theoph_subject_11,319.8,65.0,0.2,1.9584243297576904,1.0211076957881122,0.5161541493611964,3,11,1,True,43,subjid_sigma0
LOO_10_theoph_subject_11,subject_id,one_compartment,Subj_11,theoph_subject_11,319.8,65.0,0.3,1.9584243297576904,8.074921181258713,8.074921917798905,4,11,1,True,43,subjid_sigma0
LOO_10_theoph_subject_11,subject_id,one_compartment,Subj_11,theoph_subject_11,319.8,65.0,0.45,1.9584243297576904,2.1714290356746955,2.1714288062436524,5,11,1,True,43,subjid_sigma0
LOO_10_theoph_subject_11,subject_id,one_compartment,Subj_11,theoph_subject_11,319.8,65.0,0.55,1.9584243297576904,0.09181419276001704,0.09181359984723284,7,11,1,True,43,subjid_sigma0
LOO_10_theoph_subject_11,subject_id,one_compartment,Subj_11,theoph_subject_11,319.8,65.0,0.75,1.9584243297576904,0.039388007892499785,0.03938796889482723,9,11,1,True,43,subjid_sigma0
LOO_10_theoph_subject_11,subject_id,one_compartment,Subj_11,theoph_subject_11,319.8,65.0,1.0,1.9584243297576904,0.038746928028894415,0.03874692803027883,11,11,1,True,43,subjid_sigma0
LOO_10_theoph_subject_11,subject_id,two_compartment,Subj_11,theoph_subject_11,319.8,65.0,0.1,7.161155700683594,6.718519999758772,6.7185199909264215,2,11,1,True,43,subjid_sigma0
LOO_10_theoph_subject_11,subject_id,two_compartment,Subj_11,theoph_subject_11,319.8,65.0,0.2,7.161155700683594,6.718519999291871,6.718519990502515,3,11,1,True,43,subjid_sigma0
LOO_10_theoph_subject_11,subject_id,two_compartment,Subj_11,theoph_subject_11,319.8,65.0,0.3,7.161155700683594,6.718519998884543,6.7185199904108455,4,11,1,True,43,subjid_sigma0
LOO_10_theoph_subject_11,subject_id,two_compartment,Subj_11,theoph_subject_11,319.8,65.0,0.45,7.161155700683594,6.718519998489206,6.718519994097762,5,11,1,True,43,subjid_sigma0
LOO_10_theoph_subject_11,subject_id,two_compartment,Subj_11,theoph_subject_11,319.8,65.0,0.55,7.161155700683594,6.718519999698978,6.71851999046197,7,11,1,True,43,subjid_sigma0
LOO_10_theoph_subject_11,subject_id,two_compartment,Subj_11,theoph_subject_11,319.8,65.0,0.75,7.161155700683594,6.718519999621671,6.718520012124924,9,11,1,True,43,subjid_sigma0
LOO_10_theoph_subject_11,subject_id,two_compartment,Subj_11,theoph_subject_11,319.8,65.0,1.0,7.161155700683594,6.699721831899356,6.699721835275908,11,11,1,True,43,subjid_sigma0
LOO_11_theoph_subject_12,subject_id,one_compartment,Subj_12,theoph_subject_12,320.65,60.5,0.1,1.9478504657745361,37.411709165604414,40.05301943651355,2,11,1,True,43,subjid_sigma0
LOO_11_theoph_subject_12,subject_id,one_compartment,Subj_12,theoph_subject_12,320.65,60.5,0.2,1.9478504657745361,4060.8321083355204,4058.368259508927,3,11,1,True,43,subjid_sigma0
LOO_11_theoph_subject_12,subject_id,one_compartment,Subj_12,theoph_subject_12,320.65,60.5,0.3,1.9478504657745361,4492.92801253927,4490.499716356612,4,11,1,True,43,subjid_sigma0
LOO_11_theoph_subject_12,subject_id,one_compartment,Subj_12,theoph_subject_12,320.65,60.5,0.45,1.9478504657745361,1.4517639609969344,1.4517387913786939,5,11,1,True,43,subjid_sigma0
LOO_11_theoph_subject_12,subject_id,one_compartment,Subj_12,theoph_subject_12,320.65,60.5,0.55,1.9478504657745361,1.254377334170348,1.2544067518523436,7,11,1,True,43,subjid_sigma0
LOO_11_theoph_subject_12,subject_id,one_compartment,Subj_12,theoph_subject_12,320.65,60.5,0.75,1.9478504657745361,0.2785236872978861,0.27852247538787184,9,11,1,True,43,subjid_sigma0
LOO_11_theoph_subject_12,subject_id,one_compartment,Subj_12,theoph_subject_12,320.65,60.5,1.0,1.9478504657745361,0.2553815650791256,0.25538156510433574,11,11,1,True,43,subjid_sigma0
LOO_11_theoph_subject_12,subject_id,two_compartment,Subj_12,theoph_subject_12,320.65,60.5,0.1,14.896639823913574,39.29152712176631,38.185551037421845,2,11,1,True,43,subjid_sigma0
LOO_11_theoph_subject_12,subject_id,two_compartment,Subj_12,theoph_subject_12,320.65,60.5,0.2,14.896639823913574,14.87900475046344,14.879029840545966,3,11,1,True,43,subjid_sigma0
LOO_11_theoph_subject_12,subject_id,two_compartment,Subj_12,theoph_subject_12,320.65,60.5,0.3,14.896639823913574,14.862900556832056,14.862900605193612,4,11,1,True,43,subjid_sigma0
LOO_11_theoph_subject_12,subject_id,two_compartment,Subj_12,theoph_subject_12,320.65,60.5,0.45,14.896639823913574,14.862898593063608,14.8628986530923,5,11,1,True,43,subjid_sigma0
LOO_11_theoph_subject_12,subject_id,two_compartment,Subj_12,theoph_subject_12,320.65,60.5,0.55,14.896639823913574,14.862898590505585,14.86289865099722,7,11,1,True,43,subjid_sigma0
LOO_11_theoph_subject_12,subject_id,two_compartment,Subj_12,theoph_subject_12,320.65,60.5,0.75,14.896639823913574,14.86289858668595,14.86289863858524,9,11,1,True,43,subjid_sigma0
LOO_11_theoph_subject_12,subject_id,two_compartment,Subj_12,theoph_subject_12,320.65,60.5,1.0,14.896639823913574,14.862898587887042,14.86289865221384,11,11,1,True,43,subjid_sigma0
LOO_00_theoph_subject_01,subject_id,one_compartment,Subj_01,theoph_subject_01,319.99199999999996,79.6,0.1,3.404561758041382,35.02388598951851,29.95073225215087,2,11,1,True,44,subjid_sigma0
LOO_00_theoph_subject_01,subject_id,one_compartment,Subj_01,theoph_subject_01,319.99199999999996,79.6,0.2,3.404561758041382,10102.350232542209,10102.321947869628,3,11,1,True,44,subjid_sigma0
LOO_00_theoph_subject_01,subject_id,one_compartment,Subj_01,theoph_subject_01,319.99199999999996,79.6,0.3,3.404561758041382,11.085749048626079,11.086362378457455,4,11,1,True,44,subjid_sigma0
LOO_00_theoph_subject_01,subject_id,one_compartment,Subj_01,theoph_subject_01,319.99199999999996,79.6,0.45,3.404561758041382,13.08546809760161,13.085251478796723,5,11,1,True,44,subjid_sigma0
LOO_00_theoph_subject_01,subject_id,one_compartment,Subj_01,theoph_subject_01,319.99199999999996,79.6,0.55,3.404561758041382,1.4559431413953627,1.4559334604506318,7,11,1,True,44,subjid_sigma0
LOO_00_theoph_subject_01,subject_id,one_compartment,Subj_01,theoph_subject_01,319.99199999999996,79.6,0.75,3.404561758041382,0.45811970197844243,0.45812691238249087,9,11,1,True,44,subjid_sigma0
LOO_00_theoph_subject_01,subject_id,one_compartment,Subj_01,theoph_subject_01,319.99199999999996,79.6,1.0,3.404561758041382,0.38963718406346454,0.3896371842009483,11,11,1,True,44,subjid_sigma0
LOO_00_theoph_subject_01,subject_id,two_compartment,Subj_01,theoph_subject_01,319.99199999999996,79.6,0.1,18.458467483520508,34.794899574278745,38.61169292879047,2,11,1,True,44,subjid_sigma0
LOO_00_theoph_subject_01,subject_id,two_compartment,Subj_01,theoph_subject_01,319.99199999999996,79.6,0.2,18.458467483520508,18.35710515560439,18.35710520112409,3,11,1,True,44,subjid_sigma0
LOO_00_theoph_subject_01,subject_id,two_compartment,Subj_01,theoph_subject_01,319.99199999999996,79.6,0.3,18.458467483520508,18.35710509099385,18.357105146940434,4,11,1,True,44,subjid_sigma0
LOO_00_theoph_subject_01,subject_id,two_compartment,Subj_01,theoph_subject_01,319.99199999999996,79.6,0.45,18.458467483520508,18.357105086471226,18.357105147253105,5,11,1,True,44,subjid_sigma0
LOO_00_theoph_subject_01,subject_id,two_compartment,Subj_01,theoph_subject_01,319.99199999999996,79.6,0.55,18.458467483520508,18.357105083401237,18.357105161078405,7,11,1,True,44,subjid_sigma0
LOO_00_theoph_subject_01,subject_id,two_compartment,Subj_01,theoph_subject_01,319.99199999999996,79.6,0.75,18.458467483520508,18.357105083117073,18.357105148460494,9,11,1,True,44,subjid_sigma0
LOO_00_theoph_subject_01,subject_id,two_compartment,Subj_01,theoph_subject_01,319.99199999999996,79.6,1.0,18.458467483520508,18.357105080763066,18.35710516010663,11,11,1,True,44,subjid_sigma0
LOO_01_theoph_subject_02,subject_id,one_compartment,Subj_02,theoph_subject_02,318.56000000000006,72.4,0.1,1.6300582885742188,17.847517488325938,28.712203277483788,2,11,1,True,44,subjid_sigma0
LOO_01_theoph_subject_02,subject_id,one_compartment,Subj_02,theoph_subject_02,318.56000000000006,72.4,0.2,1.6300582885742188,14130.090604556288,14125.105703114665,3,11,1,True,44,subjid_sigma0
LOO_01_theoph_subject_02,subject_id,one_compartment,Subj_02,theoph_subject_02,318.56000000000006,72.4,0.3,1.6300582885742188,4.915549185445855,4.915516041492594,4,11,1,True,44,subjid_sigma0
LOO_01_theoph_subject_02,subject_id,one_compartment,Subj_02,theoph_subject_02,318.56000000000006,72.4,0.45,1.6300582885742188,6.6762428579036825,6.676215247321721,5,11,1,True,44,subjid_sigma0
LOO_01_theoph_subject_02,subject_id,one_compartment,Subj_02,theoph_subject_02,318.56000000000006,72.4,0.55,1.6300582885742188,1.1352489644265444,1.1352251866389425,7,11,1,True,44,subjid_sigma0
LOO_01_theoph_subject_02,subject_id,one_compartment,Subj_02,theoph_subject_02,318.56000000000006,72.4,0.75,1.6300582885742188,0.8145606477543502,0.8145589101312912,9,11,1,True,44,subjid_sigma0
LOO_01_theoph_subject_02,subject_id,one_compartment,Subj_02,theoph_subject_02,318.56000000000006,72.4,1.0,1.6300582885742188,0.8134822109753834,0.8134822113899488,11,11,1,True,44,subjid_sigma0
LOO_01_theoph_subject_02,subject_id,two_compartment,Subj_02,theoph_subject_02,318.56000000000006,72.4,0.1,10.116559028625488,23.548717788424618,26.419997011034035,2,11,1,True,44,subjid_sigma0
LOO_01_theoph_subject_02,subject_id,two_compartment,Subj_02,theoph_subject_02,318.56000000000006,72.4,0.2,10.116559028625488,10.050043082014172,10.050044001338488,3,11,1,True,44,subjid_sigma0
LOO_01_theoph_subject_02,subject_id,two_compartment,Subj_02,theoph_subject_02,318.56000000000006,72.4,0.3,10.116559028625488,10.050007501196859,10.050007506946361,4,11,1,True,44,subjid_sigma0
LOO_01_theoph_subject_02,subject_id,two_compartment,Subj_02,theoph_subject_02,318.56000000000006,72.4,0.45,10.116559028625488,10.050007501322474,10.050007506869251,5,11,1,True,44,subjid_sigma0
LOO_01_theoph_subject_02,subject_id,two_compartment,Subj_02,theoph_subject_02,318.56000000000006,72.4,0.55,10.116559028625488,10.050007500032638,10.050007511019327,7,11,1,True,44,subjid_sigma0
LOO_01_theoph_subject_02,subject_id,two_compartment,Subj_02,theoph_subject_02,318.56000000000006,72.4,0.75,10.116559028625488,10.05000750006641,10.050007508685303,9,11,1,True,44,subjid_sigma0
LOO_01_theoph_subject_02,subject_id,two_compartment,Subj_02,theoph_subject_02,318.56000000000006,72.4,1.0,10.116559028625488,10.050007500247126,10.050007516326756,11,11,1,True,44,subjid_sigma0
LOO_02_theoph_subject_03,subject_id,one_compartment,Subj_03,theoph_subject_03,319.365,70.5,0.1,0.5430421233177185,5.08543242183182,0.9872917404980872,2,11,1,True,44,subjid_sigma0
LOO_02_theoph_subject_03,subject_id,one_compartment,Subj_03,theoph_subject_03,319.365,70.5,0.2,0.5430421233177185,6.415050807976439,0.4902969167124608,3,11,1,True,44,subjid_sigma0
LOO_02_theoph_subject_03,subject_id,one_compartment,Subj_03,theoph_subject_03,319.365,70.5,0.3,0.5430421233177185,0.5721900231082008,0.5721900230035717,4,11,1,True,44,subjid_sigma0
LOO_02_theoph_subject_03,subject_id,one_compartment,Subj_03,theoph_subject_03,319.365,70.5,0.45,0.5430421233177185,2.218842554258086,2.2188427593956566,5,11,1,True,44,subjid_sigma0
LOO_02_theoph_subject_03,subject_id,one_compartment,Subj_03,theoph_subject_03,319.365,70.5,0.55,0.5430421233177185,0.03988536449104405,0.03988536532181373,7,11,1,True,44,subjid_sigma0
LOO_02_theoph_subject_03,subject_id,one_compartment,Subj_03,theoph_subject_03,319.365,70.5,0.75,0.5430421233177185,0.043842726478633125,0.0438427272599295,9,11,1,True,44,subjid_sigma0
LOO_02_theoph_subject_03,subject_id,one_compartment,Subj_03,theoph_subject_03,319.365,70.5,1.0,0.5430421233177185,0.03966126670644605,0.03966126670649976,11,11,1,True,44,subjid_sigma0
LOO_02_theoph_subject_03,subject_id,two_compartment,Subj_03,theoph_subject_03,319.365,70.5,0.1,9.599305152893066,9.205188021460224,9.205188050763846,2,11,1,True,44,subjid_sigma0
LOO_02_theoph_subject_03,subject_id,two_compartment,Subj_03,theoph_subject_03,319.365,70.5,0.2,9.599305152893066,9.20518802842851,9.205188049823697,3,11,1,True,44,subjid_sigma0
LOO_02_theoph_subject_03,subject_id,two_compartment,Subj_03,theoph_subject_03,319.365,70.5,0.3,9.599305152893066,9.205188021620717,9.205188052371774,4,11,1,True,44,subjid_sigma0
LOO_02_theoph_subject_03,subject_id,two_compartment,Subj_03,theoph_subject_03,319.365,70.5,0.45,9.599305152893066,9.205188021086832,9.205188052487326,5,11,1,True,44,subjid_sigma0
LOO_02_theoph_subject_03,subject_id,two_compartment,Subj_03,theoph_subject_03,319.365,70.5,0.55,9.599305152893066,9.205188021163638,9.205188045473188,7,11,1,True,44,subjid_sigma0
LOO_02_theoph_subject_03,subject_id,two_compartment,Subj_03,theoph_subject_03,319.365,70.5,0.75,9.599305152893066,9.205188021181248,9.205188044916667,9,11,1,True,44,subjid_sigma0
LOO_02_theoph_subject_03,subject_id,two_compartment,Subj_03,theoph_subject_03,319.365,70.5,1.0,9.599305152893066,9.205188020726133,9.20518803879111,11,11,1,True,44,subjid_sigma0
LOO_03_theoph_subject_04,subject_id,one_compartment,Subj_04,theoph_subject_04,319.88000000000005,72.7,0.1,0.8130376935005188,30.303216728106108,30.21793372421108,2,11,1,True,44,subjid_sigma0
LOO_03_theoph_subject_04,subject_id,one_compartment,Subj_04,theoph_subject_04,319.88000000000005,72.7,0.2,0.8130376935005188,3919.1647592417894,3916.7418003616954,3,11,1,True,44,subjid_sigma0
LOO_03_theoph_subject_04,subject_id,one_compartment,Subj_04,theoph_subject_04,319.88000000000005,72.7,0.3,0.8130376935005188,4718.15830436559,4716.916052526009,4,11,1,True,44,subjid_sigma0
LOO_03_theoph_subject_04,subject_id,one_compartment,Subj_04,theoph_subject_04,319.88000000000005,72.7,0.45,0.8130376935005188,3.7394484457955723,3.7397347776430525,5,11,1,True,44,subjid_sigma0
LOO_03_theoph_subject_04,subject_id,one_compartment,Subj_04,theoph_subject_04,319.88000000000005,72.7,0.55,0.8130376935005188,1.469443068831424,1.4693715832448084,7,11,1,True,44,subjid_sigma0
LOO_03_theoph_subject_04,subject_id,one_compartment,Subj_04,theoph_subject_04,319.88000000000005,72.7,0.75,0.8130376935005188,0.5276325441849887,0.5276342505337274,9,11,1,True,44,subjid_sigma0
LOO_03_theoph_subject_04,subject_id,one_compartment,Subj_04,theoph_subject_04,319.88000000000005,72.7,1.0,0.8130376935005188,0.5210864185864765,0.5210864187776827,11,11,1,True,44,subjid_sigma0
LOO_03_theoph_subject_04,subject_id,two_compartment,Subj_04,theoph_subject_04,319.88000000000005,72.7,0.1,9.819421768188477,24.721524853966727,28.179432128839572,2,11,1,True,44,subjid_sigma0
LOO_03_theoph_subject_04,subject_id,two_compartment,Subj_04,theoph_subject_04,319.88000000000005,72.7,0.2,9.819421768188477,9.814653227660312,9.814659282734967,3,11,1,True,44,subjid_sigma0
LOO_03_theoph_subject_04,subject_id,two_compartment,Subj_04,theoph_subject_04,319.88000000000005,72.7,0.3,9.819421768188477,9.809848293616186,9.809848337798478,4,11,1,True,44,subjid_sigma0
LOO_03_theoph_subject_04,subject_id,two_compartment,Subj_04,theoph_subject_04,319.88000000000005,72.7,0.45,9.819421768188477,9.80984825669299,9.809848273552824,5,11,1,True,44,subjid_sigma0
LOO_03_theoph_subject_04,subject_id,two_compartment,Subj_04,theoph_subject_04,319.88000000000005,72.7,0.55,9.819421768188477,9.809848253582286,9.809848274645606,7,11,1,True,44,subjid_sigma0
LOO_03_theoph_subject_04,subject_id,two_compartment,Subj_04,theoph_subject_04,319.88000000000005,72.7,0.75,9.819421768188477,9.809848254325551,9.809848274812635,9,11,1,True,44,subjid_sigma0
LOO_03_theoph_subject_04,subject_id,two_compartment,Subj_04,theoph_subject_04,319.88000000000005,72.7,1.0,9.819421768188477,9.80984825438446,9.809848273140041,11,11,1,True,44,subjid_sigma0
LOO_04_theoph_subject_05,subject_id,one_compartment,Subj_05,theoph_subject_05,319.956,54.6,0.1,3.0012106895446777,41.36457540181951,42.417561856578956,2,11,1,True,44,subjid_sigma0
LOO_04_theoph_subject_05,subject_id,one_compartment,Subj_05,theoph_subject_05,319.956,54.6,0.2,3.0012106895446777,7467.0428594706755,7467.600469317049,3,11,1,True,44,subjid_sigma0
LOO_04_theoph_subject_05,subject_id,one_compartment,Subj_05,theoph_subject_05,319.956,54.6,0.3,3.0012106895446777,9422.977997029748,9420.968114638335,4,11,1,True,44,subjid_sigma0
LOO_04_theoph_subject_05,subject_id,one_compartment,Subj_05,theoph_subject_05,319.956,54.6,0.45,3.0012106895446777,8.877244851692277,8.877142583691768,5,11,1,True,44,subjid_sigma0
LOO_04_theoph_subject_05,subject_id,one_compartment,Subj_05,theoph_subject_05,319.956,54.6,0.55,3.0012106895446777,2.5149239002784936,2.514903308123728,7,11,1,True,44,subjid_sigma0
LOO_04_theoph_subject_05,subject_id,one_compartment,Subj_05,theoph_subject_05,319.956,54.6,0.75,3.0012106895446777,1.2251744935203597,1.225178072804477,9,11,1,True,44,subjid_sigma0
LOO_04_theoph_subject_05,subject_id,one_compartment,Subj_05,theoph_subject_05,319.956,54.6,1.0,3.0012106895446777,1.2239517886036833,1.2239517891138252,11,11,1,True,44,subjid_sigma0
LOO_04_theoph_subject_05,subject_id,two_compartment,Subj_05,theoph_subject_05,319.956,54.6,0.1,17.089311599731445,41.01616998668695,39.53587686511643,2,11,1,True,44,subjid_sigma0
LOO_04_theoph_subject_05,subject_id,two_compartment,Subj_05,theoph_subject_05,319.956,54.6,0.2,17.089311599731445,17.08713104932842,17.087131148003774,3,11,1,True,44,subjid_sigma0
LOO_04_theoph_subject_05,subject_id,two_compartment,Subj_05,theoph_subject_05,319.956,54.6,0.3,17.089311599731445,17.086621455941675,17.086621504163382,4,11,1,True,44,subjid_sigma0
LOO_04_theoph_subject_05,subject_id,two_compartment,Subj_05,theoph_subject_05,319.956,54.6,0.45,17.089311599731445,17.08662145086381,17.086621502658215,5,11,1,True,44,subjid_sigma0
LOO_04_theoph_subject_05,subject_id,two_compartment,Subj_05,theoph_subject_05,319.956,54.6,0.55,17.089311599731445,17.08662144637412,17.08662152632749,7,11,1,True,44,subjid_sigma0
LOO_04_theoph_subject_05,subject_id,two_compartment,Subj_05,theoph_subject_05,319.956,54.6,0.75,17.089311599731445,17.0866214487641,17.08662150764507,9,11,1,True,44,subjid_sigma0
LOO_04_theoph_subject_05,subject_id,two_compartment,Subj_05,theoph_subject_05,319.956,54.6,1.0,17.089311599731445,17.086621448614782,17.0866214691854,11,11,1,True,44,subjid_sigma0
LOO_05_theoph_subject_06,subject_id,one_compartment,Subj_06,theoph_subject_06,320.0,80.0,0.1,3.706096887588501,8.41279791335329,16.083051326536847,2,11,1,True,44,subjid_sigma0
LOO_05_theoph_subject_06,subject_id,one_compartment,Subj_06,theoph_subject_06,320.0,80.0,0.2,3.706096887588501,2043.3282720552015,2012.8065328752616,3,11,1,True,44,subjid_sigma0
LOO_05_theoph_subject_06,subject_id,one_compartment,Subj_06,theoph_subject_06,320.0,80.0,0.3,3.706096887588501,2290.3942077225465,2289.8752579754682,4,11,1,True,44,subjid_sigma0
LOO_05_theoph_subject_06,subject_id,one_compartment,Subj_06,theoph_subject_06,320.0,80.0,0.45,3.706096887588501,1.287529535069429,1.2874855017852538,5,11,1,True,44,subjid_sigma0
LOO_05_theoph_subject_06,subject_id,one_compartment,Subj_06,theoph_subject_06,320.0,80.0,0.55,3.706096887588501,0.8214785509499744,0.8214676278774992,7,11,1,True,44,subjid_sigma0
LOO_05_theoph_subject_06,subject_id,one_compartment,Subj_06,theoph_subject_06,320.0,80.0,0.75,3.706096887588501,0.241116541467965,0.24111595073309325,9,11,1,True,44,subjid_sigma0
LOO_05_theoph_subject_06,subject_id,one_compartment,Subj_06,theoph_subject_06,320.0,80.0,1.0,3.706096887588501,0.22220365612942575,0.22220365617703394,11,11,1,True,44,subjid_sigma0
LOO_05_theoph_subject_06,subject_id,two_compartment,Subj_06,theoph_subject_06,320.0,80.0,0.1,3.3154990673065186,3.880424621304853,14.9479796975028,2,11,1,True,44,subjid_sigma0
LOO_05_theoph_subject_06,subject_id,two_compartment,Subj_06,theoph_subject_06,320.0,80.0,0.2,3.3154990673065186,3.2795851749316185,3.2795856467030764,3,11,1,True,44,subjid_sigma0
LOO_05_theoph_subject_06,subject_id,two_compartment,Subj_06,theoph_subject_06,320.0,80.0,0.3,3.3154990673065186,3.246438546396922,3.246438724162198,4,11,1,True,44,subjid_sigma0
LOO_05_theoph_subject_06,subject_id,two_compartment,Subj_06,theoph_subject_06,320.0,80.0,0.45,3.3154990673065186,3.2464032412681805,3.246403257189756,5,11,1,True,44,subjid_sigma0
LOO_05_theoph_subject_06,subject_id,two_compartment,Subj_06,theoph_subject_06,320.0,80.0,0.55,3.3154990673065186,3.246403241723955,3.246403238516207,7,11,1,True,44,subjid_sigma0
LOO_05_theoph_subject_06,subject_id,two_compartment,Subj_06,theoph_subject_06,320.0,80.0,0.75,3.3154990673065186,3.2464032418974726,3.2464032368754676,9,11,1,True,44,subjid_sigma0
LOO_05_theoph_subject_06,subject_id,two_compartment,Subj_06,theoph_subject_06,320.0,80.0,1.0,3.3154990673065186,3.1997029914192283,3.1997030030793496,11,11,1,True,44,subjid_sigma0
LOO_06_theoph_subject_07,subject_id,one_compartment,Subj_07,theoph_subject_07,319.77,64.6,0.1,2.6888186931610107,17.705540867855476,20.730151338801555,2,11,1,True,44,subjid_sigma0
LOO_06_theoph_subject_07,subject_id,one_compartment,Subj_07,theoph_subject_07,319.77,64.6,0.2,2.6888186931610107,1455.7878068225245,1455.0998034245697,3,11,1,True,44,subjid_sigma0
LOO_06_theoph_subject_07,subject_id,one_compartment,Subj_07,theoph_subject_07,319.77,64.6,0.3,2.6888186931610107,1722.3735265878402,1693.2011677065625,4,11,1,True,44,subjid_sigma0
LOO_06_theoph_subject_07,subject_id,one_compartment,Subj_07,theoph_subject_07,319.77,64.6,0.45,2.6888186931610107,0.37048037809354734,0.37047065604645174,5,11,1,True,44,subjid_sigma0
LOO_06_theoph_subject_07,subject_id,one_compartment,Subj_07,theoph_subject_07,319.77,64.6,0.55,2.6888186931610107,0.4106783671432778,0.4106878503132,7,11,1,True,44,subjid_sigma0
LOO_06_theoph_subject_07,subject_id,one_compartment,Subj_07,theoph_subject_07,319.77,64.6,0.75,2.6888186931610107,0.14750162237997622,0.14750250911593846,9,11,1,True,44,subjid_sigma0
LOO_06_theoph_subject_07,subject_id,one_compartment,Subj_07,theoph_subject_07,319.77,64.6,1.0,2.6888186931610107,0.09059610784289102,0.09059610784429506,11,11,1,True,44,subjid_sigma0
LOO_06_theoph_subject_07,subject_id,two_compartment,Subj_07,theoph_subject_07,319.77,64.6,0.1,5.083732604980469,20.30951378799034,20.202238060397498,2,11,1,True,44,subjid_sigma0
LOO_06_theoph_subject_07,subject_id,two_compartment,Subj_07,theoph_subject_07,319.77,64.6,0.2,5.083732604980469,4.9317691966521915,4.931770004182854,3,11,1,True,44,subjid_sigma0
LOO_06_theoph_subject_07,subject_id,two_compartment,Subj_07,theoph_subject_07,319.77,64.6,0.3,5.083732604980469,4.836657278981677,4.836659140432606,4,11,1,True,44,subjid_sigma0
LOO_06_theoph_subject_07,subject_id,two_compartment,Subj_07,theoph_subject_07,319.77,64.6,0.45,5.083732604980469,4.836068126595368,4.836068176639295,5,11,1,True,44,subjid_sigma0
LOO_06_theoph_subject_07,subject_id,two_compartment,Subj_07,theoph_subject_07,319.77,64.6,0.55,5.083732604980469,4.836067852797565,4.836067856990274,7,11,1,True,44,subjid_sigma0
LOO_06_theoph_subject_07,subject_id,two_compartment,Subj_07,theoph_subject_07,319.77,64.6,0.75,5.083732604980469,4.83606785288878,4.836067863178655,9,11,1,True,44,subjid_sigma0
LOO_06_theoph_subject_07,subject_id,two_compartment,Subj_07,theoph_subject_07,319.77,64.6,1.0,5.083732604980469,4.836067852562008,4.8360678558920505,11,11,1,True,44,subjid_sigma0
LOO_07_theoph_subject_08,subject_id,one_compartment,Subj_08,theoph_subject_08,319.365,70.5,0.1,1.0410932302474976,8.245636521548294,1.3174246351196477,2,11,1,True,44,subjid_sigma0
LOO_07_theoph_subject_08,subject_id,one_compartment,Subj_08,theoph_subject_08,319.365,70.5,0.2,1.0410932302474976,6.148778098370055,18.894174232040935,3,11,1,True,44,subjid_sigma0
LOO_07_theoph_subject_08,subject_id,one_compartment,Subj_08,theoph_subject_08,319.365,70.5,0.3,1.0410932302474976,536.3089492870005,536.2481191132503,4,11,1,True,44,subjid_sigma0
LOO_07_theoph_subject_08,subject_id,one_compartment,Subj_08,theoph_subject_08,319.365,70.5,0.45,1.0410932302474976,3.3922260748471205,3.3921602167958613,5,11,1,True,44,subjid_sigma0
LOO_07_theoph_subject_08,subject_id,one_compartment,Subj_08,theoph_subject_08,319.365,70.5,0.55,1.0410932302474976,0.6324100591061107,0.6324099791509364,7,11,1,True,44,subjid_sigma0
LOO_07_theoph_subject_08,subject_id,one_compartment,Subj_08,theoph_subject_08,319.365,70.5,0.75,1.0410932302474976,0.334978803077807,0.33497865337173666,9,11,1,True,44,subjid_sigma0
LOO_07_theoph_subject_08,subject_id,one_compartment,Subj_08,theoph_subject_08,319.365,70.5,1.0,1.0410932302474976,0.33485007809675066,0.3348500781024147,11,11,1,True,44,subjid_sigma0
LOO_07_theoph_subject_08,subject_id,two_compartment,Subj_08,theoph_subject_08,319.365,70.5,0.1,5.749868392944336,12.242897167778636,9.253351618953015,2,11,1,True,44,subjid_sigma0
LOO_07_theoph_subject_08,subject_id,two_compartment,Subj_08,theoph_subject_08,319.365,70.5,0.2,5.749868392944336,8.924460090491221,8.70436569003521,3,11,1,True,44,subjid_sigma0
LOO_07_theoph_subject_08,subject_id,two_compartment,Subj_08,theoph_subject_08,319.365,70.5,0.3,5.749868392944336,5.713662347185933,5.7136628623637105,4,11,1,True,44,subjid_sigma0
LOO_07_theoph_subject_08,subject_id,two_compartment,Subj_08,theoph_subject_08,319.365,70.5,0.45,5.749868392944336,5.713662347149509,5.713662420753318,5,11,1,True,44,subjid_sigma0
LOO_07_theoph_subject_08,subject_id,two_compartment,Subj_08,theoph_subject_08,319.365,70.5,0.55,5.749868392944336,5.713662347075668,5.71366241992626,7,11,1,True,44,subjid_sigma0
LOO_07_theoph_subject_08,subject_id,two_compartment,Subj_08,theoph_subject_08,319.365,70.5,0.75,5.749868392944336,5.713662347094814,5.713662420876096,9,11,1,True,44,subjid_sigma0
LOO_07_theoph_subject_08,subject_id,two_compartment,Subj_08,theoph_subject_08,319.365,70.5,1.0,5.749868392944336,5.713662346901996,5.713662347711176,11,11,1,True,44,subjid_sigma0
LOO_08_theoph_subject_09,subject_id,one_compartment,Subj_09,theoph_subject_09,267.84000000000003,86.4,0.1,2.948671579360962,2.049872232396633,0.4858267118737368,2,11,1,True,44,subjid_sigma0
LOO_08_theoph_subject_09,subject_id,one_compartment,Subj_09,theoph_subject_09,267.84000000000003,86.4,0.2,2.948671579360962,5.791967658542902,1.1757017533477168,3,11,1,True,44,subjid_sigma0
LOO_08_theoph_subject_09,subject_id,one_compartment,Subj_09,theoph_subject_09,267.84000000000003,86.4,0.3,2.948671579360962,10.891035742380609,10.891036512096278,4,11,1,True,44,subjid_sigma0
LOO_08_theoph_subject_09,subject_id,one_compartment,Subj_09,theoph_subject_09,267.84000000000003,86.4,0.45,2.948671579360962,3.1676779848689502,3.1676302316796354,5,11,1,True,44,subjid_sigma0
LOO_08_theoph_subject_09,subject_id,one_compartment,Subj_09,theoph_subject_09,267.84000000000003,86.4,0.55,2.948671579360962,0.28547196068861214,0.2854646916625395,7,11,1,True,44,subjid_sigma0
LOO_08_theoph_subject_09,subject_id,one_compartment,Subj_09,theoph_subject_09,267.84000000000003,86.4,0.75,2.948671579360962,0.23003758104931651,0.23003748692017797,9,11,1,True,44,subjid_sigma0
LOO_08_theoph_subject_09,subject_id,one_compartment,Subj_09,theoph_subject_09,267.84000000000003,86.4,1.0,2.948671579360962,0.22625944686558236,0.226259446870546,11,11,1,True,44,subjid_sigma0
LOO_08_theoph_subject_09,subject_id,two_compartment,Subj_09,theoph_subject_09,267.84000000000003,86.4,0.1,13.278595924377441,10.96202015620028,10.962020215537544,2,11,1,True,44,subjid_sigma0
LOO_08_theoph_subject_09,subject_id,two_compartment,Subj_09,theoph_subject_09,267.84000000000003,86.4,0.2,13.278595924377441,10.962020151440035,10.96202018886713,3,11,1,True,44,subjid_sigma0
LOO_08_theoph_subject_09,subject_id,two_compartment,Subj_09,theoph_subject_09,267.84000000000003,86.4,0.3,13.278595924377441,10.962020153830279,10.962020223178586,4,11,1,True,44,subjid_sigma0
LOO_08_theoph_subject_09,subject_id,two_compartment,Subj_09,theoph_subject_09,267.84000000000003,86.4,0.45,13.278595924377441,10.962020147734414,10.962020205229715,5,11,1,True,44,subjid_sigma0
LOO_08_theoph_subject_09,subject_id,two_compartment,Subj_09,theoph_subject_09,267.84000000000003,86.4,0.55,13.278595924377441,10.962020146962951,10.96202019660345,7,11,1,True,44,subjid_sigma0
LOO_08_theoph_subject_09,subject_id,two_compartment,Subj_09,theoph_subject_09,267.84000000000003,86.4,0.75,13.278595924377441,10.962020146080075,10.962020190880176,9,11,1,True,44,subjid_sigma0
LOO_08_theoph_subject_09,subject_id,two_compartment,Subj_09,theoph_subject_09,267.84000000000003,86.4,1.0,13.278595924377441,10.962020145677648,10.96202019390864,11,11,1,True,44,subjid_sigma0
LOO_09_theoph_subject_10,subject_id,one_compartment,Subj_10,theoph_subject_10,320.1,58.2,0.1,2.7656795978546143,20.721348966686126,9.708582485101775,2,11,1,True,44,subjid_sigma0
LOO_09_theoph_subject_10,subject_id,one_compartment,Subj_10,theoph_subject_10,320.1,58.2,0.2,2.7656795978546143,4.271735598443959,13.15817507294919,3,11,1,True,44,subjid_sigma0
LOO_09_theoph_subject_10,subject_id,one_compartment,Subj_10,theoph_subject_10,320.1,58.2,0.3,2.7656795978546143,17.908289332140967,17.908289680036095,4,11,1,True,44,subjid_sigma0
LOO_09_theoph_subject_10,subject_id,one_compartment,Subj_10,theoph_subject_10,320.1,58.2,0.45,2.7656795978546143,11.110901062843412,11.110816063773315,5,11,1,True,44,subjid_sigma0
LOO_09_theoph_subject_10,subject_id,one_compartment,Subj_10,theoph_subject_10,320.1,58.2,0.55,2.7656795978546143,1.045305163047557,1.0451733269820827,7,11,1,True,44,subjid_sigma0
LOO_09_theoph_subject_10,subject_id,one_compartment,Subj_10,theoph_subject_10,320.1,58.2,0.75,2.7656795978546143,0.12698270295661604,0.12698280142839455,9,11,1,True,44,subjid_sigma0
LOO_09_theoph_subject_10,subject_id,one_compartment,Subj_10,theoph_subject_10,320.1,58.2,1.0,2.7656795978546143,0.12285474971308333,0.12285474971308599,11,11,1,True,44,subjid_sigma0
LOO_09_theoph_subject_10,subject_id,two_compartment,Subj_10,theoph_subject_10,320.1,58.2,0.1,15.137310981750488,31.853390522540124,15.15333556518617,2,11,1,True,44,subjid_sigma0
LOO_09_theoph_subject_10,subject_id,two_compartment,Subj_10,theoph_subject_10,320.1,58.2,0.2,15.137310981750488,15.116408221714995,15.11640818641705,3,11,1,True,44,subjid_sigma0
LOO_09_theoph_subject_10,subject_id,two_compartment,Subj_10,theoph_subject_10,320.1,58.2,0.3,15.137310981750488,15.116344674545036,15.11634470918756,4,11,1,True,44,subjid_sigma0
LOO_09_theoph_subject_10,subject_id,two_compartment,Subj_10,theoph_subject_10,320.1,58.2,0.45,15.137310981750488,15.11634466510619,15.116344709480876,5,11,1,True,44,subjid_sigma0
LOO_09_theoph_subject_10,subject_id,two_compartment,Subj_10,theoph_subject_10,320.1,58.2,0.55,15.137310981750488,15.116344663470311,15.116344710031198,7,11,1,True,44,subjid_sigma0
LOO_09_theoph_subject_10,subject_id,two_compartment,Subj_10,theoph_subject_10,320.1,58.2,0.75,15.137310981750488,15.116344664200085,15.116344709215129,9,11,1,True,44,subjid_sigma0
LOO_09_theoph_subject_10,subject_id,two_compartment,Subj_10,theoph_subject_10,320.1,58.2,1.0,15.137310981750488,15.116344663204735,15.116344727908148,11,11,1,True,44,subjid_sigma0
LOO_10_theoph_subject_11,subject_id,one_compartment,Subj_11,theoph_subject_11,319.8,65.0,0.1,2.3237600326538086,14.387797522944407,0.573705614434695,2,11,1,True,44,subjid_sigma0
LOO_10_theoph_subject_11,subject_id,one_compartment,Subj_11,theoph_subject_11,319.8,65.0,0.2,2.3237600326538086,19.402649922030704,0.7949780359758829,3,11,1,True,44,subjid_sigma0
LOO_10_theoph_subject_11,subject_id,one_compartment,Subj_11,theoph_subject_11,319.8,65.0,0.3,2.3237600326538086,8.074921569760743,8.074920506218803,4,11,1,True,44,subjid_sigma0
LOO_10_theoph_subject_11,subject_id,one_compartment,Subj_11,theoph_subject_11,319.8,65.0,0.45,2.3237600326538086,2.1714289450189748,2.1714286513350674,5,11,1,True,44,subjid_sigma0
LOO_10_theoph_subject_11,subject_id,one_compartment,Subj_11,theoph_subject_11,319.8,65.0,0.55,2.3237600326538086,0.09181422714219405,0.09181445098571599,7,11,1,True,44,subjid_sigma0
LOO_10_theoph_subject_11,subject_id,one_compartment,Subj_11,theoph_subject_11,319.8,65.0,0.75,2.3237600326538086,0.03938799443487731,0.03938796030478542,9,11,1,True,44,subjid_sigma0
LOO_10_theoph_subject_11,subject_id,one_compartment,Subj_11,theoph_subject_11,319.8,65.0,1.0,2.3237600326538086,0.038746928029071134,0.03874692803166813,11,11,1,True,44,subjid_sigma0
LOO_10_theoph_subject_11,subject_id,two_compartment,Subj_11,theoph_subject_11,319.8,65.0,0.1,7.237788200378418,6.71851999884144,6.718519991961259,2,11,1,True,44,subjid_sigma0
LOO_10_theoph_subject_11,subject_id,two_compartment,Subj_11,theoph_subject_11,319.8,65.0,0.2,7.237788200378418,6.718519998259424,6.718519990174098,3,11,1,True,44,subjid_sigma0
LOO_10_theoph_subject_11,subject_id,two_compartment,Subj_11,theoph_subject_11,319.8,65.0,0.3,7.237788200378418,6.718519999303422,6.718519982501923,4,11,1,True,44,subjid_sigma0
LOO_10_theoph_subject_11,subject_id,two_compartment,Subj_11,theoph_subject_11,319.8,65.0,0.45,7.237788200378418,6.7185199991570554,6.71851998824632,5,11,1,True,44,subjid_sigma0
LOO_10_theoph_subject_11,subject_id,two_compartment,Subj_11,theoph_subject_11,319.8,65.0,0.55,7.237788200378418,6.718519999784352,6.718519993177224,7,11,1,True,44,subjid_sigma0
LOO_10_theoph_subject_11,subject_id,two_compartment,Subj_11,theoph_subject_11,319.8,65.0,0.75,7.237788200378418,6.718519999859339,6.718520006769305,9,11,1,True,44,subjid_sigma0
LOO_10_theoph_subject_11,subject_id,two_compartment,Subj_11,theoph_subject_11,319.8,65.0,1.0,7.237788200378418,6.699721833160123,6.699721839541723,11,11,1,True,44,subjid_sigma0
LOO_11_theoph_subject_12,subject_id,one_compartment,Subj_12,theoph_subject_12,320.65,60.5,0.1,1.891890048980713,39.68891021366196,39.92145675359409,2,11,1,True,44,subjid_sigma0
LOO_11_theoph_subject_12,subject_id,one_compartment,Subj_12,theoph_subject_12,320.65,60.5,0.2,1.891890048980713,4059.6026549205535,3990.7433212908577,3,11,1,True,44,subjid_sigma0
LOO_11_theoph_subject_12,subject_id,one_compartment,Subj_12,theoph_subject_12,320.65,60.5,0.3,1.891890048980713,4491.570012997803,4491.347689535068,4,11,1,True,44,subjid_sigma0
LOO_11_theoph_subject_12,subject_id,one_compartment,Subj_12,theoph_subject_12,320.65,60.5,0.45,1.891890048980713,1.4518827076971632,1.451964506893342,5,11,1,True,44,subjid_sigma0
LOO_11_theoph_subject_12,subject_id,one_compartment,Subj_12,theoph_subject_12,320.65,60.5,0.55,1.891890048980713,1.2543799149632215,1.2544159459242883,7,11,1,True,44,subjid_sigma0
LOO_11_theoph_subject_12,subject_id,one_compartment,Subj_12,theoph_subject_12,320.65,60.5,0.75,1.891890048980713,0.2785240949914771,0.2785229178007494,9,11,1,True,44,subjid_sigma0
LOO_11_theoph_subject_12,subject_id,one_compartment,Subj_12,theoph_subject_12,320.65,60.5,1.0,1.891890048980713,0.25538156507948045,0.2553815650954378,11,11,1,True,44,subjid_sigma0
LOO_11_theoph_subject_12,subject_id,two_compartment,Subj_12,theoph_subject_12,320.65,60.5,0.1,14.95719051361084,39.18727545050119,37.637267191203875,2,11,1,True,44,subjid_sigma0
LOO_11_theoph_subject_12,subject_id,two_compartment,Subj_12,theoph_subject_12,320.65,60.5,0.2,14.95719051361084,14.879005758440242,14.879005044313475,3,11,1,True,44,subjid_sigma0
LOO_11_theoph_subject_12,subject_id,two_compartment,Subj_12,theoph_subject_12,320.65,60.5,0.3,14.95719051361084,14.86290052747171,14.862900615135624,4,11,1,True,44,subjid_sigma0
LOO_11_theoph_subject_12,subject_id,two_compartment,Subj_12,theoph_subject_12,320.65,60.5,0.45,14.95719051361084,14.862898589683647,14.862898628748411,5,11,1,True,44,subjid_sigma0
LOO_11_theoph_subject_12,subject_id,two_compartment,Subj_12,theoph_subject_12,320.65,60.5,0.55,14.95719051361084,14.862898589289829,14.862898633625328,7,11,1,True,44,subjid_sigma0
LOO_11_theoph_subject_12,subject_id,two_compartment,Subj_12,theoph_subject_12,320.65,60.5,0.75,14.95719051361084,14.862898588877345,14.86289862832645,9,11,1,True,44,subjid_sigma0
LOO_11_theoph_subject_12,subject_id,two_compartment,Subj_12,theoph_subject_12,320.65,60.5,1.0,14.95719051361084,14.862898588736716,14.862898622765563,11,11,1,True,44,subjid_sigma0
LOO_00_theoph_subject_01,subject_id,one_compartment,Subj_01,theoph_subject_01,319.99199999999996,79.6,0.1,1.495151400566101,45.04213317823154,2.1002328217460584,2,11,1,True,45,subjid_sigma0
LOO_00_theoph_subject_01,subject_id,one_compartment,Subj_01,theoph_subject_01,319.99199999999996,79.6,0.2,1.495151400566101,10102.739917795554,10102.28235900197,3,11,1,True,45,subjid_sigma0
LOO_00_theoph_subject_01,subject_id,one_compartment,Subj_01,theoph_subject_01,319.99199999999996,79.6,0.3,1.495151400566101,11.085635125310661,11.086089432229203,4,11,1,True,45,subjid_sigma0
LOO_00_theoph_subject_01,subject_id,one_compartment,Subj_01,theoph_subject_01,319.99199999999996,79.6,0.45,1.495151400566101,13.08532516705944,13.085328171376675,5,11,1,True,45,subjid_sigma0
LOO_00_theoph_subject_01,subject_id,one_compartment,Subj_01,theoph_subject_01,319.99199999999996,79.6,0.55,1.495151400566101,1.4559425226736948,1.4559250241800987,7,11,1,True,45,subjid_sigma0
LOO_00_theoph_subject_01,subject_id,one_compartment,Subj_01,theoph_subject_01,319.99199999999996,79.6,0.75,1.495151400566101,0.4581198890201293,0.45811978112119073,9,11,1,True,45,subjid_sigma0
LOO_00_theoph_subject_01,subject_id,one_compartment,Subj_01,theoph_subject_01,319.99199999999996,79.6,1.0,1.495151400566101,0.3896371840619351,0.3896371840463937,11,11,1,True,45,subjid_sigma0
LOO_00_theoph_subject_01,subject_id,two_compartment,Subj_01,theoph_subject_01,319.99199999999996,79.6,0.1,18.41704750061035,36.62925711472974,18.368205300347974,2,11,1,True,45,subjid_sigma0
LOO_00_theoph_subject_01,subject_id,two_compartment,Subj_01,theoph_subject_01,319.99199999999996,79.6,0.2,18.41704750061035,18.357105155675452,18.357105218380884,3,11,1,True,45,subjid_sigma0
LOO_00_theoph_subject_01,subject_id,two_compartment,Subj_01,theoph_subject_01,319.99199999999996,79.6,0.3,18.41704750061035,18.35710509590801,18.357105158829942,4,11,1,True,45,subjid_sigma0
LOO_00_theoph_subject_01,subject_id,two_compartment,Subj_01,theoph_subject_01,319.99199999999996,79.6,0.45,18.41704750061035,18.35710508562809,18.357105148184015,5,11,1,True,45,subjid_sigma0
LOO_00_theoph_subject_01,subject_id,two_compartment,Subj_01,theoph_subject_01,319.99199999999996,79.6,0.55,18.41704750061035,18.357105086613217,18.357105140981755,7,11,1,True,45,subjid_sigma0
LOO_00_theoph_subject_01,subject_id,two_compartment,Subj_01,theoph_subject_01,319.99199999999996,79.6,0.75,18.41704750061035,18.35710508356986,18.357105141371765,9,11,1,True,45,subjid_sigma0
LOO_00_theoph_subject_01,subject_id,two_compartment,Subj_01,theoph_subject_01,319.99199999999996,79.6,1.0,18.41704750061035,18.357105083552895,18.357105140502014,11,11,1,True,45,subjid_sigma0
LOO_01_theoph_subject_02,subject_id,one_compartment,Subj_02,theoph_subject_02,318.56000000000006,72.4,0.1,1.2161660194396973,29.31497359237541,30.600529694305646,2,11,1,True,45,subjid_sigma0
LOO_01_theoph_subject_02,subject_id,one_compartment,Subj_02,theoph_subject_02,318.56000000000006,72.4,0.2,1.2161660194396973,14130.667769015547,14130.300131768628,3,11,1,True,45,subjid_sigma0
LOO_01_theoph_subject_02,subject_id,one_compartment,Subj_02,theoph_subject_02,318.56000000000006,72.4,0.3,1.2161660194396973,4.915454437137655,4.9156428689032445,4,11,1,True,45,subjid_sigma0
LOO_01_theoph_subject_02,subject_id,one_compartment,Subj_02,theoph_subject_02,318.56000000000006,72.4,0.45,1.2161660194396973,6.676208714364692,6.67621306154632,5,11,1,True,45,subjid_sigma0
LOO_01_theoph_subject_02,subject_id,one_compartment,Subj_02,theoph_subject_02,318.56000000000006,72.4,0.55,1.2161660194396973,1.1352506779644518,1.1351992445024903,7,11,1,True,45,subjid_sigma0
LOO_01_theoph_subject_02,subject_id,one_compartment,Subj_02,theoph_subject_02,318.56000000000006,72.4,0.75,1.2161660194396973,0.814560641859969,0.8145606683298227,9,11,1,True,45,subjid_sigma0
LOO_01_theoph_subject_02,subject_id,one_compartment,Subj_02,theoph_subject_02,318.56000000000006,72.4,1.0,1.2161660194396973,0.8134822109730369,0.8134822116085666,11,11,1,True,45,subjid_sigma0
LOO_01_theoph_subject_02,subject_id,two_compartment,Subj_02,theoph_subject_02,318.56000000000006,72.4,0.1,10.083207130432129,28.14557313587577,27.36618657785152,2,11,1,True,45,subjid_sigma0
LOO_01_theoph_subject_02,subject_id,two_compartment,Subj_02,theoph_subject_02,318.56000000000006,72.4,0.2,10.083207130432129,10.050043227055633,10.050044184805405,3,11,1,True,45,subjid_sigma0
LOO_01_theoph_subject_02,subject_id,two_compartment,Subj_02,theoph_subject_02,318.56000000000006,72.4,0.3,10.083207130432129,10.050007502404274,10.050007509539096,4,11,1,True,45,subjid_sigma0
LOO_01_theoph_subject_02,subject_id,two_compartment,Subj_02,theoph_subject_02,318.56000000000006,72.4,0.45,10.083207130432129,10.050007500314406,10.05000761842717,5,11,1,True,45,subjid_sigma0
LOO_01_theoph_subject_02,subject_id,two_compartment,Subj_02,theoph_subject_02,318.56000000000006,72.4,0.55,10.083207130432129,10.050007500743511,10.050007516254539,7,11,1,True,45,subjid_sigma0
LOO_01_theoph_subject_02,subject_id,two_compartment,Subj_02,theoph_subject_02,318.56000000000006,72.4,0.75,10.083207130432129,10.050007500499762,10.05000750886744,9,11,1,True,45,subjid_sigma0
LOO_01_theoph_subject_02,subject_id,two_compartment,Subj_02,theoph_subject_02,318.56000000000006,72.4,1.0,10.083207130432129,10.050007500336394,10.050007508682802,11,11,1,True,45,subjid_sigma0
LOO_02_theoph_subject_03,subject_id,one_compartment,Subj_03,theoph_subject_03,319.365,70.5,0.1,0.4761297404766083,14.837804301912366,0.7324809044048695,2,11,1,True,45,subjid_sigma0
LOO_02_theoph_subject_03,subject_id,one_compartment,Subj_03,theoph_subject_03,319.365,70.5,0.2,0.4761297404766083,12.398566236215606,0.9258584800933988,3,11,1,True,45,subjid_sigma0
LOO_02_theoph_subject_03,subject_id,one_compartment,Subj_03,theoph_subject_03,319.365,70.5,0.3,0.4761297404766083,0.572190023108232,0.5721900230069117,4,11,1,True,45,subjid_sigma0
LOO_02_theoph_subject_03,subject_id,one_compartment,Subj_03,theoph_subject_03,319.365,70.5,0.45,0.4761297404766083,2.2188425683799373,2.2188425830788545,5,11,1,True,45,subjid_sigma0
LOO_02_theoph_subject_03,subject_id,one_compartment,Subj_03,theoph_subject_03,319.365,70.5,0.55,0.4761297404766083,0.03988536450851681,0.039885365458284916,7,11,1,True,45,subjid_sigma0
LOO_02_theoph_subject_03,subject_id,one_compartment,Subj_03,theoph_subject_03,319.365,70.5,0.75,0.4761297404766083,0.043842726305138,0.04384273292881167,9,11,1,True,45,subjid_sigma0
LOO_02_theoph_subject_03,subject_id,one_compartment,Subj_03,theoph_subject_03,319.365,70.5,1.0,0.4761297404766083,0.0396612667064464,0.03966126670659875,11,11,1,True,45,subjid_sigma0
LOO_02_theoph_subject_03,subject_id,two_compartment,Subj_03,theoph_subject_03,319.365,70.5,0.1,9.477825164794922,9.205188021671104,9.205188045531512,2,11,1,True,45,subjid_sigma0
LOO_02_theoph_subject_03,subject_id,two_compartment,Subj_03,theoph_subject_03,319.365,70.5,0.2,9.477825164794922,9.205188023470797,9.205188045536936,3,11,1,True,45,subjid_sigma0
LOO_02_theoph_subject_03,subject_id,two_compartment,Subj_03,theoph_subject_03,319.365,70.5,0.3,9.477825164794922,9.205188022204075,9.205188046077922,4,11,1,True,45,subjid_sigma0
LOO_02_theoph_subject_03,subject_id,two_compartment,Subj_03,theoph_subject_03,319.365,70.5,0.45,9.477825164794922,9.205188022709406,9.205188046314532,5,11,1,True,45,subjid_sigma0
LOO_02_theoph_subject_03,subject_id,two_compartment,Subj_03,theoph_subject_03,319.365,70.5,0.55,9.477825164794922,9.205188021559797,9.205188125201905,7,11,1,True,45,subjid_sigma0
LOO_02_theoph_subject_03,subject_id,two_compartment,Subj_03,theoph_subject_03,319.365,70.5,0.75,9.477825164794922,9.205188020937898,9.205188039005245,9,11,1,True,45,subjid_sigma0
LOO_02_theoph_subject_03,subject_id,two_compartment,Subj_03,theoph_subject_03,319.365,70.5,1.0,9.477825164794922,9.205188020774969,9.205188050209218,11,11,1,True,45,subjid_sigma0
LOO_03_theoph_subject_04,subject_id,one_compartment,Subj_04,theoph_subject_04,319.88000000000005,72.7,0.1,0.7387369275093079,30.877848650696738,30.054046648024098,2,11,1,True,45,subjid_sigma0
LOO_03_theoph_subject_04,subject_id,one_compartment,Subj_04,theoph_subject_04,319.88000000000005,72.7,0.2,0.7387369275093079,3918.7717699015575,3851.564564839745,3,11,1,True,45,subjid_sigma0
LOO_03_theoph_subject_04,subject_id,one_compartment,Subj_04,theoph_subject_04,319.88000000000005,72.7,0.3,0.7387369275093079,4718.0388500390545,4717.005724895534,4,11,1,True,45,subjid_sigma0
LOO_03_theoph_subject_04,subject_id,one_compartment,Subj_04,theoph_subject_04,319.88000000000005,72.7,0.45,0.7387369275093079,3.7395907097696424,3.73967937895231,5,11,1,True,45,subjid_sigma0
LOO_03_theoph_subject_04,subject_id,one_compartment,Subj_04,theoph_subject_04,319.88000000000005,72.7,0.55,0.7387369275093079,1.4694227470827224,1.4695564311769724,7,11,1,True,45,subjid_sigma0
LOO_03_theoph_subject_04,subject_id,one_compartment,Subj_04,theoph_subject_04,319.88000000000005,72.7,0.75,0.7387369275093079,0.5276320408502136,0.5276340021299778,9,11,1,True,45,subjid_sigma0
LOO_03_theoph_subject_04,subject_id,one_compartment,Subj_04,theoph_subject_04,319.88000000000005,72.7,1.0,0.7387369275093079,0.5210864185564371,0.5210864185982016,11,11,1,True,45,subjid_sigma0
LOO_03_theoph_subject_04,subject_id,two_compartment,Subj_04,theoph_subject_04,319.88000000000005,72.7,0.1,9.817679405212402,29.225789627569835,28.270603458308507,2,11,1,True,45,subjid_sigma0
LOO_03_theoph_subject_04,subject_id,two_compartment,Subj_04,theoph_subject_04,319.88000000000005,72.7,0.2,9.817679405212402,9.814652798318091,9.814651344840364,3,11,1,True,45,subjid_sigma0
LOO_03_theoph_subject_04,subject_id,two_compartment,Subj_04,theoph_subject_04,319.88000000000005,72.7,0.3,9.817679405212402,9.809848281609572,9.809848324906257,4,11,1,True,45,subjid_sigma0
LOO_03_theoph_subject_04,subject_id,two_compartment,Subj_04,theoph_subject_04,319.88000000000005,72.7,0.45,9.817679405212402,9.809848256118942,9.809848290094298,5,11,1,True,45,subjid_sigma0
LOO_03_theoph_subject_04,subject_id,two_compartment,Subj_04,theoph_subject_04,319.88000000000005,72.7,0.55,9.817679405212402,9.809848253272628,9.809848290459145,7,11,1,True,45,subjid_sigma0
LOO_03_theoph_subject_04,subject_id,two_compartment,Subj_04,theoph_subject_04,319.88000000000005,72.7,0.75,9.817679405212402,9.809848254434439,9.809848272555662,9,11,1,True,45,subjid_sigma0
LOO_03_theoph_subject_04,subject_id,two_compartment,Subj_04,theoph_subject_04,319.88000000000005,72.7,1.0,9.817679405212402,9.809848253480736,9.809848289573425,11,11,1,True,45,subjid_sigma0
LOO_04_theoph_subject_05,subject_id,one_compartment,Subj_05,theoph_subject_05,319.956,54.6,0.1,1.549291729927063,26.775438273497187,42.72228096148453,2,11,1,True,45,subjid_sigma0
LOO_04_theoph_subject_05,subject_id,one_compartment,Subj_05,theoph_subject_05,319.956,54.6,0.2,1.549291729927063,7468.177247577231,7340.833472060017,3,11,1,True,45,subjid_sigma0
LOO_04_theoph_subject_05,subject_id,one_compartment,Subj_05,theoph_subject_05,319.956,54.6,0.3,1.549291729927063,9422.38098607909,9264.66067057433,4,11,1,True,45,subjid_sigma0
LOO_04_theoph_subject_05,subject_id,one_compartment,Subj_05,theoph_subject_05,319.956,54.6,0.45,1.549291729927063,8.877427985741603,8.877448389768604,5,11,1,True,45,subjid_sigma0
LOO_04_theoph_subject_05,subject_id,one_compartment,Subj_05,theoph_subject_05,319.956,54.6,0.55,1.549291729927063,2.514924129177201,2.51517877615758,7,11,1,True,45,subjid_sigma0
LOO_04_theoph_subject_05,subject_id,one_compartment,Subj_05,theoph_subject_05,319.956,54.6,0.75,1.549291729927063,1.2251737171872379,1.2251733829914373,9,11,1,True,45,subjid_sigma0
LOO_04_theoph_subject_05,subject_id,one_compartment,Subj_05,theoph_subject_05,319.956,54.6,1.0,1.549291729927063,1.2239517887189648,1.2239517891769651,11,11,1,True,45,subjid_sigma0
LOO_04_theoph_subject_05,subject_id,two_compartment,Subj_05,theoph_subject_05,319.956,54.6,0.1,17.092859268188477,41.21476737326713,39.4188172333854,2,11,1,True,45,subjid_sigma0
LOO_04_theoph_subject_05,subject_id,two_compartment,Subj_05,theoph_subject_05,319.956,54.6,0.2,17.092859268188477,17.087131308231584,17.087131219244224,3,11,1,True,45,subjid_sigma0
LOO_04_theoph_subject_05,subject_id,two_compartment,Subj_05,theoph_subject_05,319.956,54.6,0.3,17.092859268188477,17.086621451509686,17.08662150658958,4,11,1,True,45,subjid_sigma0
LOO_04_theoph_subject_05,subject_id,two_compartment,Subj_05,theoph_subject_05,319.956,54.6,0.45,17.092859268188477,17.086621451973244,17.086621506305715,5,11,1,True,45,subjid_sigma0
LOO_04_theoph_subject_05,subject_id,two_compartment,Subj_05,theoph_subject_05,319.956,54.6,0.55,17.092859268188477,17.08662145033273,17.086621513755862,7,11,1,True,45,subjid_sigma0
LOO_04_theoph_subject_05,subject_id,two_compartment,Subj_05,theoph_subject_05,319.956,54.6,0.75,17.092859268188477,17.086621446852522,17.086621471197727,9,11,1,True,45,subjid_sigma0
LOO_04_theoph_subject_05,subject_id,two_compartment,Subj_05,theoph_subject_05,319.956,54.6,1.0,17.092859268188477,17.08662144925263,17.086621470000615,11,11,1,True,45,subjid_sigma0
LOO_05_theoph_subject_06,subject_id,one_compartment,Subj_06,theoph_subject_06,320.0,80.0,0.1,4.008951187133789,16.24350686998089,16.26673319539537,2,11,1,True,45,subjid_sigma0
LOO_05_theoph_subject_06,subject_id,one_compartment,Subj_06,theoph_subject_06,320.0,80.0,0.2,4.008951187133789,2043.3059020723165,2012.9725313438612,3,11,1,True,45,subjid_sigma0
LOO_05_theoph_subject_06,subject_id,one_compartment,Subj_06,theoph_subject_06,320.0,80.0,0.3,4.008951187133789,2290.3833462513717,2289.533585621304,4,11,1,True,45,subjid_sigma0
LOO_05_theoph_subject_06,subject_id,one_compartment,Subj_06,theoph_subject_06,320.0,80.0,0.45,4.008951187133789,1.287555380602401,1.287574167046162,5,11,1,True,45,subjid_sigma0
LOO_05_theoph_subject_06,subject_id,one_compartment,Subj_06,theoph_subject_06,320.0,80.0,0.55,4.008951187133789,0.8215216514859616,0.821475029055046,7,11,1,True,45,subjid_sigma0
LOO_05_theoph_subject_06,subject_id,one_compartment,Subj_06,theoph_subject_06,320.0,80.0,0.75,4.008951187133789,0.24111873873436204,0.24111385560857587,9,11,1,True,45,subjid_sigma0
LOO_05_theoph_subject_06,subject_id,one_compartment,Subj_06,theoph_subject_06,320.0,80.0,1.0,4.008951187133789,0.22220365615485632,0.22220365617601748,11,11,1,True,45,subjid_sigma0
LOO_05_theoph_subject_06,subject_id,two_compartment,Subj_06,theoph_subject_06,320.0,80.0,0.1,3.293320655822754,15.611569149852118,14.837177586477106,2,11,1,True,45,subjid_sigma0
LOO_05_theoph_subject_06,subject_id,two_compartment,Subj_06,theoph_subject_06,320.0,80.0,0.2,3.293320655822754,3.2795857194832916,3.279586895001499,3,11,1,True,45,subjid_sigma0
LOO_05_theoph_subject_06,subject_id,two_compartment,Subj_06,theoph_subject_06,320.0,80.0,0.3,3.293320655822754,3.24643860255272,3.246439055567437,4,11,1,True,45,subjid_sigma0
LOO_05_theoph_subject_06,subject_id,two_compartment,Subj_06,theoph_subject_06,320.0,80.0,0.45,3.293320655822754,3.246403241436083,3.246403239244501,5,11,1,True,45,subjid_sigma0
LOO_05_theoph_subject_06,subject_id,two_compartment,Subj_06,theoph_subject_06,320.0,80.0,0.55,3.293320655822754,3.2464032419945443,3.2464032370998983,7,11,1,True,45,subjid_sigma0
LOO_05_theoph_subject_06,subject_id,two_compartment,Subj_06,theoph_subject_06,320.0,80.0,0.75,3.293320655822754,3.24640324209898,3.246403236295862,9,11,1,True,45,subjid_sigma0
LOO_05_theoph_subject_06,subject_id,two_compartment,Subj_06,theoph_subject_06,320.0,80.0,1.0,3.293320655822754,3.1997029913934454,3.1997030307099577,11,11,1,True,45,subjid_sigma0
LOO_06_theoph_subject_07,subject_id,one_compartment,Subj_07,theoph_subject_07,319.77,64.6,0.1,2.3464231491088867,15.498126981942669,20.643419829713057,2,11,1,True,45,subjid_sigma0
LOO_06_theoph_subject_07,subject_id,one_compartment,Subj_07,theoph_subject_07,319.77,64.6,0.2,2.3464231491088867,1455.890013501321,1431.0926011969486,3,11,1,True,45,subjid_sigma0
LOO_06_theoph_subject_07,subject_id,one_compartment,Subj_07,theoph_subject_07,319.77,64.6,0.3,2.3464231491088867,1721.8991233194902,1721.7095202347525,4,11,1,True,45,subjid_sigma0
LOO_06_theoph_subject_07,subject_id,one_compartment,Subj_07,theoph_subject_07,319.77,64.6,0.45,2.3464231491088867,0.3705092694215281,0.37051818976526235,5,11,1,True,45,subjid_sigma0
LOO_06_theoph_subject_07,subject_id,one_compartment,Subj_07,theoph_subject_07,319.77,64.6,0.55,2.3464231491088867,0.41067988377874687,0.41069160517904796,7,11,1,True,45,subjid_sigma0
LOO_06_theoph_subject_07,subject_id,one_compartment,Subj_07,theoph_subject_07,319.77,64.6,0.75,2.3464231491088867,0.14750164959319687,0.1475008319109767,9,11,1,True,45,subjid_sigma0
LOO_06_theoph_subject_07,subject_id,one_compartment,Subj_07,theoph_subject_07,319.77,64.6,1.0,2.3464231491088867,0.09059610784292192,0.09059610784313353,11,11,1,True,45,subjid_sigma0
LOO_06_theoph_subject_07,subject_id,two_compartment,Subj_07,theoph_subject_07,319.77,64.6,0.1,5.067061901092529,20.719317293121197,19.880990343751385,2,11,1,True,45,subjid_sigma0
LOO_06_theoph_subject_07,subject_id,two_compartment,Subj_07,theoph_subject_07,319.77,64.6,0.2,5.067061901092529,4.931769107318514,4.931769978842348,3,11,1,True,45,subjid_sigma0
LOO_06_theoph_subject_07,subject_id,two_compartment,Subj_07,theoph_subject_07,319.77,64.6,0.3,5.067061901092529,4.836657393455817,4.8366592013185645,4,11,1,True,45,subjid_sigma0
LOO_06_theoph_subject_07,subject_id,two_compartment,Subj_07,theoph_subject_07,319.77,64.6,0.45,5.067061901092529,4.836068124653738,4.836068149991765,5,11,1,True,45,subjid_sigma0
LOO_06_theoph_subject_07,subject_id,two_compartment,Subj_07,theoph_subject_07,319.77,64.6,0.55,5.067061901092529,4.836067852901423,4.836067854972671,7,11,1,True,45,subjid_sigma0
LOO_06_theoph_subject_07,subject_id,two_compartment,Subj_07,theoph_subject_07,319.77,64.6,0.75,5.067061901092529,4.836067852416315,4.836067855254471,9,11,1,True,45,subjid_sigma0
LOO_06_theoph_subject_07,subject_id,two_compartment,Subj_07,theoph_subject_07,319.77,64.6,1.0,5.067061901092529,4.836067852511347,4.836067867878695,11,11,1,True,45,subjid_sigma0
LOO_07_theoph_subject_08,subject_id,one_compartment,Subj_08,theoph_subject_08,319.365,70.5,0.1,1.1017121076583862,11.646105440012565,6.02101407613319,2,11,1,True,45,subjid_sigma0
LOO_07_theoph_subject_08,subject_id,one_compartment,Subj_08,theoph_subject_08,319.365,70.5,0.2,1.1017121076583862,19.68099718989384,19.377315222793786,3,11,1,True,45,subjid_sigma0
LOO_07_theoph_subject_08,subject_id,one_compartment,Subj_08,theoph_subject_08,319.365,70.5,0.3,1.1017121076583862,536.3088353604139,536.2892420886427,4,11,1,True,45,subjid_sigma0
LOO_07_theoph_subject_08,subject_id,one_compartment,Subj_08,theoph_subject_08,319.365,70.5,0.45,1.1017121076583862,3.392154368423453,3.3921779271416765,5,11,1,True,45,subjid_sigma0
LOO_07_theoph_subject_08,subject_id,one_compartment,Subj_08,theoph_subject_08,319.365,70.5,0.55,1.1017121076583862,0.632411317517069,0.6324155246140079,7,11,1,True,45,subjid_sigma0
LOO_07_theoph_subject_08,subject_id,one_compartment,Subj_08,theoph_subject_08,319.365,70.5,0.75,1.1017121076583862,0.33497876625378287,0.3349787727582996,9,11,1,True,45,subjid_sigma0
LOO_07_theoph_subject_08,subject_id,one_compartment,Subj_08,theoph_subject_08,319.365,70.5,1.0,1.1017121076583862,0.3348500780975378,0.3348500781123285,11,11,1,True,45,subjid_sigma0
LOO_07_theoph_subject_08,subject_id,two_compartment,Subj_08,theoph_subject_08,319.365,70.5,0.1,5.769084453582764,12.237100203281477,9.0613154922046,2,11,1,True,45,subjid_sigma0
LOO_07_theoph_subject_08,subject_id,two_compartment,Subj_08,theoph_subject_08,319.365,70.5,0.2,5.769084453582764,8.870286376267632,9.000510191970664,3,11,1,True,45,subjid_sigma0
LOO_07_theoph_subject_08,subject_id,two_compartment,Subj_08,theoph_subject_08,319.365,70.5,0.3,5.769084453582764,5.713662347211437,5.713662421581227,4,11,1,True,45,subjid_sigma0
LOO_07_theoph_subject_08,subject_id,two_compartment,Subj_08,theoph_subject_08,319.365,70.5,0.45,5.769084453582764,5.713662347153002,5.7136623503251975,5,11,1,True,45,subjid_sigma0
LOO_07_theoph_subject_08,subject_id,two_compartment,Subj_08,theoph_subject_08,319.365,70.5,0.55,5.769084453582764,5.71366234700201,5.713662347247941,7,11,1,True,45,subjid_sigma0
LOO_07_theoph_subject_08,subject_id,two_compartment,Subj_08,theoph_subject_08,319.365,70.5,0.75,5.769084453582764,5.713662346945542,5.7136623475165775,9,11,1,True,45,subjid_sigma0
LOO_07_theoph_subject_08,subject_id,two_compartment,Subj_08,theoph_subject_08,319.365,70.5,1.0,5.769084453582764,5.713662346892917,5.713662352104167,11,11,1,True,45,subjid_sigma0
LOO_08_theoph_subject_09,subject_id,one_compartment,Subj_09,theoph_subject_09,267.84000000000003,86.4,0.1,3.3571012020111084,4.737724406913613,0.3160985392046711,2,11,1,True,45,subjid_sigma0
LOO_08_theoph_subject_09,subject_id,one_compartment,Subj_09,theoph_subject_09,267.84000000000003,86.4,0.2,3.3571012020111084,1.0007457437114509,2.2946832491365714,3,11,1,True,45,subjid_sigma0
LOO_08_theoph_subject_09,subject_id,one_compartment,Subj_09,theoph_subject_09,267.84000000000003,86.4,0.3,3.3571012020111084,10.891037600434105,10.89103780813043,4,11,1,True,45,subjid_sigma0
LOO_08_theoph_subject_09,subject_id,one_compartment,Subj_09,theoph_subject_09,267.84000000000003,86.4,0.45,3.3571012020111084,3.16768457397127,3.1676404786961516,5,11,1,True,45,subjid_sigma0
LOO_08_theoph_subject_09,subject_id,one_compartment,Subj_09,theoph_subject_09,267.84000000000003,86.4,0.55,3.3571012020111084,0.2854695812753883,0.2854730895564368,7,11,1,True,45,subjid_sigma0
LOO_08_theoph_subject_09,subject_id,one_compartment,Subj_09,theoph_subject_09,267.84000000000003,86.4,0.75,3.3571012020111084,0.23003807787401234,0.2300372366988035,9,11,1,True,45,subjid_sigma0
LOO_08_theoph_subject_09,subject_id,one_compartment,Subj_09,theoph_subject_09,267.84000000000003,86.4,1.0,3.3571012020111084,0.22625944681965057,0.22625944695247968,11,11,1,True,45,subjid_sigma0
LOO_08_theoph_subject_09,subject_id,two_compartment,Subj_09,theoph_subject_09,267.84000000000003,86.4,0.1,12.50930118560791,10.962020155952557,10.96202018521301,2,11,1,True,45,subjid_sigma0
LOO_08_theoph_subject_09,subject_id,two_compartment,Subj_09,theoph_subject_09,267.84000000000003,86.4,0.2,12.50930118560791,10.96202014836043,10.962020187559917,3,11,1,True,45,subjid_sigma0
LOO_08_theoph_subject_09,subject_id,two_compartment,Subj_09,theoph_subject_09,267.84000000000003,86.4,0.3,12.50930118560791,10.962020147196862,10.96202019244181,4,11,1,True,45,subjid_sigma0
LOO_08_theoph_subject_09,subject_id,two_compartment,Subj_09,theoph_subject_09,267.84000000000003,86.4,0.45,12.50930118560791,10.96202014858045,10.962020187240304,5,11,1,True,45,subjid_sigma0
LOO_08_theoph_subject_09,subject_id,two_compartment,Subj_09,theoph_subject_09,267.84000000000003,86.4,0.55,12.50930118560791,10.962020146756425,10.96202017455331,7,11,1,True,45,subjid_sigma0
LOO_08_theoph_subject_09,subject_id,two_compartment,Subj_09,theoph_subject_09,267.84000000000003,86.4,0.75,12.50930118560791,10.96202014765333,10.96202017903508,9,11,1,True,45,subjid_sigma0
LOO_08_theoph_subject_09,subject_id,two_compartment,Subj_09,theoph_subject_09,267.84000000000003,86.4,1.0,12.50930118560791,10.962020145772732,10.962020210021205,11,11,1,True,45,subjid_sigma0
LOO_09_theoph_subject_10,subject_id,one_compartment,Subj_10,theoph_subject_10,320.1,58.2,0.1,4.241715431213379,27.020029470087056,30.986220733388517,2,11,1,True,45,subjid_sigma0
LOO_09_theoph_subject_10,subject_id,one_compartment,Subj_10,theoph_subject_10,320.1,58.2,0.2,4.241715431213379,15.1293848802331,13.68401972847485,3,11,1,True,45,subjid_sigma0
LOO_09_theoph_subject_10,subject_id,one_compartment,Subj_10,theoph_subject_10,320.1,58.2,0.3,4.241715431213379,17.9082895803919,17.90828938017288,4,11,1,True,45,subjid_sigma0
LOO_09_theoph_subject_10,subject_id,one_compartment,Subj_10,theoph_subject_10,320.1,58.2,0.45,4.241715431213379,11.110818981682534,11.110899056897425,5,11,1,True,45,subjid_sigma0
LOO_09_theoph_subject_10,subject_id,one_compartment,Subj_10,theoph_subject_10,320.1,58.2,0.55,4.241715431213379,1.0453040761201764,1.0451457423087298,7,11,1,True,45,subjid_sigma0
LOO_09_theoph_subject_10,subject_id,one_compartment,Subj_10,theoph_subject_10,320.1,58.2,0.75,4.241715431213379,0.12698270271735895,0.12698279310535127,9,11,1,True,45,subjid_sigma0
LOO_09_theoph_subject_10,subject_id,one_compartment,Subj_10,theoph_subject_10,320.1,58.2,1.0,4.241715431213379,0.12285474971308315,0.12285474971308591,11,11,1,True,45,subjid_sigma0
LOO_09_theoph_subject_10,subject_id,two_compartment,Subj_10,theoph_subject_10,320.1,58.2,0.1,15.140519142150879,19.063459416535935,15.166075464768527,2,11,1,True,45,subjid_sigma0
LOO_09_theoph_subject_10,subject_id,two_compartment,Subj_10,theoph_subject_10,320.1,58.2,0.2,15.140519142150879,15.116408229283847,15.116408465047368,3,11,1,True,45,subjid_sigma0
LOO_09_theoph_subject_10,subject_id,two_compartment,Subj_10,theoph_subject_10,320.1,58.2,0.3,15.140519142150879,15.116344667547821,15.116344777505084,4,11,1,True,45,subjid_sigma0
LOO_09_theoph_subject_10,subject_id,two_compartment,Subj_10,theoph_subject_10,320.1,58.2,0.45,15.140519142150879,15.116344665249478,15.116344712563892,5,11,1,True,45,subjid_sigma0
LOO_09_theoph_subject_10,subject_id,two_compartment,Subj_10,theoph_subject_10,320.1,58.2,0.55,15.140519142150879,15.116344663223636,15.116344725651999,7,11,1,True,45,subjid_sigma0
LOO_09_theoph_subject_10,subject_id,two_compartment,Subj_10,theoph_subject_10,320.1,58.2,0.75,15.140519142150879,15.116344666963135,15.116344711264576,9,11,1,True,45,subjid_sigma0
LOO_09_theoph_subject_10,subject_id,two_compartment,Subj_10,theoph_subject_10,320.1,58.2,1.0,15.140519142150879,15.116344665150514,15.116344711314571,11,11,1,True,45,subjid_sigma0
LOO_10_theoph_subject_11,subject_id,one_compartment,Subj_11,theoph_subject_11,319.8,65.0,0.1,1.6617934703826904,3.583804468868398,1.866366081868596,2,11,1,True,45,subjid_sigma0
LOO_10_theoph_subject_11,subject_id,one_compartment,Subj_11,theoph_subject_11,319.8,65.0,0.2,1.6617934703826904,0.4380451116661759,0.5108392683588311,3,11,1,True,45,subjid_sigma0
LOO_10_theoph_subject_11,subject_id,one_compartment,Subj_11,theoph_subject_11,319.8,65.0,0.3,1.6617934703826904,8.074920753518363,8.074920468676435,4,11,1,True,45,subjid_sigma0
LOO_10_theoph_subject_11,subject_id,one_compartment,Subj_11,theoph_subject_11,319.8,65.0,0.45,1.6617934703826904,2.1714289403871927,2.171431179005715,5,11,1,True,45,subjid_sigma0
LOO_10_theoph_subject_11,subject_id,one_compartment,Subj_11,theoph_subject_11,319.8,65.0,0.55,1.6617934703826904,0.09181395014780434,0.09181344978025628,7,11,1,True,45,subjid_sigma0
LOO_10_theoph_subject_11,subject_id,one_compartment,Subj_11,theoph_subject_11,319.8,65.0,0.75,1.6617934703826904,0.039387993661521195,0.03938799296228683,9,11,1,True,45,subjid_sigma0
LOO_10_theoph_subject_11,subject_id,one_compartment,Subj_11,theoph_subject_11,319.8,65.0,1.0,1.6617934703826904,0.038746928029070565,0.03874692802914877,11,11,1,True,45,subjid_sigma0
LOO_10_theoph_subject_11,subject_id,two_compartment,Subj_11,theoph_subject_11,319.8,65.0,0.1,7.213719367980957,6.718519999244558,6.7185199888697005,2,11,1,True,45,subjid_sigma0
LOO_10_theoph_subject_11,subject_id,two_compartment,Subj_11,theoph_subject_11,319.8,65.0,0.2,7.213719367980957,6.718519998440152,6.718519988164586,3,11,1,True,45,subjid_sigma0
LOO_10_theoph_subject_11,subject_id,two_compartment,Subj_11,theoph_subject_11,319.8,65.0,0.3,7.213719367980957,6.7185199968087375,6.7185199891671115,4,11,1,True,45,subjid_sigma0
LOO_10_theoph_subject_11,subject_id,two_compartment,Subj_11,theoph_subject_11,319.8,65.0,0.45,7.213719367980957,6.718519999315602,6.718519987839925,5,11,1,True,45,subjid_sigma0
LOO_10_theoph_subject_11,subject_id,two_compartment,Subj_11,theoph_subject_11,319.8,65.0,0.55,7.213719367980957,6.718519999338679,6.7185200000300815,7,11,1,True,45,subjid_sigma0
LOO_10_theoph_subject_11,subject_id,two_compartment,Subj_11,theoph_subject_11,319.8,65.0,0.75,7.213719367980957,6.718519999500535,6.718519997948833,9,11,1,True,45,subjid_sigma0
LOO_10_theoph_subject_11,subject_id,two_compartment,Subj_11,theoph_subject_11,319.8,65.0,1.0,7.213719367980957,6.69972183190603,6.699721835219885,11,11,1,True,45,subjid_sigma0
LOO_11_theoph_subject_12,subject_id,one_compartment,Subj_12,theoph_subject_12,320.65,60.5,0.1,0.9249382615089417,39.56619371992888,39.97378255923939,2,11,1,True,45,subjid_sigma0
LOO_11_theoph_subject_12,subject_id,one_compartment,Subj_12,theoph_subject_12,320.65,60.5,0.2,0.9249382615089417,4060.578326553466,4059.469581700483,3,11,1,True,45,subjid_sigma0
LOO_11_theoph_subject_12,subject_id,one_compartment,Subj_12,theoph_subject_12,320.65,60.5,0.3,0.9249382615089417,4491.962493815442,4420.415870470795,4,11,1,True,45,subjid_sigma0
LOO_11_theoph_subject_12,subject_id,one_compartment,Subj_12,theoph_subject_12,320.65,60.5,0.45,0.9249382615089417,1.4518514314617048,1.4519536634312866,5,11,1,True,45,subjid_sigma0
LOO_11_theoph_subject_12,subject_id,one_compartment,Subj_12,theoph_subject_12,320.65,60.5,0.55,0.9249382615089417,1.254381925087305,1.2543600399643562,7,11,1,True,45,subjid_sigma0
LOO_11_theoph_subject_12,subject_id,one_compartment,Subj_12,theoph_subject_12,320.65,60.5,0.75,0.9249382615089417,0.2785238979186605,0.2785250892871935,9,11,1,True,45,subjid_sigma0
LOO_11_theoph_subject_12,subject_id,one_compartment,Subj_12,theoph_subject_12,320.65,60.5,1.0,0.9249382615089417,0.25538156508093807,0.2553815650895998,11,11,1,True,45,subjid_sigma0
LOO_11_theoph_subject_12,subject_id,two_compartment,Subj_12,theoph_subject_12,320.65,60.5,0.1,14.91275405883789,39.738720524408315,38.07323659218453,2,11,1,True,45,subjid_sigma0
LOO_11_theoph_subject_12,subject_id,two_compartment,Subj_12,theoph_subject_12,320.65,60.5,0.2,14.91275405883789,14.879006207131221,14.879003921113927,3,11,1,True,45,subjid_sigma0
LOO_11_theoph_subject_12,subject_id,two_compartment,Subj_12,theoph_subject_12,320.65,60.5,0.3,14.91275405883789,14.86290057241495,14.862900459384981,4,11,1,True,45,subjid_sigma0
LOO_11_theoph_subject_12,subject_id,two_compartment,Subj_12,theoph_subject_12,320.65,60.5,0.45,14.91275405883789,14.862898595679225,14.862898649987562,5,11,1,True,45,subjid_sigma0
LOO_11_theoph_subject_12,subject_id,two_compartment,Subj_12,theoph_subject_12,320.65,60.5,0.55,14.91275405883789,14.862898590758391,14.862898651511019,7,11,1,True,45,subjid_sigma0
LOO_11_theoph_subject_12,subject_id,two_compartment,Subj_12,theoph_subject_12,320.65,60.5,0.75,14.91275405883789,14.862898588268491,14.862898648539886,9,11,1,True,45,subjid_sigma0
LOO_11_theoph_subject_12,subject_id,two_compartment,Subj_12,theoph_subject_12,320.65,60.5,1.0,14.91275405883789,14.862898589280887,14.862898646668247,11,11,1,True,45,subjid_sigma0
LOO_00_theoph_subject_01,subject_id,one_compartment,Subj_01,theoph_subject_01,319.99199999999996,79.6,0.1,3.9323456287384033,20.98100756756931,19.918427454089954,2,11,1,True,46,subjid_sigma0
LOO_00_theoph_subject_01,subject_id,one_compartment,Subj_01,theoph_subject_01,319.99199999999996,79.6,0.2,3.9323456287384033,10102.489229305911,10102.254517765838,3,11,1,True,46,subjid_sigma0
LOO_00_theoph_subject_01,subject_id,one_compartment,Subj_01,theoph_subject_01,319.99199999999996,79.6,0.3,3.9323456287384033,11.085743047735235,11.085618232845654,4,11,1,True,46,subjid_sigma0
LOO_00_theoph_subject_01,subject_id,one_compartment,Subj_01,theoph_subject_01,319.99199999999996,79.6,0.45,3.9323456287384033,13.085365966681882,13.085242574436029,5,11,1,True,46,subjid_sigma0
LOO_00_theoph_subject_01,subject_id,one_compartment,Subj_01,theoph_subject_01,319.99199999999996,79.6,0.55,3.9323456287384033,1.4560052548531055,1.456023593413695,7,11,1,True,46,subjid_sigma0
LOO_00_theoph_subject_01,subject_id,one_compartment,Subj_01,theoph_subject_01,319.99199999999996,79.6,0.75,3.9323456287384033,0.45812219217068706,0.458131162841765,9,11,1,True,46,subjid_sigma0
LOO_00_theoph_subject_01,subject_id,one_compartment,Subj_01,theoph_subject_01,319.99199999999996,79.6,1.0,3.9323456287384033,0.3896371840276276,0.38963718417872123,11,11,1,True,46,subjid_sigma0
LOO_00_theoph_subject_01,subject_id,two_compartment,Subj_01,theoph_subject_01,319.99199999999996,79.6,0.1,18.559389114379883,36.389967300278045,37.20072866221536,2,11,1,True,46,subjid_sigma0
LOO_00_theoph_subject_01,subject_id,two_compartment,Subj_01,theoph_subject_01,319.99199999999996,79.6,0.2,18.559389114379883,18.357105158954163,18.357105238973563,3,11,1,True,46,subjid_sigma0
LOO_00_theoph_subject_01,subject_id,two_compartment,Subj_01,theoph_subject_01,319.99199999999996,79.6,0.3,18.559389114379883,18.357105086709183,18.3571052066923,4,11,1,True,46,subjid_sigma0
LOO_00_theoph_subject_01,subject_id,two_compartment,Subj_01,theoph_subject_01,319.99199999999996,79.6,0.45,18.559389114379883,18.35710508666011,18.357105225097722,5,11,1,True,46,subjid_sigma0
LOO_00_theoph_subject_01,subject_id,two_compartment,Subj_01,theoph_subject_01,319.99199999999996,79.6,0.55,18.559389114379883,18.357105083232728,18.357105180145453,7,11,1,True,46,subjid_sigma0
LOO_00_theoph_subject_01,subject_id,two_compartment,Subj_01,theoph_subject_01,319.99199999999996,79.6,0.75,18.559389114379883,18.357105083946692,18.35710517098946,9,11,1,True,46,subjid_sigma0
LOO_00_theoph_subject_01,subject_id,two_compartment,Subj_01,theoph_subject_01,319.99199999999996,79.6,1.0,18.559389114379883,18.357105082601244,18.357105288431633,11,11,1,True,46,subjid_sigma0
LOO_01_theoph_subject_02,subject_id,one_compartment,Subj_02,theoph_subject_02,318.56000000000006,72.4,0.1,1.3960257768630981,17.847695238446214,29.69302438689323,2,11,1,True,46,subjid_sigma0
LOO_01_theoph_subject_02,subject_id,one_compartment,Subj_02,theoph_subject_02,318.56000000000006,72.4,0.2,1.3960257768630981,14130.812271812987,14130.977200041547,3,11,1,True,46,subjid_sigma0
LOO_01_theoph_subject_02,subject_id,one_compartment,Subj_02,theoph_subject_02,318.56000000000006,72.4,0.3,1.3960257768630981,4.915611405591149,4.915346259721509,4,11,1,True,46,subjid_sigma0
LOO_01_theoph_subject_02,subject_id,one_compartment,Subj_02,theoph_subject_02,318.56000000000006,72.4,0.45,1.3960257768630981,6.676151577881177,6.676217254474566,5,11,1,True,46,subjid_sigma0
LOO_01_theoph_subject_02,subject_id,one_compartment,Subj_02,theoph_subject_02,318.56000000000006,72.4,0.55,1.3960257768630981,1.1352615550094407,1.1352004314391,7,11,1,True,46,subjid_sigma0
LOO_01_theoph_subject_02,subject_id,one_compartment,Subj_02,theoph_subject_02,318.56000000000006,72.4,0.75,1.3960257768630981,0.8145596071685156,0.8145589018756852,9,11,1,True,46,subjid_sigma0
LOO_01_theoph_subject_02,subject_id,one_compartment,Subj_02,theoph_subject_02,318.56000000000006,72.4,1.0,1.3960257768630981,0.8134822109265312,0.8134822113390026,11,11,1,True,46,subjid_sigma0
LOO_01_theoph_subject_02,subject_id,two_compartment,Subj_02,theoph_subject_02,318.56000000000006,72.4,0.1,10.075362205505371,28.05267012828226,28.677182528811183,2,11,1,True,46,subjid_sigma0
LOO_01_theoph_subject_02,subject_id,two_compartment,Subj_02,theoph_subject_02,318.56000000000006,72.4,0.2,10.075362205505371,10.050043231765668,10.050043569278326,3,11,1,True,46,subjid_sigma0
LOO_01_theoph_subject_02,subject_id,two_compartment,Subj_02,theoph_subject_02,318.56000000000006,72.4,0.3,10.075362205505371,10.050007501057875,10.05000750444804,4,11,1,True,46,subjid_sigma0
LOO_01_theoph_subject_02,subject_id,two_compartment,Subj_02,theoph_subject_02,318.56000000000006,72.4,0.45,10.075362205505371,10.050007500928244,10.050007510837865,5,11,1,True,46,subjid_sigma0
LOO_01_theoph_subject_02,subject_id,two_compartment,Subj_02,theoph_subject_02,318.56000000000006,72.4,0.55,10.075362205505371,10.05000750000505,10.050007508357778,7,11,1,True,46,subjid_sigma0
LOO_01_theoph_subject_02,subject_id,two_compartment,Subj_02,theoph_subject_02,318.56000000000006,72.4,0.75,10.075362205505371,10.050007500166261,10.050007506235275,9,11,1,True,46,subjid_sigma0
LOO_01_theoph_subject_02,subject_id,two_compartment,Subj_02,theoph_subject_02,318.56000000000006,72.4,1.0,10.075362205505371,10.050007499927373,10.050007515931076,11,11,1,True,46,subjid_sigma0
LOO_02_theoph_subject_03,subject_id,one_compartment,Subj_03,theoph_subject_03,319.365,70.5,0.1,0.8253425359725952,24.368587302765295,1.1996852372211342,2,11,1,True,46,subjid_sigma0
LOO_02_theoph_subject_03,subject_id,one_compartment,Subj_03,theoph_subject_03,319.365,70.5,0.2,0.8253425359725952,4.93397713734053,0.4238740119128716,3,11,1,True,46,subjid_sigma0
LOO_02_theoph_subject_03,subject_id,one_compartment,Subj_03,theoph_subject_03,319.365,70.5,0.3,0.8253425359725952,0.572190023108374,0.5721900231083128,4,11,1,True,46,subjid_sigma0
LOO_02_theoph_subject_03,subject_id,one_compartment,Subj_03,theoph_subject_03,319.365,70.5,0.45,0.8253425359725952,2.2188425882102703,2.21884261815131,5,11,1,True,46,subjid_sigma0
LOO_02_theoph_subject_03,subject_id,one_compartment,Subj_03,theoph_subject_03,319.365,70.5,0.55,0.8253425359725952,0.03988536363212555,0.03988536621607559,7,11,1,True,46,subjid_sigma0
LOO_02_theoph_subject_03,subject_id,one_compartment,Subj_03,theoph_subject_03,319.365,70.5,0.75,0.8253425359725952,0.043842726355503146,0.04384269443086886,9,11,1,True,46,subjid_sigma0
LOO_02_theoph_subject_03,subject_id,one_compartment,Subj_03,theoph_subject_03,319.365,70.5,1.0,0.8253425359725952,0.0396612667064479,0.039661266706737655,11,11,1,True,46,subjid_sigma0
LOO_02_theoph_subject_03,subject_id,two_compartment,Subj_03,theoph_subject_03,319.365,70.5,0.1,9.628386497497559,9.20518802171551,9.205188051593067,2,11,1,True,46,subjid_sigma0
LOO_02_theoph_subject_03,subject_id,two_compartment,Subj_03,theoph_subject_03,319.365,70.5,0.2,9.628386497497559,9.205188022588509,9.205188070577565,3,11,1,True,46,subjid_sigma0
LOO_02_theoph_subject_03,subject_id,two_compartment,Subj_03,theoph_subject_03,319.365,70.5,0.3,9.628386497497559,9.205188024093857,9.205188053541166,4,11,1,True,46,subjid_sigma0
LOO_02_theoph_subject_03,subject_id,two_compartment,Subj_03,theoph_subject_03,319.365,70.5,0.45,9.628386497497559,9.20518802282033,9.205188051438643,5,11,1,True,46,subjid_sigma0
LOO_02_theoph_subject_03,subject_id,two_compartment,Subj_03,theoph_subject_03,319.365,70.5,0.55,9.628386497497559,9.205188020951896,9.205188075576512,7,11,1,True,46,subjid_sigma0
LOO_02_theoph_subject_03,subject_id,two_compartment,Subj_03,theoph_subject_03,319.365,70.5,0.75,9.628386497497559,9.205188021074077,9.205188048933456,9,11,1,True,46,subjid_sigma0
LOO_02_theoph_subject_03,subject_id,two_compartment,Subj_03,theoph_subject_03,319.365,70.5,1.0,9.628386497497559,9.2051880206993,9.205188040821206,11,11,1,True,46,subjid_sigma0
LOO_03_theoph_subject_04,subject_id,one_compartment,Subj_04,theoph_subject_04,319.88000000000005,72.7,0.1,0.6878756880760193,30.15600927069196,29.65913919864107,2,11,1,True,46,subjid_sigma0
LOO_03_theoph_subject_04,subject_id,one_compartment,Subj_04,theoph_subject_04,319.88000000000005,72.7,0.2,0.6878756880760193,3919.188960324891,3851.591122377728,3,11,1,True,46,subjid_sigma0
LOO_03_theoph_subject_04,subject_id,one_compartment,Subj_04,theoph_subject_04,319.88000000000005,72.7,0.3,0.6878756880760193,4718.354225959898,4716.728824595882,4,11,1,True,46,subjid_sigma0
LOO_03_theoph_subject_04,subject_id,one_compartment,Subj_04,theoph_subject_04,319.88000000000005,72.7,0.45,0.6878756880760193,3.73945688672064,3.7394184795290246,5,11,1,True,46,subjid_sigma0
LOO_03_theoph_subject_04,subject_id,one_compartment,Subj_04,theoph_subject_04,319.88000000000005,72.7,0.55,0.6878756880760193,1.4694135301076385,1.4694093968412367,7,11,1,True,46,subjid_sigma0
LOO_03_theoph_subject_04,subject_id,one_compartment,Subj_04,theoph_subject_04,319.88000000000005,72.7,0.75,0.6878756880760193,0.5276326728421729,0.5276328579954073,9,11,1,True,46,subjid_sigma0
LOO_03_theoph_subject_04,subject_id,one_compartment,Subj_04,theoph_subject_04,319.88000000000005,72.7,1.0,0.6878756880760193,0.5210864185677537,0.521086418718207,11,11,1,True,46,subjid_sigma0
LOO_03_theoph_subject_04,subject_id,two_compartment,Subj_04,theoph_subject_04,319.88000000000005,72.7,0.1,9.828789710998535,27.04621692189944,26.93066335085325,2,11,1,True,46,subjid_sigma0
LOO_03_theoph_subject_04,subject_id,two_compartment,Subj_04,theoph_subject_04,319.88000000000005,72.7,0.2,9.828789710998535,9.81465207480255,9.814658149748686,3,11,1,True,46,subjid_sigma0
LOO_03_theoph_subject_04,subject_id,two_compartment,Subj_04,theoph_subject_04,319.88000000000005,72.7,0.3,9.828789710998535,9.80984829483541,9.809848309676124,4,11,1,True,46,subjid_sigma0
LOO_03_theoph_subject_04,subject_id,two_compartment,Subj_04,theoph_subject_04,319.88000000000005,72.7,0.45,9.828789710998535,9.809848258214062,9.809848271270077,5,11,1,True,46,subjid_sigma0
LOO_03_theoph_subject_04,subject_id,two_compartment,Subj_04,theoph_subject_04,319.88000000000005,72.7,0.55,9.828789710998535,9.809848254520496,9.809848271093403,7,11,1,True,46,subjid_sigma0
LOO_03_theoph_subject_04,subject_id,two_compartment,Subj_04,theoph_subject_04,319.88000000000005,72.7,0.75,9.828789710998535,9.809848254268843,9.809848264233414,9,11,1,True,46,subjid_sigma0
LOO_03_theoph_subject_04,subject_id,two_compartment,Subj_04,theoph_subject_04,319.88000000000005,72.7,1.0,9.828789710998535,9.809848254263919,9.809848281485095,11,11,1,True,46,subjid_sigma0
LOO_04_theoph_subject_05,subject_id,one_compartment,Subj_05,theoph_subject_05,319.956,54.6,0.1,2.5419137477874756,31.82894698754612,40.89185216761978,2,11,1,True,46,subjid_sigma0
LOO_04_theoph_subject_05,subject_id,one_compartment,Subj_05,theoph_subject_05,319.956,54.6,0.2,2.5419137477874756,7466.802183553311,7456.484446192888,3,11,1,True,46,subjid_sigma0
LOO_04_theoph_subject_05,subject_id,one_compartment,Subj_05,theoph_subject_05,319.956,54.6,0.3,2.5419137477874756,9423.564008626032,9422.672630102177,4,11,1,True,46,subjid_sigma0
LOO_04_theoph_subject_05,subject_id,one_compartment,Subj_05,theoph_subject_05,319.956,54.6,0.45,2.5419137477874756,8.877538077016677,8.877528827690352,5,11,1,True,46,subjid_sigma0
LOO_04_theoph_subject_05,subject_id,one_compartment,Subj_05,theoph_subject_05,319.956,54.6,0.55,2.5419137477874756,2.514936754420825,2.5149224813530884,7,11,1,True,46,subjid_sigma0
LOO_04_theoph_subject_05,subject_id,one_compartment,Subj_05,theoph_subject_05,319.956,54.6,0.75,2.5419137477874756,1.2251742970332644,1.225172783607852,9,11,1,True,46,subjid_sigma0
LOO_04_theoph_subject_05,subject_id,one_compartment,Subj_05,theoph_subject_05,319.956,54.6,1.0,2.5419137477874756,1.2239517888307179,1.2239517902764476,11,11,1,True,46,subjid_sigma0
LOO_04_theoph_subject_05,subject_id,two_compartment,Subj_05,theoph_subject_05,319.956,54.6,0.1,17.10251235961914,40.11533196619135,38.930457835703606,2,11,1,True,46,subjid_sigma0
LOO_04_theoph_subject_05,subject_id,two_compartment,Subj_05,theoph_subject_05,319.956,54.6,0.2,17.10251235961914,17.08713138741822,17.08713279508842,3,11,1,True,46,subjid_sigma0
LOO_04_theoph_subject_05,subject_id,two_compartment,Subj_05,theoph_subject_05,319.956,54.6,0.3,17.10251235961914,17.086621465871236,17.08662150327964,4,11,1,True,46,subjid_sigma0
LOO_04_theoph_subject_05,subject_id,two_compartment,Subj_05,theoph_subject_05,319.956,54.6,0.45,17.10251235961914,17.086621453979607,17.086621476216834,5,11,1,True,46,subjid_sigma0
LOO_04_theoph_subject_05,subject_id,two_compartment,Subj_05,theoph_subject_05,319.956,54.6,0.55,17.10251235961914,17.08662144760588,17.086621480413744,7,11,1,True,46,subjid_sigma0
LOO_04_theoph_subject_05,subject_id,two_compartment,Subj_05,theoph_subject_05,319.956,54.6,0.75,17.10251235961914,17.086621448937557,17.08662149256642,9,11,1,True,46,subjid_sigma0
LOO_04_theoph_subject_05,subject_id,two_compartment,Subj_05,theoph_subject_05,319.956,54.6,1.0,17.10251235961914,17.086621447115817,17.08662148113394,11,11,1,True,46,subjid_sigma0
LOO_05_theoph_subject_06,subject_id,one_compartment,Subj_06,theoph_subject_06,320.0,80.0,0.1,3.8635926246643066,8.574744124877583,16.094375194270956,2,11,1,True,46,subjid_sigma0
LOO_05_theoph_subject_06,subject_id,one_compartment,Subj_06,theoph_subject_06,320.0,80.0,0.2,3.8635926246643066,2043.2037953427948,2042.5561919038678,3,11,1,True,46,subjid_sigma0
LOO_05_theoph_subject_06,subject_id,one_compartment,Subj_06,theoph_subject_06,320.0,80.0,0.3,3.8635926246643066,2290.5970924218773,2289.947041832241,4,11,1,True,46,subjid_sigma0
LOO_05_theoph_subject_06,subject_id,one_compartment,Subj_06,theoph_subject_06,320.0,80.0,0.45,3.8635926246643066,1.2874618584734878,1.2874719706737232,5,11,1,True,46,subjid_sigma0
LOO_05_theoph_subject_06,subject_id,one_compartment,Subj_06,theoph_subject_06,320.0,80.0,0.55,3.8635926246643066,0.821477474938792,0.8214746362150656,7,11,1,True,46,subjid_sigma0
LOO_05_theoph_subject_06,subject_id,one_compartment,Subj_06,theoph_subject_06,320.0,80.0,0.75,3.8635926246643066,0.24111620935841965,0.24111502037124916,9,11,1,True,46,subjid_sigma0
LOO_05_theoph_subject_06,subject_id,one_compartment,Subj_06,theoph_subject_06,320.0,80.0,1.0,3.8635926246643066,0.22220365615455648,0.22220365630675423,11,11,1,True,46,subjid_sigma0
LOO_05_theoph_subject_06,subject_id,two_compartment,Subj_06,theoph_subject_06,320.0,80.0,0.1,3.2630083560943604,4.531010399778695,14.749383110880894,2,11,1,True,46,subjid_sigma0
LOO_05_theoph_subject_06,subject_id,two_compartment,Subj_06,theoph_subject_06,320.0,80.0,0.2,3.2630083560943604,3.279585790902442,3.279586710570022,3,11,1,True,46,subjid_sigma0
LOO_05_theoph_subject_06,subject_id,two_compartment,Subj_06,theoph_subject_06,320.0,80.0,0.3,3.2630083560943604,3.246438765367962,3.246438746333915,4,11,1,True,46,subjid_sigma0
LOO_05_theoph_subject_06,subject_id,two_compartment,Subj_06,theoph_subject_06,320.0,80.0,0.45,3.2630083560943604,3.2464032410664374,3.246403235677572,5,11,1,True,46,subjid_sigma0
LOO_05_theoph_subject_06,subject_id,two_compartment,Subj_06,theoph_subject_06,320.0,80.0,0.55,3.2630083560943604,3.2464032408836,3.246403235935638,7,11,1,True,46,subjid_sigma0
LOO_05_theoph_subject_06,subject_id,two_compartment,Subj_06,theoph_subject_06,320.0,80.0,0.75,3.2630083560943604,3.246403241876223,3.2464032455805234,9,11,1,True,46,subjid_sigma0
LOO_05_theoph_subject_06,subject_id,two_compartment,Subj_06,theoph_subject_06,320.0,80.0,1.0,3.2630083560943604,3.19970299139772,3.1997030812830176,11,11,1,True,46,subjid_sigma0
LOO_06_theoph_subject_07,subject_id,one_compartment,Subj_07,theoph_subject_07,319.77,64.6,0.1,1.754072904586792,1.2720276734269513,20.813107027339203,2,11,1,True,46,subjid_sigma0
LOO_06_theoph_subject_07,subject_id,one_compartment,Subj_07,theoph_subject_07,319.77,64.6,0.2,1.754072904586792,1455.8918611348354,1431.1032995067142,3,11,1,True,46,subjid_sigma0
LOO_06_theoph_subject_07,subject_id,one_compartment,Subj_07,theoph_subject_07,319.77,64.6,0.3,1.754072904586792,1721.807582251339,1693.4469426969358,4,11,1,True,46,subjid_sigma0
LOO_06_theoph_subject_07,subject_id,one_compartment,Subj_07,theoph_subject_07,319.77,64.6,0.45,1.754072904586792,0.3704983555735905,0.3705135501238861,5,11,1,True,46,subjid_sigma0
LOO_06_theoph_subject_07,subject_id,one_compartment,Subj_07,theoph_subject_07,319.77,64.6,0.55,1.754072904586792,0.4106794467973626,0.41065739992815514,7,11,1,True,46,subjid_sigma0
LOO_06_theoph_subject_07,subject_id,one_compartment,Subj_07,theoph_subject_07,319.77,64.6,0.75,1.754072904586792,0.14750169853263842,0.14750082299423115,9,11,1,True,46,subjid_sigma0
LOO_06_theoph_subject_07,subject_id,one_compartment,Subj_07,theoph_subject_07,319.77,64.6,1.0,1.754072904586792,0.0905961078431127,0.0905961078432235,11,11,1,True,46,subjid_sigma0
LOO_06_theoph_subject_07,subject_id,two_compartment,Subj_07,theoph_subject_07,319.77,64.6,0.1,5.084311008453369,14.982491281111102,20.20237869514206,2,11,1,True,46,subjid_sigma0
LOO_06_theoph_subject_07,subject_id,two_compartment,Subj_07,theoph_subject_07,319.77,64.6,0.2,5.084311008453369,4.931768563735255,4.931768198254046,3,11,1,True,46,subjid_sigma0
LOO_06_theoph_subject_07,subject_id,two_compartment,Subj_07,theoph_subject_07,319.77,64.6,0.3,5.084311008453369,4.836657220061181,4.836657716072826,4,11,1,True,46,subjid_sigma0
LOO_06_theoph_subject_07,subject_id,two_compartment,Subj_07,theoph_subject_07,319.77,64.6,0.45,5.084311008453369,4.83606811643266,4.8360681384125845,5,11,1,True,46,subjid_sigma0
LOO_06_theoph_subject_07,subject_id,two_compartment,Subj_07,theoph_subject_07,319.77,64.6,0.55,5.084311008453369,4.8360678526645335,4.836067856377219,7,11,1,True,46,subjid_sigma0
LOO_06_theoph_subject_07,subject_id,two_compartment,Subj_07,theoph_subject_07,319.77,64.6,0.75,5.084311008453369,4.836067852533371,4.836067858540388,9,11,1,True,46,subjid_sigma0
LOO_06_theoph_subject_07,subject_id,two_compartment,Subj_07,theoph_subject_07,319.77,64.6,1.0,5.084311008453369,4.836067852186483,4.836067854941731,11,11,1,True,46,subjid_sigma0
LOO_07_theoph_subject_08,subject_id,one_compartment,Subj_08,theoph_subject_08,319.365,70.5,0.1,0.861477255821228,6.189525624451053,1.3196684166283192,2,11,1,True,46,subjid_sigma0
LOO_07_theoph_subject_08,subject_id,one_compartment,Subj_08,theoph_subject_08,319.365,70.5,0.2,0.861477255821228,17.16948359761194,19.641447412762,3,11,1,True,46,subjid_sigma0
LOO_07_theoph_subject_08,subject_id,one_compartment,Subj_08,theoph_subject_08,319.365,70.5,0.3,0.861477255821228,536.3125565735535,536.2886607027435,4,11,1,True,46,subjid_sigma0
LOO_07_theoph_subject_08,subject_id,one_compartment,Subj_08,theoph_subject_08,319.365,70.5,0.45,0.861477255821228,3.3922262506944407,3.392279448241044,5,11,1,True,46,subjid_sigma0
LOO_07_theoph_subject_08,subject_id,one_compartment,Subj_08,theoph_subject_08,319.365,70.5,0.55,0.861477255821228,0.6324107461371853,0.6323959405762817,7,11,1,True,46,subjid_sigma0
LOO_07_theoph_subject_08,subject_id,one_compartment,Subj_08,theoph_subject_08,319.365,70.5,0.75,0.861477255821228,0.3349788439918809,0.3349790763018042,9,11,1,True,46,subjid_sigma0
LOO_07_theoph_subject_08,subject_id,one_compartment,Subj_08,theoph_subject_08,319.365,70.5,1.0,0.861477255821228,0.3348500780968299,0.33485007810316453,11,11,1,True,46,subjid_sigma0
LOO_07_theoph_subject_08,subject_id,two_compartment,Subj_08,theoph_subject_08,319.365,70.5,0.1,5.762689590454102,12.284707899401132,7.83877110259694,2,11,1,True,46,subjid_sigma0
LOO_07_theoph_subject_08,subject_id,two_compartment,Subj_08,theoph_subject_08,319.365,70.5,0.2,5.762689590454102,8.723322747346693,9.000112930095877,3,11,1,True,46,subjid_sigma0
LOO_07_theoph_subject_08,subject_id,two_compartment,Subj_08,theoph_subject_08,319.365,70.5,0.3,5.762689590454102,5.713662347063754,5.713662421251523,4,11,1,True,46,subjid_sigma0
LOO_07_theoph_subject_08,subject_id,two_compartment,Subj_08,theoph_subject_08,319.365,70.5,0.45,5.762689590454102,5.713662347615311,5.713662349977989,5,11,1,True,46,subjid_sigma0
LOO_07_theoph_subject_08,subject_id,two_compartment,Subj_08,theoph_subject_08,319.365,70.5,0.55,5.762689590454102,5.713662347049768,5.713662349586874,7,11,1,True,46,subjid_sigma0
LOO_07_theoph_subject_08,subject_id,two_compartment,Subj_08,theoph_subject_08,319.365,70.5,0.75,5.762689590454102,5.713662347072965,5.7136623473967,9,11,1,True,46,subjid_sigma0
LOO_07_theoph_subject_08,subject_id,two_compartment,Subj_08,theoph_subject_08,319.365,70.5,1.0,5.762689590454102,5.713662346906232,5.713662350715476,11,11,1,True,46,subjid_sigma0
LOO_08_theoph_subject_09,subject_id,one_compartment,Subj_09,theoph_subject_09,267.84000000000003,86.4,0.1,3.1618051528930664,4.7305635436601525,0.2940426741512785,2,11,1,True,46,subjid_sigma0
LOO_08_theoph_subject_09,subject_id,one_compartment,Subj_09,theoph_subject_09,267.84000000000003,86.4,0.2,3.1618051528930664,10.373482149363438,1.572557197335852,3,11,1,True,46,subjid_sigma0
LOO_08_theoph_subject_09,subject_id,one_compartment,Subj_09,theoph_subject_09,267.84000000000003,86.4,0.3,3.1618051528930664,10.891038511829322,10.89103886946205,4,11,1,True,46,subjid_sigma0
LOO_08_theoph_subject_09,subject_id,one_compartment,Subj_09,theoph_subject_09,267.84000000000003,86.4,0.45,3.1618051528930664,3.1676846820373075,3.1677113373714363,5,11,1,True,46,subjid_sigma0
LOO_08_theoph_subject_09,subject_id,one_compartment,Subj_09,theoph_subject_09,267.84000000000003,86.4,0.55,3.1618051528930664,0.28547424424547124,0.2854742354042782,7,11,1,True,46,subjid_sigma0
LOO_08_theoph_subject_09,subject_id,one_compartment,Subj_09,theoph_subject_09,267.84000000000003,86.4,0.75,3.1618051528930664,0.23003818420611044,0.23003722979584004,9,11,1,True,46,subjid_sigma0
LOO_08_theoph_subject_09,subject_id,one_compartment,Subj_09,theoph_subject_09,267.84000000000003,86.4,1.0,3.1618051528930664,0.22625944686108568,0.22625944693427671,11,11,1,True,46,subjid_sigma0
LOO_08_theoph_subject_09,subject_id,two_compartment,Subj_09,theoph_subject_09,267.84000000000003,86.4,0.1,13.000672340393066,10.962020156292931,10.962020199527158,2,11,1,True,46,subjid_sigma0
LOO_08_theoph_subject_09,subject_id,two_compartment,Subj_09,theoph_subject_09,267.84000000000003,86.4,0.2,13.000672340393066,10.9620201473681,10.962020194681916,3,11,1,True,46,subjid_sigma0
LOO_08_theoph_subject_09,subject_id,two_compartment,Subj_09,theoph_subject_09,267.84000000000003,86.4,0.3,13.000672340393066,10.96202014927336,10.9620201921008,4,11,1,True,46,subjid_sigma0
LOO_08_theoph_subject_09,subject_id,two_compartment,Subj_09,theoph_subject_09,267.84000000000003,86.4,0.45,13.000672340393066,10.962020146800096,10.962020181374987,5,11,1,True,46,subjid_sigma0
LOO_08_theoph_subject_09,subject_id,two_compartment,Subj_09,theoph_subject_09,267.84000000000003,86.4,0.55,13.000672340393066,10.96202014703733,10.962020206574032,7,11,1,True,46,subjid_sigma0
LOO_08_theoph_subject_09,subject_id,two_compartment,Subj_09,theoph_subject_09,267.84000000000003,86.4,0.75,13.000672340393066,10.962020146177558,10.962020169760912,9,11,1,True,46,subjid_sigma0
LOO_08_theoph_subject_09,subject_id,two_compartment,Subj_09,theoph_subject_09,267.84000000000003,86.4,1.0,13.000672340393066,10.962020145786338,10.962020199017509,11,11,1,True,46,subjid_sigma0
LOO_09_theoph_subject_10,subject_id,one_compartment,Subj_10,theoph_subject_10,320.1,58.2,0.1,3.9863359928131104,18.684089413406806,30.2532353349945,2,11,1,True,46,subjid_sigma0
LOO_09_theoph_subject_10,subject_id,one_compartment,Subj_10,theoph_subject_10,320.1,58.2,0.2,3.9863359928131104,15.129965621352152,13.825515729486485,3,11,1,True,46,subjid_sigma0
LOO_09_theoph_subject_10,subject_id,one_compartment,Subj_10,theoph_subject_10,320.1,58.2,0.3,3.9863359928131104,17.908289526579168,17.908289621179236,4,11,1,True,46,subjid_sigma0
LOO_09_theoph_subject_10,subject_id,one_compartment,Subj_10,theoph_subject_10,320.1,58.2,0.45,3.9863359928131104,11.110891816203011,11.110873221076174,5,11,1,True,46,subjid_sigma0
LOO_09_theoph_subject_10,subject_id,one_compartment,Subj_10,theoph_subject_10,320.1,58.2,0.55,3.9863359928131104,1.0453054413805807,1.0451414015012204,7,11,1,True,46,subjid_sigma0
LOO_09_theoph_subject_10,subject_id,one_compartment,Subj_10,theoph_subject_10,320.1,58.2,0.75,3.9863359928131104,0.1269827026242597,0.12698278071897343,9,11,1,True,46,subjid_sigma0
LOO_09_theoph_subject_10,subject_id,one_compartment,Subj_10,theoph_subject_10,320.1,58.2,1.0,3.9863359928131104,0.12285474971308315,0.12285474971308476,11,11,1,True,46,subjid_sigma0
LOO_09_theoph_subject_10,subject_id,two_compartment,Subj_10,theoph_subject_10,320.1,58.2,0.1,15.123790740966797,26.973732367985573,20.591023049590593,2,11,1,True,46,subjid_sigma0
LOO_09_theoph_subject_10,subject_id,two_compartment,Subj_10,theoph_subject_10,320.1,58.2,0.2,15.123790740966797,15.116408265653531,15.116407969259598,3,11,1,True,46,subjid_sigma0
LOO_09_theoph_subject_10,subject_id,two_compartment,Subj_10,theoph_subject_10,320.1,58.2,0.3,15.123790740966797,15.1163446763525,15.116344704519936,4,11,1,True,46,subjid_sigma0
LOO_09_theoph_subject_10,subject_id,two_compartment,Subj_10,theoph_subject_10,320.1,58.2,0.45,15.123790740966797,15.116344666562044,15.116345128099725,5,11,1,True,46,subjid_sigma0
LOO_09_theoph_subject_10,subject_id,two_compartment,Subj_10,theoph_subject_10,320.1,58.2,0.55,15.123790740966797,15.11634466628642,15.116344703600435,7,11,1,True,46,subjid_sigma0
LOO_09_theoph_subject_10,subject_id,two_compartment,Subj_10,theoph_subject_10,320.1,58.2,0.75,15.123790740966797,15.116344662012494,15.116344703412256,9,11,1,True,46,subjid_sigma0
LOO_09_theoph_subject_10,subject_id,two_compartment,Subj_10,theoph_subject_10,320.1,58.2,1.0,15.123790740966797,15.116344662746942,15.116344722903731,11,11,1,True,46,subjid_sigma0
LOO_10_theoph_subject_11,subject_id,one_compartment,Subj_11,theoph_subject_11,319.8,65.0,0.1,1.7822262048721313,14.155473357055065,2.2490408539636273,2,11,1,True,46,subjid_sigma0
LOO_10_theoph_subject_11,subject_id,one_compartment,Subj_11,theoph_subject_11,319.8,65.0,0.2,1.7822262048721313,4.417415002197644,0.6653844881980077,3,11,1,True,46,subjid_sigma0
LOO_10_theoph_subject_11,subject_id,one_compartment,Subj_11,theoph_subject_11,319.8,65.0,0.3,1.7822262048721313,8.074920968400345,8.07492097788922,4,11,1,True,46,subjid_sigma0
LOO_10_theoph_subject_11,subject_id,one_compartment,Subj_11,theoph_subject_11,319.8,65.0,0.45,1.7822262048721313,2.171429029855945,2.1714309837341985,5,11,1,True,46,subjid_sigma0
LOO_10_theoph_subject_11,subject_id,one_compartment,Subj_11,theoph_subject_11,319.8,65.0,0.55,1.7822262048721313,0.09181381396501363,0.09181425186929738,7,11,1,True,46,subjid_sigma0
LOO_10_theoph_subject_11,subject_id,one_compartment,Subj_11,theoph_subject_11,319.8,65.0,0.75,1.7822262048721313,0.039388006131477464,0.03938796205019074,9,11,1,True,46,subjid_sigma0
LOO_10_theoph_subject_11,subject_id,one_compartment,Subj_11,theoph_subject_11,319.8,65.0,1.0,1.7822262048721313,0.038746928028908216,0.038746928030133174,11,11,1,True,46,subjid_sigma0
LOO_10_theoph_subject_11,subject_id,two_compartment,Subj_11,theoph_subject_11,319.8,65.0,0.1,7.103824138641357,6.71851999902174,6.718519995086203,2,11,1,True,46,subjid_sigma0
LOO_10_theoph_subject_11,subject_id,two_compartment,Subj_11,theoph_subject_11,319.8,65.0,0.2,7.103824138641357,6.718519996360012,6.7185199950274885,3,11,1,True,46,subjid_sigma0
LOO_10_theoph_subject_11,subject_id,two_compartment,Subj_11,theoph_subject_11,319.8,65.0,0.3,7.103824138641357,6.718519999552621,6.718519994907745,4,11,1,True,46,subjid_sigma0
LOO_10_theoph_subject_11,subject_id,two_compartment,Subj_11,theoph_subject_11,319.8,65.0,0.45,7.103824138641357,6.718519999303253,6.7185199949551695,5,11,1,True,46,subjid_sigma0
LOO_10_theoph_subject_11,subject_id,two_compartment,Subj_11,theoph_subject_11,319.8,65.0,0.55,7.103824138641357,6.718519999517157,6.718519995008623,7,11,1,True,46,subjid_sigma0
LOO_10_theoph_subject_11,subject_id,two_compartment,Subj_11,theoph_subject_11,319.8,65.0,0.75,7.103824138641357,6.7185199997698595,6.718519997526829,9,11,1,True,46,subjid_sigma0
LOO_10_theoph_subject_11,subject_id,two_compartment,Subj_11,theoph_subject_11,319.8,65.0,1.0,7.103824138641357,6.699721831947076,6.699721836314899,11,11,1,True,46,subjid_sigma0
LOO_11_theoph_subject_12,subject_id,one_compartment,Subj_12,theoph_subject_12,320.65,60.5,0.1,1.0938796997070312,38.753499056757846,39.704063335516956,2,11,1,True,46,subjid_sigma0
LOO_11_theoph_subject_12,subject_id,one_compartment,Subj_12,theoph_subject_12,320.65,60.5,0.2,1.0938796997070312,4061.049507299862,3990.7951196281833,3,11,1,True,46,subjid_sigma0
LOO_11_theoph_subject_12,subject_id,one_compartment,Subj_12,theoph_subject_12,320.65,60.5,0.3,1.0938796997070312,4492.134094581336,4490.702715503957,4,11,1,True,46,subjid_sigma0
LOO_11_theoph_subject_12,subject_id,one_compartment,Subj_12,theoph_subject_12,320.65,60.5,0.45,1.0938796997070312,1.4517768486591562,1.4517346216579368,5,11,1,True,46,subjid_sigma0
LOO_11_theoph_subject_12,subject_id,one_compartment,Subj_12,theoph_subject_12,320.65,60.5,0.55,1.0938796997070312,1.2543804118689175,1.2543608198897709,7,11,1,True,46,subjid_sigma0
LOO_11_theoph_subject_12,subject_id,one_compartment,Subj_12,theoph_subject_12,320.65,60.5,0.75,1.0938796997070312,0.27852357669879146,0.27852631044263393,9,11,1,True,46,subjid_sigma0
LOO_11_theoph_subject_12,subject_id,one_compartment,Subj_12,theoph_subject_12,320.65,60.5,1.0,1.0938796997070312,0.2553815650793635,0.255381565098056,11,11,1,True,46,subjid_sigma0
LOO_11_theoph_subject_12,subject_id,two_compartment,Subj_12,theoph_subject_12,320.65,60.5,0.1,14.90008544921875,33.5816342211555,37.948967499006464,2,11,1,True,46,subjid_sigma0
LOO_11_theoph_subject_12,subject_id,two_compartment,Subj_12,theoph_subject_12,320.65,60.5,0.2,14.90008544921875,14.879005435052461,14.878992917911551,3,11,1,True,46,subjid_sigma0
LOO_11_theoph_subject_12,subject_id,two_compartment,Subj_12,theoph_subject_12,320.65,60.5,0.3,14.90008544921875,14.86290053749516,14.86290063823789,4,11,1,True,46,subjid_sigma0
LOO_11_theoph_subject_12,subject_id,two_compartment,Subj_12,theoph_subject_12,320.65,60.5,0.45,14.90008544921875,14.86289859515772,14.862898650821547,5,11,1,True,46,subjid_sigma0
LOO_11_theoph_subject_12,subject_id,two_compartment,Subj_12,theoph_subject_12,320.65,60.5,0.55,14.90008544921875,14.862898590525322,14.862898618973327,7,11,1,True,46,subjid_sigma0
LOO_11_theoph_subject_12,subject_id,two_compartment,Subj_12,theoph_subject_12,320.65,60.5,0.75,14.90008544921875,14.862898590680839,14.862898608493232,9,11,1,True,46,subjid_sigma0
LOO_11_theoph_subject_12,subject_id,two_compartment,Subj_12,theoph_subject_12,320.65,60.5,1.0,14.90008544921875,14.862898588021402,14.862898623069254,11,11,1,True,46,subjid_sigma0
LOO_00_theoph_subject_01,population,one_compartment,Subj_01,theoph_subject_01,319.99199999999996,79.6,0.1,9.313138961791992,33.23418464947331,6.597414948857019,2,11,1,True,42,population_sigma0
LOO_00_theoph_subject_01,population,one_compartment,Subj_01,theoph_subject_01,319.99199999999996,79.6,0.2,9.313138961791992,10102.292007791211,10102.268053864878,3,11,1,True,42,population_sigma0
LOO_00_theoph_subject_01,population,one_compartment,Subj_01,theoph_subject_01,319.99199999999996,79.6,0.3,9.313138961791992,11.08578090613108,11.085978114936124,4,11,1,True,42,population_sigma0
LOO_00_theoph_subject_01,population,one_compartment,Subj_01,theoph_subject_01,319.99199999999996,79.6,0.45,9.313138961791992,13.085468239761527,13.08542981214867,5,11,1,True,42,population_sigma0
LOO_00_theoph_subject_01,population,one_compartment,Subj_01,theoph_subject_01,319.99199999999996,79.6,0.55,9.313138961791992,1.455958087081873,1.4559276372382222,7,11,1,True,42,population_sigma0
LOO_00_theoph_subject_01,population,one_compartment,Subj_01,theoph_subject_01,319.99199999999996,79.6,0.75,9.313138961791992,0.45812044722543893,0.45811697526831857,9,11,1,True,42,population_sigma0
LOO_00_theoph_subject_01,population,one_compartment,Subj_01,theoph_subject_01,319.99199999999996,79.6,1.0,9.313138961791992,0.3896371840627836,0.3896371840733085,11,11,1,True,42,population_sigma0
LOO_00_theoph_subject_01,population,two_compartment,Subj_01,theoph_subject_01,319.99199999999996,79.6,0.1,18.36292839050293,40.027555490453906,29.005503224030736,2,11,1,True,42,population_sigma0
LOO_00_theoph_subject_01,population,two_compartment,Subj_01,theoph_subject_01,319.99199999999996,79.6,0.2,18.36292839050293,18.357105146948854,18.357105179512068,3,11,1,True,42,population_sigma0
LOO_00_theoph_subject_01,population,two_compartment,Subj_01,theoph_subject_01,319.99199999999996,79.6,0.3,18.36292839050293,18.357105091196715,18.35710512447805,4,11,1,True,42,population_sigma0
LOO_00_theoph_subject_01,population,two_compartment,Subj_01,theoph_subject_01,319.99199999999996,79.6,0.45,18.36292839050293,18.357105084672824,18.357105125097995,5,11,1,True,42,population_sigma0
LOO_00_theoph_subject_01,population,two_compartment,Subj_01,theoph_subject_01,319.99199999999996,79.6,0.55,18.36292839050293,18.357105090614183,18.357105121580044,7,11,1,True,42,population_sigma0
LOO_00_theoph_subject_01,population,two_compartment,Subj_01,theoph_subject_01,319.99199999999996,79.6,0.75,18.36292839050293,18.3571050831661,18.357105163732975,9,11,1,True,42,population_sigma0
LOO_00_theoph_subject_01,population,two_compartment,Subj_01,theoph_subject_01,319.99199999999996,79.6,1.0,18.36292839050293,18.357105082521475,18.357105124635446,11,11,1,True,42,population_sigma0
LOO_01_theoph_subject_02,population,one_compartment,Subj_02,theoph_subject_02,318.56000000000006,72.4,0.1,1.3804619312286377,17.96154838519071,30.673148648731072,2,11,1,True,42,population_sigma0
LOO_01_theoph_subject_02,population,one_compartment,Subj_02,theoph_subject_02,318.56000000000006,72.4,0.2,1.3804619312286377,14130.65553486054,13895.65599853683,3,11,1,True,42,population_sigma0
LOO_01_theoph_subject_02,population,one_compartment,Subj_02,theoph_subject_02,318.56000000000006,72.4,0.3,1.3804619312286377,4.915581102296357,4.915187667058657,4,11,1,True,42,population_sigma0
LOO_01_theoph_subject_02,population,one_compartment,Subj_02,theoph_subject_02,318.56000000000006,72.4,0.45,1.3804619312286377,6.676195375464368,6.6761617270987506,5,11,1,True,42,population_sigma0
LOO_01_theoph_subject_02,population,one_compartment,Subj_02,theoph_subject_02,318.56000000000006,72.4,0.55,1.3804619312286377,1.1352449213912517,1.135222040165939,7,11,1,True,42,population_sigma0
LOO_01_theoph_subject_02,population,one_compartment,Subj_02,theoph_subject_02,318.56000000000006,72.4,0.75,1.3804619312286377,0.8145605417912197,0.8145610883251589,9,11,1,True,42,population_sigma0
LOO_01_theoph_subject_02,population,one_compartment,Subj_02,theoph_subject_02,318.56000000000006,72.4,1.0,1.3804619312286377,0.8134822109710004,0.813482211170221,11,11,1,True,42,population_sigma0
LOO_01_theoph_subject_02,population,two_compartment,Subj_02,theoph_subject_02,318.56000000000006,72.4,0.1,10.051782608032227,26.375228049373785,27.619327189445073,2,11,1,True,42,population_sigma0
LOO_01_theoph_subject_02,population,two_compartment,Subj_02,theoph_subject_02,318.56000000000006,72.4,0.2,10.051782608032227,10.050043290256113,10.050043332562225,3,11,1,True,42,population_sigma0
LOO_01_theoph_subject_02,population,two_compartment,Subj_02,theoph_subject_02,318.56000000000006,72.4,0.3,10.051782608032227,10.050007502410299,10.050007541000026,4,11,1,True,42,population_sigma0
LOO_01_theoph_subject_02,population,two_compartment,Subj_02,theoph_subject_02,318.56000000000006,72.4,0.45,10.051782608032227,10.050007501596587,10.050007503666604,5,11,1,True,42,population_sigma0
LOO_01_theoph_subject_02,population,two_compartment,Subj_02,theoph_subject_02,318.56000000000006,72.4,0.55,10.051782608032227,10.050007501242748,10.050007505254532,7,11,1,True,42,population_sigma0
LOO_01_theoph_subject_02,population,two_compartment,Subj_02,theoph_subject_02,318.56000000000006,72.4,0.75,10.051782608032227,10.0500075004397,10.050007622483605,9,11,1,True,42,population_sigma0
LOO_01_theoph_subject_02,population,two_compartment,Subj_02,theoph_subject_02,318.56000000000006,72.4,1.0,10.051782608032227,10.05000750045224,10.050007503955802,11,11,1,True,42,population_sigma0
LOO_02_theoph_subject_03,population,one_compartment,Subj_03,theoph_subject_03,319.365,70.5,0.1,0.8280576467514038,5.257000996404151,5.464900512326752,2,11,1,True,42,population_sigma0
LOO_02_theoph_subject_03,population,one_compartment,Subj_03,theoph_subject_03,319.365,70.5,0.2,0.8280576467514038,10.899266803880634,0.15553019607295934,3,11,1,True,42,population_sigma0
LOO_02_theoph_subject_03,population,one_compartment,Subj_03,theoph_subject_03,319.365,70.5,0.3,0.8280576467514038,0.5721900231083151,0.57219002310831,4,11,1,True,42,population_sigma0
LOO_02_theoph_subject_03,population,one_compartment,Subj_03,theoph_subject_03,319.365,70.5,0.45,0.8280576467514038,2.2188425935505403,2.2188425828542333,5,11,1,True,42,population_sigma0
LOO_02_theoph_subject_03,population,one_compartment,Subj_03,theoph_subject_03,319.365,70.5,0.55,0.8280576467514038,0.0398853641631981,0.03988537096408182,7,11,1,True,42,population_sigma0
LOO_02_theoph_subject_03,population,one_compartment,Subj_03,theoph_subject_03,319.365,70.5,0.75,0.8280576467514038,0.04384272617510044,0.043842723803099164,9,11,1,True,42,population_sigma0
LOO_02_theoph_subject_03,population,one_compartment,Subj_03,theoph_subject_03,319.365,70.5,1.0,0.8280576467514038,0.03966126670644705,0.03966126670648959,11,11,1,True,42,population_sigma0
LOO_02_theoph_subject_03,population,two_compartment,Subj_03,theoph_subject_03,319.365,70.5,0.1,9.345704078674316,9.205188023564766,9.205188045932445,2,11,1,True,42,population_sigma0
LOO_02_theoph_subject_03,population,two_compartment,Subj_03,theoph_subject_03,319.365,70.5,0.2,9.345704078674316,9.205188022015646,9.205188077507257,3,11,1,True,42,population_sigma0
LOO_02_theoph_subject_03,population,two_compartment,Subj_03,theoph_subject_03,319.365,70.5,0.3,9.345704078674316,9.205188024713365,9.205188048321952,4,11,1,True,42,population_sigma0
LOO_02_theoph_subject_03,population,two_compartment,Subj_03,theoph_subject_03,319.365,70.5,0.45,9.345704078674316,9.205188021617774,9.205188045368821,5,11,1,True,42,population_sigma0
LOO_02_theoph_subject_03,population,two_compartment,Subj_03,theoph_subject_03,319.365,70.5,0.55,9.345704078674316,9.205188021170502,9.205188054760912,7,11,1,True,42,population_sigma0
LOO_02_theoph_subject_03,population,two_compartment,Subj_03,theoph_subject_03,319.365,70.5,0.75,9.345704078674316,9.205188021083071,9.205188037503795,9,11,1,True,42,population_sigma0
LOO_02_theoph_subject_03,population,two_compartment,Subj_03,theoph_subject_03,319.365,70.5,1.0,9.345704078674316,9.205188020628169,9.205188059469782,11,11,1,True,42,population_sigma0
LOO_03_theoph_subject_04,population,one_compartment,Subj_04,theoph_subject_04,319.88000000000005,72.7,0.1,1.1245625019073486,17.148810421381253,30.458433172883176,2,11,1,True,42,population_sigma0
LOO_03_theoph_subject_04,population,one_compartment,Subj_04,theoph_subject_04,319.88000000000005,72.7,0.2,1.1245625019073486,3919.1864392417247,3917.9140433763464,3,11,1,True,42,population_sigma0
LOO_03_theoph_subject_04,population,one_compartment,Subj_04,theoph_subject_04,319.88000000000005,72.7,0.3,1.1245625019073486,4718.360682843509,4716.835081543226,4,11,1,True,42,population_sigma0
LOO_03_theoph_subject_04,population,one_compartment,Subj_04,theoph_subject_04,319.88000000000005,72.7,0.45,1.1245625019073486,3.739648159344054,3.739377249621786,5,11,1,True,42,population_sigma0
LOO_03_theoph_subject_04,population,one_compartment,Subj_04,theoph_subject_04,319.88000000000005,72.7,0.55,1.1245625019073486,1.4694443998273756,1.4693921300207775,7,11,1,True,42,population_sigma0
LOO_03_theoph_subject_04,population,one_compartment,Subj_04,theoph_subject_04,319.88000000000005,72.7,0.75,1.1245625019073486,0.5276326812753998,0.5276304078126143,9,11,1,True,42,population_sigma0
LOO_03_theoph_subject_04,population,one_compartment,Subj_04,theoph_subject_04,319.88000000000005,72.7,1.0,1.1245625019073486,0.5210864185867999,0.5210864186191759,11,11,1,True,42,population_sigma0
LOO_03_theoph_subject_04,population,two_compartment,Subj_04,theoph_subject_04,319.88000000000005,72.7,0.1,9.83932113647461,10.474055445503001,29.063614929127176,2,11,1,True,42,population_sigma0
LOO_03_theoph_subject_04,population,two_compartment,Subj_04,theoph_subject_04,319.88000000000005,72.7,0.2,9.83932113647461,9.814651858464574,9.81465914135982,3,11,1,True,42,population_sigma0
LOO_03_theoph_subject_04,population,two_compartment,Subj_04,theoph_subject_04,319.88000000000005,72.7,0.3,9.83932113647461,9.80984828897549,9.809848334122975,4,11,1,True,42,population_sigma0
LOO_03_theoph_subject_04,population,two_compartment,Subj_04,theoph_subject_04,319.88000000000005,72.7,0.45,9.83932113647461,9.809848255137949,9.809848288498536,5,11,1,True,42,population_sigma0
LOO_03_theoph_subject_04,population,two_compartment,Subj_04,theoph_subject_04,319.88000000000005,72.7,0.55,9.83932113647461,9.809848254494298,9.8098482876445,7,11,1,True,42,population_sigma0
LOO_03_theoph_subject_04,population,two_compartment,Subj_04,theoph_subject_04,319.88000000000005,72.7,0.75,9.83932113647461,9.809848253603798,9.809848317453065,9,11,1,True,42,population_sigma0
LOO_03_theoph_subject_04,population,two_compartment,Subj_04,theoph_subject_04,319.88000000000005,72.7,1.0,9.83932113647461,9.809848254143704,9.809848287336738,11,11,1,True,42,population_sigma0
LOO_04_theoph_subject_05,population,one_compartment,Subj_05,theoph_subject_05,319.956,54.6,0.1,6.955582141876221,37.63247312501278,32.13953459513693,2,11,1,True,42,population_sigma0
LOO_04_theoph_subject_05,population,one_compartment,Subj_05,theoph_subject_05,319.956,54.6,0.2,6.955582141876221,7467.821308009379,7465.719085177738,3,11,1,True,42,population_sigma0
LOO_04_theoph_subject_05,population,one_compartment,Subj_05,theoph_subject_05,319.956,54.6,0.3,6.955582141876221,9422.343608866553,9264.662503316069,4,11,1,True,42,population_sigma0
LOO_04_theoph_subject_05,population,one_compartment,Subj_05,theoph_subject_05,319.956,54.6,0.45,6.955582141876221,8.877475101327867,8.877566776718355,5,11,1,True,42,population_sigma0
LOO_04_theoph_subject_05,population,one_compartment,Subj_05,theoph_subject_05,319.956,54.6,0.55,6.955582141876221,2.515121888385371,2.5149098696022043,7,11,1,True,42,population_sigma0
LOO_04_theoph_subject_05,population,one_compartment,Subj_05,theoph_subject_05,319.956,54.6,0.75,6.955582141876221,1.2251736882040576,1.2251768397501595,9,11,1,True,42,population_sigma0
LOO_04_theoph_subject_05,population,one_compartment,Subj_05,theoph_subject_05,319.956,54.6,1.0,6.955582141876221,1.2239517888439306,1.2239517889590095,11,11,1,True,42,population_sigma0
LOO_04_theoph_subject_05,population,two_compartment,Subj_05,theoph_subject_05,319.956,54.6,0.1,17.101276397705078,41.46289406941971,40.70705820336525,2,11,1,True,42,population_sigma0
LOO_04_theoph_subject_05,population,two_compartment,Subj_05,theoph_subject_05,319.956,54.6,0.2,17.101276397705078,17.087131010285933,17.0871308188926,3,11,1,True,42,population_sigma0
LOO_04_theoph_subject_05,population,two_compartment,Subj_05,theoph_subject_05,319.956,54.6,0.3,17.101276397705078,17.08662145512528,17.08662149889261,4,11,1,True,42,population_sigma0
LOO_04_theoph_subject_05,population,two_compartment,Subj_05,theoph_subject_05,319.956,54.6,0.45,17.101276397705078,17.086621450538246,17.08662573362743,5,11,1,True,42,population_sigma0
LOO_04_theoph_subject_05,population,two_compartment,Subj_05,theoph_subject_05,319.956,54.6,0.55,17.101276397705078,17.08662144828631,17.086621493945795,7,11,1,True,42,population_sigma0
LOO_04_theoph_subject_05,population,two_compartment,Subj_05,theoph_subject_05,319.956,54.6,0.75,17.101276397705078,17.086621448736366,17.086621503750056,9,11,1,True,42,population_sigma0
LOO_04_theoph_subject_05,population,two_compartment,Subj_05,theoph_subject_05,319.956,54.6,1.0,17.101276397705078,17.086621448781305,17.08662149585597,11,11,1,True,42,population_sigma0
LOO_05_theoph_subject_06,population,one_compartment,Subj_06,theoph_subject_06,320.0,80.0,0.1,10.109818458557129,14.516101066462973,16.13816781413511,2,11,1,True,42,population_sigma0
LOO_05_theoph_subject_06,population,one_compartment,Subj_06,theoph_subject_06,320.0,80.0,0.2,10.109818458557129,2043.0131301550873,2012.9733575552061,3,11,1,True,42,population_sigma0
LOO_05_theoph_subject_06,population,one_compartment,Subj_06,theoph_subject_06,320.0,80.0,0.3,10.109818458557129,2290.3657271049383,2290.4685638262426,4,11,1,True,42,population_sigma0
LOO_05_theoph_subject_06,population,one_compartment,Subj_06,theoph_subject_06,320.0,80.0,0.45,10.109818458557129,1.2874887229445102,1.2874290610222432,5,11,1,True,42,population_sigma0
LOO_05_theoph_subject_06,population,one_compartment,Subj_06,theoph_subject_06,320.0,80.0,0.55,10.109818458557129,0.8214918357153453,0.8215361896452728,7,11,1,True,42,population_sigma0
LOO_05_theoph_subject_06,population,one_compartment,Subj_06,theoph_subject_06,320.0,80.0,0.75,10.109818458557129,0.24111765024746773,0.24111881433072452,9,11,1,True,42,population_sigma0
LOO_05_theoph_subject_06,population,one_compartment,Subj_06,theoph_subject_06,320.0,80.0,1.0,10.109818458557129,0.22220365615522228,0.22220365620747407,11,11,1,True,42,population_sigma0
LOO_05_theoph_subject_06,population,two_compartment,Subj_06,theoph_subject_06,320.0,80.0,0.1,3.4412572383880615,14.829383589924873,15.82822527788975,2,11,1,True,42,population_sigma0
LOO_05_theoph_subject_06,population,two_compartment,Subj_06,theoph_subject_06,320.0,80.0,0.2,3.4412572383880615,3.279585508609733,3.279583602869152,3,11,1,True,42,population_sigma0
LOO_05_theoph_subject_06,population,two_compartment,Subj_06,theoph_subject_06,320.0,80.0,0.3,3.4412572383880615,3.24643866651373,3.2464384007328224,4,11,1,True,42,population_sigma0
LOO_05_theoph_subject_06,population,two_compartment,Subj_06,theoph_subject_06,320.0,80.0,0.45,3.4412572383880615,3.246403241576454,3.24640323967967,5,11,1,True,42,population_sigma0
LOO_05_theoph_subject_06,population,two_compartment,Subj_06,theoph_subject_06,320.0,80.0,0.55,3.4412572383880615,3.246403241963277,3.2464032398613627,7,11,1,True,42,population_sigma0
LOO_05_theoph_subject_06,population,two_compartment,Subj_06,theoph_subject_06,320.0,80.0,0.75,3.4412572383880615,3.2464032419910365,3.2464032492216317,9,11,1,True,42,population_sigma0
LOO_05_theoph_subject_06,population,two_compartment,Subj_06,theoph_subject_06,320.0,80.0,1.0,3.4412572383880615,3.199702991396576,3.1997029914996564,11,11,1,True,42,population_sigma0
LOO_06_theoph_subject_07,population,one_compartment,Subj_07,theoph_subject_07,319.77,64.6,0.1,4.606897354125977,20.696542445911376,20.758169868755633,2,11,1,True,42,population_sigma0
LOO_06_theoph_subject_07,population,one_compartment,Subj_07,theoph_subject_07,319.77,64.6,0.2,4.606897354125977,1455.8931690060456,1455.22618484198,3,11,1,True,42,population_sigma0
LOO_06_theoph_subject_07,population,one_compartment,Subj_07,theoph_subject_07,319.77,64.6,0.3,4.606897354125977,1721.866025286838,1721.3968685244668,4,11,1,True,42,population_sigma0
LOO_06_theoph_subject_07,population,one_compartment,Subj_07,theoph_subject_07,319.77,64.6,0.45,4.606897354125977,0.37051338860487787,0.3704754677913638,5,11,1,True,42,population_sigma0
LOO_06_theoph_subject_07,population,one_compartment,Subj_07,theoph_subject_07,319.77,64.6,0.55,4.606897354125977,0.4106800500277991,0.4106815240377654,7,11,1,True,42,population_sigma0
LOO_06_theoph_subject_07,population,one_compartment,Subj_07,theoph_subject_07,319.77,64.6,0.75,4.606897354125977,0.14750151197605074,0.14750215486149237,9,11,1,True,42,population_sigma0
LOO_06_theoph_subject_07,population,one_compartment,Subj_07,theoph_subject_07,319.77,64.6,1.0,4.606897354125977,0.09059610784325066,0.09059610784332875,11,11,1,True,42,population_sigma0
LOO_06_theoph_subject_07,population,two_compartment,Subj_07,theoph_subject_07,319.77,64.6,0.1,5.169310569763184,12.971280774976172,20.357693950528557,2,11,1,True,42,population_sigma0
LOO_06_theoph_subject_07,population,two_compartment,Subj_07,theoph_subject_07,319.77,64.6,0.2,5.169310569763184,4.931768667981304,4.931773397469465,3,11,1,True,42,population_sigma0
LOO_06_theoph_subject_07,population,two_compartment,Subj_07,theoph_subject_07,319.77,64.6,0.3,5.169310569763184,4.836657339973421,4.836657612315075,4,11,1,True,42,population_sigma0
LOO_06_theoph_subject_07,population,two_compartment,Subj_07,theoph_subject_07,319.77,64.6,0.45,5.169310569763184,4.83606813744948,4.8360681002959565,5,11,1,True,42,population_sigma0
LOO_06_theoph_subject_07,population,two_compartment,Subj_07,theoph_subject_07,319.77,64.6,0.55,5.169310569763184,4.836067852819548,4.836067987087244,7,11,1,True,42,population_sigma0
LOO_06_theoph_subject_07,population,two_compartment,Subj_07,theoph_subject_07,319.77,64.6,0.75,5.169310569763184,4.836067852736443,4.836067854895877,9,11,1,True,42,population_sigma0
LOO_06_theoph_subject_07,population,two_compartment,Subj_07,theoph_subject_07,319.77,64.6,1.0,5.169310569763184,4.836067852656654,4.836067854466221,11,11,1,True,42,population_sigma0
LOO_07_theoph_subject_08,population,one_compartment,Subj_08,theoph_subject_08,319.365,70.5,0.1,0.9573625922203064,6.133031404592461,10.319422327102087,2,11,1,True,42,population_sigma0
LOO_07_theoph_subject_08,population,one_compartment,Subj_08,theoph_subject_08,319.365,70.5,0.2,0.9573625922203064,18.137568039464753,19.591339691753706,3,11,1,True,42,population_sigma0
LOO_07_theoph_subject_08,population,one_compartment,Subj_08,theoph_subject_08,319.365,70.5,0.3,0.9573625922203064,536.3071567843207,536.2099973253676,4,11,1,True,42,population_sigma0
LOO_07_theoph_subject_08,population,one_compartment,Subj_08,theoph_subject_08,319.365,70.5,0.45,0.9573625922203064,3.392244005381558,3.392207844696503,5,11,1,True,42,population_sigma0
LOO_07_theoph_subject_08,population,one_compartment,Subj_08,theoph_subject_08,319.365,70.5,0.55,0.9573625922203064,0.6324068372583332,0.6324337106438017,7,11,1,True,42,population_sigma0
LOO_07_theoph_subject_08,population,one_compartment,Subj_08,theoph_subject_08,319.365,70.5,0.75,0.9573625922203064,0.33497886168862634,0.33497876120077436,9,11,1,True,42,population_sigma0
LOO_07_theoph_subject_08,population,one_compartment,Subj_08,theoph_subject_08,319.365,70.5,1.0,0.9573625922203064,0.33485007809917916,0.3348500781282869,11,11,1,True,42,population_sigma0
LOO_07_theoph_subject_08,population,two_compartment,Subj_08,theoph_subject_08,319.365,70.5,0.1,5.72244119644165,12.206052481272032,11.15426985792719,2,11,1,True,42,population_sigma0
LOO_07_theoph_subject_08,population,two_compartment,Subj_08,theoph_subject_08,319.365,70.5,0.2,5.72244119644165,9.000170176114786,8.48243293036024,3,11,1,True,42,population_sigma0
LOO_07_theoph_subject_08,population,two_compartment,Subj_08,theoph_subject_08,319.365,70.5,0.3,5.72244119644165,5.713662347070873,5.71366234726799,4,11,1,True,42,population_sigma0
LOO_07_theoph_subject_08,population,two_compartment,Subj_08,theoph_subject_08,319.365,70.5,0.45,5.72244119644165,5.713662347046346,5.713662386930928,5,11,1,True,42,population_sigma0
LOO_07_theoph_subject_08,population,two_compartment,Subj_08,theoph_subject_08,319.365,70.5,0.55,5.72244119644165,5.713662346992312,5.713662347838194,7,11,1,True,42,population_sigma0
LOO_07_theoph_subject_08,population,two_compartment,Subj_08,theoph_subject_08,319.365,70.5,0.75,5.72244119644165,5.71366234710277,5.713662384601851,9,11,1,True,42,population_sigma0
LOO_07_theoph_subject_08,population,two_compartment,Subj_08,theoph_subject_08,319.365,70.5,1.0,5.72244119644165,5.713662346915381,5.713662348779058,11,11,1,True,42,population_sigma0
LOO_08_theoph_subject_09,population,one_compartment,Subj_09,theoph_subject_09,267.84000000000003,86.4,0.1,10.089808464050293,2.7903987397926944,7.942846986660461,2,11,1,True,42,population_sigma0
LOO_08_theoph_subject_09,population,one_compartment,Subj_09,theoph_subject_09,267.84000000000003,86.4,0.2,10.089808464050293,16.81049542792002,2.1528387070674073,3,11,1,True,42,population_sigma0
LOO_08_theoph_subject_09,population,one_compartment,Subj_09,theoph_subject_09,267.84000000000003,86.4,0.3,10.089808464050293,10.891035844834333,10.891034885132571,4,11,1,True,42,population_sigma0
LOO_08_theoph_subject_09,population,one_compartment,Subj_09,theoph_subject_09,267.84000000000003,86.4,0.45,10.089808464050293,3.1676593538685625,3.1676378480448664,5,11,1,True,42,population_sigma0
LOO_08_theoph_subject_09,population,one_compartment,Subj_09,theoph_subject_09,267.84000000000003,86.4,0.55,10.089808464050293,0.28547176723220413,0.2854659520518306,7,11,1,True,42,population_sigma0
LOO_08_theoph_subject_09,population,one_compartment,Subj_09,theoph_subject_09,267.84000000000003,86.4,0.75,10.089808464050293,0.2300376209534325,0.23003744415720415,9,11,1,True,42,population_sigma0
LOO_08_theoph_subject_09,population,one_compartment,Subj_09,theoph_subject_09,267.84000000000003,86.4,1.0,10.089808464050293,0.2262594468619872,0.2262594468659244,11,11,1,True,42,population_sigma0
LOO_08_theoph_subject_09,population,two_compartment,Subj_09,theoph_subject_09,267.84000000000003,86.4,0.1,11.077179908752441,10.962020148098913,10.96202016848851,2,11,1,True,42,population_sigma0
LOO_08_theoph_subject_09,population,two_compartment,Subj_09,theoph_subject_09,267.84000000000003,86.4,0.2,11.077179908752441,10.962020147629726,10.962020180129391,3,11,1,True,42,population_sigma0
LOO_08_theoph_subject_09,population,two_compartment,Subj_09,theoph_subject_09,267.84000000000003,86.4,0.3,11.077179908752441,10.96202014965919,10.96202017941075,4,11,1,True,42,population_sigma0
LOO_08_theoph_subject_09,population,two_compartment,Subj_09,theoph_subject_09,267.84000000000003,86.4,0.45,11.077179908752441,10.962020148429676,10.962020179457726,5,11,1,True,42,population_sigma0
LOO_08_theoph_subject_09,population,two_compartment,Subj_09,theoph_subject_09,267.84000000000003,86.4,0.55,11.077179908752441,10.962020146562253,10.96202017915946,7,11,1,True,42,population_sigma0
LOO_08_theoph_subject_09,population,two_compartment,Subj_09,theoph_subject_09,267.84000000000003,86.4,0.75,11.077179908752441,10.962020146322432,10.962020213860216,9,11,1,True,42,population_sigma0
LOO_08_theoph_subject_09,population,two_compartment,Subj_09,theoph_subject_09,267.84000000000003,86.4,1.0,11.077179908752441,10.962020145668365,10.962020213041507,11,11,1,True,42,population_sigma0
LOO_09_theoph_subject_10,population,one_compartment,Subj_10,theoph_subject_10,320.1,58.2,0.1,1.7904636859893799,19.73141492225097,42.114775208718065,2,11,1,True,42,population_sigma0
LOO_09_theoph_subject_10,population,one_compartment,Subj_10,theoph_subject_10,320.1,58.2,0.2,1.7904636859893799,14.91099827475539,13.133904142749806,3,11,1,True,42,population_sigma0
LOO_09_theoph_subject_10,population,one_compartment,Subj_10,theoph_subject_10,320.1,58.2,0.3,1.7904636859893799,17.90828980470852,17.90828940588766,4,11,1,True,42,population_sigma0
LOO_09_theoph_subject_10,population,one_compartment,Subj_10,theoph_subject_10,320.1,58.2,0.45,1.7904636859893799,11.110845460103818,11.110807719771604,5,11,1,True,42,population_sigma0
LOO_09_theoph_subject_10,population,one_compartment,Subj_10,theoph_subject_10,320.1,58.2,0.55,1.7904636859893799,1.045303887706514,1.045306952062743,7,11,1,True,42,population_sigma0
LOO_09_theoph_subject_10,population,one_compartment,Subj_10,theoph_subject_10,320.1,58.2,0.75,1.7904636859893799,0.126982668791215,0.12698286888283533,9,11,1,True,42,population_sigma0
LOO_09_theoph_subject_10,population,one_compartment,Subj_10,theoph_subject_10,320.1,58.2,1.0,1.7904636859893799,0.12285474971308351,0.12285474971308714,11,11,1,True,42,population_sigma0
LOO_09_theoph_subject_10,population,two_compartment,Subj_10,theoph_subject_10,320.1,58.2,0.1,15.12648868560791,28.48528080067466,28.61305992564938,2,11,1,True,42,population_sigma0
LOO_09_theoph_subject_10,population,two_compartment,Subj_10,theoph_subject_10,320.1,58.2,0.2,15.12648868560791,15.116408186597111,15.11640825120262,3,11,1,True,42,population_sigma0
LOO_09_theoph_subject_10,population,two_compartment,Subj_10,theoph_subject_10,320.1,58.2,0.3,15.12648868560791,15.116344669131855,15.1163447666767,4,11,1,True,42,population_sigma0
LOO_09_theoph_subject_10,population,two_compartment,Subj_10,theoph_subject_10,320.1,58.2,0.45,15.12648868560791,15.116344668481878,15.116344706201891,5,11,1,True,42,population_sigma0
LOO_09_theoph_subject_10,population,two_compartment,Subj_10,theoph_subject_10,320.1,58.2,0.55,15.12648868560791,15.116344666564816,15.116344692684676,7,11,1,True,42,population_sigma0
LOO_09_theoph_subject_10,population,two_compartment,Subj_10,theoph_subject_10,320.1,58.2,0.75,15.12648868560791,15.11634466605713,15.11634469520733,9,11,1,True,42,population_sigma0
LOO_09_theoph_subject_10,population,two_compartment,Subj_10,theoph_subject_10,320.1,58.2,1.0,15.12648868560791,15.116344661969238,15.116344691183285,11,11,1,True,42,population_sigma0
LOO_10_theoph_subject_11,population,one_compartment,Subj_11,theoph_subject_11,319.8,65.0,0.1,4.079308986663818,2.4863779291710952,1.7940586077513965,2,11,1,True,42,population_sigma0
LOO_10_theoph_subject_11,population,one_compartment,Subj_11,theoph_subject_11,319.8,65.0,0.2,4.079308986663818,19.313618208403398,0.4138572382019223,3,11,1,True,42,population_sigma0
LOO_10_theoph_subject_11,population,one_compartment,Subj_11,theoph_subject_11,319.8,65.0,0.3,4.079308986663818,8.074920828384046,8.074920568134646,4,11,1,True,42,population_sigma0
LOO_10_theoph_subject_11,population,one_compartment,Subj_11,theoph_subject_11,319.8,65.0,0.45,4.079308986663818,2.1714289425958033,2.171430014751198,5,11,1,True,42,population_sigma0
LOO_10_theoph_subject_11,population,one_compartment,Subj_11,theoph_subject_11,319.8,65.0,0.55,4.079308986663818,0.09181401285707123,0.09181425890088697,7,11,1,True,42,population_sigma0
LOO_10_theoph_subject_11,population,one_compartment,Subj_11,theoph_subject_11,319.8,65.0,0.75,4.079308986663818,0.0393880143427667,0.039387947339716976,9,11,1,True,42,population_sigma0
LOO_10_theoph_subject_11,population,one_compartment,Subj_11,theoph_subject_11,319.8,65.0,1.0,4.079308986663818,0.03874692802887859,0.03874692802919092,11,11,1,True,42,population_sigma0
LOO_10_theoph_subject_11,population,two_compartment,Subj_11,theoph_subject_11,319.8,65.0,0.1,7.148355484008789,6.718519998307383,6.718519989855716,2,11,1,True,42,population_sigma0
LOO_10_theoph_subject_11,population,two_compartment,Subj_11,theoph_subject_11,319.8,65.0,0.2,7.148355484008789,6.718519998515555,6.718519995811707,3,11,1,True,42,population_sigma0
LOO_10_theoph_subject_11,population,two_compartment,Subj_11,theoph_subject_11,319.8,65.0,0.3,7.148355484008789,6.718519998561871,6.718519992652191,4,11,1,True,42,population_sigma0
LOO_10_theoph_subject_11,population,two_compartment,Subj_11,theoph_subject_11,319.8,65.0,0.45,7.148355484008789,6.718519999238871,6.718519996645202,5,11,1,True,42,population_sigma0
LOO_10_theoph_subject_11,population,two_compartment,Subj_11,theoph_subject_11,319.8,65.0,0.55,7.148355484008789,6.7185199996207965,6.718520002803569,7,11,1,True,42,population_sigma0
LOO_10_theoph_subject_11,population,two_compartment,Subj_11,theoph_subject_11,319.8,65.0,0.75,7.148355484008789,6.718519999790614,6.718520003601057,9,11,1,True,42,population_sigma0
LOO_10_theoph_subject_11,population,two_compartment,Subj_11,theoph_subject_11,319.8,65.0,1.0,7.148355484008789,6.6997218318992955,6.699721834537246,11,11,1,True,42,population_sigma0
LOO_11_theoph_subject_12,population,one_compartment,Subj_12,theoph_subject_12,320.65,60.5,0.1,1.2464321851730347,38.55161450304824,38.36439568685151,2,11,1,True,42,population_sigma0
LOO_11_theoph_subject_12,population,one_compartment,Subj_12,theoph_subject_12,320.65,60.5,0.2,1.2464321851730347,4060.6363655974096,4059.2968731728747,3,11,1,True,42,population_sigma0
LOO_11_theoph_subject_12,population,one_compartment,Subj_12,theoph_subject_12,320.65,60.5,0.3,1.2464321851730347,4492.807192279582,4420.356740983083,4,11,1,True,42,population_sigma0
LOO_11_theoph_subject_12,population,one_compartment,Subj_12,theoph_subject_12,320.65,60.5,0.45,1.2464321851730347,1.451935743265306,1.4517423975999038,5,11,1,True,42,population_sigma0
LOO_11_theoph_subject_12,population,one_compartment,Subj_12,theoph_subject_12,320.65,60.5,0.55,1.2464321851730347,1.2543767547657392,1.2543652636855567,7,11,1,True,42,population_sigma0
LOO_11_theoph_subject_12,population,one_compartment,Subj_12,theoph_subject_12,320.65,60.5,0.75,1.2464321851730347,0.27852323287378233,0.27852078666353575,9,11,1,True,42,population_sigma0
LOO_11_theoph_subject_12,population,one_compartment,Subj_12,theoph_subject_12,320.65,60.5,1.0,1.2464321851730347,0.25538156507881515,0.255381565102449,11,11,1,True,42,population_sigma0
LOO_11_theoph_subject_12,population,two_compartment,Subj_12,theoph_subject_12,320.65,60.5,0.1,14.982577323913574,38.85473842625038,39.07749234185014,2,11,1,True,42,population_sigma0
LOO_11_theoph_subject_12,population,two_compartment,Subj_12,theoph_subject_12,320.65,60.5,0.2,14.982577323913574,14.879006662426569,14.879010659020652,3,11,1,True,42,population_sigma0
LOO_11_theoph_subject_12,population,two_compartment,Subj_12,theoph_subject_12,320.65,60.5,0.3,14.982577323913574,14.862900538796412,14.862900544548001,4,11,1,True,42,population_sigma0
LOO_11_theoph_subject_12,population,two_compartment,Subj_12,theoph_subject_12,320.65,60.5,0.45,14.982577323913574,14.862898590502436,14.86289863899945,5,11,1,True,42,population_sigma0
LOO_11_theoph_subject_12,population,two_compartment,Subj_12,theoph_subject_12,320.65,60.5,0.55,14.982577323913574,14.862898588521182,14.86289864484283,7,11,1,True,42,population_sigma0
LOO_11_theoph_subject_12,population,two_compartment,Subj_12,theoph_subject_12,320.65,60.5,0.75,14.982577323913574,14.862898588077302,14.862898661972581,9,11,1,True,42,population_sigma0
LOO_11_theoph_subject_12,population,two_compartment,Subj_12,theoph_subject_12,320.65,60.5,1.0,14.982577323913574,14.862898587426313,14.86289864008068,11,11,1,True,42,population_sigma0
LOO_00_theoph_subject_01,population,one_compartment,Subj_01,theoph_subject_01,319.99199999999996,79.6,0.1,9.392997741699219,46.226284146510565,6.658626141607817,2,11,1,True,43,population_sigma0
LOO_00_theoph_subject_01,population,one_compartment,Subj_01,theoph_subject_01,319.99199999999996,79.6,0.2,9.392997741699219,10103.554870759968,10102.267212940082,3,11,1,True,43,population_sigma0
LOO_00_theoph_subject_01,population,one_compartment,Subj_01,theoph_subject_01,319.99199999999996,79.6,0.3,9.392997741699219,11.086007923511456,11.086176924529065,4,11,1,True,43,population_sigma0
LOO_00_theoph_subject_01,population,one_compartment,Subj_01,theoph_subject_01,319.99199999999996,79.6,0.45,9.392997741699219,13.085473525099466,13.085477445185905,5,11,1,True,43,population_sigma0
LOO_00_theoph_subject_01,population,one_compartment,Subj_01,theoph_subject_01,319.99199999999996,79.6,0.55,9.392997741699219,1.456006037970653,1.4559157700469059,7,11,1,True,43,population_sigma0
LOO_00_theoph_subject_01,population,one_compartment,Subj_01,theoph_subject_01,319.99199999999996,79.6,0.75,9.392997741699219,0.4581198862685531,0.4581169212024214,9,11,1,True,43,population_sigma0
LOO_00_theoph_subject_01,population,one_compartment,Subj_01,theoph_subject_01,319.99199999999996,79.6,1.0,9.392997741699219,0.38963718406257253,0.38963718407710357,11,11,1,True,43,population_sigma0
LOO_00_theoph_subject_01,population,two_compartment,Subj_01,theoph_subject_01,319.99199999999996,79.6,0.1,18.3867244720459,39.90077127273994,18.38374111993559,2,11,1,True,43,population_sigma0
LOO_00_theoph_subject_01,population,two_compartment,Subj_01,theoph_subject_01,319.99199999999996,79.6,0.2,18.3867244720459,18.35710515580086,18.357105204608647,3,11,1,True,43,population_sigma0
LOO_00_theoph_subject_01,population,two_compartment,Subj_01,theoph_subject_01,319.99199999999996,79.6,0.3,18.3867244720459,18.357105085314256,18.35710554209515,4,11,1,True,43,population_sigma0
LOO_00_theoph_subject_01,population,two_compartment,Subj_01,theoph_subject_01,319.99199999999996,79.6,0.45,18.3867244720459,18.357105085733753,18.357105158356696,5,11,1,True,43,population_sigma0
LOO_00_theoph_subject_01,population,two_compartment,Subj_01,theoph_subject_01,319.99199999999996,79.6,0.55,18.3867244720459,18.3571050856612,18.35710513508855,7,11,1,True,43,population_sigma0
LOO_00_theoph_subject_01,population,two_compartment,Subj_01,theoph_subject_01,319.99199999999996,79.6,0.75,18.3867244720459,18.35710508366678,18.357105133603326,9,11,1,True,43,population_sigma0
LOO_00_theoph_subject_01,population,two_compartment,Subj_01,theoph_subject_01,319.99199999999996,79.6,1.0,18.3867244720459,18.357105080910564,18.357105131900358,11,11,1,True,43,population_sigma0
LOO_01_theoph_subject_02,population,one_compartment,Subj_02,theoph_subject_02,318.56000000000006,72.4,0.1,1.2786083221435547,30.063939676277553,30.666360317000514,2,11,1,True,43,population_sigma0
LOO_01_theoph_subject_02,population,one_compartment,Subj_02,theoph_subject_02,318.56000000000006,72.4,0.2,1.2786083221435547,14130.927185108683,14102.3568239656,3,11,1,True,43,population_sigma0
LOO_01_theoph_subject_02,population,one_compartment,Subj_02,theoph_subject_02,318.56000000000006,72.4,0.3,1.2786083221435547,4.915439075321116,4.915213945723547,4,11,1,True,43,population_sigma0
LOO_01_theoph_subject_02,population,one_compartment,Subj_02,theoph_subject_02,318.56000000000006,72.4,0.45,1.2786083221435547,6.676217545718319,6.676172946355737,5,11,1,True,43,population_sigma0
LOO_01_theoph_subject_02,population,one_compartment,Subj_02,theoph_subject_02,318.56000000000006,72.4,0.55,1.2786083221435547,1.1352614899227835,1.1352216267755268,7,11,1,True,43,population_sigma0
LOO_01_theoph_subject_02,population,one_compartment,Subj_02,theoph_subject_02,318.56000000000006,72.4,0.75,1.2786083221435547,0.8145598574782267,0.8145611300642379,9,11,1,True,43,population_sigma0
LOO_01_theoph_subject_02,population,one_compartment,Subj_02,theoph_subject_02,318.56000000000006,72.4,1.0,1.2786083221435547,0.8134822109702977,0.8134822111949866,11,11,1,True,43,population_sigma0
LOO_01_theoph_subject_02,population,two_compartment,Subj_02,theoph_subject_02,318.56000000000006,72.4,0.1,10.052175521850586,25.09871492584814,27.896991951971405,2,11,1,True,43,population_sigma0
LOO_01_theoph_subject_02,population,two_compartment,Subj_02,theoph_subject_02,318.56000000000006,72.4,0.2,10.052175521850586,10.05004317899315,10.050043679159174,3,11,1,True,43,population_sigma0
LOO_01_theoph_subject_02,population,two_compartment,Subj_02,theoph_subject_02,318.56000000000006,72.4,0.3,10.052175521850586,10.05000750118178,10.05000750517298,4,11,1,True,43,population_sigma0
LOO_01_theoph_subject_02,population,two_compartment,Subj_02,theoph_subject_02,318.56000000000006,72.4,0.45,10.052175521850586,10.050007501733065,10.0500075041418,5,11,1,True,43,population_sigma0
LOO_01_theoph_subject_02,population,two_compartment,Subj_02,theoph_subject_02,318.56000000000006,72.4,0.55,10.052175521850586,10.050007500016475,10.050007510143924,7,11,1,True,43,population_sigma0
LOO_01_theoph_subject_02,population,two_compartment,Subj_02,theoph_subject_02,318.56000000000006,72.4,0.75,10.052175521850586,10.050007500237381,10.050007513630577,9,11,1,True,43,population_sigma0
LOO_01_theoph_subject_02,population,two_compartment,Subj_02,theoph_subject_02,318.56000000000006,72.4,1.0,10.052175521850586,10.050007500463058,10.050007503770958,11,11,1,True,43,population_sigma0
LOO_02_theoph_subject_03,population,one_compartment,Subj_03,theoph_subject_03,319.365,70.5,0.1,0.5756765007972717,17.083744197552722,0.20232493787764383,2,11,1,True,43,population_sigma0
LOO_02_theoph_subject_03,population,one_compartment,Subj_03,theoph_subject_03,319.365,70.5,0.2,0.5756765007972717,0.19874098484396266,0.10587068899368694,3,11,1,True,43,population_sigma0
LOO_02_theoph_subject_03,population,one_compartment,Subj_03,theoph_subject_03,319.365,70.5,0.3,0.5756765007972717,0.5721900231084026,0.5721900013612147,4,11,1,True,43,population_sigma0
LOO_02_theoph_subject_03,population,one_compartment,Subj_03,theoph_subject_03,319.365,70.5,0.45,0.5756765007972717,2.2188425757990036,2.2188426057846398,5,11,1,True,43,population_sigma0
LOO_02_theoph_subject_03,population,one_compartment,Subj_03,theoph_subject_03,319.365,70.5,0.55,0.5756765007972717,0.039885364215819764,0.03988537392512278,7,11,1,True,43,population_sigma0
LOO_02_theoph_subject_03,population,one_compartment,Subj_03,theoph_subject_03,319.365,70.5,0.75,0.5756765007972717,0.04384272580611921,0.043842765783713496,9,11,1,True,43,population_sigma0
LOO_02_theoph_subject_03,population,one_compartment,Subj_03,theoph_subject_03,319.365,70.5,1.0,0.5756765007972717,0.03966126670644703,0.03966126670650629,11,11,1,True,43,population_sigma0
LOO_02_theoph_subject_03,population,two_compartment,Subj_03,theoph_subject_03,319.365,70.5,0.1,9.378435134887695,9.205188022453529,9.205188050676906,2,11,1,True,43,population_sigma0
LOO_02_theoph_subject_03,population,two_compartment,Subj_03,theoph_subject_03,319.365,70.5,0.2,9.378435134887695,9.205188023383226,9.205188050305743,3,11,1,True,43,population_sigma0
LOO_02_theoph_subject_03,population,two_compartment,Subj_03,theoph_subject_03,319.365,70.5,0.3,9.378435134887695,9.205188021583801,9.20518804612356,4,11,1,True,43,population_sigma0
LOO_02_theoph_subject_03,population,two_compartment,Subj_03,theoph_subject_03,319.365,70.5,0.45,9.378435134887695,9.205188022541007,9.205188049614733,5,11,1,True,43,population_sigma0
LOO_02_theoph_subject_03,population,two_compartment,Subj_03,theoph_subject_03,319.365,70.5,0.55,9.378435134887695,9.205188021167594,9.205188044751582,7,11,1,True,43,population_sigma0
LOO_02_theoph_subject_03,population,two_compartment,Subj_03,theoph_subject_03,319.365,70.5,0.75,9.378435134887695,9.205188021345581,9.205188040427144,9,11,1,True,43,population_sigma0
LOO_02_theoph_subject_03,population,two_compartment,Subj_03,theoph_subject_03,319.365,70.5,1.0,9.378435134887695,9.20518802070217,9.205188042324396,11,11,1,True,43,population_sigma0
LOO_03_theoph_subject_04,population,one_compartment,Subj_04,theoph_subject_04,319.88000000000005,72.7,0.1,1.0899018049240112,16.784456806138888,30.44588700737937,2,11,1,True,43,population_sigma0
LOO_03_theoph_subject_04,population,one_compartment,Subj_04,theoph_subject_04,319.88000000000005,72.7,0.2,1.0899018049240112,3919.074564683324,3851.5470886328058,3,11,1,True,43,population_sigma0
LOO_03_theoph_subject_04,population,one_compartment,Subj_04,theoph_subject_04,319.88000000000005,72.7,0.3,1.0899018049240112,4718.411612576479,4638.132542328481,4,11,1,True,43,population_sigma0
LOO_03_theoph_subject_04,population,one_compartment,Subj_04,theoph_subject_04,319.88000000000005,72.7,0.45,1.0899018049240112,3.739458625525407,3.7393971002116215,5,11,1,True,43,population_sigma0
LOO_03_theoph_subject_04,population,one_compartment,Subj_04,theoph_subject_04,319.88000000000005,72.7,0.55,1.0899018049240112,1.4695060013619987,1.4693717539351725,7,11,1,True,43,population_sigma0
LOO_03_theoph_subject_04,population,one_compartment,Subj_04,theoph_subject_04,319.88000000000005,72.7,0.75,1.0899018049240112,0.527632702494238,0.5276344782014865,9,11,1,True,43,population_sigma0
LOO_03_theoph_subject_04,population,one_compartment,Subj_04,theoph_subject_04,319.88000000000005,72.7,1.0,1.0899018049240112,0.5210864185885167,0.5210864185995824,11,11,1,True,43,population_sigma0
LOO_03_theoph_subject_04,population,two_compartment,Subj_04,theoph_subject_04,319.88000000000005,72.7,0.1,9.837166786193848,29.575627372929716,29.22202828958566,2,11,1,True,43,population_sigma0
LOO_03_theoph_subject_04,population,two_compartment,Subj_04,theoph_subject_04,319.88000000000005,72.7,0.2,9.837166786193848,9.814653676763477,9.814658917967684,3,11,1,True,43,population_sigma0
LOO_03_theoph_subject_04,population,two_compartment,Subj_04,theoph_subject_04,319.88000000000005,72.7,0.3,9.837166786193848,9.809848289454258,9.809848335839394,4,11,1,True,43,population_sigma0
LOO_03_theoph_subject_04,population,two_compartment,Subj_04,theoph_subject_04,319.88000000000005,72.7,0.45,9.837166786193848,9.809848253571106,9.809848291265755,5,11,1,True,43,population_sigma0
LOO_03_theoph_subject_04,population,two_compartment,Subj_04,theoph_subject_04,319.88000000000005,72.7,0.55,9.837166786193848,9.809848253773241,9.809848289882455,7,11,1,True,43,population_sigma0
LOO_03_theoph_subject_04,population,two_compartment,Subj_04,theoph_subject_04,319.88000000000005,72.7,0.75,9.837166786193848,9.809848253540713,9.809848292245492,9,11,1,True,43,population_sigma0
LOO_03_theoph_subject_04,population,two_compartment,Subj_04,theoph_subject_04,319.88000000000005,72.7,1.0,9.837166786193848,9.809848253821928,9.809848289786022,11,11,1,True,43,population_sigma0
LOO_04_theoph_subject_05,population,one_compartment,Subj_05,theoph_subject_05,319.956,54.6,0.1,6.450619220733643,42.60683654760086,41.53503904407367,2,11,1,True,43,population_sigma0
LOO_04_theoph_subject_05,population,one_compartment,Subj_05,theoph_subject_05,319.956,54.6,0.2,6.450619220733643,7467.486516683109,7340.791270023495,3,11,1,True,43,population_sigma0
LOO_04_theoph_subject_05,population,one_compartment,Subj_05,theoph_subject_05,319.956,54.6,0.3,6.450619220733643,9422.387303848956,9265.96624203316,4,11,1,True,43,population_sigma0
LOO_04_theoph_subject_05,population,one_compartment,Subj_05,theoph_subject_05,319.956,54.6,0.45,6.450619220733643,8.877530975258791,8.87757197357704,5,11,1,True,43,population_sigma0
LOO_04_theoph_subject_05,population,one_compartment,Subj_05,theoph_subject_05,319.956,54.6,0.55,6.450619220733643,2.514943850231369,2.5148000896111653,7,11,1,True,43,population_sigma0
LOO_04_theoph_subject_05,population,one_compartment,Subj_05,theoph_subject_05,319.956,54.6,0.75,6.450619220733643,1.2251737398131815,1.225173034129122,9,11,1,True,43,population_sigma0
LOO_04_theoph_subject_05,population,one_compartment,Subj_05,theoph_subject_05,319.956,54.6,1.0,6.450619220733643,1.2239517886340159,1.2239517897717191,11,11,1,True,43,population_sigma0
LOO_04_theoph_subject_05,population,two_compartment,Subj_05,theoph_subject_05,319.956,54.6,0.1,17.10685157775879,41.48143782297243,40.9509027977728,2,11,1,True,43,population_sigma0
LOO_04_theoph_subject_05,population,two_compartment,Subj_05,theoph_subject_05,319.956,54.6,0.2,17.10685157775879,17.08713143706336,17.087129983267555,3,11,1,True,43,population_sigma0
LOO_04_theoph_subject_05,population,two_compartment,Subj_05,theoph_subject_05,319.956,54.6,0.3,17.10685157775879,17.08662145367608,17.0866215004475,4,11,1,True,43,population_sigma0
LOO_04_theoph_subject_05,population,two_compartment,Subj_05,theoph_subject_05,319.956,54.6,0.45,17.10685157775879,17.086621451075203,17.08662148592792,5,11,1,True,43,population_sigma0
LOO_04_theoph_subject_05,population,two_compartment,Subj_05,theoph_subject_05,319.956,54.6,0.55,17.10685157775879,17.08662144901677,17.086621493718077,7,11,1,True,43,population_sigma0
LOO_04_theoph_subject_05,population,two_compartment,Subj_05,theoph_subject_05,319.956,54.6,0.75,17.10685157775879,17.086621447059567,17.086621490744292,9,11,1,True,43,population_sigma0
LOO_04_theoph_subject_05,population,two_compartment,Subj_05,theoph_subject_05,319.956,54.6,1.0,17.10685157775879,17.086621450097894,17.086621486021844,11,11,1,True,43,population_sigma0
LOO_05_theoph_subject_06,population,one_compartment,Subj_06,theoph_subject_06,320.0,80.0,0.1,9.882414817810059,14.600711902505616,16.143128862258834,2,11,1,True,43,population_sigma0
LOO_05_theoph_subject_06,population,one_compartment,Subj_06,theoph_subject_06,320.0,80.0,0.2,9.882414817810059,2042.729922193803,2012.8048348695395,3,11,1,True,43,population_sigma0
LOO_05_theoph_subject_06,population,one_compartment,Subj_06,theoph_subject_06,320.0,80.0,0.3,9.882414817810059,2290.3507053123,2289.068417687635,4,11,1,True,43,population_sigma0
LOO_05_theoph_subject_06,population,one_compartment,Subj_06,theoph_subject_06,320.0,80.0,0.45,9.882414817810059,1.2874684922684438,1.2874831675688352,5,11,1,True,43,population_sigma0
LOO_05_theoph_subject_06,population,one_compartment,Subj_06,theoph_subject_06,320.0,80.0,0.55,9.882414817810059,0.8214784974726307,0.8214697687685407,7,11,1,True,43,population_sigma0
LOO_05_theoph_subject_06,population,one_compartment,Subj_06,theoph_subject_06,320.0,80.0,0.75,9.882414817810059,0.24111656990906294,0.2411188442188865,9,11,1,True,43,population_sigma0
LOO_05_theoph_subject_06,population,one_compartment,Subj_06,theoph_subject_06,320.0,80.0,1.0,9.882414817810059,0.22220365615823046,0.22220365620901453,11,11,1,True,43,population_sigma0
LOO_05_theoph_subject_06,population,two_compartment,Subj_06,theoph_subject_06,320.0,80.0,0.1,3.4702253341674805,14.852168440694589,15.968506745758525,2,11,1,True,43,population_sigma0
LOO_05_theoph_subject_06,population,two_compartment,Subj_06,theoph_subject_06,320.0,80.0,0.2,3.4702253341674805,3.279583827786659,3.27958555426361,3,11,1,True,43,population_sigma0
LOO_05_theoph_subject_06,population,two_compartment,Subj_06,theoph_subject_06,320.0,80.0,0.3,3.4702253341674805,3.2464386437517407,3.246438584566475,4,11,1,True,43,population_sigma0
LOO_05_theoph_subject_06,population,two_compartment,Subj_06,theoph_subject_06,320.0,80.0,0.45,3.4702253341674805,3.246403241275289,3.246403238272639,5,11,1,True,43,population_sigma0
LOO_05_theoph_subject_06,population,two_compartment,Subj_06,theoph_subject_06,320.0,80.0,0.55,3.4702253341674805,3.246403241855471,3.2464032302112718,7,11,1,True,43,population_sigma0
LOO_05_theoph_subject_06,population,two_compartment,Subj_06,theoph_subject_06,320.0,80.0,0.75,3.4702253341674805,3.2464032419664735,3.2464032319359877,9,11,1,True,43,population_sigma0
LOO_05_theoph_subject_06,population,two_compartment,Subj_06,theoph_subject_06,320.0,80.0,1.0,3.4702253341674805,3.199702991393094,3.1997029922685964,11,11,1,True,43,population_sigma0
LOO_06_theoph_subject_07,population,one_compartment,Subj_07,theoph_subject_07,319.77,64.6,0.1,4.886514186859131,20.735840632251307,20.744404172098854,2,11,1,True,43,population_sigma0
LOO_06_theoph_subject_07,population,one_compartment,Subj_07,theoph_subject_07,319.77,64.6,0.2,4.886514186859131,1455.8391562808517,1455.2114372153903,3,11,1,True,43,population_sigma0
LOO_06_theoph_subject_07,population,one_compartment,Subj_07,theoph_subject_07,319.77,64.6,0.3,4.886514186859131,1722.3209635046567,1693.4583924444362,4,11,1,True,43,population_sigma0
LOO_06_theoph_subject_07,population,one_compartment,Subj_07,theoph_subject_07,319.77,64.6,0.45,4.886514186859131,0.3704814566643782,0.37051401675337897,5,11,1,True,43,population_sigma0
LOO_06_theoph_subject_07,population,one_compartment,Subj_07,theoph_subject_07,319.77,64.6,0.55,4.886514186859131,0.41068043228847384,0.4106581075569096,7,11,1,True,43,population_sigma0
LOO_06_theoph_subject_07,population,one_compartment,Subj_07,theoph_subject_07,319.77,64.6,0.75,4.886514186859131,0.14750164529732823,0.1475023436694319,9,11,1,True,43,population_sigma0
LOO_06_theoph_subject_07,population,one_compartment,Subj_07,theoph_subject_07,319.77,64.6,1.0,4.886514186859131,0.09059610784304382,0.09059610784361023,11,11,1,True,43,population_sigma0
LOO_06_theoph_subject_07,population,two_compartment,Subj_07,theoph_subject_07,319.77,64.6,0.1,5.184091567993164,18.322143690324616,20.38449516745955,2,11,1,True,43,population_sigma0
LOO_06_theoph_subject_07,population,two_compartment,Subj_07,theoph_subject_07,319.77,64.6,0.2,5.184091567993164,4.931768681989935,4.931767482102034,3,11,1,True,43,population_sigma0
LOO_06_theoph_subject_07,population,two_compartment,Subj_07,theoph_subject_07,319.77,64.6,0.3,5.184091567993164,4.836657332125531,4.836655892839815,4,11,1,True,43,population_sigma0
LOO_06_theoph_subject_07,population,two_compartment,Subj_07,theoph_subject_07,319.77,64.6,0.45,5.184091567993164,4.83606811875468,4.836068142025024,5,11,1,True,43,population_sigma0
LOO_06_theoph_subject_07,population,two_compartment,Subj_07,theoph_subject_07,319.77,64.6,0.55,5.184091567993164,4.836067852596353,4.836067860970281,7,11,1,True,43,population_sigma0
LOO_06_theoph_subject_07,population,two_compartment,Subj_07,theoph_subject_07,319.77,64.6,0.75,5.184091567993164,4.836067852173328,4.8360678601613465,9,11,1,True,43,population_sigma0
LOO_06_theoph_subject_07,population,two_compartment,Subj_07,theoph_subject_07,319.77,64.6,1.0,5.184091567993164,4.836067852535008,4.836067853469204,11,11,1,True,43,population_sigma0
LOO_07_theoph_subject_08,population,one_compartment,Subj_08,theoph_subject_08,319.365,70.5,0.1,0.9887559413909912,4.067932808241582,10.603677223780108,2,11,1,True,43,population_sigma0
LOO_07_theoph_subject_08,population,one_compartment,Subj_08,theoph_subject_08,319.365,70.5,0.2,0.9887559413909912,14.93641624323073,19.59555773995804,3,11,1,True,43,population_sigma0
LOO_07_theoph_subject_08,population,one_compartment,Subj_08,theoph_subject_08,319.365,70.5,0.3,0.9887559413909912,536.3014361395238,536.2377351836047,4,11,1,True,43,population_sigma0
LOO_07_theoph_subject_08,population,one_compartment,Subj_08,theoph_subject_08,319.365,70.5,0.45,0.9887559413909912,3.392242736688547,3.392154717738637,5,11,1,True,43,population_sigma0
LOO_07_theoph_subject_08,population,one_compartment,Subj_08,theoph_subject_08,319.365,70.5,0.55,0.9887559413909912,0.6324079048307313,0.632432111590714,7,11,1,True,43,population_sigma0
LOO_07_theoph_subject_08,population,one_compartment,Subj_08,theoph_subject_08,319.365,70.5,0.75,0.9887559413909912,0.3349788097834654,0.3349790847582568,9,11,1,True,43,population_sigma0
LOO_07_theoph_subject_08,population,one_compartment,Subj_08,theoph_subject_08,319.365,70.5,1.0,0.9887559413909912,0.3348500780971853,0.3348500781249212,11,11,1,True,43,population_sigma0
LOO_07_theoph_subject_08,population,two_compartment,Subj_08,theoph_subject_08,319.365,70.5,0.1,5.7208638191223145,11.686051318406708,11.247056234786605,2,11,1,True,43,population_sigma0
LOO_07_theoph_subject_08,population,two_compartment,Subj_08,theoph_subject_08,319.365,70.5,0.2,5.7208638191223145,8.982455138789476,8.475792802887094,3,11,1,True,43,population_sigma0
LOO_07_theoph_subject_08,population,two_compartment,Subj_08,theoph_subject_08,319.365,70.5,0.3,5.7208638191223145,5.713662346995486,5.713662361934717,4,11,1,True,43,population_sigma0
LOO_07_theoph_subject_08,population,two_compartment,Subj_08,theoph_subject_08,319.365,70.5,0.45,5.7208638191223145,5.71366234723073,5.713667461267324,5,11,1,True,43,population_sigma0
LOO_07_theoph_subject_08,population,two_compartment,Subj_08,theoph_subject_08,319.365,70.5,0.55,5.7208638191223145,5.713662347079878,5.713662367342439,7,11,1,True,43,population_sigma0
LOO_07_theoph_subject_08,population,two_compartment,Subj_08,theoph_subject_08,319.365,70.5,0.75,5.7208638191223145,5.71366234704015,5.713662348920059,9,11,1,True,43,population_sigma0
LOO_07_theoph_subject_08,population,two_compartment,Subj_08,theoph_subject_08,319.365,70.5,1.0,5.7208638191223145,5.713662346903992,5.713662348252383,11,11,1,True,43,population_sigma0
LOO_08_theoph_subject_09,population,one_compartment,Subj_09,theoph_subject_09,267.84000000000003,86.4,0.1,16.337480545043945,1.032205062438249,13.249932323971471,2,11,1,True,43,population_sigma0
LOO_08_theoph_subject_09,population,one_compartment,Subj_09,theoph_subject_09,267.84000000000003,86.4,0.2,16.337480545043945,18.638907899396912,3.6440973436374167,3,11,1,True,43,population_sigma0
LOO_08_theoph_subject_09,population,one_compartment,Subj_09,theoph_subject_09,267.84000000000003,86.4,0.3,16.337480545043945,10.891036922839293,10.891040304504589,4,11,1,True,43,population_sigma0
LOO_08_theoph_subject_09,population,one_compartment,Subj_09,theoph_subject_09,267.84000000000003,86.4,0.45,16.337480545043945,3.1676853344715634,3.167705639515356,5,11,1,True,43,population_sigma0
LOO_08_theoph_subject_09,population,one_compartment,Subj_09,theoph_subject_09,267.84000000000003,86.4,0.55,16.337480545043945,0.2854726672072935,0.28546470955452574,7,11,1,True,43,population_sigma0
LOO_08_theoph_subject_09,population,one_compartment,Subj_09,theoph_subject_09,267.84000000000003,86.4,0.75,16.337480545043945,0.23003762157018406,0.23003730236112319,9,11,1,True,43,population_sigma0
LOO_08_theoph_subject_09,population,one_compartment,Subj_09,theoph_subject_09,267.84000000000003,86.4,1.0,16.337480545043945,0.22625944686505317,0.22625944690997934,11,11,1,True,43,population_sigma0
LOO_08_theoph_subject_09,population,two_compartment,Subj_09,theoph_subject_09,267.84000000000003,86.4,0.1,11.829501152038574,10.962020146473058,10.962020316025523,2,11,1,True,43,population_sigma0
LOO_08_theoph_subject_09,population,two_compartment,Subj_09,theoph_subject_09,267.84000000000003,86.4,0.2,11.829501152038574,10.962020152976942,10.962020244071354,3,11,1,True,43,population_sigma0
LOO_08_theoph_subject_09,population,two_compartment,Subj_09,theoph_subject_09,267.84000000000003,86.4,0.3,11.829501152038574,10.96202014677746,10.9620201837646,4,11,1,True,43,population_sigma0
LOO_08_theoph_subject_09,population,two_compartment,Subj_09,theoph_subject_09,267.84000000000003,86.4,0.45,11.829501152038574,10.962020148061818,10.96202018265233,5,11,1,True,43,population_sigma0
LOO_08_theoph_subject_09,population,two_compartment,Subj_09,theoph_subject_09,267.84000000000003,86.4,0.55,11.829501152038574,10.962020146399256,10.962020231982375,7,11,1,True,43,population_sigma0
LOO_08_theoph_subject_09,population,two_compartment,Subj_09,theoph_subject_09,267.84000000000003,86.4,0.75,11.829501152038574,10.962020146270525,10.962020164268662,9,11,1,True,43,population_sigma0
LOO_08_theoph_subject_09,population,two_compartment,Subj_09,theoph_subject_09,267.84000000000003,86.4,1.0,11.829501152038574,10.96202014588867,10.962020197738786,11,11,1,True,43,population_sigma0
LOO_09_theoph_subject_10,population,one_compartment,Subj_10,theoph_subject_10,320.1,58.2,0.1,1.6271567344665527,40.36794196294607,28.04703143035707,2,11,1,True,43,population_sigma0
LOO_09_theoph_subject_10,population,one_compartment,Subj_10,theoph_subject_10,320.1,58.2,0.2,1.6271567344665527,1.829003189384512,12.987866375635514,3,11,1,True,43,population_sigma0
LOO_09_theoph_subject_10,population,one_compartment,Subj_10,theoph_subject_10,320.1,58.2,0.3,1.6271567344665527,17.908289504632773,17.90828950402738,4,11,1,True,43,population_sigma0
LOO_09_theoph_subject_10,population,one_compartment,Subj_10,theoph_subject_10,320.1,58.2,0.45,1.6271567344665527,11.110816458807134,11.110823186526794,5,11,1,True,43,population_sigma0
LOO_09_theoph_subject_10,population,one_compartment,Subj_10,theoph_subject_10,320.1,58.2,0.55,1.6271567344665527,1.0453042374096884,1.045316798079677,7,11,1,True,43,population_sigma0
LOO_09_theoph_subject_10,population,one_compartment,Subj_10,theoph_subject_10,320.1,58.2,0.75,1.6271567344665527,0.12698270659392466,0.12698287825791885,9,11,1,True,43,population_sigma0
LOO_09_theoph_subject_10,population,one_compartment,Subj_10,theoph_subject_10,320.1,58.2,1.0,1.6271567344665527,0.12285474971308381,0.12285474971308807,11,11,1,True,43,population_sigma0
LOO_09_theoph_subject_10,population,two_compartment,Subj_10,theoph_subject_10,320.1,58.2,0.1,15.119853973388672,28.97745215467363,29.921473040305703,2,11,1,True,43,population_sigma0
LOO_09_theoph_subject_10,population,two_compartment,Subj_10,theoph_subject_10,320.1,58.2,0.2,15.119853973388672,15.116408163820564,15.116408377945591,3,11,1,True,43,population_sigma0
LOO_09_theoph_subject_10,population,two_compartment,Subj_10,theoph_subject_10,320.1,58.2,0.3,15.119853973388672,15.116344668174424,15.116344752301261,4,11,1,True,43,population_sigma0
LOO_09_theoph_subject_10,population,two_compartment,Subj_10,theoph_subject_10,320.1,58.2,0.45,15.119853973388672,15.11634466461686,15.116344752483633,5,11,1,True,43,population_sigma0
LOO_09_theoph_subject_10,population,two_compartment,Subj_10,theoph_subject_10,320.1,58.2,0.55,15.119853973388672,15.1163446643808,15.11634477664635,7,11,1,True,43,population_sigma0
LOO_09_theoph_subject_10,population,two_compartment,Subj_10,theoph_subject_10,320.1,58.2,0.75,15.119853973388672,15.116344666654577,15.116344757592179,9,11,1,True,43,population_sigma0
LOO_09_theoph_subject_10,population,two_compartment,Subj_10,theoph_subject_10,320.1,58.2,1.0,15.119853973388672,15.116344662681316,15.116344766221658,11,11,1,True,43,population_sigma0
LOO_10_theoph_subject_11,population,one_compartment,Subj_11,theoph_subject_11,319.8,65.0,0.1,4.273515224456787,19.328659577174154,4.837709971358056,2,11,1,True,43,population_sigma0
LOO_10_theoph_subject_11,population,one_compartment,Subj_11,theoph_subject_11,319.8,65.0,0.2,4.273515224456787,1.0211076957881122,0.4335182608131305,3,11,1,True,43,population_sigma0
LOO_10_theoph_subject_11,population,one_compartment,Subj_11,theoph_subject_11,319.8,65.0,0.3,4.273515224456787,8.074921181258713,8.074920923832334,4,11,1,True,43,population_sigma0
LOO_10_theoph_subject_11,population,one_compartment,Subj_11,theoph_subject_11,319.8,65.0,0.45,4.273515224456787,2.1714290356746955,2.1714307240657096,5,11,1,True,43,population_sigma0
LOO_10_theoph_subject_11,population,one_compartment,Subj_11,theoph_subject_11,319.8,65.0,0.55,4.273515224456787,0.09181419276001704,0.09181291466981621,7,11,1,True,43,population_sigma0
LOO_10_theoph_subject_11,population,one_compartment,Subj_11,theoph_subject_11,319.8,65.0,0.75,4.273515224456787,0.039388007892499785,0.03938801866947477,9,11,1,True,43,population_sigma0
LOO_10_theoph_subject_11,population,one_compartment,Subj_11,theoph_subject_11,319.8,65.0,1.0,4.273515224456787,0.038746928028894415,0.03874692803655409,11,11,1,True,43,population_sigma0
LOO_10_theoph_subject_11,population,two_compartment,Subj_11,theoph_subject_11,319.8,65.0,0.1,7.0193681716918945,6.718519999758772,6.718519962464026,2,11,1,True,43,population_sigma0
LOO_10_theoph_subject_11,population,two_compartment,Subj_11,theoph_subject_11,319.8,65.0,0.2,7.0193681716918945,6.718519999291871,6.7185199883179845,3,11,1,True,43,population_sigma0
LOO_10_theoph_subject_11,population,two_compartment,Subj_11,theoph_subject_11,319.8,65.0,0.3,7.0193681716918945,6.718519998884543,6.718519994678089,4,11,1,True,43,population_sigma0
LOO_10_theoph_subject_11,population,two_compartment,Subj_11,theoph_subject_11,319.8,65.0,0.45,7.0193681716918945,6.718519998489206,6.718520001507297,5,11,1,True,43,population_sigma0
LOO_10_theoph_subject_11,population,two_compartment,Subj_11,theoph_subject_11,319.8,65.0,0.55,7.0193681716918945,6.718519999698978,6.718519998526698,7,11,1,True,43,population_sigma0
LOO_10_theoph_subject_11,population,two_compartment,Subj_11,theoph_subject_11,319.8,65.0,0.75,7.0193681716918945,6.718519999621671,6.718520001012953,9,11,1,True,43,population_sigma0
LOO_10_theoph_subject_11,population,two_compartment,Subj_11,theoph_subject_11,319.8,65.0,1.0,7.0193681716918945,6.699721831899356,6.699721838348605,11,11,1,True,43,population_sigma0
LOO_11_theoph_subject_12,population,one_compartment,Subj_12,theoph_subject_12,320.65,60.5,0.1,1.568528652191162,37.411709165604414,38.3602365634356,2,11,1,True,43,population_sigma0
LOO_11_theoph_subject_12,population,one_compartment,Subj_12,theoph_subject_12,320.65,60.5,0.2,1.568528652191162,4060.8321083355204,3990.795519382777,3,11,1,True,43,population_sigma0
LOO_11_theoph_subject_12,population,one_compartment,Subj_12,theoph_subject_12,320.65,60.5,0.3,1.568528652191162,4492.92801253927,4420.884466168108,4,11,1,True,43,population_sigma0
LOO_11_theoph_subject_12,population,one_compartment,Subj_12,theoph_subject_12,320.65,60.5,0.45,1.568528652191162,1.4517639609969344,1.4518259776389166,5,11,1,True,43,population_sigma0
LOO_11_theoph_subject_12,population,one_compartment,Subj_12,theoph_subject_12,320.65,60.5,0.55,1.568528652191162,1.254377334170348,1.2543995293512162,7,11,1,True,43,population_sigma0
LOO_11_theoph_subject_12,population,one_compartment,Subj_12,theoph_subject_12,320.65,60.5,0.75,1.568528652191162,0.2785236872978861,0.27852608375858884,9,11,1,True,43,population_sigma0
LOO_11_theoph_subject_12,population,one_compartment,Subj_12,theoph_subject_12,320.65,60.5,1.0,1.568528652191162,0.2553815650791256,0.25538156509318727,11,11,1,True,43,population_sigma0
LOO_11_theoph_subject_12,population,two_compartment,Subj_12,theoph_subject_12,320.65,60.5,0.1,14.981817245483398,39.29152712176631,39.51583194784008,2,11,1,True,43,population_sigma0
LOO_11_theoph_subject_12,population,two_compartment,Subj_12,theoph_subject_12,320.65,60.5,0.2,14.981817245483398,14.87900475046344,14.87900452679152,3,11,1,True,43,population_sigma0
LOO_11_theoph_subject_12,population,two_compartment,Subj_12,theoph_subject_12,320.65,60.5,0.3,14.981817245483398,14.862900556832056,14.862900420613038,4,11,1,True,43,population_sigma0
LOO_11_theoph_subject_12,population,two_compartment,Subj_12,theoph_subject_12,320.65,60.5,0.45,14.981817245483398,14.862898593063608,14.862898638917233,5,11,1,True,43,population_sigma0
LOO_11_theoph_subject_12,population,two_compartment,Subj_12,theoph_subject_12,320.65,60.5,0.55,14.981817245483398,14.862898590505585,14.862898655356188,7,11,1,True,43,population_sigma0
LOO_11_theoph_subject_12,population,two_compartment,Subj_12,theoph_subject_12,320.65,60.5,0.75,14.981817245483398,14.86289858668595,14.862898667784316,9,11,1,True,43,population_sigma0
LOO_11_theoph_subject_12,population,two_compartment,Subj_12,theoph_subject_12,320.65,60.5,1.0,14.981817245483398,14.862898587887042,14.862898639333146,11,11,1,True,43,population_sigma0
LOO_00_theoph_subject_01,population,one_compartment,Subj_01,theoph_subject_01,319.99199999999996,79.6,0.1,9.288700103759766,35.02388598951851,6.595753368962144,2,11,1,True,44,population_sigma0
LOO_00_theoph_subject_01,population,one_compartment,Subj_01,theoph_subject_01,319.99199999999996,79.6,0.2,9.288700103759766,10102.350232542209,10102.30444181147,3,11,1,True,44,population_sigma0
LOO_00_theoph_subject_01,population,one_compartment,Subj_01,theoph_subject_01,319.99199999999996,79.6,0.3,9.288700103759766,11.085749048626079,11.086041552444426,4,11,1,True,44,population_sigma0
LOO_00_theoph_subject_01,population,one_compartment,Subj_01,theoph_subject_01,319.99199999999996,79.6,0.45,9.288700103759766,13.08546809760161,13.085486413534484,5,11,1,True,44,population_sigma0
LOO_00_theoph_subject_01,population,one_compartment,Subj_01,theoph_subject_01,319.99199999999996,79.6,0.55,9.288700103759766,1.4559431413953627,1.4559208643743025,7,11,1,True,44,population_sigma0
LOO_00_theoph_subject_01,population,one_compartment,Subj_01,theoph_subject_01,319.99199999999996,79.6,0.75,9.288700103759766,0.45811970197844243,0.458116970505765,9,11,1,True,44,population_sigma0
LOO_00_theoph_subject_01,population,one_compartment,Subj_01,theoph_subject_01,319.99199999999996,79.6,1.0,9.288700103759766,0.38963718406346454,0.38963718407569414,11,11,1,True,44,population_sigma0
LOO_00_theoph_subject_01,population,two_compartment,Subj_01,theoph_subject_01,319.99199999999996,79.6,0.1,18.37396240234375,34.794899574278745,21.778208312785864,2,11,1,True,44,population_sigma0
LOO_00_theoph_subject_01,population,two_compartment,Subj_01,theoph_subject_01,319.99199999999996,79.6,0.2,18.37396240234375,18.35710515560439,18.35710518383797,3,11,1,True,44,population_sigma0
LOO_00_theoph_subject_01,population,two_compartment,Subj_01,theoph_subject_01,319.99199999999996,79.6,0.3,18.37396240234375,18.35710509099385,18.35710512827289,4,11,1,True,44,population_sigma0
LOO_00_theoph_subject_01,population,two_compartment,Subj_01,theoph_subject_01,319.99199999999996,79.6,0.45,18.37396240234375,18.357105086471226,18.357105132364858,5,11,1,True,44,population_sigma0
LOO_00_theoph_subject_01,population,two_compartment,Subj_01,theoph_subject_01,319.99199999999996,79.6,0.55,18.37396240234375,18.357105083401237,18.35710513012866,7,11,1,True,44,population_sigma0
LOO_00_theoph_subject_01,population,two_compartment,Subj_01,theoph_subject_01,319.99199999999996,79.6,0.75,18.37396240234375,18.357105083117073,18.357105127456137,9,11,1,True,44,population_sigma0
LOO_00_theoph_subject_01,population,two_compartment,Subj_01,theoph_subject_01,319.99199999999996,79.6,1.0,18.37396240234375,18.357105080763066,18.357105127371515,11,11,1,True,44,population_sigma0
LOO_01_theoph_subject_02,population,one_compartment,Subj_02,theoph_subject_02,318.56000000000006,72.4,0.1,1.3299357891082764,17.847517488325938,30.668066056417118,2,11,1,True,44,population_sigma0
LOO_01_theoph_subject_02,population,one_compartment,Subj_02,theoph_subject_02,318.56000000000006,72.4,0.2,1.3299357891082764,14130.090604556288,14129.295524124307,3,11,1,True,44,population_sigma0
LOO_01_theoph_subject_02,population,one_compartment,Subj_02,theoph_subject_02,318.56000000000006,72.4,0.3,1.3299357891082764,4.915549185445855,4.915458610804749,4,11,1,True,44,population_sigma0
LOO_01_theoph_subject_02,population,one_compartment,Subj_02,theoph_subject_02,318.56000000000006,72.4,0.45,1.3299357891082764,6.6762428579036825,6.676172873539414,5,11,1,True,44,population_sigma0
LOO_01_theoph_subject_02,population,one_compartment,Subj_02,theoph_subject_02,318.56000000000006,72.4,0.55,1.3299357891082764,1.1352489644265444,1.1352219304237574,7,11,1,True,44,population_sigma0
LOO_01_theoph_subject_02,population,one_compartment,Subj_02,theoph_subject_02,318.56000000000006,72.4,0.75,1.3299357891082764,0.8145606477543502,0.8145610960385994,9,11,1,True,44,population_sigma0
LOO_01_theoph_subject_02,population,one_compartment,Subj_02,theoph_subject_02,318.56000000000006,72.4,1.0,1.3299357891082764,0.8134822109753834,0.8134822111760701,11,11,1,True,44,population_sigma0
LOO_01_theoph_subject_02,population,two_compartment,Subj_02,theoph_subject_02,318.56000000000006,72.4,0.1,10.052070617675781,23.548717788424618,27.655764401103124,2,11,1,True,44,population_sigma0
LOO_01_theoph_subject_02,population,two_compartment,Subj_02,theoph_subject_02,318.56000000000006,72.4,0.2,10.052070617675781,10.050043082014172,10.0500430395413,3,11,1,True,44,population_sigma0
LOO_01_theoph_subject_02,population,two_compartment,Subj_02,theoph_subject_02,318.56000000000006,72.4,0.3,10.052070617675781,10.050007501196859,10.05000758559183,4,11,1,True,44,population_sigma0
LOO_01_theoph_subject_02,population,two_compartment,Subj_02,theoph_subject_02,318.56000000000006,72.4,0.45,10.052070617675781,10.050007501322474,10.050007521718372,5,11,1,True,44,population_sigma0
LOO_01_theoph_subject_02,population,two_compartment,Subj_02,theoph_subject_02,318.56000000000006,72.4,0.55,10.052070617675781,10.050007500032638,10.050007557642259,7,11,1,True,44,population_sigma0
LOO_01_theoph_subject_02,population,two_compartment,Subj_02,theoph_subject_02,318.56000000000006,72.4,0.75,10.052070617675781,10.05000750006641,10.050007521754868,9,11,1,True,44,population_sigma0
LOO_01_theoph_subject_02,population,two_compartment,Subj_02,theoph_subject_02,318.56000000000006,72.4,1.0,10.052070617675781,10.050007500247126,10.050007505413651,11,11,1,True,44,population_sigma0
LOO_02_theoph_subject_03,population,one_compartment,Subj_03,theoph_subject_03,319.365,70.5,0.1,0.5392768979072571,5.08543242183182,0.1178887573593504,2,11,1,True,44,population_sigma0
LOO_02_theoph_subject_03,population,one_compartment,Subj_03,theoph_subject_03,319.365,70.5,0.2,0.5392768979072571,6.415050807976439,0.08996609622691382,3,11,1,True,44,population_sigma0
LOO_02_theoph_subject_03,population,one_compartment,Subj_03,theoph_subject_03,319.365,70.5,0.3,0.5392768979072571,0.5721900231082008,0.5721899912080226,4,11,1,True,44,population_sigma0
LOO_02_theoph_subject_03,population,one_compartment,Subj_03,theoph_subject_03,319.365,70.5,0.45,0.5392768979072571,2.218842554258086,2.218842562460453,5,11,1,True,44,population_sigma0
LOO_02_theoph_subject_03,population,one_compartment,Subj_03,theoph_subject_03,319.365,70.5,0.55,0.5392768979072571,0.03988536449104405,0.03988537213806337,7,11,1,True,44,population_sigma0
LOO_02_theoph_subject_03,population,one_compartment,Subj_03,theoph_subject_03,319.365,70.5,0.75,0.5392768979072571,0.043842726478633125,0.04384275938057278,9,11,1,True,44,population_sigma0
LOO_02_theoph_subject_03,population,one_compartment,Subj_03,theoph_subject_03,319.365,70.5,1.0,0.5392768979072571,0.03966126670644605,0.03966126670649816,11,11,1,True,44,population_sigma0
LOO_02_theoph_subject_03,population,two_compartment,Subj_03,theoph_subject_03,319.365,70.5,0.1,9.363448143005371,9.205188021460224,9.205188048443736,2,11,1,True,44,population_sigma0
LOO_02_theoph_subject_03,population,two_compartment,Subj_03,theoph_subject_03,319.365,70.5,0.2,9.363448143005371,9.20518802842851,9.2051880491762,3,11,1,True,44,population_sigma0
LOO_02_theoph_subject_03,population,two_compartment,Subj_03,theoph_subject_03,319.365,70.5,0.3,9.363448143005371,9.205188021620717,9.205188042153317,4,11,1,True,44,population_sigma0
LOO_02_theoph_subject_03,population,two_compartment,Subj_03,theoph_subject_03,319.365,70.5,0.45,9.363448143005371,9.205188021086832,9.20518804767964,5,11,1,True,44,population_sigma0
LOO_02_theoph_subject_03,population,two_compartment,Subj_03,theoph_subject_03,319.365,70.5,0.55,9.363448143005371,9.205188021163638,9.205188040088641,7,11,1,True,44,population_sigma0
LOO_02_theoph_subject_03,population,two_compartment,Subj_03,theoph_subject_03,319.365,70.5,0.75,9.363448143005371,9.205188021181248,9.205188042859742,9,11,1,True,44,population_sigma0
LOO_02_theoph_subject_03,population,two_compartment,Subj_03,theoph_subject_03,319.365,70.5,1.0,9.363448143005371,9.205188020726133,9.20518804752834,11,11,1,True,44,population_sigma0
LOO_03_theoph_subject_04,population,one_compartment,Subj_04,theoph_subject_04,319.88000000000005,72.7,0.1,1.006399154663086,30.303216728106108,30.3814670495407,2,11,1,True,44,population_sigma0
LOO_03_theoph_subject_04,population,one_compartment,Subj_04,theoph_subject_04,319.88000000000005,72.7,0.2,1.006399154663086,3919.1647592417894,3918.214368392189,3,11,1,True,44,population_sigma0
LOO_03_theoph_subject_04,population,one_compartment,Subj_04,theoph_subject_04,319.88000000000005,72.7,0.3,1.006399154663086,4718.15830436559,4717.49012480906,4,11,1,True,44,population_sigma0
LOO_03_theoph_subject_04,population,one_compartment,Subj_04,theoph_subject_04,319.88000000000005,72.7,0.45,1.006399154663086,3.7394484457955723,3.7396738749646037,5,11,1,True,44,population_sigma0
LOO_03_theoph_subject_04,population,one_compartment,Subj_04,theoph_subject_04,319.88000000000005,72.7,0.55,1.006399154663086,1.469443068831424,1.4693625742356056,7,11,1,True,44,population_sigma0
LOO_03_theoph_subject_04,population,one_compartment,Subj_04,theoph_subject_04,319.88000000000005,72.7,0.75,1.006399154663086,0.5276325441849887,0.5276289506855761,9,11,1,True,44,population_sigma0
LOO_03_theoph_subject_04,population,one_compartment,Subj_04,theoph_subject_04,319.88000000000005,72.7,1.0,1.006399154663086,0.5210864185864765,0.5210864186391048,11,11,1,True,44,population_sigma0
LOO_03_theoph_subject_04,population,two_compartment,Subj_04,theoph_subject_04,319.88000000000005,72.7,0.1,9.839186668395996,24.721524853966727,29.091418317839654,2,11,1,True,44,population_sigma0
LOO_03_theoph_subject_04,population,two_compartment,Subj_04,theoph_subject_04,319.88000000000005,72.7,0.2,9.839186668395996,9.814653227660312,9.814653197495643,3,11,1,True,44,population_sigma0
LOO_03_theoph_subject_04,population,two_compartment,Subj_04,theoph_subject_04,319.88000000000005,72.7,0.3,9.839186668395996,9.809848293616186,9.809848338200833,4,11,1,True,44,population_sigma0
LOO_03_theoph_subject_04,population,two_compartment,Subj_04,theoph_subject_04,319.88000000000005,72.7,0.45,9.839186668395996,9.80984825669299,9.80984828554581,5,11,1,True,44,population_sigma0
LOO_03_theoph_subject_04,population,two_compartment,Subj_04,theoph_subject_04,319.88000000000005,72.7,0.55,9.839186668395996,9.809848253582286,9.809848286120946,7,11,1,True,44,population_sigma0
LOO_03_theoph_subject_04,population,two_compartment,Subj_04,theoph_subject_04,319.88000000000005,72.7,0.75,9.839186668395996,9.809848254325551,9.809848287355855,9,11,1,True,44,population_sigma0
LOO_03_theoph_subject_04,population,two_compartment,Subj_04,theoph_subject_04,319.88000000000005,72.7,1.0,9.839186668395996,9.80984825438446,9.809848285656875,11,11,1,True,44,population_sigma0
LOO_04_theoph_subject_05,population,one_compartment,Subj_05,theoph_subject_05,319.956,54.6,0.1,5.7230377197265625,41.36457540181951,31.420068771212808,2,11,1,True,44,population_sigma0
LOO_04_theoph_subject_05,population,one_compartment,Subj_05,theoph_subject_05,319.956,54.6,0.2,5.7230377197265625,7467.0428594706755,7340.825179359244,3,11,1,True,44,population_sigma0
LOO_04_theoph_subject_05,population,one_compartment,Subj_05,theoph_subject_05,319.956,54.6,0.3,5.7230377197265625,9422.977997029748,9421.932990348048,4,11,1,True,44,population_sigma0
LOO_04_theoph_subject_05,population,one_compartment,Subj_05,theoph_subject_05,319.956,54.6,0.45,5.7230377197265625,8.877244851692277,8.877112832371342,5,11,1,True,44,population_sigma0
LOO_04_theoph_subject_05,population,one_compartment,Subj_05,theoph_subject_05,319.956,54.6,0.55,5.7230377197265625,2.5149239002784936,2.5152112635219854,7,11,1,True,44,population_sigma0
LOO_04_theoph_subject_05,population,one_compartment,Subj_05,theoph_subject_05,319.956,54.6,0.75,5.7230377197265625,1.2251744935203597,1.2251770016960373,9,11,1,True,44,population_sigma0
LOO_04_theoph_subject_05,population,one_compartment,Subj_05,theoph_subject_05,319.956,54.6,1.0,5.7230377197265625,1.2239517886036833,1.2239517902641242,11,11,1,True,44,population_sigma0
LOO_04_theoph_subject_05,population,two_compartment,Subj_05,theoph_subject_05,319.956,54.6,0.1,17.1019287109375,41.01616998668695,40.73669506439723,2,11,1,True,44,population_sigma0
LOO_04_theoph_subject_05,population,two_compartment,Subj_05,theoph_subject_05,319.956,54.6,0.2,17.1019287109375,17.08713104932842,17.087130831128817,3,11,1,True,44,population_sigma0
LOO_04_theoph_subject_05,population,two_compartment,Subj_05,theoph_subject_05,319.956,54.6,0.3,17.1019287109375,17.086621455941675,17.086621493748268,4,11,1,True,44,population_sigma0
LOO_04_theoph_subject_05,population,two_compartment,Subj_05,theoph_subject_05,319.956,54.6,0.45,17.1019287109375,17.08662145086381,17.086621499603584,5,11,1,True,44,population_sigma0
LOO_04_theoph_subject_05,population,two_compartment,Subj_05,theoph_subject_05,319.956,54.6,0.55,17.1019287109375,17.08662144637412,17.086621493917956,7,11,1,True,44,population_sigma0
LOO_04_theoph_subject_05,population,two_compartment,Subj_05,theoph_subject_05,319.956,54.6,0.75,17.1019287109375,17.0866214487641,17.086621527041512,9,11,1,True,44,population_sigma0
LOO_04_theoph_subject_05,population,two_compartment,Subj_05,theoph_subject_05,319.956,54.6,1.0,17.1019287109375,17.086621448614782,17.08662151040979,11,11,1,True,44,population_sigma0
LOO_05_theoph_subject_06,population,one_compartment,Subj_06,theoph_subject_06,320.0,80.0,0.1,9.714231491088867,8.41279791335329,16.157154885453384,2,11,1,True,44,population_sigma0
LOO_05_theoph_subject_06,population,one_compartment,Subj_06,theoph_subject_06,320.0,80.0,0.2,9.714231491088867,2043.3282720552015,2012.8072724044023,3,11,1,True,44,population_sigma0
LOO_05_theoph_subject_06,population,one_compartment,Subj_06,theoph_subject_06,320.0,80.0,0.3,9.714231491088867,2290.3942077225465,2289.2233014754115,4,11,1,True,44,population_sigma0
LOO_05_theoph_subject_06,population,one_compartment,Subj_06,theoph_subject_06,320.0,80.0,0.45,9.714231491088867,1.287529535069429,1.2874824462037093,5,11,1,True,44,population_sigma0
LOO_05_theoph_subject_06,population,one_compartment,Subj_06,theoph_subject_06,320.0,80.0,0.55,9.714231491088867,0.8214785509499744,0.8214699528758467,7,11,1,True,44,population_sigma0
LOO_05_theoph_subject_06,population,one_compartment,Subj_06,theoph_subject_06,320.0,80.0,0.75,9.714231491088867,0.241116541467965,0.24111890705006456,9,11,1,True,44,population_sigma0
LOO_05_theoph_subject_06,population,one_compartment,Subj_06,theoph_subject_06,320.0,80.0,1.0,9.714231491088867,0.22220365612942575,0.2222036562154116,11,11,1,True,44,population_sigma0
LOO_05_theoph_subject_06,population,two_compartment,Subj_06,theoph_subject_06,320.0,80.0,0.1,3.4370012283325195,3.880424621304853,15.81621721150061,2,11,1,True,44,population_sigma0
LOO_05_theoph_subject_06,population,two_compartment,Subj_06,theoph_subject_06,320.0,80.0,0.2,3.4370012283325195,3.2795851749316185,3.279585272502456,3,11,1,True,44,population_sigma0
LOO_05_theoph_subject_06,population,two_compartment,Subj_06,theoph_subject_06,320.0,80.0,0.3,3.4370012283325195,3.246438546396922,3.2464383393611485,4,11,1,True,44,population_sigma0
LOO_05_theoph_subject_06,population,two_compartment,Subj_06,theoph_subject_06,320.0,80.0,0.45,3.4370012283325195,3.2464032412681805,3.2464031082241536,5,11,1,True,44,population_sigma0
LOO_05_theoph_subject_06,population,two_compartment,Subj_06,theoph_subject_06,320.0,80.0,0.55,3.4370012283325195,3.246403241723955,3.2464032393081452,7,11,1,True,44,population_sigma0
LOO_05_theoph_subject_06,population,two_compartment,Subj_06,theoph_subject_06,320.0,80.0,0.75,3.4370012283325195,3.2464032418974726,3.246403241735028,9,11,1,True,44,population_sigma0
LOO_05_theoph_subject_06,population,two_compartment,Subj_06,theoph_subject_06,320.0,80.0,1.0,3.4370012283325195,3.1997029914192283,3.199702991580473,11,11,1,True,44,population_sigma0
LOO_06_theoph_subject_07,population,one_compartment,Subj_07,theoph_subject_07,319.77,64.6,0.1,4.641111373901367,17.705540867855476,20.732400097748112,2,11,1,True,44,population_sigma0
LOO_06_theoph_subject_07,population,one_compartment,Subj_07,theoph_subject_07,319.77,64.6,0.2,4.641111373901367,1455.7878068225245,1455.2207340451023,3,11,1,True,44,population_sigma0
LOO_06_theoph_subject_07,population,one_compartment,Subj_07,theoph_subject_07,319.77,64.6,0.3,4.641111373901367,1722.3735265878402,1693.2020322508472,4,11,1,True,44,population_sigma0
LOO_06_theoph_subject_07,population,one_compartment,Subj_07,theoph_subject_07,319.77,64.6,0.45,4.641111373901367,0.37048037809354734,0.37046968214147014,5,11,1,True,44,population_sigma0
LOO_06_theoph_subject_07,population,one_compartment,Subj_07,theoph_subject_07,319.77,64.6,0.55,4.641111373901367,0.4106783671432778,0.4106843135446594,7,11,1,True,44,population_sigma0
LOO_06_theoph_subject_07,population,one_compartment,Subj_07,theoph_subject_07,319.77,64.6,0.75,4.641111373901367,0.14750162237997622,0.1475021628990532,9,11,1,True,44,population_sigma0
LOO_06_theoph_subject_07,population,one_compartment,Subj_07,theoph_subject_07,319.77,64.6,1.0,4.641111373901367,0.09059610784289102,0.09059610784333393,11,11,1,True,44,population_sigma0
LOO_06_theoph_subject_07,population,two_compartment,Subj_07,theoph_subject_07,319.77,64.6,0.1,5.165670394897461,20.30951378799034,20.348124044667493,2,11,1,True,44,population_sigma0
LOO_06_theoph_subject_07,population,two_compartment,Subj_07,theoph_subject_07,319.77,64.6,0.2,5.165670394897461,4.9317691966521915,4.931768698236448,3,11,1,True,44,population_sigma0
LOO_06_theoph_subject_07,population,two_compartment,Subj_07,theoph_subject_07,319.77,64.6,0.3,5.165670394897461,4.836657278981677,4.836657708469684,4,11,1,True,44,population_sigma0
LOO_06_theoph_subject_07,population,two_compartment,Subj_07,theoph_subject_07,319.77,64.6,0.45,5.165670394897461,4.836068126595368,4.836068134425974,5,11,1,True,44,population_sigma0
LOO_06_theoph_subject_07,population,two_compartment,Subj_07,theoph_subject_07,319.77,64.6,0.55,5.165670394897461,4.836067852797565,4.836067855006863,7,11,1,True,44,population_sigma0
LOO_06_theoph_subject_07,population,two_compartment,Subj_07,theoph_subject_07,319.77,64.6,0.75,5.165670394897461,4.83606785288878,4.836067854613852,9,11,1,True,44,population_sigma0
LOO_06_theoph_subject_07,population,two_compartment,Subj_07,theoph_subject_07,319.77,64.6,1.0,5.165670394897461,4.836067852562008,4.8360678578272225,11,11,1,True,44,population_sigma0
LOO_07_theoph_subject_08,population,one_compartment,Subj_08,theoph_subject_08,319.365,70.5,0.1,1.0213327407836914,8.245636521548294,18.109417326981927,2,11,1,True,44,population_sigma0
LOO_07_theoph_subject_08,population,one_compartment,Subj_08,theoph_subject_08,319.365,70.5,0.2,1.0213327407836914,6.148778098370055,19.607175868633906,3,11,1,True,44,population_sigma0
LOO_07_theoph_subject_08,population,one_compartment,Subj_08,theoph_subject_08,319.365,70.5,0.3,1.0213327407836914,536.3089492870005,536.2824530922949,4,11,1,True,44,population_sigma0
LOO_07_theoph_subject_08,population,one_compartment,Subj_08,theoph_subject_08,319.365,70.5,0.45,1.0213327407836914,3.3922260748471205,3.392366336861441,5,11,1,True,44,population_sigma0
LOO_07_theoph_subject_08,population,one_compartment,Subj_08,theoph_subject_08,319.365,70.5,0.55,1.0213327407836914,0.6324100591061107,0.632430550685335,7,11,1,True,44,population_sigma0
LOO_07_theoph_subject_08,population,one_compartment,Subj_08,theoph_subject_08,319.365,70.5,0.75,1.0213327407836914,0.334978803077807,0.3349790199642034,9,11,1,True,44,population_sigma0
LOO_07_theoph_subject_08,population,one_compartment,Subj_08,theoph_subject_08,319.365,70.5,1.0,1.0213327407836914,0.33485007809675066,0.33485007811895573,11,11,1,True,44,population_sigma0
LOO_07_theoph_subject_08,population,two_compartment,Subj_08,theoph_subject_08,319.365,70.5,0.1,5.721861362457275,12.242897167778636,11.189526837907053,2,11,1,True,44,population_sigma0
LOO_07_theoph_subject_08,population,two_compartment,Subj_08,theoph_subject_08,319.365,70.5,0.2,5.721861362457275,8.924460090491221,8.421972975423957,3,11,1,True,44,population_sigma0
LOO_07_theoph_subject_08,population,two_compartment,Subj_08,theoph_subject_08,319.365,70.5,0.3,5.721861362457275,5.713662347185933,5.713662347697873,4,11,1,True,44,population_sigma0
LOO_07_theoph_subject_08,population,two_compartment,Subj_08,theoph_subject_08,319.365,70.5,0.45,5.721861362457275,5.713662347149509,5.713662369114479,5,11,1,True,44,population_sigma0
LOO_07_theoph_subject_08,population,two_compartment,Subj_08,theoph_subject_08,319.365,70.5,0.55,5.721861362457275,5.713662347075668,5.713662348249063,7,11,1,True,44,population_sigma0
LOO_07_theoph_subject_08,population,two_compartment,Subj_08,theoph_subject_08,319.365,70.5,0.75,5.721861362457275,5.713662347094814,5.713662347828073,9,11,1,True,44,population_sigma0
LOO_07_theoph_subject_08,population,two_compartment,Subj_08,theoph_subject_08,319.365,70.5,1.0,5.721861362457275,5.713662346901996,5.713662348014383,11,11,1,True,44,population_sigma0
LOO_08_theoph_subject_09,population,one_compartment,Subj_09,theoph_subject_09,267.84000000000003,86.4,0.1,24.761999130249023,2.049872232396633,16.653855085261196,2,11,1,True,44,population_sigma0
LOO_08_theoph_subject_09,population,one_compartment,Subj_09,theoph_subject_09,267.84000000000003,86.4,0.2,24.761999130249023,5.791967658542902,9.206936051546872,3,11,1,True,44,population_sigma0
LOO_08_theoph_subject_09,population,one_compartment,Subj_09,theoph_subject_09,267.84000000000003,86.4,0.3,24.761999130249023,10.891035742380609,10.891046917353393,4,11,1,True,44,population_sigma0
LOO_08_theoph_subject_09,population,one_compartment,Subj_09,theoph_subject_09,267.84000000000003,86.4,0.45,24.761999130249023,3.1676779848689502,3.167644983128858,5,11,1,True,44,population_sigma0
LOO_08_theoph_subject_09,population,one_compartment,Subj_09,theoph_subject_09,267.84000000000003,86.4,0.55,24.761999130249023,0.28547196068861214,0.2854743879418645,7,11,1,True,44,population_sigma0
LOO_08_theoph_subject_09,population,one_compartment,Subj_09,theoph_subject_09,267.84000000000003,86.4,0.75,24.761999130249023,0.23003758104931651,0.23003835218352187,9,11,1,True,44,population_sigma0
LOO_08_theoph_subject_09,population,one_compartment,Subj_09,theoph_subject_09,267.84000000000003,86.4,1.0,24.761999130249023,0.22625944686558236,0.22625944689199232,11,11,1,True,44,population_sigma0
LOO_08_theoph_subject_09,population,two_compartment,Subj_09,theoph_subject_09,267.84000000000003,86.4,0.1,11.110244750976562,10.96202015620028,10.962020181113084,2,11,1,True,44,population_sigma0
LOO_08_theoph_subject_09,population,two_compartment,Subj_09,theoph_subject_09,267.84000000000003,86.4,0.2,11.110244750976562,10.962020151440035,10.96202019255599,3,11,1,True,44,population_sigma0
LOO_08_theoph_subject_09,population,two_compartment,Subj_09,theoph_subject_09,267.84000000000003,86.4,0.3,11.110244750976562,10.962020153830279,10.962020193116981,4,11,1,True,44,population_sigma0
LOO_08_theoph_subject_09,population,two_compartment,Subj_09,theoph_subject_09,267.84000000000003,86.4,0.45,11.110244750976562,10.962020147734414,10.962020193860367,5,11,1,True,44,population_sigma0
LOO_08_theoph_subject_09,population,two_compartment,Subj_09,theoph_subject_09,267.84000000000003,86.4,0.55,11.110244750976562,10.962020146962951,10.962020192560244,7,11,1,True,44,population_sigma0
LOO_08_theoph_subject_09,population,two_compartment,Subj_09,theoph_subject_09,267.84000000000003,86.4,0.75,11.110244750976562,10.962020146080075,10.962020192380912,9,11,1,True,44,population_sigma0
LOO_08_theoph_subject_09,population,two_compartment,Subj_09,theoph_subject_09,267.84000000000003,86.4,1.0,11.110244750976562,10.962020145677648,10.9620201922257,11,11,1,True,44,population_sigma0
LOO_09_theoph_subject_10,population,one_compartment,Subj_10,theoph_subject_10,320.1,58.2,0.1,1.759077787399292,20.721348966686126,42.0953504035154,2,11,1,True,44,population_sigma0
LOO_09_theoph_subject_10,population,one_compartment,Subj_10,theoph_subject_10,320.1,58.2,0.2,1.759077787399292,4.271735598443959,13.544283755466454,3,11,1,True,44,population_sigma0
LOO_09_theoph_subject_10,population,one_compartment,Subj_10,theoph_subject_10,320.1,58.2,0.3,1.759077787399292,17.908289332140967,17.908291522144836,4,11,1,True,44,population_sigma0
LOO_09_theoph_subject_10,population,one_compartment,Subj_10,theoph_subject_10,320.1,58.2,0.45,1.759077787399292,11.110901062843412,11.110804663041128,5,11,1,True,44,population_sigma0
LOO_09_theoph_subject_10,population,one_compartment,Subj_10,theoph_subject_10,320.1,58.2,0.55,1.759077787399292,1.045305163047557,1.0453317147455108,7,11,1,True,44,population_sigma0
LOO_09_theoph_subject_10,population,one_compartment,Subj_10,theoph_subject_10,320.1,58.2,0.75,1.759077787399292,0.12698270295661604,0.1269828867281315,9,11,1,True,44,population_sigma0
LOO_09_theoph_subject_10,population,one_compartment,Subj_10,theoph_subject_10,320.1,58.2,1.0,1.759077787399292,0.12285474971308333,0.12285474971308813,11,11,1,True,44,population_sigma0
LOO_09_theoph_subject_10,population,two_compartment,Subj_10,theoph_subject_10,320.1,58.2,0.1,15.119368553161621,31.853390522540124,30.187008613862496,2,11,1,True,44,population_sigma0
LOO_09_theoph_subject_10,population,two_compartment,Subj_10,theoph_subject_10,320.1,58.2,0.2,15.119368553161621,15.116408221714995,15.116406743922221,3,11,1,True,44,population_sigma0
LOO_09_theoph_subject_10,population,two_compartment,Subj_10,theoph_subject_10,320.1,58.2,0.3,15.119368553161621,15.116344674545036,15.116344750065904,4,11,1,True,44,population_sigma0
LOO_09_theoph_subject_10,population,two_compartment,Subj_10,theoph_subject_10,320.1,58.2,0.45,15.119368553161621,15.11634466510619,15.116344750992113,5,11,1,True,44,population_sigma0
LOO_09_theoph_subject_10,population,two_compartment,Subj_10,theoph_subject_10,320.1,58.2,0.55,15.119368553161621,15.116344663470311,15.116344749801675,7,11,1,True,44,population_sigma0
LOO_09_theoph_subject_10,population,two_compartment,Subj_10,theoph_subject_10,320.1,58.2,0.75,15.119368553161621,15.116344664200085,15.116344749010564,9,11,1,True,44,population_sigma0
LOO_09_theoph_subject_10,population,two_compartment,Subj_10,theoph_subject_10,320.1,58.2,1.0,15.119368553161621,15.116344663204735,15.116344750264698,11,11,1,True,44,population_sigma0
LOO_10_theoph_subject_11,population,one_compartment,Subj_11,theoph_subject_11,319.8,65.0,0.1,4.427579879760742,14.387797522944407,9.768756757119881,2,11,1,True,44,population_sigma0
LOO_10_theoph_subject_11,population,one_compartment,Subj_11,theoph_subject_11,319.8,65.0,0.2,4.427579879760742,19.402649922030704,0.4042694938662853,3,11,1,True,44,population_sigma0
LOO_10_theoph_subject_11,population,one_compartment,Subj_11,theoph_subject_11,319.8,65.0,0.3,4.427579879760742,8.074921569760743,8.074921065267949,4,11,1,True,44,population_sigma0
LOO_10_theoph_subject_11,population,one_compartment,Subj_11,theoph_subject_11,319.8,65.0,0.45,4.427579879760742,2.1714289450189748,2.1714310429215935,5,11,1,True,44,population_sigma0
LOO_10_theoph_subject_11,population,one_compartment,Subj_11,theoph_subject_11,319.8,65.0,0.55,4.427579879760742,0.09181422714219405,0.09181300963952031,7,11,1,True,44,population_sigma0
LOO_10_theoph_subject_11,population,one_compartment,Subj_11,theoph_subject_11,319.8,65.0,0.75,4.427579879760742,0.03938799443487731,0.03938794232701762,9,11,1,True,44,population_sigma0
LOO_10_theoph_subject_11,population,one_compartment,Subj_11,theoph_subject_11,319.8,65.0,1.0,4.427579879760742,0.038746928029071134,0.03874692803003946,11,11,1,True,44,population_sigma0
LOO_10_theoph_subject_11,population,two_compartment,Subj_11,theoph_subject_11,319.8,65.0,0.1,7.005935192108154,6.71851999884144,6.718519988745612,2,11,1,True,44,population_sigma0
LOO_10_theoph_subject_11,population,two_compartment,Subj_11,theoph_subject_11,319.8,65.0,0.2,7.005935192108154,6.718519998259424,6.71851999204537,3,11,1,True,44,population_sigma0
LOO_10_theoph_subject_11,population,two_compartment,Subj_11,theoph_subject_11,319.8,65.0,0.3,7.005935192108154,6.718519999303422,6.71851999379908,4,11,1,True,44,population_sigma0
LOO_10_theoph_subject_11,population,two_compartment,Subj_11,theoph_subject_11,319.8,65.0,0.45,7.005935192108154,6.7185199991570554,6.718519989362256,5,11,1,True,44,population_sigma0
LOO_10_theoph_subject_11,population,two_compartment,Subj_11,theoph_subject_11,319.8,65.0,0.55,7.005935192108154,6.718519999784352,6.7185199977091825,7,11,1,True,44,population_sigma0
LOO_10_theoph_subject_11,population,two_compartment,Subj_11,theoph_subject_11,319.8,65.0,0.75,7.005935192108154,6.718519999859339,6.718520007552045,9,11,1,True,44,population_sigma0
LOO_10_theoph_subject_11,population,two_compartment,Subj_11,theoph_subject_11,319.8,65.0,1.0,7.005935192108154,6.699721833160123,6.6997218387654645,11,11,1,True,44,population_sigma0
LOO_11_theoph_subject_12,population,one_compartment,Subj_12,theoph_subject_12,320.65,60.5,0.1,2.1449663639068604,39.68891021366196,38.37236092479696,2,11,1,True,44,population_sigma0
LOO_11_theoph_subject_12,population,one_compartment,Subj_12,theoph_subject_12,320.65,60.5,0.2,2.1449663639068604,4059.6026549205535,4059.568576214831,3,11,1,True,44,population_sigma0
LOO_11_theoph_subject_12,population,one_compartment,Subj_12,theoph_subject_12,320.65,60.5,0.3,2.1449663639068604,4491.570012997803,4420.400810540948,4,11,1,True,44,population_sigma0
LOO_11_theoph_subject_12,population,one_compartment,Subj_12,theoph_subject_12,320.65,60.5,0.45,2.1449663639068604,1.4518827076971632,1.4517553669825778,5,11,1,True,44,population_sigma0
LOO_11_theoph_subject_12,population,one_compartment,Subj_12,theoph_subject_12,320.65,60.5,0.55,2.1449663639068604,1.2543799149632215,1.2543948227614927,7,11,1,True,44,population_sigma0
LOO_11_theoph_subject_12,population,one_compartment,Subj_12,theoph_subject_12,320.65,60.5,0.75,2.1449663639068604,0.2785240949914771,0.27852239728717343,9,11,1,True,44,population_sigma0
LOO_11_theoph_subject_12,population,one_compartment,Subj_12,theoph_subject_12,320.65,60.5,1.0,2.1449663639068604,0.25538156507948045,0.25538156509783,11,11,1,True,44,population_sigma0
LOO_11_theoph_subject_12,population,two_compartment,Subj_12,theoph_subject_12,320.65,60.5,0.1,14.9904203414917,39.18727545050119,39.1236149063388,2,11,1,True,44,population_sigma0
LOO_11_theoph_subject_12,population,two_compartment,Subj_12,theoph_subject_12,320.65,60.5,0.2,14.9904203414917,14.879005758440242,14.879002148718854,3,11,1,True,44,population_sigma0
LOO_11_theoph_subject_12,population,two_compartment,Subj_12,theoph_subject_12,320.65,60.5,0.3,14.9904203414917,14.86290052747171,14.862900479678983,4,11,1,True,44,population_sigma0
LOO_11_theoph_subject_12,population,two_compartment,Subj_12,theoph_subject_12,320.65,60.5,0.45,14.9904203414917,14.862898589683647,14.86289863842943,5,11,1,True,44,population_sigma0
LOO_11_theoph_subject_12,population,two_compartment,Subj_12,theoph_subject_12,320.65,60.5,0.55,14.9904203414917,14.862898589289829,14.862898635621615,7,11,1,True,44,population_sigma0
LOO_11_theoph_subject_12,population,two_compartment,Subj_12,theoph_subject_12,320.65,60.5,0.75,14.9904203414917,14.862898588877345,14.862898637468492,9,11,1,True,44,population_sigma0
LOO_11_theoph_subject_12,population,two_compartment,Subj_12,theoph_subject_12,320.65,60.5,1.0,14.9904203414917,14.862898588736716,14.862898641049894,11,11,1,True,44,population_sigma0
LOO_00_theoph_subject_01,population,one_compartment,Subj_01,theoph_subject_01,319.99199999999996,79.6,0.1,9.31021499633789,45.04213317823154,6.520008822890813,2,11,1,True,45,population_sigma0
LOO_00_theoph_subject_01,population,one_compartment,Subj_01,theoph_subject_01,319.99199999999996,79.6,0.2,9.31021499633789,10102.739917795554,10102.258515381323,3,11,1,True,45,population_sigma0
LOO_00_theoph_subject_01,population,one_compartment,Subj_01,theoph_subject_01,319.99199999999996,79.6,0.3,9.31021499633789,11.085635125310661,11.08584698805894,4,11,1,True,45,population_sigma0
LOO_00_theoph_subject_01,population,one_compartment,Subj_01,theoph_subject_01,319.99199999999996,79.6,0.45,9.31021499633789,13.08532516705944,13.08535487093531,5,11,1,True,45,population_sigma0
LOO_00_theoph_subject_01,population,one_compartment,Subj_01,theoph_subject_01,319.99199999999996,79.6,0.55,9.31021499633789,1.4559425226736948,1.4559391169754887,7,11,1,True,45,population_sigma0
LOO_00_theoph_subject_01,population,one_compartment,Subj_01,theoph_subject_01,319.99199999999996,79.6,0.75,9.31021499633789,0.4581198890201293,0.4581169703798887,9,11,1,True,45,population_sigma0
LOO_00_theoph_subject_01,population,one_compartment,Subj_01,theoph_subject_01,319.99199999999996,79.6,1.0,9.31021499633789,0.3896371840619351,0.38963718406939907,11,11,1,True,45,population_sigma0
LOO_00_theoph_subject_01,population,two_compartment,Subj_01,theoph_subject_01,319.99199999999996,79.6,0.1,18.367956161499023,36.62925711472974,25.61873495340799,2,11,1,True,45,population_sigma0
LOO_00_theoph_subject_01,population,two_compartment,Subj_01,theoph_subject_01,319.99199999999996,79.6,0.2,18.367956161499023,18.357105155675452,18.357105201690818,3,11,1,True,45,population_sigma0
LOO_00_theoph_subject_01,population,two_compartment,Subj_01,theoph_subject_01,319.99199999999996,79.6,0.3,18.367956161499023,18.35710509590801,18.35710512539887,4,11,1,True,45,population_sigma0
LOO_00_theoph_subject_01,population,two_compartment,Subj_01,theoph_subject_01,319.99199999999996,79.6,0.45,18.367956161499023,18.35710508562809,18.357105133659374,5,11,1,True,45,population_sigma0
LOO_00_theoph_subject_01,population,two_compartment,Subj_01,theoph_subject_01,319.99199999999996,79.6,0.55,18.367956161499023,18.357105086613217,18.35710512449555,7,11,1,True,45,population_sigma0
LOO_00_theoph_subject_01,population,two_compartment,Subj_01,theoph_subject_01,319.99199999999996,79.6,0.75,18.367956161499023,18.35710508356986,18.35710516214351,9,11,1,True,45,population_sigma0
LOO_00_theoph_subject_01,population,two_compartment,Subj_01,theoph_subject_01,319.99199999999996,79.6,1.0,18.367956161499023,18.357105083552895,18.357105157136033,11,11,1,True,45,population_sigma0
LOO_01_theoph_subject_02,population,one_compartment,Subj_02,theoph_subject_02,318.56000000000006,72.4,0.1,1.2810382843017578,29.31497359237541,30.648750611494005,2,11,1,True,45,population_sigma0
LOO_01_theoph_subject_02,population,one_compartment,Subj_02,theoph_subject_02,318.56000000000006,72.4,0.2,1.2810382843017578,14130.667769015547,14096.830547015537,3,11,1,True,45,population_sigma0
LOO_01_theoph_subject_02,population,one_compartment,Subj_02,theoph_subject_02,318.56000000000006,72.4,0.3,1.2810382843017578,4.915454437137655,4.91565478722307,4,11,1,True,45,population_sigma0
LOO_01_theoph_subject_02,population,one_compartment,Subj_02,theoph_subject_02,318.56000000000006,72.4,0.45,1.2810382843017578,6.676208714364692,6.6762188549288615,5,11,1,True,45,population_sigma0
LOO_01_theoph_subject_02,population,one_compartment,Subj_02,theoph_subject_02,318.56000000000006,72.4,0.55,1.2810382843017578,1.1352506779644518,1.1352230099428573,7,11,1,True,45,population_sigma0
LOO_01_theoph_subject_02,population,one_compartment,Subj_02,theoph_subject_02,318.56000000000006,72.4,0.75,1.2810382843017578,0.814560641859969,0.8145610135043809,9,11,1,True,45,population_sigma0
LOO_01_theoph_subject_02,population,one_compartment,Subj_02,theoph_subject_02,318.56000000000006,72.4,1.0,1.2810382843017578,0.8134822109730369,0.8134822111089787,11,11,1,True,45,population_sigma0
LOO_01_theoph_subject_02,population,two_compartment,Subj_02,theoph_subject_02,318.56000000000006,72.4,0.1,10.051538467407227,28.14557313587577,27.6293019947891,2,11,1,True,45,population_sigma0
LOO_01_theoph_subject_02,population,two_compartment,Subj_02,theoph_subject_02,318.56000000000006,72.4,0.2,10.051538467407227,10.050043227055633,10.050043516311218,3,11,1,True,45,population_sigma0
LOO_01_theoph_subject_02,population,two_compartment,Subj_02,theoph_subject_02,318.56000000000006,72.4,0.3,10.051538467407227,10.050007502404274,10.050007504473022,4,11,1,True,45,population_sigma0
LOO_01_theoph_subject_02,population,two_compartment,Subj_02,theoph_subject_02,318.56000000000006,72.4,0.45,10.051538467407227,10.050007500314406,10.050007504353644,5,11,1,True,45,population_sigma0
LOO_01_theoph_subject_02,population,two_compartment,Subj_02,theoph_subject_02,318.56000000000006,72.4,0.55,10.051538467407227,10.050007500743511,10.050007504480844,7,11,1,True,45,population_sigma0
LOO_01_theoph_subject_02,population,two_compartment,Subj_02,theoph_subject_02,318.56000000000006,72.4,0.75,10.051538467407227,10.050007500499762,10.05000750433173,9,11,1,True,45,population_sigma0
LOO_01_theoph_subject_02,population,two_compartment,Subj_02,theoph_subject_02,318.56000000000006,72.4,1.0,10.051538467407227,10.050007500336394,10.050007504450369,11,11,1,True,45,population_sigma0
LOO_02_theoph_subject_03,population,one_compartment,Subj_03,theoph_subject_03,319.365,70.5,0.1,0.76810222864151,14.837804301912366,5.374473806461284,2,11,1,True,45,population_sigma0
LOO_02_theoph_subject_03,population,one_compartment,Subj_03,theoph_subject_03,319.365,70.5,0.2,0.76810222864151,12.398566236215606,0.16360786971792163,3,11,1,True,45,population_sigma0
LOO_02_theoph_subject_03,population,one_compartment,Subj_03,theoph_subject_03,319.365,70.5,0.3,0.76810222864151,0.572190023108232,0.5721899940567856,4,11,1,True,45,population_sigma0
LOO_02_theoph_subject_03,population,one_compartment,Subj_03,theoph_subject_03,319.365,70.5,0.45,0.76810222864151,2.2188425683799373,2.2188425846682627,5,11,1,True,45,population_sigma0
LOO_02_theoph_subject_03,population,one_compartment,Subj_03,theoph_subject_03,319.365,70.5,0.55,0.76810222864151,0.03988536450851681,0.03988537559703521,7,11,1,True,45,population_sigma0
LOO_02_theoph_subject_03,population,one_compartment,Subj_03,theoph_subject_03,319.365,70.5,0.75,0.76810222864151,0.043842726305138,0.04384272423253341,9,11,1,True,45,population_sigma0
LOO_02_theoph_subject_03,population,one_compartment,Subj_03,theoph_subject_03,319.365,70.5,1.0,0.76810222864151,0.0396612667064464,0.0396612667065063,11,11,1,True,45,population_sigma0
LOO_02_theoph_subject_03,population,two_compartment,Subj_03,theoph_subject_03,319.365,70.5,0.1,9.34471607208252,9.205188021671104,9.205188046499954,2,11,1,True,45,population_sigma0
LOO_02_theoph_subject_03,population,two_compartment,Subj_03,theoph_subject_03,319.365,70.5,0.2,9.34471607208252,9.205188023470797,9.205188047561375,3,11,1,True,45,population_sigma0
LOO_02_theoph_subject_03,population,two_compartment,Subj_03,theoph_subject_03,319.365,70.5,0.3,9.34471607208252,9.205188022204075,9.205188045981986,4,11,1,True,45,population_sigma0
LOO_02_theoph_subject_03,population,two_compartment,Subj_03,theoph_subject_03,319.365,70.5,0.45,9.34471607208252,9.205188022709406,9.205188059339902,5,11,1,True,45,population_sigma0
LOO_02_theoph_subject_03,population,two_compartment,Subj_03,theoph_subject_03,319.365,70.5,0.55,9.34471607208252,9.205188021559797,9.205188035704289,7,11,1,True,45,population_sigma0
LOO_02_theoph_subject_03,population,two_compartment,Subj_03,theoph_subject_03,319.365,70.5,0.75,9.34471607208252,9.205188020937898,9.205188040561794,9,11,1,True,45,population_sigma0
LOO_02_theoph_subject_03,population,two_compartment,Subj_03,theoph_subject_03,319.365,70.5,1.0,9.34471607208252,9.205188020774969,9.205188041557998,11,11,1,True,45,population_sigma0
LOO_03_theoph_subject_04,population,one_compartment,Subj_04,theoph_subject_04,319.88000000000005,72.7,0.1,1.0424079895019531,30.877848650696738,30.396293879205214,2,11,1,True,45,population_sigma0
LOO_03_theoph_subject_04,population,one_compartment,Subj_04,theoph_subject_04,319.88000000000005,72.7,0.2,1.0424079895019531,3918.7717699015575,3851.594581445414,3,11,1,True,45,population_sigma0
LOO_03_theoph_subject_04,population,one_compartment,Subj_04,theoph_subject_04,319.88000000000005,72.7,0.3,1.0424079895019531,4718.0388500390545,4719.12999969214,4,11,1,True,45,population_sigma0
LOO_03_theoph_subject_04,population,one_compartment,Subj_04,theoph_subject_04,319.88000000000005,72.7,0.45,1.0424079895019531,3.7395907097696424,3.7394041480645366,5,11,1,True,45,population_sigma0
LOO_03_theoph_subject_04,population,one_compartment,Subj_04,theoph_subject_04,319.88000000000005,72.7,0.55,1.0424079895019531,1.4694227470827224,1.4693573166791738,7,11,1,True,45,population_sigma0
LOO_03_theoph_subject_04,population,one_compartment,Subj_04,theoph_subject_04,319.88000000000005,72.7,0.75,1.0424079895019531,0.5276320408502136,0.5276296359554203,9,11,1,True,45,population_sigma0
LOO_03_theoph_subject_04,population,one_compartment,Subj_04,theoph_subject_04,319.88000000000005,72.7,1.0,1.0424079895019531,0.5210864185564371,0.5210864186403403,11,11,1,True,45,population_sigma0
LOO_03_theoph_subject_04,population,two_compartment,Subj_04,theoph_subject_04,319.88000000000005,72.7,0.1,9.840418815612793,29.225789627569835,29.272606679936917,2,11,1,True,45,population_sigma0
LOO_03_theoph_subject_04,population,two_compartment,Subj_04,theoph_subject_04,319.88000000000005,72.7,0.2,9.840418815612793,9.814652798318091,9.814653852178823,3,11,1,True,45,population_sigma0
LOO_03_theoph_subject_04,population,two_compartment,Subj_04,theoph_subject_04,319.88000000000005,72.7,0.3,9.840418815612793,9.809848281609572,9.80984833084782,4,11,1,True,45,population_sigma0
LOO_03_theoph_subject_04,population,two_compartment,Subj_04,theoph_subject_04,319.88000000000005,72.7,0.45,9.840418815612793,9.809848256118942,9.809848288643288,5,11,1,True,45,population_sigma0
LOO_03_theoph_subject_04,population,two_compartment,Subj_04,theoph_subject_04,319.88000000000005,72.7,0.55,9.840418815612793,9.809848253272628,9.809848288568602,7,11,1,True,45,population_sigma0
LOO_03_theoph_subject_04,population,two_compartment,Subj_04,theoph_subject_04,319.88000000000005,72.7,0.75,9.840418815612793,9.809848254434439,9.809848292457003,9,11,1,True,45,population_sigma0
LOO_03_theoph_subject_04,population,two_compartment,Subj_04,theoph_subject_04,319.88000000000005,72.7,1.0,9.840418815612793,9.809848253480736,9.809848288667208,11,11,1,True,45,population_sigma0
LOO_04_theoph_subject_05,population,one_compartment,Subj_05,theoph_subject_05,319.956,54.6,0.1,5.613142013549805,26.775438273497187,31.92434604506154,2,11,1,True,45,population_sigma0
LOO_04_theoph_subject_05,population,one_compartment,Subj_05,theoph_subject_05,319.956,54.6,0.2,5.613142013549805,7468.177247577231,7340.9173491520605,3,11,1,True,45,population_sigma0
LOO_04_theoph_subject_05,population,one_compartment,Subj_05,theoph_subject_05,319.956,54.6,0.3,5.613142013549805,9422.38098607909,9420.144728483427,4,11,1,True,45,population_sigma0
LOO_04_theoph_subject_05,population,one_compartment,Subj_05,theoph_subject_05,319.956,54.6,0.45,5.613142013549805,8.877427985741603,8.877603337918105,5,11,1,True,45,population_sigma0
LOO_04_theoph_subject_05,population,one_compartment,Subj_05,theoph_subject_05,319.956,54.6,0.55,5.613142013549805,2.514924129177201,2.5149159505241707,7,11,1,True,45,population_sigma0
LOO_04_theoph_subject_05,population,one_compartment,Subj_05,theoph_subject_05,319.956,54.6,0.75,5.613142013549805,1.2251737171872379,1.2251732179546726,9,11,1,True,45,population_sigma0
LOO_04_theoph_subject_05,population,one_compartment,Subj_05,theoph_subject_05,319.956,54.6,1.0,5.613142013549805,1.2239517887189648,1.223951788875379,11,11,1,True,45,population_sigma0
LOO_04_theoph_subject_05,population,two_compartment,Subj_05,theoph_subject_05,319.956,54.6,0.1,17.104103088378906,41.21476737326713,40.84480583026913,2,11,1,True,45,population_sigma0
LOO_04_theoph_subject_05,population,two_compartment,Subj_05,theoph_subject_05,319.956,54.6,0.2,17.104103088378906,17.087131308231584,17.08713090976726,3,11,1,True,45,population_sigma0
LOO_04_theoph_subject_05,population,two_compartment,Subj_05,theoph_subject_05,319.956,54.6,0.3,17.104103088378906,17.086621451509686,17.08662149066251,4,11,1,True,45,population_sigma0
LOO_04_theoph_subject_05,population,two_compartment,Subj_05,theoph_subject_05,319.956,54.6,0.45,17.104103088378906,17.086621451973244,17.086621490705404,5,11,1,True,45,population_sigma0
LOO_04_theoph_subject_05,population,two_compartment,Subj_05,theoph_subject_05,319.956,54.6,0.55,17.104103088378906,17.08662145033273,17.08662149073911,7,11,1,True,45,population_sigma0
LOO_04_theoph_subject_05,population,two_compartment,Subj_05,theoph_subject_05,319.956,54.6,0.75,17.104103088378906,17.086621446852522,17.08662149093502,9,11,1,True,45,population_sigma0
LOO_04_theoph_subject_05,population,two_compartment,Subj_05,theoph_subject_05,319.956,54.6,1.0,17.104103088378906,17.08662144925263,17.086621491968433,11,11,1,True,45,population_sigma0
LOO_05_theoph_subject_06,population,one_compartment,Subj_06,theoph_subject_06,320.0,80.0,0.1,10.182443618774414,16.24350686998089,16.137194738278673,2,11,1,True,45,population_sigma0
LOO_05_theoph_subject_06,population,one_compartment,Subj_06,theoph_subject_06,320.0,80.0,0.2,10.182443618774414,2043.3059020723165,2012.8129264696065,3,11,1,True,45,population_sigma0
LOO_05_theoph_subject_06,population,one_compartment,Subj_06,theoph_subject_06,320.0,80.0,0.3,10.182443618774414,2290.3833462513717,2255.2387854982767,4,11,1,True,45,population_sigma0
LOO_05_theoph_subject_06,population,one_compartment,Subj_06,theoph_subject_06,320.0,80.0,0.45,10.182443618774414,1.287555380602401,1.287439824128388,5,11,1,True,45,population_sigma0
LOO_05_theoph_subject_06,population,one_compartment,Subj_06,theoph_subject_06,320.0,80.0,0.55,10.182443618774414,0.8215216514859616,0.821536539458963,7,11,1,True,45,population_sigma0
LOO_05_theoph_subject_06,population,one_compartment,Subj_06,theoph_subject_06,320.0,80.0,0.75,10.182443618774414,0.24111873873436204,0.24111871813427158,9,11,1,True,45,population_sigma0
LOO_05_theoph_subject_06,population,one_compartment,Subj_06,theoph_subject_06,320.0,80.0,1.0,10.182443618774414,0.22220365615485632,0.22220365619895077,11,11,1,True,45,population_sigma0
LOO_05_theoph_subject_06,population,two_compartment,Subj_06,theoph_subject_06,320.0,80.0,0.1,3.4365193843841553,15.611569149852118,15.810021925032288,2,11,1,True,45,population_sigma0
LOO_05_theoph_subject_06,population,two_compartment,Subj_06,theoph_subject_06,320.0,80.0,0.2,3.4365193843841553,3.2795857194832916,3.2795838981514405,3,11,1,True,45,population_sigma0
LOO_05_theoph_subject_06,population,two_compartment,Subj_06,theoph_subject_06,320.0,80.0,0.3,3.4365193843841553,3.24643860255272,3.2464382575153863,4,11,1,True,45,population_sigma0
LOO_05_theoph_subject_06,population,two_compartment,Subj_06,theoph_subject_06,320.0,80.0,0.45,3.4365193843841553,3.246403241436083,3.246403106218736,5,11,1,True,45,population_sigma0
LOO_05_theoph_subject_06,population,two_compartment,Subj_06,theoph_subject_06,320.0,80.0,0.55,3.4365193843841553,3.2464032419945443,3.246403244834963,7,11,1,True,45,population_sigma0
LOO_05_theoph_subject_06,population,two_compartment,Subj_06,theoph_subject_06,320.0,80.0,0.75,3.4365193843841553,3.24640324209898,3.2464032486428693,9,11,1,True,45,population_sigma0
LOO_05_theoph_subject_06,population,two_compartment,Subj_06,theoph_subject_06,320.0,80.0,1.0,3.4365193843841553,3.1997029913934454,3.199702991396161,11,11,1,True,45,population_sigma0
LOO_06_theoph_subject_07,population,one_compartment,Subj_07,theoph_subject_07,319.77,64.6,0.1,4.79343843460083,15.498126981942669,20.734195167934093,2,11,1,True,45,population_sigma0
LOO_06_theoph_subject_07,population,one_compartment,Subj_07,theoph_subject_07,319.77,64.6,0.2,4.79343843460083,1455.890013501321,1455.260150277768,3,11,1,True,45,population_sigma0
LOO_06_theoph_subject_07,population,one_compartment,Subj_07,theoph_subject_07,319.77,64.6,0.3,4.79343843460083,1721.8991233194902,1722.100592476785,4,11,1,True,45,population_sigma0
LOO_06_theoph_subject_07,population,one_compartment,Subj_07,theoph_subject_07,319.77,64.6,0.45,4.79343843460083,0.3705092694215281,0.37051037030739753,5,11,1,True,45,population_sigma0
LOO_06_theoph_subject_07,population,one_compartment,Subj_07,theoph_subject_07,319.77,64.6,0.55,4.79343843460083,0.41067988377874687,0.4106800629502148,7,11,1,True,45,population_sigma0
LOO_06_theoph_subject_07,population,one_compartment,Subj_07,theoph_subject_07,319.77,64.6,0.75,4.79343843460083,0.14750164959319687,0.1475022632478525,9,11,1,True,45,population_sigma0
LOO_06_theoph_subject_07,population,one_compartment,Subj_07,theoph_subject_07,319.77,64.6,1.0,4.79343843460083,0.09059610784292192,0.09059610784343161,11,11,1,True,45,population_sigma0
LOO_06_theoph_subject_07,population,two_compartment,Subj_07,theoph_subject_07,319.77,64.6,0.1,5.174469470977783,20.719317293121197,20.381460131067197,2,11,1,True,45,population_sigma0
LOO_06_theoph_subject_07,population,two_compartment,Subj_07,theoph_subject_07,319.77,64.6,0.2,5.174469470977783,4.931769107318514,4.931767626720138,3,11,1,True,45,population_sigma0
LOO_06_theoph_subject_07,population,two_compartment,Subj_07,theoph_subject_07,319.77,64.6,0.3,5.174469470977783,4.836657393455817,4.836657230692066,4,11,1,True,45,population_sigma0
LOO_06_theoph_subject_07,population,two_compartment,Subj_07,theoph_subject_07,319.77,64.6,0.45,5.174469470977783,4.836068124653738,4.836068143737806,5,11,1,True,45,population_sigma0
LOO_06_theoph_subject_07,population,two_compartment,Subj_07,theoph_subject_07,319.77,64.6,0.55,5.174469470977783,4.836067852901423,4.836067854630408,7,11,1,True,45,population_sigma0
LOO_06_theoph_subject_07,population,two_compartment,Subj_07,theoph_subject_07,319.77,64.6,0.75,5.174469470977783,4.836067852416315,4.836067855152753,9,11,1,True,45,population_sigma0
LOO_06_theoph_subject_07,population,two_compartment,Subj_07,theoph_subject_07,319.77,64.6,1.0,5.174469470977783,4.836067852511347,4.836067860540623,11,11,1,True,45,population_sigma0
LOO_07_theoph_subject_08,population,one_compartment,Subj_08,theoph_subject_08,319.365,70.5,0.1,0.969360888004303,11.646105440012565,10.99758102548978,2,11,1,True,45,population_sigma0
LOO_07_theoph_subject_08,population,one_compartment,Subj_08,theoph_subject_08,319.365,70.5,0.2,0.969360888004303,19.68099718989384,19.614942016220287,3,11,1,True,45,population_sigma0
LOO_07_theoph_subject_08,population,one_compartment,Subj_08,theoph_subject_08,319.365,70.5,0.3,0.969360888004303,536.3088353604139,536.2099883987458,4,11,1,True,45,population_sigma0
LOO_07_theoph_subject_08,population,one_compartment,Subj_08,theoph_subject_08,319.365,70.5,0.45,0.969360888004303,3.392154368423453,3.392194726901084,5,11,1,True,45,population_sigma0
LOO_07_theoph_subject_08,population,one_compartment,Subj_08,theoph_subject_08,319.365,70.5,0.55,0.969360888004303,0.632411317517069,0.6324048213203108,7,11,1,True,45,population_sigma0
LOO_07_theoph_subject_08,population,one_compartment,Subj_08,theoph_subject_08,319.365,70.5,0.75,0.969360888004303,0.33497876625378287,0.33497875791199583,9,11,1,True,45,population_sigma0
LOO_07_theoph_subject_08,population,one_compartment,Subj_08,theoph_subject_08,319.365,70.5,1.0,0.969360888004303,0.3348500780975378,0.3348500781344932,11,11,1,True,45,population_sigma0
LOO_07_theoph_subject_08,population,two_compartment,Subj_08,theoph_subject_08,319.365,70.5,0.1,5.722679615020752,12.237100203281477,11.102598535134055,2,11,1,True,45,population_sigma0
LOO_07_theoph_subject_08,population,two_compartment,Subj_08,theoph_subject_08,319.365,70.5,0.2,5.722679615020752,8.870286376267632,8.548152611471814,3,11,1,True,45,population_sigma0
LOO_07_theoph_subject_08,population,two_compartment,Subj_08,theoph_subject_08,319.365,70.5,0.3,5.722679615020752,5.713662347211437,5.7136623474589685,4,11,1,True,45,population_sigma0
LOO_07_theoph_subject_08,population,two_compartment,Subj_08,theoph_subject_08,319.365,70.5,0.45,5.722679615020752,5.713662347153002,5.713662350965685,5,11,1,True,45,population_sigma0
LOO_07_theoph_subject_08,population,two_compartment,Subj_08,theoph_subject_08,319.365,70.5,0.55,5.722679615020752,5.71366234700201,5.713662382626679,7,11,1,True,45,population_sigma0
LOO_07_theoph_subject_08,population,two_compartment,Subj_08,theoph_subject_08,319.365,70.5,0.75,5.722679615020752,5.713662346945542,5.713662419977846,9,11,1,True,45,population_sigma0
LOO_07_theoph_subject_08,population,two_compartment,Subj_08,theoph_subject_08,319.365,70.5,1.0,5.722679615020752,5.713662346892917,5.713662350395056,11,11,1,True,45,population_sigma0
LOO_08_theoph_subject_09,population,one_compartment,Subj_09,theoph_subject_09,267.84000000000003,86.4,0.1,20.264257431030273,4.737724406913613,16.1321453947887,2,11,1,True,45,population_sigma0
LOO_08_theoph_subject_09,population,one_compartment,Subj_09,theoph_subject_09,267.84000000000003,86.4,0.2,20.264257431030273,1.0007457437114509,7.67005299177767,3,11,1,True,45,population_sigma0
LOO_08_theoph_subject_09,population,one_compartment,Subj_09,theoph_subject_09,267.84000000000003,86.4,0.3,20.264257431030273,10.891037600434105,10.891039386687106,4,11,1,True,45,population_sigma0
LOO_08_theoph_subject_09,population,one_compartment,Subj_09,theoph_subject_09,267.84000000000003,86.4,0.45,20.264257431030273,3.16768457397127,3.1676554854048273,5,11,1,True,45,population_sigma0
LOO_08_theoph_subject_09,population,one_compartment,Subj_09,theoph_subject_09,267.84000000000003,86.4,0.55,20.264257431030273,0.2854695812753883,0.28546691787303974,7,11,1,True,45,population_sigma0
LOO_08_theoph_subject_09,population,one_compartment,Subj_09,theoph_subject_09,267.84000000000003,86.4,0.75,20.264257431030273,0.23003807787401234,0.230037539952866,9,11,1,True,45,population_sigma0
LOO_08_theoph_subject_09,population,one_compartment,Subj_09,theoph_subject_09,267.84000000000003,86.4,1.0,20.264257431030273,0.22625944681965057,0.22625944693761949,11,11,1,True,45,population_sigma0
LOO_08_theoph_subject_09,population,two_compartment,Subj_09,theoph_subject_09,267.84000000000003,86.4,0.1,11.231366157531738,10.962020155952557,10.962020168109122,2,11,1,True,45,population_sigma0
LOO_08_theoph_subject_09,population,two_compartment,Subj_09,theoph_subject_09,267.84000000000003,86.4,0.2,11.231366157531738,10.96202014836043,10.96202016996211,3,11,1,True,45,population_sigma0
LOO_08_theoph_subject_09,population,two_compartment,Subj_09,theoph_subject_09,267.84000000000003,86.4,0.3,11.231366157531738,10.962020147196862,10.962020169853217,4,11,1,True,45,population_sigma0
LOO_08_theoph_subject_09,population,two_compartment,Subj_09,theoph_subject_09,267.84000000000003,86.4,0.45,11.231366157531738,10.96202014858045,10.962020169474338,5,11,1,True,45,population_sigma0
LOO_08_theoph_subject_09,population,two_compartment,Subj_09,theoph_subject_09,267.84000000000003,86.4,0.55,11.231366157531738,10.962020146756425,10.962020167568939,7,11,1,True,45,population_sigma0
LOO_08_theoph_subject_09,population,two_compartment,Subj_09,theoph_subject_09,267.84000000000003,86.4,0.75,11.231366157531738,10.96202014765333,10.96202015828494,9,11,1,True,45,population_sigma0
LOO_08_theoph_subject_09,population,two_compartment,Subj_09,theoph_subject_09,267.84000000000003,86.4,1.0,11.231366157531738,10.962020145772732,10.962020174832444,11,11,1,True,45,population_sigma0
LOO_09_theoph_subject_10,population,one_compartment,Subj_10,theoph_subject_10,320.1,58.2,0.1,2.6592330932617188,27.020029470087056,42.123223066144924,2,11,1,True,45,population_sigma0
LOO_09_theoph_subject_10,population,one_compartment,Subj_10,theoph_subject_10,320.1,58.2,0.2,2.6592330932617188,15.1293848802331,13.601686519023344,3,11,1,True,45,population_sigma0
LOO_09_theoph_subject_10,population,one_compartment,Subj_10,theoph_subject_10,320.1,58.2,0.3,2.6592330932617188,17.9082895803919,17.90828970194692,4,11,1,True,45,population_sigma0
LOO_09_theoph_subject_10,population,one_compartment,Subj_10,theoph_subject_10,320.1,58.2,0.45,2.6592330932617188,11.110818981682534,11.110914330750388,5,11,1,True,45,population_sigma0
LOO_09_theoph_subject_10,population,one_compartment,Subj_10,theoph_subject_10,320.1,58.2,0.55,2.6592330932617188,1.0453040761201764,1.045232000912057,7,11,1,True,45,population_sigma0
LOO_09_theoph_subject_10,population,one_compartment,Subj_10,theoph_subject_10,320.1,58.2,0.75,2.6592330932617188,0.12698270271735895,0.1269828733789288,9,11,1,True,45,population_sigma0
LOO_09_theoph_subject_10,population,one_compartment,Subj_10,theoph_subject_10,320.1,58.2,1.0,2.6592330932617188,0.12285474971308315,0.12285474971308599,11,11,1,True,45,population_sigma0
LOO_09_theoph_subject_10,population,two_compartment,Subj_10,theoph_subject_10,320.1,58.2,0.1,15.121399879455566,19.063459416535935,29.294153407472233,2,11,1,True,45,population_sigma0
LOO_09_theoph_subject_10,population,two_compartment,Subj_10,theoph_subject_10,320.1,58.2,0.2,15.121399879455566,15.116408229283847,15.116407424663947,3,11,1,True,45,population_sigma0
LOO_09_theoph_subject_10,population,two_compartment,Subj_10,theoph_subject_10,320.1,58.2,0.3,15.121399879455566,15.116344667547821,15.116344758043704,4,11,1,True,45,population_sigma0
LOO_09_theoph_subject_10,population,two_compartment,Subj_10,theoph_subject_10,320.1,58.2,0.45,15.121399879455566,15.116344665249478,15.116344757588012,5,11,1,True,45,population_sigma0
LOO_09_theoph_subject_10,population,two_compartment,Subj_10,theoph_subject_10,320.1,58.2,0.55,15.121399879455566,15.116344663223636,15.116344704632096,7,11,1,True,45,population_sigma0
LOO_09_theoph_subject_10,population,two_compartment,Subj_10,theoph_subject_10,320.1,58.2,0.75,15.121399879455566,15.116344666963135,15.116344816844066,9,11,1,True,45,population_sigma0
LOO_09_theoph_subject_10,population,two_compartment,Subj_10,theoph_subject_10,320.1,58.2,1.0,15.121399879455566,15.116344665150514,15.116344707332019,11,11,1,True,45,population_sigma0
LOO_10_theoph_subject_11,population,one_compartment,Subj_11,theoph_subject_11,319.8,65.0,0.1,4.0314531326293945,3.583804468868398,9.306162769682562,2,11,1,True,45,population_sigma0
LOO_10_theoph_subject_11,population,one_compartment,Subj_11,theoph_subject_11,319.8,65.0,0.2,4.0314531326293945,0.4380451116661759,0.44008415957994224,3,11,1,True,45,population_sigma0
LOO_10_theoph_subject_11,population,one_compartment,Subj_11,theoph_subject_11,319.8,65.0,0.3,4.0314531326293945,8.074920753518363,8.074920344276764,4,11,1,True,45,population_sigma0
LOO_10_theoph_subject_11,population,one_compartment,Subj_11,theoph_subject_11,319.8,65.0,0.45,4.0314531326293945,2.1714289403871927,2.171428076190992,5,11,1,True,45,population_sigma0
LOO_10_theoph_subject_11,population,one_compartment,Subj_11,theoph_subject_11,319.8,65.0,0.55,4.0314531326293945,0.09181395014780434,0.09181367173513122,7,11,1,True,45,population_sigma0
LOO_10_theoph_subject_11,population,one_compartment,Subj_11,theoph_subject_11,319.8,65.0,0.75,4.0314531326293945,0.039387993661521195,0.03938798846606488,9,11,1,True,45,population_sigma0
LOO_10_theoph_subject_11,population,one_compartment,Subj_11,theoph_subject_11,319.8,65.0,1.0,4.0314531326293945,0.038746928029070565,0.038746928029323974,11,11,1,True,45,population_sigma0
LOO_10_theoph_subject_11,population,two_compartment,Subj_11,theoph_subject_11,319.8,65.0,0.1,7.1710524559021,6.718519999244558,6.718519970893431,2,11,1,True,45,population_sigma0
LOO_10_theoph_subject_11,population,two_compartment,Subj_11,theoph_subject_11,319.8,65.0,0.2,7.1710524559021,6.718519998440152,6.718519990542802,3,11,1,True,45,population_sigma0
LOO_10_theoph_subject_11,population,two_compartment,Subj_11,theoph_subject_11,319.8,65.0,0.3,7.1710524559021,6.7185199968087375,6.718519991857949,4,11,1,True,45,population_sigma0
LOO_10_theoph_subject_11,population,two_compartment,Subj_11,theoph_subject_11,319.8,65.0,0.45,7.1710524559021,6.718519999315602,6.718519996955522,5,11,1,True,45,population_sigma0
LOO_10_theoph_subject_11,population,two_compartment,Subj_11,theoph_subject_11,319.8,65.0,0.55,7.1710524559021,6.718519999338679,6.71852000345246,7,11,1,True,45,population_sigma0
LOO_10_theoph_subject_11,population,two_compartment,Subj_11,theoph_subject_11,319.8,65.0,0.75,7.1710524559021,6.718519999500535,6.7185199928774235,9,11,1,True,45,population_sigma0
LOO_10_theoph_subject_11,population,two_compartment,Subj_11,theoph_subject_11,319.8,65.0,1.0,7.1710524559021,6.69972183190603,6.699721845980204,11,11,1,True,45,population_sigma0
LOO_11_theoph_subject_12,population,one_compartment,Subj_12,theoph_subject_12,320.65,60.5,0.1,1.381700038909912,39.56619371992888,38.40218859350488,2,11,1,True,45,population_sigma0
LOO_11_theoph_subject_12,population,one_compartment,Subj_12,theoph_subject_12,320.65,60.5,0.2,1.381700038909912,4060.578326553466,3991.1798653977694,3,11,1,True,45,population_sigma0
LOO_11_theoph_subject_12,population,one_compartment,Subj_12,theoph_subject_12,320.65,60.5,0.3,1.381700038909912,4491.962493815442,4420.414639268265,4,11,1,True,45,population_sigma0
LOO_11_theoph_subject_12,population,one_compartment,Subj_12,theoph_subject_12,320.65,60.5,0.45,1.381700038909912,1.4518514314617048,1.4517560960902969,5,11,1,True,45,population_sigma0
LOO_11_theoph_subject_12,population,one_compartment,Subj_12,theoph_subject_12,320.65,60.5,0.55,1.381700038909912,1.254381925087305,1.2543953228189262,7,11,1,True,45,population_sigma0
LOO_11_theoph_subject_12,population,one_compartment,Subj_12,theoph_subject_12,320.65,60.5,0.75,1.381700038909912,0.2785238979186605,0.27852247952161296,9,11,1,True,45,population_sigma0
LOO_11_theoph_subject_12,population,one_compartment,Subj_12,theoph_subject_12,320.65,60.5,1.0,1.381700038909912,0.25538156508093807,0.2553815650947349,11,11,1,True,45,population_sigma0
LOO_11_theoph_subject_12,population,two_compartment,Subj_12,theoph_subject_12,320.65,60.5,0.1,14.981661796569824,39.738720524408315,39.072354084683475,2,11,1,True,45,population_sigma0
LOO_11_theoph_subject_12,population,two_compartment,Subj_12,theoph_subject_12,320.65,60.5,0.2,14.981661796569824,14.879006207131221,14.879010889043474,3,11,1,True,45,population_sigma0
LOO_11_theoph_subject_12,population,two_compartment,Subj_12,theoph_subject_12,320.65,60.5,0.3,14.981661796569824,14.86290057241495,14.86290038006954,4,11,1,True,45,population_sigma0
LOO_11_theoph_subject_12,population,two_compartment,Subj_12,theoph_subject_12,320.65,60.5,0.45,14.981661796569824,14.862898595679225,14.862898639606401,5,11,1,True,45,population_sigma0
LOO_11_theoph_subject_12,population,two_compartment,Subj_12,theoph_subject_12,320.65,60.5,0.55,14.981661796569824,14.862898590758391,14.862898645313974,7,11,1,True,45,population_sigma0
LOO_11_theoph_subject_12,population,two_compartment,Subj_12,theoph_subject_12,320.65,60.5,0.75,14.981661796569824,14.862898588268491,14.862898655531152,9,11,1,True,45,population_sigma0
LOO_11_theoph_subject_12,population,two_compartment,Subj_12,theoph_subject_12,320.65,60.5,1.0,14.981661796569824,14.862898589280887,14.862898639167089,11,11,1,True,45,population_sigma0
LOO_00_theoph_subject_01,population,one_compartment,Subj_01,theoph_subject_01,319.99199999999996,79.6,0.1,9.344308853149414,20.98100756756931,6.602700922825213,2,11,1,True,46,population_sigma0
LOO_00_theoph_subject_01,population,one_compartment,Subj_01,theoph_subject_01,319.99199999999996,79.6,0.2,9.344308853149414,10102.489229305911,10102.277528722894,3,11,1,True,46,population_sigma0
LOO_00_theoph_subject_01,population,one_compartment,Subj_01,theoph_subject_01,319.99199999999996,79.6,0.3,9.344308853149414,11.085743047735235,11.08566073013287,4,11,1,True,46,population_sigma0
LOO_00_theoph_subject_01,population,one_compartment,Subj_01,theoph_subject_01,319.99199999999996,79.6,0.45,9.344308853149414,13.085365966681882,13.085481792053402,5,11,1,True,46,population_sigma0
LOO_00_theoph_subject_01,population,one_compartment,Subj_01,theoph_subject_01,319.99199999999996,79.6,0.55,9.344308853149414,1.4560052548531055,1.455923955346018,7,11,1,True,46,population_sigma0
LOO_00_theoph_subject_01,population,one_compartment,Subj_01,theoph_subject_01,319.99199999999996,79.6,0.75,9.344308853149414,0.45812219217068706,0.4581169133772071,9,11,1,True,46,population_sigma0
LOO_00_theoph_subject_01,population,one_compartment,Subj_01,theoph_subject_01,319.99199999999996,79.6,1.0,9.344308853149414,0.3896371840276276,0.38963718407443343,11,11,1,True,46,population_sigma0
LOO_00_theoph_subject_01,population,two_compartment,Subj_01,theoph_subject_01,319.99199999999996,79.6,0.1,18.36376190185547,36.389967300278045,30.175333303563104,2,11,1,True,46,population_sigma0
LOO_00_theoph_subject_01,population,two_compartment,Subj_01,theoph_subject_01,319.99199999999996,79.6,0.2,18.36376190185547,18.357105158954163,18.357105187206137,3,11,1,True,46,population_sigma0
LOO_00_theoph_subject_01,population,two_compartment,Subj_01,theoph_subject_01,319.99199999999996,79.6,0.3,18.36376190185547,18.357105086709183,18.357105122252918,4,11,1,True,46,population_sigma0
LOO_00_theoph_subject_01,population,two_compartment,Subj_01,theoph_subject_01,319.99199999999996,79.6,0.45,18.36376190185547,18.35710508666011,18.357105130638985,5,11,1,True,46,population_sigma0
LOO_00_theoph_subject_01,population,two_compartment,Subj_01,theoph_subject_01,319.99199999999996,79.6,0.55,18.36376190185547,18.357105083232728,18.35710512756227,7,11,1,True,46,population_sigma0
LOO_00_theoph_subject_01,population,two_compartment,Subj_01,theoph_subject_01,319.99199999999996,79.6,0.75,18.36376190185547,18.357105083946692,18.357105131323593,9,11,1,True,46,population_sigma0
LOO_00_theoph_subject_01,population,two_compartment,Subj_01,theoph_subject_01,319.99199999999996,79.6,1.0,18.36376190185547,18.357105082601244,18.35710512210452,11,11,1,True,46,population_sigma0
LOO_01_theoph_subject_02,population,one_compartment,Subj_02,theoph_subject_02,318.56000000000006,72.4,0.1,1.2463135719299316,17.847695238446214,30.646497573039884,2,11,1,True,46,population_sigma0
LOO_01_theoph_subject_02,population,one_compartment,Subj_02,theoph_subject_02,318.56000000000006,72.4,0.2,1.2463135719299316,14130.812271812987,13897.996357413744,3,11,1,True,46,population_sigma0
LOO_01_theoph_subject_02,population,one_compartment,Subj_02,theoph_subject_02,318.56000000000006,72.4,0.3,1.2463135719299316,4.915611405591149,4.915538673589152,4,11,1,True,46,population_sigma0
LOO_01_theoph_subject_02,population,one_compartment,Subj_02,theoph_subject_02,318.56000000000006,72.4,0.45,1.2463135719299316,6.676151577881177,6.676280753444021,5,11,1,True,46,population_sigma0
LOO_01_theoph_subject_02,population,one_compartment,Subj_02,theoph_subject_02,318.56000000000006,72.4,0.55,1.2463135719299316,1.1352615550094407,1.135222768847003,7,11,1,True,46,population_sigma0
LOO_01_theoph_subject_02,population,one_compartment,Subj_02,theoph_subject_02,318.56000000000006,72.4,0.75,1.2463135719299316,0.8145596071685156,0.8145610470348745,9,11,1,True,46,population_sigma0
LOO_01_theoph_subject_02,population,one_compartment,Subj_02,theoph_subject_02,318.56000000000006,72.4,1.0,1.2463135719299316,0.8134822109265312,0.8134822111326944,11,11,1,True,46,population_sigma0
LOO_01_theoph_subject_02,population,two_compartment,Subj_02,theoph_subject_02,318.56000000000006,72.4,0.1,10.051128387451172,28.05267012828226,27.613875396487664,2,11,1,True,46,population_sigma0
LOO_01_theoph_subject_02,population,two_compartment,Subj_02,theoph_subject_02,318.56000000000006,72.4,0.2,10.051128387451172,10.050043231765668,10.050042620130286,3,11,1,True,46,population_sigma0
LOO_01_theoph_subject_02,population,two_compartment,Subj_02,theoph_subject_02,318.56000000000006,72.4,0.3,10.051128387451172,10.050007501057875,10.050007510083868,4,11,1,True,46,population_sigma0
LOO_01_theoph_subject_02,population,two_compartment,Subj_02,theoph_subject_02,318.56000000000006,72.4,0.45,10.051128387451172,10.050007500928244,10.050007529765603,5,11,1,True,46,population_sigma0
LOO_01_theoph_subject_02,population,two_compartment,Subj_02,theoph_subject_02,318.56000000000006,72.4,0.55,10.051128387451172,10.05000750000505,10.050007508006159,7,11,1,True,46,population_sigma0
LOO_01_theoph_subject_02,population,two_compartment,Subj_02,theoph_subject_02,318.56000000000006,72.4,0.75,10.051128387451172,10.050007500166261,10.050007504161362,9,11,1,True,46,population_sigma0
LOO_01_theoph_subject_02,population,two_compartment,Subj_02,theoph_subject_02,318.56000000000006,72.4,1.0,10.051128387451172,10.050007499927373,10.050007502865034,11,11,1,True,46,population_sigma0
LOO_02_theoph_subject_03,population,one_compartment,Subj_03,theoph_subject_03,319.365,70.5,0.1,0.6765981316566467,24.368587302765295,0.17943196990256882,2,11,1,True,46,population_sigma0
LOO_02_theoph_subject_03,population,one_compartment,Subj_03,theoph_subject_03,319.365,70.5,0.2,0.6765981316566467,4.93397713734053,0.09569547146824996,3,11,1,True,46,population_sigma0
LOO_02_theoph_subject_03,population,one_compartment,Subj_03,theoph_subject_03,319.365,70.5,0.3,0.6765981316566467,0.572190023108374,0.5721900231082837,4,11,1,True,46,population_sigma0
LOO_02_theoph_subject_03,population,one_compartment,Subj_03,theoph_subject_03,319.365,70.5,0.45,0.6765981316566467,2.2188425882102703,2.218842601460087,5,11,1,True,46,population_sigma0
LOO_02_theoph_subject_03,population,one_compartment,Subj_03,theoph_subject_03,319.365,70.5,0.55,0.6765981316566467,0.03988536363212555,0.03988537404503292,7,11,1,True,46,population_sigma0
LOO_02_theoph_subject_03,population,one_compartment,Subj_03,theoph_subject_03,319.365,70.5,0.75,0.6765981316566467,0.043842726355503146,0.04384276990573277,9,11,1,True,46,population_sigma0
LOO_02_theoph_subject_03,population,one_compartment,Subj_03,theoph_subject_03,319.365,70.5,1.0,0.6765981316566467,0.0396612667064479,0.039661266706504966,11,11,1,True,46,population_sigma0
LOO_02_theoph_subject_03,population,two_compartment,Subj_03,theoph_subject_03,319.365,70.5,0.1,9.352425575256348,9.20518802171551,9.205188047141602,2,11,1,True,46,population_sigma0
LOO_02_theoph_subject_03,population,two_compartment,Subj_03,theoph_subject_03,319.365,70.5,0.2,9.352425575256348,9.205188022588509,9.205188046650763,3,11,1,True,46,population_sigma0
LOO_02_theoph_subject_03,population,two_compartment,Subj_03,theoph_subject_03,319.365,70.5,0.3,9.352425575256348,9.205188024093857,9.205188047160462,4,11,1,True,46,population_sigma0
LOO_02_theoph_subject_03,population,two_compartment,Subj_03,theoph_subject_03,319.365,70.5,0.45,9.352425575256348,9.20518802282033,9.205188065702291,5,11,1,True,46,population_sigma0
LOO_02_theoph_subject_03,population,two_compartment,Subj_03,theoph_subject_03,319.365,70.5,0.55,9.352425575256348,9.205188020951896,9.20518803815771,7,11,1,True,46,population_sigma0
LOO_02_theoph_subject_03,population,two_compartment,Subj_03,theoph_subject_03,319.365,70.5,0.75,9.352425575256348,9.205188021074077,9.205188040120406,9,11,1,True,46,population_sigma0
LOO_02_theoph_subject_03,population,two_compartment,Subj_03,theoph_subject_03,319.365,70.5,1.0,9.352425575256348,9.2051880206993,9.205188051894003,11,11,1,True,46,population_sigma0
LOO_03_theoph_subject_04,population,one_compartment,Subj_04,theoph_subject_04,319.88000000000005,72.7,0.1,1.0055612325668335,30.15600927069196,30.428765236495497,2,11,1,True,46,population_sigma0
LOO_03_theoph_subject_04,population,one_compartment,Subj_04,theoph_subject_04,319.88000000000005,72.7,0.2,1.0055612325668335,3919.188960324891,3918.679938184572,3,11,1,True,46,population_sigma0
LOO_03_theoph_subject_04,population,one_compartment,Subj_04,theoph_subject_04,319.88000000000005,72.7,0.3,1.0055612325668335,4718.354225959898,4717.315466133222,4,11,1,True,46,population_sigma0
LOO_03_theoph_subject_04,population,one_compartment,Subj_04,theoph_subject_04,319.88000000000005,72.7,0.45,1.0055612325668335,3.73945688672064,3.7393865975109843,5,11,1,True,46,population_sigma0
LOO_03_theoph_subject_04,population,one_compartment,Subj_04,theoph_subject_04,319.88000000000005,72.7,0.55,1.0055612325668335,1.4694135301076385,1.4693779714987307,7,11,1,True,46,population_sigma0
LOO_03_theoph_subject_04,population,one_compartment,Subj_04,theoph_subject_04,319.88000000000005,72.7,0.75,1.0055612325668335,0.5276326728421729,0.5276302469117335,9,11,1,True,46,population_sigma0
LOO_03_theoph_subject_04,population,one_compartment,Subj_04,theoph_subject_04,319.88000000000005,72.7,1.0,1.0055612325668335,0.5210864185677537,0.5210864185936817,11,11,1,True,46,population_sigma0
LOO_03_theoph_subject_04,population,two_compartment,Subj_04,theoph_subject_04,319.88000000000005,72.7,0.1,9.840094566345215,27.04621692189944,29.26836981963462,2,11,1,True,46,population_sigma0
LOO_03_theoph_subject_04,population,two_compartment,Subj_04,theoph_subject_04,319.88000000000005,72.7,0.2,9.840094566345215,9.81465207480255,9.814652638194211,3,11,1,True,46,population_sigma0
LOO_03_theoph_subject_04,population,two_compartment,Subj_04,theoph_subject_04,319.88000000000005,72.7,0.3,9.840094566345215,9.80984829483541,9.809848325266339,4,11,1,True,46,population_sigma0
LOO_03_theoph_subject_04,population,two_compartment,Subj_04,theoph_subject_04,319.88000000000005,72.7,0.45,9.840094566345215,9.809848258214062,9.809848288643762,5,11,1,True,46,population_sigma0
LOO_03_theoph_subject_04,population,two_compartment,Subj_04,theoph_subject_04,319.88000000000005,72.7,0.55,9.840094566345215,9.809848254520496,9.809848289112665,7,11,1,True,46,population_sigma0
LOO_03_theoph_subject_04,population,two_compartment,Subj_04,theoph_subject_04,319.88000000000005,72.7,0.75,9.840094566345215,9.809848254268843,9.809848291335838,9,11,1,True,46,population_sigma0
LOO_03_theoph_subject_04,population,two_compartment,Subj_04,theoph_subject_04,319.88000000000005,72.7,1.0,9.840094566345215,9.809848254263919,9.80984828987049,11,11,1,True,46,population_sigma0
LOO_04_theoph_subject_05,population,one_compartment,Subj_05,theoph_subject_05,319.956,54.6,0.1,6.3179030418396,31.82894698754612,32.05593354000174,2,11,1,True,46,population_sigma0
LOO_04_theoph_subject_05,population,one_compartment,Subj_05,theoph_subject_05,319.956,54.6,0.2,6.3179030418396,7466.802183553311,7340.824851315875,3,11,1,True,46,population_sigma0
LOO_04_theoph_subject_05,population,one_compartment,Subj_05,theoph_subject_05,319.956,54.6,0.3,6.3179030418396,9423.564008626032,9419.65500917531,4,11,1,True,46,population_sigma0
LOO_04_theoph_subject_05,population,one_compartment,Subj_05,theoph_subject_05,319.956,54.6,0.45,6.3179030418396,8.877538077016677,8.877163137381633,5,11,1,True,46,population_sigma0
LOO_04_theoph_subject_05,population,one_compartment,Subj_05,theoph_subject_05,319.956,54.6,0.55,6.3179030418396,2.514936754420825,2.514922520449201,7,11,1,True,46,population_sigma0
LOO_04_theoph_subject_05,population,one_compartment,Subj_05,theoph_subject_05,319.956,54.6,0.75,6.3179030418396,1.2251742970332644,1.2251724308643233,9,11,1,True,46,population_sigma0
LOO_04_theoph_subject_05,population,one_compartment,Subj_05,theoph_subject_05,319.956,54.6,1.0,6.3179030418396,1.2239517888307179,1.2239517889088471,11,11,1,True,46,population_sigma0
LOO_04_theoph_subject_05,population,two_compartment,Subj_05,theoph_subject_05,319.956,54.6,0.1,17.091461181640625,40.11533196619135,40.29325467952875,2,11,1,True,46,population_sigma0
LOO_04_theoph_subject_05,population,two_compartment,Subj_05,theoph_subject_05,319.956,54.6,0.2,17.091461181640625,17.08713138741822,17.087131554127176,3,11,1,True,46,population_sigma0
LOO_04_theoph_subject_05,population,two_compartment,Subj_05,theoph_subject_05,319.956,54.6,0.3,17.091461181640625,17.086621465871236,17.08662149205802,4,11,1,True,46,population_sigma0
LOO_04_theoph_subject_05,population,two_compartment,Subj_05,theoph_subject_05,319.956,54.6,0.45,17.091461181640625,17.086621453979607,17.086621524770404,5,11,1,True,46,population_sigma0
LOO_04_theoph_subject_05,population,two_compartment,Subj_05,theoph_subject_05,319.956,54.6,0.55,17.091461181640625,17.08662144760588,17.086621502642974,7,11,1,True,46,population_sigma0
LOO_04_theoph_subject_05,population,two_compartment,Subj_05,theoph_subject_05,319.956,54.6,0.75,17.091461181640625,17.086621448937557,17.086621490883083,9,11,1,True,46,population_sigma0
LOO_04_theoph_subject_05,population,two_compartment,Subj_05,theoph_subject_05,319.956,54.6,1.0,17.091461181640625,17.086621447115817,17.086621490766067,11,11,1,True,46,population_sigma0
LOO_05_theoph_subject_06,population,one_compartment,Subj_06,theoph_subject_06,320.0,80.0,0.1,9.789302825927734,8.574744124877583,16.142927247131215,2,11,1,True,46,population_sigma0
LOO_05_theoph_subject_06,population,one_compartment,Subj_06,theoph_subject_06,320.0,80.0,0.2,9.789302825927734,2043.2037953427948,2012.8010471523203,3,11,1,True,46,population_sigma0
LOO_05_theoph_subject_06,population,one_compartment,Subj_06,theoph_subject_06,320.0,80.0,0.3,9.789302825927734,2290.5970924218773,2289.597007629337,4,11,1,True,46,population_sigma0
LOO_05_theoph_subject_06,population,one_compartment,Subj_06,theoph_subject_06,320.0,80.0,0.45,9.789302825927734,1.2874618584734878,1.2874663647958504,5,11,1,True,46,population_sigma0
LOO_05_theoph_subject_06,population,one_compartment,Subj_06,theoph_subject_06,320.0,80.0,0.55,9.789302825927734,0.821477474938792,0.8214696820588588,7,11,1,True,46,population_sigma0
LOO_05_theoph_subject_06,population,one_compartment,Subj_06,theoph_subject_06,320.0,80.0,0.75,9.789302825927734,0.24111620935841965,0.24111884668410735,9,11,1,True,46,population_sigma0
LOO_05_theoph_subject_06,population,one_compartment,Subj_06,theoph_subject_06,320.0,80.0,1.0,9.789302825927734,0.22220365615455648,0.22220365620985938,11,11,1,True,46,population_sigma0
LOO_05_theoph_subject_06,population,two_compartment,Subj_06,theoph_subject_06,320.0,80.0,0.1,3.435624837875366,4.531010399778695,15.80944465155157,2,11,1,True,46,population_sigma0
LOO_05_theoph_subject_06,population,two_compartment,Subj_06,theoph_subject_06,320.0,80.0,0.2,3.435624837875366,3.279585790902442,3.2795832287851026,3,11,1,True,46,population_sigma0
LOO_05_theoph_subject_06,population,two_compartment,Subj_06,theoph_subject_06,320.0,80.0,0.3,3.435624837875366,3.246438765367962,3.246438143698394,4,11,1,True,46,population_sigma0
LOO_05_theoph_subject_06,population,two_compartment,Subj_06,theoph_subject_06,320.0,80.0,0.45,3.435624837875366,3.2464032410664374,3.2464032431624585,5,11,1,True,46,population_sigma0
LOO_05_theoph_subject_06,population,two_compartment,Subj_06,theoph_subject_06,320.0,80.0,0.55,3.435624837875366,3.2464032408836,3.2464032412002153,7,11,1,True,46,population_sigma0
LOO_05_theoph_subject_06,population,two_compartment,Subj_06,theoph_subject_06,320.0,80.0,0.75,3.435624837875366,3.246403241876223,3.2464032406800087,9,11,1,True,46,population_sigma0
LOO_05_theoph_subject_06,population,two_compartment,Subj_06,theoph_subject_06,320.0,80.0,1.0,3.435624837875366,3.19970299139772,3.1997029918775697,11,11,1,True,46,population_sigma0
LOO_06_theoph_subject_07,population,one_compartment,Subj_07,theoph_subject_07,319.77,64.6,0.1,4.961175918579102,1.2720276734269513,20.762195302706377,2,11,1,True,46,population_sigma0
LOO_06_theoph_subject_07,population,one_compartment,Subj_07,theoph_subject_07,319.77,64.6,0.2,4.961175918579102,1455.8918611348354,1431.0923800719854,3,11,1,True,46,population_sigma0
LOO_06_theoph_subject_07,population,one_compartment,Subj_07,theoph_subject_07,319.77,64.6,0.3,4.961175918579102,1721.807582251339,1693.2189184546335,4,11,1,True,46,population_sigma0
LOO_06_theoph_subject_07,population,one_compartment,Subj_07,theoph_subject_07,319.77,64.6,0.45,4.961175918579102,0.3704983555735905,0.37047251200544284,5,11,1,True,46,population_sigma0
LOO_06_theoph_subject_07,population,one_compartment,Subj_07,theoph_subject_07,319.77,64.6,0.55,4.961175918579102,0.4106794467973626,0.4106917079776373,7,11,1,True,46,population_sigma0
LOO_06_theoph_subject_07,population,one_compartment,Subj_07,theoph_subject_07,319.77,64.6,0.75,4.961175918579102,0.14750169853263842,0.14750239048038846,9,11,1,True,46,population_sigma0
LOO_06_theoph_subject_07,population,one_compartment,Subj_07,theoph_subject_07,319.77,64.6,1.0,4.961175918579102,0.0905961078431127,0.09059610784345272,11,11,1,True,46,population_sigma0
LOO_06_theoph_subject_07,population,two_compartment,Subj_07,theoph_subject_07,319.77,64.6,0.1,5.175485134124756,14.982491281111102,20.074684331926218,2,11,1,True,46,population_sigma0
LOO_06_theoph_subject_07,population,two_compartment,Subj_07,theoph_subject_07,319.77,64.6,0.2,5.175485134124756,4.931768563735255,4.931767583425171,3,11,1,True,46,population_sigma0
LOO_06_theoph_subject_07,population,two_compartment,Subj_07,theoph_subject_07,319.77,64.6,0.3,5.175485134124756,4.836657220061181,4.8366548285929625,4,11,1,True,46,population_sigma0
LOO_06_theoph_subject_07,population,two_compartment,Subj_07,theoph_subject_07,319.77,64.6,0.45,5.175485134124756,4.83606811643266,4.836068155331362,5,11,1,True,46,population_sigma0
LOO_06_theoph_subject_07,population,two_compartment,Subj_07,theoph_subject_07,319.77,64.6,0.55,5.175485134124756,4.8360678526645335,4.8360678548007,7,11,1,True,46,population_sigma0
LOO_06_theoph_subject_07,population,two_compartment,Subj_07,theoph_subject_07,319.77,64.6,0.75,5.175485134124756,4.836067852533371,4.836067872847992,9,11,1,True,46,population_sigma0
LOO_06_theoph_subject_07,population,two_compartment,Subj_07,theoph_subject_07,319.77,64.6,1.0,5.175485134124756,4.836067852186483,4.836067862437302,11,11,1,True,46,population_sigma0
LOO_07_theoph_subject_08,population,one_compartment,Subj_08,theoph_subject_08,319.365,70.5,0.1,1.0208417177200317,6.189525624451053,10.180124520974918,2,11,1,True,46,population_sigma0
LOO_07_theoph_subject_08,population,one_compartment,Subj_08,theoph_subject_08,319.365,70.5,0.2,1.0208417177200317,17.16948359761194,19.563912089190254,3,11,1,True,46,population_sigma0
LOO_07_theoph_subject_08,population,one_compartment,Subj_08,theoph_subject_08,319.365,70.5,0.3,1.0208417177200317,536.3125565735535,536.2662535772162,4,11,1,True,46,population_sigma0
LOO_07_theoph_subject_08,population,one_compartment,Subj_08,theoph_subject_08,319.365,70.5,0.45,1.0208417177200317,3.3922262506944407,3.3921785568256864,5,11,1,True,46,population_sigma0
LOO_07_theoph_subject_08,population,one_compartment,Subj_08,theoph_subject_08,319.365,70.5,0.55,1.0208417177200317,0.6324107461371853,0.6324157978441464,7,11,1,True,46,population_sigma0
LOO_07_theoph_subject_08,population,one_compartment,Subj_08,theoph_subject_08,319.365,70.5,0.75,1.0208417177200317,0.3349788439918809,0.3349789857310715,9,11,1,True,46,population_sigma0
LOO_07_theoph_subject_08,population,one_compartment,Subj_08,theoph_subject_08,319.365,70.5,1.0,1.0208417177200317,0.3348500780968299,0.3348500781109486,11,11,1,True,46,population_sigma0
LOO_07_theoph_subject_08,population,two_compartment,Subj_08,theoph_subject_08,319.365,70.5,0.1,5.7230544090271,12.284707899401132,11.108367419753627,2,11,1,True,46,population_sigma0
LOO_07_theoph_subject_08,population,two_compartment,Subj_08,theoph_subject_08,319.365,70.5,0.2,5.7230544090271,8.723322747346693,8.498575886821707,3,11,1,True,46,population_sigma0
LOO_07_theoph_subject_08,population,two_compartment,Subj_08,theoph_subject_08,319.365,70.5,0.3,5.7230544090271,5.713662347063754,5.713662373877619,4,11,1,True,46,population_sigma0
LOO_07_theoph_subject_08,population,two_compartment,Subj_08,theoph_subject_08,319.365,70.5,0.45,5.7230544090271,5.713662347615311,5.713662349327567,5,11,1,True,46,population_sigma0
LOO_07_theoph_subject_08,population,two_compartment,Subj_08,theoph_subject_08,319.365,70.5,0.55,5.7230544090271,5.713662347049768,5.713662419969473,7,11,1,True,46,population_sigma0
LOO_07_theoph_subject_08,population,two_compartment,Subj_08,theoph_subject_08,319.365,70.5,0.75,5.7230544090271,5.713662347072965,5.713662391365459,9,11,1,True,46,population_sigma0
LOO_07_theoph_subject_08,population,two_compartment,Subj_08,theoph_subject_08,319.365,70.5,1.0,5.7230544090271,5.713662346906232,5.7136623532540485,11,11,1,True,46,population_sigma0
LOO_08_theoph_subject_09,population,one_compartment,Subj_09,theoph_subject_09,267.84000000000003,86.4,0.1,12.672043800354004,4.7305635436601525,9.35208505846647,2,11,1,True,46,population_sigma0
LOO_08_theoph_subject_09,population,one_compartment,Subj_09,theoph_subject_09,267.84000000000003,86.4,0.2,12.672043800354004,10.373482149363438,1.1581941802302795,3,11,1,True,46,population_sigma0
LOO_08_theoph_subject_09,population,one_compartment,Subj_09,theoph_subject_09,267.84000000000003,86.4,0.3,12.672043800354004,10.891038511829322,10.891042080726907,4,11,1,True,46,population_sigma0
LOO_08_theoph_subject_09,population,one_compartment,Subj_09,theoph_subject_09,267.84000000000003,86.4,0.45,12.672043800354004,3.1676846820373075,3.167656030491887,5,11,1,True,46,population_sigma0
LOO_08_theoph_subject_09,population,one_compartment,Subj_09,theoph_subject_09,267.84000000000003,86.4,0.55,12.672043800354004,0.28547424424547124,0.28546794040064083,7,11,1,True,46,population_sigma0
LOO_08_theoph_subject_09,population,one_compartment,Subj_09,theoph_subject_09,267.84000000000003,86.4,0.75,12.672043800354004,0.23003818420611044,0.23003852372367725,9,11,1,True,46,population_sigma0
LOO_08_theoph_subject_09,population,one_compartment,Subj_09,theoph_subject_09,267.84000000000003,86.4,1.0,12.672043800354004,0.22625944686108568,0.22625944686937371,11,11,1,True,46,population_sigma0
LOO_08_theoph_subject_09,population,two_compartment,Subj_09,theoph_subject_09,267.84000000000003,86.4,0.1,11.186125755310059,10.962020156292931,10.962020170381319,2,11,1,True,46,population_sigma0
LOO_08_theoph_subject_09,population,two_compartment,Subj_09,theoph_subject_09,267.84000000000003,86.4,0.2,11.186125755310059,10.9620201473681,10.962020165727711,3,11,1,True,46,population_sigma0
LOO_08_theoph_subject_09,population,two_compartment,Subj_09,theoph_subject_09,267.84000000000003,86.4,0.3,11.186125755310059,10.96202014927336,10.96202017036334,4,11,1,True,46,population_sigma0
LOO_08_theoph_subject_09,population,two_compartment,Subj_09,theoph_subject_09,267.84000000000003,86.4,0.45,11.186125755310059,10.962020146800096,10.962020172849511,5,11,1,True,46,population_sigma0
LOO_08_theoph_subject_09,population,two_compartment,Subj_09,theoph_subject_09,267.84000000000003,86.4,0.55,11.186125755310059,10.96202014703733,10.962020155006288,7,11,1,True,46,population_sigma0
LOO_08_theoph_subject_09,population,two_compartment,Subj_09,theoph_subject_09,267.84000000000003,86.4,0.75,11.186125755310059,10.962020146177558,10.96202016903773,9,11,1,True,46,population_sigma0
LOO_08_theoph_subject_09,population,two_compartment,Subj_09,theoph_subject_09,267.84000000000003,86.4,1.0,11.186125755310059,10.962020145786338,10.962020167589428,11,11,1,True,46,population_sigma0
LOO_09_theoph_subject_10,population,one_compartment,Subj_10,theoph_subject_10,320.1,58.2,0.1,1.4593220949172974,18.684089413406806,42.086831768666656,2,11,1,True,46,population_sigma0
LOO_09_theoph_subject_10,population,one_compartment,Subj_10,theoph_subject_10,320.1,58.2,0.2,1.4593220949172974,15.129965621352152,13.16682098295696,3,11,1,True,46,population_sigma0
LOO_09_theoph_subject_10,population,one_compartment,Subj_10,theoph_subject_10,320.1,58.2,0.3,1.4593220949172974,17.908289526579168,17.90829124283617,4,11,1,True,46,population_sigma0
LOO_09_theoph_subject_10,population,one_compartment,Subj_10,theoph_subject_10,320.1,58.2,0.45,1.4593220949172974,11.110891816203011,11.11091170702499,5,11,1,True,46,population_sigma0
LOO_09_theoph_subject_10,population,one_compartment,Subj_10,theoph_subject_10,320.1,58.2,0.55,1.4593220949172974,1.0453054413805807,1.0453371590317417,7,11,1,True,46,population_sigma0
LOO_09_theoph_subject_10,population,one_compartment,Subj_10,theoph_subject_10,320.1,58.2,0.75,1.4593220949172974,0.1269827026242597,0.12698285438492485,9,11,1,True,46,population_sigma0
LOO_09_theoph_subject_10,population,one_compartment,Subj_10,theoph_subject_10,320.1,58.2,1.0,1.4593220949172974,0.12285474971308315,0.12285474971308563,11,11,1,True,46,population_sigma0
LOO_09_theoph_subject_10,population,two_compartment,Subj_10,theoph_subject_10,320.1,58.2,0.1,15.124399185180664,26.973732367985573,28.84556344610468,2,11,1,True,46,population_sigma0
LOO_09_theoph_subject_10,population,two_compartment,Subj_10,theoph_subject_10,320.1,58.2,0.2,15.124399185180664,15.116408265653531,15.116406990559488,3,11,1,True,46,population_sigma0
LOO_09_theoph_subject_10,population,two_compartment,Subj_10,theoph_subject_10,320.1,58.2,0.3,15.124399185180664,15.1163446763525,15.11634476501564,4,11,1,True,46,population_sigma0
LOO_09_theoph_subject_10,population,two_compartment,Subj_10,theoph_subject_10,320.1,58.2,0.45,15.124399185180664,15.116344666562044,15.116344762352092,5,11,1,True,46,population_sigma0
LOO_09_theoph_subject_10,population,two_compartment,Subj_10,theoph_subject_10,320.1,58.2,0.55,15.124399185180664,15.11634466628642,15.116344709355163,7,11,1,True,46,population_sigma0
LOO_09_theoph_subject_10,population,two_compartment,Subj_10,theoph_subject_10,320.1,58.2,0.75,15.124399185180664,15.116344662012494,15.116344691068413,9,11,1,True,46,population_sigma0
LOO_09_theoph_subject_10,population,two_compartment,Subj_10,theoph_subject_10,320.1,58.2,1.0,15.124399185180664,15.116344662746942,15.116344692884251,11,11,1,True,46,population_sigma0
LOO_10_theoph_subject_11,population,one_compartment,Subj_11,theoph_subject_11,319.8,65.0,0.1,4.391270637512207,14.155473357055065,9.149648200239227,2,11,1,True,46,population_sigma0
LOO_10_theoph_subject_11,population,one_compartment,Subj_11,theoph_subject_11,319.8,65.0,0.2,4.391270637512207,4.417415002197644,0.3968559916923448,3,11,1,True,46,population_sigma0
LOO_10_theoph_subject_11,population,one_compartment,Subj_11,theoph_subject_11,319.8,65.0,0.3,4.391270637512207,8.074920968400345,8.074920636412266,4,11,1,True,46,population_sigma0
LOO_10_theoph_subject_11,population,one_compartment,Subj_11,theoph_subject_11,319.8,65.0,0.45,4.391270637512207,2.171429029855945,2.171430270422542,5,11,1,True,46,population_sigma0
LOO_10_theoph_subject_11,population,one_compartment,Subj_11,theoph_subject_11,319.8,65.0,0.55,4.391270637512207,0.09181381396501363,0.09181302188796611,7,11,1,True,46,population_sigma0
LOO_10_theoph_subject_11,population,one_compartment,Subj_11,theoph_subject_11,319.8,65.0,0.75,4.391270637512207,0.039388006131477464,0.03938796507968257,9,11,1,True,46,population_sigma0
LOO_10_theoph_subject_11,population,one_compartment,Subj_11,theoph_subject_11,319.8,65.0,1.0,4.391270637512207,0.038746928028908216,0.03874692803137216,11,11,1,True,46,population_sigma0
LOO_10_theoph_subject_11,population,two_compartment,Subj_11,theoph_subject_11,319.8,65.0,0.1,7.118426322937012,6.71851999902174,6.718519988542309,2,11,1,True,46,population_sigma0
LOO_10_theoph_subject_11,population,two_compartment,Subj_11,theoph_subject_11,319.8,65.0,0.2,7.118426322937012,6.718519996360012,6.718519987428139,3,11,1,True,46,population_sigma0
LOO_10_theoph_subject_11,population,two_compartment,Subj_11,theoph_subject_11,319.8,65.0,0.3,7.118426322937012,6.718519999552621,6.718519991952167,4,11,1,True,46,population_sigma0
LOO_10_theoph_subject_11,population,two_compartment,Subj_11,theoph_subject_11,319.8,65.0,0.45,7.118426322937012,6.718519999303253,6.7185199883507725,5,11,1,True,46,population_sigma0
LOO_10_theoph_subject_11,population,two_compartment,Subj_11,theoph_subject_11,319.8,65.0,0.55,7.118426322937012,6.718519999517157,6.718519995447978,7,11,1,True,46,population_sigma0
LOO_10_theoph_subject_11,population,two_compartment,Subj_11,theoph_subject_11,319.8,65.0,0.75,7.118426322937012,6.7185199997698595,6.718519994158854,9,11,1,True,46,population_sigma0
LOO_10_theoph_subject_11,population,two_compartment,Subj_11,theoph_subject_11,319.8,65.0,1.0,7.118426322937012,6.699721831947076,6.699721842145587,11,11,1,True,46,population_sigma0
LOO_11_theoph_subject_12,population,one_compartment,Subj_12,theoph_subject_12,320.65,60.5,0.1,2.4062232971191406,38.753499056757846,38.36728285311819,2,11,1,True,46,population_sigma0
LOO_11_theoph_subject_12,population,one_compartment,Subj_12,theoph_subject_12,320.65,60.5,0.2,2.4062232971191406,4061.049507299862,4057.308587110141,3,11,1,True,46,population_sigma0
LOO_11_theoph_subject_12,population,one_compartment,Subj_12,theoph_subject_12,320.65,60.5,0.3,2.4062232971191406,4492.134094581336,4420.425168709259,4,11,1,True,46,population_sigma0
LOO_11_theoph_subject_12,population,one_compartment,Subj_12,theoph_subject_12,320.65,60.5,0.45,2.4062232971191406,1.4517768486591562,1.4517491720358981,5,11,1,True,46,population_sigma0
LOO_11_theoph_subject_12,population,one_compartment,Subj_12,theoph_subject_12,320.65,60.5,0.55,2.4062232971191406,1.2543804118689175,1.2543916856151858,7,11,1,True,46,population_sigma0
LOO_11_theoph_subject_12,population,one_compartment,Subj_12,theoph_subject_12,320.65,60.5,0.75,2.4062232971191406,0.27852357669879146,0.2785215370575011,9,11,1,True,46,population_sigma0
LOO_11_theoph_subject_12,population,one_compartment,Subj_12,theoph_subject_12,320.65,60.5,1.0,2.4062232971191406,0.2553815650793635,0.25538156515024457,11,11,1,True,46,population_sigma0
LOO_11_theoph_subject_12,population,two_compartment,Subj_12,theoph_subject_12,320.65,60.5,0.1,14.973954200744629,33.5816342211555,39.03133384264893,2,11,1,True,46,population_sigma0
LOO_11_theoph_subject_12,population,two_compartment,Subj_12,theoph_subject_12,320.65,60.5,0.2,14.973954200744629,14.879005435052461,14.878997622208376,3,11,1,True,46,population_sigma0
LOO_11_theoph_subject_12,population,two_compartment,Subj_12,theoph_subject_12,320.65,60.5,0.3,14.973954200744629,14.86290053749516,14.862900553884987,4,11,1,True,46,population_sigma0
LOO_11_theoph_subject_12,population,two_compartment,Subj_12,theoph_subject_12,320.65,60.5,0.45,14.973954200744629,14.86289859515772,14.862898653182022,5,11,1,True,46,population_sigma0
LOO_11_theoph_subject_12,population,two_compartment,Subj_12,theoph_subject_12,320.65,60.5,0.55,14.973954200744629,14.862898590525322,14.862898644348586,7,11,1,True,46,population_sigma0
LOO_11_theoph_subject_12,population,two_compartment,Subj_12,theoph_subject_12,320.65,60.5,0.75,14.973954200744629,14.862898590680839,14.862898642332835,9,11,1,True,46,population_sigma0
LOO_11_theoph_subject_12,population,two_compartment,Subj_12,theoph_subject_12,320.65,60.5,1.0,14.973954200744629,14.862898588021402,14.86289864228965,11,11,1,True,46,population_sigma0
LOO_00_theoph_subject_01,population,one_compartment,Subj_01,theoph_subject_01,319.99199999999996,79.6,0.1,8.983213424682617,33.23418464947331,6.802697287460169,2,11,1,False,42,population_nosigma0
LOO_00_theoph_subject_01,population,one_compartment,Subj_01,theoph_subject_01,319.99199999999996,79.6,0.2,8.983213424682617,10102.292007791211,10102.289710456667,3,11,1,False,42,population_nosigma0
LOO_00_theoph_subject_01,population,one_compartment,Subj_01,theoph_subject_01,319.99199999999996,79.6,0.3,8.983213424682617,11.08578090613108,11.085913255674564,4,11,1,False,42,population_nosigma0
LOO_00_theoph_subject_01,population,one_compartment,Subj_01,theoph_subject_01,319.99199999999996,79.6,0.45,8.983213424682617,13.085468239761527,13.085513370247405,5,11,1,False,42,population_nosigma0
LOO_00_theoph_subject_01,population,one_compartment,Subj_01,theoph_subject_01,319.99199999999996,79.6,0.55,8.983213424682617,1.455958087081873,1.4560150395581886,7,11,1,False,42,population_nosigma0
LOO_00_theoph_subject_01,population,one_compartment,Subj_01,theoph_subject_01,319.99199999999996,79.6,0.75,8.983213424682617,0.45812044722543893,0.45811838130185484,9,11,1,False,42,population_nosigma0
LOO_00_theoph_subject_01,population,one_compartment,Subj_01,theoph_subject_01,319.99199999999996,79.6,1.0,8.983213424682617,0.3896371840627836,0.38963718407203307,11,11,1,False,42,population_nosigma0
LOO_00_theoph_subject_01,population,two_compartment,Subj_01,theoph_subject_01,319.99199999999996,79.6,0.1,18.35954475402832,40.027555490453906,33.09232707514244,2,11,1,False,42,population_nosigma0
LOO_00_theoph_subject_01,population,two_compartment,Subj_01,theoph_subject_01,319.99199999999996,79.6,0.2,18.35954475402832,18.357105146948854,18.357105179558506,3,11,1,False,42,population_nosigma0
LOO_00_theoph_subject_01,population,two_compartment,Subj_01,theoph_subject_01,319.99199999999996,79.6,0.3,18.35954475402832,18.357105091196715,18.357105119167937,4,11,1,False,42,population_nosigma0
LOO_00_theoph_subject_01,population,two_compartment,Subj_01,theoph_subject_01,319.99199999999996,79.6,0.45,18.35954475402832,18.357105084672824,18.357105118889507,5,11,1,False,42,population_nosigma0
LOO_00_theoph_subject_01,population,two_compartment,Subj_01,theoph_subject_01,319.99199999999996,79.6,0.55,18.35954475402832,18.357105090614183,18.357105133522214,7,11,1,False,42,population_nosigma0
LOO_00_theoph_subject_01,population,two_compartment,Subj_01,theoph_subject_01,319.99199999999996,79.6,0.75,18.35954475402832,18.3571050831661,18.357105124256286,9,11,1,False,42,population_nosigma0
LOO_00_theoph_subject_01,population,two_compartment,Subj_01,theoph_subject_01,319.99199999999996,79.6,1.0,18.35954475402832,18.357105082521475,18.357105118318273,11,11,1,False,42,population_nosigma0
LOO_01_theoph_subject_02,population,one_compartment,Subj_02,theoph_subject_02,318.56000000000006,72.4,0.1,1.4987881183624268,17.96154838519071,29.74616655698929,2,11,1,False,42,population_nosigma0
LOO_01_theoph_subject_02,population,one_compartment,Subj_02,theoph_subject_02,318.56000000000006,72.4,0.2,1.4987881183624268,14130.65553486054,13895.867286158122,3,11,1,False,42,population_nosigma0
LOO_01_theoph_subject_02,population,one_compartment,Subj_02,theoph_subject_02,318.56000000000006,72.4,0.3,1.4987881183624268,4.915581102296357,4.916091378015697,4,11,1,False,42,population_nosigma0
LOO_01_theoph_subject_02,population,one_compartment,Subj_02,theoph_subject_02,318.56000000000006,72.4,0.45,1.4987881183624268,6.676195375464368,6.676167816423749,5,11,1,False,42,population_nosigma0
LOO_01_theoph_subject_02,population,one_compartment,Subj_02,theoph_subject_02,318.56000000000006,72.4,0.55,1.4987881183624268,1.1352449213912517,1.1352853000837322,7,11,1,False,42,population_nosigma0
LOO_01_theoph_subject_02,population,one_compartment,Subj_02,theoph_subject_02,318.56000000000006,72.4,0.75,1.4987881183624268,0.8145605417912197,0.8145609194091993,9,11,1,False,42,population_nosigma0
LOO_01_theoph_subject_02,population,one_compartment,Subj_02,theoph_subject_02,318.56000000000006,72.4,1.0,1.4987881183624268,0.8134822109710004,0.8134822111191489,11,11,1,False,42,population_nosigma0
LOO_01_theoph_subject_02,population,two_compartment,Subj_02,theoph_subject_02,318.56000000000006,72.4,0.1,10.05185317993164,26.375228049373785,27.87595101272403,2,11,1,False,42,population_nosigma0
LOO_01_theoph_subject_02,population,two_compartment,Subj_02,theoph_subject_02,318.56000000000006,72.4,0.2,10.05185317993164,10.050043290256113,10.050042498666741,3,11,1,False,42,population_nosigma0
LOO_01_theoph_subject_02,population,two_compartment,Subj_02,theoph_subject_02,318.56000000000006,72.4,0.3,10.05185317993164,10.050007502410299,10.050007511348046,4,11,1,False,42,population_nosigma0
LOO_01_theoph_subject_02,population,two_compartment,Subj_02,theoph_subject_02,318.56000000000006,72.4,0.45,10.05185317993164,10.050007501596587,10.050007519273938,5,11,1,False,42,population_nosigma0
LOO_01_theoph_subject_02,population,two_compartment,Subj_02,theoph_subject_02,318.56000000000006,72.4,0.55,10.05185317993164,10.050007501242748,10.050007521377859,7,11,1,False,42,population_nosigma0
LOO_01_theoph_subject_02,population,two_compartment,Subj_02,theoph_subject_02,318.56000000000006,72.4,0.75,10.05185317993164,10.0500075004397,10.050007516802328,9,11,1,False,42,population_nosigma0
LOO_01_theoph_subject_02,population,two_compartment,Subj_02,theoph_subject_02,318.56000000000006,72.4,1.0,10.05185317993164,10.05000750045224,10.05000756929198,11,11,1,False,42,population_nosigma0
LOO_02_theoph_subject_03,population,one_compartment,Subj_03,theoph_subject_03,319.365,70.5,0.1,0.654388427734375,5.257000996404151,0.1843451005732857,2,11,1,False,42,population_nosigma0
LOO_02_theoph_subject_03,population,one_compartment,Subj_03,theoph_subject_03,319.365,70.5,0.2,0.654388427734375,10.899266803880634,0.054493628605287635,3,11,1,False,42,population_nosigma0
LOO_02_theoph_subject_03,population,one_compartment,Subj_03,theoph_subject_03,319.365,70.5,0.3,0.654388427734375,0.5721900231083151,0.5721900231040415,4,11,1,False,42,population_nosigma0
LOO_02_theoph_subject_03,population,one_compartment,Subj_03,theoph_subject_03,319.365,70.5,0.45,0.654388427734375,2.2188425935505403,2.218842565235464,5,11,1,False,42,population_nosigma0
LOO_02_theoph_subject_03,population,one_compartment,Subj_03,theoph_subject_03,319.365,70.5,0.55,0.654388427734375,0.0398853641631981,0.039885366633467485,7,11,1,False,42,population_nosigma0
LOO_02_theoph_subject_03,population,one_compartment,Subj_03,theoph_subject_03,319.365,70.5,0.75,0.654388427734375,0.04384272617510044,0.04384274286159427,9,11,1,False,42,population_nosigma0
LOO_02_theoph_subject_03,population,one_compartment,Subj_03,theoph_subject_03,319.365,70.5,1.0,0.654388427734375,0.03966126670644705,0.039661266706502586,11,11,1,False,42,population_nosigma0
LOO_02_theoph_subject_03,population,two_compartment,Subj_03,theoph_subject_03,319.365,70.5,0.1,9.318669319152832,9.205188023564766,9.20518804981988,2,11,1,False,42,population_nosigma0
LOO_02_theoph_subject_03,population,two_compartment,Subj_03,theoph_subject_03,319.365,70.5,0.2,9.318669319152832,9.205188022015646,9.205188050020597,3,11,1,False,42,population_nosigma0
LOO_02_theoph_subject_03,population,two_compartment,Subj_03,theoph_subject_03,319.365,70.5,0.3,9.318669319152832,9.205188024713365,9.205188047853007,4,11,1,False,42,population_nosigma0
LOO_02_theoph_subject_03,population,two_compartment,Subj_03,theoph_subject_03,319.365,70.5,0.45,9.318669319152832,9.205188021617774,9.205188045173115,5,11,1,False,42,population_nosigma0
LOO_02_theoph_subject_03,population,two_compartment,Subj_03,theoph_subject_03,319.365,70.5,0.55,9.318669319152832,9.205188021170502,9.20518804132087,7,11,1,False,42,population_nosigma0
LOO_02_theoph_subject_03,population,two_compartment,Subj_03,theoph_subject_03,319.365,70.5,0.75,9.318669319152832,9.205188021083071,9.205188036560273,9,11,1,False,42,population_nosigma0
LOO_02_theoph_subject_03,population,two_compartment,Subj_03,theoph_subject_03,319.365,70.5,1.0,9.318669319152832,9.205188020628169,9.205188059068131,11,11,1,False,42,population_nosigma0
LOO_03_theoph_subject_04,population,one_compartment,Subj_04,theoph_subject_04,319.88000000000005,72.7,0.1,1.2033334970474243,17.148810421381253,30.50179852883824,2,11,1,False,42,population_nosigma0
LOO_03_theoph_subject_04,population,one_compartment,Subj_04,theoph_subject_04,319.88000000000005,72.7,0.2,1.2033334970474243,3919.1864392417247,3917.271366241117,3,11,1,False,42,population_nosigma0
LOO_03_theoph_subject_04,population,one_compartment,Subj_04,theoph_subject_04,319.88000000000005,72.7,0.3,1.2033334970474243,4718.360682843509,4717.856920547071,4,11,1,False,42,population_nosigma0
LOO_03_theoph_subject_04,population,one_compartment,Subj_04,theoph_subject_04,319.88000000000005,72.7,0.45,1.2033334970474243,3.739648159344054,3.7394338818455193,5,11,1,False,42,population_nosigma0
LOO_03_theoph_subject_04,population,one_compartment,Subj_04,theoph_subject_04,319.88000000000005,72.7,0.55,1.2033334970474243,1.4694443998273756,1.4693831065237604,7,11,1,False,42,population_nosigma0
LOO_03_theoph_subject_04,population,one_compartment,Subj_04,theoph_subject_04,319.88000000000005,72.7,0.75,1.2033334970474243,0.5276326812753998,0.5276304609400777,9,11,1,False,42,population_nosigma0
LOO_03_theoph_subject_04,population,one_compartment,Subj_04,theoph_subject_04,319.88000000000005,72.7,1.0,1.2033334970474243,0.5210864185867999,0.5210864186296389,11,11,1,False,42,population_nosigma0
LOO_03_theoph_subject_04,population,two_compartment,Subj_04,theoph_subject_04,319.88000000000005,72.7,0.1,9.841909408569336,10.474055445503001,29.148305260238157,2,11,1,False,42,population_nosigma0
LOO_03_theoph_subject_04,population,two_compartment,Subj_04,theoph_subject_04,319.88000000000005,72.7,0.2,9.841909408569336,9.814651858464574,9.814649719588237,3,11,1,False,42,population_nosigma0
LOO_03_theoph_subject_04,population,two_compartment,Subj_04,theoph_subject_04,319.88000000000005,72.7,0.3,9.841909408569336,9.80984828897549,9.809848317639696,4,11,1,False,42,population_nosigma0
LOO_03_theoph_subject_04,population,two_compartment,Subj_04,theoph_subject_04,319.88000000000005,72.7,0.45,9.841909408569336,9.809848255137949,9.809848286915095,5,11,1,False,42,population_nosigma0
LOO_03_theoph_subject_04,population,two_compartment,Subj_04,theoph_subject_04,319.88000000000005,72.7,0.55,9.841909408569336,9.809848254494298,9.809848285505842,7,11,1,False,42,population_nosigma0
LOO_03_theoph_subject_04,population,two_compartment,Subj_04,theoph_subject_04,319.88000000000005,72.7,0.75,9.841909408569336,9.809848253603798,9.809848287180301,9,11,1,False,42,population_nosigma0
LOO_03_theoph_subject_04,population,two_compartment,Subj_04,theoph_subject_04,319.88000000000005,72.7,1.0,9.841909408569336,9.809848254143704,9.80984828675058,11,11,1,False,42,population_nosigma0
LOO_04_theoph_subject_05,population,one_compartment,Subj_05,theoph_subject_05,319.956,54.6,0.1,7.338613986968994,37.63247312501278,6.722214399953031,2,11,1,False,42,population_nosigma0
LOO_04_theoph_subject_05,population,one_compartment,Subj_05,theoph_subject_05,319.956,54.6,0.2,7.338613986968994,7467.821308009379,7459.707083562002,3,11,1,False,42,population_nosigma0
LOO_04_theoph_subject_05,population,one_compartment,Subj_05,theoph_subject_05,319.956,54.6,0.3,7.338613986968994,9422.343608866553,9264.768939315882,4,11,1,False,42,population_nosigma0
LOO_04_theoph_subject_05,population,one_compartment,Subj_05,theoph_subject_05,319.956,54.6,0.45,7.338613986968994,8.877475101327867,8.877533944143492,5,11,1,False,42,population_nosigma0
LOO_04_theoph_subject_05,population,one_compartment,Subj_05,theoph_subject_05,319.956,54.6,0.55,7.338613986968994,2.515121888385371,2.514903335363076,7,11,1,False,42,population_nosigma0
LOO_04_theoph_subject_05,population,one_compartment,Subj_05,theoph_subject_05,319.956,54.6,0.75,7.338613986968994,1.2251736882040576,1.225177743035961,9,11,1,False,42,population_nosigma0
LOO_04_theoph_subject_05,population,one_compartment,Subj_05,theoph_subject_05,319.956,54.6,1.0,7.338613986968994,1.2239517888439306,1.2239517893596483,11,11,1,False,42,population_nosigma0
LOO_04_theoph_subject_05,population,two_compartment,Subj_05,theoph_subject_05,319.956,54.6,0.1,17.099836349487305,41.46289406941971,40.63447319274998,2,11,1,False,42,population_nosigma0
LOO_04_theoph_subject_05,population,two_compartment,Subj_05,theoph_subject_05,319.956,54.6,0.2,17.099836349487305,17.087131010285933,17.087131417321725,3,11,1,False,42,population_nosigma0
LOO_04_theoph_subject_05,population,two_compartment,Subj_05,theoph_subject_05,319.956,54.6,0.3,17.099836349487305,17.08662145512528,17.08662149935031,4,11,1,False,42,population_nosigma0
LOO_04_theoph_subject_05,population,two_compartment,Subj_05,theoph_subject_05,319.956,54.6,0.45,17.099836349487305,17.086621450538246,17.086621498607915,5,11,1,False,42,population_nosigma0
LOO_04_theoph_subject_05,population,two_compartment,Subj_05,theoph_subject_05,319.956,54.6,0.55,17.099836349487305,17.08662144828631,17.0866215047853,7,11,1,False,42,population_nosigma0
LOO_04_theoph_subject_05,population,two_compartment,Subj_05,theoph_subject_05,319.956,54.6,0.75,17.099836349487305,17.086621448736366,17.08662153038071,9,11,1,False,42,population_nosigma0
LOO_04_theoph_subject_05,population,two_compartment,Subj_05,theoph_subject_05,319.956,54.6,1.0,17.099836349487305,17.086621448781305,17.086621507031232,11,11,1,False,42,population_nosigma0
LOO_05_theoph_subject_06,population,one_compartment,Subj_06,theoph_subject_06,320.0,80.0,0.1,9.465270042419434,14.516101066462973,16.433328681550538,2,11,1,False,42,population_nosigma0
LOO_05_theoph_subject_06,population,one_compartment,Subj_06,theoph_subject_06,320.0,80.0,0.2,9.465270042419434,2043.0131301550873,2042.4305570067993,3,11,1,False,42,population_nosigma0
LOO_05_theoph_subject_06,population,one_compartment,Subj_06,theoph_subject_06,320.0,80.0,0.3,9.465270042419434,2290.3657271049383,2289.667570817794,4,11,1,False,42,population_nosigma0
LOO_05_theoph_subject_06,population,one_compartment,Subj_06,theoph_subject_06,320.0,80.0,0.45,9.465270042419434,1.2874887229445102,1.2874915295829892,5,11,1,False,42,population_nosigma0
LOO_05_theoph_subject_06,population,one_compartment,Subj_06,theoph_subject_06,320.0,80.0,0.55,9.465270042419434,0.8214918357153453,0.8214714734652259,7,11,1,False,42,population_nosigma0
LOO_05_theoph_subject_06,population,one_compartment,Subj_06,theoph_subject_06,320.0,80.0,0.75,9.465270042419434,0.24111765024746773,0.2411195722787696,9,11,1,False,42,population_nosigma0
LOO_05_theoph_subject_06,population,one_compartment,Subj_06,theoph_subject_06,320.0,80.0,1.0,9.465270042419434,0.22220365615522228,0.22220365631402858,11,11,1,False,42,population_nosigma0
LOO_05_theoph_subject_06,population,two_compartment,Subj_06,theoph_subject_06,320.0,80.0,0.1,3.4441580772399902,14.829383589924873,15.844622799355431,2,11,1,False,42,population_nosigma0
LOO_05_theoph_subject_06,population,two_compartment,Subj_06,theoph_subject_06,320.0,80.0,0.2,3.4441580772399902,3.279585508609733,3.2795851828500626,3,11,1,False,42,population_nosigma0
LOO_05_theoph_subject_06,population,two_compartment,Subj_06,theoph_subject_06,320.0,80.0,0.3,3.4441580772399902,3.24643866651373,3.2464388049200115,4,11,1,False,42,population_nosigma0
LOO_05_theoph_subject_06,population,two_compartment,Subj_06,theoph_subject_06,320.0,80.0,0.45,3.4441580772399902,3.246403241576454,3.2464032436496626,5,11,1,False,42,population_nosigma0
LOO_05_theoph_subject_06,population,two_compartment,Subj_06,theoph_subject_06,320.0,80.0,0.55,3.4441580772399902,3.246403241963277,3.2464031015624424,7,11,1,False,42,population_nosigma0
LOO_05_theoph_subject_06,population,two_compartment,Subj_06,theoph_subject_06,320.0,80.0,0.75,3.4441580772399902,3.2464032419910365,3.246406708789178,9,11,1,False,42,population_nosigma0
LOO_05_theoph_subject_06,population,two_compartment,Subj_06,theoph_subject_06,320.0,80.0,1.0,3.4441580772399902,3.199702991396576,3.199702992130246,11,11,1,False,42,population_nosigma0
LOO_06_theoph_subject_07,population,one_compartment,Subj_07,theoph_subject_07,319.77,64.6,0.1,4.818024158477783,20.696542445911376,20.76117653293769,2,11,1,False,42,population_nosigma0
LOO_06_theoph_subject_07,population,one_compartment,Subj_07,theoph_subject_07,319.77,64.6,0.2,4.818024158477783,1455.8931690060456,1455.2159471087793,3,11,1,False,42,population_nosigma0
LOO_06_theoph_subject_07,population,one_compartment,Subj_07,theoph_subject_07,319.77,64.6,0.3,4.818024158477783,1721.866025286838,1693.4607729750912,4,11,1,False,42,population_nosigma0
LOO_06_theoph_subject_07,population,one_compartment,Subj_07,theoph_subject_07,319.77,64.6,0.45,4.818024158477783,0.37051338860487787,0.37047650553560596,5,11,1,False,42,population_nosigma0
LOO_06_theoph_subject_07,population,one_compartment,Subj_07,theoph_subject_07,319.77,64.6,0.55,4.818024158477783,0.4106800500277991,0.4106907643243249,7,11,1,False,42,population_nosigma0
LOO_06_theoph_subject_07,population,one_compartment,Subj_07,theoph_subject_07,319.77,64.6,0.75,4.818024158477783,0.14750151197605074,0.14750229631116343,9,11,1,False,42,population_nosigma0
LOO_06_theoph_subject_07,population,one_compartment,Subj_07,theoph_subject_07,319.77,64.6,1.0,4.818024158477783,0.09059610784325066,0.09059610784349897,11,11,1,False,42,population_nosigma0
LOO_06_theoph_subject_07,population,two_compartment,Subj_07,theoph_subject_07,319.77,64.6,0.1,5.1930036544799805,12.971280774976172,20.100851277134595,2,11,1,False,42,population_nosigma0
LOO_06_theoph_subject_07,population,two_compartment,Subj_07,theoph_subject_07,319.77,64.6,0.2,5.1930036544799805,4.931768667981304,4.9317673070317705,3,11,1,False,42,population_nosigma0
LOO_06_theoph_subject_07,population,two_compartment,Subj_07,theoph_subject_07,319.77,64.6,0.3,5.1930036544799805,4.836657339973421,4.836657550344972,4,11,1,False,42,population_nosigma0
LOO_06_theoph_subject_07,population,two_compartment,Subj_07,theoph_subject_07,319.77,64.6,0.45,5.1930036544799805,4.83606813744948,4.836068100542558,5,11,1,False,42,population_nosigma0
LOO_06_theoph_subject_07,population,two_compartment,Subj_07,theoph_subject_07,319.77,64.6,0.55,5.1930036544799805,4.836067852819548,4.836067858541811,7,11,1,False,42,population_nosigma0
LOO_06_theoph_subject_07,population,two_compartment,Subj_07,theoph_subject_07,319.77,64.6,0.75,5.1930036544799805,4.836067852736443,4.836067856015441,9,11,1,False,42,population_nosigma0
LOO_06_theoph_subject_07,population,two_compartment,Subj_07,theoph_subject_07,319.77,64.6,1.0,5.1930036544799805,4.836067852656654,4.83606785298594,11,11,1,False,42,population_nosigma0
LOO_07_theoph_subject_08,population,one_compartment,Subj_08,theoph_subject_08,319.365,70.5,0.1,1.137892484664917,6.133031404592461,18.49573057399453,2,11,1,False,42,population_nosigma0
LOO_07_theoph_subject_08,population,one_compartment,Subj_08,theoph_subject_08,319.365,70.5,0.2,1.137892484664917,18.137568039464753,19.67528463197862,3,11,1,False,42,population_nosigma0
LOO_07_theoph_subject_08,population,one_compartment,Subj_08,theoph_subject_08,319.365,70.5,0.3,1.137892484664917,536.3071567843207,536.2541519916965,4,11,1,False,42,population_nosigma0
LOO_07_theoph_subject_08,population,one_compartment,Subj_08,theoph_subject_08,319.365,70.5,0.45,1.137892484664917,3.392244005381558,3.3921963093359366,5,11,1,False,42,population_nosigma0
LOO_07_theoph_subject_08,population,one_compartment,Subj_08,theoph_subject_08,319.365,70.5,0.55,1.137892484664917,0.6324068372583332,0.6324019830160745,7,11,1,False,42,population_nosigma0
LOO_07_theoph_subject_08,population,one_compartment,Subj_08,theoph_subject_08,319.365,70.5,0.75,1.137892484664917,0.33497886168862634,0.33497901023277904,9,11,1,False,42,population_nosigma0
LOO_07_theoph_subject_08,population,one_compartment,Subj_08,theoph_subject_08,319.365,70.5,1.0,1.137892484664917,0.33485007809917916,0.3348500781282585,11,11,1,False,42,population_nosigma0
LOO_07_theoph_subject_08,population,two_compartment,Subj_08,theoph_subject_08,319.365,70.5,0.1,5.720518112182617,12.206052481272032,11.270335841809228,2,11,1,False,42,population_nosigma0
LOO_07_theoph_subject_08,population,two_compartment,Subj_08,theoph_subject_08,319.365,70.5,0.2,5.720518112182617,9.000170176114786,8.482279575564776,3,11,1,False,42,population_nosigma0
LOO_07_theoph_subject_08,population,two_compartment,Subj_08,theoph_subject_08,319.365,70.5,0.3,5.720518112182617,5.713662347070873,5.713662347396336,4,11,1,False,42,population_nosigma0
LOO_07_theoph_subject_08,population,two_compartment,Subj_08,theoph_subject_08,319.365,70.5,0.45,5.720518112182617,5.713662347046346,5.713662419943071,5,11,1,False,42,population_nosigma0
LOO_07_theoph_subject_08,population,two_compartment,Subj_08,theoph_subject_08,319.365,70.5,0.55,5.720518112182617,5.713662346992312,5.713662419957008,7,11,1,False,42,population_nosigma0
LOO_07_theoph_subject_08,population,two_compartment,Subj_08,theoph_subject_08,319.365,70.5,0.75,5.720518112182617,5.71366234710277,5.713662419949695,9,11,1,False,42,population_nosigma0
LOO_07_theoph_subject_08,population,two_compartment,Subj_08,theoph_subject_08,319.365,70.5,1.0,5.720518112182617,5.713662346915381,5.713662347517528,11,11,1,False,42,population_nosigma0
LOO_08_theoph_subject_09,population,one_compartment,Subj_09,theoph_subject_09,267.84000000000003,86.4,0.1,4.831763744354248,2.7903987397926944,14.554381410038468,2,11,1,False,42,population_nosigma0
LOO_08_theoph_subject_09,population,one_compartment,Subj_09,theoph_subject_09,267.84000000000003,86.4,0.2,4.831763744354248,16.81049542792002,3.20820368170659,3,11,1,False,42,population_nosigma0
LOO_08_theoph_subject_09,population,one_compartment,Subj_09,theoph_subject_09,267.84000000000003,86.4,0.3,4.831763744354248,10.891035844834333,10.891041828584243,4,11,1,False,42,population_nosigma0
LOO_08_theoph_subject_09,population,one_compartment,Subj_09,theoph_subject_09,267.84000000000003,86.4,0.45,4.831763744354248,3.1676593538685625,3.1676576987298817,5,11,1,False,42,population_nosigma0
LOO_08_theoph_subject_09,population,one_compartment,Subj_09,theoph_subject_09,267.84000000000003,86.4,0.55,4.831763744354248,0.28547176723220413,0.2854729084670514,7,11,1,False,42,population_nosigma0
LOO_08_theoph_subject_09,population,one_compartment,Subj_09,theoph_subject_09,267.84000000000003,86.4,0.75,4.831763744354248,0.2300376209534325,0.2300382271268356,9,11,1,False,42,population_nosigma0
LOO_08_theoph_subject_09,population,one_compartment,Subj_09,theoph_subject_09,267.84000000000003,86.4,1.0,4.831763744354248,0.2262594468619872,0.22625944701208098,11,11,1,False,42,population_nosigma0
LOO_08_theoph_subject_09,population,two_compartment,Subj_09,theoph_subject_09,267.84000000000003,86.4,0.1,11.026494979858398,10.962020148098913,10.9620201676411,2,11,1,False,42,population_nosigma0
LOO_08_theoph_subject_09,population,two_compartment,Subj_09,theoph_subject_09,267.84000000000003,86.4,0.2,11.026494979858398,10.962020147629726,10.962020167454261,3,11,1,False,42,population_nosigma0
LOO_08_theoph_subject_09,population,two_compartment,Subj_09,theoph_subject_09,267.84000000000003,86.4,0.3,11.026494979858398,10.96202014965919,10.96202018739437,4,11,1,False,42,population_nosigma0
LOO_08_theoph_subject_09,population,two_compartment,Subj_09,theoph_subject_09,267.84000000000003,86.4,0.45,11.026494979858398,10.962020148429676,10.962020186758567,5,11,1,False,42,population_nosigma0
LOO_08_theoph_subject_09,population,two_compartment,Subj_09,theoph_subject_09,267.84000000000003,86.4,0.55,11.026494979858398,10.962020146562253,10.962020186881647,7,11,1,False,42,population_nosigma0
LOO_08_theoph_subject_09,population,two_compartment,Subj_09,theoph_subject_09,267.84000000000003,86.4,0.75,11.026494979858398,10.962020146322432,10.96202018611803,9,11,1,False,42,population_nosigma0
LOO_08_theoph_subject_09,population,two_compartment,Subj_09,theoph_subject_09,267.84000000000003,86.4,1.0,11.026494979858398,10.962020145668365,10.962020187067084,11,11,1,False,42,population_nosigma0
LOO_09_theoph_subject_10,population,one_compartment,Subj_10,theoph_subject_10,320.1,58.2,0.1,1.4038711786270142,19.73141492225097,42.087935805331256,2,11,1,False,42,population_nosigma0
LOO_09_theoph_subject_10,population,one_compartment,Subj_10,theoph_subject_10,320.1,58.2,0.2,1.4038711786270142,14.91099827475539,13.12767660505805,3,11,1,False,42,population_nosigma0
LOO_09_theoph_subject_10,population,one_compartment,Subj_10,theoph_subject_10,320.1,58.2,0.3,1.4038711786270142,17.90828980470852,17.90829119279674,4,11,1,False,42,population_nosigma0
LOO_09_theoph_subject_10,population,one_compartment,Subj_10,theoph_subject_10,320.1,58.2,0.45,1.4038711786270142,11.110845460103818,11.110807336394437,5,11,1,False,42,population_nosigma0
LOO_09_theoph_subject_10,population,one_compartment,Subj_10,theoph_subject_10,320.1,58.2,0.55,1.4038711786270142,1.045303887706514,1.0453306480464255,7,11,1,False,42,population_nosigma0
LOO_09_theoph_subject_10,population,one_compartment,Subj_10,theoph_subject_10,320.1,58.2,0.75,1.4038711786270142,0.126982668791215,0.1269828426751479,9,11,1,False,42,population_nosigma0
LOO_09_theoph_subject_10,population,one_compartment,Subj_10,theoph_subject_10,320.1,58.2,1.0,1.4038711786270142,0.12285474971308351,0.12285474971308613,11,11,1,False,42,population_nosigma0
LOO_09_theoph_subject_10,population,two_compartment,Subj_10,theoph_subject_10,320.1,58.2,0.1,15.123221397399902,28.48528080067466,29.248011294714978,2,11,1,False,42,population_nosigma0
LOO_09_theoph_subject_10,population,two_compartment,Subj_10,theoph_subject_10,320.1,58.2,0.2,15.123221397399902,15.116408186597111,15.116408311738327,3,11,1,False,42,population_nosigma0
LOO_09_theoph_subject_10,population,two_compartment,Subj_10,theoph_subject_10,320.1,58.2,0.3,15.123221397399902,15.116344669131855,15.116344762425173,4,11,1,False,42,population_nosigma0
LOO_09_theoph_subject_10,population,two_compartment,Subj_10,theoph_subject_10,320.1,58.2,0.45,15.123221397399902,15.116344668481878,15.116344761657432,5,11,1,False,42,population_nosigma0
LOO_09_theoph_subject_10,population,two_compartment,Subj_10,theoph_subject_10,320.1,58.2,0.55,15.123221397399902,15.116344666564816,15.116344707182492,7,11,1,False,42,population_nosigma0
LOO_09_theoph_subject_10,population,two_compartment,Subj_10,theoph_subject_10,320.1,58.2,0.75,15.123221397399902,15.11634466605713,15.116344716494648,9,11,1,False,42,population_nosigma0
LOO_09_theoph_subject_10,population,two_compartment,Subj_10,theoph_subject_10,320.1,58.2,1.0,15.123221397399902,15.116344661969238,15.116344697213577,11,11,1,False,42,population_nosigma0
LOO_10_theoph_subject_11,population,one_compartment,Subj_11,theoph_subject_11,319.8,65.0,0.1,4.1665263175964355,2.4863779291710952,5.280806919495771,2,11,1,False,42,population_nosigma0
LOO_10_theoph_subject_11,population,one_compartment,Subj_11,theoph_subject_11,319.8,65.0,0.2,4.1665263175964355,19.313618208403398,0.3956657082659053,3,11,1,False,42,population_nosigma0
LOO_10_theoph_subject_11,population,one_compartment,Subj_11,theoph_subject_11,319.8,65.0,0.3,4.1665263175964355,8.074920828384046,8.074921281977296,4,11,1,False,42,population_nosigma0
LOO_10_theoph_subject_11,population,one_compartment,Subj_11,theoph_subject_11,319.8,65.0,0.45,4.1665263175964355,2.1714289425958033,2.171429823570324,5,11,1,False,42,population_nosigma0
LOO_10_theoph_subject_11,population,one_compartment,Subj_11,theoph_subject_11,319.8,65.0,0.55,4.1665263175964355,0.09181401285707123,0.09181316349390643,7,11,1,False,42,population_nosigma0
LOO_10_theoph_subject_11,population,one_compartment,Subj_11,theoph_subject_11,319.8,65.0,0.75,4.1665263175964355,0.0393880143427667,0.03938797041929137,9,11,1,False,42,population_nosigma0
LOO_10_theoph_subject_11,population,one_compartment,Subj_11,theoph_subject_11,319.8,65.0,1.0,4.1665263175964355,0.03874692802887859,0.03874692802959933,11,11,1,False,42,population_nosigma0
LOO_10_theoph_subject_11,population,two_compartment,Subj_11,theoph_subject_11,319.8,65.0,0.1,6.964556694030762,6.718519998307383,6.718519993040723,2,11,1,False,42,population_nosigma0
LOO_10_theoph_subject_11,population,two_compartment,Subj_11,theoph_subject_11,319.8,65.0,0.2,6.964556694030762,6.718519998515555,6.718519992569036,3,11,1,False,42,population_nosigma0
LOO_10_theoph_subject_11,population,two_compartment,Subj_11,theoph_subject_11,319.8,65.0,0.3,6.964556694030762,6.718519998561871,6.718519993972592,4,11,1,False,42,population_nosigma0
LOO_10_theoph_subject_11,population,two_compartment,Subj_11,theoph_subject_11,319.8,65.0,0.45,6.964556694030762,6.718519999238871,6.718519990798086,5,11,1,False,42,population_nosigma0
LOO_10_theoph_subject_11,population,two_compartment,Subj_11,theoph_subject_11,319.8,65.0,0.55,6.964556694030762,6.7185199996207965,6.71851999494526,7,11,1,False,42,population_nosigma0
LOO_10_theoph_subject_11,population,two_compartment,Subj_11,theoph_subject_11,319.8,65.0,0.75,6.964556694030762,6.718519999790614,6.718519994032019,9,11,1,False,42,population_nosigma0
LOO_10_theoph_subject_11,population,two_compartment,Subj_11,theoph_subject_11,319.8,65.0,1.0,6.964556694030762,6.6997218318992955,6.699721834657569,11,11,1,False,42,population_nosigma0
LOO_11_theoph_subject_12,population,one_compartment,Subj_12,theoph_subject_12,320.65,60.5,0.1,1.3462611436843872,38.55161450304824,38.42006766718662,2,11,1,False,42,population_nosigma0
LOO_11_theoph_subject_12,population,one_compartment,Subj_12,theoph_subject_12,320.65,60.5,0.2,1.3462611436843872,4060.6363655974096,3990.795150102254,3,11,1,False,42,population_nosigma0
LOO_11_theoph_subject_12,population,one_compartment,Subj_12,theoph_subject_12,320.65,60.5,0.3,1.3462611436843872,4492.807192279582,4420.406353901991,4,11,1,False,42,population_nosigma0
LOO_11_theoph_subject_12,population,one_compartment,Subj_12,theoph_subject_12,320.65,60.5,0.45,1.3462611436843872,1.451935743265306,1.4519686997516084,5,11,1,False,42,population_nosigma0
LOO_11_theoph_subject_12,population,one_compartment,Subj_12,theoph_subject_12,320.65,60.5,0.55,1.3462611436843872,1.2543767547657392,1.254361010425866,7,11,1,False,42,population_nosigma0
LOO_11_theoph_subject_12,population,one_compartment,Subj_12,theoph_subject_12,320.65,60.5,0.75,1.3462611436843872,0.27852323287378233,0.2785218178273902,9,11,1,False,42,population_nosigma0
LOO_11_theoph_subject_12,population,one_compartment,Subj_12,theoph_subject_12,320.65,60.5,1.0,1.3462611436843872,0.25538156507881515,0.25538156509586013,11,11,1,False,42,population_nosigma0
LOO_11_theoph_subject_12,population,two_compartment,Subj_12,theoph_subject_12,320.65,60.5,0.1,14.98388671875,38.85473842625038,39.34233298615606,2,11,1,False,42,population_nosigma0
LOO_11_theoph_subject_12,population,two_compartment,Subj_12,theoph_subject_12,320.65,60.5,0.2,14.98388671875,14.879006662426569,14.879004550233942,3,11,1,False,42,population_nosigma0
LOO_11_theoph_subject_12,population,two_compartment,Subj_12,theoph_subject_12,320.65,60.5,0.3,14.98388671875,14.862900538796412,14.862900939030284,4,11,1,False,42,population_nosigma0
LOO_11_theoph_subject_12,population,two_compartment,Subj_12,theoph_subject_12,320.65,60.5,0.45,14.98388671875,14.862898590502436,14.862898642124891,5,11,1,False,42,population_nosigma0
LOO_11_theoph_subject_12,population,two_compartment,Subj_12,theoph_subject_12,320.65,60.5,0.55,14.98388671875,14.862898588521182,14.862898654694327,7,11,1,False,42,population_nosigma0
LOO_11_theoph_subject_12,population,two_compartment,Subj_12,theoph_subject_12,320.65,60.5,0.75,14.98388671875,14.862898588077302,14.862898644709981,9,11,1,False,42,population_nosigma0
LOO_11_theoph_subject_12,population,two_compartment,Subj_12,theoph_subject_12,320.65,60.5,1.0,14.98388671875,14.862898587426313,14.862898640067714,11,11,1,False,42,population_nosigma0
LOO_00_theoph_subject_01,population,one_compartment,Subj_01,theoph_subject_01,319.99199999999996,79.6,0.1,9.159995079040527,46.226284146510565,6.615595091376451,2,11,1,False,43,population_nosigma0
LOO_00_theoph_subject_01,population,one_compartment,Subj_01,theoph_subject_01,319.99199999999996,79.6,0.2,9.159995079040527,10103.554870759968,10102.2839721846,3,11,1,False,43,population_nosigma0
LOO_00_theoph_subject_01,population,one_compartment,Subj_01,theoph_subject_01,319.99199999999996,79.6,0.3,9.159995079040527,11.086007923511456,11.08619730634877,4,11,1,False,43,population_nosigma0
LOO_00_theoph_subject_01,population,one_compartment,Subj_01,theoph_subject_01,319.99199999999996,79.6,0.45,9.159995079040527,13.085473525099466,13.085253556819923,5,11,1,False,43,population_nosigma0
LOO_00_theoph_subject_01,population,one_compartment,Subj_01,theoph_subject_01,319.99199999999996,79.6,0.55,9.159995079040527,1.456006037970653,1.4560353546424267,7,11,1,False,43,population_nosigma0
LOO_00_theoph_subject_01,population,one_compartment,Subj_01,theoph_subject_01,319.99199999999996,79.6,0.75,9.159995079040527,0.4581198862685531,0.4581175067748811,9,11,1,False,43,population_nosigma0
LOO_00_theoph_subject_01,population,one_compartment,Subj_01,theoph_subject_01,319.99199999999996,79.6,1.0,9.159995079040527,0.38963718406257253,0.389637184064464,11,11,1,False,43,population_nosigma0
LOO_00_theoph_subject_01,population,two_compartment,Subj_01,theoph_subject_01,319.99199999999996,79.6,0.1,18.36128044128418,39.90077127273994,31.09590141870352,2,11,1,False,43,population_nosigma0
LOO_00_theoph_subject_01,population,two_compartment,Subj_01,theoph_subject_01,319.99199999999996,79.6,0.2,18.36128044128418,18.35710515580086,18.35710519640334,3,11,1,False,43,population_nosigma0
LOO_00_theoph_subject_01,population,two_compartment,Subj_01,theoph_subject_01,319.99199999999996,79.6,0.3,18.36128044128418,18.357105085314256,18.357105120338524,4,11,1,False,43,population_nosigma0
LOO_00_theoph_subject_01,population,two_compartment,Subj_01,theoph_subject_01,319.99199999999996,79.6,0.45,18.36128044128418,18.357105085733753,18.357105120176644,5,11,1,False,43,population_nosigma0
LOO_00_theoph_subject_01,population,two_compartment,Subj_01,theoph_subject_01,319.99199999999996,79.6,0.55,18.36128044128418,18.3571050856612,18.357105125597304,7,11,1,False,43,population_nosigma0
LOO_00_theoph_subject_01,population,two_compartment,Subj_01,theoph_subject_01,319.99199999999996,79.6,0.75,18.36128044128418,18.35710508366678,18.357105152045726,9,11,1,False,43,population_nosigma0
LOO_00_theoph_subject_01,population,two_compartment,Subj_01,theoph_subject_01,319.99199999999996,79.6,1.0,18.36128044128418,18.357105080910564,18.357105122341242,11,11,1,False,43,population_nosigma0
LOO_01_theoph_subject_02,population,one_compartment,Subj_02,theoph_subject_02,318.56000000000006,72.4,0.1,1.4057928323745728,30.063939676277553,28.61470443767514,2,11,1,False,43,population_nosigma0
LOO_01_theoph_subject_02,population,one_compartment,Subj_02,theoph_subject_02,318.56000000000006,72.4,0.2,1.4057928323745728,14130.927185108683,14118.686302566512,3,11,1,False,43,population_nosigma0
LOO_01_theoph_subject_02,population,one_compartment,Subj_02,theoph_subject_02,318.56000000000006,72.4,0.3,1.4057928323745728,4.915439075321116,4.915216515715929,4,11,1,False,43,population_nosigma0
LOO_01_theoph_subject_02,population,one_compartment,Subj_02,theoph_subject_02,318.56000000000006,72.4,0.45,1.4057928323745728,6.676217545718319,6.6762071361557505,5,11,1,False,43,population_nosigma0
LOO_01_theoph_subject_02,population,one_compartment,Subj_02,theoph_subject_02,318.56000000000006,72.4,0.55,1.4057928323745728,1.1352614899227835,1.1352963266415432,7,11,1,False,43,population_nosigma0
LOO_01_theoph_subject_02,population,one_compartment,Subj_02,theoph_subject_02,318.56000000000006,72.4,0.75,1.4057928323745728,0.8145598574782267,0.8145609428018079,9,11,1,False,43,population_nosigma0
LOO_01_theoph_subject_02,population,one_compartment,Subj_02,theoph_subject_02,318.56000000000006,72.4,1.0,1.4057928323745728,0.8134822109702977,0.8134822111158243,11,11,1,False,43,population_nosigma0
LOO_01_theoph_subject_02,population,two_compartment,Subj_02,theoph_subject_02,318.56000000000006,72.4,0.1,10.052035331726074,25.09871492584814,27.867952266586745,2,11,1,False,43,population_nosigma0
LOO_01_theoph_subject_02,population,two_compartment,Subj_02,theoph_subject_02,318.56000000000006,72.4,0.2,10.052035331726074,10.05004317899315,10.050043304327742,3,11,1,False,43,population_nosigma0
LOO_01_theoph_subject_02,population,two_compartment,Subj_02,theoph_subject_02,318.56000000000006,72.4,0.3,10.052035331726074,10.05000750118178,10.0500075145077,4,11,1,False,43,population_nosigma0
LOO_01_theoph_subject_02,population,two_compartment,Subj_02,theoph_subject_02,318.56000000000006,72.4,0.45,10.052035331726074,10.050007501733065,10.050007518761864,5,11,1,False,43,population_nosigma0
LOO_01_theoph_subject_02,population,two_compartment,Subj_02,theoph_subject_02,318.56000000000006,72.4,0.55,10.052035331726074,10.050007500016475,10.050007504658582,7,11,1,False,43,population_nosigma0
LOO_01_theoph_subject_02,population,two_compartment,Subj_02,theoph_subject_02,318.56000000000006,72.4,0.75,10.052035331726074,10.050007500237381,10.050007504670214,9,11,1,False,43,population_nosigma0
LOO_01_theoph_subject_02,population,two_compartment,Subj_02,theoph_subject_02,318.56000000000006,72.4,1.0,10.052035331726074,10.050007500463058,10.05000750457833,11,11,1,False,43,population_nosigma0
LOO_02_theoph_subject_03,population,one_compartment,Subj_03,theoph_subject_03,319.365,70.5,0.1,0.5616980195045471,17.083744197552722,0.18974389873106096,2,11,1,False,43,population_nosigma0
LOO_02_theoph_subject_03,population,one_compartment,Subj_03,theoph_subject_03,319.365,70.5,0.2,0.5616980195045471,0.19874098484396266,0.06662486456883508,3,11,1,False,43,population_nosigma0
LOO_02_theoph_subject_03,population,one_compartment,Subj_03,theoph_subject_03,319.365,70.5,0.3,0.5616980195045471,0.5721900231084026,0.5721900231082315,4,11,1,False,43,population_nosigma0
LOO_02_theoph_subject_03,population,one_compartment,Subj_03,theoph_subject_03,319.365,70.5,0.45,0.5616980195045471,2.2188425757990036,2.218842577691404,5,11,1,False,43,population_nosigma0
LOO_02_theoph_subject_03,population,one_compartment,Subj_03,theoph_subject_03,319.365,70.5,0.55,0.5616980195045471,0.039885364215819764,0.03988537007761022,7,11,1,False,43,population_nosigma0
LOO_02_theoph_subject_03,population,one_compartment,Subj_03,theoph_subject_03,319.365,70.5,0.75,0.5616980195045471,0.04384272580611921,0.04384275370345808,9,11,1,False,43,population_nosigma0
LOO_02_theoph_subject_03,population,one_compartment,Subj_03,theoph_subject_03,319.365,70.5,1.0,0.5616980195045471,0.03966126670644703,0.039661266706488944,11,11,1,False,43,population_nosigma0
LOO_02_theoph_subject_03,population,two_compartment,Subj_03,theoph_subject_03,319.365,70.5,0.1,9.327345848083496,9.205188022453529,9.20518804623758,2,11,1,False,43,population_nosigma0
LOO_02_theoph_subject_03,population,two_compartment,Subj_03,theoph_subject_03,319.365,70.5,0.2,9.327345848083496,9.205188023383226,9.205188037250037,3,11,1,False,43,population_nosigma0
LOO_02_theoph_subject_03,population,two_compartment,Subj_03,theoph_subject_03,319.365,70.5,0.3,9.327345848083496,9.205188021583801,9.205188046509539,4,11,1,False,43,population_nosigma0
LOO_02_theoph_subject_03,population,two_compartment,Subj_03,theoph_subject_03,319.365,70.5,0.45,9.327345848083496,9.205188022541007,9.205188044831985,5,11,1,False,43,population_nosigma0
LOO_02_theoph_subject_03,population,two_compartment,Subj_03,theoph_subject_03,319.365,70.5,0.55,9.327345848083496,9.205188021167594,9.205188040404758,7,11,1,False,43,population_nosigma0
LOO_02_theoph_subject_03,population,two_compartment,Subj_03,theoph_subject_03,319.365,70.5,0.75,9.327345848083496,9.205188021345581,9.205188033359333,9,11,1,False,43,population_nosigma0
LOO_02_theoph_subject_03,population,two_compartment,Subj_03,theoph_subject_03,319.365,70.5,1.0,9.327345848083496,9.20518802070217,9.205188035800342,11,11,1,False,43,population_nosigma0
LOO_03_theoph_subject_04,population,one_compartment,Subj_04,theoph_subject_04,319.88000000000005,72.7,0.1,0.9493368268013,16.784456806138888,30.313710179491707,2,11,1,False,43,population_nosigma0
LOO_03_theoph_subject_04,population,one_compartment,Subj_04,theoph_subject_04,319.88000000000005,72.7,0.2,0.9493368268013,3919.074564683324,3920.1923660306625,3,11,1,False,43,population_nosigma0
LOO_03_theoph_subject_04,population,one_compartment,Subj_04,theoph_subject_04,319.88000000000005,72.7,0.3,0.9493368268013,4718.411612576479,4718.566276143032,4,11,1,False,43,population_nosigma0
LOO_03_theoph_subject_04,population,one_compartment,Subj_04,theoph_subject_04,319.88000000000005,72.7,0.45,0.9493368268013,3.739458625525407,3.739438696491486,5,11,1,False,43,population_nosigma0
LOO_03_theoph_subject_04,population,one_compartment,Subj_04,theoph_subject_04,319.88000000000005,72.7,0.55,0.9493368268013,1.4695060013619987,1.4693828945524507,7,11,1,False,43,population_nosigma0
LOO_03_theoph_subject_04,population,one_compartment,Subj_04,theoph_subject_04,319.88000000000005,72.7,0.75,0.9493368268013,0.527632702494238,0.5276316486584404,9,11,1,False,43,population_nosigma0
LOO_03_theoph_subject_04,population,one_compartment,Subj_04,theoph_subject_04,319.88000000000005,72.7,1.0,0.9493368268013,0.5210864185885167,0.5210864185894143,11,11,1,False,43,population_nosigma0
LOO_03_theoph_subject_04,population,two_compartment,Subj_04,theoph_subject_04,319.88000000000005,72.7,0.1,9.840388298034668,29.575627372929716,29.10037770036632,2,11,1,False,43,population_nosigma0
LOO_03_theoph_subject_04,population,two_compartment,Subj_04,theoph_subject_04,319.88000000000005,72.7,0.2,9.840388298034668,9.814653676763477,9.814652681919235,3,11,1,False,43,population_nosigma0
LOO_03_theoph_subject_04,population,two_compartment,Subj_04,theoph_subject_04,319.88000000000005,72.7,0.3,9.840388298034668,9.809848289454258,9.809848326124087,4,11,1,False,43,population_nosigma0
LOO_03_theoph_subject_04,population,two_compartment,Subj_04,theoph_subject_04,319.88000000000005,72.7,0.45,9.840388298034668,9.809848253571106,9.809848290616236,5,11,1,False,43,population_nosigma0
LOO_03_theoph_subject_04,population,two_compartment,Subj_04,theoph_subject_04,319.88000000000005,72.7,0.55,9.840388298034668,9.809848253773241,9.8098482897608,7,11,1,False,43,population_nosigma0
LOO_03_theoph_subject_04,population,two_compartment,Subj_04,theoph_subject_04,319.88000000000005,72.7,0.75,9.840388298034668,9.809848253540713,9.809848287179115,9,11,1,False,43,population_nosigma0
LOO_03_theoph_subject_04,population,two_compartment,Subj_04,theoph_subject_04,319.88000000000005,72.7,1.0,9.840388298034668,9.809848253821928,9.809848287067652,11,11,1,False,43,population_nosigma0
LOO_04_theoph_subject_05,population,one_compartment,Subj_05,theoph_subject_05,319.956,54.6,0.1,11.725194931030273,42.60683654760086,4.7084206788144725,2,11,1,False,43,population_nosigma0
LOO_04_theoph_subject_05,population,one_compartment,Subj_05,theoph_subject_05,319.956,54.6,0.2,11.725194931030273,7467.486516683109,7340.917817955877,3,11,1,False,43,population_nosigma0
LOO_04_theoph_subject_05,population,one_compartment,Subj_05,theoph_subject_05,319.956,54.6,0.3,11.725194931030273,9422.387303848956,9423.50180712659,4,11,1,False,43,population_nosigma0
LOO_04_theoph_subject_05,population,one_compartment,Subj_05,theoph_subject_05,319.956,54.6,0.45,11.725194931030273,8.877530975258791,8.87710443609301,5,11,1,False,43,population_nosigma0
LOO_04_theoph_subject_05,population,one_compartment,Subj_05,theoph_subject_05,319.956,54.6,0.55,11.725194931030273,2.514943850231369,2.5148504179513163,7,11,1,False,43,population_nosigma0
LOO_04_theoph_subject_05,population,one_compartment,Subj_05,theoph_subject_05,319.956,54.6,0.75,11.725194931030273,1.2251737398131815,1.225177395595014,9,11,1,False,43,population_nosigma0
LOO_04_theoph_subject_05,population,one_compartment,Subj_05,theoph_subject_05,319.956,54.6,1.0,11.725194931030273,1.2239517886340159,1.2239517892761198,11,11,1,False,43,population_nosigma0
LOO_04_theoph_subject_05,population,two_compartment,Subj_05,theoph_subject_05,319.956,54.6,0.1,17.104887008666992,41.48143782297243,40.86827802672291,2,11,1,False,43,population_nosigma0
LOO_04_theoph_subject_05,population,two_compartment,Subj_05,theoph_subject_05,319.956,54.6,0.2,17.104887008666992,17.08713143706336,17.087128974007133,3,11,1,False,43,population_nosigma0
LOO_04_theoph_subject_05,population,two_compartment,Subj_05,theoph_subject_05,319.956,54.6,0.3,17.104887008666992,17.08662145367608,17.08662149182259,4,11,1,False,43,population_nosigma0
LOO_04_theoph_subject_05,population,two_compartment,Subj_05,theoph_subject_05,319.956,54.6,0.45,17.104887008666992,17.086621451075203,17.08662149485548,5,11,1,False,43,population_nosigma0
LOO_04_theoph_subject_05,population,two_compartment,Subj_05,theoph_subject_05,319.956,54.6,0.55,17.104887008666992,17.08662144901677,17.086621994447384,7,11,1,False,43,population_nosigma0
LOO_04_theoph_subject_05,population,two_compartment,Subj_05,theoph_subject_05,319.956,54.6,0.75,17.104887008666992,17.086621447059567,17.086621501789235,9,11,1,False,43,population_nosigma0
LOO_04_theoph_subject_05,population,two_compartment,Subj_05,theoph_subject_05,319.956,54.6,1.0,17.104887008666992,17.086621450097894,17.086621497493642,11,11,1,False,43,population_nosigma0
LOO_05_theoph_subject_06,population,one_compartment,Subj_06,theoph_subject_06,320.0,80.0,0.1,9.370438575744629,14.600711902505616,16.432421262035913,2,11,1,False,43,population_nosigma0
LOO_05_theoph_subject_06,population,one_compartment,Subj_06,theoph_subject_06,320.0,80.0,0.2,9.370438575744629,2042.729922193803,2012.7972453401044,3,11,1,False,43,population_nosigma0
LOO_05_theoph_subject_06,population,one_compartment,Subj_06,theoph_subject_06,320.0,80.0,0.3,9.370438575744629,2290.3507053123,2289.6503589963627,4,11,1,False,43,population_nosigma0
LOO_05_theoph_subject_06,population,one_compartment,Subj_06,theoph_subject_06,320.0,80.0,0.45,9.370438575744629,1.2874684922684438,1.2874918122652437,5,11,1,False,43,population_nosigma0
LOO_05_theoph_subject_06,population,one_compartment,Subj_06,theoph_subject_06,320.0,80.0,0.55,9.370438575744629,0.8214784974726307,0.8214717067819187,7,11,1,False,43,population_nosigma0
LOO_05_theoph_subject_06,population,one_compartment,Subj_06,theoph_subject_06,320.0,80.0,0.75,9.370438575744629,0.24111656990906294,0.24111958695113708,9,11,1,False,43,population_nosigma0
LOO_05_theoph_subject_06,population,one_compartment,Subj_06,theoph_subject_06,320.0,80.0,1.0,9.370438575744629,0.22220365615823046,0.22220365631747604,11,11,1,False,43,population_nosigma0
LOO_05_theoph_subject_06,population,two_compartment,Subj_06,theoph_subject_06,320.0,80.0,0.1,3.445262908935547,14.852168440694589,15.840179220544455,2,11,1,False,43,population_nosigma0
LOO_05_theoph_subject_06,population,two_compartment,Subj_06,theoph_subject_06,320.0,80.0,0.2,3.445262908935547,3.279583827786659,3.2795835251010037,3,11,1,False,43,population_nosigma0
LOO_05_theoph_subject_06,population,two_compartment,Subj_06,theoph_subject_06,320.0,80.0,0.3,3.445262908935547,3.2464386437517407,3.246438825953963,4,11,1,False,43,population_nosigma0
LOO_05_theoph_subject_06,population,two_compartment,Subj_06,theoph_subject_06,320.0,80.0,0.45,3.445262908935547,3.246403241275289,3.246403102738972,5,11,1,False,43,population_nosigma0
LOO_05_theoph_subject_06,population,two_compartment,Subj_06,theoph_subject_06,320.0,80.0,0.55,3.445262908935547,3.246403241855471,3.2464031085116947,7,11,1,False,43,population_nosigma0
LOO_05_theoph_subject_06,population,two_compartment,Subj_06,theoph_subject_06,320.0,80.0,0.75,3.445262908935547,3.2464032419664735,3.2464066345632405,9,11,1,False,43,population_nosigma0
LOO_05_theoph_subject_06,population,two_compartment,Subj_06,theoph_subject_06,320.0,80.0,1.0,3.445262908935547,3.199702991393094,3.1997029914875195,11,11,1,False,43,population_nosigma0
LOO_06_theoph_subject_07,population,one_compartment,Subj_07,theoph_subject_07,319.77,64.6,0.1,4.942712783813477,20.735840632251307,20.76239030530182,2,11,1,False,43,population_nosigma0
LOO_06_theoph_subject_07,population,one_compartment,Subj_07,theoph_subject_07,319.77,64.6,0.2,4.942712783813477,1455.8391562808517,1431.09328873253,3,11,1,False,43,population_nosigma0
LOO_06_theoph_subject_07,population,one_compartment,Subj_07,theoph_subject_07,319.77,64.6,0.3,4.942712783813477,1722.3209635046567,1693.2092867661556,4,11,1,False,43,population_nosigma0
LOO_06_theoph_subject_07,population,one_compartment,Subj_07,theoph_subject_07,319.77,64.6,0.45,4.942712783813477,0.3704814566643782,0.37051237079916316,5,11,1,False,43,population_nosigma0
LOO_06_theoph_subject_07,population,one_compartment,Subj_07,theoph_subject_07,319.77,64.6,0.55,4.942712783813477,0.41068043228847384,0.41068912297442284,7,11,1,False,43,population_nosigma0
LOO_06_theoph_subject_07,population,one_compartment,Subj_07,theoph_subject_07,319.77,64.6,0.75,4.942712783813477,0.14750164529732823,0.1475023958798012,9,11,1,False,43,population_nosigma0
LOO_06_theoph_subject_07,population,one_compartment,Subj_07,theoph_subject_07,319.77,64.6,1.0,4.942712783813477,0.09059610784304382,0.09059610784355902,11,11,1,False,43,population_nosigma0
LOO_06_theoph_subject_07,population,two_compartment,Subj_07,theoph_subject_07,319.77,64.6,0.1,5.163112163543701,18.322143690324616,20.34920210633595,2,11,1,False,43,population_nosigma0
LOO_06_theoph_subject_07,population,two_compartment,Subj_07,theoph_subject_07,319.77,64.6,0.2,5.163112163543701,4.931768681989935,4.931768093859287,3,11,1,False,43,population_nosigma0
LOO_06_theoph_subject_07,population,two_compartment,Subj_07,theoph_subject_07,319.77,64.6,0.3,5.163112163543701,4.836657332125531,4.836657240858827,4,11,1,False,43,population_nosigma0
LOO_06_theoph_subject_07,population,two_compartment,Subj_07,theoph_subject_07,319.77,64.6,0.45,5.163112163543701,4.83606811875468,4.836068078310279,5,11,1,False,43,population_nosigma0
LOO_06_theoph_subject_07,population,two_compartment,Subj_07,theoph_subject_07,319.77,64.6,0.55,5.163112163543701,4.836067852596353,4.836067861421161,7,11,1,False,43,population_nosigma0
LOO_06_theoph_subject_07,population,two_compartment,Subj_07,theoph_subject_07,319.77,64.6,0.75,5.163112163543701,4.836067852173328,4.836067856416336,9,11,1,False,43,population_nosigma0
LOO_06_theoph_subject_07,population,two_compartment,Subj_07,theoph_subject_07,319.77,64.6,1.0,5.163112163543701,4.836067852535008,4.836067854893205,11,11,1,False,43,population_nosigma0
LOO_07_theoph_subject_08,population,one_compartment,Subj_08,theoph_subject_08,319.365,70.5,0.1,0.9687173366546631,4.067932808241582,11.58664801098766,2,11,1,False,43,population_nosigma0
LOO_07_theoph_subject_08,population,one_compartment,Subj_08,theoph_subject_08,319.365,70.5,0.2,0.9687173366546631,14.93641624323073,19.63450605317617,3,11,1,False,43,population_nosigma0
LOO_07_theoph_subject_08,population,one_compartment,Subj_08,theoph_subject_08,319.365,70.5,0.3,0.9687173366546631,536.3014361395238,536.2384805860834,4,11,1,False,43,population_nosigma0
LOO_07_theoph_subject_08,population,one_compartment,Subj_08,theoph_subject_08,319.365,70.5,0.45,0.9687173366546631,3.392242736688547,3.3921579253264,5,11,1,False,43,population_nosigma0
LOO_07_theoph_subject_08,population,one_compartment,Subj_08,theoph_subject_08,319.365,70.5,0.55,0.9687173366546631,0.6324079048307313,0.6324034784421722,7,11,1,False,43,population_nosigma0
LOO_07_theoph_subject_08,population,one_compartment,Subj_08,theoph_subject_08,319.365,70.5,0.75,0.9687173366546631,0.3349788097834654,0.3349787569170023,9,11,1,False,43,population_nosigma0
LOO_07_theoph_subject_08,population,one_compartment,Subj_08,theoph_subject_08,319.365,70.5,1.0,0.9687173366546631,0.3348500780971853,0.3348500781399096,11,11,1,False,43,population_nosigma0
LOO_07_theoph_subject_08,population,two_compartment,Subj_08,theoph_subject_08,319.365,70.5,0.1,5.721218109130859,11.686051318406708,11.225393414215945,2,11,1,False,43,population_nosigma0
LOO_07_theoph_subject_08,population,two_compartment,Subj_08,theoph_subject_08,319.365,70.5,0.2,5.721218109130859,8.982455138789476,8.481129316351733,3,11,1,False,43,population_nosigma0
LOO_07_theoph_subject_08,population,two_compartment,Subj_08,theoph_subject_08,319.365,70.5,0.3,5.721218109130859,5.713662346995486,5.71366238283343,4,11,1,False,43,population_nosigma0
LOO_07_theoph_subject_08,population,two_compartment,Subj_08,theoph_subject_08,319.365,70.5,0.45,5.721218109130859,5.71366234723073,5.7136623656635175,5,11,1,False,43,population_nosigma0
LOO_07_theoph_subject_08,population,two_compartment,Subj_08,theoph_subject_08,319.365,70.5,0.55,5.721218109130859,5.713662347079878,5.713662347742697,7,11,1,False,43,population_nosigma0
LOO_07_theoph_subject_08,population,two_compartment,Subj_08,theoph_subject_08,319.365,70.5,0.75,5.721218109130859,5.71366234704015,5.71366237311804,9,11,1,False,43,population_nosigma0
LOO_07_theoph_subject_08,population,two_compartment,Subj_08,theoph_subject_08,319.365,70.5,1.0,5.721218109130859,5.713662346903992,5.713662348572225,11,11,1,False,43,population_nosigma0
LOO_08_theoph_subject_09,population,one_compartment,Subj_09,theoph_subject_09,267.84000000000003,86.4,0.1,5.74242639541626,1.032205062438249,0.3718265803478468,2,11,1,False,43,population_nosigma0
LOO_08_theoph_subject_09,population,one_compartment,Subj_09,theoph_subject_09,267.84000000000003,86.4,0.2,5.74242639541626,18.638907899396912,1.1716812976385862,3,11,1,False,43,population_nosigma0
LOO_08_theoph_subject_09,population,one_compartment,Subj_09,theoph_subject_09,267.84000000000003,86.4,0.3,5.74242639541626,10.891036922839293,10.891039215016411,4,11,1,False,43,population_nosigma0
LOO_08_theoph_subject_09,population,one_compartment,Subj_09,theoph_subject_09,267.84000000000003,86.4,0.45,5.74242639541626,3.1676853344715634,3.16765879697643,5,11,1,False,43,population_nosigma0
LOO_08_theoph_subject_09,population,one_compartment,Subj_09,theoph_subject_09,267.84000000000003,86.4,0.55,5.74242639541626,0.2854726672072935,0.28547330781723174,7,11,1,False,43,population_nosigma0
LOO_08_theoph_subject_09,population,one_compartment,Subj_09,theoph_subject_09,267.84000000000003,86.4,0.75,5.74242639541626,0.23003762157018406,0.23003734059536995,9,11,1,False,43,population_nosigma0
LOO_08_theoph_subject_09,population,one_compartment,Subj_09,theoph_subject_09,267.84000000000003,86.4,1.0,5.74242639541626,0.22625944686505317,0.22625944688332328,11,11,1,False,43,population_nosigma0
LOO_08_theoph_subject_09,population,two_compartment,Subj_09,theoph_subject_09,267.84000000000003,86.4,0.1,11.053997039794922,10.962020146473058,10.962020165194351,2,11,1,False,43,population_nosigma0
LOO_08_theoph_subject_09,population,two_compartment,Subj_09,theoph_subject_09,267.84000000000003,86.4,0.2,11.053997039794922,10.962020152976942,10.962020176153723,3,11,1,False,43,population_nosigma0
LOO_08_theoph_subject_09,population,two_compartment,Subj_09,theoph_subject_09,267.84000000000003,86.4,0.3,11.053997039794922,10.96202014677746,10.96202018001227,4,11,1,False,43,population_nosigma0
LOO_08_theoph_subject_09,population,two_compartment,Subj_09,theoph_subject_09,267.84000000000003,86.4,0.45,11.053997039794922,10.962020148061818,10.962020173440733,5,11,1,False,43,population_nosigma0
LOO_08_theoph_subject_09,population,two_compartment,Subj_09,theoph_subject_09,267.84000000000003,86.4,0.55,11.053997039794922,10.962020146399256,10.962020201914848,7,11,1,False,43,population_nosigma0
LOO_08_theoph_subject_09,population,two_compartment,Subj_09,theoph_subject_09,267.84000000000003,86.4,0.75,11.053997039794922,10.962020146270525,10.962020202587892,9,11,1,False,43,population_nosigma0
LOO_08_theoph_subject_09,population,two_compartment,Subj_09,theoph_subject_09,267.84000000000003,86.4,1.0,11.053997039794922,10.96202014588867,10.962020201130668,11,11,1,False,43,population_nosigma0
LOO_09_theoph_subject_10,population,one_compartment,Subj_10,theoph_subject_10,320.1,58.2,0.1,1.917216420173645,40.36794196294607,42.10872489976523,2,11,1,False,43,population_nosigma0
LOO_09_theoph_subject_10,population,one_compartment,Subj_10,theoph_subject_10,320.1,58.2,0.2,1.917216420173645,1.829003189384512,13.91436936557158,3,11,1,False,43,population_nosigma0
LOO_09_theoph_subject_10,population,one_compartment,Subj_10,theoph_subject_10,320.1,58.2,0.3,1.917216420173645,17.908289504632773,17.908289208099358,4,11,1,False,43,population_nosigma0
LOO_09_theoph_subject_10,population,one_compartment,Subj_10,theoph_subject_10,320.1,58.2,0.45,1.917216420173645,11.110816458807134,11.110886744127708,5,11,1,False,43,population_nosigma0
LOO_09_theoph_subject_10,population,one_compartment,Subj_10,theoph_subject_10,320.1,58.2,0.55,1.917216420173645,1.0453042374096884,1.0453363060626402,7,11,1,False,43,population_nosigma0
LOO_09_theoph_subject_10,population,one_compartment,Subj_10,theoph_subject_10,320.1,58.2,0.75,1.917216420173645,0.12698270659392466,0.12698293102573535,9,11,1,False,43,population_nosigma0
LOO_09_theoph_subject_10,population,one_compartment,Subj_10,theoph_subject_10,320.1,58.2,1.0,1.917216420173645,0.12285474971308381,0.12285474971309064,11,11,1,False,43,population_nosigma0
LOO_09_theoph_subject_10,population,two_compartment,Subj_10,theoph_subject_10,320.1,58.2,0.1,15.120752334594727,28.97745215467363,29.762624973875585,2,11,1,False,43,population_nosigma0
LOO_09_theoph_subject_10,population,two_compartment,Subj_10,theoph_subject_10,320.1,58.2,0.2,15.120752334594727,15.116408163820564,15.116407956917476,3,11,1,False,43,population_nosigma0
LOO_09_theoph_subject_10,population,two_compartment,Subj_10,theoph_subject_10,320.1,58.2,0.3,15.120752334594727,15.116344668174424,15.11634475606676,4,11,1,False,43,population_nosigma0
LOO_09_theoph_subject_10,population,two_compartment,Subj_10,theoph_subject_10,320.1,58.2,0.45,15.120752334594727,15.11634466461686,15.116344757873152,5,11,1,False,43,population_nosigma0
LOO_09_theoph_subject_10,population,two_compartment,Subj_10,theoph_subject_10,320.1,58.2,0.55,15.120752334594727,15.1163446643808,15.116344769253063,7,11,1,False,43,population_nosigma0
LOO_09_theoph_subject_10,population,two_compartment,Subj_10,theoph_subject_10,320.1,58.2,0.75,15.120752334594727,15.116344666654577,15.11634475546506,9,11,1,False,43,population_nosigma0
LOO_09_theoph_subject_10,population,two_compartment,Subj_10,theoph_subject_10,320.1,58.2,1.0,15.120752334594727,15.116344662681316,15.116344758005289,11,11,1,False,43,population_nosigma0
LOO_10_theoph_subject_11,population,one_compartment,Subj_11,theoph_subject_11,319.8,65.0,0.1,4.200919151306152,19.328659577174154,1.7381542644257089,2,11,1,False,43,population_nosigma0
LOO_10_theoph_subject_11,population,one_compartment,Subj_11,theoph_subject_11,319.8,65.0,0.2,4.200919151306152,1.0211076957881122,0.39559816866589764,3,11,1,False,43,population_nosigma0
LOO_10_theoph_subject_11,population,one_compartment,Subj_11,theoph_subject_11,319.8,65.0,0.3,4.200919151306152,8.074921181258713,8.074921216487505,4,11,1,False,43,population_nosigma0
LOO_10_theoph_subject_11,population,one_compartment,Subj_11,theoph_subject_11,319.8,65.0,0.45,4.200919151306152,2.1714290356746955,2.1714299389430187,5,11,1,False,43,population_nosigma0
LOO_10_theoph_subject_11,population,one_compartment,Subj_11,theoph_subject_11,319.8,65.0,0.55,4.200919151306152,0.09181419276001704,0.09181319470344967,7,11,1,False,43,population_nosigma0
LOO_10_theoph_subject_11,population,one_compartment,Subj_11,theoph_subject_11,319.8,65.0,0.75,4.200919151306152,0.039388007892499785,0.03938797378489977,9,11,1,False,43,population_nosigma0
LOO_10_theoph_subject_11,population,one_compartment,Subj_11,theoph_subject_11,319.8,65.0,1.0,4.200919151306152,0.038746928028894415,0.038746928029079586,11,11,1,False,43,population_nosigma0
LOO_10_theoph_subject_11,population,two_compartment,Subj_11,theoph_subject_11,319.8,65.0,0.1,7.266278266906738,6.718519999758772,6.7185199903471755,2,11,1,False,43,population_nosigma0
LOO_10_theoph_subject_11,population,two_compartment,Subj_11,theoph_subject_11,319.8,65.0,0.2,7.266278266906738,6.718519999291871,6.7185199903564925,3,11,1,False,43,population_nosigma0
LOO_10_theoph_subject_11,population,two_compartment,Subj_11,theoph_subject_11,319.8,65.0,0.3,7.266278266906738,6.718519998884543,6.718519990361451,4,11,1,False,43,population_nosigma0
LOO_10_theoph_subject_11,population,two_compartment,Subj_11,theoph_subject_11,319.8,65.0,0.45,7.266278266906738,6.718519998489206,6.718519999780281,5,11,1,False,43,population_nosigma0
LOO_10_theoph_subject_11,population,two_compartment,Subj_11,theoph_subject_11,319.8,65.0,0.55,7.266278266906738,6.718519999698978,6.718519993410394,7,11,1,False,43,population_nosigma0
LOO_10_theoph_subject_11,population,two_compartment,Subj_11,theoph_subject_11,319.8,65.0,0.75,7.266278266906738,6.718519999621671,6.718519999810565,9,11,1,False,43,population_nosigma0
LOO_10_theoph_subject_11,population,two_compartment,Subj_11,theoph_subject_11,319.8,65.0,1.0,7.266278266906738,6.699721831899356,6.699721835395923,11,11,1,False,43,population_nosigma0
LOO_11_theoph_subject_12,population,one_compartment,Subj_12,theoph_subject_12,320.65,60.5,0.1,0.8037582039833069,37.411709165604414,40.13133306722288,2,11,1,False,43,population_nosigma0
LOO_11_theoph_subject_12,population,one_compartment,Subj_12,theoph_subject_12,320.65,60.5,0.2,0.8037582039833069,4060.8321083355204,4060.1831263560916,3,11,1,False,43,population_nosigma0
LOO_11_theoph_subject_12,population,one_compartment,Subj_12,theoph_subject_12,320.65,60.5,0.3,0.8037582039833069,4492.92801253927,4491.9949069948625,4,11,1,False,43,population_nosigma0
LOO_11_theoph_subject_12,population,one_compartment,Subj_12,theoph_subject_12,320.65,60.5,0.45,0.8037582039833069,1.4517639609969344,1.4517545681850073,5,11,1,False,43,population_nosigma0
LOO_11_theoph_subject_12,population,one_compartment,Subj_12,theoph_subject_12,320.65,60.5,0.55,0.8037582039833069,1.254377334170348,1.2543919152877676,7,11,1,False,43,population_nosigma0
LOO_11_theoph_subject_12,population,one_compartment,Subj_12,theoph_subject_12,320.65,60.5,0.75,0.8037582039833069,0.2785236872978861,0.2785242036303213,9,11,1,False,43,population_nosigma0
LOO_11_theoph_subject_12,population,one_compartment,Subj_12,theoph_subject_12,320.65,60.5,1.0,0.8037582039833069,0.2553815650791256,0.25538156508538595,11,11,1,False,43,population_nosigma0
LOO_11_theoph_subject_12,population,two_compartment,Subj_12,theoph_subject_12,320.65,60.5,0.1,14.987942695617676,39.29152712176631,39.1078597693577,2,11,1,False,43,population_nosigma0
LOO_11_theoph_subject_12,population,two_compartment,Subj_12,theoph_subject_12,320.65,60.5,0.2,14.987942695617676,14.87900475046344,14.879012215707029,3,11,1,False,43,population_nosigma0
LOO_11_theoph_subject_12,population,two_compartment,Subj_12,theoph_subject_12,320.65,60.5,0.3,14.987942695617676,14.862900556832056,14.862900399258484,4,11,1,False,43,population_nosigma0
LOO_11_theoph_subject_12,population,two_compartment,Subj_12,theoph_subject_12,320.65,60.5,0.45,14.987942695617676,14.862898593063608,14.86289863898071,5,11,1,False,43,population_nosigma0
LOO_11_theoph_subject_12,population,two_compartment,Subj_12,theoph_subject_12,320.65,60.5,0.55,14.987942695617676,14.862898590505585,14.862898641218937,7,11,1,False,43,population_nosigma0
LOO_11_theoph_subject_12,population,two_compartment,Subj_12,theoph_subject_12,320.65,60.5,0.75,14.987942695617676,14.86289858668595,14.862898640899708,9,11,1,False,43,population_nosigma0
LOO_11_theoph_subject_12,population,two_compartment,Subj_12,theoph_subject_12,320.65,60.5,1.0,14.987942695617676,14.862898587887042,14.86289866038523,11,11,1,False,43,population_nosigma0
LOO_00_theoph_subject_01,population,one_compartment,Subj_01,theoph_subject_01,319.99199999999996,79.6,0.1,9.66594123840332,35.02388598951851,6.744005141411671,2,11,1,False,44,population_nosigma0
LOO_00_theoph_subject_01,population,one_compartment,Subj_01,theoph_subject_01,319.99199999999996,79.6,0.2,9.66594123840332,10102.350232542209,10102.278058062257,3,11,1,False,44,population_nosigma0
LOO_00_theoph_subject_01,population,one_compartment,Subj_01,theoph_subject_01,319.99199999999996,79.6,0.3,9.66594123840332,11.085749048626079,11.085627946202486,4,11,1,False,44,population_nosigma0
LOO_00_theoph_subject_01,population,one_compartment,Subj_01,theoph_subject_01,319.99199999999996,79.6,0.45,9.66594123840332,13.08546809760161,13.085484457154278,5,11,1,False,44,population_nosigma0
LOO_00_theoph_subject_01,population,one_compartment,Subj_01,theoph_subject_01,319.99199999999996,79.6,0.55,9.66594123840332,1.4559431413953627,1.456035076887279,7,11,1,False,44,population_nosigma0
LOO_00_theoph_subject_01,population,one_compartment,Subj_01,theoph_subject_01,319.99199999999996,79.6,0.75,9.66594123840332,0.45811970197844243,0.4581174371578275,9,11,1,False,44,population_nosigma0
LOO_00_theoph_subject_01,population,one_compartment,Subj_01,theoph_subject_01,319.99199999999996,79.6,1.0,9.66594123840332,0.38963718406346454,0.38963718440517514,11,11,1,False,44,population_nosigma0
LOO_00_theoph_subject_01,population,two_compartment,Subj_01,theoph_subject_01,319.99199999999996,79.6,0.1,18.358793258666992,34.794899574278745,33.74381509717049,2,11,1,False,44,population_nosigma0
LOO_00_theoph_subject_01,population,two_compartment,Subj_01,theoph_subject_01,319.99199999999996,79.6,0.2,18.358793258666992,18.35710515560439,18.357105196570764,3,11,1,False,44,population_nosigma0
LOO_00_theoph_subject_01,population,two_compartment,Subj_01,theoph_subject_01,319.99199999999996,79.6,0.3,18.358793258666992,18.35710509099385,18.35710511763235,4,11,1,False,44,population_nosigma0
LOO_00_theoph_subject_01,population,two_compartment,Subj_01,theoph_subject_01,319.99199999999996,79.6,0.45,18.358793258666992,18.357105086471226,18.357105118909043,5,11,1,False,44,population_nosigma0
LOO_00_theoph_subject_01,population,two_compartment,Subj_01,theoph_subject_01,319.99199999999996,79.6,0.55,18.358793258666992,18.357105083401237,18.35710513237086,7,11,1,False,44,population_nosigma0
LOO_00_theoph_subject_01,population,two_compartment,Subj_01,theoph_subject_01,319.99199999999996,79.6,0.75,18.358793258666992,18.357105083117073,18.357105120223885,9,11,1,False,44,population_nosigma0
LOO_00_theoph_subject_01,population,two_compartment,Subj_01,theoph_subject_01,319.99199999999996,79.6,1.0,18.358793258666992,18.357105080763066,18.357105117132477,11,11,1,False,44,population_nosigma0
LOO_01_theoph_subject_02,population,one_compartment,Subj_02,theoph_subject_02,318.56000000000006,72.4,0.1,1.41063392162323,17.847517488325938,28.564209766436452,2,11,1,False,44,population_nosigma0
LOO_01_theoph_subject_02,population,one_compartment,Subj_02,theoph_subject_02,318.56000000000006,72.4,0.2,1.41063392162323,14130.090604556288,13897.53159513729,3,11,1,False,44,population_nosigma0
LOO_01_theoph_subject_02,population,one_compartment,Subj_02,theoph_subject_02,318.56000000000006,72.4,0.3,1.41063392162323,4.915549185445855,4.915509825853061,4,11,1,False,44,population_nosigma0
LOO_01_theoph_subject_02,population,one_compartment,Subj_02,theoph_subject_02,318.56000000000006,72.4,0.45,1.41063392162323,6.6762428579036825,6.676190403532436,5,11,1,False,44,population_nosigma0
LOO_01_theoph_subject_02,population,one_compartment,Subj_02,theoph_subject_02,318.56000000000006,72.4,0.55,1.41063392162323,1.1352489644265444,1.13522302657296,7,11,1,False,44,population_nosigma0
LOO_01_theoph_subject_02,population,one_compartment,Subj_02,theoph_subject_02,318.56000000000006,72.4,0.75,1.41063392162323,0.8145606477543502,0.8145610580864558,9,11,1,False,44,population_nosigma0
LOO_01_theoph_subject_02,population,one_compartment,Subj_02,theoph_subject_02,318.56000000000006,72.4,1.0,1.41063392162323,0.8134822109753834,0.8134822111566479,11,11,1,False,44,population_nosigma0
LOO_01_theoph_subject_02,population,two_compartment,Subj_02,theoph_subject_02,318.56000000000006,72.4,0.1,10.051948547363281,23.548717788424618,27.876787103505986,2,11,1,False,44,population_nosigma0
LOO_01_theoph_subject_02,population,two_compartment,Subj_02,theoph_subject_02,318.56000000000006,72.4,0.2,10.051948547363281,10.050043082014172,10.050043336340606,3,11,1,False,44,population_nosigma0
LOO_01_theoph_subject_02,population,two_compartment,Subj_02,theoph_subject_02,318.56000000000006,72.4,0.3,10.051948547363281,10.050007501196859,10.05000751346209,4,11,1,False,44,population_nosigma0
LOO_01_theoph_subject_02,population,two_compartment,Subj_02,theoph_subject_02,318.56000000000006,72.4,0.45,10.051948547363281,10.050007501322474,10.050007525362993,5,11,1,False,44,population_nosigma0
LOO_01_theoph_subject_02,population,two_compartment,Subj_02,theoph_subject_02,318.56000000000006,72.4,0.55,10.051948547363281,10.050007500032638,10.050007509005335,7,11,1,False,44,population_nosigma0
LOO_01_theoph_subject_02,population,two_compartment,Subj_02,theoph_subject_02,318.56000000000006,72.4,0.75,10.051948547363281,10.05000750006641,10.050007518260374,9,11,1,False,44,population_nosigma0
LOO_01_theoph_subject_02,population,two_compartment,Subj_02,theoph_subject_02,318.56000000000006,72.4,1.0,10.051948547363281,10.050007500247126,10.050007512170787,11,11,1,False,44,population_nosigma0
LOO_02_theoph_subject_03,population,one_compartment,Subj_03,theoph_subject_03,319.365,70.5,0.1,0.6191040873527527,5.08543242183182,0.2009121239789077,2,11,1,False,44,population_nosigma0
LOO_02_theoph_subject_03,population,one_compartment,Subj_03,theoph_subject_03,319.365,70.5,0.2,0.6191040873527527,6.415050807976439,0.09812913346375694,3,11,1,False,44,population_nosigma0
LOO_02_theoph_subject_03,population,one_compartment,Subj_03,theoph_subject_03,319.365,70.5,0.3,0.6191040873527527,0.5721900231082008,0.5721900231083049,4,11,1,False,44,population_nosigma0
LOO_02_theoph_subject_03,population,one_compartment,Subj_03,theoph_subject_03,319.365,70.5,0.45,0.6191040873527527,2.218842554258086,2.2188425925136257,5,11,1,False,44,population_nosigma0
LOO_02_theoph_subject_03,population,one_compartment,Subj_03,theoph_subject_03,319.365,70.5,0.55,0.6191040873527527,0.03988536449104405,0.03988537388568145,7,11,1,False,44,population_nosigma0
LOO_02_theoph_subject_03,population,one_compartment,Subj_03,theoph_subject_03,319.365,70.5,0.75,0.6191040873527527,0.043842726478633125,0.04384276693661142,9,11,1,False,44,population_nosigma0
LOO_02_theoph_subject_03,population,one_compartment,Subj_03,theoph_subject_03,319.365,70.5,1.0,0.6191040873527527,0.03966126670644605,0.03966126670650665,11,11,1,False,44,population_nosigma0
LOO_02_theoph_subject_03,population,two_compartment,Subj_03,theoph_subject_03,319.365,70.5,0.1,9.365559577941895,9.205188021460224,9.205188050871628,2,11,1,False,44,population_nosigma0
LOO_02_theoph_subject_03,population,two_compartment,Subj_03,theoph_subject_03,319.365,70.5,0.2,9.365559577941895,9.20518802842851,9.205188050036945,3,11,1,False,44,population_nosigma0
LOO_02_theoph_subject_03,population,two_compartment,Subj_03,theoph_subject_03,319.365,70.5,0.3,9.365559577941895,9.205188021620717,9.205188049411486,4,11,1,False,44,population_nosigma0
LOO_02_theoph_subject_03,population,two_compartment,Subj_03,theoph_subject_03,319.365,70.5,0.45,9.365559577941895,9.205188021086832,9.20518805200203,5,11,1,False,44,population_nosigma0
LOO_02_theoph_subject_03,population,two_compartment,Subj_03,theoph_subject_03,319.365,70.5,0.55,9.365559577941895,9.205188021163638,9.205188044147905,7,11,1,False,44,population_nosigma0
LOO_02_theoph_subject_03,population,two_compartment,Subj_03,theoph_subject_03,319.365,70.5,0.75,9.365559577941895,9.205188021181248,9.20518804061473,9,11,1,False,44,population_nosigma0
LOO_02_theoph_subject_03,population,two_compartment,Subj_03,theoph_subject_03,319.365,70.5,1.0,9.365559577941895,9.205188020726133,9.205188059893642,11,11,1,False,44,population_nosigma0
LOO_03_theoph_subject_04,population,one_compartment,Subj_04,theoph_subject_04,319.88000000000005,72.7,0.1,1.1458780765533447,30.303216728106108,30.4543731937659,2,11,1,False,44,population_nosigma0
LOO_03_theoph_subject_04,population,one_compartment,Subj_04,theoph_subject_04,319.88000000000005,72.7,0.2,1.1458780765533447,3919.1647592417894,3851.5632876180334,3,11,1,False,44,population_nosigma0
LOO_03_theoph_subject_04,population,one_compartment,Subj_04,theoph_subject_04,319.88000000000005,72.7,0.3,1.1458780765533447,4718.15830436559,4638.172990518433,4,11,1,False,44,population_nosigma0
LOO_03_theoph_subject_04,population,one_compartment,Subj_04,theoph_subject_04,319.88000000000005,72.7,0.45,1.1458780765533447,3.7394484457955723,3.739456621556626,5,11,1,False,44,population_nosigma0
LOO_03_theoph_subject_04,population,one_compartment,Subj_04,theoph_subject_04,319.88000000000005,72.7,0.55,1.1458780765533447,1.469443068831424,1.4693780207164437,7,11,1,False,44,population_nosigma0
LOO_03_theoph_subject_04,population,one_compartment,Subj_04,theoph_subject_04,319.88000000000005,72.7,0.75,1.1458780765533447,0.5276325441849887,0.5276341249459245,9,11,1,False,44,population_nosigma0
LOO_03_theoph_subject_04,population,one_compartment,Subj_04,theoph_subject_04,319.88000000000005,72.7,1.0,1.1458780765533447,0.5210864185864765,0.5210864186004247,11,11,1,False,44,population_nosigma0
LOO_03_theoph_subject_04,population,two_compartment,Subj_04,theoph_subject_04,319.88000000000005,72.7,0.1,9.840786933898926,24.721524853966727,29.244652334854162,2,11,1,False,44,population_nosigma0
LOO_03_theoph_subject_04,population,two_compartment,Subj_04,theoph_subject_04,319.88000000000005,72.7,0.2,9.840786933898926,9.814653227660312,9.814656893944424,3,11,1,False,44,population_nosigma0
LOO_03_theoph_subject_04,population,two_compartment,Subj_04,theoph_subject_04,319.88000000000005,72.7,0.3,9.840786933898926,9.809848293616186,9.80984829148059,4,11,1,False,44,population_nosigma0
LOO_03_theoph_subject_04,population,two_compartment,Subj_04,theoph_subject_04,319.88000000000005,72.7,0.45,9.840786933898926,9.80984825669299,9.809848290385295,5,11,1,False,44,population_nosigma0
LOO_03_theoph_subject_04,population,two_compartment,Subj_04,theoph_subject_04,319.88000000000005,72.7,0.55,9.840786933898926,9.809848253582286,9.80984830024734,7,11,1,False,44,population_nosigma0
LOO_03_theoph_subject_04,population,two_compartment,Subj_04,theoph_subject_04,319.88000000000005,72.7,0.75,9.840786933898926,9.809848254325551,9.809848290540485,9,11,1,False,44,population_nosigma0
LOO_03_theoph_subject_04,population,two_compartment,Subj_04,theoph_subject_04,319.88000000000005,72.7,1.0,9.840786933898926,9.80984825438446,9.809848293160377,11,11,1,False,44,population_nosigma0
LOO_04_theoph_subject_05,population,one_compartment,Subj_05,theoph_subject_05,319.956,54.6,0.1,9.407299041748047,41.36457540181951,31.140249422738226,2,11,1,False,44,population_nosigma0
LOO_04_theoph_subject_05,population,one_compartment,Subj_05,theoph_subject_05,319.956,54.6,0.2,9.407299041748047,7467.0428594706755,7467.125045335816,3,11,1,False,44,population_nosigma0
LOO_04_theoph_subject_05,population,one_compartment,Subj_05,theoph_subject_05,319.956,54.6,0.3,9.407299041748047,9422.977997029748,9418.8201002902,4,11,1,False,44,population_nosigma0
LOO_04_theoph_subject_05,population,one_compartment,Subj_05,theoph_subject_05,319.956,54.6,0.45,9.407299041748047,8.877244851692277,8.877427663436613,5,11,1,False,44,population_nosigma0
LOO_04_theoph_subject_05,population,one_compartment,Subj_05,theoph_subject_05,319.956,54.6,0.55,9.407299041748047,2.5149239002784936,2.514850228187018,7,11,1,False,44,population_nosigma0
LOO_04_theoph_subject_05,population,one_compartment,Subj_05,theoph_subject_05,319.956,54.6,0.75,9.407299041748047,1.2251744935203597,1.2251770814138787,9,11,1,False,44,population_nosigma0
LOO_04_theoph_subject_05,population,one_compartment,Subj_05,theoph_subject_05,319.956,54.6,1.0,9.407299041748047,1.2239517886036833,1.2239517890042977,11,11,1,False,44,population_nosigma0
LOO_04_theoph_subject_05,population,two_compartment,Subj_05,theoph_subject_05,319.956,54.6,0.1,17.09838104248047,41.01616998668695,41.37169089489753,2,11,1,False,44,population_nosigma0
LOO_04_theoph_subject_05,population,two_compartment,Subj_05,theoph_subject_05,319.956,54.6,0.2,17.09838104248047,17.08713104932842,17.087131018188206,3,11,1,False,44,population_nosigma0
LOO_04_theoph_subject_05,population,two_compartment,Subj_05,theoph_subject_05,319.956,54.6,0.3,17.09838104248047,17.086621455941675,17.08662149774438,4,11,1,False,44,population_nosigma0
LOO_04_theoph_subject_05,population,two_compartment,Subj_05,theoph_subject_05,319.956,54.6,0.45,17.09838104248047,17.08662145086381,17.08662157627701,5,11,1,False,44,population_nosigma0
LOO_04_theoph_subject_05,population,two_compartment,Subj_05,theoph_subject_05,319.956,54.6,0.55,17.09838104248047,17.08662144637412,17.086621500652736,7,11,1,False,44,population_nosigma0
LOO_04_theoph_subject_05,population,two_compartment,Subj_05,theoph_subject_05,319.956,54.6,0.75,17.09838104248047,17.0866214487641,17.086621496820342,9,11,1,False,44,population_nosigma0
LOO_04_theoph_subject_05,population,two_compartment,Subj_05,theoph_subject_05,319.956,54.6,1.0,17.09838104248047,17.086621448614782,17.08662149678122,11,11,1,False,44,population_nosigma0
LOO_05_theoph_subject_06,population,one_compartment,Subj_06,theoph_subject_06,320.0,80.0,0.1,9.492486953735352,8.41279791335329,16.433945820628065,2,11,1,False,44,population_nosigma0
LOO_05_theoph_subject_06,population,one_compartment,Subj_06,theoph_subject_06,320.0,80.0,0.2,9.492486953735352,2043.3282720552015,2012.8065429360975,3,11,1,False,44,population_nosigma0
LOO_05_theoph_subject_06,population,one_compartment,Subj_06,theoph_subject_06,320.0,80.0,0.3,9.492486953735352,2290.3942077225465,2255.2301844438607,4,11,1,False,44,population_nosigma0
LOO_05_theoph_subject_06,population,one_compartment,Subj_06,theoph_subject_06,320.0,80.0,0.45,9.492486953735352,1.287529535069429,1.2875698234835995,5,11,1,False,44,population_nosigma0
LOO_05_theoph_subject_06,population,one_compartment,Subj_06,theoph_subject_06,320.0,80.0,0.55,9.492486953735352,0.8214785509499744,0.8214712041377648,7,11,1,False,44,population_nosigma0
LOO_05_theoph_subject_06,population,one_compartment,Subj_06,theoph_subject_06,320.0,80.0,0.75,9.492486953735352,0.241116541467965,0.24111963883551296,9,11,1,False,44,population_nosigma0
LOO_05_theoph_subject_06,population,one_compartment,Subj_06,theoph_subject_06,320.0,80.0,1.0,9.492486953735352,0.22220365612942575,0.22220365632823527,11,11,1,False,44,population_nosigma0
LOO_05_theoph_subject_06,population,two_compartment,Subj_06,theoph_subject_06,320.0,80.0,0.1,3.458251714706421,3.880424621304853,15.904421937666571,2,11,1,False,44,population_nosigma0
LOO_05_theoph_subject_06,population,two_compartment,Subj_06,theoph_subject_06,320.0,80.0,0.2,3.458251714706421,3.2795851749316185,3.2795852028785295,3,11,1,False,44,population_nosigma0
LOO_05_theoph_subject_06,population,two_compartment,Subj_06,theoph_subject_06,320.0,80.0,0.3,3.458251714706421,3.246438546396922,3.246438419476409,4,11,1,False,44,population_nosigma0
LOO_05_theoph_subject_06,population,two_compartment,Subj_06,theoph_subject_06,320.0,80.0,0.45,3.458251714706421,3.2464032412681805,3.2464032173884196,5,11,1,False,44,population_nosigma0
LOO_05_theoph_subject_06,population,two_compartment,Subj_06,theoph_subject_06,320.0,80.0,0.55,3.458251714706421,3.246403241723955,3.246406027006848,7,11,1,False,44,population_nosigma0
LOO_05_theoph_subject_06,population,two_compartment,Subj_06,theoph_subject_06,320.0,80.0,0.75,3.458251714706421,3.2464032418974726,3.2464032408135455,9,11,1,False,44,population_nosigma0
LOO_05_theoph_subject_06,population,two_compartment,Subj_06,theoph_subject_06,320.0,80.0,1.0,3.458251714706421,3.1997029914192283,3.199702991479335,11,11,1,False,44,population_nosigma0
LOO_06_theoph_subject_07,population,one_compartment,Subj_07,theoph_subject_07,319.77,64.6,0.1,4.557858467102051,17.705540867855476,20.757267463487278,2,11,1,False,44,population_nosigma0
LOO_06_theoph_subject_07,population,one_compartment,Subj_07,theoph_subject_07,319.77,64.6,0.2,4.557858467102051,1455.7878068225245,1431.0927954745666,3,11,1,False,44,population_nosigma0
LOO_06_theoph_subject_07,population,one_compartment,Subj_07,theoph_subject_07,319.77,64.6,0.3,4.557858467102051,1722.3735265878402,1721.332827616524,4,11,1,False,44,population_nosigma0
LOO_06_theoph_subject_07,population,one_compartment,Subj_07,theoph_subject_07,319.77,64.6,0.45,4.557858467102051,0.37048037809354734,0.37047698264526424,5,11,1,False,44,population_nosigma0
LOO_06_theoph_subject_07,population,one_compartment,Subj_07,theoph_subject_07,319.77,64.6,0.55,4.557858467102051,0.4106783671432778,0.4106918446667519,7,11,1,False,44,population_nosigma0
LOO_06_theoph_subject_07,population,one_compartment,Subj_07,theoph_subject_07,319.77,64.6,0.75,4.557858467102051,0.14750162237997622,0.14750213318372307,9,11,1,False,44,population_nosigma0
LOO_06_theoph_subject_07,population,one_compartment,Subj_07,theoph_subject_07,319.77,64.6,1.0,4.557858467102051,0.09059610784289102,0.09059610784332374,11,11,1,False,44,population_nosigma0
LOO_06_theoph_subject_07,population,two_compartment,Subj_07,theoph_subject_07,319.77,64.6,0.1,5.225351333618164,20.30951378799034,20.490263659984638,2,11,1,False,44,population_nosigma0
LOO_06_theoph_subject_07,population,two_compartment,Subj_07,theoph_subject_07,319.77,64.6,0.2,5.225351333618164,4.9317691966521915,4.931768773271705,3,11,1,False,44,population_nosigma0
LOO_06_theoph_subject_07,population,two_compartment,Subj_07,theoph_subject_07,319.77,64.6,0.3,5.225351333618164,4.836657278981677,4.83665778328429,4,11,1,False,44,population_nosigma0
LOO_06_theoph_subject_07,population,two_compartment,Subj_07,theoph_subject_07,319.77,64.6,0.45,5.225351333618164,4.836068126595368,4.836068093539421,5,11,1,False,44,population_nosigma0
LOO_06_theoph_subject_07,population,two_compartment,Subj_07,theoph_subject_07,319.77,64.6,0.55,5.225351333618164,4.836067852797565,4.836067853257552,7,11,1,False,44,population_nosigma0
LOO_06_theoph_subject_07,population,two_compartment,Subj_07,theoph_subject_07,319.77,64.6,0.75,5.225351333618164,4.83606785288878,4.83606785335479,9,11,1,False,44,population_nosigma0
LOO_06_theoph_subject_07,population,two_compartment,Subj_07,theoph_subject_07,319.77,64.6,1.0,5.225351333618164,4.836067852562008,4.836067856641315,11,11,1,False,44,population_nosigma0
LOO_07_theoph_subject_08,population,one_compartment,Subj_08,theoph_subject_08,319.365,70.5,0.1,1.0166678428649902,8.245636521548294,18.030909535729478,2,11,1,False,44,population_nosigma0
LOO_07_theoph_subject_08,population,one_compartment,Subj_08,theoph_subject_08,319.365,70.5,0.2,1.0166678428649902,6.148778098370055,19.583032879186526,3,11,1,False,44,population_nosigma0
LOO_07_theoph_subject_08,population,one_compartment,Subj_08,theoph_subject_08,319.365,70.5,0.3,1.0166678428649902,536.3089492870005,536.2786971984556,4,11,1,False,44,population_nosigma0
LOO_07_theoph_subject_08,population,one_compartment,Subj_08,theoph_subject_08,319.365,70.5,0.45,1.0166678428649902,3.3922260748471205,3.3921290766167362,5,11,1,False,44,population_nosigma0
LOO_07_theoph_subject_08,population,one_compartment,Subj_08,theoph_subject_08,319.365,70.5,0.55,1.0166678428649902,0.6324100591061107,0.6324205792053011,7,11,1,False,44,population_nosigma0
LOO_07_theoph_subject_08,population,one_compartment,Subj_08,theoph_subject_08,319.365,70.5,0.75,1.0166678428649902,0.334978803077807,0.3349789839096808,9,11,1,False,44,population_nosigma0
LOO_07_theoph_subject_08,population,one_compartment,Subj_08,theoph_subject_08,319.365,70.5,1.0,1.0166678428649902,0.33485007809675066,0.3348500781124801,11,11,1,False,44,population_nosigma0
LOO_07_theoph_subject_08,population,two_compartment,Subj_08,theoph_subject_08,319.365,70.5,0.1,5.719714164733887,12.242897167778636,11.348648077439806,2,11,1,False,44,population_nosigma0
LOO_07_theoph_subject_08,population,two_compartment,Subj_08,theoph_subject_08,319.365,70.5,0.2,5.719714164733887,8.924460090491221,8.928500078589993,3,11,1,False,44,population_nosigma0
LOO_07_theoph_subject_08,population,two_compartment,Subj_08,theoph_subject_08,319.365,70.5,0.3,5.719714164733887,5.713662347185933,5.713662428852752,4,11,1,False,44,population_nosigma0
LOO_07_theoph_subject_08,population,two_compartment,Subj_08,theoph_subject_08,319.365,70.5,0.45,5.719714164733887,5.713662347149509,5.71366609768749,5,11,1,False,44,population_nosigma0
LOO_07_theoph_subject_08,population,two_compartment,Subj_08,theoph_subject_08,319.365,70.5,0.55,5.719714164733887,5.713662347075668,5.713662419941629,7,11,1,False,44,population_nosigma0
LOO_07_theoph_subject_08,population,two_compartment,Subj_08,theoph_subject_08,319.365,70.5,0.75,5.719714164733887,5.713662347094814,5.71366234741603,9,11,1,False,44,population_nosigma0
LOO_07_theoph_subject_08,population,two_compartment,Subj_08,theoph_subject_08,319.365,70.5,1.0,5.719714164733887,5.713662346901996,5.713662348676407,11,11,1,False,44,population_nosigma0
LOO_08_theoph_subject_09,population,one_compartment,Subj_09,theoph_subject_09,267.84000000000003,86.4,0.1,4.509802341461182,2.049872232396633,0.6156740665116106,2,11,1,False,44,population_nosigma0
LOO_08_theoph_subject_09,population,one_compartment,Subj_09,theoph_subject_09,267.84000000000003,86.4,0.2,4.509802341461182,5.791967658542902,3.4112856161499137,3,11,1,False,44,population_nosigma0
LOO_08_theoph_subject_09,population,one_compartment,Subj_09,theoph_subject_09,267.84000000000003,86.4,0.3,4.509802341461182,10.891035742380609,10.891036569585529,4,11,1,False,44,population_nosigma0
LOO_08_theoph_subject_09,population,one_compartment,Subj_09,theoph_subject_09,267.84000000000003,86.4,0.45,4.509802341461182,3.1676779848689502,3.1677153406141314,5,11,1,False,44,population_nosigma0
LOO_08_theoph_subject_09,population,one_compartment,Subj_09,theoph_subject_09,267.84000000000003,86.4,0.55,4.509802341461182,0.28547196068861214,0.28547307383550824,7,11,1,False,44,population_nosigma0
LOO_08_theoph_subject_09,population,one_compartment,Subj_09,theoph_subject_09,267.84000000000003,86.4,0.75,4.509802341461182,0.23003758104931651,0.2300381933571148,9,11,1,False,44,population_nosigma0
LOO_08_theoph_subject_09,population,one_compartment,Subj_09,theoph_subject_09,267.84000000000003,86.4,1.0,4.509802341461182,0.22625944686558236,0.22625944697786515,11,11,1,False,44,population_nosigma0
LOO_08_theoph_subject_09,population,two_compartment,Subj_09,theoph_subject_09,267.84000000000003,86.4,0.1,11.007467269897461,10.96202015620028,10.96202016370632,2,11,1,False,44,population_nosigma0
LOO_08_theoph_subject_09,population,two_compartment,Subj_09,theoph_subject_09,267.84000000000003,86.4,0.2,11.007467269897461,10.962020151440035,10.962020164020336,3,11,1,False,44,population_nosigma0
LOO_08_theoph_subject_09,population,two_compartment,Subj_09,theoph_subject_09,267.84000000000003,86.4,0.3,11.007467269897461,10.962020153830279,10.962020178363895,4,11,1,False,44,population_nosigma0
LOO_08_theoph_subject_09,population,two_compartment,Subj_09,theoph_subject_09,267.84000000000003,86.4,0.45,11.007467269897461,10.962020147734414,10.962020179059278,5,11,1,False,44,population_nosigma0
LOO_08_theoph_subject_09,population,two_compartment,Subj_09,theoph_subject_09,267.84000000000003,86.4,0.55,11.007467269897461,10.962020146962951,10.962020178620625,7,11,1,False,44,population_nosigma0
LOO_08_theoph_subject_09,population,two_compartment,Subj_09,theoph_subject_09,267.84000000000003,86.4,0.75,11.007467269897461,10.962020146080075,10.962020177992823,9,11,1,False,44,population_nosigma0
LOO_08_theoph_subject_09,population,two_compartment,Subj_09,theoph_subject_09,267.84000000000003,86.4,1.0,11.007467269897461,10.962020145677648,10.962020178050459,11,11,1,False,44,population_nosigma0
LOO_09_theoph_subject_10,population,one_compartment,Subj_10,theoph_subject_10,320.1,58.2,0.1,1.4265730381011963,20.721348966686126,42.11149847450721,2,11,1,False,44,population_nosigma0
LOO_09_theoph_subject_10,population,one_compartment,Subj_10,theoph_subject_10,320.1,58.2,0.2,1.4265730381011963,4.271735598443959,12.983606638698681,3,11,1,False,44,population_nosigma0
LOO_09_theoph_subject_10,population,one_compartment,Subj_10,theoph_subject_10,320.1,58.2,0.3,1.4265730381011963,17.908289332140967,17.90829352486469,4,11,1,False,44,population_nosigma0
LOO_09_theoph_subject_10,population,one_compartment,Subj_10,theoph_subject_10,320.1,58.2,0.45,1.4265730381011963,11.110901062843412,11.110879390103289,5,11,1,False,44,population_nosigma0
LOO_09_theoph_subject_10,population,one_compartment,Subj_10,theoph_subject_10,320.1,58.2,0.55,1.4265730381011963,1.045305163047557,1.0453143303482129,7,11,1,False,44,population_nosigma0
LOO_09_theoph_subject_10,population,one_compartment,Subj_10,theoph_subject_10,320.1,58.2,0.75,1.4265730381011963,0.12698270295661604,0.12698284904916662,9,11,1,False,44,population_nosigma0
LOO_09_theoph_subject_10,population,one_compartment,Subj_10,theoph_subject_10,320.1,58.2,1.0,1.4265730381011963,0.12285474971308333,0.12285474971308631,11,11,1,False,44,population_nosigma0
LOO_09_theoph_subject_10,population,two_compartment,Subj_10,theoph_subject_10,320.1,58.2,0.1,15.119065284729004,31.853390522540124,30.87994258781323,2,11,1,False,44,population_nosigma0
LOO_09_theoph_subject_10,population,two_compartment,Subj_10,theoph_subject_10,320.1,58.2,0.2,15.119065284729004,15.116408221714995,15.116408278936518,3,11,1,False,44,population_nosigma0
LOO_09_theoph_subject_10,population,two_compartment,Subj_10,theoph_subject_10,320.1,58.2,0.3,15.119065284729004,15.116344674545036,15.116344742165778,4,11,1,False,44,population_nosigma0
LOO_09_theoph_subject_10,population,two_compartment,Subj_10,theoph_subject_10,320.1,58.2,0.45,15.119065284729004,15.11634466510619,15.116344747848245,5,11,1,False,44,population_nosigma0
LOO_09_theoph_subject_10,population,two_compartment,Subj_10,theoph_subject_10,320.1,58.2,0.55,15.119065284729004,15.116344663470311,15.116344745068943,7,11,1,False,44,population_nosigma0
LOO_09_theoph_subject_10,population,two_compartment,Subj_10,theoph_subject_10,320.1,58.2,0.75,15.119065284729004,15.116344664200085,15.116344759149245,9,11,1,False,44,population_nosigma0
LOO_09_theoph_subject_10,population,two_compartment,Subj_10,theoph_subject_10,320.1,58.2,1.0,15.119065284729004,15.116344663204735,15.116344743191389,11,11,1,False,44,population_nosigma0
LOO_10_theoph_subject_11,population,one_compartment,Subj_11,theoph_subject_11,319.8,65.0,0.1,4.269387722015381,14.387797522944407,5.229111331423542,2,11,1,False,44,population_nosigma0
LOO_10_theoph_subject_11,population,one_compartment,Subj_11,theoph_subject_11,319.8,65.0,0.2,4.269387722015381,19.402649922030704,0.3957354053703482,3,11,1,False,44,population_nosigma0
LOO_10_theoph_subject_11,population,one_compartment,Subj_11,theoph_subject_11,319.8,65.0,0.3,4.269387722015381,8.074921569760743,8.07491992967086,4,11,1,False,44,population_nosigma0
LOO_10_theoph_subject_11,population,one_compartment,Subj_11,theoph_subject_11,319.8,65.0,0.45,4.269387722015381,2.1714289450189748,2.171430248781877,5,11,1,False,44,population_nosigma0
LOO_10_theoph_subject_11,population,one_compartment,Subj_11,theoph_subject_11,319.8,65.0,0.55,4.269387722015381,0.09181422714219405,0.09181309484250466,7,11,1,False,44,population_nosigma0
LOO_10_theoph_subject_11,population,one_compartment,Subj_11,theoph_subject_11,319.8,65.0,0.75,4.269387722015381,0.03938799443487731,0.039387966571470916,9,11,1,False,44,population_nosigma0
LOO_10_theoph_subject_11,population,one_compartment,Subj_11,theoph_subject_11,319.8,65.0,1.0,4.269387722015381,0.038746928029071134,0.03874692803703875,11,11,1,False,44,population_nosigma0
LOO_10_theoph_subject_11,population,two_compartment,Subj_11,theoph_subject_11,319.8,65.0,0.1,7.061375141143799,6.71851999884144,6.7185199888851095,2,11,1,False,44,population_nosigma0
LOO_10_theoph_subject_11,population,two_compartment,Subj_11,theoph_subject_11,319.8,65.0,0.2,7.061375141143799,6.718519998259424,6.718519991597694,3,11,1,False,44,population_nosigma0
LOO_10_theoph_subject_11,population,two_compartment,Subj_11,theoph_subject_11,319.8,65.0,0.3,7.061375141143799,6.718519999303422,6.7185199909380495,4,11,1,False,44,population_nosigma0
LOO_10_theoph_subject_11,population,two_compartment,Subj_11,theoph_subject_11,319.8,65.0,0.45,7.061375141143799,6.7185199991570554,6.71851998504751,5,11,1,False,44,population_nosigma0
LOO_10_theoph_subject_11,population,two_compartment,Subj_11,theoph_subject_11,319.8,65.0,0.55,7.061375141143799,6.718519999784352,6.718519993341238,7,11,1,False,44,population_nosigma0
LOO_10_theoph_subject_11,population,two_compartment,Subj_11,theoph_subject_11,319.8,65.0,0.75,7.061375141143799,6.718519999859339,6.718519997516501,9,11,1,False,44,population_nosigma0
LOO_10_theoph_subject_11,population,two_compartment,Subj_11,theoph_subject_11,319.8,65.0,1.0,7.061375141143799,6.699721833160123,6.699721834597832,11,11,1,False,44,population_nosigma0
LOO_11_theoph_subject_12,population,one_compartment,Subj_12,theoph_subject_12,320.65,60.5,0.1,1.1048613786697388,39.68891021366196,38.38580741504843,2,11,1,False,44,population_nosigma0
LOO_11_theoph_subject_12,population,one_compartment,Subj_12,theoph_subject_12,320.65,60.5,0.2,1.1048613786697388,4059.6026549205535,3990.79504632406,3,11,1,False,44,population_nosigma0
LOO_11_theoph_subject_12,population,one_compartment,Subj_12,theoph_subject_12,320.65,60.5,0.3,1.1048613786697388,4491.570012997803,4420.966620171105,4,11,1,False,44,population_nosigma0
LOO_11_theoph_subject_12,population,one_compartment,Subj_12,theoph_subject_12,320.65,60.5,0.45,1.1048613786697388,1.4518827076971632,1.4517469648471257,5,11,1,False,44,population_nosigma0
LOO_11_theoph_subject_12,population,one_compartment,Subj_12,theoph_subject_12,320.65,60.5,0.55,1.1048613786697388,1.2543799149632215,1.2544326426777261,7,11,1,False,44,population_nosigma0
LOO_11_theoph_subject_12,population,one_compartment,Subj_12,theoph_subject_12,320.65,60.5,0.75,1.1048613786697388,0.2785240949914771,0.2785241970509751,9,11,1,False,44,population_nosigma0
LOO_11_theoph_subject_12,population,one_compartment,Subj_12,theoph_subject_12,320.65,60.5,1.0,1.1048613786697388,0.25538156507948045,0.25538156509376153,11,11,1,False,44,population_nosigma0
LOO_11_theoph_subject_12,population,two_compartment,Subj_12,theoph_subject_12,320.65,60.5,0.1,14.97469425201416,39.18727545050119,39.03041101705383,2,11,1,False,44,population_nosigma0
LOO_11_theoph_subject_12,population,two_compartment,Subj_12,theoph_subject_12,320.65,60.5,0.2,14.97469425201416,14.879005758440242,14.87900021941144,3,11,1,False,44,population_nosigma0
LOO_11_theoph_subject_12,population,two_compartment,Subj_12,theoph_subject_12,320.65,60.5,0.3,14.97469425201416,14.86290052747171,14.862900514373337,4,11,1,False,44,population_nosigma0
LOO_11_theoph_subject_12,population,two_compartment,Subj_12,theoph_subject_12,320.65,60.5,0.45,14.97469425201416,14.862898589683647,14.862898647145933,5,11,1,False,44,population_nosigma0
LOO_11_theoph_subject_12,population,two_compartment,Subj_12,theoph_subject_12,320.65,60.5,0.55,14.97469425201416,14.862898589289829,14.862898649714491,7,11,1,False,44,population_nosigma0
LOO_11_theoph_subject_12,population,two_compartment,Subj_12,theoph_subject_12,320.65,60.5,0.75,14.97469425201416,14.862898588877345,14.862898643869626,9,11,1,False,44,population_nosigma0
LOO_11_theoph_subject_12,population,two_compartment,Subj_12,theoph_subject_12,320.65,60.5,1.0,14.97469425201416,14.862898588736716,14.862898645790164,11,11,1,False,44,population_nosigma0
LOO_00_theoph_subject_01,population,one_compartment,Subj_01,theoph_subject_01,319.99199999999996,79.6,0.1,9.504655838012695,45.04213317823154,6.741675951765071,2,11,1,False,45,population_nosigma0
LOO_00_theoph_subject_01,population,one_compartment,Subj_01,theoph_subject_01,319.99199999999996,79.6,0.2,9.504655838012695,10102.739917795554,10102.306072510888,3,11,1,False,45,population_nosigma0
LOO_00_theoph_subject_01,population,one_compartment,Subj_01,theoph_subject_01,319.99199999999996,79.6,0.3,9.504655838012695,11.085635125310661,11.08529146417695,4,11,1,False,45,population_nosigma0
LOO_00_theoph_subject_01,population,one_compartment,Subj_01,theoph_subject_01,319.99199999999996,79.6,0.45,9.504655838012695,13.08532516705944,13.085436642698118,5,11,1,False,45,population_nosigma0
LOO_00_theoph_subject_01,population,one_compartment,Subj_01,theoph_subject_01,319.99199999999996,79.6,0.55,9.504655838012695,1.4559425226736948,1.456031250561532,7,11,1,False,45,population_nosigma0
LOO_00_theoph_subject_01,population,one_compartment,Subj_01,theoph_subject_01,319.99199999999996,79.6,0.75,9.504655838012695,0.4581198890201293,0.4581175311087286,9,11,1,False,45,population_nosigma0
LOO_00_theoph_subject_01,population,one_compartment,Subj_01,theoph_subject_01,319.99199999999996,79.6,1.0,9.504655838012695,0.3896371840619351,0.389637184062017,11,11,1,False,45,population_nosigma0
LOO_00_theoph_subject_01,population,two_compartment,Subj_01,theoph_subject_01,319.99199999999996,79.6,0.1,18.363801956176758,36.62925711472974,29.60251315181802,2,11,1,False,45,population_nosigma0
LOO_00_theoph_subject_01,population,two_compartment,Subj_01,theoph_subject_01,319.99199999999996,79.6,0.2,18.363801956176758,18.357105155675452,18.357105192009392,3,11,1,False,45,population_nosigma0
LOO_00_theoph_subject_01,population,two_compartment,Subj_01,theoph_subject_01,319.99199999999996,79.6,0.3,18.363801956176758,18.35710509590801,18.357105164525652,4,11,1,False,45,population_nosigma0
LOO_00_theoph_subject_01,population,two_compartment,Subj_01,theoph_subject_01,319.99199999999996,79.6,0.45,18.363801956176758,18.35710508562809,18.357105122075836,5,11,1,False,45,population_nosigma0
LOO_00_theoph_subject_01,population,two_compartment,Subj_01,theoph_subject_01,319.99199999999996,79.6,0.55,18.363801956176758,18.357105086613217,18.357105128900244,7,11,1,False,45,population_nosigma0
LOO_00_theoph_subject_01,population,two_compartment,Subj_01,theoph_subject_01,319.99199999999996,79.6,0.75,18.363801956176758,18.35710508356986,18.357105136033297,9,11,1,False,45,population_nosigma0
LOO_00_theoph_subject_01,population,two_compartment,Subj_01,theoph_subject_01,319.99199999999996,79.6,1.0,18.363801956176758,18.357105083552895,18.35710512200285,11,11,1,False,45,population_nosigma0
LOO_01_theoph_subject_02,population,one_compartment,Subj_02,theoph_subject_02,318.56000000000006,72.4,0.1,1.432525873184204,29.31497359237541,28.63422517786014,2,11,1,False,45,population_nosigma0
LOO_01_theoph_subject_02,population,one_compartment,Subj_02,theoph_subject_02,318.56000000000006,72.4,0.2,1.432525873184204,14130.667769015547,14121.62888468476,3,11,1,False,45,population_nosigma0
LOO_01_theoph_subject_02,population,one_compartment,Subj_02,theoph_subject_02,318.56000000000006,72.4,0.3,1.432525873184204,4.915454437137655,4.915262061701918,4,11,1,False,45,population_nosigma0
LOO_01_theoph_subject_02,population,one_compartment,Subj_02,theoph_subject_02,318.56000000000006,72.4,0.45,1.432525873184204,6.676208714364692,6.676200406619852,5,11,1,False,45,population_nosigma0
LOO_01_theoph_subject_02,population,one_compartment,Subj_02,theoph_subject_02,318.56000000000006,72.4,0.55,1.432525873184204,1.1352506779644518,1.1352852937961895,7,11,1,False,45,population_nosigma0
LOO_01_theoph_subject_02,population,one_compartment,Subj_02,theoph_subject_02,318.56000000000006,72.4,0.75,1.432525873184204,0.814560641859969,0.8145608544696316,9,11,1,False,45,population_nosigma0
LOO_01_theoph_subject_02,population,one_compartment,Subj_02,theoph_subject_02,318.56000000000006,72.4,1.0,1.432525873184204,0.8134822109730369,0.8134822110725536,11,11,1,False,45,population_nosigma0
LOO_01_theoph_subject_02,population,two_compartment,Subj_02,theoph_subject_02,318.56000000000006,72.4,0.1,10.052236557006836,28.14557313587577,27.902318767965088,2,11,1,False,45,population_nosigma0
LOO_01_theoph_subject_02,population,two_compartment,Subj_02,theoph_subject_02,318.56000000000006,72.4,0.2,10.052236557006836,10.050043227055633,10.050043163456067,3,11,1,False,45,population_nosigma0
LOO_01_theoph_subject_02,population,two_compartment,Subj_02,theoph_subject_02,318.56000000000006,72.4,0.3,10.052236557006836,10.050007502404274,10.050007511025562,4,11,1,False,45,population_nosigma0
LOO_01_theoph_subject_02,population,two_compartment,Subj_02,theoph_subject_02,318.56000000000006,72.4,0.45,10.052236557006836,10.050007500314406,10.050007513093218,5,11,1,False,45,population_nosigma0
LOO_01_theoph_subject_02,population,two_compartment,Subj_02,theoph_subject_02,318.56000000000006,72.4,0.55,10.052236557006836,10.050007500743511,10.05000751042674,7,11,1,False,45,population_nosigma0
LOO_01_theoph_subject_02,population,two_compartment,Subj_02,theoph_subject_02,318.56000000000006,72.4,0.75,10.052236557006836,10.050007500499762,10.05000752748191,9,11,1,False,45,population_nosigma0
LOO_01_theoph_subject_02,population,two_compartment,Subj_02,theoph_subject_02,318.56000000000006,72.4,1.0,10.052236557006836,10.050007500336394,10.050007530938334,11,11,1,False,45,population_nosigma0
LOO_02_theoph_subject_03,population,one_compartment,Subj_03,theoph_subject_03,319.365,70.5,0.1,0.72543865442276,14.837804301912366,0.13381155861187807,2,11,1,False,45,population_nosigma0
LOO_02_theoph_subject_03,population,one_compartment,Subj_03,theoph_subject_03,319.365,70.5,0.2,0.72543865442276,12.398566236215606,0.2321372619075914,3,11,1,False,45,population_nosigma0
LOO_02_theoph_subject_03,population,one_compartment,Subj_03,theoph_subject_03,319.365,70.5,0.3,0.72543865442276,0.572190023108232,0.5721900187135794,4,11,1,False,45,population_nosigma0
LOO_02_theoph_subject_03,population,one_compartment,Subj_03,theoph_subject_03,319.365,70.5,0.45,0.72543865442276,2.2188425683799373,2.218842575606339,5,11,1,False,45,population_nosigma0
LOO_02_theoph_subject_03,population,one_compartment,Subj_03,theoph_subject_03,319.365,70.5,0.55,0.72543865442276,0.03988536450851681,0.03988536929623581,7,11,1,False,45,population_nosigma0
LOO_02_theoph_subject_03,population,one_compartment,Subj_03,theoph_subject_03,319.365,70.5,0.75,0.72543865442276,0.043842726305138,0.04384277670736537,9,11,1,False,45,population_nosigma0
LOO_02_theoph_subject_03,population,one_compartment,Subj_03,theoph_subject_03,319.365,70.5,1.0,0.72543865442276,0.0396612667064464,0.0396612667064719,11,11,1,False,45,population_nosigma0
LOO_02_theoph_subject_03,population,two_compartment,Subj_03,theoph_subject_03,319.365,70.5,0.1,9.350296020507812,9.205188021671104,9.205188048229301,2,11,1,False,45,population_nosigma0
LOO_02_theoph_subject_03,population,two_compartment,Subj_03,theoph_subject_03,319.365,70.5,0.2,9.350296020507812,9.205188023470797,9.205188069140045,3,11,1,False,45,population_nosigma0
LOO_02_theoph_subject_03,population,two_compartment,Subj_03,theoph_subject_03,319.365,70.5,0.3,9.350296020507812,9.205188022204075,9.205188047805219,4,11,1,False,45,population_nosigma0
LOO_02_theoph_subject_03,population,two_compartment,Subj_03,theoph_subject_03,319.365,70.5,0.45,9.350296020507812,9.205188022709406,9.205188047097103,5,11,1,False,45,population_nosigma0
LOO_02_theoph_subject_03,population,two_compartment,Subj_03,theoph_subject_03,319.365,70.5,0.55,9.350296020507812,9.205188021559797,9.205188064728016,7,11,1,False,45,population_nosigma0
LOO_02_theoph_subject_03,population,two_compartment,Subj_03,theoph_subject_03,319.365,70.5,0.75,9.350296020507812,9.205188020937898,9.20518804460423,9,11,1,False,45,population_nosigma0
LOO_02_theoph_subject_03,population,two_compartment,Subj_03,theoph_subject_03,319.365,70.5,1.0,9.350296020507812,9.205188020774969,9.205188064361629,11,11,1,False,45,population_nosigma0
LOO_03_theoph_subject_04,population,one_compartment,Subj_04,theoph_subject_04,319.88000000000005,72.7,0.1,1.1115086078643799,30.877848650696738,30.432161539682497,2,11,1,False,45,population_nosigma0
LOO_03_theoph_subject_04,population,one_compartment,Subj_04,theoph_subject_04,319.88000000000005,72.7,0.2,1.1115086078643799,3918.7717699015575,3851.526871574471,3,11,1,False,45,population_nosigma0
LOO_03_theoph_subject_04,population,one_compartment,Subj_04,theoph_subject_04,319.88000000000005,72.7,0.3,1.1115086078643799,4718.0388500390545,4717.134156238629,4,11,1,False,45,population_nosigma0
LOO_03_theoph_subject_04,population,one_compartment,Subj_04,theoph_subject_04,319.88000000000005,72.7,0.45,1.1115086078643799,3.7395907097696424,3.7394545528932226,5,11,1,False,45,population_nosigma0
LOO_03_theoph_subject_04,population,one_compartment,Subj_04,theoph_subject_04,319.88000000000005,72.7,0.55,1.1115086078643799,1.4694227470827224,1.4693525223755295,7,11,1,False,45,population_nosigma0
LOO_03_theoph_subject_04,population,one_compartment,Subj_04,theoph_subject_04,319.88000000000005,72.7,0.75,1.1115086078643799,0.5276320408502136,0.5276283908745977,9,11,1,False,45,population_nosigma0
LOO_03_theoph_subject_04,population,one_compartment,Subj_04,theoph_subject_04,319.88000000000005,72.7,1.0,1.1115086078643799,0.5210864185564371,0.5210864187601806,11,11,1,False,45,population_nosigma0
LOO_03_theoph_subject_04,population,two_compartment,Subj_04,theoph_subject_04,319.88000000000005,72.7,0.1,9.839757919311523,29.225789627569835,29.25985968689539,2,11,1,False,45,population_nosigma0
LOO_03_theoph_subject_04,population,two_compartment,Subj_04,theoph_subject_04,319.88000000000005,72.7,0.2,9.839757919311523,9.814652798318091,9.814655554728601,3,11,1,False,45,population_nosigma0
LOO_03_theoph_subject_04,population,two_compartment,Subj_04,theoph_subject_04,319.88000000000005,72.7,0.3,9.839757919311523,9.809848281609572,9.809848359123132,4,11,1,False,45,population_nosigma0
LOO_03_theoph_subject_04,population,two_compartment,Subj_04,theoph_subject_04,319.88000000000005,72.7,0.45,9.839757919311523,9.809848256118942,9.809848290183778,5,11,1,False,45,population_nosigma0
LOO_03_theoph_subject_04,population,two_compartment,Subj_04,theoph_subject_04,319.88000000000005,72.7,0.55,9.839757919311523,9.809848253272628,9.809848290865268,7,11,1,False,45,population_nosigma0
LOO_03_theoph_subject_04,population,two_compartment,Subj_04,theoph_subject_04,319.88000000000005,72.7,0.75,9.839757919311523,9.809848254434439,9.809848289674697,9,11,1,False,45,population_nosigma0
LOO_03_theoph_subject_04,population,two_compartment,Subj_04,theoph_subject_04,319.88000000000005,72.7,1.0,9.839757919311523,9.809848253480736,9.809848311300582,11,11,1,False,45,population_nosigma0
LOO_04_theoph_subject_05,population,one_compartment,Subj_05,theoph_subject_05,319.956,54.6,0.1,8.747427940368652,26.775438273497187,8.566476914544518,2,11,1,False,45,population_nosigma0
LOO_04_theoph_subject_05,population,one_compartment,Subj_05,theoph_subject_05,319.956,54.6,0.2,8.747427940368652,7468.177247577231,7340.838670527309,3,11,1,False,45,population_nosigma0
LOO_04_theoph_subject_05,population,one_compartment,Subj_05,theoph_subject_05,319.956,54.6,0.3,8.747427940368652,9422.38098607909,9422.590966686725,4,11,1,False,45,population_nosigma0
LOO_04_theoph_subject_05,population,one_compartment,Subj_05,theoph_subject_05,319.956,54.6,0.45,8.747427940368652,8.877427985741603,8.877142929229509,5,11,1,False,45,population_nosigma0
LOO_04_theoph_subject_05,population,one_compartment,Subj_05,theoph_subject_05,319.956,54.6,0.55,8.747427940368652,2.514924129177201,2.5151972638356916,7,11,1,False,45,population_nosigma0
LOO_04_theoph_subject_05,population,one_compartment,Subj_05,theoph_subject_05,319.956,54.6,0.75,8.747427940368652,1.2251737171872379,1.2251775796610322,9,11,1,False,45,population_nosigma0
LOO_04_theoph_subject_05,population,one_compartment,Subj_05,theoph_subject_05,319.956,54.6,1.0,8.747427940368652,1.2239517887189648,1.2239517892087852,11,11,1,False,45,population_nosigma0
LOO_04_theoph_subject_05,population,two_compartment,Subj_05,theoph_subject_05,319.956,54.6,0.1,17.10008430480957,41.21476737326713,40.64159688951963,2,11,1,False,45,population_nosigma0
LOO_04_theoph_subject_05,population,two_compartment,Subj_05,theoph_subject_05,319.956,54.6,0.2,17.10008430480957,17.087131308231584,17.087129474849224,3,11,1,False,45,population_nosigma0
LOO_04_theoph_subject_05,population,two_compartment,Subj_05,theoph_subject_05,319.956,54.6,0.3,17.10008430480957,17.086621451509686,17.086621497006174,4,11,1,False,45,population_nosigma0
LOO_04_theoph_subject_05,population,two_compartment,Subj_05,theoph_subject_05,319.956,54.6,0.45,17.10008430480957,17.086621451973244,17.086621496590865,5,11,1,False,45,population_nosigma0
LOO_04_theoph_subject_05,population,two_compartment,Subj_05,theoph_subject_05,319.956,54.6,0.55,17.10008430480957,17.08662145033273,17.086624738366528,7,11,1,False,45,population_nosigma0
LOO_04_theoph_subject_05,population,two_compartment,Subj_05,theoph_subject_05,319.956,54.6,0.75,17.10008430480957,17.086621446852522,17.08662151542322,9,11,1,False,45,population_nosigma0
LOO_04_theoph_subject_05,population,two_compartment,Subj_05,theoph_subject_05,319.956,54.6,1.0,17.10008430480957,17.08662144925263,17.086621563435028,11,11,1,False,45,population_nosigma0
LOO_05_theoph_subject_06,population,one_compartment,Subj_06,theoph_subject_06,320.0,80.0,0.1,9.459967613220215,16.24350686998089,16.44545946865709,2,11,1,False,45,population_nosigma0
LOO_05_theoph_subject_06,population,one_compartment,Subj_06,theoph_subject_06,320.0,80.0,0.2,9.459967613220215,2043.3059020723165,2012.8052254781387,3,11,1,False,45,population_nosigma0
LOO_05_theoph_subject_06,population,one_compartment,Subj_06,theoph_subject_06,320.0,80.0,0.3,9.459967613220215,2290.3833462513717,2289.489789390417,4,11,1,False,45,population_nosigma0
LOO_05_theoph_subject_06,population,one_compartment,Subj_06,theoph_subject_06,320.0,80.0,0.45,9.459967613220215,1.287555380602401,1.287460334275073,5,11,1,False,45,population_nosigma0
LOO_05_theoph_subject_06,population,one_compartment,Subj_06,theoph_subject_06,320.0,80.0,0.55,9.459967613220215,0.8215216514859616,0.821471236722451,7,11,1,False,45,population_nosigma0
LOO_05_theoph_subject_06,population,one_compartment,Subj_06,theoph_subject_06,320.0,80.0,0.75,9.459967613220215,0.24111873873436204,0.24111964923482762,9,11,1,False,45,population_nosigma0
LOO_05_theoph_subject_06,population,one_compartment,Subj_06,theoph_subject_06,320.0,80.0,1.0,9.459967613220215,0.22220365615485632,0.22220365633372643,11,11,1,False,45,population_nosigma0
LOO_05_theoph_subject_06,population,two_compartment,Subj_06,theoph_subject_06,320.0,80.0,0.1,3.467125177383423,15.611569149852118,15.949757530707313,2,11,1,False,45,population_nosigma0
LOO_05_theoph_subject_06,population,two_compartment,Subj_06,theoph_subject_06,320.0,80.0,0.2,3.467125177383423,3.2795857194832916,3.2795841796361156,3,11,1,False,45,population_nosigma0
LOO_05_theoph_subject_06,population,two_compartment,Subj_06,theoph_subject_06,320.0,80.0,0.3,3.467125177383423,3.24643860255272,3.2464383622830226,4,11,1,False,45,population_nosigma0
LOO_05_theoph_subject_06,population,two_compartment,Subj_06,theoph_subject_06,320.0,80.0,0.45,3.467125177383423,3.246403241436083,3.2464031015455985,5,11,1,False,45,population_nosigma0
LOO_05_theoph_subject_06,population,two_compartment,Subj_06,theoph_subject_06,320.0,80.0,0.55,3.467125177383423,3.2464032419945443,3.2464032398391307,7,11,1,False,45,population_nosigma0
LOO_05_theoph_subject_06,population,two_compartment,Subj_06,theoph_subject_06,320.0,80.0,0.75,3.467125177383423,3.24640324209898,3.246403239544719,9,11,1,False,45,population_nosigma0
LOO_05_theoph_subject_06,population,two_compartment,Subj_06,theoph_subject_06,320.0,80.0,1.0,3.467125177383423,3.1997029913934454,3.199703777310121,11,11,1,False,45,population_nosigma0
LOO_06_theoph_subject_07,population,one_compartment,Subj_07,theoph_subject_07,319.77,64.6,0.1,4.741541862487793,15.498126981942669,20.75986155449246,2,11,1,False,45,population_nosigma0
LOO_06_theoph_subject_07,population,one_compartment,Subj_07,theoph_subject_07,319.77,64.6,0.2,4.741541862487793,1455.890013501321,1455.1806168645787,3,11,1,False,45,population_nosigma0
LOO_06_theoph_subject_07,population,one_compartment,Subj_07,theoph_subject_07,319.77,64.6,0.3,4.741541862487793,1721.8991233194902,1693.4559302188063,4,11,1,False,45,population_nosigma0
LOO_06_theoph_subject_07,population,one_compartment,Subj_07,theoph_subject_07,319.77,64.6,0.45,4.741541862487793,0.3705092694215281,0.3704745073885478,5,11,1,False,45,population_nosigma0
LOO_06_theoph_subject_07,population,one_compartment,Subj_07,theoph_subject_07,319.77,64.6,0.55,4.741541862487793,0.41067988377874687,0.4106863309167897,7,11,1,False,45,population_nosigma0
LOO_06_theoph_subject_07,population,one_compartment,Subj_07,theoph_subject_07,319.77,64.6,0.75,4.741541862487793,0.14750164959319687,0.147502229957572,9,11,1,False,45,population_nosigma0
LOO_06_theoph_subject_07,population,one_compartment,Subj_07,theoph_subject_07,319.77,64.6,1.0,4.741541862487793,0.09059610784292192,0.09059610784353386,11,11,1,False,45,population_nosigma0
LOO_06_theoph_subject_07,population,two_compartment,Subj_07,theoph_subject_07,319.77,64.6,0.1,5.190403938293457,20.719317293121197,20.405381479839495,2,11,1,False,45,population_nosigma0
LOO_06_theoph_subject_07,population,two_compartment,Subj_07,theoph_subject_07,319.77,64.6,0.2,5.190403938293457,4.931769107318514,4.931767145616714,3,11,1,False,45,population_nosigma0
LOO_06_theoph_subject_07,population,two_compartment,Subj_07,theoph_subject_07,319.77,64.6,0.3,5.190403938293457,4.836657393455817,4.836657536693118,4,11,1,False,45,population_nosigma0
LOO_06_theoph_subject_07,population,two_compartment,Subj_07,theoph_subject_07,319.77,64.6,0.45,5.190403938293457,4.836068124653738,4.83606810751027,5,11,1,False,45,population_nosigma0
LOO_06_theoph_subject_07,population,two_compartment,Subj_07,theoph_subject_07,319.77,64.6,0.55,5.190403938293457,4.836067852901423,4.836067854632128,7,11,1,False,45,population_nosigma0
LOO_06_theoph_subject_07,population,two_compartment,Subj_07,theoph_subject_07,319.77,64.6,0.75,5.190403938293457,4.836067852416315,4.836067854794805,9,11,1,False,45,population_nosigma0
LOO_06_theoph_subject_07,population,two_compartment,Subj_07,theoph_subject_07,319.77,64.6,1.0,5.190403938293457,4.836067852511347,4.836067969567905,11,11,1,False,45,population_nosigma0
LOO_07_theoph_subject_08,population,one_compartment,Subj_08,theoph_subject_08,319.365,70.5,0.1,1.216320514678955,11.646105440012565,18.51423268065423,2,11,1,False,45,population_nosigma0
LOO_07_theoph_subject_08,population,one_compartment,Subj_08,theoph_subject_08,319.365,70.5,0.2,1.216320514678955,19.68099718989384,19.71379797106765,3,11,1,False,45,population_nosigma0
LOO_07_theoph_subject_08,population,one_compartment,Subj_08,theoph_subject_08,319.365,70.5,0.3,1.216320514678955,536.3088353604139,536.2944332707909,4,11,1,False,45,population_nosigma0
LOO_07_theoph_subject_08,population,one_compartment,Subj_08,theoph_subject_08,319.365,70.5,0.45,1.216320514678955,3.392154368423453,3.392229111512879,5,11,1,False,45,population_nosigma0
LOO_07_theoph_subject_08,population,one_compartment,Subj_08,theoph_subject_08,319.365,70.5,0.55,1.216320514678955,0.632411317517069,0.6323976820061794,7,11,1,False,45,population_nosigma0
LOO_07_theoph_subject_08,population,one_compartment,Subj_08,theoph_subject_08,319.365,70.5,0.75,1.216320514678955,0.33497876625378287,0.3349789963480261,9,11,1,False,45,population_nosigma0
LOO_07_theoph_subject_08,population,one_compartment,Subj_08,theoph_subject_08,319.365,70.5,1.0,1.216320514678955,0.3348500780975378,0.33485007813601525,11,11,1,False,45,population_nosigma0
LOO_07_theoph_subject_08,population,two_compartment,Subj_08,theoph_subject_08,319.365,70.5,0.1,5.71922492980957,12.237100203281477,11.410684356654238,2,11,1,False,45,population_nosigma0
LOO_07_theoph_subject_08,population,two_compartment,Subj_08,theoph_subject_08,319.365,70.5,0.2,5.71922492980957,8.870286376267632,8.770060442441698,3,11,1,False,45,population_nosigma0
LOO_07_theoph_subject_08,population,two_compartment,Subj_08,theoph_subject_08,319.365,70.5,0.3,5.71922492980957,5.713662347211437,5.7136623574010335,4,11,1,False,45,population_nosigma0
LOO_07_theoph_subject_08,population,two_compartment,Subj_08,theoph_subject_08,319.365,70.5,0.45,5.71922492980957,5.713662347153002,5.713662357905759,5,11,1,False,45,population_nosigma0
LOO_07_theoph_subject_08,population,two_compartment,Subj_08,theoph_subject_08,319.365,70.5,0.55,5.71922492980957,5.71366234700201,5.713662359939364,7,11,1,False,45,population_nosigma0
LOO_07_theoph_subject_08,population,two_compartment,Subj_08,theoph_subject_08,319.365,70.5,0.75,5.71922492980957,5.713662346945542,5.713666830072754,9,11,1,False,45,population_nosigma0
LOO_07_theoph_subject_08,population,two_compartment,Subj_08,theoph_subject_08,319.365,70.5,1.0,5.71922492980957,5.713662346892917,5.713662356982722,11,11,1,False,45,population_nosigma0
LOO_08_theoph_subject_09,population,one_compartment,Subj_09,theoph_subject_09,267.84000000000003,86.4,0.1,28.99445152282715,4.737724406913613,17.914954561244915,2,11,1,False,45,population_nosigma0
LOO_08_theoph_subject_09,population,one_compartment,Subj_09,theoph_subject_09,267.84000000000003,86.4,0.2,28.99445152282715,1.0007457437114509,8.552179989238528,3,11,1,False,45,population_nosigma0
LOO_08_theoph_subject_09,population,one_compartment,Subj_09,theoph_subject_09,267.84000000000003,86.4,0.3,28.99445152282715,10.891037600434105,10.891037225341693,4,11,1,False,45,population_nosigma0
LOO_08_theoph_subject_09,population,one_compartment,Subj_09,theoph_subject_09,267.84000000000003,86.4,0.45,28.99445152282715,3.16768457397127,3.1677074533926817,5,11,1,False,45,population_nosigma0
LOO_08_theoph_subject_09,population,one_compartment,Subj_09,theoph_subject_09,267.84000000000003,86.4,0.55,28.99445152282715,0.2854695812753883,0.28546647191645147,7,11,1,False,45,population_nosigma0
LOO_08_theoph_subject_09,population,one_compartment,Subj_09,theoph_subject_09,267.84000000000003,86.4,0.75,28.99445152282715,0.23003807787401234,0.23003852345894227,9,11,1,False,45,population_nosigma0
LOO_08_theoph_subject_09,population,one_compartment,Subj_09,theoph_subject_09,267.84000000000003,86.4,1.0,28.99445152282715,0.22625944681965057,0.2262594470048927,11,11,1,False,45,population_nosigma0
LOO_08_theoph_subject_09,population,two_compartment,Subj_09,theoph_subject_09,267.84000000000003,86.4,0.1,10.996499061584473,10.962020155952557,10.96202016340794,2,11,1,False,45,population_nosigma0
LOO_08_theoph_subject_09,population,two_compartment,Subj_09,theoph_subject_09,267.84000000000003,86.4,0.2,10.996499061584473,10.96202014836043,10.962020163411104,3,11,1,False,45,population_nosigma0
LOO_08_theoph_subject_09,population,two_compartment,Subj_09,theoph_subject_09,267.84000000000003,86.4,0.3,10.996499061584473,10.962020147196862,10.962020163404377,4,11,1,False,45,population_nosigma0
LOO_08_theoph_subject_09,population,two_compartment,Subj_09,theoph_subject_09,267.84000000000003,86.4,0.45,10.996499061584473,10.96202014858045,10.96202016340235,5,11,1,False,45,population_nosigma0
LOO_08_theoph_subject_09,population,two_compartment,Subj_09,theoph_subject_09,267.84000000000003,86.4,0.55,10.996499061584473,10.962020146756425,10.962020182125535,7,11,1,False,45,population_nosigma0
LOO_08_theoph_subject_09,population,two_compartment,Subj_09,theoph_subject_09,267.84000000000003,86.4,0.75,10.996499061584473,10.96202014765333,10.96202018250658,9,11,1,False,45,population_nosigma0
LOO_08_theoph_subject_09,population,two_compartment,Subj_09,theoph_subject_09,267.84000000000003,86.4,1.0,10.996499061584473,10.962020145772732,10.962020183302819,11,11,1,False,45,population_nosigma0
LOO_09_theoph_subject_10,population,one_compartment,Subj_10,theoph_subject_10,320.1,58.2,0.1,1.3844513893127441,27.020029470087056,42.110142632150435,2,11,1,False,45,population_nosigma0
LOO_09_theoph_subject_10,population,one_compartment,Subj_10,theoph_subject_10,320.1,58.2,0.2,1.3844513893127441,15.1293848802331,12.993623980498258,3,11,1,False,45,population_nosigma0
LOO_09_theoph_subject_10,population,one_compartment,Subj_10,theoph_subject_10,320.1,58.2,0.3,1.3844513893127441,17.9082895803919,17.908293087685465,4,11,1,False,45,population_nosigma0
LOO_09_theoph_subject_10,population,one_compartment,Subj_10,theoph_subject_10,320.1,58.2,0.45,1.3844513893127441,11.110818981682534,11.110901261577578,5,11,1,False,45,population_nosigma0
LOO_09_theoph_subject_10,population,one_compartment,Subj_10,theoph_subject_10,320.1,58.2,0.55,1.3844513893127441,1.0453040761201764,1.0453203802592475,7,11,1,False,45,population_nosigma0
LOO_09_theoph_subject_10,population,one_compartment,Subj_10,theoph_subject_10,320.1,58.2,0.75,1.3844513893127441,0.12698270271735895,0.12698285258685207,9,11,1,False,45,population_nosigma0
LOO_09_theoph_subject_10,population,one_compartment,Subj_10,theoph_subject_10,320.1,58.2,1.0,1.3844513893127441,0.12285474971308315,0.12285474971308646,11,11,1,False,45,population_nosigma0
LOO_09_theoph_subject_10,population,two_compartment,Subj_10,theoph_subject_10,320.1,58.2,0.1,15.125800132751465,19.063459416535935,28.041673342594628,2,11,1,False,45,population_nosigma0
LOO_09_theoph_subject_10,population,two_compartment,Subj_10,theoph_subject_10,320.1,58.2,0.2,15.125800132751465,15.116408229283847,15.116408120164904,3,11,1,False,45,population_nosigma0
LOO_09_theoph_subject_10,population,two_compartment,Subj_10,theoph_subject_10,320.1,58.2,0.3,15.125800132751465,15.116344667547821,15.116344773386352,4,11,1,False,45,population_nosigma0
LOO_09_theoph_subject_10,population,two_compartment,Subj_10,theoph_subject_10,320.1,58.2,0.45,15.125800132751465,15.116344665249478,15.116344706310715,5,11,1,False,45,population_nosigma0
LOO_09_theoph_subject_10,population,two_compartment,Subj_10,theoph_subject_10,320.1,58.2,0.55,15.125800132751465,15.116344663223636,15.116344836832262,7,11,1,False,45,population_nosigma0
LOO_09_theoph_subject_10,population,two_compartment,Subj_10,theoph_subject_10,320.1,58.2,0.75,15.125800132751465,15.116344666963135,15.116344691550319,9,11,1,False,45,population_nosigma0
LOO_09_theoph_subject_10,population,two_compartment,Subj_10,theoph_subject_10,320.1,58.2,1.0,15.125800132751465,15.116344665150514,15.116344694520718,11,11,1,False,45,population_nosigma0
LOO_10_theoph_subject_11,population,one_compartment,Subj_11,theoph_subject_11,319.8,65.0,0.1,4.568349838256836,3.583804468868398,2.134483511714194,2,11,1,False,45,population_nosigma0
LOO_10_theoph_subject_11,population,one_compartment,Subj_11,theoph_subject_11,319.8,65.0,0.2,4.568349838256836,0.4380451116661759,0.3965862845114666,3,11,1,False,45,population_nosigma0
LOO_10_theoph_subject_11,population,one_compartment,Subj_11,theoph_subject_11,319.8,65.0,0.3,4.568349838256836,8.074920753518363,8.074921638356871,4,11,1,False,45,population_nosigma0
LOO_10_theoph_subject_11,population,one_compartment,Subj_11,theoph_subject_11,319.8,65.0,0.45,4.568349838256836,2.1714289403871927,2.1714310017453786,5,11,1,False,45,population_nosigma0
LOO_10_theoph_subject_11,population,one_compartment,Subj_11,theoph_subject_11,319.8,65.0,0.55,4.568349838256836,0.09181395014780434,0.09181337193413386,7,11,1,False,45,population_nosigma0
LOO_10_theoph_subject_11,population,one_compartment,Subj_11,theoph_subject_11,319.8,65.0,0.75,4.568349838256836,0.039387993661521195,0.03938801954993206,9,11,1,False,45,population_nosigma0
LOO_10_theoph_subject_11,population,one_compartment,Subj_11,theoph_subject_11,319.8,65.0,1.0,4.568349838256836,0.038746928029070565,0.038746928029395965,11,11,1,False,45,population_nosigma0
LOO_10_theoph_subject_11,population,two_compartment,Subj_11,theoph_subject_11,319.8,65.0,0.1,7.055583477020264,6.718519999244558,6.718519990679198,2,11,1,False,45,population_nosigma0
LOO_10_theoph_subject_11,population,two_compartment,Subj_11,theoph_subject_11,319.8,65.0,0.2,7.055583477020264,6.718519998440152,6.718519994397371,3,11,1,False,45,population_nosigma0
LOO_10_theoph_subject_11,population,two_compartment,Subj_11,theoph_subject_11,319.8,65.0,0.3,7.055583477020264,6.7185199968087375,6.718519988948605,4,11,1,False,45,population_nosigma0
LOO_10_theoph_subject_11,population,two_compartment,Subj_11,theoph_subject_11,319.8,65.0,0.45,7.055583477020264,6.718519999315602,6.718519990961647,5,11,1,False,45,population_nosigma0
LOO_10_theoph_subject_11,population,two_compartment,Subj_11,theoph_subject_11,319.8,65.0,0.55,7.055583477020264,6.718519999338679,6.718519993836421,7,11,1,False,45,population_nosigma0
LOO_10_theoph_subject_11,population,two_compartment,Subj_11,theoph_subject_11,319.8,65.0,0.75,7.055583477020264,6.718519999500535,6.718519995194976,9,11,1,False,45,population_nosigma0
LOO_10_theoph_subject_11,population,two_compartment,Subj_11,theoph_subject_11,319.8,65.0,1.0,7.055583477020264,6.69972183190603,6.69972183499954,11,11,1,False,45,population_nosigma0
LOO_11_theoph_subject_12,population,one_compartment,Subj_12,theoph_subject_12,320.65,60.5,0.1,1.3727322816848755,39.56619371992888,38.40875884237281,2,11,1,False,45,population_nosigma0
LOO_11_theoph_subject_12,population,one_compartment,Subj_12,theoph_subject_12,320.65,60.5,0.2,1.3727322816848755,4060.578326553466,4057.733123144624,3,11,1,False,45,population_nosigma0
LOO_11_theoph_subject_12,population,one_compartment,Subj_12,theoph_subject_12,320.65,60.5,0.3,1.3727322816848755,4491.962493815442,4490.068628220585,4,11,1,False,45,population_nosigma0
LOO_11_theoph_subject_12,population,one_compartment,Subj_12,theoph_subject_12,320.65,60.5,0.45,1.3727322816848755,1.4518514314617048,1.4519553205048519,5,11,1,False,45,population_nosigma0
LOO_11_theoph_subject_12,population,one_compartment,Subj_12,theoph_subject_12,320.65,60.5,0.55,1.3727322816848755,1.254381925087305,1.2543635426520652,7,11,1,False,45,population_nosigma0
LOO_11_theoph_subject_12,population,one_compartment,Subj_12,theoph_subject_12,320.65,60.5,0.75,1.3727322816848755,0.2785238979186605,0.2785208284395402,9,11,1,False,45,population_nosigma0
LOO_11_theoph_subject_12,population,one_compartment,Subj_12,theoph_subject_12,320.65,60.5,1.0,1.3727322816848755,0.25538156508093807,0.2553815651106528,11,11,1,False,45,population_nosigma0
LOO_11_theoph_subject_12,population,two_compartment,Subj_12,theoph_subject_12,320.65,60.5,0.1,14.982879638671875,39.738720524408315,39.0822396313983,2,11,1,False,45,population_nosigma0
LOO_11_theoph_subject_12,population,two_compartment,Subj_12,theoph_subject_12,320.65,60.5,0.2,14.982879638671875,14.879006207131221,14.879007702664483,3,11,1,False,45,population_nosigma0
LOO_11_theoph_subject_12,population,two_compartment,Subj_12,theoph_subject_12,320.65,60.5,0.3,14.982879638671875,14.86290057241495,14.86290056218366,4,11,1,False,45,population_nosigma0
LOO_11_theoph_subject_12,population,two_compartment,Subj_12,theoph_subject_12,320.65,60.5,0.45,14.982879638671875,14.862898595679225,14.862898639431394,5,11,1,False,45,population_nosigma0
LOO_11_theoph_subject_12,population,two_compartment,Subj_12,theoph_subject_12,320.65,60.5,0.55,14.982879638671875,14.862898590758391,14.86289863855286,7,11,1,False,45,population_nosigma0
LOO_11_theoph_subject_12,population,two_compartment,Subj_12,theoph_subject_12,320.65,60.5,0.75,14.982879638671875,14.862898588268491,14.86289863845057,9,11,1,False,45,population_nosigma0
LOO_11_theoph_subject_12,population,two_compartment,Subj_12,theoph_subject_12,320.65,60.5,1.0,14.982879638671875,14.862898589280887,14.862898652695105,11,11,1,False,45,population_nosigma0
LOO_00_theoph_subject_01,population,one_compartment,Subj_01,theoph_subject_01,319.99199999999996,79.6,0.1,9.504068374633789,20.98100756756931,6.518511073333584,2,11,1,False,46,population_nosigma0
LOO_00_theoph_subject_01,population,one_compartment,Subj_01,theoph_subject_01,319.99199999999996,79.6,0.2,9.504068374633789,10102.489229305911,10102.304958200102,3,11,1,False,46,population_nosigma0
LOO_00_theoph_subject_01,population,one_compartment,Subj_01,theoph_subject_01,319.99199999999996,79.6,0.3,9.504068374633789,11.085743047735235,11.08616392945962,4,11,1,False,46,population_nosigma0
LOO_00_theoph_subject_01,population,one_compartment,Subj_01,theoph_subject_01,319.99199999999996,79.6,0.45,9.504068374633789,13.085365966681882,13.085229609233352,5,11,1,False,46,population_nosigma0
LOO_00_theoph_subject_01,population,one_compartment,Subj_01,theoph_subject_01,319.99199999999996,79.6,0.55,9.504068374633789,1.4560052548531055,1.4560526865171577,7,11,1,False,46,population_nosigma0
LOO_00_theoph_subject_01,population,one_compartment,Subj_01,theoph_subject_01,319.99199999999996,79.6,0.75,9.504068374633789,0.45812219217068706,0.45811705469243447,9,11,1,False,46,population_nosigma0
LOO_00_theoph_subject_01,population,one_compartment,Subj_01,theoph_subject_01,319.99199999999996,79.6,1.0,9.504068374633789,0.3896371840276276,0.38963718406400666,11,11,1,False,46,population_nosigma0
LOO_00_theoph_subject_01,population,two_compartment,Subj_01,theoph_subject_01,319.99199999999996,79.6,0.1,18.357786178588867,36.389967300278045,35.41206020290429,2,11,1,False,46,population_nosigma0
LOO_00_theoph_subject_01,population,two_compartment,Subj_01,theoph_subject_01,319.99199999999996,79.6,0.2,18.357786178588867,18.357105158954163,18.35710523463264,3,11,1,False,46,population_nosigma0
LOO_00_theoph_subject_01,population,two_compartment,Subj_01,theoph_subject_01,319.99199999999996,79.6,0.3,18.357786178588867,18.357105086709183,18.357105170939835,4,11,1,False,46,population_nosigma0
LOO_00_theoph_subject_01,population,two_compartment,Subj_01,theoph_subject_01,319.99199999999996,79.6,0.45,18.357786178588867,18.35710508666011,18.357105120921815,5,11,1,False,46,population_nosigma0
LOO_00_theoph_subject_01,population,two_compartment,Subj_01,theoph_subject_01,319.99199999999996,79.6,0.55,18.357786178588867,18.357105083232728,18.357105149850664,7,11,1,False,46,population_nosigma0
LOO_00_theoph_subject_01,population,two_compartment,Subj_01,theoph_subject_01,319.99199999999996,79.6,0.75,18.357786178588867,18.357105083946692,18.357105147787436,9,11,1,False,46,population_nosigma0
LOO_00_theoph_subject_01,population,two_compartment,Subj_01,theoph_subject_01,319.99199999999996,79.6,1.0,18.357786178588867,18.357105082601244,18.357105121859572,11,11,1,False,46,population_nosigma0
LOO_01_theoph_subject_02,population,one_compartment,Subj_02,theoph_subject_02,318.56000000000006,72.4,0.1,1.4604941606521606,17.847695238446214,29.036605109213806,2,11,1,False,46,population_nosigma0
LOO_01_theoph_subject_02,population,one_compartment,Subj_02,theoph_subject_02,318.56000000000006,72.4,0.2,1.4604941606521606,14130.812271812987,14129.53180379302,3,11,1,False,46,population_nosigma0
LOO_01_theoph_subject_02,population,one_compartment,Subj_02,theoph_subject_02,318.56000000000006,72.4,0.3,1.4604941606521606,4.915611405591149,4.915055067847351,4,11,1,False,46,population_nosigma0
LOO_01_theoph_subject_02,population,one_compartment,Subj_02,theoph_subject_02,318.56000000000006,72.4,0.45,1.4604941606521606,6.676151577881177,6.67623816549354,5,11,1,False,46,population_nosigma0
LOO_01_theoph_subject_02,population,one_compartment,Subj_02,theoph_subject_02,318.56000000000006,72.4,0.55,1.4604941606521606,1.1352615550094407,1.135273083293823,7,11,1,False,46,population_nosigma0
LOO_01_theoph_subject_02,population,one_compartment,Subj_02,theoph_subject_02,318.56000000000006,72.4,0.75,1.4604941606521606,0.8145596071685156,0.814560757906223,9,11,1,False,46,population_nosigma0
LOO_01_theoph_subject_02,population,one_compartment,Subj_02,theoph_subject_02,318.56000000000006,72.4,1.0,1.4604941606521606,0.8134822109265312,0.813482211027225,11,11,1,False,46,population_nosigma0
LOO_01_theoph_subject_02,population,two_compartment,Subj_02,theoph_subject_02,318.56000000000006,72.4,0.1,10.052207946777344,28.05267012828226,27.845162708039517,2,11,1,False,46,population_nosigma0
LOO_01_theoph_subject_02,population,two_compartment,Subj_02,theoph_subject_02,318.56000000000006,72.4,0.2,10.052207946777344,10.050043231765668,10.050042890689129,3,11,1,False,46,population_nosigma0
LOO_01_theoph_subject_02,population,two_compartment,Subj_02,theoph_subject_02,318.56000000000006,72.4,0.3,10.052207946777344,10.050007501057875,10.050007581399017,4,11,1,False,46,population_nosigma0
LOO_01_theoph_subject_02,population,two_compartment,Subj_02,theoph_subject_02,318.56000000000006,72.4,0.45,10.052207946777344,10.050007500928244,10.050007514046065,5,11,1,False,46,population_nosigma0
LOO_01_theoph_subject_02,population,two_compartment,Subj_02,theoph_subject_02,318.56000000000006,72.4,0.55,10.052207946777344,10.05000750000505,10.050007515600525,7,11,1,False,46,population_nosigma0
LOO_01_theoph_subject_02,population,two_compartment,Subj_02,theoph_subject_02,318.56000000000006,72.4,0.75,10.052207946777344,10.050007500166261,10.050007510663509,9,11,1,False,46,population_nosigma0
LOO_01_theoph_subject_02,population,two_compartment,Subj_02,theoph_subject_02,318.56000000000006,72.4,1.0,10.052207946777344,10.050007499927373,10.050007514317805,11,11,1,False,46,population_nosigma0
LOO_02_theoph_subject_03,population,one_compartment,Subj_03,theoph_subject_03,319.365,70.5,0.1,0.8109626173973083,24.368587302765295,5.52988548381351,2,11,1,False,46,population_nosigma0
LOO_02_theoph_subject_03,population,one_compartment,Subj_03,theoph_subject_03,319.365,70.5,0.2,0.8109626173973083,4.93397713734053,0.12305042639489194,3,11,1,False,46,population_nosigma0
LOO_02_theoph_subject_03,population,one_compartment,Subj_03,theoph_subject_03,319.365,70.5,0.3,0.8109626173973083,0.572190023108374,0.5721900231082387,4,11,1,False,46,population_nosigma0
LOO_02_theoph_subject_03,population,one_compartment,Subj_03,theoph_subject_03,319.365,70.5,0.45,0.8109626173973083,2.2188425882102703,2.218842570717921,5,11,1,False,46,population_nosigma0
LOO_02_theoph_subject_03,population,one_compartment,Subj_03,theoph_subject_03,319.365,70.5,0.55,0.8109626173973083,0.03988536363212555,0.03988537207433847,7,11,1,False,46,population_nosigma0
LOO_02_theoph_subject_03,population,one_compartment,Subj_03,theoph_subject_03,319.365,70.5,0.75,0.8109626173973083,0.043842726355503146,0.04384277939268879,9,11,1,False,46,population_nosigma0
LOO_02_theoph_subject_03,population,one_compartment,Subj_03,theoph_subject_03,319.365,70.5,1.0,0.8109626173973083,0.0396612667064479,0.0396612667064932,11,11,1,False,46,population_nosigma0
LOO_02_theoph_subject_03,population,two_compartment,Subj_03,theoph_subject_03,319.365,70.5,0.1,9.35642147064209,9.20518802171551,9.205188048139187,2,11,1,False,46,population_nosigma0
LOO_02_theoph_subject_03,population,two_compartment,Subj_03,theoph_subject_03,319.365,70.5,0.2,9.35642147064209,9.205188022588509,9.20518804788078,3,11,1,False,46,population_nosigma0
LOO_02_theoph_subject_03,population,two_compartment,Subj_03,theoph_subject_03,319.365,70.5,0.3,9.35642147064209,9.205188024093857,9.205188045662084,4,11,1,False,46,population_nosigma0
LOO_02_theoph_subject_03,population,two_compartment,Subj_03,theoph_subject_03,319.365,70.5,0.45,9.35642147064209,9.20518802282033,9.205188095995016,5,11,1,False,46,population_nosigma0
LOO_02_theoph_subject_03,population,two_compartment,Subj_03,theoph_subject_03,319.365,70.5,0.55,9.35642147064209,9.205188020951896,9.20518806549156,7,11,1,False,46,population_nosigma0
LOO_02_theoph_subject_03,population,two_compartment,Subj_03,theoph_subject_03,319.365,70.5,0.75,9.35642147064209,9.205188021074077,9.205188039331443,9,11,1,False,46,population_nosigma0
LOO_02_theoph_subject_03,population,two_compartment,Subj_03,theoph_subject_03,319.365,70.5,1.0,9.35642147064209,9.2051880206993,9.205188039651567,11,11,1,False,46,population_nosigma0
LOO_03_theoph_subject_04,population,one_compartment,Subj_04,theoph_subject_04,319.88000000000005,72.7,0.1,1.1617026329040527,30.15600927069196,30.47448006709924,2,11,1,False,46,population_nosigma0
LOO_03_theoph_subject_04,population,one_compartment,Subj_04,theoph_subject_04,319.88000000000005,72.7,0.2,1.1617026329040527,3919.188960324891,3851.564461546526,3,11,1,False,46,population_nosigma0
LOO_03_theoph_subject_04,population,one_compartment,Subj_04,theoph_subject_04,319.88000000000005,72.7,0.3,1.1617026329040527,4718.354225959898,4638.147598180538,4,11,1,False,46,population_nosigma0
LOO_03_theoph_subject_04,population,one_compartment,Subj_04,theoph_subject_04,319.88000000000005,72.7,0.45,1.1617026329040527,3.73945688672064,3.7394461864383217,5,11,1,False,46,population_nosigma0
LOO_03_theoph_subject_04,population,one_compartment,Subj_04,theoph_subject_04,319.88000000000005,72.7,0.55,1.1617026329040527,1.4694135301076385,1.4693622130459951,7,11,1,False,46,population_nosigma0
LOO_03_theoph_subject_04,population,one_compartment,Subj_04,theoph_subject_04,319.88000000000005,72.7,0.75,1.1617026329040527,0.5276326728421729,0.5276337485090533,9,11,1,False,46,population_nosigma0
LOO_03_theoph_subject_04,population,one_compartment,Subj_04,theoph_subject_04,319.88000000000005,72.7,1.0,1.1617026329040527,0.5210864185677537,0.5210864185950395,11,11,1,False,46,population_nosigma0
LOO_03_theoph_subject_04,population,two_compartment,Subj_04,theoph_subject_04,319.88000000000005,72.7,0.1,9.84102725982666,27.04621692189944,29.237014899337442,2,11,1,False,46,population_nosigma0
LOO_03_theoph_subject_04,population,two_compartment,Subj_04,theoph_subject_04,319.88000000000005,72.7,0.2,9.84102725982666,9.81465207480255,9.814658741629067,3,11,1,False,46,population_nosigma0
LOO_03_theoph_subject_04,population,two_compartment,Subj_04,theoph_subject_04,319.88000000000005,72.7,0.3,9.84102725982666,9.80984829483541,9.809848332789615,4,11,1,False,46,population_nosigma0
LOO_03_theoph_subject_04,population,two_compartment,Subj_04,theoph_subject_04,319.88000000000005,72.7,0.45,9.84102725982666,9.809848258214062,9.809848289599328,5,11,1,False,46,population_nosigma0
LOO_03_theoph_subject_04,population,two_compartment,Subj_04,theoph_subject_04,319.88000000000005,72.7,0.55,9.84102725982666,9.809848254520496,9.8098482895126,7,11,1,False,46,population_nosigma0
LOO_03_theoph_subject_04,population,two_compartment,Subj_04,theoph_subject_04,319.88000000000005,72.7,0.75,9.84102725982666,9.809848254268843,9.809848290285903,9,11,1,False,46,population_nosigma0
LOO_03_theoph_subject_04,population,two_compartment,Subj_04,theoph_subject_04,319.88000000000005,72.7,1.0,9.84102725982666,9.809848254263919,9.809848289510503,11,11,1,False,46,population_nosigma0
LOO_04_theoph_subject_05,population,one_compartment,Subj_05,theoph_subject_05,319.956,54.6,0.1,7.1872358322143555,31.82894698754612,30.810073022096855,2,11,1,False,46,population_nosigma0
LOO_04_theoph_subject_05,population,one_compartment,Subj_05,theoph_subject_05,319.956,54.6,0.2,7.1872358322143555,7466.802183553311,7467.323963795253,3,11,1,False,46,population_nosigma0
LOO_04_theoph_subject_05,population,one_compartment,Subj_05,theoph_subject_05,319.956,54.6,0.3,7.1872358322143555,9423.564008626032,9264.69889721072,4,11,1,False,46,population_nosigma0
LOO_04_theoph_subject_05,population,one_compartment,Subj_05,theoph_subject_05,319.956,54.6,0.45,7.1872358322143555,8.877538077016677,8.877211079637625,5,11,1,False,46,population_nosigma0
LOO_04_theoph_subject_05,population,one_compartment,Subj_05,theoph_subject_05,319.956,54.6,0.55,7.1872358322143555,2.514936754420825,2.5148482916574966,7,11,1,False,46,population_nosigma0
LOO_04_theoph_subject_05,population,one_compartment,Subj_05,theoph_subject_05,319.956,54.6,0.75,7.1872358322143555,1.2251742970332644,1.225177176834675,9,11,1,False,46,population_nosigma0
LOO_04_theoph_subject_05,population,one_compartment,Subj_05,theoph_subject_05,319.956,54.6,1.0,7.1872358322143555,1.2239517888307179,1.2239517889800462,11,11,1,False,46,population_nosigma0
LOO_04_theoph_subject_05,population,two_compartment,Subj_05,theoph_subject_05,319.956,54.6,0.1,17.097671508789062,40.11533196619135,40.57066085243672,2,11,1,False,46,population_nosigma0
LOO_04_theoph_subject_05,population,two_compartment,Subj_05,theoph_subject_05,319.956,54.6,0.2,17.097671508789062,17.08713138741822,17.08713193664603,3,11,1,False,46,population_nosigma0
LOO_04_theoph_subject_05,population,two_compartment,Subj_05,theoph_subject_05,319.956,54.6,0.3,17.097671508789062,17.086621465871236,17.086621702805687,4,11,1,False,46,population_nosigma0
LOO_04_theoph_subject_05,population,two_compartment,Subj_05,theoph_subject_05,319.956,54.6,0.45,17.097671508789062,17.086621453979607,17.08662148891571,5,11,1,False,46,population_nosigma0
LOO_04_theoph_subject_05,population,two_compartment,Subj_05,theoph_subject_05,319.956,54.6,0.55,17.097671508789062,17.08662144760588,17.08662148876011,7,11,1,False,46,population_nosigma0
LOO_04_theoph_subject_05,population,two_compartment,Subj_05,theoph_subject_05,319.956,54.6,0.75,17.097671508789062,17.086621448937557,17.086621484349635,9,11,1,False,46,population_nosigma0
LOO_04_theoph_subject_05,population,two_compartment,Subj_05,theoph_subject_05,319.956,54.6,1.0,17.097671508789062,17.086621447115817,17.086621484377357,11,11,1,False,46,population_nosigma0
LOO_05_theoph_subject_06,population,one_compartment,Subj_06,theoph_subject_06,320.0,80.0,0.1,9.496053695678711,8.574744124877583,16.433555074318193,2,11,1,False,46,population_nosigma0
LOO_05_theoph_subject_06,population,one_compartment,Subj_06,theoph_subject_06,320.0,80.0,0.2,9.496053695678711,2043.2037953427948,2042.1067300790346,3,11,1,False,46,population_nosigma0
LOO_05_theoph_subject_06,population,one_compartment,Subj_06,theoph_subject_06,320.0,80.0,0.3,9.496053695678711,2290.5970924218773,2289.6952090977315,4,11,1,False,46,population_nosigma0
LOO_05_theoph_subject_06,population,one_compartment,Subj_06,theoph_subject_06,320.0,80.0,0.45,9.496053695678711,1.2874618584734878,1.2874714987381113,5,11,1,False,46,population_nosigma0
LOO_05_theoph_subject_06,population,one_compartment,Subj_06,theoph_subject_06,320.0,80.0,0.55,9.496053695678711,0.821477474938792,0.8214718467245988,7,11,1,False,46,population_nosigma0
LOO_05_theoph_subject_06,population,one_compartment,Subj_06,theoph_subject_06,320.0,80.0,0.75,9.496053695678711,0.24111620935841965,0.24111957094482506,9,11,1,False,46,population_nosigma0
LOO_05_theoph_subject_06,population,one_compartment,Subj_06,theoph_subject_06,320.0,80.0,1.0,9.496053695678711,0.22220365615455648,0.22220365631415676,11,11,1,False,46,population_nosigma0
LOO_05_theoph_subject_06,population,two_compartment,Subj_06,theoph_subject_06,320.0,80.0,0.1,3.473144769668579,4.531010399778695,16.022883393753315,2,11,1,False,46,population_nosigma0
LOO_05_theoph_subject_06,population,two_compartment,Subj_06,theoph_subject_06,320.0,80.0,0.2,3.473144769668579,3.279585790902442,3.279585698048536,3,11,1,False,46,population_nosigma0
LOO_05_theoph_subject_06,population,two_compartment,Subj_06,theoph_subject_06,320.0,80.0,0.3,3.473144769668579,3.246438765367962,3.246438627192227,4,11,1,False,46,population_nosigma0
LOO_05_theoph_subject_06,population,two_compartment,Subj_06,theoph_subject_06,320.0,80.0,0.45,3.473144769668579,3.2464032410664374,3.2464032353499785,5,11,1,False,46,population_nosigma0
LOO_05_theoph_subject_06,population,two_compartment,Subj_06,theoph_subject_06,320.0,80.0,0.55,3.473144769668579,3.2464032408836,3.2464032315416103,7,11,1,False,46,population_nosigma0
LOO_05_theoph_subject_06,population,two_compartment,Subj_06,theoph_subject_06,320.0,80.0,0.75,3.473144769668579,3.246403241876223,3.2464032366417985,9,11,1,False,46,population_nosigma0
LOO_05_theoph_subject_06,population,two_compartment,Subj_06,theoph_subject_06,320.0,80.0,1.0,3.473144769668579,3.19970299139772,3.1997036725477765,11,11,1,False,46,population_nosigma0
LOO_06_theoph_subject_07,population,one_compartment,Subj_07,theoph_subject_07,319.77,64.6,0.1,4.925339221954346,1.2720276734269513,20.761645369913136,2,11,1,False,46,population_nosigma0
LOO_06_theoph_subject_07,population,one_compartment,Subj_07,theoph_subject_07,319.77,64.6,0.2,4.925339221954346,1455.8918611348354,1431.0859661825332,3,11,1,False,46,population_nosigma0
LOO_06_theoph_subject_07,population,one_compartment,Subj_07,theoph_subject_07,319.77,64.6,0.3,4.925339221954346,1721.807582251339,1693.4341020169159,4,11,1,False,46,population_nosigma0
LOO_06_theoph_subject_07,population,one_compartment,Subj_07,theoph_subject_07,319.77,64.6,0.45,4.925339221954346,0.3704983555735905,0.3704774472848173,5,11,1,False,46,population_nosigma0
LOO_06_theoph_subject_07,population,one_compartment,Subj_07,theoph_subject_07,319.77,64.6,0.55,4.925339221954346,0.4106794467973626,0.41068855576341096,7,11,1,False,46,population_nosigma0
LOO_06_theoph_subject_07,population,one_compartment,Subj_07,theoph_subject_07,319.77,64.6,0.75,4.925339221954346,0.14750169853263842,0.14750240469276457,9,11,1,False,46,population_nosigma0
LOO_06_theoph_subject_07,population,one_compartment,Subj_07,theoph_subject_07,319.77,64.6,1.0,4.925339221954346,0.0905961078431127,0.09059610784354401,11,11,1,False,46,population_nosigma0
LOO_06_theoph_subject_07,population,two_compartment,Subj_07,theoph_subject_07,319.77,64.6,0.1,5.193930625915527,14.982491281111102,20.075183610963794,2,11,1,False,46,population_nosigma0
LOO_06_theoph_subject_07,population,two_compartment,Subj_07,theoph_subject_07,319.77,64.6,0.2,5.193930625915527,4.931768563735255,4.931767215501502,3,11,1,False,46,population_nosigma0
LOO_06_theoph_subject_07,population,two_compartment,Subj_07,theoph_subject_07,319.77,64.6,0.3,5.193930625915527,4.836657220061181,4.836657126548085,4,11,1,False,46,population_nosigma0
LOO_06_theoph_subject_07,population,two_compartment,Subj_07,theoph_subject_07,319.77,64.6,0.45,5.193930625915527,4.83606811643266,4.836068057512959,5,11,1,False,46,population_nosigma0
LOO_06_theoph_subject_07,population,two_compartment,Subj_07,theoph_subject_07,319.77,64.6,0.55,5.193930625915527,4.8360678526645335,4.836067857314034,7,11,1,False,46,population_nosigma0
LOO_06_theoph_subject_07,population,two_compartment,Subj_07,theoph_subject_07,319.77,64.6,0.75,5.193930625915527,4.836067852533371,4.836067853828626,9,11,1,False,46,population_nosigma0
LOO_06_theoph_subject_07,population,two_compartment,Subj_07,theoph_subject_07,319.77,64.6,1.0,5.193930625915527,4.836067852186483,4.836067856678407,11,11,1,False,46,population_nosigma0
LOO_07_theoph_subject_08,population,one_compartment,Subj_08,theoph_subject_08,319.365,70.5,0.1,1.0336639881134033,6.189525624451053,18.58317049894867,2,11,1,False,46,population_nosigma0
LOO_07_theoph_subject_08,population,one_compartment,Subj_08,theoph_subject_08,319.365,70.5,0.2,1.0336639881134033,17.16948359761194,19.649490861914202,3,11,1,False,46,population_nosigma0
LOO_07_theoph_subject_08,population,one_compartment,Subj_08,theoph_subject_08,319.365,70.5,0.3,1.0336639881134033,536.3125565735535,536.2445139430251,4,11,1,False,46,population_nosigma0
LOO_07_theoph_subject_08,population,one_compartment,Subj_08,theoph_subject_08,319.365,70.5,0.45,1.0336639881134033,3.3922262506944407,3.3922511109529654,5,11,1,False,46,population_nosigma0
LOO_07_theoph_subject_08,population,one_compartment,Subj_08,theoph_subject_08,319.365,70.5,0.55,1.0336639881134033,0.6324107461371853,0.632403638624366,7,11,1,False,46,population_nosigma0
LOO_07_theoph_subject_08,population,one_compartment,Subj_08,theoph_subject_08,319.365,70.5,0.75,1.0336639881134033,0.3349788439918809,0.33497904182955035,9,11,1,False,46,population_nosigma0
LOO_07_theoph_subject_08,population,one_compartment,Subj_08,theoph_subject_08,319.365,70.5,1.0,1.0336639881134033,0.3348500780968299,0.3348500781298228,11,11,1,False,46,population_nosigma0
LOO_07_theoph_subject_08,population,two_compartment,Subj_08,theoph_subject_08,319.365,70.5,0.1,5.720778942108154,12.284707899401132,11.252280422034959,2,11,1,False,46,population_nosigma0
LOO_07_theoph_subject_08,population,two_compartment,Subj_08,theoph_subject_08,319.365,70.5,0.2,5.720778942108154,8.723322747346693,8.626722990899331,3,11,1,False,46,population_nosigma0
LOO_07_theoph_subject_08,population,two_compartment,Subj_08,theoph_subject_08,319.365,70.5,0.3,5.720778942108154,5.713662347063754,5.713662362499196,4,11,1,False,46,population_nosigma0
LOO_07_theoph_subject_08,population,two_compartment,Subj_08,theoph_subject_08,319.365,70.5,0.45,5.720778942108154,5.713662347615311,5.713667585588762,5,11,1,False,46,population_nosigma0
LOO_07_theoph_subject_08,population,two_compartment,Subj_08,theoph_subject_08,319.365,70.5,0.55,5.720778942108154,5.713662347049768,5.71366234742943,7,11,1,False,46,population_nosigma0
LOO_07_theoph_subject_08,population,two_compartment,Subj_08,theoph_subject_08,319.365,70.5,0.75,5.720778942108154,5.713662347072965,5.713662370111532,9,11,1,False,46,population_nosigma0
LOO_07_theoph_subject_08,population,two_compartment,Subj_08,theoph_subject_08,319.365,70.5,1.0,5.720778942108154,5.713662346906232,5.71366235029312,11,11,1,False,46,population_nosigma0
LOO_08_theoph_subject_09,population,one_compartment,Subj_09,theoph_subject_09,267.84000000000003,86.4,0.1,9.710938453674316,4.7305635436601525,15.340285838219,2,11,1,False,46,population_nosigma0
LOO_08_theoph_subject_09,population,one_compartment,Subj_09,theoph_subject_09,267.84000000000003,86.4,0.2,9.710938453674316,10.373482149363438,0.9464362517900959,3,11,1,False,46,population_nosigma0
LOO_08_theoph_subject_09,population,one_compartment,Subj_09,theoph_subject_09,267.84000000000003,86.4,0.3,9.710938453674316,10.891038511829322,10.891030456447531,4,11,1,False,46,population_nosigma0
LOO_08_theoph_subject_09,population,one_compartment,Subj_09,theoph_subject_09,267.84000000000003,86.4,0.45,9.710938453674316,3.1676846820373075,3.1676533187654727,5,11,1,False,46,population_nosigma0
LOO_08_theoph_subject_09,population,one_compartment,Subj_09,theoph_subject_09,267.84000000000003,86.4,0.55,9.710938453674316,0.28547424424547124,0.28546737836468195,7,11,1,False,46,population_nosigma0
LOO_08_theoph_subject_09,population,one_compartment,Subj_09,theoph_subject_09,267.84000000000003,86.4,0.75,9.710938453674316,0.23003818420611044,0.23003736275803507,9,11,1,False,46,population_nosigma0
LOO_08_theoph_subject_09,population,one_compartment,Subj_09,theoph_subject_09,267.84000000000003,86.4,1.0,9.710938453674316,0.22625944686108568,0.22625944706122486,11,11,1,False,46,population_nosigma0
LOO_08_theoph_subject_09,population,two_compartment,Subj_09,theoph_subject_09,267.84000000000003,86.4,0.1,11.044949531555176,10.962020156292931,10.962020162214515,2,11,1,False,46,population_nosigma0
LOO_08_theoph_subject_09,population,two_compartment,Subj_09,theoph_subject_09,267.84000000000003,86.4,0.2,11.044949531555176,10.9620201473681,10.96202017304161,3,11,1,False,46,population_nosigma0
LOO_08_theoph_subject_09,population,two_compartment,Subj_09,theoph_subject_09,267.84000000000003,86.4,0.3,11.044949531555176,10.96202014927336,10.96202017304613,4,11,1,False,46,population_nosigma0
LOO_08_theoph_subject_09,population,two_compartment,Subj_09,theoph_subject_09,267.84000000000003,86.4,0.45,11.044949531555176,10.962020146800096,10.962020173041601,5,11,1,False,46,population_nosigma0
LOO_08_theoph_subject_09,population,two_compartment,Subj_09,theoph_subject_09,267.84000000000003,86.4,0.55,11.044949531555176,10.96202014703733,10.962020173011991,7,11,1,False,46,population_nosigma0
LOO_08_theoph_subject_09,population,two_compartment,Subj_09,theoph_subject_09,267.84000000000003,86.4,0.75,11.044949531555176,10.962020146177558,10.962020172505994,9,11,1,False,46,population_nosigma0
LOO_08_theoph_subject_09,population,two_compartment,Subj_09,theoph_subject_09,267.84000000000003,86.4,1.0,11.044949531555176,10.962020145786338,10.962020172974826,11,11,1,False,46,population_nosigma0
LOO_09_theoph_subject_10,population,one_compartment,Subj_10,theoph_subject_10,320.1,58.2,0.1,1.3993315696716309,18.684089413406806,42.08884196777149,2,11,1,False,46,population_nosigma0
LOO_09_theoph_subject_10,population,one_compartment,Subj_10,theoph_subject_10,320.1,58.2,0.2,1.3993315696716309,15.129965621352152,13.096345679625687,3,11,1,False,46,population_nosigma0
LOO_09_theoph_subject_10,population,one_compartment,Subj_10,theoph_subject_10,320.1,58.2,0.3,1.3993315696716309,17.908289526579168,17.90829097985846,4,11,1,False,46,population_nosigma0
LOO_09_theoph_subject_10,population,one_compartment,Subj_10,theoph_subject_10,320.1,58.2,0.45,1.3993315696716309,11.110891816203011,11.110897711856621,5,11,1,False,46,population_nosigma0
LOO_09_theoph_subject_10,population,one_compartment,Subj_10,theoph_subject_10,320.1,58.2,0.55,1.3993315696716309,1.0453054413805807,1.045314498049052,7,11,1,False,46,population_nosigma0
LOO_09_theoph_subject_10,population,one_compartment,Subj_10,theoph_subject_10,320.1,58.2,0.75,1.3993315696716309,0.1269827026242597,0.12698282296477206,9,11,1,False,46,population_nosigma0
LOO_09_theoph_subject_10,population,one_compartment,Subj_10,theoph_subject_10,320.1,58.2,1.0,1.3993315696716309,0.12285474971308315,0.12285474971308591,11,11,1,False,46,population_nosigma0
LOO_09_theoph_subject_10,population,two_compartment,Subj_10,theoph_subject_10,320.1,58.2,0.1,15.120816230773926,26.973732367985573,29.385692771991298,2,11,1,False,46,population_nosigma0
LOO_09_theoph_subject_10,population,two_compartment,Subj_10,theoph_subject_10,320.1,58.2,0.2,15.120816230773926,15.116408265653531,15.11640684668567,3,11,1,False,46,population_nosigma0
LOO_09_theoph_subject_10,population,two_compartment,Subj_10,theoph_subject_10,320.1,58.2,0.3,15.120816230773926,15.1163446763525,15.116344755037176,4,11,1,False,46,population_nosigma0
LOO_09_theoph_subject_10,population,two_compartment,Subj_10,theoph_subject_10,320.1,58.2,0.45,15.120816230773926,15.116344666562044,15.116344756190012,5,11,1,False,46,population_nosigma0
LOO_09_theoph_subject_10,population,two_compartment,Subj_10,theoph_subject_10,320.1,58.2,0.55,15.120816230773926,15.11634466628642,15.116344756073483,7,11,1,False,46,population_nosigma0
LOO_09_theoph_subject_10,population,two_compartment,Subj_10,theoph_subject_10,320.1,58.2,0.75,15.120816230773926,15.116344662012494,15.11634476300556,9,11,1,False,46,population_nosigma0
LOO_09_theoph_subject_10,population,two_compartment,Subj_10,theoph_subject_10,320.1,58.2,1.0,15.120816230773926,15.116344662746942,15.116344741031211,11,11,1,False,46,population_nosigma0
LOO_10_theoph_subject_11,population,one_compartment,Subj_11,theoph_subject_11,319.8,65.0,0.1,4.225711345672607,14.155473357055065,1.691223921022506,2,11,1,False,46,population_nosigma0
LOO_10_theoph_subject_11,population,one_compartment,Subj_11,theoph_subject_11,319.8,65.0,0.2,4.225711345672607,4.417415002197644,0.3987398378509485,3,11,1,False,46,population_nosigma0
LOO_10_theoph_subject_11,population,one_compartment,Subj_11,theoph_subject_11,319.8,65.0,0.3,4.225711345672607,8.074920968400345,8.07492035877851,4,11,1,False,46,population_nosigma0
LOO_10_theoph_subject_11,population,one_compartment,Subj_11,theoph_subject_11,319.8,65.0,0.45,4.225711345672607,2.171429029855945,2.1714303145215914,5,11,1,False,46,population_nosigma0
LOO_10_theoph_subject_11,population,one_compartment,Subj_11,theoph_subject_11,319.8,65.0,0.55,4.225711345672607,0.09181381396501363,0.09181308342376,7,11,1,False,46,population_nosigma0
LOO_10_theoph_subject_11,population,one_compartment,Subj_11,theoph_subject_11,319.8,65.0,0.75,4.225711345672607,0.039388006131477464,0.03938796954656418,9,11,1,False,46,population_nosigma0
LOO_10_theoph_subject_11,population,one_compartment,Subj_11,theoph_subject_11,319.8,65.0,1.0,4.225711345672607,0.038746928028908216,0.038746928035667254,11,11,1,False,46,population_nosigma0
LOO_10_theoph_subject_11,population,two_compartment,Subj_11,theoph_subject_11,319.8,65.0,0.1,7.201086044311523,6.71851999902174,6.718519987832556,2,11,1,False,46,population_nosigma0
LOO_10_theoph_subject_11,population,two_compartment,Subj_11,theoph_subject_11,319.8,65.0,0.2,7.201086044311523,6.718519996360012,6.718519992072123,3,11,1,False,46,population_nosigma0
LOO_10_theoph_subject_11,population,two_compartment,Subj_11,theoph_subject_11,319.8,65.0,0.3,7.201086044311523,6.718519999552621,6.718519991557314,4,11,1,False,46,population_nosigma0
LOO_10_theoph_subject_11,population,two_compartment,Subj_11,theoph_subject_11,319.8,65.0,0.45,7.201086044311523,6.718519999303253,6.718519992625102,5,11,1,False,46,population_nosigma0
LOO_10_theoph_subject_11,population,two_compartment,Subj_11,theoph_subject_11,319.8,65.0,0.55,7.201086044311523,6.718519999517157,6.7185199957197845,7,11,1,False,46,population_nosigma0
LOO_10_theoph_subject_11,population,two_compartment,Subj_11,theoph_subject_11,319.8,65.0,0.75,7.201086044311523,6.7185199997698595,6.718519998652497,9,11,1,False,46,population_nosigma0
LOO_10_theoph_subject_11,population,two_compartment,Subj_11,theoph_subject_11,319.8,65.0,1.0,7.201086044311523,6.699721831947076,6.69972183953129,11,11,1,False,46,population_nosigma0
LOO_11_theoph_subject_12,population,one_compartment,Subj_12,theoph_subject_12,320.65,60.5,0.1,2.0310747623443604,38.753499056757846,38.31097363312869,2,11,1,False,46,population_nosigma0
LOO_11_theoph_subject_12,population,one_compartment,Subj_12,theoph_subject_12,320.65,60.5,0.2,2.0310747623443604,4061.049507299862,3990.745902976331,3,11,1,False,46,population_nosigma0
LOO_11_theoph_subject_12,population,one_compartment,Subj_12,theoph_subject_12,320.65,60.5,0.3,2.0310747623443604,4492.134094581336,4489.463491851703,4,11,1,False,46,population_nosigma0
LOO_11_theoph_subject_12,population,one_compartment,Subj_12,theoph_subject_12,320.65,60.5,0.45,2.0310747623443604,1.4517768486591562,1.4517418658535213,5,11,1,False,46,population_nosigma0
LOO_11_theoph_subject_12,population,one_compartment,Subj_12,theoph_subject_12,320.65,60.5,0.55,2.0310747623443604,1.2543804118689175,1.254394942479797,7,11,1,False,46,population_nosigma0
LOO_11_theoph_subject_12,population,one_compartment,Subj_12,theoph_subject_12,320.65,60.5,0.75,2.0310747623443604,0.27852357669879146,0.2785212995132715,9,11,1,False,46,population_nosigma0
LOO_11_theoph_subject_12,population,one_compartment,Subj_12,theoph_subject_12,320.65,60.5,1.0,2.0310747623443604,0.2553815650793635,0.2553815651253389,11,11,1,False,46,population_nosigma0
LOO_11_theoph_subject_12,population,two_compartment,Subj_12,theoph_subject_12,320.65,60.5,0.1,14.992226600646973,33.5816342211555,39.12524237844405,2,11,1,False,46,population_nosigma0
LOO_11_theoph_subject_12,population,two_compartment,Subj_12,theoph_subject_12,320.65,60.5,0.2,14.992226600646973,14.879005435052461,14.879006523546392,3,11,1,False,46,population_nosigma0
LOO_11_theoph_subject_12,population,two_compartment,Subj_12,theoph_subject_12,320.65,60.5,0.3,14.992226600646973,14.86290053749516,14.86290047154481,4,11,1,False,46,population_nosigma0
LOO_11_theoph_subject_12,population,two_compartment,Subj_12,theoph_subject_12,320.65,60.5,0.45,14.992226600646973,14.86289859515772,14.86289863698446,5,11,1,False,46,population_nosigma0
LOO_11_theoph_subject_12,population,two_compartment,Subj_12,theoph_subject_12,320.65,60.5,0.55,14.992226600646973,14.862898590525322,14.862898638987389,7,11,1,False,46,population_nosigma0
LOO_11_theoph_subject_12,population,two_compartment,Subj_12,theoph_subject_12,320.65,60.5,0.75,14.992226600646973,14.862898590680839,14.862898645408272,9,11,1,False,46,population_nosigma0
LOO_11_theoph_subject_12,population,two_compartment,Subj_12,theoph_subject_12,320.65,60.5,1.0,14.992226600646973,14.862898588021402,14.862898637796748,11,11,1,False,46,population_nosigma0
